transliteration,translation,source_file
6 pi-ri-kà-ni ? sa lu-bu-us şiı-ha-ri 8 lu me-nu-ni-a-nu lu i-bi/pi-§u 9 lu pi!-ri-kà-ni sa a-na 1° lu-bu-§i-im da-nu-ni-ma 11 pé-lu-tdm ii-bu-lu-ni,"pirikannû being/for garments for servants, or m., or éb/yisû, or pirikannû which are strong enough to be used as clothing and which have a reddish colour(? ?)",akkadian-translation.csv
"a-di zıa-ya-an si -qi-nim sa tat- f pu-ra-ni-ma 6 um-ma a-ta-ma "" ki-ma sa-ld-am KÙ . BABBAR -i-a 7 I GÎN if qd-qd-da-ti-ma 8 sa-ld-mi-im ('ß-sa 9 lıa-ya-an siı-qi-nim 1° i-pd-té-ma a-ma-lâ 11 té-ey-ti-kà né-fid-âs","as for the ""narrow track"" about which you wrote as follows: ""Try your best to save every possible shekel of my silver and to save the ""head-tax"", when the ""narrow track"" opens, we will act according to your instruction""",akkadian-translation.csv
2 GÛ AN . NA 6 1/2 ma-na . TA 7 mu-ta-tum wa-at-ra 8 pci-ni-um 2`z 4 GÛ 9 Io nia-na . TA mu-ta-tum 1° wa-at-ra 11 sa §é-ep A 12 sa iz-ku-ni,"in the first place 2 talents of tin, with the half-packs (containing) each 61/2 minas (of tin) extra; furthermore 4 talents of tin, the half-packs containing each 10 minas extra; transported by A and available after clearance",akkadian-translation.csv
I TITG kà-db-ta-am 9 a-na A-fur ma-lik 1° i-na pd-ni-tim 11 ha-ra-ni-§u a-di-in-[s]u-um 12 KÛ . BABBAR--i-su mi-ma 13 it-la ub-ld-am,"I gave I heavy textile to Ashur-mâlik at the time of his previous caravan trip, but he has not yet brought me its proceeds in silver",akkadian-translation.csv
e pk-da-am a-na 1 ° «a» li-tab-§i-a sa-ma-«ma-»am,buy me one ê attum to dress myself,akkadian-translation.csv
s-nu-tdm ra-ki-is-ma 9 bi-ld-at e--ma-ri kà-i--in-ma 1° ma-la e-ma-ru i--na-si-s-ni 11 ù té-er-ta--kà ar-hi-is 12 ii-li-kam-ma,"bind on the harness, fasten the ass-loads and then let information come to me how much the asses are carrying",akkadian-translation.csv
3 TI G kam-sû-tim SIG5 7 TI G 8 ku-ta-ni sU . NIGIN2 ID Ti7G sa a-§i-ti-kà 9 a-na Ku-lu-ma-a ma-ah-ri-a 1° ta-dß-qi-id-ma na-czs-a-kum 11 I ri-ik-sà-am sa hu-sci-ri sa a-f si-ti-kà 12 dUTU tcik-lci-ku ÎR-ad-kà 13 [n]a-d§-a-kum,"7 kamsu-textiles of good quality, 3 kutcznu-textiles, in all io textiles of your wife (which) she entrusted to Kulumâ in my presence, and which he is bringing you. One bundle of haematite(?) from your wife Sama§-taklâku, your slave, is bringing you",akkadian-translation.csv
i-ma-du-du-m[a] 8 [i]-na sa-la-âk 9 ku-ma ba-ti-iq KÙ . BABBAR 1° [i]-şa-he-er ku-ma 11 i-na ka-la-ak 12 wa-ta-ar KÙ . BABBAR i-té-er,"they will measure out three ""plots"" b40) and if there prove to be less than three ""plots"", the silver diminishes ; but if there are more than three, the silver in- creases 541).",akkadian-translation.csv
i-na I GT 3o ma-na KÙ . BABBAR 1° ka DUB-pd-am ka A 11 B ih-ri-mu 12 AN . NA ù T[JG . xI . A ka GN ... 15 ... lu-q2ı-tâm 16 sa GN ki-ma 17 na-âk-û-ni i-sa-he-er,"from the I talent 3o minas of silver, for which B (the creditor) drew up a valid deed of loan of A, tin and textiles in GN as soon as one brings this merchandise from GN, it will be deducted",akkadian-translation.csv
a-na 1° 2 ma-na KÙ . BABBAR sa tù-§g-bi-id-ni ki-ma §i-mu-um sa a-ki-di-e id-ap-tù-ni lâ ıi-§é-ba-id-kum,"for the 2 minas of silver which you sent me I have, since the trade in Akkadian textiles has been affected, not sent you (any of them)",akkadian-translation.csv
1° 'rec.- ti a-na si-mi-im ld-§u,textiles are not for sale,akkadian-translation.csv
3 °Rasur° TOG sa A-Id-dl-e r*qcn -*dum *wa-ar-su-tum al-qé,I have received 3 Akkadian textiles along with the unbleached textiles.,akkadian-translation.csv
9 ù 5 GIN a-ha-ma 1° fit-ut-ma ub-lam,and the same man moreover separately another 5 shekels,akkadian-translation.csv
iß-tù na-áß-pè-er-t°a-/kà˘ lá ta-lá-kà-ni,since no letter of yours arrives here.,akkadian-translation.csv
mì-nam ßa ta-áß-ta-n[a]-/pá-r°a-ni˘ um-ma a-ta-ma,What is the purpose of constantly writing me as follows:,akkadian-translation.csv
ba-pí-ra-am ßa ßa-ku-ul-tim ú ku-<ku>-ba-/tim É °DAM˘.GÀR ni-il5-qé-/ma a-na DAM Ili5-ba-ni ni-dí-in,From a merchant we borrowed beer bread for the banquet and for drinking flasks and we gave them to Il£È-b£ani’s wife.,akkadian-translation.csv
[x x iß-tí] I-na-a-a *°†á-hi-a˘*-ßu-ma a-na kà-ri-im li-im-ßu-ur-ßu,"confront him with Inn£aya, so that the latter can coax him along to the k£arum.",akkadian-translation.csv
a-na °Ku-li-a˘ A-ßur-lá-ma-sí ù A-ßur-lá-ma-sí-ma qí-bi-ma um-ma A-ßur-e-mu-qí,"To Kuliya, Aßßur-lamass£È and Aßßur-lamass£È, thus says Aßßur-em£uq£È,",akkadian-translation.csv
a-wa-tí-kà : ßa É Sà-ba-sí-/a qá-du-um : ßa u4-mu-/kà ßa-ak-nu-ni : ni-ig- °mu˘-ur-ma,"We have settled your affair concerning Sabasiya's house, including the setting of a term for you.",akkadian-translation.csv
a-Ωé-er KÙ.B. ù KÙ.KI ßa t[é-zi?]-bu 1 1/3 ma-na iß-tí °DÙG˘-A-ßur DUMU DÙG-ì-lí 1 ma-na-um 7 G◊N a-na Ωí-ib-tim ni-il5-qé-ma,"And in addition to the silver and gold you had left behind we borrowed 1 1/3 mina from Ê£ab-Aßßur, son of Ê£ab-il£È, at an interest of 7 shekels per mina.",akkadian-translation.csv
a-na pá-ni-/ßu a-°le˘ : ta-mu-ru-ßu-ni tù-ta-ma-ßu,"‘Henceforth, wherever you see him you will make him swear the oath’.",akkadian-translation.csv
a-hu-um pá-ni a-°hi˘-im ú-lá ú-ba-al,and people shall not spare each other!,akkadian-translation.csv
[ku-nu]-ki ßa a-hi-kà [IG]I A-ßùr-lá-ma-sí DUMU A-ßur-ma-lik °ù˘ Íu-Iß-ha-ra DUMU I-na-Sú-in [l]i-me-e áp-qí-da-kum,"In the presence of Aßßur-lamass£È, son of Aßßur-m£alik, and Í£u-Ißhara, son of Enna-Suen, the lim£u, I entrusted it to you under the seals of your brother.",akkadian-translation.csv
ù ma-ah-ri-ßu-nu-°ma KÙ.B.˘ ku-nu-ki °ßa˘ a-h[i-a áp-qí-da-kum],And it was in their presence that I entrusted you the silver with my brother’s seals’.”,akkadian-translation.csv
i-na 1/3 ma-na 4 G√N [KÙ.B.] ßí-im am-tí-im ßa a-n[a] A-ta-na-ah : a-dí-nu-ßu-ni 4 G√N KÙ.B. a-na A-°hu˘-[qar?] i-dí-in,"Of 24 shekels of [silver], the price of the slave-girl, which I had given to Atanah, he gave 4 shekels of silver to Ah[u-waqar]?",akkadian-translation.csv
7 G√N KÙ.B. °Ωa-ru˘-pá-am i-li-bi4 Íu-Ku-bi4-im DUMU Íu-Be-lúm Be-lú-ba-ni i-ßu,"7 shekels of refined silver due by Íu-K£ubum, son of Íu-B£elum, to B£elum-b£ani,",akkadian-translation.csv
30 5/6 °ma-na˘ sà-am-támsic ßa ba-ri-ni 5 ma-na 6 G√N KÙ˘.B. °it˘-ba-al,"30 5/6 minas of carnelian, our joint property, cost 5 minas 5 shekels of silver.",akkadian-translation.csv
ßa-ni-a-tù i-pì-ßu ßa-°ak˘-na,he has evil intentions!,akkadian-translation.csv
ni-ßa-me-ma 30 ANÍE Tù-i-mu-um DUMU *A-°ßùr˘ki * ha-ra-an sú-qí-nim ú-ß[é-ri-b]a-am,"We hear that an Assyrian, T£u®imum, has brought in 30 donkeys by way of the sukinnu-road.",akkadian-translation.csv
1 ma-na-um 3 G√N KÙ.B. ßa-du-[a-sú] Ωa-áb-[ta-m]a KÙ.B. °ß˘a-áß-qí-lá-ßu-°ma˘ Ku-li-a i-pá-ni-ßu-<<nu>> li-ni-iß-a-am,Charge everone his ßaddu®utu-tax at a rate of 3 shekels of silver per mina. and make him pay the silver and let Kuliya personally! bring it here.,akkadian-translation.csv
[a-na ◊-lí-ba-n]i °ù Ku-li˘-[a] [qí-b]i-ma um-ma A-ß[ùr-e-nam-ma],"To Il£È-b£ani and Kuliya, say, this is what Aßßur-ennam says:",akkadian-translation.csv
[a-na Wa-a]h-ßu-ßa-na a-na °Ωé-ri-kà˘ [ub-lam]-ma um-ma a-na-ku-m[a] a-ma KÙ.B. [i-na] ku-nu-ki ßa Ku-lia áp-qí-da-ku-/um,I brought it to Wahßußana to you and I said: ‘Herewith I entrust to you silver under the seals of Kuliya.’,akkadian-translation.csv
a-na-ku-ma A-ßù[r-lá-ma-/sí] ú Íu-Iß-ha-ra li-mu-ú ù ma-ah-ri-ßu-nu-°ma KÙ.B.˘ áp-qí-da-kum,"I answered: ‘Aßßur-lamass£È and Íu-Ißhara were l£Èm£u, and it was in their presence that I entrusted you the silver’.’",akkadian-translation.csv
µ-Ωur-ßa-Ißtar DUMU Da-da-a i-na Né-eh-ri-a aΩ-ba-at-/ma 1 ma-na ßí-a-ma-tí-ßu a-na 4 ma-na KÙ.B. i-tù-ur-ßu-ma a-wa-at-ni *°i˘-na-me-er,"I seized UΩur-ßa-Ißtar, son of Dadaya, in Nehriya and merchandise of his worth 1 mina had become 4 minas of silver for him and so our affair was cleared up.",akkadian-translation.csv
1 1/3 ma-na KÙ.B. i-°na?˘ KÙ.B.-áp A-bu-ßa-lim DUMU E-na-Su-in ßa Hu-ut*-[x (x)] a-na A-na-ah-ì-lí DUMU DÙG-Ωí-lá-A-ßur i-dí-nu-ma †up-pu-ßu ih-ri-mu-ma i-n[a] †up-pí-im ßa ku-nu-uk A-na-ah-ì-lí lu ßu-mì A-b[u-ßa]-/lim ú-du-ú : lu ßu-mì DAM.GÀR ú-du-ú KÙ.B. ú Ωí-ba-sú ßa †up-pí-im ßu-wa-tí A-ßur-ma-lik DUMU Ku-ra-ra Ku-li-a DUMU A-lá-bi4-im ù Íu-Be-lim DUMU Pu-qí-dí ßa ki-ma A-ßur-DÙG DUMU A-bu-ßa-lim ßa-bu-ú,"1 1/3 mina of silver from the silver of Abu-ßalim, son of Ennam-Suen, which Hut..... gave to Anah-il£È, son of Ê£ab-Ωilli-Aßßur, and for which he drew up a valid record and in which tablet, sealed by Anah-il£È, either the name of Abu-ßalim or simply “the creditor” is indicated - with the silver and the interest on it, of the afore-mentioned tablet, Aßßur-m£alik, son of Kurara, Kuliya, son of Ali-abum, and Íu-B£elum, son of Puqidi, the representatives of Aßßur-†£ab, son of Abu-ßalim, are satisfied.",akkadian-translation.csv
10-tim ú ßa-du-a-tám li-°qé˘-a-ma ßa ba-ri-ni li-li-kam-ma G√R ßa A-ßur li-it-ma-ma ßa-du-a-tám nu-ta-ar-ßu-um,still take the tithe and the ßaddu®utu-tax and let one who is one of us come here to swear an oath by Aßßur’s dagger then we will give him back the ßaddu®utu-tax.,akkadian-translation.csv
i®-da-ma [IGI Ku]-li-a ßí-ip-ri-ni G√R ßa A-ßur ßé-Ωí-a-ma a-hu-um pá-ni a-°hi˘-im ú-lá ú-ba-al,Do not fail to produce Aßßur’s dagger in the presence of Kuliya and people shall not spare each other!,akkadian-translation.csv
ma-ma-an ha-ra-/an sú-ki-nim e-ma-re sé-er-dam ú-ßé-r[i-ba]-ni-/ma a-ma-kam uß-té-bu-lu˘-ni lu wa-ßí-ib kà-ri-im 1 °ma˘-na-um 3 G√N KÙ.B. ßa-[áß-q]í-lá-ßu-ma Ku-li-a i-pá-ni-ßu li-ni-iß-a-am,"Whoever has brought in loaded donkeys via the sukinnu-road in order to do business over there, even when he is a resident of a k£arum, make him pay 3 shekels of silver per mina and let Kuliya personally bring it here.",akkadian-translation.csv
Éb'4-t°m sa ki-là-li-su-nu-ma i-là pi-nu ù i-sa-ru-ù a-na ba-ri-su-nu-ma,"The house belongs to both of them, and whether they become poor or rich, it belongs to both of them.",akkadian-translation.csv
a-na °I-dí-Ku˘-bi-im A-na-ah-ì-lí ú Puzur2-A-ßùr a-na A-na-ah-ì-/lí qí-bi-ma um-ma Ku-li-a-ma,"To Iddin-K£ubum, Anah-il£È, and Puzur-Aßßur, especially to Anah-il£È, thus says Kuliya:",akkadian-translation.csv
[a-na Wa-a]h-ßu-ßa-na a-na °Ωé-ri-kà˘ [ub-lam]-ma um-ma a-na-ku-ma a-ma KÙ.B. [i-na] ku-nu-ki ßa Ku-lia áp-qí-da-ku-um,I brought it to Wahßußana to you and I said: ‘Herewith I entrust to you silver under the seals of Kuliya.,akkadian-translation.csv
1 ma-na ßí-a-ma-tí-ßu a-na 4 ma-na KÙ.B. i-tù-ur-ßu-ma a-wa-at-ni *°i˘-na-me-er,and merchandise of his worth 1 mina had become 4 minas of silver for him and so our affair was cleared up.,akkadian-translation.csv
10-tim ú ßa-du-a-tám li-°qé˘-a-ma,still take the tithe and the ßaddu®utu-tax,akkadian-translation.csv
ma-ma-an ha-ra-an sú-ki-nim e-ma-re sé-er-dam ú-ßé-r[i-ba]-ni-ma a-ma-kam uß-té-bu-lu˘-ni lu wa-ßí-ib kà-ri-im 1 °ma˘-na-um 3 G√N KÙ.B. ßa-[áß-q]í-lá-ßu-ma,"Whoever has brought in loaded donkeys via the sukinnu-road in order to do business over there, even when he is a resident of a k£arum, make him pay 3 shekels of silver per mina",akkadian-translation.csv
lá-°ak-nu˘-uk-ma lu-<< ú>>-ßé-bi4-lá-k[i]-im,I will seal it and send it to you.,akkadian-translation.csv
1/2 ma-na 2 GIN KÙ BABBAR sa-ru-pà-am i-sé-er Su A-nim DUMU A-zu-za-a DAM.GARr°-nm i-hr,The merchant has 1/2 mina and 2 shekels of refined silver against Shu-Anum son of Azuza.,akkadian-translation.csv
in ITI GAN ZÜ.LUM.MA a4 20 GUR ina UNUGI° i-nam-din,"He will repay the dates, namely twenty kurrus, in the month Kislimu, in Uruk.",akkadian-translation.csv
GABA.RI °a4KI IB LUGAL ša Jipréti,a copy of a sealed royal administrative (state) document,akkadian-translation.csv
mì-nam ßa ta-áß-ta-n[a]-/pá-r°a-ni˘ um-ma a-ta-ma Ωú-ba-tí ha-am-ßa-at ßé-bi4-li-/i[m],What is the purpose of constantly writing me as follows: ‘Send me five textiles!’,akkadian-translation.csv
[a-na Wa-a]h-ßu-ßa-na a-na °Ωé-ri-kà˘ [ub-lam]-ma um-ma a-na-ku-m[a],I brought it to Wahßußana to you and I said:,akkadian-translation.csv
ù ma-ah-ri-ßu-nu-°ma KÙ.B.˘ áp-qí-da-kum,and it was in their presence that I entrusted you the silver.,akkadian-translation.csv
a-wa-at-ni *°i˘-na-me-er,and so our affair was cleared up.,akkadian-translation.csv
i-na 1/3 ma-na 4 G√N [KÙ.B.] ßí-im am-tí-im ßa a-n[a] A-ta-na-ah : a-dí-nu-ßu-ni 4 G√N KÙ.B. a-na A-°hu˘-[qar?] i-dí-in 12 L‰ 1/6 G√N [KÙ.B.] a-na Bé-lúm-ba-ni i-[dí-in],"Of 24 shekels of [silver], the price of the slave-girl, which I had given to Atanah, he gave 4 shekels of silver to Ahu-waqar; 11 5/6 shekels of silver he gave to B£elum-b£ani.",akkadian-translation.csv
a-na °Ku-li-a˘ A-ßur-lá-ma-sí ù A-ßur-lá-ma-sí-ma qí-bi-ma um-ma A-ßur-e-mu-qí a-na A-ßur-lá-ma-sí DUMU Puzur2-ì-lí qí-bi4-ma,"To Kuliya, Aßßur-lamass£È and Aßßur-lamass£È, thus says Aßßur-em£uq£È, to Aßßur-lamass£È, son of Puzur-il£È in particular:",akkadian-translation.csv
KÙ.B. °ß˘a-áß-qí-lá-ßu-°ma˘ Ku-li-a i-pá-ni-ßu-<<nu>> li-ni-iß-a-am,and make him pay the silver and let Kuliya personally! bring it here.,akkadian-translation.csv
um-ma ßu-ut-ma ßa-ku-ul bá-pí-ra-am ßa ßa-ku-ul-tim ú ku-<ku>-ba-tim É °DAM˘.GÀR ni-il5-qé-ma a-na DAM Ili5-ba-ni ni-dí-in,saying: ’All has been consumed’. From a merchant we borrowed beer bread for the banquet and for drinking flasks and we gave them to Il£È-b£ani’s wife.,akkadian-translation.csv
1 1/3 ma-na KÙ.B. i-°na?˘ KÙ.B.-áp A-bu-ßa-lim DUMU E-na-Su-in ßa Hu-ut*-[x (x)] a-na A-na-ah-ì-lí DUMU DÙG-Ωí-lá-A-ßur i-dí-nu-ma †up-pu-ßu ih-ri-mu-ma i-n[a] †up-pí-im ßa ku-nu-uk A-na-ah-ì-lí lu ßu-mì A-b[u-ßa]-/lim ú-du-ú : lu ßu-mì DAM.GÀR ú-du-ú KÙ.B. ú Ωí-ba-sú ßa †up-pí-im ßu-wa-tí A-ßur-ma-lik DUMU Ku-ra-ra Ku-li-a DUMU A-lá-bi4-im ù Íu-Be-lim DUMU Pu-qí-dí ßa ki-ma A-ßur-DÙG ßa-bu-ú,"1 1/3 mina of silver from the silver of Abu-ßalim, son of Ennam-Suen, which Hut..... gave to Anah-il£È, son of Ê£ab-Ωilli-Aßßur, and for which he drew up a valid record and in which tablet, sealed by Anah-il£È, either the name of Abu-ßalim or simply “the creditor” is indicated - with the silver and the interest on it of this tablet Aßßur-m£alik, son of Kurara, Kuliya, son of Al£abum, and Íu-B£elum, son of Puqidi, the representatives of Aßßur-†£ab, have been satisfied.",akkadian-translation.csv
ma-ma-an ha-ra-/an sú-ki-nim e-ma-re sé-er-dam ú-ßé-r[i-ba]-ni-/ma a-ma-kam uß-té-bu-lu˘-ni lu wa-ßí-ib kà-ri-im 1 °ma˘-na-um 3 G√N KÙ.B. ßa-áß-qí-lá-ßu-ma,"Whoever has brought in loaded donkeys via the narrow track in order to do business over there, even when he is a resident of a k£arum, make him pay 3 shekels of silver per mina",akkadian-translation.csv
1 ma-na-um 3 G√N KÙ.B. ßa-du-[a-sú] Ωa-áb-[ta-m]a KÙ.B. °ß˘a-áß-qí-lá-ßu-ma Ku-li-a i-pá-ni-ßu-<<nu>> li-ni-iß-a-am,Charge everybody his ßaddu®utu-tax at a rate of three shekels of silver per mina. and make them pay and let Kuliya personally bring it here.,akkadian-translation.csv
4 G√N KÙ.B. a-na A-°hu˘-[qar?] i-dí-in,he gave 4 shekels of silver to Ahu-waqar,akkadian-translation.csv
1 ma-na KÙ.B. ßí-°im 4?˘*1/2 ma-na AN.NA ßa Bé-lá-num DUMU Íu-Ku-bi4-im a-na Bé-lúm-ba-ni DUMU Íu-ra-ma i-hi-ib-<lu>-ma i-na tù-a-ri-ßu i-na Kà-ni-iß i-ßa-qú-lu A-ßùr-e-mu-qí a-hu-ßu DUMU Íu-ra-ma KÙ.B. il5-qé,"1 mina of silver, the price of 4? 1/2 minas of tin for which B£el£anum, son of Íu-K£ubum, had become indebted to B£elum-b£ani, the son of Íu-rama, and which he would pay upon his return from Kanesh - Aßßur-em£uq£È, his brother, son of Íu-rama, has received that silver.",akkadian-translation.csv
um-ma ßu-u[t]-/ma ú-ha-lá-qú-nu *GA ßa-ni-a-tù i-pì-ßu ßa-°ak˘-na,"He said: ‘He is destroying you….., he has evil intentions!’",akkadian-translation.csv
anse zun li-hu z°a mcc Zuzua,let Zuzua supervise the donkeys,akkadian-translation.csv
a-i-t -tim [s]a-wi ri '°sa te-zi -ba-ni,which are the bracelets that you left behind here?,akkadian-translation.csv
lum-ma wa-ak-lum-ma 2a-na Bu-zu-ta-a'ù Pu-su-ke-en 4qi-bi-ma 5a-na Bu-zu-ta-a 6qi-bi-ma 15 ma-na AN.NA 7ku-nu ki a : Su-Nu-nu 8ub-la-kum : si-im 9AN.NA-ki-a KÙ.B 1°se-bi-lam 11la ta-ba-ta-qam 12IGI A-sùr 13ù i-li-a 14a-kà-ra-ba-ku-nu-ti 15IGI A-sur-dUTU-si NU.BÀNDA 16IGI A-sür-i-mi-ti DUMU A-mur-DINGIR 17IGI A-sùr-en-nam 18DUMU En-um-A-sùr 19AN.NA a-na su-Nu-nu 20ap-oi-id.,"1-4Thus (said) the ruler, speak to Buzutâya and Pnsu-kén, 5-6to Buzutâya: 6""8Sù-Nunu brought 15 minas of tin under my seal to you. 8-10Send me the proceeds of my tin in silver. 11Do not deduct (anything). 12-14I shall pray for you (pl.) in front of Assur and my god. 15Assur-samsi the steward, 16Assur-imitti son of Amur-ili, and 17 18Assur ennam son of Ennum-Assur (were witnesses when) 19-201 entrusted the tin to S ù-Nunu.",akkadian-translation.csv
"a-na gam-ri-im 5ù hu-lu-qa-e sa ILLAT 61-li-a-lim ... 9a-na 30 ma-na ANNA '°sa Ku-na-a : a-na ILLAT ""i li a lim nu-du-a-e 12i-di-u qa-di IT I AT-ma '3a-na a-wi-ti-su '""i-za-su-um",For cost(s) and losses of the ellatum of Ili-Alum (...)- As for the 30 minas of tin about which Kunâya made a memorandum for the ellatum of Ili-Alum: (Elamma)• will guarantee it to him together with the ellatum for his declared value.,akkadian-translation.csv
sû-ba-sà-a ù si it /ar sa a / et-ra-hi a-na DUMU A-sur I ù DUMU Kà-né-es I° la ta-cla-na-sur / a-na Ta al ha /tim / di-na-sur / ti a-sa-ar / ta-dà-na-ni 15 um-ma a-tù-nu-ma / a-na ma-at / Kà-né-e. / a-wi-i15-trim / la tù-ta-ra-nim,"Deprive her of her garment and head-scarf, do not sell her to an Assyrian or Kanesite, sell her to a Talhatite and where you sell (her) you must say: 'Do not bring the woman back to the land of Kanes'",akkadian-translation.csv
dumu-meg é-kcil-la-timk' sa as-ra-nu us-bu ka-lu-su-nu° 1e' sa-al-mu it-ta-al-ku,All the Ekallateans who were residing there are well; they have departed.,akkadian-translation.csv
"ù 16-mes su-nu mi-im-ma û-ul dumu-mes é-kâl-la-tim' is-te 9-en dumu i-su°-in"" ù is-te9 en dumu ap-qi-imk'",These people are in no way citizens of Ekallâtum: one is a citizen of Isin and the other of Apqum.,akkadian-translation.csv
1-en-TA sci-tar 2° TI-t,Each took one (copy of this) document.,akkadian-translation.csv
"Ebe-`°""` sa-ah-ra-am É : sa ki-di [alt-hu-tic i la qé tic ma",The brothers will receive the small house outside the city,akkadian-translation.csv
"i-suk-fi bil-li °HAR.HAR u MUN : mar-tu GIN, im-ba-ri ana sa-ha-hi it-bi",he threw a bundle of thyme and salt at her: the bile began to disappear like the fog.,akkadian-translation.csv
"a-ta is-[tù] 16Lli mi-im I-sd-a I a-df I li-mi-i[m kla qd-tf °>A-sur-SIPA ITU.1.KAM °NIN-«x»-É-GALL["" ""] 18)ku-nu-kam tù-kà-i-il 5 I al-kam I a-ma- U(1] i9)di-in I kà-ri-im ku-nu-kam sa i-q[â-tf-kà] 201sa-db-tù I a-na-ku I d a-ta 21)lu ni-ik-nu-uk-ma I a-na DUMU [um-mi-a]=nim 22>sa a-na a-limé' 23)i-lu-ku I lu ni-ip-qf-id-rna 24)a-na a-lim é' I a-sé-er I a-ha-tf-ni 25)NIN.DINGIR û a-he-e-ni I lu-bi4 i15-ma 26)a-lu-um li-df-in","(it was established that) you were in possession of the seal from the Limmu Isaya to the Limmu after that of Ashur-re'i, month of Belat-ekallim. Come, let me and you, according to the judgment of the Karum, seal the seal that was 'seized' in your hand, entrust it to a financier's employee who is going to the City, so that he may bring it to the City to our sister, the gubabtum-priestess, and our brothers, and then may the City judge our case.",akkadian-translation.csv
"um-ma a-ta-ma 2 ma-na] KÙ.BABBAR / Ébe / nu-a-im a-a[l-qé-ma] [ä-qti-b]u-dc-ur / a-bi4-ni / ag-mu-u[r] w[fa i-n]a mu-a-at / a-bi4-ni / a-t[a] [ù a-na-k]u / ki id la ni / wa-as-ba-ni-[ni-ma] a-nn]a qû-b[u]-û-ur l a-bi,ni l i-na KÙ.BABBAR°[""pa-bi4-ni ma l/2 ma-na 4 GiN KÙ.BABBAR ni ig mu ru-ma / wa-ar-ki-a-ma a-na kà-ri-im / ta-li-ku-ma l/2 ma-na KÙ.BABBAR i-d/-na-ku-ni a-na a-ha-tim a-he-e-ni d tam-kà-ar a-bi,ni ra-pu-dim ta-ti-zi-iz","... and you said: ""[2 minas] of silver I took in the house of an Anatolian and spent it for the burial of our father."" [Although at] the death of our father, you and I, both of us, were present, we spent for the burial of our father from the silver also of our father (only) 1/2 mina 4 shekels of silver, you then went to the Karum after my departure and the Karum gave you 1/2 mina of silver, you began to cause difficulties for the sister, our brothers and the merchant of our father.",akkadian-translation.csv
"ù um-ma a-ta-ma 912 ma-na] KÙ.BABBAR / Ébe / nu-a-im a-a[1-qé-ma] 10>[ä-qti-b]u-dc-ur / a-bi4-ni / ag-mu-u[r] w[fa i-n]a mu-a-at / a-bi 4-ni / a-t[a] 12)[ù a-na-k]u / ki id la ni / wa-as-ba-ni-[ni-ma] ' 31a-n]a qû-b[u]-û-ur l a-bi,ni l i-na KÙ.BABBAR°[""pa-bi4-ni ma l/2 ma-na 4 GiN KÙ.BABBAR 15 ni ig mu ru-ma / wa-ar-ki-a-ma' 6)a-na kà-ri-im / ta-li-ku-ma 17)l/2 ma-na KÙ.BABBAR i-d/-na-ku-ni' 8>a-na a-ha-tim a-he-e-ni / d tam-kà-ar' 9)a-bicni ra-pu-dim I ta-ti-zi-iz","... and you said: '[2 minas] of silver I took in the house of an Anatolian and I spent it for the burial of our father.' [Although at the] death of our father you and I, both of us, were present, we spent for the burial of our father from the silver also of our father (only) 1/2 mina 4 shekels of silver, you then after my departure went to the Kârum and the Kârum gave you 1/2 mina of silver, you began to make difficulties for the sister, our brothers and the merchant of our father.",akkadian-translation.csv
"a-ta is-[tù] 16Lli mi-im I-sd-a I a-df I li-mi-i[m kla qd-tf °>A-sur-SIPA ITU.1.KAM °NIN-«x»-É-GALL["" ""] 18)ku-nu-kam tù-kà-i-il 5","You were in possession of the seal from the eponymy of Isaya until the eponymy following that of Ashshur-re'i, month of Belat-ekallim.",akkadian-translation.csv
i-suk-fi bil-li °HAR.HAR u MUN,he threw a bundle of thyme and salt at her,akkadian-translation.csv
ina lib-bi sa 5 MA.NA KÙ.BABBAR a-ki-i û-il-ti sa ina É.AN.NA ina UGU mdIN.NIN-NUMUN-GAL-si u mdIN.NIN-gEg.MEg-MU e-li-tu mi-ris-tu4 a-ki-i GANBA sa e-bir-17 a-na dGAgAN sâ UNUGI° i-nam-di-nu,"out of it, for 5 minas of silver, according to the promissory note that was produced in the Eanna against Innin-zer-ushabshi and Innin-ahhe-iddin, they will deliver a cargo according to the market of Ebir-nari to the Lady of Uruk",akkadian-translation.csv
"w[fa i-n]a mu-a-at / a-bi 4-ni / a-t[a] 12)[ù a-na-k]u / ki id la ni / wa-as-ba-ni-[ni-ma] ' 31a-n]a qû-b[u]-û-ur l a-bi,ni l i-na KÙ.BABBAR°[""pa-bi4-ni ma 1/2 ma-na 4 GiN KÙ.BABBAR 15 ni ig mu ru-ma / wa-ar-ki-a-ma' 6)a-na kà-ri-im / ta-li-ku-ma 17)l/2 ma-na KÙ.BABBAR i-d/-na-ku-ni' 8>a-na a-ha-tim a-he-e-ni / d tam-kà-ar' 9)a-bicni ra-pu-dim I ta-ti-zi-iz","While at the death of our father you and I, both of us, were present, we spent for the burial of our father from the silver likewise of our father (only) 1/2 mina 4 shekels of silver, you then went after my departure to the Karum and the Karum gave you 1/2 mina of silver, you began to cause difficulties for the sister, our brothers, and the merchant of our father.",akkadian-translation.csv
"a-na kà-[ri-im] ' 1)Kà-ni-is I TUR GAL IGI G[IR sa A-sur] ' 2Lù-sà-ni-kà-ma 15)... a-ta is-[tù] 16Lli mi-im I-sd-a I a-df I li-mi-i[m kla qd-tf °>A-sur-SIPA ITU.1.KAM °NIN-«x»-É-GALL[ "" ""] 18)ku-nu-kam tù-kà-i-il 5 I al-kam I a-ma- U(1] i9)di-in I kà-ri-im ku-nu-kam sa i-q[â-tf-kà] 201sa-db-tù I a-na-ku I d a-ta 21)lu ni-ik-nu-uk-ma I a-na DUMU [um-mi-a]=nim 22>sa a-na a-limé' 23)i-lu-ku I lu ni-ip-qf-id-rna 24)a-na a-lim é' I a-sé-er I a-ha-tf-ni 25)NIN.DINGIR û a-he-e-ni I lu-bi4 i15-ma 26)a-lu-um I x-[x-x-(x-x)]-ni-ni 27)li-df-in","I turned you over to the Kärum 'Small — Great' before the d[agger of Assur,] (which established that) you had the seal in your possession from the eponymy of Isaya until the eponymy after that of Ashur-re'i, month of Belat-ekallim. Come, you and I, we want to seal the seal that was 'seized' ('confiscated' or only 'found'?) in [your han]d according to the judgment of the Kärum, entrust it to a financier's employee who is going to the city, so that he may bring it to the city to our sister, the gubabtum-priestess, and our brothers, and then the city may judge [our case].",akkadian-translation.csv
ina lib-bi sa 5 MA.NA KÙ.BABBAR a-ki-i û-il-ti sa ina É.AN.NA ina UGU mdIN.NIN-NUMUN-GAL-si u mdIN.NIN-gEg.MEg-MU e-li-tu mi-ris-tu4 a-ki-i GANBA sa e-bir-17 a-na dGAgAN sâ UNUGI° i-nam-di-nu.,"From it (out of an original sum of 10 minas), for 5 minas of silver, according to the promissory note that was produced in the Eanna against Innin-zêr-usabsi and Innin-ahhê-iddin, they will deliver a cargo according to the market of Ebir-nari to the Lady of Uruk.",akkadian-translation.csv
"1 ri-ik-sà-am sa hu-sd-ri sa a-/si-ti-M, [dUT]U-tdk-ld-ku ÎR°d-kà, [na]-ds-a-kum","Shamash-taklāku, your servant, brings you 1 package of lapis lazuli from your wife.",akkadian-translation.csv
fad Bi-ik-ni fad-di °a4ugnî,Mount Bikni is the mountain of lapis-lazuli,akkadian-translation.csv
"au-ma la Is-qic-lu 2 siglin kaspam i-na warhimk°""' si-ip-técm ic-sai pu","If they have not weighed it out, they will add 2 shekels of silver per month as interest.",akkadian-translation.csv
1 manam kaspam li-ti dammuqam sa Iat-ni-is i sé-er Ta°>-ar-hu-nu A-na-ah-i-li i-su,Anah-ili has (a claim of) one mana of refined hack-silver from Kanish against Tarhunu.,akkadian-translation.csv
"a-na kaspam su-a-t ""me-er-4 Pu-su-ki-in ù merat 1° Pu-su-lei in waqqurtum a) a-na 17 A-sùr- mu-ta-bi-ils a-hi-su-nu l8ic-lcc i-t4-ru-4","Regarding that same silver, the sons of Pusu-ken and the daughter of Pusu-ken, the priestess, will not raise a claim against their brother Assur-muttabil.",akkadian-translation.csv
5 tup pt-a si-li-a-ni ° pt-ti-a-ma tup pci-am 7 fa 112 manem kaspim 3 it si-pca-ti-su 9 sa hu-bu-ul 10 Ifà-ni mer Na-ni-ip 11 sé-li-a-ma 12 tup pu-su a-na Ket-ni-L UGAL 13 di-na-ana ia si-li-a-ni 14 ku-un-kà-ma 15 a-na Ni-wa-ah-fu-sar 16 p't-iq-da,"Open the boxes with my tablets and have the tablet concerning 1 1/2 minas of silver and its interest from the debt of Kani, son of Nanip, brought out, and give his tablet to Kanisar and then seal the boxes and entrust them to Niwahsusar.",akkadian-translation.csv
"su-ma 1°1d ta-é s-qù-ul a-wa-at kà-ri-im i warhimk""'n ifl t26-Sa-écp","If she has not weighed it out, she will add interest in the month according to the word of the karum.",akkadian-translation.csv
a-na kaspam su-a-t me-er-4 Pu-su-ki-in ù merat 1° Pu-su-lei in waqqurtum a-na 17 A-sùr- mu-ta-bi-ils a-hi-su-nu l8ic-lcc i-t4-ru-4,"Concerning that same silver, the sons of Pusu-ken and the daughter of Pusu-ken, the priestess, will not go back against their brother Assur-muttabil.",akkadian-translation.csv
su-ma i tit-wa-etr 1°1 manàm kaspam ta-sa-qal it i-du-ku-si,"If she returns, so she will weigh out 1 mina of silver; also they will kill her.",akkadian-translation.csv
a-na-ku ib A-sùr-ba-ni ni-ket-si ni-si-ma is-tic ma-da-tum kez-bu-sà-ni 18 siqli ° kaspam a :94-er bi z'-la(!) ti su tup pd-am ha-ar-ma-am i-da-nanz,"I and Assur-bani called the accounts, and after many items were reduced, he will give me a certified tablet for 18 shekels of silver in addition to his capital.",akkadian-translation.csv
icmimmi-im 4 sa e-ru-bu a-wi-lâ-tum 5 fa bit A-fùr-ma-iik a-lam ° ina-hu-ra naa a-lximki 7 di-nam i-di-in-ma,"On the fifth day, after which I had entered, the ladies of the family of Assur-malik approached the City, and then the City granted a verdict.",akkadian-translation.csv
"8 lu-qu-tcim fa 30 man• kaspim °fa ik ri bi 4 sa A-fùr-ma-lik 1« ma-ma-an i?-bu-tIe "" u-far ù fa i15-qi-u 12 u-ta-ar","The merchandise of 30 minas of silver from the offerings of Assur-malik: whoever seized it will release it, and whoever took it will make it return.",akkadian-translation.csv
a-ta-ma 10 mane kaspam 8 sa-ru péi-am ni-is-ha-s4 ° ld watra sa-du-a-s4 10 sa-bu a $6-er 11 A-ha-ha-a Sin-é-a 12 Bu-za-zu,"Likewise 10 minas of refined silver — the taxes for it are not added, with the fees for it he is satisfied — to the address of Ahaha, Sinea and Buzazu",akkadian-translation.csv
is-ti dIlabrat-ba-ni e-ta-lu-tam 8 e pu-us-ma su-uq-li °ip-tiaur-ma annak11 i il5-qi,"Together with Ilabrat-bani, he acted high-handedly; he opened my container and took my lead.",akkadian-translation.csv
e-ta-lu-tam 2° te-pu-uâ-ma su-ub(.c)-ri 21 ba-la-at a-hi-a 22 ta-iii-in,"You acted high-handedly and gave away my servants, the life of my brother!",akkadian-translation.csv
du-ma la id-qai-lu 1° si-ip-târai u-sû pu,"If they do not pay, they shall add interest",akkadian-translation.csv
"50 la 1 subâtsu-ru-tum 1° 53 mann 1 tiqium annakum "" 1 masvüm kaspum si-inz 2 emarin 18 sa a-bi4 ni ul-qi-ma i-na 12 si-im emarilzi-a ta Salinz-be-li 2° ir-di-a-ku-ni ba-lu-ta-ku-ma 21 10 sigli kaspam ta-na-pd-lam","I took the 49 black textiles and 53 minas 1 piece of tin — 1 mina of silver was the purchase price of our father's two donkeys — and then I was secured at the purchase of the donkeys which Salim-beli led to you, and thus you will pay me 10 shekels of silver.",akkadian-translation.csv
dGISKIM-MAS MAN SAR A dSILIM-nu-<MAS> MAN K°RAS-sur,"Tukulti-Ninurta, king of the universe, son of Shalmaneser, king of Assyria.",akkadian-translation.csv
[KUR]-ti K°RKdr-du-ni-si,Booty from Babylonia.,akkadian-translation.csv
e-re-na °^stas-ka-ri-na sisal-la-ka-ni-is i-na KUR. KUR.MES K1a: pe-lu-si-na-ti GI M 1 &ES sa-tu-nu sa i-na LUGAL.MES-ni AD.MES-ia mah-ru-te ma-am-ma 1a lz-qu pu al-qa-am-ma i-na GIsKIRI6.MES KUR-ti-ia az-qu-up,"Cedarwood, boxwood (and) Kanii-oak from the lands which I rule, these trees which no one among the former kings, my ancestors, had planted, I have taken and planted in the gardens of my land.",akkadian-translation.csv
ù GURUN C°SKIRI6 aq-ra ia i-na KUR-ti-ia la-ds-su al-qa-a Gi&KIRIb MES KUR dA-sur 1u-û us-me-li,"Rare garden fruits which are not present in my land, I have taken (and) really filled the gardens of Assyria.",akkadian-translation.csv
ANse Bis ti sû-ha-ri-a 95d-nim-ma u---ld is [U] x°sû-ha-ri-kà xxsa na-ha-dim 12p qi-id-ma,entrust the donkey to my first servant or to a careful servant of yours,akkadian-translation.csv
a--1u-4 10 u4-me 82 ITU . KAM it 3 ITU . KAM 1°i-li-ik,"instead of 10 days, the 2nd and 3rd month passed",akkadian-translation.csv
a-si -er 4AN . NAkà-àm sa a-na 8Pn ta-di-nu °ù riG . xi . A ma-lâ 7ra-du-im ra-di su-ma,"to the tin which you gave to Pn, add also as many textiles as are to be added",akkadian-translation.csv
ht ba—db—tim ht i—ht—q tim mi—ma 3°il$—qé—i,Whatever he took from the business assets or the merchandise.,akkadian-translation.csv
a-na-kam kà-ra-am Sam-hu-ur-ma 1°ta-ta-là-kà-nim,I turned to the Karum here (to ensure) that you should depart for here,akkadian-translation.csv
ma-ma-an / là i-ld-qé-§u 1°û a-na On nus té-bi4-lâ--su,"no one wanted to take it, so I have now also sent it to On",akkadian-translation.csv
a-tit-nu '°ur-ki-ti ta--aja-i-- ta-ma,You examined my legal case,akkadian-translation.csv
a-i-u-tim [s~] a-ze~i-ri 1°sa té-zi-ba-ni,what kind of rings are those that you want to have left behind for me?,akkadian-translation.csv
a-li-ku a-dl ma-ld 1°2L §é-yti-§u i-li-ku-û-nim-ma 11KÙ . BABBAR bi4-ld im,"although messengers came several times, you did not send me any silver",akkadian-translation.csv
su-ma 29i-lâ-kam! 11-11-kam su-ma 3°1d i-ld-kam! ma-ld KÙ . BABBAR 2a 31né--ma--lam ir-§4-14 3212-i§ gtia-lâ-kum-ma,"If he wants to come, let him come; if he does not want to come, let him weigh out all the silver and all the profit he obtained to you",akkadian-translation.csv
a- ni-tâm 1°lâ a-ni-tâm té-er--ta-kà nli-li-kam-ma,"whether it is so or not so, let your report come concerning it",akkadian-translation.csv
su-ha-ri x°si-im-tdm tù-ta-ra-am,you should have returned my servant to me according to the regulation,akkadian-translation.csv
KÙ . BABBAR 1 °i-ku-nu-ki-a a-di 11a-lâ-kà-ni li-bi-si,"Until I come, the silver shall remain under my seals.",akkadian-translation.csv
su-ma li-bi4-kà-ma um-ma a-ta-ma 19et-qam- ma / -[tc]l-kcøn a°is ti-a / na-- me-er KÙ . BABBAR 21x ma-na e-sa-am-ma 221d-al-qe'--a-ma / lâ-li-kam--ma 23is - ti-kà l d-na-me--er,"if it is your wish and you say: 'Come over, travel here and let yourself be seen by me', then I will take x minas of silver, only a little, come and meet with you",akkadian-translation.csv
AN . NA it T1(5-G . xz . A $sa Pn 72t Pi22 / ir-des-2t-ni-ku-nu-a--ni Slic a-na On 9a-sé-er Pl23 i°tii-sé=bim lâ-ni ht Pn 11115-qé / lu DAM . QAR 12ta—qi—pc 13li-li-kam,"Whether you sent the tin and the fabrics, which Pn and Pn2 led to you, to On to Pn3, whether Pn took it or whether you entrusted a merchant with it, let your report come.",akkadian-translation.csv
a-li-ku a-dl ma-ld 1°2L §é-yti-§u i-li-ku-û-nim-ma KÙ . BABBAR bi4-ld im,"although messengers came several times, you have not sent me any silver",akkadian-translation.csv
a-di a-na---kam f wa-âs ba--ti--mi '°i-na ba-d§ tf kà ' nu-[x-x]--ni j li-i---be-i2,"As long as you stay there, may our [...] be satisfied from your power.",akkadian-translation.csv
AN . NA it T1(5-G . xz . A $sa Pn Pi22 / ir-des-2t-ni-ku-nu-a--ni a-na On a-sé-er Pl23 i°tii-sé=bim lâ-ni ht Pn il-qé / lu DAM . QAR ta—qi—pc li-li-kam,"Whether you sent the tin and the fabrics, which Pn and Pn2 brought to you, to On to Pn3, whether Pn took it or whether you entrusted a merchant with it, let your report come concerning that.",akkadian-translation.csv
su-ma 33AN . NA a-na e-bu-tim «a-na 34e-bu-tim»> ta-al-ti-q2-i 35a-na u4-me i--sé-er DAM . <QAR> 3°i-d2-§14,"if you have received tin as an interest-free loan (and you still have it), then impose it on a merchant for a fixed term",akkadian-translation.csv
KÙ . GI °X ma-na Su—ma 7y GÎNTA I 2t-id 82' GÎNTA a-na 9KÙ . BABBAR sa-a-ma,"if silver is available for y shekels or z shekels, then buy for me x minas of gold",akkadian-translation.csv
i3` tû-ma 9ta-i-§a-ma-i--u--um j kâ--ld-db-kà-mi 1°a--mi--nim / is ti sa-ra-mé e sa--ni-~c-tim 11i-da--ba-db,"if the one from Ta'isama is really your 'dog', why does he then negotiate with other kings?",akkadian-translation.csv
is tù-ma 1°ld ta-di-na--ni 11Pn i-sé e-kià,"if you really did not give (it) to me, Pn will look at you (with a claim)",akkadian-translation.csv
mi-nam 5sa °a-d2 u4-mi--im! a-nim wa-c ba-tu-nu-ni,Why is it that you are acting on your own authority and are sitting until this day?,akkadian-translation.csv
pup-pu-u[m] 9[s]a x ma-na URUDU 1°[§]a hu-bu--ul Pn e-li-a--ni 12sâ--ay,"The tablet about x minas of copper of the debt of Pn, which appears, is false",akkadian-translation.csv
su-ma wa-tar Pn 2-lâ--gé 2°s14--ma ba-ti-iq Pn-ma 21i za-az,"If a surplus is present, Pn may take it; if there is a deficit, then Pn must also stand in for it",akkadian-translation.csv
ht ta-ds bi-tdm 18ta_am-hu-ra lu Ø-ba-tim 17îr-si té er-ta-ku-nu za-ku-tum 18a-na 5d-ni--a li-li-kam 19§u-ma si-ba-tim tù-sa-ar-§i-a 2°a-d2 Kt . BABBAR tù~ts ta-ba-a-ni 211u-qû-tam sa Pn 22i-ra-de8-a-ku-nu--ti i 231a tat--wa-sa-ra,"Whether you approached him concerning the satisfaction or whether he received interest, let your clear report come to me. If you have granted interest, then until you are satisfied with the silver, do not release the goods that Pn is leading to you",akkadian-translation.csv
"wa-ar-ki-a I sa ki-ma ku-a-ti 9ù sa ki-Ma I i-a-ti 4-41a-hi-du-ma 1°-t bi-ta,n 1 u--ma I a-di f a-lu-ku-ni Abi-tdm 12sa ki-ma ku--a i ù i-a-ti a-di--ni 131d isz-û-mu f i-na a-[la]-ki-a ""a-na-ku a--ld-qé-a-kum","After my departure, they instructed my and your representatives to take the house for you. If they have not yet bought the house by the time I arrive, I will take it for you upon my arrival",akkadian-translation.csv
a-na 1°f a bi4 ni da-la-hi-im 111-za-zu,they stand ready to disturb our father's house,akkadian-translation.csv
x ma-na URUDU sIG5 4a-na sa-ni-im 5e-pd-. i-im Pn °na-âs a-ki-iin / URUDU la-di a-lâ-kà-ni 8li-bi-fi i-na 9a-1d-ki-a / mu-ld-e-ku 10û-ba-lam-ma / fa-nam Mû-fé-pâ-âk,"x minas of good copper to make sannum, Pn is bringing you. Until I come, it shall remain lying. Upon my arrival, I will bring its additional amount and have sannum made",akkadian-translation.csv
"a-na-ku ""ù Pn né-ru-ub-ma 8ta-ah-si-sd-tum °[sr]a e-ld-nu-ma ib-si-û-^ti 10né-ta-mar-ma",Pn and I entered and then saw the notes that were additionally present.,akkadian-translation.csv
"a-li 4s-ma-at-ni 7û um-me-a-ni 8kà-ld-tu-nu sa °i-tup-pi-im 101d-ap-tù-ni "" up-pi sa-cit-me-a-ma 12a-11 4s-ma-at-ni 13ep-ta-ma","Wherever it is appropriate, read my tablet also to all the creditors who are written on the tablet, and then act wherever it is appropriate.",akkadian-translation.csv
a-sé-er 14KÙ.BABBAR a-ni-um ld-q2b-24 ù tup-pu-tu sa 1 6x ma-na LA y GIN KÛ.BABBAR 1 îf-ba-ti-su sa 1°DAM . QAR i-sé-ri-tu i-. u-4--ma au-ut 17DAM . QARru-ni û-kà-al,"In addition to the fact that this silver has been taken, I also hold his tablet concerning x minas minus y shekels of silver and the interest for it, which the merchant has as a credit against him, and (proof) that this one is the merchant.",akkadian-translation.csv
tup-pé-e / i-na ku-nu-uk . é-di-it-tim 81G1 da-a-ni / a-tar f ta-ta-wu-a-ni °ta-. a-kà-na,You shall place the tablets under the seal of a group of six before the judges where you are negotiating.,akkadian-translation.csv
a-na-kam / mu-ur-sa'-am 4sa Pn 5ds me / a-ma-kam / su-ma °sa-lim / a-mur- su-ma,"I learned here of the illness of Pn, look after him there, whether he is well",akkadian-translation.csv
su-ma Pit 4ki-il5'-pd-am mi-ma a-kam-ma 5i-kà-sa-du-ni a-na Ébe-et °Pn2 it-ba-al,"if Pn should achieve any profit anywhere, he shall bring it to the house of Pn 2",akkadian-translation.csv
xi§n3 Pn sa hu-bu-ul 6Pn2 sa x ma-na xù . BABBAR 7i§-tù ha- nu-u. -tim 8sa Pn3 °a-na y ha-[a]m-§a-tim a-qu-lu I su-ma 11i-na tic-me-s t 12ma-al-4-tini ld i§-0 l 13a-bi-. ti-iq-tim 14a-ld-qé-i -sit i,"Seal of Pn over the debt of Pn 2, that he shall pay x minas of silver from the hamustum of Pn 3 for y hamustum-periods, but I will take from him for the deficit if he has not paid when the term is fulfilled.",akkadian-translation.csv
xÙ . BABBAR ma-la '-na 7nie-eli-ri-a 9-'°a--na a timx 1 fa-ak-§i-di-ma la Kt . BABBAR«P—ka,"Have all the silver that I wrote down for you in my copy paid and then reach me in the city, for it is not your silver.",akkadian-translation.csv
KÙ . BABBAR i-na On °sa-qd-lam / qd-bi=a-kum,I was commanded to weigh out the silver to you in On,akkadian-translation.csv
su-Ma-me-en a-na-kam a-na-ku 71d a-ta-na-as-ba-at-ma / té-em-§u 81â a-sà-na--pâ-ah qâ'-ti-me-en Pn °[a]-na On ik-§u-da-kà-ma,"If I were not repeatedly seized here and his plan thwarted, the agent of Pn would have reached you in On.",akkadian-translation.csv
lu sd-lie-er-tum °lu mi-ma a-na qd-ti-su 7ta-di-nu / is-ti-a 84 -ld i-si,"Whether it be the ring or whatever you gave for his hand, he has not settled the account with me.",akkadian-translation.csv
1°i1 sé-bu-la--ti-a 11mi-i la J kà-i-la 12a-di ti-i-iy-ti 13i-la-kà-hu-nn-ti-ni,Hold back half the price of the wheat and the transports for me until my instruction reaches you.,akkadian-translation.csv
na-ds pè-er-tdm sa KISIB Pn 5sa x ma-na y GfN KÙ . GI °a-na Pn2 ia-bu-lu-û- «ma» 7n a-ds-Pé-er-t[d]m si-a-ti a-na 8Pn3 di-nam,"The sending-document with the seal of Pn, that he owes Pn 2 x minas and y shekels of gold, give this sending-document to Pn3.",akkadian-translation.csv
ki-ma-ma §a-sû-ra-ti-ni 1°lu . a--sti^-ra-ti / a-di ' e-né-e-a / ta-mi-ri-ni,"as you have had things guarded until now, so may you continue to take care of the guarding until you see my eyes",akkadian-translation.csv
ml-li-ik URUDU §a i-na 80n na-ad-ti °ld am-li-ik,I did not make a plan concerning the copper that is in On.,akkadian-translation.csv
"sà-ri-dam 1°x GIN KÙ.BABBAR a-na ""qd-ti-ku","As for the driver, x shekels of silver is for his hand",akkadian-translation.csv
a-licmKI 7di-na-am / i-di-in-ma slu-qic-tdm / sa x ma -na Kt - .BABBAR °sa ik- ri-be / sa Pn 10ma-ma-an is-bu-tù 112L-sar / ù sa ilsqé- l 121;t-ta-ar,"The city rendered the following judgment: 'Whoever seized the goods worth x minas of silver from the donation belonging to Pn shall release them, and whoever took them shall return them.'",akkadian-translation.csv
"lu ba-db-tdm sa nu-a-e / 81u . f-ma-am / e-zi-ba-kum °lu i-ba-db-ti-. u is tÎ ' DAM . QARr""-tim ta-al-ta-qé ""a-ma-ld d2-2ä kà-ri-im On 12ta-lâ-ak-ma","Whether it be that he left you business assets of the natives or that he left you goods, or whether you repeatedly took from his business assets among the merchants: you shall proceed according to the judgment of the Karum of On.",akkadian-translation.csv
"AN . NA ù TIJG . xz . A 6sa Pn 71t Pn2 / ir-des t -ni-ku-nu-ti-ni 81u a-na On °a-sé-er Pn3 t 0tic-, é-bi3-ld-ni lu Pn nilsqé / lu DAM.QAR 12ta-qi-pd / tf-i-ir-ta-kunu 13li-li-kam","Whether you sent the tin and the textiles, which Pn and Pn2 brought to you, to Pn3 in On, whether Pn took them or whether you entrusted them to a merchant, let your report come here.",akkadian-translation.csv
a-licmKI 7di-na-am / i-di-in-ma slu-qic-tdm / sa x ma -na Kt - .BABBAR °sa ik-ri-be / sa Pn 10ma-ma-an is-bu-tù 112L-sar / ù sa ilsqé- l 121;t-ta-ar,"The city rendered the following judgment: 'Whoever seized the goods worth x minas of silver from the votive offering belonging to Pn shall release them, and whoever took them shall return them.'",akkadian-translation.csv
°a-bi-ni,the god of our father,akkadian-translation.csv
i-na mu-t[i] °um-mi-ni,upon the death of our mother,akkadian-translation.csv
x ma-na KÙ . BABBAR ma-ânqd-al-tum 5i-ka §d-eP °Pn i-kÎ-qi-i15 ma 'x GfN 88i-ib-tum DKÙ . BABBAR ma-sû-hu-um 10f-bi-ti-ma,"x minas of silver payment have been made from that of the transport of Pn; thereby, x shekels of interest of poor-quality silver have arisen.",akkadian-translation.csv
ha-ra-an 190n-ma a-na 2°On2 21db-14-su-nu,transport them via On to On2,akkadian-translation.csv
ist tù-ma °ta-i-. a-ma-i-tic-um / kà-ld-db-kà- ni ' 1°a-mi-nim / is-tf sa-ra-né-e sa-ni-ti -tim lli-da-ba-db,"if the one from Ta'isama really is your 'dog', why then does he negotiate with other kings?",akkadian-translation.csv
a-na °KÁ¿ [DINGIR] ú-$é-ra-sú-nu-ma $í-bu-ta-$u-nu i-du-nu-$um $a i-dí-ú-ni e-li : lá $a i-dí-ú-ni i-ta-ma-ma i-ta-la-ak.,He (i.e. the party) shall lead them (i.e. his witnesses) down to the Gate of the God and they shall give him their testimony. That which they know shall be revealed (lit. 'come up'); he shall swear oath on that which they don't know and then he can leave;,akkadian-translation.csv
x ma-na 'Kt . BABBAR û §a-du-a-sit 8Pn °ip-qi-du-ni-a-ti-ni,Pn entrusted us with x minas of silver and the surcharge for it,akkadian-translation.csv
"x ma-na 8KÙ . BABBAR / si-im °ANSE i§-tùt 100n "". é-bu-lam qd-bi,-a-ti-vi","you had promised to send x minas of silver, the price of a donkey, from On",akkadian-translation.csv
e-ma-ri / ra-qit-tim 18a-na na-db-ri-11m 18i-di-i / e-ma-ri 2°da-nu-tim / a-ni-sa-am 24é-yi-ba-am,"place the weak donkeys on the pasture, but let the strong ones enter here",akkadian-translation.csv
si-ib-tdm la ta-. a-me-a 3°KÙ. BABBAR . a-d. -qi-ld-ma,"do not listen regarding the interest, but let the silver be weighed out",akkadian-translation.csv
URUDU iq-bi-am tit-ld °tit-§é-pi-am,"he promised me copper, but without letting me see anything",akkadian-translation.csv
lá ta-tù-a[r] [lá ta]-°na¿-pu-u$,You shall not raise the claim again.,akkadian-translation.csv
1/2 ma-na 2 GÍN KÙ.BABBAR ku-nu-ki-°a¿ : i-na Pu-°ru-u$-ha-tim¿ a-na En-°na¿-[nim] DUMU A-°bi¿-a e-zi-ib,I left 32 shekels of silver under my seal for Ennªnum son of Abiya.,akkadian-translation.csv
En-na-nam %a-ba-at-ma KÙ.BABBAR $a-á$-qí-il5-°$u¿-°ma¿ a-na pá-ni-a $é-bi4-lam,Seize Ennªnum and make him pay the silver and send it to me.,akkadian-translation.csv
Su-ma mi-ma 2ta-ki-li 3a--na ka-ri-im 90nKI 1°is ta-dp-ru-nim ki-ma ni-a-ti 12a-wa-tdm / ta-e-er!-ma,"If they should send agents to the Karum of On concerning anything, then report (about it) on our behalf.",akkadian-translation.csv
ht-ma Pn °KÙ . BABBAR us té-bi4-lam a-na ni-kà-sf 7a-za-az I su-ma la 8us-té-bi4 lam a-na A kà-ri-im 'la e-ra-âb,"If Pn should send silver, I will stand by the account; if not, he shall not enter the house of the Karum.",akkadian-translation.csv
a-na °KÁ¿ [DINGIR] ú-$é-ra-sú-nu-ma $í-bu-ta-$u-nu i-du-nu-$um $a i-dí-ú-ni e-li : lá $a i-dí-ú-ni i-ta-ma-ma i-ta-la-ak,He shall lead them down to the Gate of the God and they shall give him their testimony. That which they know shall be revealed (lit. 'come up'); he shall swear oath on that which they don't know and then he can leave;,akkadian-translation.csv
a-[su]-mi 4sa 1 a-bi-ku-nu 5§a ta-as-pu-Îa-ni 6um-ma a-ta-ma 7ma- ia-ti f i-na mu-a-ti-sa 3ma-ld té-zi-bu-ni °su-up-ra-ma riz ni 10pé-té f mi-ma Kù . BABBAR 11ù URUDU i—na l2fiti_ku—Yîu tit—lâ I3té-zî-ib,"As for the matter of your father's house, about which you wrote to me as follows: 'Regarding everything that my aunt left me at her death, write to me and inform me', she did not leave any silver or copper in your house.",akkadian-translation.csv
a-ba-ri-ku-nu i-na e-ra-bi4-a : a-wa-tí i-na a-ma-ri-a e i-ba-°al?¿[-..]-a-nim,Between you there must not ... words when I arrive and I see.,akkadian-translation.csv
$u-ma a-tù-nu a-na ta-[x x] ta-$a-hu-#á a-dí a-lá-ki-na i-ba-ri-ku-nu a-na lá na-ba-°x¿[…] li-qí-bi,If you yourselves ... ... then let it be said between you so as not to ...,akkadian-translation.csv
#up-pá-am ha-ar-ma-am $a ku-nu-uk ru-ba-im ú-kà-al $a a-dí °MU¿.1.§È ta-lá-kam-ma : a-wa-tám ta-du-nu-$u-ni,"He holds a certified tablet sealed by the king, stating that you are to come within 1 year and that you must answer his case.",akkadian-translation.csv
i-na se-ri-tu le-mu-ru 9sa a-wa-at / i-li '°a-na sa ta-ni-is-tim ni-*a-ku-nu,they shall look upon the back of him who turns the words of the gods into those of weakness,akkadian-translation.csv
A-$ur-be-el-a-wa-tim ù Puzur4-A-$ùr ù $a ki a-ha-a-tí-$u-nu ku-ba-áb-tim i%-bu-tù-ni-a-tí-ma a-wa-tí-$u-nu ma-ah-ri-ni i$-ku-nu-ma a-wa-tí-$u-nu! ni-ig-mu-ur-ma ni-i$ a-lim† nu-ta-mì-$u-nu-ma a-na A-$ùr-be-el-a-wa-tim ù me-er-e-$u Puzur4-A-$ùr ù Pu°zur4-A¿-$ur ú a-hu-$u ù a-ha-sú ku-ba-áb-tum a-na A-$ùr-be-el-a-wa-tim ù me-er-e-$u : a-na mì-ma $u-um-$u ú-lá i-tù-ru,"A$$ur-b®l-awªtim and Puzur-A$$ur as well as the one who represented (k‰ma) their sister, the gubabtum-priestess, they seized us, and they presented their case before us (awªtam $akªnum), and we concluded their case and we made them swear an oath of the City: Against A$$ur-b®l-awªtim and his son, Puzur-A$$ur, or Puzur-A$$ur or his brother or his sister, the gubabtum-priestess, - against A$$ur-b®l-awªtim and his sons they must not raise claim on this issue;",akkadian-translation.csv
a-na a-wa-tim a-n°i-a¿-tim kà-ru-um Kà-n[i-i]$ i-dí-ni-[ma] IGI $u-ga-ri-a-e $a A-$ùr $í-bu-tí a-dí-in,The Kanesh colony gave me for this case and I gave my testimony before the $ugarri'ª'um of A$$ur.,akkadian-translation.csv
$u-ma #up-pá-am $a a-lim† ú ra-bi-%a-am %a-°ab-ta¿-ni- [a]-°tí¿ a-na-kam i-$a-ha-at ra-bi-%í-im lu ni-zi-i[z] a-$ar ni-pá-li-lu ra-bi4-%ú-um lu : ta-mì.,"If you get a tablet from the city and an attorney for us, then we will assist the attorney here. Wherever we palªlum the attorney shall impose oaths.",akkadian-translation.csv
a-na A-$ùr-be-el-a-wa-tim ù me-er-e-$u Puzur4-A-$ùr ù Pu°zur4-A¿-$ur ú a-hu-$u ù a-ha-sú ku-ba-áb-tum a-na A-$ùr-be-el-a-wa-tim ù me-er-e-$u : a-na mì-ma $u-um-$u ú-lá i-tù-ru,against A$$ur-b®l-awªtim and his sons they must not raise claim on this issue;,akkadian-translation.csv
ki-ma a-bu-ni me-tù-4 °a-na-ku ù Pn ni-is-ba-at-kàma,"after our father had died, I and Pn seized you",akkadian-translation.csv
Ku-lu-mu-um I-ku-p[í-A-$ur] ù $a ki-ma Ì-lí-u%-ra-ni Ma-num-ba-lúm-A-$ùr i-dí-nu-ma a-na 1 1/3 ma-na 1 GÍN °KÙ.B¿ $a a-bu-$u $a Ma-num-ba-lúm-A-$ùr KI Ì-lí-u%-ra-ni il5-qé-ú 1 ma-na-um °10¿ GÍN.TA [M]a-num-ba-lúm-A-$ùr $í-a-ma-tim °i¿-t[a?-dí]-in-ma Ku-lu-m[u]-um I-ku-pí-A-°$ùr¿ ù Ma-num-ba-lúm-A-$ùr a-na $a-la-$í-$u i-zu-zu-$u,"Kullumum Ik¥n-p‰-A$$ur and the representatives of Il‰-u%ranni paid Mannum-balum-A$$ur, and for 1 mina and 21 shekels of silver from his father, which Mannum-balum-A$$ur received from Il‰-u%ranni, Mannum-balum-A$$ur shall make purchases at the rate of 10 shekels pr. mina, and Kullumum, Ik¥n-p‰-A$$ur and Mannum-balum-A$$ur will divide it in three.",akkadian-translation.csv
a-na-kam um-me-a-nu °$a¿ (19) a-bi-ku-nu $a ki-ma i-na (20) pá-ni-tim té-ta-ta(for na?)-ri-$a-ni (21) a-na a-hi-kà ú-kà-lu-ma (22) ù ki-ma a-hu-kà we-dí-ni-ma (23) ù a-$u-mì-kà ma-ga-ra-am (24) ú-lá i-mu-a,"Your father’s investors here offer those things to your brother which you earlier constantly asked me for, but, in fact, since your brother is alone he is of course unwilling to agree on your behalf.",akkadian-translation.csv
KÙ.B u$-té-bi-il5-°kà¿-ma #up-pá-kà : i-ba-$í,I have sent the silver to you and your tablet exists.,akkadian-translation.csv
Ku-lu-mu-um I-ku-p[í-A-$ur] ù $a ki-ma Ì-lí-u%-ra-ni Ma-num-ba-lúm-A-$ùr i-dí-nu-ma a-na 1 1/3 ma-na 1 GÍN °KÙ.B¿ $a a-bu-$u $a Ma-num-ba-lúm-A-$ùr KI Ì-lí-u%-ra-ni il5-qé-ú 1 ma-na-um °10¿ GÍN.TA [M]a-num-ba-lúm-A-$ùr $í-a-ma-tim °i¿-t[a?-dí]-in-ma Ku-lu-m[u]-um I-ku-pí-A-°$ùr¿ ù Ma-num-ba-lúm-A-$ùr a-na $a-la-$í-$u i-zu-zu-$u IGI §u-Bé-lim DUMU Kà-za-za IGI Ás-qú-dim IGI Bu-ur-Sú-in IGI A-ta-ta IGI Lá-qé-pí-im a-we-lu-ú a-ni-ú-tum da-a-nu.,"Kullumum Ik¥n-p‰-A$$ur and the representatives of Il‰-u%ranni paid Mannum-balum-A$$ur, and for 1 mina and 21 shekels of silver from his father, which Mannum-balum-A$$ur received from Il‰-u%ranni, Mannum-balum-A$$ur shall make purchases at the rate of 10 shekels pr. mina, and Kullumum, Ik¥n-p‰-A$$ur and Mannum-balum-A$$ur will divide it in three. Witnessed by §u-B®lum son of Kazaza, Asqudum, B¥r-Suen, Atata, (and) Lª-q®pum - these men were the judges",akkadian-translation.csv
i$-tù §a-lim-A-$ur : me-tù-ú DAM.GÀR-ru-ú : $a a-bi4-ni $a a-ma-kam KB $a ha-bu-lu-ni i-na-tí ù En-um-A-$ur lá-am-ni-i$ e-pu-$u-ni-a-tí-ma : sí-ku-ni ù ba-a-ba-tù-ni %a-bu-ta-ma a-tù-nu : ta-á$-me-a-ma a-na A-lim† ta-li-kà-ma : A-lu-um : dí-nam i-dí-in-ma : $u-ma KB §a-lim-A-$ur i-na eq-lim : ha-bu-ul : i-na #up-pì-$u ù $í-bi4-$u : i-ku-an-ma i-na sá-bi-tí-$u : KB-áp-$u i-lá-qé : a-na hu-bu-ul $a ƒA-$ur $a i-na A-lim† ha-bu-lu ma-ma-an KB i-na eq-lim °lá¿ i-lá-qé ma-ma-an $a °il5-qé-¿ú ú-ta-ar [$a lá ú-nta-]ru i-$a-ri-iq-[$um],"After §alim-A$$ur died our father's customers to whom he owed silver there treated me and Ennam-A$$ur badly, we were detained and our outstanding claims blocked, and you heard about it and went to the City assembly, and the City gave a verdict as follows: if §alim-A$$ur owed silver abroad, he (the creditor) should provide proof with his tablet and witnesses and he could then receive his silver from the funds available; as for the debt to divine A$$ur that he owed in the City, no one could take any silver abroad. Whoever took any would have to return it; who did not return it would have it taken away by force.",akkadian-translation.csv
Na-áb-Sú-[e]n6 DUMU Puzur4-We-er Im-gu5-ur-A-$ur DUMU Ku-ur-ku-ri-im pá-at-ra-am $a A-$ur i%-bu-tù-ma A-$ur-GAL DUMU Ma-num-$[u]-um-$u Zi-ki-ki DUM[U] °Ì¿-lí-dan pu-$u-nu i$-[me]-ú,"A and B grasped the dagger of A$$ur, and C and D heard their statement.",akkadian-translation.csv
#up-pá-am $a a-lim† ú ra-bi-%a-am %a-°ab-ta¿-ni-[a]-°tí¿ a-na-kam i-$a-ha-at ra-bi-%í-im lu ni-zi-i[z],"If you get a tablet from the city and an attorney for us, then we will assist the attorney here.",akkadian-translation.csv
su-ma a-hu-um a-na ahiimitùar° i-na i-di-ni-im i-du-ku-su,"If one returns (to claim) against the other, they will kill him outside the local community.",akkadian-translation.csv
su-ma I-di Ku-<bu>-um sa kima— ı DAM.GAR°h'°' a-na A-sur-is-ti kal a-na 3 1/3 ma na KU.BABBAR 141' -ar-su-um A-bu-sa-lim û-ba-ab-su,"If Idi-Kubum, who represents the merchant, sues Ashur-ishti-kal for 3 1/3 minas of silver, Abu-shalim will clear him.",akkadian-translation.csv
i-na pd-ni-tim-ma as pu-ra-ku-nu-ti s)um-ma a-na-ku-ma É.GALi`°n kà-ra-am i-sd-li-ma ELLAT`um u qa-sû ı-sa-ba-at-ma u ni-a-ti -la <û>-wa-sa-ar-ni-<a>-ti,I wrote to you previously and said thus: the palace deceived the kârum and it will seize the caravan and it will not release us.,akkadian-translation.csv
i-na pd-ni-tim-ma as pu-ra-ku-nu-ti um-ma a-na-ku-ma É.GALi`°n kà-ra-am i-sd-li-ma ELLAT`um u qa-sû ı-sa-ba-at-ma u ni-a-ti -la <û>-wa-sa-ar-ni-<a>-ti,I wrote to you previously and said: the palace deceived the karum and it will seize the caravan and will not release us.,akkadian-translation.csv
18 [a].sà-am su-a-ti a-na su.HA. mes UD. da 19 [1]i-id-di-nu-ma 2° s e . b a-su-nu li ih-ha ri-is,Let that field be given to the fishers and may their barley ration be abolished!,akkadian-translation.csv
ma-hi-ra-am ù-Sa-aS-qa1 4 a> 1° io g i n u r u d u su-bi-lam,I will have the market price weighed; send me 10 shekels of copper.,akkadian-translation.csv
4 [tup-p1] an-ni-a-am 5 [i-n]a a-ma-ri-i[m] ° dumu . m e g su.[b]ir 4 k 1 nig.gu sipa x [x o o] 7 a-na ka.dingir.ra[ki] 8 tù-ur-da-[am],"As soon as you see this my letter, send the Subarians who are under the shepherd's charge to Babylon.",akkadian-translation.csv
a-na-a-ku a-di ni-in-nam-ma- <ru > 2° i-na a[r] a [ r ] m a k i la tu-as-si,"Before we see each other, do not leave Larsa!",akkadian-translation.csv
5 sû-ha-ru-ia sa i-na du-u[n]-n[i]m wa-as-bu 2° 5 sû-ha-ra-tu-ia a-na i-si na-Si-e-em il-li-ka-ma,My five boys who reside in the farmstead and my five girls had gone to fetch wood.,akkadian-translation.csv
i-na pa-ni-tim i-nu-ma i-na z i m b i r ki a-na-ku 8 ' a-wi-lum u g u l a d am. g Ar . mes is-pu-ra-am-ma 9 ' 'n°°°sni-pa-at dumu . m e s k i — d e n . 1 f l—qf-in-ni su-nu-ti 10' a-pa-ad-ma,"formerly, when I (stayed) in Sippar, the honorable overseer of the merchants wrote to me and (thereupon) I imprisoned pledges on account of these sons of Itti-Enlil-qinni",akkadian-translation.csv
[du b]-pf an-ni-a-am i-na a-ma-ri-im [a n s e]. h i . a si-im-dam-ma [ù alt-ta it-ti-su-nu a-na °mé -db i 1. g i ki [all-kam-ma,"When you see this tablet, load the donkeys and come yourself with them to the town of E-Gibil,",akkadian-translation.csv
ga 10 g I n k ù. b a b b a r ga tu-ga-ba-lam'° g e -a-am dam-0-am ta-ak-lam i-na é i-na pI a-ap-tim i-«na»-ma-da-du-ni-ik-kum,"for these 10 shekels of silver which you will send me 10 one will measure out for you, in the house, at the window, barley of good and reliable quality for a value of 10 shekels of silver.",akkadian-translation.csv
i-nu-ma kum i-na erim -im sa q6.-ti-ka 1° erim -am lu-pu-ut-ma i-la-a-tim a-na su-ub-ti-si-na 1i-sa-a1-li-mu,"As soon as it has arrived with you, form a troop from the troop under your leadership, then they shall bring the goddesses safely to their dwelling places!",akkadian-translation.csv
P dEN.zU —i-qi-sa-am 9 i-l[i]-kam-ma 1° as-ku-u[n]-ma,Sin-iqisham has come and I have presented the matter.,akkadian-translation.csv
i-na u 4 -mi-Su-ma be-el-su-nu 16 . e g ir . r a 16 ' û-ul i mi i[d ma] a-[n] a ma-bar a-wi-lim 17 ' a-na °mL[U] x[ x x o it-t]a-la-ak,"During that time Bélsunu, the ... , did not stay put, but left for ... to (meet) the gentleman.",akkadian-translation.csv
ù a-na a . g à s e .gis . 1 3° a-bi n-ul na-di-i,"Moreover, I am not negligent towards the sesame field.",akkadian-translation.csv
"a °ar li bb i, i.ı illak",she will go where she wants,akkadian-translation.csv
7siglï ° (tnriakarn a-na i-ip-ri.-int .sa 10 a-Té(1)-ga(1)-ra-ma izi-i-pu-ru,7 shekels of tin to the messenger whom we sent to Tegarama.,akkadian-translation.csv
"annakarn ri şurdl1 hi-a-a a-na l"" famkö- rirrr ki-nim tia ki-ma -° cicr-cli-di-I►.ir-rrrr di na faırtlr.dr-ku•-nu lu ki-in",Deliver the tin and my textiles to a reliable merchant who is like yourselves; let your merchant be reliable.,akkadian-translation.csv
me-eh-ı°a-sù i.sti A-sür-la-ak-M-ku al-qi,I took its equivalent from Assur-taklaku.,akkadian-translation.csv
1 2/3 ma-na KB is-tt °IM-ba-ni DUMU Du-du,"1 2/3 mina of silver is owed by Adad-bâni, the son of Dudu;",akkadian-translation.csv
um-ma °I-dí-a¿-bu-[um-ma] a-na En-um-A-$ur ù A-lá-hi-im qí-b[i-ma],From Iddin-abum to Ennam-A$$ur and Alªhum:,akkadian-translation.csv
"la li-bi DINGIR-mc""a-hu-kà : MD""p° 52""ma-na : ú-hu-ta-li-iq",Against the will of the god your brother has caused the loss of some 30 minas of my silver.,akkadian-translation.csv
lu-qú-tám $a §a-lim-A-$ur $a i-na Ha-hi-im É I-sú-ri-ik [ù] me-er-ú I-dí-a-[bi-]im i%-bu-tù-ni-ma °a-ma¿-lá #up-pí-im $a dí-in A-limki $a Kà-ku-a ub-lá-ni a-na lu-qú-tim $í-a-tí En-na-Sú-in ù A-nu-li a-na §a-lim-A-$ur [ú-]lá i-tù-°ru¿,"As to the goods belonging to §alim-A$$ur that were in Hahhum in the house of Issu-arik, and which the sons of Iddin-abum seized - in accordance with the tablet with a verdict of the City that Kakuwa brought, Enna-Suen and Anuli must not raise claim against §alim-A$$ur with respect to these goods.",akkadian-translation.csv
°lu?¿ a-ni-a-ma me-er/-e me-tim a-na-ku,May it be like this: I am the heir.,akkadian-translation.csv
$í-bi4-kà lá-a%-ba-°at¿-ma,I shall seize your witnesses.,akkadian-translation.csv
a-h[u]-°a¿ / a-tù-nu ih-da-ma ha-ra-nam a-na %ú-ha-ri-im dí-na-ma ù i-a-°tí¿ ha-ra-nam dí-na-nim,"My dear brothers, take care to give a caravan to the servant, and then give me a caravan as well.",akkadian-translation.csv
1 ma-na KB ù 40 na-ru-uq ú-#ù-tù-um %í-ib-tám $a °MU¿.2.§È i-pá-ni a-wa-%a-i-[a] i-na li-bi4-ku-[nu] a-dí i$-tí §u-pu-na-ah-$u DUMU U$-ha-ta ù 80 na-ru-uq 2! DUG! %í-ib-tum $a MU.4.§È tal-qé-a,"1 mina of silver and 40 sacks of grain, the interest for 2 years, I charged to you before my departure – with §uppun-ah$u son of U$hata, and you received 80 sacks and 2 pots as interest for 4 years.",akkadian-translation.csv
ma-lá A-mur-dUTU i-%é-er I-ri-$í-im me-er-i-$u a-ma-kam °K¿B il5-qé-ú a-tù-nu lá tí-de8-a,Don’t you know how much silver Amur-§ama$ has taken there on the account of his son Iri$um?,akkadian-translation.csv
IGI I-lá-á$-ra-ni °DUMU Sú-kà-li-a¿ IGI °En-na-Sú-in¿ DUMU I-dí-a-°bi4-im¿,"Witnessed by Il‰-a$rann‰ son of Sukkalliya, by Enna-Suen son of Iddin-abum.",akkadian-translation.csv
13 ma-na KB %a-ru-pá-am En-um-A-$ùr DUMU Sú-in-na-da 5 1/3 ma-na KB %a-ru-pá-am Sú-in-na-da me-ra-$u il5-qé-ú i-na $í-im °x x x x¿,"Ennam-A$$ur son of Suen-nªdª has received 13 minas of refined silver, and Suen-nªdª his son has received 5 1/3 minas of refined silver from the proceeds of U$inalam’s wool.",akkadian-translation.csv
kà-ri-im Kà-ni-i$ %a-he-er GAL na-á$-ú-ni-ma ki-ma kà-ru-um i$-me-ú-ni ú a-tù-nu a-na kà-ri-im $u-kà-i-na-ma #up-pí-in °pá-ni-¿in $a $é-ep DUB.SAR DUMU I-ba-a ú [%ú-h]a-ri-im $a Ú-$í-na-lam ú #up-pá-am °a-ni¿-am $a $é-ep °Ili5¿-ba-ni Hu-ra-%a-num i$-tí kà-ri-im [Kà-ni-i$] a-na Bu-z[i]-a $í-ip-ri-im [$a A]-limki #up-pí $a-lá-á$-tù-ma $u-nu-tí [dí-na-($u)]-ma i-na IGI ma-[ah]-ri-ku-nu li-ip-qí-du-ma Bu-zi-a : a-na [A-lim lu-bi-i]l5-$u-nu,"too must submit to the colony, so that you, together with the Kanesh colony, give the two previous tablets transported by the scribe, Ibaya’s son, and U$inalam’s servant, plus this tablet transported by Il‰-bªni and Hura%ªnum to Buziya, the envoy from the City – those three tablets – so they entrust them in your presence in order that Buziya may carry them to the City.",akkadian-translation.csv
$u-ma #up-pí kà-ru-um a-na Bu-zi-a ú-lá i-ta-ad-nu tí-ir-ta-ku-nu li-li-kam-ma °lá¿-at-bi-a-ma lá-t[a]-al-kam-ma a-li ú be-li li-$u-ra-ni,"If the colony has not given the tablets to Buziya, send me word, so that I can set out and come so my city and my lord may give me justice.",akkadian-translation.csv
i-tù-°ur¿-ma a-na tí-ri e-°kál¿-[lim] a-na 40 ma-na KB a-na hu-bu-u[l] A-bu-[$]a-lim-ma i-ta-ad-na-[ni],he came back and handed me over to the palace officials for 40 minas of silver to cover the debt of Abu-$alim.,akkadian-translation.csv
a-na °lu-¿[qú-tim ] AN.NA ù [TÚG.HI.]A $a É A-$ùr-bé-el-a-[wa-tim] i-pí-iq-du $a ma-l[á] dí-in A-lim §u-Ku-bu-um ù a-hu-$u i-lu-ku-ni-m[a] §a-lim-A-$ùr a-na lu-qú-tim AN.NA ù TÚG.HI.A §a-lim-A-$ùr ù-kà-nu-ni,"For the goods, the tin and textiles that have been entrusted in A$$ur-b®l-awªtim’s house in accordance with the verdict of the City assembly §u-K¥bum and his brother will come and confirm §alim-A$$ur for the goods, the tin and textiles.",akkadian-translation.csv
um-ma §a-lim-A-$ùr-ma a-na I-dí-a-bi-im En-na-nim I-na-ah-DINGIR Ma-ma-hi-ir °En¿-um-/A-$ùr ù A-lá-hi-im qí-bi-m[a],"From §alim-A$$ur to Iddin-abum, Ennªnum, Inah-il‰, Man-mahir, Ennam-A$$ur and Ali-ahum:",akkadian-translation.csv
ITI.2 KAM ù ITI.3.KAM °a-$u-¿m[ì-kà] °a-na-dí-¿ma KB 10 ma-na ep-$a-ma ha-ra-nam a-na %ú-ha-ri-a dí-in-ma KB 10 ma-na a-ni-$a-am $a-°ak¿-[/$í-dam],"in 2 or 3 months I shall deposit in your name, so make at least 10 minas of silver, and give a caravan (transaction) to my servant, and let at least 10 minas of silver reach me here;",akkadian-translation.csv
[ù] $u-ma ha-ra-°an¿ sú-ki-nim En-na-Sú-[in] e-tí-tí-iq kà-ra-[am] mu-ùh-ra-ma a-r[e-e$] ra-bi4-%í-im $a A-l[imki] $í-ip-ru-um $a kà-ri-im i$-tí ra-bi4-%í-im le-tí-iq-ma a-li En-na-Sú-in wa-á$-bu a-ma-lá [dí-in A-limki ...],"And if Enna-Suen has gone overland by way of the narrow track, then confront the colony so an envoy of the colony travels overland to assist the attorney, in the company of the attorney, and wherever Enna-Suen may be they must ... in accordance with the verdict of the City ...",akkadian-translation.csv
a-[na] °$í¿-ip-ri $a A-limki ù a-li-ki qí-bi4-ma um-ma Kur-ub-I$tar ù ILLAT-sú-ma,To the envoys of the City and (other) travellers from Kurub-I$tar and his caravan:,akkadian-translation.csv
[a-n]a I-[sú-SUDx qí-bi-ma] um-ma §a-°lim-A¿-$ur-ma,To Issu-arik from §alim-A$$ur:,akkadian-translation.csv
2 1/2 ma-na 1/2 GÍN KI I-[...] [x] 1/2 ma-na KI! Ku-°za-zi¿[-im] °1/2¿ ma-na KI A-$ur-be-°el-a¿[-wa-tim] mì-ma a-nim KB %a-ru-pu-[um] $a $í-im NA4.GUG-tí-k[à $a] a-we-li a-ni-ú-tim Du-du i-na Ha-hi-im ú-ba-lá-kum,"2 ½ minas ½ shekel owed by I..., x ½ mina owed by Kuzªzum, ½ mina owed by A$$ur-b®l-awªtim, all this, refined silver, from the proceeds of your carnelian, from these men, Dudu will bring to you in Hahhum.",akkadian-translation.csv
2 m[a-na] 3 GÍN qá-dum $a-d[u-a-]tí-$u °Im¿-dí-DINGIR ub-lá-kum,Imd‰-ilum brought you 2 minas 3 shekels including its transport tariff.,akkadian-translation.csv
°$a¿ 7 ma-na «x ma-na» KB %a-r[u-p]u-um $í-im NA4.GUG-tí-kà : $u-ma %í-ib-tá[m i-]%é-er [(...)] °tám-¿[kà]-ri-kà il5-qé [$í-ma-am] °a-ma¿-lá #up-pì-im °$a¿ [ Du-du lu-ba-°li-¿[#a-kum],"About the 7 minas of refined silver, the proceeds of your carnelian – if he has taken interest from your merchant, then in accordance with the tablet of ... let Dudu credit you for the price.",akkadian-translation.csv
I-°tur4¿-DINGIR DUMU A-mur-I$tar tap-pá-i-°ni¿,It¥r-il‰ son of Amur-I$tar was our (absent) partner.,akkadian-translation.csv
°§ál¿-ma-A-$ùr a-%é-er A-mur-I$tar [ú-]#á-hi-ú-ni-a-tí-/ma um-ma §ál-ma-A-$ur-ma a-na A-mur-I$tar-ma,"§alim-A$$ur made us approach Amur-I$tar, and §alim-A$$ur said to Amur-I$tar:",akkadian-translation.csv
mì-$u-um $í-im TÚG-ba-tí-a °URUDU¿ ta-a%-ba-at,Why have you seized the copper that was the proceeds from my textiles?,akkadian-translation.csv
A-lúmki dí-nam i-dí-in-ma : §u-Be-lúm ù DUMU.MÍ °I!-sú!-SUDx¿ a-na §u-Ku-bi-im ù a-hi-$u lá i-tù-ru,The City assembly passed a verdict that §u-B®lum and Issu-arik’s daughter must not raise claim against §u-K¥bum and his brother.,akkadian-translation.csv
i-na Té-ga-ra-ma wa-á$-°ba¿-ku,I am staying in Tegarama.,akkadian-translation.csv
A-ni-nam a-%é-er A-$ur-ma-lik °ù¿ §ál-ma-A-$ur $a ki-ma i-a-tí KB ú-$é-bi4-il5-ma,"I sent Anninum to A$$ur-malik and §alim-A$$ur, my representatives, with the silver,",akkadian-translation.csv
§u-ma §u-Be-lúm ù En-[na-S]ú-in me-er-ú I-dí-a-bi4-im lá i-li-ku-ú-ma i$-tí [§ál-]ma-A-$ùr °lá¿ i-°na¿-me-ru-ú-ma a-li i-ma-gu5-ru-ni lá e-ta-wu-ú lu-qú-tám a-na «a-na» §ál-ma-/A-$ùr ú-$u-ru-ú,"If §u-B®lum and Enna-Suen, Iddin-abum’s sons, do not leave and meet with §alim-A$$ur and do not discuss in order to come to an agreement, then they must release the goods to §alim-A$$ur.",akkadian-translation.csv
A-ba °pá¿-$é-er a-wa-tim,Aba was the arbitrator.,akkadian-translation.csv
1 AN§E a-na $í-mì-im a-dí-$u-um ù 2 ku-ta-né-en a-na er-°bi4-im¿ a-$í-$u-um,"I offered him 1 donkey for sale, and I brought 2 kutªnus as an entrance gift to him.",akkadian-translation.csv
i-na <e->ra-bi4-$u-ma ITI.KAM i-lá-ak KB a-na <$a> ki-ma °$u?¿-a-tí / $u ú-$é-ba-°lá¿-ma °x x¿ ki-ma [x x]-dí-ú URUDU i-$a-[qal? x] °x x¿,"When he arrives one month will pass, and then he will send silver to his representatives, and ... he will pay in copper.",akkadian-translation.csv
26 ma-na KB %a-ru-pá-am ku-nu-ki $a ki-ma ku-a-tí i[$]-tù Bu-ru-u$-ha-dim °En¿-um-A-$ùr ú-$é-%í-am,Ennam-A$$ur has brought out 26 minas of refined silver sealed by your representatives from Buru$haddum.,akkadian-translation.csv
a-$u-mì $a DUMU I-ba-a ú a-na $í-bi4-kà kà-ra-am lá °$a-a-lam¿ a-%é-er ru-ba-im né-ru-ma,"Concerning the matter of Ibaya’s son, and in order not to raise questions to the colony about your witnesses, we went in to the king,",akkadian-translation.csv
i$-tù ha-mu-u$-tim $a °A-mur-I$tar¿ a-na 23 ha-am-$a-tim i-$a-qál,Reckoned from the week of Amur-I$tar he must pay within 23 weeks.,akkadian-translation.csv
KB-°áp¿-kà mì-ma ú-lá a-hu-ur,None of your silver is remaining.,akkadian-translation.csv
5 ma-na KB %a-ru-pu-um i-na $í-im SÍG.HI.A °$a Ú¿-$í-na-lam °Puzur4¿<-$a>-du-we DUMU Lá-qé-ep il5-qé,Puzur-$adu’e son of Lª-q®p has received 5 minas of refined silver from the proceeds of U$inalam’s wool.,akkadian-translation.csv
10 AN§E i-na $a-ha-at ú-nu-tí-kà [A-lá-]°hu¿-um : e-zi-ba-am,... 10 donkeys Ali-ahum left in support of your goods.,akkadian-translation.csv
a-na §a-lim-A-$ùr qí-bi-ma um-ma I-dí-a-bu-um I-tur4-DINGIR °x¿ [...] E-na-ah-DINGIR ù En-na[m-A-$ur-ma],"To §alim-A$$ur from Iddin-abum, It¥r-il‰, ..., Enah-il‰ and Ennam-A$$ur:",akkadian-translation.csv
a-na É bé<-tí>-kà né-ru-ub-m[a] #up-pé-kà ni-ip-té-ma #u[p-pá-am] $a hu-°bu¿-ul Ú-%ú-ur-$a-A-$ur DUMU A-$ur-ma-lik ù A-$ur-DÙG DUMU [Sá-da-a] nu-$é-li-ma a-na A-bu-[a ni-ip-qí-id],"We entered your house, opened for your tablets, took out the tablet concerning the debt of U%ur-$a-A$$ur son of A$$ur-malik and A$$ur-#ªb son of Sadaya, and entrusted it to Abuwa.",akkadian-translation.csv
$a 4 ma-na KB %a-ru-pá-am [i-%é-er] Ú-%ú-ur-$a-A-$ùr ù A-$ùr-°DÙG¿ [§a-lim-A-$ur] i-$u-ú i$-tù ha-mu$-t[im $a Ma-nu-ki-A-$ur] ù I-ku-nim a-na 6 ha-am-[$a-tim] i-$a-qú-lu,Concerning the fact that U%ur-$a-A$$ur and A$$ur-#ªb owe 4 minas of refined silver to §alim-A$$ur. Reckoned from the week of Mannu-k‰-A$$ur and Ik¥num they must pay within 6 weeks.,akkadian-translation.csv
$í-tí KB-pí-kà 1 1/2 ma-na 3 1/2 GÍN °KB¿ 10 GÍN a-[x] a-na sà-he-er-tí-$u-nu °a-dí-in¿,the rest of your silver: 1 mina 33 1/2 shekels of silver; I gave that for small goods.,akkadian-translation.csv
i-nu-mì §a-a[t-A-na] [a-]na mu-tim a-dí-nu [x] ma-na KB $a-wi-ri $a 5/6 ma-na 5 GÍN [KB] [a-]na °5¿ ku-ta-ni §À.BA 3 ku-ta-ni 11 GÍN.T[A] [i-tí] §u-ma-li-bi4-A-$ur : al-qé,when I gave §ªt-Anna to a husband: x mina silver: rings; for 5/6 mina 5 shekels of silver: 5 kutªnus; of those I got 3 kutªnus for 11 shekels a piece from §umma-libbi-A$$ur.,akkadian-translation.csv
ma-ma-an [K]°B¿ 1 GÍN ha-bu-lá-ni KB °ù¿ %í-ba-sú : $a-á$-qí-lá,and make anyone who owes me a single shekel of silver pay the silver and its interest.,akkadian-translation.csv
um-ma En-na-Sú-in ù En-um-A-$ùr-ma a-na Um-ma-za ù °Tù¿-ta-a,From Enna-Suen and Ennam-A$$ur to Ummaza and Tutaya;,akkadian-translation.csv
ITI.1.°KAM¿ Ku-zal-li [a]-na 2 ITI.KAM i-$a-qú-lu,Month Kuzallu; they will pay in 2 months.,akkadian-translation.csv
1 1/3 ma-na KB %a-ru-°pá¿-am i-na $í-im SÍG.HI.A $a Ú-$í-na-lam §u-Ku-bu-um DUMU E-na-ma-nim il5-qé IGI I-lá-á$-ra-ni DUMU Sú-kà-li-a IGI En-na-Sú-in DUMU I-dí-a-bi4-im,"§u-K¥bum son of Ennam-Anum has received 1 1/3 mina of refined silver from the proceeds of U$inalam’s wool. Witnessed by Il‰-a$rann‰ son of Sukkalliya, by Enna-Suen son of Iddin-abum.",akkadian-translation.csv
$a hu-bu-ul I-dí-a-°bi4-im¿ 13 1/3 ma-na KB %a-ru-pu<-um>,Concerning Iddin-abum’s debt of 13 1/3 minas of refined silver.,akkadian-translation.csv
ku-ta-ni SIG5 °ú¿ hu-sà-r[a-am] lá-á$-a-ma-kum-ma,I shall buy good kutªnus and lapis lazuli for you,akkadian-translation.csv
a-na-kam a-mu-tám °SIG5¿ hu-sà-r[a-am] SIG5 É A-limki a-mu-ur-ma,I have seen good iron and good lapis lazuli here in the City Hall,akkadian-translation.csv
a-hi a-ta i[-hi-id-ma AN.N]A ù TÚG.HI.A a-na KB ta-°e¿-er-/ma ù i-na ba-ab-tí-a KB 10 ma-na $a-á$-qí-lá-ma KB $é-bi-lam-ma,"My dear brother, take care to convert the tin and textiles to silver and then have some 10 minas of silver from my outstanding claims paid, and send me the silver",akkadian-translation.csv
§u-Be-lúm ú-kà-°al¿ #up-pá-am °ha¿-ar-ma-am $a ku-nu-uk ru-ba-im [$a a-dí M]U.1.§È a-wa-tám ta-d[u-nu-$u-ni],"§u-B®lum holds a certified tablet with the king’s seal, stating that you must give him a lawsuit within one year.",akkadian-translation.csv
Hi-na-a i-na [lá mu-dí-ú-]°tí-$u¿ um-ma Hi-na-a-ma,Without those who know about it Hinnaya informed him and said:,akkadian-translation.csv
um-ma §u-Be-lúm-ma [10 ma-na] KB $a Ku-°ku¿-zi-a ub-lá-ni $a-li-[i#],§u-B®lum said: “The 10 minas that Kuziziya brought is available.”,akkadian-translation.csv
[Hi-na-a] °i-na a-wa-tim i-bu-ma?¿ 10 ma-na [KB] [É DAM.GÀ]R °il5-qé-ma i$-qúl,Hinnaya gave in in the matter and borrowed 10 minas of silver from a merchant’s house and paid him.,akkadian-translation.csv
a-na A-bu-a-a A-$ur-DÙG A-dí-da-a En-nam-A-$ur A-lá-hi-im ù A-lu-a qí-bi-ma a-na A-$ur-DÙG qí-bi-°ma¿,"Adida, Ennam-A$$ur, Ali-ahum and Aluwa; specifically to A$$ur-#ªb:",akkadian-translation.csv
i-nu-mì DUMU A-zi-a ú ra-bi-%a?-am a-na Kà-ni-i$ a-na KB A-°$ur¿-i-dí : a-hi-kà pá-hu-°ri¿-im . i-li-°ku-ni¿? a-ta : ù $a ki-ma Ú-%ur-$a-A-$ur kà-ra-am %a-he-er ra-GAL : i-na ha-am-ri-im : tám-hu-ra-ma [#u]p-pá-am $a kà-ri-i[m] [tal-qé-a] $a 4 ma-na / KB [$a a-$]u-mì : A-$ur-i-dí °§a¿-lim-A-$ur : a-ta <ú> Ú-%ur-$a-A-$ur ta-pu-lá-ni kà-ru-um [d]í-nam i-dí-na-ku-nu-[tí]-ma 4 ma-na KB A-$ur-ba-ni i-$a-qal-ma : #up-pá-ak-ku-nu i-na É bé-et §ál-ma-A-[$ur] ú-$é-%a-am,"When Aziya’s son and the attorney went to Kanesh to collect your brother A$$ur-id‰’s silver, you and U%ur-$a-A$$ur’s representatives confronted the plenary assembly of the colony in the sacred precinct, and you received a tablet from the colony, concerning the 4 minas of silver for which §alim-A$$ur, you and U%ur-$a-A$$ur had taken responsibility because of A$$ur-id‰ – a tablet stating that the colony passed a verdict in your favour, that A$$ur-bªni is to pay the 4 minas of silver, and I shall produce your tablet from §alim-A$$ur’s house.",akkadian-translation.csv
$a ki-ma Ili5-ba-ni °ÌR¿ ù DAM.GAR-ru-$u : e-ru-bu-ma,"sentatives of Il‰-bªni, Wardum and his customers, came in(to the house)",akkadian-translation.csv
$a ki-ma ku-a-tí a-°na¿ É-°tí¿-kà e-ru-bu-ma #up-pí-kà ip-té-ú-ma #up-pá-am $a hu-bu-ul Ú-%ú-ur-$a-A-$ur ù °A-$ùr-DÙG¿ ú-$[é-l]i-ú-ma a-na A-bu-a ni-ip-qí-[du],"Your representatives entered your house, opened for your tablets and took out the tablet concerning the debt of U%ur-$a-A$$ur and A$$ur-#ªb and we entrusted it to Abuwa.",akkadian-translation.csv
[$]u-ma hu-sà-ra-am [t]ù-u$-té-li-a hu-sà-ra-am ù lá-qé-a-nàm a-n[a e]-lá-tí-im [x x] a-na A-limki $é-ri-°a¿-[nim],If you discover the lapis lazuli then give? the lapis lazuli and the one who took it to the caravan and have it brought to the City.,akkadian-translation.csv
e-zi-ib ba-áb-tim $a É.GAL-lim a-na 40 GÚ SIG5 : $a A-lá-ha-am ù Id-na-A-$ùr a-na $a ki-ma um-mì-a-ni ú-$a-zi-°zu¿,apart from the outstanding claim on the palace to 40 talents of good (copper) for which he had appointed Ali-ahum and Iddin-A$$ur to represent the investors.,akkadian-translation.csv
a-na %é-er bu-lá-tí $a a-bu-ni 3 GÚ ù 5 ma-na URUDU SIG5 $a Ma-ma-/hi-ir °na-dí¿,In addition to our father’s assets 3 talents plus 5 minas of good copper belonging to Man-mahir were deposited.,akkadian-translation.csv
i-na a-lá-ak [ILLA]T?-tim $a Ma-ma-hi-ir [A-l]á-hu-um ù [Da]m-qá-°a¿ °ú¿-$é-bu-l[u-ni-$]um,When Man-mahir’s caravan arrives Ali-ahum and Damqaya will send it to him.,akkadian-translation.csv
1 °ma-na 10 GÍN¿ KB $a tá[m-k]à-ru-um i-na %é-er : Ma-ma-hi-ir i-$u-ú : KB En-nam-A-$ur i$-qú-ul-ma #up-pu-$u a-na A-lá-hi-im ù Dam-qá-a e-zi-ib,"As to the 1 mina 10 shekels of silver that Man-mahir owes to the merchant, Ennam-A$$ur has paid the silver and left his tablet with Ali-ahum and Damqaya.",akkadian-translation.csv
[a-]na $a tí-tù-ri-im mì-ma a-ni[-im] °i¿-Kà-ni-i$-ma á$-qú-ul,for the bridge guard - all this I paid in Kanesh.,akkadian-translation.csv
6 1/3 GÍN AN.NA ni-[is-]°ha-tim i-na¿ [ba]-/té-e $a Lá-hu-ta °il5-qé¿-ú,6 1/3 shekels of tin as import duty they took at the border of Lahuta,akkadian-translation.csv
i$-[tù] Wa-á$-ha-ni-a a-dí Né-na-$a-°a¿ [x G]ÍN AN.NA ni-is-ha-tim [il5-qé-ú],From Wa$haniya to Nena$$a: they took x shekels of tin as import duty,akkadian-translation.csv
°KI§IB¿ §u-Be-lim DUMU I-dí-a-bi-im,Sealed by §u-B®lum son of Iddin-abum.,akkadian-translation.csv
1 ta-lá-né-en 2-ni-$u $u-hu-pá-ta-an mu-sà-ra-am 3-$í-$u $a-hi-ra-an 2 i$-ra-an ri-°i$¿-tám qá-ar-nam ú [x-]i 15 du-ul-ba-tum ú mu-lu-hu-um mì-[ma] a-nim %ú-«ZA»ha-ri ú-$é-bi4-lam,"1 pair of tallªnu, two pairs of boots, 1 belt, 3 pairs of $ahiru-shoes, 2 scarves, a first-class horn (of oil) ... 15 logs of plane tree and muluhu-wood – all this I sent to you with my servants.",akkadian-translation.csv
ú-ma-am i-a-tí a-na lá a-we-°lim¿ ta-al-qé-a-ni-ma lu-°qú-¿[tám] $a i$-tù A-limki i-na KB-pì-a tù-$é-%í-a-ni-ni a-na §u-Be-lim ù En-na-Sú-in me-er-e I-dí-a-bi-im tù-ta-$é-er,"But today you take me for a non-gentleman, since you have released the goods you led out of the City for my silver to §u-B®lum and Enna-Suen, Iddin-abum’s sons.",akkadian-translation.csv
KI§IB A-ku-za KI§IB La-li-im! °KI§IB¿ §u-Ku-bi-im DUMU A-zu KI§IB A-$ùr-i-mì-tí DUMU I-ku-pì-I$tar KI§IB I-tur4-DINGIR DUMU A-mur-I$tar,"Sealed by Akuza, by Lalum, by §u-K¥bum son of Azu, by A$$ur-imitt‰ son of Ik¥n-pi-I$tar, by It¥r-il‰ son of Amur-I$tar.",akkadian-translation.csv
§a-lim-A-$ùr °i%¿-ba-at-ni-/a-tí-ma um-ma $u-ut-ma a-na §u-Bé-lim ù En-na-Sú-/in-ma,§alim-A$$ur seized us and said to §u-B®lum and Enna-Suen:,akkadian-translation.csv
i-a-tí : a-na Bu-ru!-u$-ha-/dim i-na ma-°ak¿-sú-e-im a-na hu-bu-ul ÌR A-bu-$a-lim $a-[q]á-lim : °i-ra¿-de8-ú-ni a-ta : 30 TÚG ku-ta-ni ù AN§E %a-lá-ma-[a]m $a ÌR : ta-lá-qé-e,"”While they are going to lead me personally to Buru$haddum in fetters to pay the debt of the slave Abu-$alim, will you on the other hand take 30 kutªnu-textiles and a black donkey from the slave?”",akkadian-translation.csv
$u-ma 15 GÍN KB i-na a-lá-°ki-a¿ lá e$-ta-aq-°lu¿ a-na KB ù %í-ba-tí-/$u °$a¿ ki-li °ú?¿-u4-me-a a-tù-wa-ar-/$um,"If he has not paid 15 shekels of silver when I arrive, then I shall raise claim against him for the silver and the accrued interest for the entire period.",akkadian-translation.csv
16 1/2 GÍN KÙ.GI a-na i$-pá°-dí-lim¿ i-ba-$í,16 1/2 shekels of gold for night quarters(?) is available,akkadian-translation.csv
um-ma $u-nu-ma ke-na I-sú-ri-ik i-na ma-ah-ri-ni °e¿-ta-wu-$u-um um-ma $u-ut-ma ha-bu-ul : a-hi-kà : lu a-na-kam : lu i-na GÁNA-lim $u-qú-ul-ma ù a-lik-ma : i-na KB-áp a-hi-kà : le-qé : $u-ma [KB]-áp a-hi-kà lá-$u i-na na-ru-qí-kà : $u-qúl,"They continued: ""It is true that Issu-arik discussed with him in our presence and said: ‘Pay the debt of your brother, both here and abroad, and then go and take it again out of your brother’s silver. If there is no silver belonging to your brother, then pay out of your joint-stock capital.’""",akkadian-translation.csv
$a °DUMU En¿-na-nim #up-pá-am ni-i$-e-ma : lá-$u,As for Ennanum’s son we searched for the tablet but it was not there.,akkadian-translation.csv
a-ni-a-tim kà-°ru¿-um Kà-ni-i$ : %a-he-ra-bi4 i-dí-ni-ma #up-pá-am IGI GÍR $a A-$ur a-dí-in,The plenary assembly of the Kanesh colony has given me for these procedings and I gave a tablet before A$$ur’s dagger.,akkadian-translation.csv
$a 4 ma-na KB %a-ru-[pá]-am i-%é-er Ú-%ur-$a-A-$ur °ù¿ A-$ur-DÙG §a-lim-A-$ur [i-$]u-ú,Concerning the fact that U%ur-$a-A$$ur and A$$ur-#ªb owe 4 minas of refined silver to §alim-A$$ur.,akkadian-translation.csv
lu °i-ba-ba-tí-¿$[u] KB al-qé-ma a-na hu-bu-li-$u ú-$a-qí-il5,I took silver from his outstanding claims and paid to cover his debt,akkadian-translation.csv
[a]-na a-wa-tim °a¿-ni-a-tim kà-ru-um Kà-ni-i$ i-dí-ni-a-tí-ma IGI GÍR $a A-$ùr #up-pá-am [$a] $í-bu-tí-ni : ni-dí-in,The Kanesh colony gave us for these proceedings and we gave a tablet with our testimony before the dagger of Assur.,akkadian-translation.csv
ki-ma %ú-ha-ru-a a-dí u4-mì-im a-nim i$-lu-#ù-°ni¿-ma a[-%]é-er SIG5-pí-A-$ur lá e-tí-qú-ni-ma lu-qú-tí a-na KB lá ú-ta-e-ru-ni a-$í-a-tí : li-bi im-ra-a%-ma,"Since my servants have acted high-handedly until this day and have not travelled to Damiq-p‰-A$$ur, and have not converted my goods to silver – for that reason I became worried,",akkadian-translation.csv
a-hu-a : a-tù-nu a-dí $a a-za-ku-ú a-ma-kam i$-tí $a ki-°ma me¿-er-e um-me-a-nim $a °a-ma?-kam?¿ [wa-á$]-bu-ni a-we-li i-na a-wa-tim ma-qí-ta-ma pí-$u-nu li-im-dá-nim-ma u4-me-e $a $a-kà-nim li-i$-ku-nu-nim-ma a-na kà-ri-im qá-ri-ba-ni i-be-sa-e,"My dear brothers, until I clear myself, you there - together with the representatives of the affiliated traders who are staying there - should pester the men for the case, learn what they have to say and let them set the terms that are possible for them, and make me approach the colony.",akkadian-translation.csv
um-ma $u-nu-ma %í-i-ma a-wa-at-kà i$-tí Lá-qé-pí-im né-nu ni-ga-ma-ar-ma ù tí-ir-tí-ni i-lá-kà-kum-/ma a-ta bu-lá-tí-kà pá-hi-ir-ma ù u4-me-e $a $a-kà-nim ni-$a-kà-°kum¿,"They say: “Leave, we shall settle your matter ourselves with Lª-q®pum, and then send you word, so you yourself can collect your assets and then we shall set the terms for you as best we can.”",akkadian-translation.csv
[É] A-$ùr-be-el-a-wa-tim wa-á$-bu $a ki-ma Ili5-ba-ni °ÌR¿ ù DAM.GAR-ru-$u : e-ru-bu-ma um-ma $a ki-ma Ili5-ba-ni-ma ni-kà-sí : i$-tí-ni : $í-sí,"representatives of Il‰-bªni, Wardum and his customers, came in(to the house) and Il‰-bªni’s representatives said: “Settle accounts with us!”",akkadian-translation.csv
[$u-ma i-t]ù-ru §u-Be-lúm °ù ra¿-bi-%um ù-bu-bu-$u-nu,"If they do raise claim, §u-B®lum and the attorney will clear them.",akkadian-translation.csv
$u-nu i$-ku-nu-ni [$í-be] °$a¿ hu-bu-[ul] A-$ur-i-dí,have set witnesses – the witnesses to A$$ur-id‰’s debt,akkadian-translation.csv
NI : $u-°mì-¿[$u-n]u i-na tí-ir-[tí-kà] ú-dí-a-[ma],indicate their names in your message,akkadian-translation.csv
ù ni-a-tí A-$ùr-°x¿[...] ú-$a-zi-iz-ma,A$$ur-.. made precisely us representatives,akkadian-translation.csv
lu-qú-°tám¿ a-ni-[tám] i$-tí lu-[qú-tí]-$u i-$é-ep Ma-nu-um-[...] a-na [Bu-ru-u$-h]a-dim e-ru-ub-ma,"and those goods have entered Buru$haddum together with his goods, transported by Mannum-...",akkadian-translation.csv
30 ma-na °KB¿ ú-$é-%í-a-ma a-na [x ha-am-]$a-a-tim né-e$-qúl,and he produced 30 minas of silver and we paid within x weeks.,akkadian-translation.csv
a-%é?-er [...] 26 ma-°na KB¿ [$a $é]-ep A-$ùr-i-mì-tí ú [...] [n]i-i$-qú-ul,On top of ... 26 minas of silver from A$$ur-imitt‰’s transport ... we paid.,akkadian-translation.csv
$u-ma a-$í-tí-[...] KB #up-pá-am $a Ú-%ur-$[a-A-$ur] °il5¿-pu-ut,"(To determine) whether he has written a tablet about the rest of the silver concerning U%ur-$a-A$$ur,",akkadian-translation.csv
AN.NA-kà $a I-ri-$u-um ù A-bu-$a-lim °ir¿-de8-ú-°ni-ni¿,"Your tin that Iri$um and Abu-$alim conducted here,",akkadian-translation.csv
10 GÍN KB $é-bu-°ul¿[-tí] [En-na]m-A-$ù[r ...],"and 10 shek- els of silver, the consignment of Ennam- A$$ur ...",akkadian-translation.csv
°%ú¿-ha-ar-tim me-er-°a¿[-at-kà] KI ma-á$-kà-tí-a ú-$é-ra-a-ku-um,"of the girl, your daughter I shall have conducted to you together with my deposits",akkadian-translation.csv
a-dí $í-ni-$u ú $a-lá-$í-$u tí-ir-tí a-na A-limki i-li-kà-°ma!¿ um-ma a-na-ku-ma TÚG %ú-ba-tí $a i-na A-limki $a ki-ma Pí-lá-ah-I$tar ù dIM-GAL DUMU Bu-zi i$-ta-ú-mu-ni,"two or three times I sent word to the City, saying about the textiles that Pilah-I$tar’s representatives and Adad-rabi son of Buzi have been buying in the City”",akkadian-translation.csv
um-ma a-na-ku-ma TÚG.HI.A $a i-na Ha-ra-ba na-du-ni i-na pá-°ni¿-kà ta-áb-lá-$u-nu,"– I said: “The textiles that are deposited in Haraba, remove them personally.”",akkadian-translation.csv
a-na KB 1 ma-na ù 2 ma-na qá-qá-ad-kà lá ta-am-ha-a%-ma ma-a TÚG.HI-tù-a : °«PA» MA§KIM¿ a-dí u4-mì-im i-lá-pu-tù,"You did not pledge yourself for even 1 or 2 minas of silver, in fact, until the day the attorney books my textiles.",akkadian-translation.csv
3 ma-na KB $í-im pé-er-dim i$-tí Tù-um-li-°a¿-/im W[a-a]l-dí-DINGIR ub-lá-ku-nu-tí,"Wald-ilum brought you 3 minas of silver, the price of a mule together with the man from Tumliya.",akkadian-translation.csv
°ù¿ qá-dí KB ma-lá i$-tù Tù-um-li-a ú-bu-lu!-ni-ni 1 ma-na 10 GÍN KB i-li-bi4 I-tur4-DINGIR i-$u i-na qá-tí-$u le-qé-a ú-u[l] a-na $a ki-ma $u-a-tí °qí¿-bi-°a¿-ma li-i$-qú-lu-ku-nu-tí,"And together with the silver, as much as they will bring you from Tumliya, I have a claim on It¥r-il‰ of 1 mina 10 shekels of silver; receive it from him or say it to his representatives so they can pay it to you.",akkadian-translation.csv
5 ma-na KB i-%é-er Ga-al-ga-li-a A-lu DUMU A-°du¿<-du> ù Ha-ar-$u-nu-ma-an ku-um-ri-im $a dUTU [ú-mu-$u-nu] ma-al-ú ù °KB¿ i-n[a] qá-qá-ad $ál-mì-$u-nu ra-k[i-is],"Galgaliya, Alu son of Adudu and Har$unuman, the priest of the sun-god, (owe me) 5 minas of silver; their term has expired and they are jointly responsible for the silver.",akkadian-translation.csv
[x x p]í-a $a ni-i$ A-limki ú ru-ba-im ta-mu-ú lu ú-kà-°a¿[l],Keep in mind what was sworn by the City and the king!,akkadian-translation.csv
1/3 ma-na °8?¿ GÍN KB «a-na» SIG5-pì-A-$ùr i-dí-$u-um,Damiq-p‰-A$$ur gave him 1/3 mina 8 shekels of silver.,akkadian-translation.csv
1/3 ma-na KB °a-¿ma-kam dí-$u-um,Give him 1/3 mina of silver there.,akkadian-translation.csv
gám-ra-am $a ha-°ra-nim ú x x¿ 8 GÍN KB dí-$u-um,Travel expenses and ... – give him 8 shekels of silver.,akkadian-translation.csv
a-dí NA4.ZA.GÌN $a a-bu-ku-nu a-na Ma-ma-hi-ir i-dí-nu a-ma-kam $í-bi4-ku-nu °En-na¿-Sú-in : DUMU U$-[...] [x x]-A-$ùr ù tap-pá-°e¿[-$u-nu] a-na ba-áb DINGIR °x x¿ $é-ri-da-$u-nu-ma #up-pá-$u-nu $a $í-bi-ku-nu hi-ir-ma-ma a-URUDU ù a-na NA4.ZA.GÌN Ma-ma-hi-ir-ma %a-ab-ta-ma $í-im NA4.ZA.GÌN ú URUDU $a-á$-qí-lá-$u,"Concerning the lapis lazuli that your father gave to Man-mahir, lead your witnesses there, Enna-Suen son of U$..., ...-A$$ur and their partner down to the gate of the god, certify their tablets with your testimony and seize Man-mahir for the copper and the lapis lazuli, and make him pay the price of the lapis lazuli and the copper.",akkadian-translation.csv
a-na Ì-lí-e-mu-qí [§u-T]a-mu-zi A-bi-a-a °E¿-lá-a ù Lá-ma-sí qí-bi-ma um-ma A-dí-da ù A-lá-hu-um-[ma],"To Il‰-em¥q‰, §u-Tammuzi, Abiya, Elaya and Lamass‰ from Adida and Ali-ahum:",akkadian-translation.csv
3 1/3 ma-na KÙ.GI §a-lim-A-$ur a-na A-$ur-i$-tí-kál DUMU Sú-kà-lí-a a-°dí¿-im,§alim-A$$ur invested 3 1/3 minas of gold in A$$uri$-tikal son of Sukkalliya.,akkadian-translation.csv
KB ù né-ma-°al-$u¿ li-i$-qú-lu-ma,they should pay the silver and the accrued profit,akkadian-translation.csv
lá-ma té-er-ta-kà i-li-kà-ni : 11 GÚ URUDU SIG5 $a DÙG-%í-lá-A-$ur ha-bu-la-ku-ni a-ha-ma 3 GÚ 10 ma-na °URUDU¿ SIG5 [$]a A-ni-na ha-bu-la-ku-ni °ù¿-$a-á$-qí-il5-$u-nu,"Before your message arrived I made £ªb-%ill-A$$ur pay 11 talents of good copper which he owed to you, and also 3 talents 10 minas of good copper which Annina owed to you.",akkadian-translation.csv
1 ma-na 10 1/3 GÍN KB $a a-na A-ni-na ha-bu-°ul¿ lá-ma té-er-ta-kà i-li-kà-ni °KB¿ i-na ra-mì-ni-a °á$¿-qú-ul-ma : #up-pá-kà °ù¿-$é-%í-am,As to the 1 mina 10 1/3 shekels of silver which was owed to Annina - I paid the silver myself before your message arrived and I obtained your debt-note.,akkadian-translation.csv
$í-bi $a °ki¿ ma$-kà-na-tim $a °I-sú-SUDx¿ i$-ta-ku-nu : a-na °KÁ?¿ DINGIR $é-ri-da-$u-nu-ma,lead the witnesses whom Issu-arik kept appointing for deposits to the Gate of the God,akkadian-translation.csv
ù #up-pí $a I-dí-a-bi-im $a i-na ku-nu-uk §u-°EN.LÍL¿ A-mur-I$tar ú §u-A-nim kà-an-ku-ni a-dí a-lá-kà-ni lá ta-pá-té-a,"but Iddin-abum’s tablets which were sealed by §u-Illil, Amur-I$tar and §u-Anum you must not open until I arrive.",akkadian-translation.csv
KI I-ku-pì-a : tù-$a-hi-[ta-ni-ma] um-me-a-nu : a-bi4-ku-nu : ma-du-tù-[um] a-hu-ru-°ma KI¿ um-me-a-ni : a-bi-ku-[nu] $a-hi-ta-ni-ma : a-na ma-lá ga-me-er a-wa-tí-ni : ú-lá a-tù-ra-ku-nu-tí,"You have cleared me with Ik¥n-p‰ya, but many investors of your father remain, so clear me with your father's investors, and I shall raise no claim against you in accordance with those who settled our case.",akkadian-translation.csv
u4-ma-am : a-$a a-dí-ni : lá tù-$a-hi-[tù]-ni um-ma a-tù-nu-ma : $a-hu-ta-tí a-na me-er-e : §a-lim-A-$ur : lá ta-tù-°ar¿,"Today, not only have you not cleared me, but you say: ‘You are cleared! Do not raise claim against §alim-A$$ur's sons!'",akkadian-translation.csv
a-n[a a]-wa-tim a-ni-a-tim kà-ru-um °Dur4¿-hu-mì-it %a-he-er GAL i-dí-ni-a-tí-ma IGI GÍR $a [A]-$ùr $í-bu-tí-°ni¿ ni-dí-in,"The Durhumit colony in plenary session gave us for these proceedings, and we gave our testimony before A$$ur's dagger.",akkadian-translation.csv
$a $í-tí lu-qú-tí-kà URUDU $í-kam ú URUDU ma-sí-am e-re-qá-tim a-sí-dí-ir-ma a-na DUMU um-me-a-nim ke-/nim áp-nu-ma i$-tí e-re-qá-tí-$u-ma IGI A-lu-wa-ma i$-tù 10 u4-me-e i-ta-%a-ma KB ba-tí-iq ú-tù-ur i-$a-a-ma-ma : ma-lá KB i-za-ku-a-ni wa-ar-ki A-lu-wa-ma i$-tí a-li-ki ú-$é-ba-lá[-ku]-ma $í-im lu-qú-tí-kà °$a [$é]-pí-a °ú-¿ga-ma-ra-kum,"For the rest of your goods, $ikku-copper and washed copper, I have outfitted wagons and turned to a trustworthy affiliated trader, who left with his wagons before Aluwa 10 days ago, and he will buy silver, cheap or dear, and I shall send you what silver he clears before Aluwa with travellers, so I can complete the proceeds of the goods I transported for you.",akkadian-translation.csv
za-ku-sà : a-$a-°pá-ra¿[-kum],I shall send you a final report.,akkadian-translation.csv
[$í-t]í lu-qú-tí-kà ú-za-kà-ma ú a-ma-lá tí-ir-tí-kà [lu-q]ú-ut-kà $a Tí-me-el-ki-a : A-lá-hu-um °i¿-pá-qí-da-ma i$-tí KB A-lá-ha-am a-tá-ra-dá-ma,"I shall clear the rest of your goods and then Ali-ahum will entrust your goods from Timelkiya in accordance with your orders, and I shall send Ali-ahum with the silver",akkadian-translation.csv
$a 7 ma-na 7 GÍN AN.NA $a ni-ip-lá-tim $a Ku-zi-a a-na ILLAT-tim °ha¿-bu-lu AN.NA Dan-A-$ùr i$-qú-ul,Concerning the 7 minas 7 shekels of tin from the balance payment that Kuziya owes to the caravan – Dan-A$$ur has paid the tin.,akkadian-translation.csv
a-mì-ma a-wa-tim a-ni-a-tim na-á$-pè-er-tí i$-tù Ú-lá-ma a-%é-er A-$ur-i-mì-[tí (x) d]MAR.TU-ba-ni A-$ur-SIPA ú A-ku-°a¿ [LUG]AL?-dIM ub-lá-ma i$-ta-[qal],"§ar-Adad brought my missive about all these matters from Ulama to A$$ur-imitt‰, Amurrum-bªni, A$$ur-r®’‰ and Akuwa, and he paid it.",akkadian-translation.csv
a-na #up-pì-/°im¿ [$]a A-limki $a ra-bi4-%ú-/um [ub-l]á-ni ù $í-ma-tim [m]ì-ma ta-tù-ra-nim $a 7 um-me-a-nu a-wa-tí-ni ig-mu-ru-ni,“Do you contest the tablet from the City assembly that the attorney brought as well as the testament according to which 7 investors concluded our case?”,akkadian-translation.csv
um-ma §a-lim-A-$ùr-ma $a ni-i$ A-limki ta-mu-ú lu ú-kà-°al¿ ki-ma a-na a-wa-tim ga-am-ra-tim i-tù-[ru],"§alim-A$$ur said: “Keep in mind what has been sworn by an oath by the City, since he (now) raises claim in a concluded case!”",akkadian-translation.csv
a-na a-wa-tim [a-]ni-a-tim kà-ru-um Kà-ni-i$ [i-dí-]ni-[a-tí-ma $í-bu-tí-ni] °ni-dí-in¿,The Kanesh colony gave us for these proceedings and we gave our testimony.,akkadian-translation.csv
14 1/2 GÍN KB °KI¿ Ì-lí-dan DUMU §u-ki-tim,14 1/2 shekels of silver is owed by Il‰-dan son of §ukkutum.,akkadian-translation.csv
5 ma-na °x GÍN¿ KB KI Ha-zu-a-lá,5 minas x shekels of silver is owed by Hazuwalla.,akkadian-translation.csv
°Ì¿-l[í?-dan] ù Sá-li-°a¿ [DUMU] I-dí-A-$ùr [KB a-na] a-bi-ni ha-b[u-lu],Il‰-dan and Salliya sons of Iddin-A$$ur owe silver to our father.,akkadian-translation.csv
a-ha-ma 7 ma-na / 13 GÍN KB %a-ru-pá-am i-na KB-áp §a-lim-A-$ùr A-$ur-i-mì-tí il5-qé ù 50 na-ru-uq §E-um §À.BA mì-i$-lu-um °GIG¿ 7 5/6 ma-na 2 1/2 GÍN AN.N[A] qá-°sú¿ $a ILLAT-at A-$ur-ma-/lik ta-al-qé,"Further, 7 minas 13 shekels of refined silver from §alim-A$$ur’s silver A$$ur-imitt‰ received, and you received 50 sacks of grain, half thereof wheat, (and) 7 5/6 minas 2 1/2 shekels of tin, his share of A$$ur-malik’s caravan.",akkadian-translation.csv
1 ma-na / KB i-nu-mì °Ni¿-ku-ur °ú Ta-li¿ ub-lá-ku-ni il5-qé,He received 1 mina of silver when Nikur and Tali brought (it) to you.,akkadian-translation.csv
5 GÚ SÍG.HI.A $a ba-ri-ni É °I?-dí?¿-DINGIR i-bi-$í-ma tal-qé,"5 talents of wool belonging to us both was available in Iddin-il‰’s house, and you received it.",akkadian-translation.csv
°i-nu¿-mì i$-tù Ma-ma a-tù-ra-ni °x x¿ ta-á$-pu-ra-ni-ma 11 GÍN KB a-%ú-°ha¿-ri-im á$-qúl,"When I returned from Mamma you sent me ..., and I paid 11 shekels of silver to the servant.",akkadian-translation.csv
°um-ma¿ §a-lim-A-$ur-ma! a-na I-dí-a-bi-im E-na-nim I-na-ah-DINGIR I-ku-pí-a §u-I$tar ù En-nam-A-$ur qí-bi-ma,"From §alim-A$$ur to Iddin-abum, Ennªnum, Inah-il‰, Ik¥n-piya, §u-I$tar and Ennam-A$$ur:",akkadian-translation.csv
8 ma-na 13 GÍN KB A-$ur-ra-bi ù a-hu-$u DUMU A-ku-za ha-bu-lu-°nim¿,"A$$ur-rabi and his brother, the sons of Akuza, owe me 8 minas 13 shekels of silver.",akkadian-translation.csv
a-°$a¿-me-ma KB lá-[q]é,I hear that the silver has been received.,akkadian-translation.csv
8 ma-na KB i$-tí °x-(-x)¿li a-ni-i[m] °i$-tù¿ 4 $a-na-tim %í-ib-tám : ù-%a-áb,For the 8 minas of silver he must add interest with this ... for 4 years.,akkadian-translation.csv
°%í-ib-tám¿ $a $a-tim °i$?-¿tí-[in le-qé]-a-ma [ma-]li-a-nim,Take interest for a single year and ... pay in full.,akkadian-translation.csv
a-hu-a : a-tù-nu a-na tí-ir-tí-a ih-da ù a-na a-dí $a um-me-a-ni-a $a a-ma-kam wa-á$-bu-ni-ma á$-pu-ra-ku-nu-tí-ni ih-da-ma i-na a-[x $u-ba-a]l?-ki-ta-$u-nu-/ma a-%é-er °$a¿ [x x x t]um ma-ag-ru-ni-ni [té-er-ta-$]u-nu $í-im-a-nim-ma li-ba-am dí-na-nim-ma a-na kà-ri-im qá-ri-ba-ni,"My dear brothers, pay heed to my message, and do take care concerning the affair of my investors who live there, as I wrote to you, and ship them in ... and in addition to what ... that they agreed on, listen to their message and encourage me and bring me close to the colony.",akkadian-translation.csv
1 2/3 ma-na KB %a-ru-pá-am a-na da-tí-$u °té¿-ri-$a-ni-ma,You asked me for 1 2/3 mina of refined silver for his fees,akkadian-translation.csv
a-hi a-ta eb-ri a-ta a-na KB a-nim ú-#á-tám $a ma-hi-°x¿ ú i-na bé-tí-kà-ma ku-un-kà-$í-ma li-bi4-$í,"My dear brother and friend, for this silver buy? grain and let it be in your own house under seal.",akkadian-translation.csv
a-dí a-lá-kà-°ni¿ ú-#á-tám li-im-hu-ra-/ma a-na bé-tim e-ri-im lá e-ra-ba-am,"Let him receive the grain until I arrive, so I shall not enter an empty house.",akkadian-translation.csv
um-[ma] A-gi-a-ma i-na Kà-ni-i$ #up-pí $a hu-bu-ul a-bi-a a-°ta¿ lu $a-zu-úz-ta-kà [lu] °a¿-hu-kà : kà-li-ma-ni-ma [$u-ma] #up-pá-am $a ku-nu-uk °a¿-bi-kà ú-°lá¿ $í-bi : a-na ma-lá u4-me-a ú-la u$-té-li-a-ku-nu-tí a-na ma-lá #up-pí-a $a ku-nu-uk a-bi-ni hu-bu-li-ni ú-la a-tù-ar-ma lá a-na-pu-u$,"Agiya answered: “Show me, either you yourself or your agent or your brother, the tablets concerning my father’s debt in Kanesh, and if I have not produced for you the tablet sealed by your father or the relevant witnesses within my stipulated term, then it is indeed our debt in accordance with my tablet sealed by our fathers, and I shall not raise claim and I shall not complain.”",akkadian-translation.csv
[a-na] dMAR.TU-ba-ni [A-$]ùr-i-mì-tí &í-lu-lu §u-Ku-bi4-im [En]-nu-um-DINGIR A-$ùr-dan Ili5-ba-ni [En]-na-Sú-in LUGAL-dIM [ù] Zi-ki-ki : qí-bi-ma um-ma §a-lim-A-$ùr-°ma¿ #up-pá-am $a kà-ri-im Bu-ru-u$-ha-dim %a-he-er GAL ù #up-pá-am $a Ú-$í-na-lam DUB.SAR $a kà-ri-im Bu-ru-u$-ha-dim DUMU °I¿-[ba-a ú %ú]-ha-ru-um $a Ú-$í-n[a-lam] a-na k[à-ri-im] Kà-ni-i$ %a-he-er GAL a-$u-mì A-[bu-$a-lim] ÌR ub-lu-nim,"To Amurrum-bªni, A$$ur-imitt‰, &il¥lu, §u-K¥bum, Ennam-il‰, A$$ur-dan, Il‰-bªni, Enna-Suen, §ar-Adad and Zikiki from §alim-A$$ur: The scribe of the Buru$haddum colony, Ibaya’s son and a servant of U$inalam have brought a tablet from the plenary assembly of the Buru$haddum colony and a tablet from U$inalam to the plenary assembly of the Kanesh colony concerning the slave Abu-$alim.",akkadian-translation.csv
um-ma [$u-n]u-ma °16¿ li-me-e 40 ma-na URUDU $í-im SÍG.HI.A : A-bu-$a-lim ÌR a-na Ú-$í-na-lam ha-bu-ul,"They said: ”The slave Abu-$alim owes 16,040 minas of copper, the price of wool, to U$inalam.",akkadian-translation.csv
$í-ip-ru $a °A¿-[limki] ku-°lu¿-$u-nu-ma ù kà-ru-um Kà-[ni-i$] °#up-pí-$u¿-nu i$-ta-me-ú-ma um-m[a $u-nu-ma] Ú-$í-na-l[am t]ù-#á-áb,"When all of the envoys from the City and the Kanesh colony had heard their letters, they said: ”You will have to satisfy U$inalam.”",akkadian-translation.csv
KB a-na li-mì-im A-mur-A-$ur KB i-$a-°qál!¿-ma #up-pá-am $a 3 1/3 ma-na KÙ.GI $a §ál-ma-A-$ur a-na [A-$ur-i]$-tí-kál : $a-áp-ku li-mu-um,He will pay the silver to the eponym Amur-A$$ur and the tablet concerning 3 1/3 minas of gold that §alim-A$$ur invested in A$$uri$-tikal the eponym,akkadian-translation.csv
KI[§IB] Puzur4-Tí-a-am-tim KI§IB A-[$ur-i-mì-tí] DUMU E-ta-a KI§IB Ú-%ú-ur-$a-°A-$ur¿ KI§IB A-da-da DUB.SAR KI§IB A-$ur-[DÙG],"Sealed by Puzur-Ti’amtum, by A$$ur-imitt‰ son of Etaya, by U%ur-$a-A$$ur, by Adada, the scribe, and by A$$ur-#ªb.",akkadian-translation.csv
ù #up-pá-am $a [4] °ma-na¿ KB [$a] Ú-%ú-ur-$a-A-$ùr ù A-$ur-DÙG [i-na] bé-tí-kà nu-$é-li,and the tablet concerning 4 minas of silver concerning U%ur-$a-A$$ur and A$$ur-#ªb we took out of your house.,akkadian-translation.csv
Lu-lu En-nu-um-B[e-l]úm Pu-$u-ki-in Sá-sí-a En-um-A-$ùr DUMU A-ni-°nim¿ A-lá-hu-um DUMU Sú-kà-li-a I-dí-Ku-bu-um DUMU A-$ùr-°ma-lik¿ Ú-%ú-ur-$a-A-$ùr DUMU A-°gu?a?¿ I-lá-á$-ra-ni dEN.LÍL-°ba-ni¿ DUMU Za-za A-ba-sí-a DUMU d°Li?-/i-ba-a A-ku-ku Tù-ur-A-$ùr DINGIR-na-da DUMU A-$ùr-<na->da Sú-in-/na-da mì-ma a-wi-lu a-ni-ú-tum i-na pu-ùh-ri-im i-na kà-ri-im Bu-ru-u$-ha-dim u$-bu-ú um-ma $u-nu-ma,"Lulu, Ennam-B®lum, P¥$u-k®n, Sasiya, Ennam-A$$ur son of Anninum, Ali-ahum son of Sukkalliya, Iddin-K¥bum son of A$$ur-malik, U%ur-$a-A$$ur son of Aguwa, Il-a$rann‰, Illil-bªni son of Zaza, Abasiya son of Libbaya, Akuku, T¥r-A$$ur, Il‰-nªdª son of A$$ur-nªdª, Suen-nªdª - all these men sat in the assembly in the Buru$haddum colony, and they said:",akkadian-translation.csv
lá-á$-al-ma : $u-ma lá °ub-lu¿-nim É DAM.GÀR a-$a-am-ma a-$a-qá-lá-kum,"I shall ask, and if they did not bring it I shall buy it in a merchant-house and pay you.",akkadian-translation.csv
$í-ma-tim $a a-bi-ni tí-ir-tí a-dí 5-$í-$u á$-pu-ra-ki-ma ma-tí-ma tí-ir-tí ú-lá e-zi-ba-am-/ma úz-ni lá ta-°pá-tí¿-i ù li-ba-am ú-[lá] ta-dí-ni-im,"Concerning our father's testament I have written to you (fem. sing.) five times but no answer ever left for me, and you do not inform me or encourage me.",akkadian-translation.csv
um-ma a-na-ku-ma x-tí-i$ a-°ha¿-tí ú-za-kà ú bé-tí-$a ú-ba-áb-$í-ma pá-ni-$a %a-al-mu-tim ú-$a-an-wa-ar,"I said to myself: ""… I shall clear my sister, clean her house and lighten up her darkened face.""",akkadian-translation.csv
i-na °u4¿-mì-im $a #up-pí ta-$a-me-a-ni A-$ur-ma-sú-i ù a-tí me-eh-ra-at $í-ma-tim $u-ba-al-ki-ta-ma i$-tí A-lu-wa $é-bi4-lá-nim,On the day you hear my letter A$$ur-massu'‰ and you should have a copy made of our father's testament and send it with Aluwa.,akkadian-translation.csv
[i-na u4-mì-im] $a [(...)] [#u]p-°pì¿ t[a]-$a-me-ú [tí-]ib-a-nim-ma al-[kà]-/ni[m]-ma [É] a-bi4-ku-nu za-ki-a-ma [ù] a-tù-nu a ra-ma-ku-n[u] [za-]ki-a-ma KB $a É [A-]limki lá i-ma-id,the very day you hear my letter you (plur.) must set out and come and clear your father’s house – so that you yourselves may then clear yourselves and the debt in silver to the City Hall does not grow large.,akkadian-translation.csv
i$-tù a-°bu-kà¿ me-tù a-hu-kà : a-na °A-limki¿ #up-pá-am : ú-$é-°bi-lá¿-ma,After your father died your brother sent a letter to the City,akkadian-translation.csv
°i$-ra¿[-am a-na] qá-áb-li-kà Tù-ta-a n[a-á$-a-kum],Tutaya brings a belt for your waist.,akkadian-translation.csv
§a-lim-A-$ùr °i-na¿ A-limki a-na li-mì-im °ha-bu¿[-ul]-ma #up-pá-am $a $í-ip-kà-tim §a-lim-A-$ùr : ad-ma-°ku-ni¿ #up-pá-am : °$u¿-wa-tí qá-tí li-mì-im ú-kà-al-°ma¿ KB ù né-ma-al-$u °dí-in¿-ma °a-%é-¿[er] li-mì-[im l]i-li-ik-°ma¿ ù #up-pá-[am $a $í-]ip-kà-tí-kà a-na $a ki-ma : ku-wa-tí li-dí-nu,"§alim-A$$ur is indebted to the eponym in the City, and the tablet of the investment §alim-A$$ur made to you, that very tablet is in the eponym’s possession, so pay the silver and the accrued profit, let it go to the eponym and then he can give the tablet concerning your capital to your representatives.",akkadian-translation.csv
i$-tù (erasure) 3 $a-na-tim i$-°tù¿ Bu-ru-u$-ha-dim lu ta-li-°kam¿ ù a-na i$-té-en ù $í-na tap-pá-e-a KB ù né-ma-al-$u ta-dí-in,Three years ago you came from Buru$haddum and you have given the silver and the accrued profit to one or two of my partners.,akkadian-translation.csv
°a¿-h[u-a] [a-]tù-nu i-na re-i-[i$] ú-[nu-tí-a i-na] °É¿.GAL-lim i-zi-za-m[a m]ì-ma $[í-lu-tum] lá i-ba-$í-ma li-bi4 lá i-ma-[ra-a%],"My dear brothers, assist with my goods in the palace so there will be no unlawful activity and I shall not become worried.",akkadian-translation.csv
ki-ma ú-nu-tí i-na É.GAL-lim ur-[da-ni] 6 GÚ °6¿ ma-na AN.NA ku-nu-k[i ú] 30 ku-ta-ni qá-tám a-na En-[nam-Be-lim] dí-na-ma a-ma-lá #up-pì-$[u (...)] 55 2/3 ma-na 5 GÍN KB [%a-ru-pá-am] $a En-num-Be-lúm a-na 13 ITI.[KAM i-$a-qú-lu] 2 GÚ AN.NA ù 30 ku-ta-ni a-na Tí-i$-mu-ur-na a-%é-er En-na-nim $é-bi4-lá-ma KB le-p[u-u$],"When my goods come down from the palace, give 6 talents 6 minas of sealed tin and 30 kutªnus as a share to Ennam-B®lum, and in accordance with his tablet (stating) that Ennam-B®lum must pay 55 2/3 minas 5 shekels of refined silver within 13 months, send 2 talents and 30 kutªnus to Ti$murna to Ennªnum so he can make some silver.",akkadian-translation.csv
1 GÚ URUDU ma-sí-am [$]a É? $a-ni-a-am SIG5 [x] °$a¿ [x x] °ù¿ ha-ra-ni-/a [$é-b]i4-°lam-ma ma mì [x ma-]na TA URUDU [ú] °e¿-li-i$ $a 10 ma-na °KB¿ URUDU ma-as-a-am le-qé-a-/ma tí-ir-ta-kà li-li-kam-ma KB [a]-na-kam lá-á$-qú-ul,"Send 1 talent of washed copper ... the other ... of good quality ... on my journey ... and take washed copper for 10 minas of silver at the rate x minas of copper or higher, and send me word so I may pay the silver here.",akkadian-translation.csv
KI§IB En-na-nim DUMU A-la-bi-im KI§IB Dan-A-$ùr DUMU Ir-nu-°id¿ KI§IB Bu-zu-a DUMU A-$ùr-DÙG? KI§IB A-du-da DUMU Zu-ú-a,"Sealed by Ennªnum son of Ali-abum, by Dan-A$$ur son of Irnuid, by Buzuwa son of A$$ur-#ªb, by Aduda son of Zuwa.",akkadian-translation.csv
a-°pu¿[-tum a]-ma-kam lu-qú-tám %a-áb-ta,"Urgent, seize the goods there.",akkadian-translation.csv
i-tí-$u °na¿-a%-bu-tá-ku,I am engaged in a conflict with him.,akkadian-translation.csv
KI§IB Ku-ku-a DUMU Ma-nu-ki-ì-lí-a KI§IB Da-da-a DUMU Bu-zi KI§IB Ì-lí-dan DUMU I-dí-/A-°$ùr¿,"Seal of Kukuwa son of Mannu-k‰-ilia, seal of Dadaya son of Buzi, seal of Il‰-dan son of Iddin-A$$ur.",akkadian-translation.csv
21 GÚ $a-áp-tám $a Kà-né-e$ $a É.GAL-lim En-um-A-°$ùr¿ DUMU §ál-ma-A-$ur a-na Ì[-lí-dan] i-na Ku-bur-na-at i-$[a-qal-ma] %ú-ha-ru $a En-um-A-$ur §a-lim-ar-/dí 21 GÚ SÍG.HI.A i-na Ku-bur-na-at ú-sà-na-aq-$u-ma AN§E.HI.A $a En-nam-A-$ur SÍG.HI.A a-na Tù-ku-ub-tù ú-$é-ru,"Ennam-A$$ur son of §alim-A$$ur shall give 21 talents of wool from Kanesh, from the palace, to Il‰-dan in Kuburnat, Ennam-A$$ur’s servant §alim-ward‰ shall check the 21 talents of wool in Kuburnat, and on Ennam-A$$ur’s donkeys they shall release the wool to Tukubtu.",akkadian-translation.csv
1 1/3 ma-na KB a-ru-°pá¿-am i-na $í-im SÍG.HI.A $a Ú-$í-na-lam §u-Ku-bu-um DUMU E-na-ma-nim il5-qé,§u-K¥bum son of Ennam-Anum has received 1 1/3 mina of refined silver from the proceeds of U$inalam’s wool.,akkadian-translation.csv
um-ma §a-lim-A-$ùr[-ma] a-na I-dí-a-bi-im Lá[-qé-pì-im] °E-¿na-ah-DINGIR ù En-um-A-$ùr qí-b[i-ma],"From §alim-A$$ur to Iddin-abum, Lª-q®p, Enah-il‰ and Ennam-A$$ur:",akkadian-translation.csv
[i-]nu-mì Kà-ar-w[a-a ù] Pu-$u-ke-en6 kà-ru-u[m (...)] a-na $í-ip-ru-tim a-$u-[mì] da-me : $a DUMU A-lá-hi[-im] ù KB hu-lu-qá-e a-na [B]u-ru-u$-ha-dim i$-pu-ru [i]-na pu-ùh-ri-im me-er-[e ...] °ú¿-$a-zi-iz [...],"When the colony sent Karwaya and P¥$u-k®n as envoys to Buru$haddum because of the blood-money for Ali-ahum’s son and the lost silver, I had the sons of ... stand up in the assembly ...",akkadian-translation.csv
1 BANE§ Ì.GI§ #á-ba-am 15 QA ri-i$-tám 1/3 ma-na 2 GÍN sà-am-tám me-at °sí¿-kà-$a-ru mì-ma a-ni-im a-na qá-tí-$u a-dí-in,"30 litres of sweet oil, 15 litres of first class oil, 22 shekels of carnelian, 100 sikkan$arru- stones – all this I gave him to dispose over.",akkadian-translation.csv
En-um-A-$ùr A-lá-°ha¿-am i$-al,Ennam-A$$ur questioned Ali-ahum.,akkadian-translation.csv
me-er-°ú¿ me-tim né-nu,We are inheritors.,akkadian-translation.csv
i$-tù-ma $a a-hi-°im¿ ù ib-ri-im lá ta-$a-me-ú ba-a-am a-%é-er 4 um-me-a-ni $a ki-ma a-bi-ni lu ni-li-ik-ma lu-$é-$í-ru-ni-a-tí-ma,"Since you will not listen to what brother and friend say, then come on, let us go to the 4 investors who represent our father, let them set us straight",akkadian-translation.csv
lu KB i-ba-áb-tí-a Lá-qé-ep im-hu-ur lu $a $é-ep E-wa-ru-mu-$a i-ri-ih lu 1 1/2 ma-/na KB ú 3 1/6 GÍN KÙ.GI $a i$-tí am-tí-a i-ba-$í-ú $í-ma-am ma-ah-°ra¿-am $a ba-lá-#í-a $a-ma-ma i$-tí E-wa-ri-mu-$a $é-bi4-lá,"Whether Lª-q®p has received silver from my outstanding claims or anything remains from Ewarimu$a’s transport, or the 1 ½ mina of silver and 3 1/6 shekels of gold that is with my maid – make first a profitable purchase for me and send it with Ewarimu$a.",akkadian-translation.csv
a-na hu-bu-ul §a-lim-A-/$ur $a i-na A-limki ha-bu-lu ma-ma-an KB i-na eq-lim °lá¿ i-lá-qé,"as for the debt that §alim-A$$ur owed in the City, noone could take any silver abroad.",akkadian-translation.csv
ma-ma-an $a °il5-qé-¿ú ú-ta-ar,Whoever took any would have to return it;,akkadian-translation.csv
°i¿-nu-mì : a-na-ku ù A-ba-ba [a-%]é-er Ì-lí-dan e-tí-qú-ni [i-na h]a-ra-nim lu a-dí u4-mì-im [a-nim n]i-is-hu-ru-ma : a-wa-sú [ni-i]b-tù-qú-ni ú i$-tù Ku-bu-ur-na-at a-dí Dur4-hu-mì-it ni-tù-ru-ni,"When I and Ababa travelled to ll‰-dan we were delayed on the journey until this very day, and we dropped his case; then we returned from Kuburnat to Durhumit",akkadian-translation.csv
ki-°ma¿ a-we-lu ma-du-tum lá-pu-tù-ni na-á$-pè-er-tám lá nu-$a-á$-me-ma ni-ip-nu-$u-ma : um-ma né-nu-ma,"Since many men were noted down, we have not let anyone hear the missive, but we confronted him and said:",akkadian-translation.csv
°um-ma ru-ba-¿ú-um-ma be-el a-wa-tim li-li-kam-ma lá ta-<ma->ha-ra,and the king said: ”Let the litigant come and do not confront (the assembly).”,akkadian-translation.csv
35 TÚG SIG5 wa-at-ru-tim i-na qé-°er¿-bi-im 3 ku-[ta-]nu $a i-na ku-nu-/ki $a Ì-lí-we-da-ku kà-an-ku-ni i-a-°tí¿-ma i-lu-ku §UNIGIN 6 me-at ú 38 TÚG ku-nu-ku-a e-zi-ib $a kà-%a-ri,"35 textiles of extra-fine quality, thereof 3 kutªnu-textiles that were sealed with Il‰-w®dªku’s seal, but which are reserved for me – in all 638 textiles under my seal, apart from those belonging to the harnessors;",akkadian-translation.csv
a-ha-ma 46 TÚG lu a-ba-ar-ni-/ú lu ku-ta-nu SIG5 wa-at-ru-°tum¿ lu kà-am-sú-tum lu ni-ib-ra-[ru],"further, 46 textiles, both Abarnian, kutªnu-textiles of extra-fine quality, kamsu-textiles and nibrªru-textiles.",akkadian-translation.csv
2 TÚG ku-ta-nu $a °§é-ep-I$tar¿ 3 ku-ta-nu $a A-$ùr-kà-$í-i[d] 3 ku-ta-nu $a §u-Nu-nu 2 ku-ta-nu $a A-ta-ta 3 ku-ta-nu $a Lu-lu 2 ku-ta-nu $a A-$ùr-SIPA §UNIGIN 17 TÚG ku-ta-nu $a kà-%a-ri-im,"2 kutªnu-textiles belonging to §®p-I$tar, 3 kutªnus belonging to A$$ur-kª$id, 3 kutªnus belonging to §u-N¥nu, 2 kutªnus belonging to Atata, 3 kutªnus belonging to Lulu, 2 kutªnus belonging to A$$ur-r®’‰ – in all 17 kutªnu-textiles belonging to a harnessor.",akkadian-translation.csv
°64¿ e-ma-ru ú-nu-sú-nu,64 donkeys and their harness;,akkadian-translation.csv
2 TÚG bu-ra-°ú¿ SIG5,"2 burª’u-textiles of good quality,",akkadian-translation.csv
ba-a-am URUDU $a Dur4-hu-mì-it bu-lá-tí lu? ni-al-qé-a-am-ma a-ma-lá dí-in A-limki i$-tí-kà a-na A-limki lu ni-lik-ma i-na bu-lá-tí $a a-bi-ni li-ma-am lu nu-#á-/ib-ma i-na $í-ma-tí-ni $a a-bi4-ni °$a¿ A-limki i$-tí a-hi-a ù a-h[a-tí-a] [x x x x x ] ra-bi-%ú-um x [...],"Come on, let us take the copper in Durhumit, the assets, and let us go with you to the City in accordance with the verdict of the City and let us satisfy the eponym with the assets of our father and let me discuss the testament of our father in the City with my brother and my sister ... the attorney ...",akkadian-translation.csv
ih-da-ma i-na [pá]-ni-im-ma pu-°ùh¿-ri-im [ta-e]-ra-ma : A-lam5 ki mu-ùh-ra-/ma,"and take care to react at the first assembly-meeting and confront the City,",akkadian-translation.csv
[a-na] ma-lá $a na-r[u-q]í-im ki-/ma [a-wa-t]um $a A-limki [da-na]-a-ni-/ma [#up-pu-um] GÁN-lam5 ú-ku-$a-ni [a-na A-l]imki °ta-e-¿ra-ma,"turn back to the City concerning the joint-stock capital since the orders of the City are strict, and the tablet abroad has been superseeded,",akkadian-translation.csv
[#up-p]á-am $a dí-in A-limki [le]-qé-a-nim-ma $a ki-ma $í-ma-at [§]a-lim-A-$ùr $a A-limki ra-bi-%a-/ni-ma #up-pu-um «°$a? §a-lim¿» $a §ál-ma-°A-$ùr¿ $a ba-áb né-bi-ri-$u a-wa-sú i[q-b]i4-°ú?-ma¿ #up-pu-um a-na °I-li-a DUMU E-lá-¿lí pá-aq-du-/ni #up-pu-um $u-ut °i-mu-tù-ni¿,"and get a tablet with a verdict of the City stating that since the will of §alim-A$$ur of the City lies around, the tablet of §alim-A$$ur in which he spoke his will when he passed away, and which was entrusted to Iliya son of Elªli, that this tablet will be invalid.",akkadian-translation.csv
#up-pá-°am¿ $a dí-in A-limki le-qé-a-nim-ma $a ki-ma #up-pu-um $a a-na °I¿-li-a pá-aq-du-ma i-mu-tù-/ni ù ma-ru §a-lim-A-ur a-na A-limki i$-tí MA§KIM i-lu-ku-ni-ni-ma a-na $í-ma-tí-$u-nu $a A-limki e-ta-ú-ni,Get a tablet with a verdict of the City stating that the tablet which was entrusted to Iliya is invalid and that the sons of §alim-A$$ur shall go to the City with the attorney and debate on the basis of their will (made) in the City.,akkadian-translation.csv
a-wa-tù-$u-nu $a §ál-ma-A-$ùr §u-Bé-lam ki-ma DAM I-sú-°SUDx¿ DUMU.MÍ I-sú-SUDx,"Their case concerning §alim-A$$ur – §u-B®lum for the wife of Issu-arik, the daughter of Issu-arik.",akkadian-translation.csv
4 GÚ AN.NA ù it-ra-sú ku-nu-ki $a A-limki 20 ku-ta-ni qá-dum 12 ku-ta-ni ma-#í-°ú-tim¿ $a li-wi-tim a-ha-ma 20 ku-ta-ni qá-tám $a e-kál-lúm a-na $í-mì-im il5-qé-ú a-na qá-tí §a-lim-A-$ùr #á-ah-ú §UNIGIN 40 ku-ta-ni ù 5 AN§E.HI.A %a-lá-me i-na lu-qú-tim $a $é-ep §u-Ku-bi-im i-li-kà-ni §a-lim-A-$ùr il5-qé,"4 talents of tin plus its extras, sealed in the City, 20 kutªnus including 12 kutªnus of low quality for wrapping, further, 20 kutªnus, the share that the palace took for pre-emption, have been transferred to §alim-A$$ur’s account – in all §alim-A$$ur has received 40 kutªnus and 5 black donkeys from the merchandise that arrived with §u-K¥bum’s transport.",akkadian-translation.csv
$í-°tí %ú¿-ba-tí-$u 45 ku-ta-nu qá-du-um %ú-ba-tí-$u SIG5 ku-nu-ku $a §u-Ku-bi-im É §a-lim-A-$ùr i-ba-$í-ú,"The rest of his textiles, 45 kutªnus including his textiles of good quality, are in §alim-A$$ur’s house under §u-K¥bum’s seal.",akkadian-translation.csv
[up]-pá-am lu ni-il5.qé-ma $u-ma °a¿-[b]u-kà Puzur2-A-$ur i-%é-er I-dí-a-bi4-im a-bi4-a i-$u-ú a-%é-er ku-nu-uk a-bi-a ù a-na-ku lá-[x],"Let us take the tablet and if your father Puzur-A$$ur had any claim on my father Iddin-abum, then on top of my father’s seal I too shall ...",akkadian-translation.csv
ba-a-nim [a-ma-lá] #up-pí-im $a A-limki [KB ma]-lá i-n[a li-bi-ku-nu] [x x x]-ma tí-°ni¿[...] KB $u-uq-lá-ma ku-un-kà-ma a-na A-limki al-kà lá tù-na-a-ni,"Come, in accordance with the tablet of the City pay the silver for which you were noted in the tablet, seal it and go to the City. Do not cheat me.",akkadian-translation.csv
um-ma A-lá-hu-um-ma ba-a-am °ma¿-lá a-bu-ni i-na li-bi-ni KB i-dí-ú-ni lu ni-i$-qú-ul-ma ú i$-té-e ra-bi-%í-im lá-li-kà,"Ali-ahum answered: ""Come, let us pay what silver our father set down as owed by us and then let me go with the attorney.""",akkadian-translation.csv
um-ma En-um-A-$ùr-ma a-na ra-bi-%í-im-ma a-na pu-tí-a-ma $a-lá-ni-ma ú lá-pu-ul-kà-ma ú a-pu-tí-a-ma °lá¿-li-ik,"Ennam-A$$ur answered the attorney: ""Question me right here, and then I shall answer you and I shall leave right now.""",akkadian-translation.csv
[a-na En-nam-]°A-$ùr¿ [ú A-la-]hi-im me-er-e [§a-l]im-A-$ùr,"to Ennam-A$$ur and Al-ahum, the sons of §alim-A$$ur",akkadian-translation.csv
AN.NA-kà $a I-ri-$u-um ù A-bu-$a-lim °ir¿-de8-ú-°ni-ni¿ [e-ri-q]á-tum [...] °a-¿na ma-lá [(...)] tí-ir-tí-kà a-n[a] Bu-ur-u$-ha-[dim] ú-$é-ru-bu-ma,"Your tin that Iri$um and Abu-$alim conducted here, .... wagons in accordance with your orders they will bring it into Buru$haddum",akkadian-translation.csv
°%ú¿-ha-ar-tim me-er-°a¿[-at-kà] KI ma-á$-kà-tí-a ú-$é-ra-a-ku-um ù lu-qú-at-kà ú-za-kà-a,"of the girl, your daughter I shall have conducted to you together with my deposits and then I shall clear your goods.",akkadian-translation.csv
40 GÚ URUDU SIG5 $a um-me-a-ni : §a-lim-A-$ur ta-pu-°lu¿-ni a-na ma-lá : na-á$-pè-er-tí-$u-nu i$-tù ITU.1.KAM hu-bu-ur li-mu-u[m] A-$ur-ma-lik DUMU A-lá-hi-im : URUDU al-[qé],"I have received the 40 talents of good copper about which you reached an agreement with §alim-A$$ur's investors, in accordance with their missive dated month Hubur, eponymy A$$ur-malik son of Ali-ahum.",akkadian-translation.csv
um-ma a-ta-ma a-ma-kam a-na °KB 1 GÍN¿ e-né-ki a-hi-e-i$ ra-°ki-is¿,“Your eyes are fixed together on every shekel of silver.,akkadian-translation.csv
°x-x¿-I$tar e °ú%¿-ri-ma e tù-ú%-a-am,Do not guard ...-I$tar lest she leaves to come here.”,akkadian-translation.csv
§À.BA 5/6 ma-na °ni¿-is-ha-at AN.NA-ki-$u a-na É kà-ri-im ni-dí-in,"Of that we paid 5/6 mina, the import duty for his tin to the office of the colony.",akkadian-translation.csv
4 GÚ AN.NA ù it-ra-sú ku-nu-ki $a A-limki 20 ku-ta-ni qá-dum 12 ku-ta-ni ma-#í-°ú-tim¿ $a li-wi-tim a-ha-ma 20 ku-ta-ni qá-tám $a e-kál-lúm a-na $í-mì-im il5-qé-ú a-na qá-tí §a-lim-A-$ùr #á-ah-ú,"4 talents of tin plus its extras, sealed in the City, 20 kutªnus including 12 kutªnus of low quality for wrapping, further, 20 kutªnus, the share that the palace took for pre-emption, have been transferred to §alim-A$$ur’s account",akkadian-translation.csv
1 ma-na KB ù 40 na-ru-uq ú-#ù-tù-um %í-ib-tám $a °MU¿.2.§È i-pá-ni a-wa-%a-i-[a] i-na li-bi4-ku-[nu] a-dí i$-tí §u-pu-na-ah-$u DUMU U$-ha-ta,"1 mina of silver and 40 sacks of grain, the interest for 2 years, I charged to you before my departure – with §uppun-ah$u son of U$hata",akkadian-translation.csv
a-ma-kam a-na °KB 1 GÍN¿ e-né-ki a-hi-e-i$ ra-°ki-is¿,Your eyes are fixed together on every shekel of silver.,akkadian-translation.csv
$a a-dí ik-ri-bu u$-té-ru?-bu-ni ú KB $a É A-limki u$-ta-bu-ú-ma : ma-ma-°an¿ i-na um-me-a-an §a-lim-A-$ur,"stating that until they bring in the votive offerings and the silver of the City Hall has been paid in full, noone among the investors of §alim-A$$ur may make demands.",akkadian-translation.csv
KI§IB §a-lim-A-$ùr DUMU I-¿[sú-SU]Dx a-na En-um-A-$ùr DUMU Ú-°zu¿-/a Ha-na-a I-dí-Ku-bi4-im °A-$ur¿-i-mì-tí DUMU Du-dí-ki [En-u]m-A-$ùr ù A-l[á-hi-i]m,"Sealed by §alim-A$$ur son of Issu-arik; to Ennam-A$$ur son of Uzuwa, Hannaya, Iddin-K¥bum, A$$ur-imitt‰ son of Dudiki, Ennam-A$$ur and Ali-ahum.",akkadian-translation.csv
2 me-at 7 ma-na URUDU $í-kam : $a i-%é-er I-tur4-DINGIR ù °E-¿lá-[li] DUMU me-er-e Puzur4-A-[na] §ál-ma-A-$ur i-$u-ú URUDU ki-ma §ál-ma-A-$[ur] [En-um-]A-$ur me-ra-[$u] [il5-qé],207 minas of $ikku-copper that It¥r-il‰ and Elªli sons of Puzur-Anna owe to §alim-A$$ur – on behalf of §alim-A$$ur his son Ennam-A$$ur has received the copper.,akkadian-translation.csv
[i-na u4-mì-im] $a [#u]p-°pì¿ t[a]-$a-me-ú [tí-]ib-a-nim-ma al-[kà]-/ni[m]-ma [É] a-bi4-ku-nu za-ki-a-ma,the very day you hear my letter you (plur.) must set out and come and clear your father’s house,akkadian-translation.csv
i$-tù a-°bu-kà¿ me-tù a-hu-kà : a-na °A-limki¿ #up-pá-am : ú-$é-°bi-lá¿-ma mì-ma ú-nu-tám : i-°na¿ É a-/bi-kà i-ba-$í-ú : i-na °qá?-¿[at],After your father died your brother sent a letter to the City and all the goods that were in your father's house you/she brought outside into your brother's hands.,akkadian-translation.csv
ù a-hu-[$u] °i¿-lu-ku-ni-[ma §]a-lim-A-$ùr a-na lu-qú-tim AN.NA °ú¿ TÚG.HI.A §a-lim-A-$ùr [ú-k]à-nu-ni,"§u-K¥bum and his brother will come and confirm §alim-A$$ur for the goods, the tin and textiles.",akkadian-translation.csv
i$-tù-ma $a a-hi-°im¿ ù ib-ri-im lá ta-$a-me-ú ba-a-am a-%é-er 4 um-me-a-ni $a ki-ma a-bi-ni lu ni-li-ik-ma lu-$é-$í-ru-ni-a-tí-ma tám-kà-ri : a-bi-ni lu nu-#á-ib-ma ù a-na A-li[m]ki : a-na %é-er a-ha-tí-ni gu5-ba-áb-tim lu ni-li-ik-ma : a-na ma-lá $í-ma-at : a-bi-ni $a A-limki : lu ni-iz-ku,"Since you will not listen to what brother and friend say, then come on, let us go to the 4 investors who represent our father, let them set us straight and let us please our father's customers - and then let us go to the City to our sister, the priestess, and let us clear ourselves in accordance with our father's will that is in the City.",akkadian-translation.csv
ù 50 na-ru-uq §E-um §À.BA mì-i$-lu-um °GIG¿ 7 5/6 ma-na 2 1/2 GÍN AN.N[A] qá-°sú¿ $a ILLAT-at A-$ur-ma-/lik ta-al-qé,"and you received 50 sacks of grain, half thereof wheat, (and) 7 5/6 minas 2 1/2 shekels of tin, his share of A$$ur-malik’s caravan.",akkadian-translation.csv
2 me-at 7 ma-na URUDU $í-kam : $a i-%é-er I-tur4-DINGIR ù °E-¿lá-[li] DUMU me-er-e Puzur4-A-[na] §ál-ma-A-$ur i-$u-ú,207 minas of $ikku-copper that It¥r-il‰ and Elªli sons of Puzur-Anna owe to §alim-A$$ur,akkadian-translation.csv
a-hi a-ta me-er-i a-ta ú-la $a a-wa-tim a-na-ku ú a-ta i-hi-id-ma lu-qú-tám a-$ar ta-dí-nu a dí ni ma °x¿ a-na $a ki-ma i-a-tí dí-in,"My dear brother and son, I am not a man of strife, so you must take care to give the goods wherever you handed it over ... to my representatives.",akkadian-translation.csv
§u-Ku-bu-um a-na Kà-ni-i$ i-lá-ak-ma °I-tur4-¿/DINGIR ù ku-a-tí a-na §u-Be-lim ú-kà-an : ki-ma lu-qú-tám ip-qí-da-ku-nu-tí-ni $a a-na gam-°ra-tim¿ a-na $a ni-i$ A-limki i-tù-ra-ku-ni ta-lá-kam-ma a-dí MU.1.§È a-wa-tám a-na É a-bi-kà ta-da-an,"§u-K¥bum must go to Kanesh to make you and It¥r-il‰ confirm to §u-B®lum that he entrusted the goods to you. Since he has raised claim against you for everything that had been sworn by the City, you must come and open a case for your paternal estate within one year.",akkadian-translation.csv
ba-a-nim a-na ma-lá #up-pí-°im¿ $a A-limki a-$ar bu-lá-tù KB-áp a-bi-ku-nu i-ba-$í-ú kà-li-ma-ni-ma lu-$é-ra-ku-nu-tí,"""Come on, show me where the assets, your father's silver is in accordance with the tablet of the City, then I shall release it to you.",akkadian-translation.csv
a-ha-ma 46 TÚG lu a-ba-ar-ni-ú lu ku-ta-nu SIG5 wa-at-ru-°tum¿ lu kà-am-sú-tum lu ni-ib-ra-[ru],"further, 46 textiles, both Abarnian, kutªnu-textiles of extra-fine quality, kamsu-textiles and nibrªru-textiles",akkadian-translation.csv
#up-pé-e-a ha-ru-mu-tim [$a b]a-a-ba-tí-a am-ra-ma ma-ma-an [K]°B¿ 1 GÍN ha-bu-lá-ni KB °ù¿ %í-ba-sú : $a-á$-qí-lá,"Check my certified tablets concerning my outstanding claims, and make anyone who owes me a single shekel of silver pay the silver and its interest.",akkadian-translation.csv
3 ma-na a-na Ili5-ba-ni DUMU I-a-a á$-qú-ul-ma ù #up-pá-am $a 5 ma-na $a ni-i$ °A-limki¿ ú-$é-%í-am,"I paid 3 minas to Il‰-bªni son of Yaya, and he produced the tablet concerning 5 minas sworn by the City;",akkadian-translation.csv
6 me-at 3 ku-ta-nu §À.BA 1 me-at ku-ta-nu ta-ar<-dí>-ú-[tum] a-ha-ma °15¿ ku-ta-nu SIG5 DIRI §À.BA 3 [ku]-ta-nu $a i-na ku-nu-uk Ili5-we-da-ku kà-an-ku-ni i-a-t[í-ma] i-lu-ku a-ha-ma 46 TÚG a-bar-n[i-ú] lu kam-sú-tum lu ni-ib-ra-ru $a ku-ta-ni SIG5 wa-at-ru-tum §UNIGIN 6 me-at 84 TÚG.HI.A e-z[i-ib] $a kà-%a-ri,"603 kutªnu-textiles, thereof 100 kutªnus of secondary quality; further, 15 kutªnus of extra-fine quality, thereof 3 kutªnus that were sealed with Il‰-w®dªku’s seal, but which are reserved for me; further, 46 Abarnian textiles, both kamsu-textiles and nibrarus of kutªnus of extra-fine quality – in all 684 textiles, apart from those of the harnessor;",akkadian-translation.csv
26 ma-°na KB¿ [$a $é]-ep A-$ùr-i-mì-tí ú [...] [n]i-i$-qú-ul,26 minas of silver from A$$ur-imitt‰’s transport ... we paid.,akkadian-translation.csv
úz-ni lá ta-°pá-tí¿-i ù li-ba-am ú-[lá] ta-dí-ni-im,you do not inform me or encourage me.,akkadian-translation.csv
mì-ma kà-%a-ri i$-tí En-um-A-°$ùr¿ ù A-lá-hi-im a-na Bu-ru-[u$-ha-dim lu] a-na Tí-ir-hu-mì-[it lu] a-na Tí-i$-mu-/ur-na a-li KB 1 GÍN té-pá-$a-ni i-na $a-ha-at En-um-A-$ùr ù A-lá-hi-im i-zi-za-ma KB 10 ma-na ep-$a-nim-ma pá-ni-a-ma a-na Kà-ni-°i$,"All my harnessors must assist Ennam-A$$ur and Ali-ahum on the road to either Buru$haddum or Durhumit or Ti$murna wherever you can make a single shekel of silver, so make at least 10 minas of silver for me, and send it as soon as possible to Kanesh.",akkadian-translation.csv
a-na %é-er a-bi-ni °i$-tù¿ u4-mì-im $a lu-qú-tám tù-$é-li-/a-ni i-li-ik-$u-ma i-na A-limki i-ba-$í,"father, the very day you brought the goods up here, and it is in the City.",akkadian-translation.csv
KB ù né-ma-°al-$u¿ li-i$-qú-lu-ma li-ma-am A-mur-A-$ur #á-i-ba-a,they should pay the silver and the accrued profit and then satisfy the eponym Amur-A$$ur.,akkadian-translation.csv
i-na : na-á$-pè-er-tí-°$u-nu¿ [...] ú-$a-hi-it-kà,I have cleared you with their missive,akkadian-translation.csv
°a-ta¿ lu-qú-tí $a 10 ma-na KB ta-a%-ba-/at,”But did you not seize my merchandise worth 10 minas of silver?”,akkadian-translation.csv
12 GÍN KB °ku¿-nu-ki-a bé-ú-lá-at Na-áb-Sú-in,12 shekels of silver under my seal: the working capital of Nab-Suen;,akkadian-translation.csv
Lu-lu En-nu-um-B[e-l]úm Pu-$u-ki-in Sá-sí-a En-um-A-$ùr DUMU A-ni-°nim¿ A-lá-hu-um DUMU Sú-kà-li-a I-dí-Ku-bu-um DUMU A-$ùr-°ma-lik¿ Ú-%ú-ur-$a-A-$ùr DUMU A-°gu?-a?¿ I-lá-á$-ra-ni dEN.LÍL-°ba-ni¿ DUMU Za-za A-ba-sí-a DUMU d°Li?-/i-ba-a A-ku-ku Tù-ur-A-$ùr DINGIR-na-da DUMU A-$ùr-<na->da Sú-in-/na-da mì-ma a-wi-lu a-ni-ú-tum i-na pu-ùh-ri-im i-na kà-ri-im Bu-ru-u$-ha-dim u$-bu-ú,"Lulu, Ennam-B®lum, P¥$u-k®n, Sasiya, Ennam-A$$ur son of Anninum, Ali-ahum son of Sukkalliya, Iddin-K¥bum son of A$$ur-malik, U%ur-$a-A$$ur son of Aguwa, Il-a$rann‰, Illil-bªni son of Zaza, Abasiya son of Libbaya, Akuku, T¥r-A$$ur, Il‰-nªdª son of A$$ur-nªdª, Suen-nªdª - all these men sat in the assembly in the Buru$haddum colony",akkadian-translation.csv
i-na $í-ma-tí-ni $a a-bi4-ni °$a¿ A-limki i$-tí a-hi-a ù a-h[a-tí-a] [x x x x x ] ra-bi-%ú-um,and let me discuss the testament of our father in the City with my brother and my sister ... the attorney ...,akkadian-translation.csv
a-ni-am a-na Pì-lá-ah-I$tar °pì-qí¿-id-ma i$-tí a-wi-tí-$u [e-t]a-wu ù a-ta i-na re-$í-$u °i¿-zi-iz-ma KB 1 GÍN [lu #]á-ba-tí,Entrust this to Pilah-I$tar and join it to his consignment and then you personally may serve him and be positive over every shekel of silver.,akkadian-translation.csv
a-°hu¿-ni a-ta li-bi4 Zi-ki-ki lá tù-lá-ma-/an,"Our dear brother, do not make Zikiki angry.",akkadian-translation.csv
#up-pè-en6 $í-na $a a-%é-er Ì-lí-i$-tí-kál ù Pì-lá-ah-I$tar lá-p[u-tù] $a $é-ep Zi-ki-k[i] i$-tí KB-ni : °x¿ [x-b]a-$u-°ni¿ i$-tí pá-né-e-ma [$é-]bi4-lá-ni-$u-nu,There are two tablets that were written to Ili$-tikal and Pilah-I$tar and that have been transported by Zikiki - send them together with our silver ... as soon as possible.,akkadian-translation.csv
i-na #up-pe-°en6 a¿-me-e-en6 qá-tum [$a]-kà-nu-um wa-du,Laying claim was indicated on those two tablets.,akkadian-translation.csv
°we¿-da-ku,I am alone.,akkadian-translation.csv
#up-pu-um $a $é-ep DUMU Ma-%í-li $a a-%é-er Ì-lí-i$-tí-kál ù Pì-lá-ah-I$tar lá-p[u-t]ù i-na A-limki Ì-lí-i$-tí-ká[l ù] Pì-lá-ah-I$tar li-i$-me-ú-°$u¿-ma a-ma-lá tí-ir-tí tám-kà-ri-im $í-ma-am li-[i$-ú-mu],"As to the tablet transported by Ma%i-il‰’s son, that was written for Ili$-tikal and Pilah-I$tar, let Ili$-tikal and Pilah-I$tar hear that in the City, and have them buy what was in the merchant’s instructions.",akkadian-translation.csv
A-ni-nam a-%é-er A-$ur-ma-lik °ù¿ §ál-ma-A-$ur $a ki-ma i-a-tí KB ú-$é-bi4-il5-ma a-na $a ki-ma a-bi4-kà KB i$-qú-lu,"I sent Anninum to A$$ur-malik and §alim-A$$ur, my representatives, with the silver, and they paid the silver to your father’s representatives.",akkadian-translation.csv
a-na lu-qú-tim AN.NA ù TÚG.HI.A $a É A-$ùr-bé-el-a-wa-[tim] i-pí-iq-du $a ma-lá d[í-in] A-lim† §u-Ku-bu-um °ù¿ a-hu-$u i-lu-ku-nim-ma [(.)] [(x?) §a-]lim-A-$ùr a-n[a] [lu-qú-tim AN.NA] ù TÚG[.HI.A] [§a-lim-A-$ùr ù-kà-nu-ni],"For the goods, the tin and textiles that have been entrusted in A$$ur-b®l-awªtim’s house, in accordance with the verdict of the City assembly §u-K¥bum and his brother will come and confirm §alim-A$$ur for the goods, the tin and textiles.",akkadian-translation.csv
$a ITI.2.KAM ú 6 GÍN mu-[...] $a °Sú¿-e-ta-ta i-hi-bi-lá-°ni¿ i$-tí I-ku-nim DUMU Ili5-ba-ni $a °qá¿-ta-tí-$u ta-al-qé,"of silver for two months and 6 shekels ... that Suen-dada became indebted for from Ikunum son of Il‰-bªni, his guarantor.",akkadian-translation.csv
°x x¿ a-%é-er a-we-li a-ni-ú-tim Ú-ra-a [x x] °Pu-$u¿-ki-in E-ru-ni-dIM °i-li-¿kam-ma $í-bu-tám a-na A-limki i$-x,"... to these men Uraya ... P¥$u-k®n, Eruni-Adad came and ... testimony to the City ....",akkadian-translation.csv
IGI A-$ur-dUTU-$i [I]GI I-dí-A-$u[r] °DUMU¿ [A-$]ur-ma-[lik],"Witnessed by A$$ur-$am$‰, by Iddin-A$$ur son of A$$ur-malik.",akkadian-translation.csv
17 ma-na KB %a-ru-pá-am ù 7 1/2 GÍN KÙ.GI pá-°$a¿-lam [A-$ùr-]i-mì-tí DUMU E-ta-°a¿ i-na $í-im °SÍG.HI.A¿ $a Ú-[$í-na-l]am il5-qé,A$$ur-imitt‰ son of Etaya has received 17 minas of refined silver and 7 1/2 shekels of pa$allu-gold from the proceeds of U$inalam’s wool.,akkadian-translation.csv
[IGI I-d]í-Ku-bi4-im [IGI] °Ú¿-zu-bi4-i$-ki-im °a-¿hi-$u IGI En-na-Sú-in,"Witnessed by Iddin-K¥bum, by Uzub-i$kum his brother, by Enna-Suen.",akkadian-translation.csv
$í-im SÍG.HI.A 15 li-me URUDU a-na Ú-$í-na-lam á$-qú-lu-ma ú-#á[-i-bu-$u] i-tù-°ur¿-ma a-na tí-ri e-°kál¿-[lim] a-na 40 ma-na KB a-na hu-bu-u[l] A-bu-[$]a-lim-ma i-ta-ad-na-[ni],"After I had paid as the price of the wool 15,000 minas of copper to U$inalam and satisfied him, he came back and handed me over to the palace officials for 40 minas of silver to cover the debt of Abu-$alim.",akkadian-translation.csv
#up-pé pá-ni-in ki-lá-le-ma $a $í-ip-ru $a A-limki ù kà-ru-um Kà-ni-i$ %a-he-er GAL i$-[t]a-me-ú-ni-ma i-pí-iq-°du¿-/ni,"both those earlier tablets which the envoys of the City and the plenary assembly of the Kanesh colony heard, and that have been entrusted (for safe-keeping),",akkadian-translation.csv
ma #up-pí $a ma$-kà-na-tim me-eh-ri bi-ra-ma $í-bi $a °ki¿ ma$-kà-na-tim $a °I-sú-SUDx¿ i$-ta-ku-nu : a-na °KÁ?¿ DINGIR $é-ri-da-$u-nu-ma #up-pí °$a¿ $í-bu-tí-$u-nu ha-ri-ma,"So as for the tablets of deposit, check the copies, and lead the witnesses whom Issu-arik kept appointing for deposits to the Gate of the God, and certify tablets with their testimony,",akkadian-translation.csv
a-na [na-a]q-°bi-tim $a um-ma a-[ta-ma A-lúmki] °dí-ni¿ li-dí-in 1 ma-na 10 GÍN KB ta-$a-qal,"For the statement where you said: “May the City judge my case”, you are to pay 1 mina 10 shekels of silver.",akkadian-translation.csv
a-na $a er-ba-am : iz-ku-ru-ma lá [ú]-kà-i-nu $u-ma-°mì-in¿ wa-á$-ba-tí me-et-mì-in,"Since he formally mentioned a bribe but did not prove it, had you been present, would he (not) be dead?",akkadian-translation.csv
na-pá-al-tám °lá¿ [tí-$u-]°$u-nu-tí um-ma a-ta-/ma $a-s[ú-h]a-ku,"You have no answer to them, except saying: “I have been extradited!”",akkadian-translation.csv
URUDU °a-¿[na KB] li-tù-ur-ma KB a-na A-limki li-li-ik-ma lu-qú-tum i$-tù A-limki li[-ba-al]-ki-tám-ma °K¿[B x x] $u-ta-be-a,"Have the copper converted to silver and let the silver go to the City, and then let goods be transported from the City so you may be paid in full in silver.”",akkadian-translation.csv
i-na ga-me-er a-wa-tí-ni : i[$-tí] um-me-a-ni : §a-lim-A-$ur : a-bi-k[u-nu] tù-$a-ha-ta-ni : um-me-a-nu : [a-bi-ku-nu] ma-du : KI I-ku-pì-a : tù-$a-hi-[ta-ni-ma] um-me-a-nu : a-bi4-ku-nu : ma-du-tù-[um] a-hu-ru-°ma KI¿ um-me-a-ni : a-bi-ku-[nu] $a-hi-ta-ni-ma : a-na ma-lá ga-me-er a-wa-tí-ni : ú-lá a-tù-ra-ku-nu-tí,"of those who settled our case ... you will clear me with the investors of your father, §alim-A$$ur. The investors of your father are many. You have cleared me with Ik¥n-p‰ya, but many investors of your father remain, so clear me with your father's investors, and I shall raise no claim against you in accordance with those who settled our case.",akkadian-translation.csv
a-na li-mì-im A-mur-A-$ur KB i-$a-°qál!¿-ma,He will pay the silver to the eponym Amur-A$$ur,akkadian-translation.csv
1 2/3 ma-na KB %a-ru-pá-am a-na da-tí-$u °té¿-ri-$a-ni-ma [A-]du-da wa-ar-ki-tí [qá-]dum 10 GÍN KB $a a?-°x¿,You asked me for 1 2/3 mina of refined silver for his fees and Aduda after ... including 10 shekels of silver ...,akkadian-translation.csv
um-[ma] A-gi-a-ma i-na Kà-ni-i$ #up-pí $a hu-bu-ul a-bi-a a-°ta¿ lu $a-zu-úz-ta-kà [lu] °a¿-hu-kà : kà-li-ma-ni-ma,"Agiya answered: “Show me, either you yourself or your agent or your brother, the tablets concerning my father’s debt in Kanesh,",akkadian-translation.csv
[$u-ma] #up-pá-am $a ku-nu-uk °a¿-bi-kà ú-°lá¿ $í-bi : a-na ma-lá u4-me-a ú-la u$-té-li-a-ku-nu-tí,"and if I have not produced for you the tablet sealed by your father or the relevant witnesses within my stipulated term,",akkadian-translation.csv
is-tù 8warahzam Hu-bu-ur (Rs.) 9li-mu-um A-gut-tum 1oa-na warah 24°s i-ša-qzi-lu,"From the month of Hubur, eponym Agutum, they shall pay by the 2nd month.",akkadian-translation.csv
e-er-ba-nza kasap°p-ku-nu [luJ-sa-bi4-ku-nu-ma,Enter! Let me satisfy you with your silver.,akkadian-translation.csv
48 A-sùr-be-el-ma-al-ki-im s° iur4-da-nim,Send Ashur-bel-malkim here.,akkadian-translation.csv
"iš-tic nu-.si-ma ékalluntzitn i,§-tù a-al ° Si-zi-inz ti-ta-er-<ni)-a-ti-ma a-na ëkallim1 lu-qti-ut-ni iš-ti-ni-i-s s e-ru-ub-nza","We went out together, and then the palace made us return from the city of Sizum, and then our goods entered the palace together.",akkadian-translation.csv
"a-bu•tum 8° ra-ma-Tal za-ki-a-ma 87 i-na a ar-bi4 ia""-ti -šur-m a-lik 92 ti-ib-a-ma a-tal-kann su-ma 83 annakam a-na e-bu-tim a-na 94 e-bu-tim ta-al.ti•gi 85 a-na (min i i sé-er tann<kar>i7n 35 i-di-šu","Please, free yourself and set out with Aššur-malik at harvest time and come here. Suppose you have taken tin for ebuttum, then place it for days on the back of a merchant.",akkadian-translation.csv
15 ku-ta-ni i-na 50 5ku-ta-ni tfaJ-sü-uq 6 1 biltam annakam ù emàram sa-ld-ma-am ' a-bi i-diana l um lib-ba 8 sa 40 mane annakinn kaspam a-na 2 IÎ-sù-ur-ja-A-sùr ta-drin 1°si-t1 annakam 20 mane 15 ku-ta-ni 11ù emàram sa-lci-mc-am iš-tu 12 Banat 20ku a-na e-bu•ti i na 13 11-bi-kà ta-ak-lci,"You chose 15 kutanu-cloths from among 50 kutanu-cloths; 1 talent of tin and a black donkey my father gave you. From that, you gave silver for 40 minas of tin to Usur-sa-Asšur. The rest of the tin, namely 20 minas, the 15 kutanu-cloths and the black donkey you have held back in your heart for 20 years as ebuttu.",akkadian-translation.csv
8a su-mi sa . u-Istar 4§a ta-c -pu-ra-ni bum-ma a-ta-ma i-nu-m'e 6 10 li-me erâm sa Bu-ru-uss-eia-dim ' èkallun'd„j i-di-nu-su-ni 8 i-na erèm a-m'a-im ° qà-ti es-ku-u[n],"Concerning the affairs of Su-Istar, about whom you sent me a message, in that you spoke as follows: 'On the day when the palace gave him the 10,000 copper of Burushaddum, I laid my hand on that copper;'",akkadian-translation.csv
15 am--ra-ma a-na 0-er 1° sa n.i kà-si a 17 té-ely-a.,Look at the record and then approach the things of my cashbox.,akkadian-translation.csv
umammaPam na-âs-pè-er-ti '°i-li-kà-kunt,But now my message has reached you!,akkadian-translation.csv
"al-/cam ù °a-gar a-na kaspim ta-sa-b[a-ta-ni] 10 i-na Bu-ru-us-/la-di[mJ ""a-wa-tam lci-di-n[a-kum]","Go, and wherever you seize me for the silver, only in Burushaddum will I give you the matter.",akkadian-translation.csv
x+ 3 a-na-ku a ma-la tup-pi-[im ga a-liml°] x+ 4 kasap`P Pu-su-ki-in a-. [i-e-kà],I seek from you according to the tablet of the city for the silver of Pusu-ken.,akkadian-translation.csv
"x+ a-na a-wa-tim a-ni-a-tim x+° kh-ru-um Wa-ah-su-sa-na x+10 sa-/he-er rabi i-di-in-ni-a-ti-ma [mal1ar] x+""patrim sa A-. ùr si-bu-ti-ni x+12 ni-di-in","For these legal matters, the karum of Wahshushana, small and great, gave us (to judge), and before the dagger of Assur we gave our testimony.",akkadian-translation.csv
1 ma-na KU.BABBAR sa-ru-pa-am i-na sé-er Su-ku-bi4-im DUMU DUl° ba lu kà A-sur-DU1° DUMU A-sur-ma-lik i-su,"Assur-tab, son of Assur-malik, has (as a claim) one mina of refined silver against Su-Kubum, son of Tab-baluka.",akkadian-translation.csv
"a-n[a X-x]-DUl° Is-ma-nim ù En-n[a]-nim qi-bi-ma um-ma Sû inna dam,a","Letter addressed to [X-x]-tab, Ismanum and Ennanum by Sin-nadâ.",akkadian-translation.csv
40 MA.NA KU.BABBAR A-mur-estar° Su-a-nu-um li <is> qir lu ni ku nu ti,Then Amur-Eštar and Sū-Anum shall pay you forty minas of silver.,akkadian-translation.csv
"a-su-mi [KÙ].BABBAR, ik-ri-bi4 sa a-bi4-ni, Be-la-turn a-na-kam, ta-am-ra-as, ù i-na û-tù-ki, ù i-na e-ta-me, sa-am-th-a-ni a-ma-kam, a-na Pu-su-ke-en 6 pu-nu-a-ma, AN.NA ù TÙGb°-r' : a-ma-lé, i-le e ir : li-di-ma, KU.BABBAR li-ik-nu-uk-ma, lu sé bi 4 la ma na pa-érs-ta-ak-nu, ù na per ors ti ni, li-té-er a-na-kam, lam-ni-is : i-lu-um, É a-bi4-ku-nu : e pa-as.","Because of the silver, ikribu-offerings of our father, here, Belatum is sick, and we are maltreated by the demons and by the spirits of the dead! There, turn to Pusu-ken so that he may sell all the tin and all the fabrics he can, seal the silver and send it to save your lives and our lives! Here, the god is treating your father's house badly!",akkadian-translation.csv
"a-su-mi [KÙ].BABBAR, ik-ri-bi4 sa a-bi4-ni, Be-la-turn a-na-kam, ta-am-ra-as, ù i-na û-tù-ki, ù i-na e-ta-me, sa-am-th-a-ni a-ma-kam, a-na Pu-su-ke-en 6 pu-nu-a-ma, AN.NA ù TÙGb°-r' : a-ma-lé, i-le e ir : li-di-ma, KU.BABBAR li-ik-nu-uk-ma, lu sé bi 4 la ma na pa-érs-ta-ak-nu, ù na per ors ti ni, li-té-er a-na-kam, lam-ni-is : i-lu-um, É a-bi4-ku-nu : e pa-as","Because of the silver, the ikribu-offerings of our father, here Belatum is sick, and we are mistreated by the demons and by the spirits of the dead! There, turn to Pusu-ken so that he sells all the tin and all the textiles he can, seals the silver and sends it to save your lives and our lives! Here, the god is treating your father's house badly!",akkadian-translation.csv
"[hu-lu-q6]-e-fu-nu, [ki-ma a-wa-at] na-ru-a-im, [lu AN].NA lu KU.BABBAR, [lu] TUGha ELLAT°`, [Kur]-ub-istar DUMU Puzurq i-li, [ù] ma la su nu ti.","For their losses, according to the words of the stele, the caravan of Kurub-Istar, son of Puzur-ili, shall provide them with tin, silver, or textiles as compensation.",akkadian-translation.csv
10 mand'ü kaspunt 29 sa td-wa-ta-ra-rzi CG. 3° (7-di-na-an na-pd-dg-ti-kà J 1 li-li-i.l;,The 10 minas of silver that you will bring me in addition shall be for your life.,akkadian-translation.csv
2 GIN 8KÜ.BABBAR ù 2 ma-na 9URUDU SIG5 S'a-du-{a-tcim] l° sa Al-lci-bu- u[m] 1lDUMU LUGAL-dI8' [KUR] 12i-df-a-ku-nu-ti-[ni] 13a-ma-kam KÙ.BABBAR 14[ù] URUDU a-na l5[s]a ki-ma A-lá-bi-im 16[t]a-e-ra,"(Concerning) the 2 shekels of silver and 2 minas of good copper, the šaddu'utu-payment, which Al-abu, the son of Šarra-Adad, gave to you: Return the silver and the copper there to a representative of Al-abu!",akkadian-translation.csv
um-ma su-nu.-ma a-wa-al li°à-ri-im Iri tir.-§e-ra-ba-am,They replied: 'Order of the kārum! You shall not bring (the copper) in.',akkadian-translation.csv
1 mi-al 50 mand'ü eri'um ma-si-um isli _Nu-wa-nu-wa ù lap-pâ-i-str me-eh-ı°a-sù i.sti A-sür-la-ak-M-ku al-qi,150 mines of washed copper (are) with Nuwanuwa and his associate. I have taken its equivalent from Ashur-taklaku.,akkadian-translation.csv
giß-má-há [i-na] ia-k[a-a]l-tim‹ ù-[lu] a*-[ßar-ßa-ni] ßa a-ah íd-buranun-na‹ li-iß-ku°-ma ki-ma ma-ah-ru-u[m]-ma ßa i-il-la-[ka-nim] i-ib-ba-ra-n[im¡] la i-ka-[al-ßi-na-ti],"Write then to Yasub-El so that he puts (at the disposal of the Rabbeans) boats at Yakaltum or at another place on the banks of the Euphrates, so that, as soon as they have arrived, they serve as a ferry. May (Yasub-El) not refuse the (boats).",akkadian-translation.csv
2° a-di ù-lı:-li.nr sa a-lri-hi-rrirrr. 21 ma-ld ur-ki-a i.-di-ı~rt-rtr ri ma-Id ubrrli lù-ra-di-a-su-ni 23 riz-ni /d Id la-pd-li.,"Regarding the wheat of the alahhinum, you do not inform me (lit. you do not open my ears) of the quantity that he delivered after my departure nor of the number of garments that you brought to him (lit. conducted).",akkadian-translation.csv
im ta †i¡-√di¡∫ d°u^¡¿-kù ik¡-ri-i°Ω¡-Ωa-am¡-ma¡ †up-pi¡ sar-ma ana Du[r¡¿-an¿-ki¿] ana ˚-zi-da é [d+A]G u dNa-na-a é be-lu u¿ be-[el-tú] gal-tum¡ ana¡ ka¡-√nak¡∫-√ku¡∫ √ká¡∫ [lu]-√ú¡∫ ú-kin pa-ni [d+AG¿],"He pinched off clay from the clay of the Holy Hill, wrote a tablet, and in Duranki, in the Ezida, the house of Nabû and Nanâ, the house of the lord and the great lady, truly placed it at the 'Sealer of the Gate' before the face of Nabû.",akkadian-translation.csv
ßa a-wa-ti an-né-ti ú-na° ∂ba-ah-la-ka na’sí-kan nu-gig* i-na é-ßu li-iz*-qú*-up*,"Whoever alters these present words, may Bahlaka and the other gods destroy his name and his offspring, and may a qadištu-woman erect the betyl for his household.",akkadian-translation.csv
"20 anše 1(n) 2 bán šuk-at ši-luḫ-li i+na gišbán sum[un], a-na 10+6 anše 1(n) ⸢4°⸣ [s]ilà* i+na gišbán ḫi-bur-n[i ta-lik]","20 emāru 1 paršiktu 2 sūtu, as food allocation to the šiluḫlū-dependants – according to the old sūtu-measure; it went to 16 emāru 4 sūtu 4 qû – according to the sūtu-measure of the Ḫiburnu.",akkadian-translation.csv
ana tin¡ zi¡-t[i”¡]-ßú gíd-da u’-meß-ßú gi(ßalåm!) numun-ßú gi nunuz-ßú gi é-ßú gi é [(lú)]ad-ßú kun-nu su⁄uß-ßú kun-nu su⁄uß é lúad-ßú kur¡-ád¡ ù¡-ma¡ [(ßà¿)]-ßú †u-ub lìb-bi-ßú †u-ub √uzu∫-meß-ßú nu gál¡-e gig¡-√ßú¡∫ bad-e [uz-n]é¡-ßú¡ ße-bé lit¡-tu-tu ki-mil-tú dingir-me[ß] u dXV¡ ßá¡ u[g]u¡-ßú gál¡-ú búr¡ im ta †i¡-√di¡∫ d°u^¡¿-kù ik¡-ri-i°Ω¡-Ωa-am¡-ma¡ †up-pi¡ sar-ma ana Du[r¡¿-an¿-ki¿] ana ˚-zi-da é [d+A]G u dNa-na-a é be-lu u¿ be-[el-tú] gal-tum¡ ana¡ ka¡-√nak¡∫-√ku¡∫ √ká¡∫ [lu]-√ú¡∫ ú-kin pa-ni [d+AG¿],"In order that his life might endure, his days be long, his seed be preserved, his offspring be preserved, his house be preserved, and the house of his father be preserved, that his foundation be established, and the foundation of the house of his father be established, that he might attain his heart's desire, for his mental and physical well-being, so that he might not be afflicted by illness, to gain insight, that he might be sated with long life, and to loosen the wrath of the gods and goddess(es) which weighs upon him, he nipped off clay from the clay of the Holy Hill, wrote a tablet and truly deposited it in Duranki, in the Ezida, the house of Nabû and Nanâ, the house of the lord and the great lady, at the Sealer of the Gate before the face of Nabû.",akkadian-translation.csv
[aß-ßum] lú-meß é-kál-[la]-ta-yi‹ ßa i-na ßu-bat°-∂en-líl‹ an-da-ri-ig‹ ù a-la-né-e ßa i-na ma-a-at ßu-bar-tim eb-bu-tam i-ip-pé-ßu iß-ta-pa-ar um-ma ßu-ma lú-meß ßa a-tam-rum a-na eb-bu-tim iß-ku-nu-ßu-nu-ti ta-ra-nim-ma dumu-meß elam-tim-ma i-na a-la-né-e ßu-nu-ti eb-bu-tam li-pu-ßu,"Regarding the Ekallateans who serve as ebbum in Shubat-Enlil, Andarig, and the various cities that are in the land of Shubartum, he has just sent a letter saying: 'Bring me the people whom Atamrum has installed as ebbum. It must be natives of Elam who serve as ebbum in these cities.'",akkadian-translation.csv
1 1/2 GIN.TA KÙ.BABBAR i.-tù Tù-ur-bu°m)-it ik-gu-ud- ni-a-tf,1 1/2 shekels of silver per talent cost us until Turhumit.,akkadian-translation.csv
9r 1 1/2' GIN.TA KÙ.BABBAR 10i.-tù Tù-ur-bu°m)-it 1lik-gu-ud- ni-a-tf,1 1/2 shekels of silver per (talent) cost us until Turhumit,akkadian-translation.csv
åe-bi gána ba-la-ka ba-a-du° bí-du⁄⁄,This barley was held at Bala’s plot.,akkadian-translation.csv
ba-la nu-ù-da-ge-en°(ÅA),"(However,) Bala had not confirmed it with him (i.e. A’aba?).",akkadian-translation.csv
[ .... a-di ku-lu-li] a-na qaqqad garri i sa-li-û-ni [1°sangû] a-ki-a i-qa-b[i],"[While] he is setting [the headdress] on the head of the king, [the priest] says the following:",akkadian-translation.csv
"ku-nu-kam, sa 1 l/2 GIN LA 1[0 E] °a4ZA.GIN",a seal of 1 shekel and 80 grains of lapis-lazuli,akkadian-translation.csv
"16 1/2 GIN KÙ.BABBAR ku-nu-ku-um, [sla 1 1/2 GIN fa °a4GlN.ZA",a lapis lazuli seal weighing 1 1/2 shekels (12 g) is sold for 16 1/2 shekels of silver,akkadian-translation.csv
ù as-sum LÜ.TUR nu-uh-tim*-mi° ù TUG.IIA d[am-qû]-tim mi-im-ma sa i-n[a tup pu] KÙ.BABBAR-su-nu as-sum ra-su*-u[b*-ba-tim] la ta-ka-la-am-su-n[u-ti],"Furthermore, concerning the cook and the good quality garments, do not withhold from me anything of their value that is on the tablet, by the fearsome goddess!",akkadian-translation.csv
1 k°tu-uk-ka-nu-um àà-ba 2 ka-ni-ka-tum sa si-lé da-ri-is-li-bur ù puzur4 dutu a-na mu-ka-an-ni-si-im pa-aq-da-at,One leather bag: inside there are the two sealed documents (by Dâriš-lîbûr and Puzur-amaš) relating to the goods that have been entrusted to Dâriš-lîbûr and to (the cupbearer) Puzur-amaš. (This leather bag) has been entrusted to Mukannišum.,akkadian-translation.csv
me-6i-ir tup-pi-im an-ni-im i-na k°ltu-ka-an-ni-im ka-ni-ik,A copy of this tablet is sealed (with the seal of Mukannišum) in the leather bag (which was entrusted to him).,akkadian-translation.csv
"2 qâ-c b-li-a-tum, sa KÙ.BABBAR d 2s'4°, sa URUDU is""-tl : hu sà ri im.",Two cassettes of silver and copper are decorated with lapis-lazuli.,akkadian-translation.csv
DIS NA IGI°-sû GIG,"When a person's eyes are sick, ...",akkadian-translation.csv
sa hu- bu-ul Su ku bi im 1 ma-na KU.BABBAR sa-ru-pa-am i-na sé-er Su-ku-bi4-/im DUMU DUl° ba lu kà A-sur-DU1° DUMU A-sur-ma-lik i-su,"Regarding the debt of Šu-Kubum, Aššur-ṭāb, son of Aššur-malik, has as a claim one mina of refined silver against Šu-Kubum, son of Ṭāb-baluka.",akkadian-translation.csv
SÀ.BA °Rasur° V3ma-na 7 GIN a-mu-ra-am ù 9 GIN siim'• 1 TIJG su-ri- rim-i 5 GIN KÙ.BABBAR ni-*is-ha-at 5 rTÙGi ti sû ib-tù-qâm-ma,"Of that, he deducted from me 1/3 mina 7 shekels of tested (silver) and 9 shekels, the purchase price for 1 black fabric, 5 shekels of silver, the deductions of his 5 fabrics.",akkadian-translation.csv
"19 T6G-ba-ti-a 7 ku-ta-nu 2° §a-pi-ti-tim 21 'a 22 pu-ith-ra-ma i-sé-er 23 id-a-nim-ma 24 ti-ib-a-nim-ma 25 §u-ma sfGI wa-§i-a-at 26 ma-ld na-ar-ba-at 27 a-na ld ta-tit-ra-nim 28 h,a-ra-an 29 a-sé-ri-<a> tab-ld-ni-§i","load the rest of my textiles, 7 thick and dark coloured kutdnii, all together on my donkeys, and get started and depart hither. If the wool(?) (available) is as as soft, you should not go back to Kanig, but bring it away to me/us (?) by way of the ""narrow track"".",akkadian-translation.csv
"I T6G ket-db-ta-am 9 a-na A-.§""ur ma-lik 1° i-na pci-ni-tim 11 lja-ra-M-Su a-di-in-[S]u-um 12 Kt. BABBAR-Pi-§/4 1M-ma 13 ub-ld-am","I gave heavy textile to Mgur-malik at the time of his previous caravan trip, but he has not yet brought me its proceeds in silver",akkadian-translation.csv
ana luqtittim iStu ilianni ahliéSu nisniqma 91/2 GD AN . NA ù na at 50 TDG iSkuntit umma 1°' niniima mapardtim 11' §a i§tu 12' tu§ésieini alé,"we checked his 'brothers' on the merchandise which came up hither from the City, and they deposited 9% talents of tin and 15o textiles. We asked (them) : ""the letters, which you took along from the City, where are they?""",akkadian-translation.csv
"Su-ma 26 h,a-ra-an sti-qi-nim lu pd-zu-ur-tum 27 na-tit a-li AN .NA-ki. 28 ta-S a-ld-h,a-ni a-na 29 Pd-ni Agur-bdni AN. NA-ki 3° lu-S'é-ri-bu-nim","If either the ""narrow track"" or smuggling is appropriate, then send a message towards Agur-bdni where you want to send my tin, in order that they may bring my tin in",akkadian-translation.csv
AN'SE . A 4-nu-s4-nu 1° lu er-s4-a-at a-di 17 té-er-ti ld -ni 15 ld ta-sd-ri-dam,let the donkeys and their harness be ready. Don't load up before my instruction has reached you.,akkadian-translation.csv
i-nu-mi té-er-ti i-ld-ket-ni 2° ar-hi-g sé-er<-da>-dam,"But when my instruction arrives, you should load up quickly!",akkadian-translation.csv
URUDU 2° a-na-kam-ma wa-qar,copper is expensive/in demand here,akkadian-translation.csv
Si-im pi-ri-ket-ni 29 a-na-kam ba-at-qt't 3° ma-lti-ir ld ma-si,trade in pirikannil-textiles is slack here: the market of Kani'g is not sufficiently supplied,akkadian-translation.csv
a-na 1° 2 ma-na . BABBAR tit-Sé-bi-ld-ni 11 ki-ma Si-mu-um 12 S'a a-ki-di-e 13 ld tit-Sé-ba-ld-kum 14 Su-ma a-di _To u4-me-e 15 Si-mu-um a-ki-di-e 16 ld i-ta-ci§-ra-am 17 AN . NA a-Sa-a-ma Ti-Sé-ba-ld-kum,"for the 2 minas of silver which you sent me I have, since the trade in Akkadian textiles has been affected, not sent you (any of them). If the trade in Akkadian textiles has not become normal again, I will buy tin (instead) and send it you",akkadian-translation.csv
ú-ha-lá-qú-nu *GA ßa-ni-a-tù i-pì-ßu ßa-°ak˘-na,"‘He is destroying you….., he has evil intentions!’",akkadian-translation.csv
[IGI] I-°ku˘-nim DUMU A-ßur-ba-[ni [I]GI DUMU Íu-lá-áb-ra-at,"Witnessed by Ik£unum, son of Aßßur-b£ani, (and) by the son of Íu-Ilabrat.",akkadian-translation.csv
",34-ba-tdm E-na--Sti-in na-d§-a-kum 12 GfN KU.BABBAR DUMU lja-nu ub-lam 12 GfN BABBAR ub-lam 5 GfN a-lja-mal° §u-ut-ma ub-lam i-na BABBAR §ct DUMU Ha-nu ub-ld-ni a-ba-ar-ni-um 2 qd-at-nu-tum 4 .§""ct qd-tim e-pu-u§-ma i-na Df-tiM na-ad-4","Enna-Suen is bringing you one textile; Sii-Anim son of Hanu brought me 12 shekels of silver; Enna-Suen brought me 12 shekels of silver and the same man moreover separately another 5 shekels. With the silver which the son of ljanu brought me, I made r Abarnian textile, 2 fine textiles and 4 normal textiles, and they are de-",akkadian-translation.csv
ù ma-ah-ri-ßu-nu-ma KÙ.B. ku-nu-ki °ßa˘ a-h[i-a áp-qí-da-kum],And it was in their presence that I entrusted you the silver with my brother’s seals’.,akkadian-translation.csv
wa-as-ma-am 12 Sa 2° i-na Sa-a-mi-ku-nu 21 TtG ba-ru-ma-am ù 22 S'i-ni-tdm Id ta-S a-a-ma-nim,carry out a proper purchase which allows him a profit ; when carrying out the purchase you should buy neither multicoloured nor dyed textiles,akkadian-translation.csv
10-tim ú ßa-du-a-tám li-°qé˘-a-ma ßa ba-ri-ni li-li-kam-ma G√R ßa A-ßur li-it-ma-ma,still take the tithe and the ßaddu®utu-tax and let one who is one of us come here to swear an oath by Aßßur’s dagger,akkadian-translation.csv
û-pu-un-tn ina KA É-fa to-fc-pah NÎG.NA â1sSIM.LI u SIM.GIG ina KA É°-[fa GUB-an] / GESTIN u KA.SAG BAL-qt DINGIR zi-na-a al-ka ana É-ka KU4-ub,"You scatter flour in the doorway of his house, you place a censer with juniper and kanaktu-resin in the doorway of his house, you pour a libation of wine and beer (and you say:) `Angry god, come enter your house.'",akkadian-translation.csv
[A-ßur-lá-ma-s]í? °qí-bi4-ma˘,Tell Aßßur-lamass£È:,akkadian-translation.csv
fu-ma : Za-ba-ra-ûf-na 12Ku-ul-si-a : e-ti-zi-ib t3 b€-t5°' : ki-lû-let-su-nu loi zu-zu,"If Zabarasna abandons Kulsiya, they shall divide the house between the two of them.",akkadian-translation.csv
7ki-ma tup-pk-am 8ta-éf-me-a 9té-eb-a-m.a 1°a-tal-kam,"When you have heard my tablet, set out.",akkadian-translation.csv
û-pu-un-tn ina KA É-fa to-fc-pah NÎG.NA â1sSIM.LI u SIM.GIG ina KA É°- [fa GUB-an] / GESTIN u KA.SAG BAL-qt DINGIR zi-na-a al-ka ana É-ka KU4-ub,"You scatter flour in the doorway of his house, you place a censer with juniper and kanaktu-resin in the doorway of his house, you pour a libation of wine and beer (and you say:) Angry god, come enter your house.",akkadian-translation.csv
is-tù ha-mus°ğ-tim sa A-lâ-hi-im ù Sal-ma A-sur 4 1/2 GIN.TA i-na ITU.1.KAM si-ib-thm ù-sa-âb,"From the hamustum of Al-ahum and Salma-Assur, he will add 4 1/2 shekels of interest per month.",akkadian-translation.csv
1/2 ma-na 2 GIN KU.BABBAR şa-ru-pâ-am i-şé-er Su A-nim DUMU A-zu-za-a DAM.GARr°-°m i-iu,"The merchant has a claim of 1/2 mina 2 shekels of refined silver against Šū-Anum, son of Azuzā.",akkadian-translation.csv
§u-Ku-bu-um a-na Kà-ni-i$ i-lá-ak-ma °I-tur4-¿/DINGIR ù ku-a-tí a-na §u-Be-lim ú-kà-an : ki-ma lu-qú-tám ip-qí-da-ku-nu-tí-ni,§u-K¥bum must go to Kanesh to make you and It¥r-il‰ confirm to §u-B®lum that he entrusted the goods to you.,akkadian-translation.csv
a-na Zi-ki-ki qí-bi-ma a-ni-am a-na Pì-lá-ah-I$tar °pì-qí¿-id-ma i$-tí a-wi-tí-$u [e-t]a-wu ù a-ta i-na re-$í-$u °i¿-zi-iz-ma KB 1 GÍN [lu #]á-ba-tí,To Zikiki: Entrust this to Pilah-I$tar and join it to his consignment and then you personally may serve him and be positive over every shekel of silver.,akkadian-translation.csv
a-na Pì-lá-ah-I$tar qí-bi-ma a-°hu¿-ni a-ta li-bi4 Zi-ki-ki lá tù-lá-ma-/an,"To Pilah-I$tar: Our dear brother, do not make Zikiki angry.",akkadian-translation.csv
tí-[ir-]tí A-limki da-nu-tù-um i-li-kam qá-tum $a-kà-nu-um lá-$u °we¿-da-ku #up-pe-en6 a-me-e-en6 $é-bi4-lá-ni-$u-/nu,A strongly worded message from the City arrived. There is no way to lay claim. I am alone. Send those two tablets.,akkadian-translation.csv
i-nu-mì §a-a[t-A-na] [a-]na mu-tim a-dí-nu [x] ma-na KB $a-wi-ri $a 5/6 ma-na 5 GÍN [KB] [a-]na °5¿ ku-ta-ni §À.BA 3 ku-ta-ni 11 GÍN.T[A] [i-$]tí §u-ma-li-bi4-A-$ur : al-qé,“when I gave §ªt-Anna to a husband: x mina silver: rings; for 5/6 mina 5 shekels of silver: 5 kutªnus; of those I got 3 kutªnus for 11 shekels a piece from §umma-libbi-A$$ur.”,akkadian-translation.csv
§í-bu-tum IGI §u-I$tar DUMU E-ra-dí IGI Ú-gi-e-°x¿ DUMU E-na-ma-A-$ùr,"Witnessed by §u-I$tar son of Erradi, by Ugi.. son of Ennam-A$$ur.",akkadian-translation.csv
1°/s maném kaspum sa Su-ma li-bi A-Mr a-na dAdad-sulüli eia-bu-lu kaspam dAdad-sulüli sa-bu,"A promissory note in the amount of 1 5/6 minas of silver had been issued, which is now settled.",akkadian-translation.csv
