transliteration,translation
ša-lim-a-šùr ù šu-be-lúm iṣ-bu-tù-ni-a-tí-ma um-ma šu-be-lúm-ma a-na ša-lim-a-šùr-ma a-bi a-ta a-na É a-bi-a a-na mì-ma a-na a-wa-tí-kà ga-ma-ri-im a-li-kam i-a-tí i pá-ni a-hi-e-a KÙ.BABBAR ša ta-da-nim dí-nam,"Šalim-Aššur and Šu-Bēlum seized us and Šu-Bēlum said to Šalim-Aššur: ""You are my father, I have come to conclude your case about everything relating to my parental house. Give me what silver there is to give before my brothers."""
um-ma ša-lim-a-šùr-ma 15 ma-na KÙ.BABBAR a-ma i-na pá-ni a-he-kà ta-lá-qé a-ma bu-zu-a qá-ta-tù-a,"Šalim-Aššur answered: ""You will indeed recieve 15 minas of silver before your brothers."" ""Now, Buzuwa is my guarantor."""
um-ma ša-lim-a-šur-ma i-na ga-ma-ar a-wa-tim ki-ma ku-a-tí ma-nam tù-šé-ša-áb,"Šalim-Aššur continued: ""At the conclusion of the matter who will you have sit down on your behalf?"""
um-ma šu-be-lúm-ma bu-zu-a ù a-gi-a ki-ma i-a-tí ú-šé-ša-áb KÙ.BABBAR ša i pá-ni a-he-e-a ta-da-na-ni KÙ.BABBAR 2 ší-na KÙ.BABBAR lu-ṣa-hi-ru-ni-kum,"Šu-Bēlum answered: ""I shall have Buzuwa and Agiya sit down for me. The silver that you will give me before my brothers, those two will deduct that silver for you."" Šalim-Aššur said:"
um-ma ša-lim-a-šùr-ma šu-ma-ba bu-zu-a ù a-gi-a i-na ga-ma-ar a-wa-tim lá tù-uš-té-ší-ib,"Šalim-Aššur said: ""And if indeed you have not had Buzuwa and Agiya sit down when the case is concluded?"""
um-ma šu-be-lúm-ma šu-ma bu-zu-a ù a-gi-a-a i-ga-ma-ar a-wa-tim lá uš-té-ší-ib a-na 5 ma-na KÙ.BABBAR ša bu-zu-a e-pu-li-ni mì-ma lá ta-da-nam,"Šu-Bēlum answered: ""If I have not had Buzuwa and Agiya sit down at the conclusion of the case, you shall not give me anything for the 5 minas of silver that Buzuwa balanced for me."""
a-na a-wa-tim a-ni-a-tim kà-ru-um kà-ni-iš i-dí-ni-a-tí-ma IGI GÍR ša a-šùr ší-bu-tí-ni ni-dí-in,"The Kanesh colony gave us for these proceedings, and we gave our testimony before Aššur's dagger."
ša hu-bu-ul i-dí-a-bi-im 5 ma-na KÙ.BABBAR ṣa-ru-pá-am,The debt of Iddin-abim.
i-ṣé-er i-dí-a-bi-im a-šur-{d}UTU-ši i-šu iš-tù ha-mu-uš-tim ša a-mur-IŠTAR,Iddin-abim owes 5 minas refined silver to Aššur-Šamši.
a-na 23 ha-am-ša-tim i-ša-qal šu-ma i-na ma-lá u4-me-šu la iš-qú-ul,From the hamuštum of Amur-Ištar he has 23 weeks to pay.
ku-pu-ur-ší-ni-IN SIG5 i-ṣé-er im-lik-a-šùr ir-ma-a-šur i-šu,Ku-pu-ur-ší-ni-IN owes Imlik-Aššur and Irma Aššur 2 shekels fine gold.
iš-tù ha-IR-uš-tim ša e-dí-na-a a-na 15 ha-am-ša-tim i-ša-qal šu-ma lá ìš-qúl ki-ma a-wa-at kà-ri-im,He will pay 15 hamuštum weeks from the hamuštum of Iddinaya.
ú-ṣa-áb ITU.KAM qá-ra-a-tim li-mu-um e-lá-lí DUMU i-ku-nim,"If he does not pay (on time), He will add (interest) at the rate of the colony."
IGI pí-lá-ah-a-šur DUMU da-nu-um-ì-lí IGI a-šur-ma-lik DUMU a-zu-za,"Witnesses: Pilah-Aššur s. Dānum-ilī, Aššur-mālik s. Azuza."
a-na ta-ar-bi4-tim ù-ku-ul-tí-im ù qú-bu-ri-im ša me-er-ú-at kà-áp-sí-a a-na AN.NA ta-ad-mì-iq-tim ša DUMU.MÍ ha-na-na DAM ha-na-na ú me-er-ú ha-na-na mì-ma a-na kà-áp-sí-a DAM a-lá-bi4-im i-dí-nu-ni,"For the costs of upbringing, the food and the tomb of the daughters of Kapsiya, for the tin, the venture credit of the daughter of Hanana, Hanana's wife and sons will not raise claims against Kapsiya for anything they have given to Kapsiya, wife of Ali-abum."
7 GÍN KÙ.BABBAR hu-bu-ul pì-lá-ah-IŠTAR DUMU a-šur-SIPA ⅓ ma-na 2½ GÍN KÙ.BABBAR ša nu-a-im ša ša-<gap>-a lu hu-bu-lim ša ha-ri-im-tí-im kà-áp-sí-a DAM a-lá-bi4-im a-na hu-dí-da ù me-er-e ha-na-na ú-lá i-tù-ar e-10+5 GÍN ša na-ki-le-ed ú kà-nu šu-ma wa-at-ra-am KÙ.BABBAR ha-na-na iš-tí na-ki-le-ed i-le-e i li-bi4-ša kà-áp-sí-a tí-šu,"If, apart from the 15 shekels, which Nakile'ed has to confirm, Hanana proves to have an additional claim in silver on Nakile'ed, Kapsiya will have a claim on her (Hudida) for the (figurines of the) gods."
IGI a-šùr-lá-ma-sí DUMU šu-ku-bi4-im IGI en-na-nim IGI ú-ba-a IGI šu-mì-a-bi4-a IGI a-mur-{d}UTU,"In the presence of Aššur-lamassī, son of Šu-Kūbum, of Ennānum, of Ubaya, of Šumi-abiya, and of Amur-Šamaš."
KIŠIB ku-la a-hu-ú šu-ku-tim KIŠIB PUZUR4-tí-a-am-tim DUMU IŠTAR-pá-li-il5 KIŠIB en-um-a-šur DUMU kà-ri-a KIŠIB en-na-sú-in DUMU i-dí-a-bi-im KIŠIB a-nu-li a-hi-šu,"Seal of Kula brother of Šukkutum, seal of Puzur-Ti'amtum son of Ištar-pālil, seal of Ennam-Aššur son of Karria, seal of Enna-Suen son of Iddin-abum, seal of Anuli his brother."
lu-qú-tám ša ša-lim-a-šur ša i-na ha-hi-im É i-sú-ri-ik ù me-er-ú i-dí-a-bi-im iṣ-bu-tù-ni-ma a ma-lá ṭup-pí-im ša dí-in a-lim{ki} ša kà-ku-a ub-lá-ni a-na lu-qú-tim ší-a-tí en-na-sú-in ù a-nu-li a-na ša-lim-a-šur ú-lá i-tù-ru,"As to the goods belonging to Šalim-Aššur that were in Hahhum in the house of Issu-arik, and which the sons of Iddin-abum siezed- in accordance with the tablet with a verdict of the City that Kakuwa brought, Enna-Suen and Anuli must not raise claim against Šalim-Aššur with respect to these goods."
a-na en-nam-a-šur ù a-lá-hi-im qí-bi4-ma um-ma SIG5-pí-a-šùr-ma ½ ma-na LÁ 1 GÍN KÙ.BABBAR,To Ennam-Aššur and Ali-ahum from Damiq-pī-Aššur:
ù sà-hi-ir-tám ku-nu-ki-kà na-ki-ru-um ub-lam,The herald brought me 29 shekels of silver and small goods under your seal.
10 ma-na KÙ.BABBAR a-ni-na ú e-ni-iš-ta-ru-um ub-lá-ku-nu-tí,"""Annina and Eništārum brought you 10 minas of silver."""
KÙ.BABBAR ša tù-šé-bi-lá-ni a-na ni-ip-lá-tí-a áš-ta-qal,The silver you sent me I have paid to cover my balance payments.
ú-mu-ú er-ša-sú-ma ILLAT kà-al-a-at a-hu-a a-tù-nu i-na lu-qú-tim ša tám-kà-ri-im ṣú-ba-tù an-hu-tù-um i-ba-ší-ú,"The weather <gap> and the caravan has stopped. My dear brothers, among the goods of the merchant there are some old textiles."
ih-da-ma mì-li-ik lu-qú-tí-im mì-il5-kà a-hu-a a-tù-nu KÙ.BABBAR ší-im AN.NA <gap> šé-bi-lá-ni-ma KÙ.BABBAR-pì <gap> i-na ṣé-ri-a šu-uk-na,"Take care and decide about the goods. My dear brothers, send me silver, the proceeds from the tin, and deposit my silver to my debit."
a-dí tí-ir-ta-ak-nu i-lá-kà-ni ri-iš lu-qú-tim ú-kà-al,I hold on to the goods until your orders arrive.
3 ma-na SÍG.HI.A i-nu-mì 1 ma-na SÍG.HI.A a-na nu-a-im ša-a-al i-ṣú-ra-tim a-dí-nu,Threes minas of wool when I gave 1 mina of wool to the native of 'Birds-Town'.
5 ma-na SÍG.HI.A ša iš-tù té-ga-ra-ma a-ni-iš-ú,5 minas of wool which I had brought from Tegarama.
5 ma-na SÍG.HI.A ša É-be-et kà-ri-im,5 minas of wool of the kārum-office.
1½ ma-na SÍG.HI.A ni-qí-a-am ša a-na sú-in a-qí-ú,"1 ½ mina of wool, a gift which I offered to Suen."
2½ ma-na SÍG.HI.A ni-qí-a-am ša a-na a-na-a a-qí-ú,2 ½ minas of wool a gift which I offered to Anna.
9 ma-na SÍG.HI.A i-na ša en-um-a-šùr i-dí-na-ni,9 minas of wool from what Ennum-Aššur had given me.
ŠU.NÍGIN 21 ma-na a-na am-tim e-zi-ib,In all 21 minas I left to the maid.
ša-lim-a-šùr šu-bé-lúm ù en-na-sú-in na-aṣ-bu-tù-ma um-ma šu-bé-lúm-ma a-na ša-lim-a-šùr,"While Šalim-Aššur, Šu-Bēlum, and Enna-Suen siezed eachother, Šu-Bēlum said to Šalim-Aššur:"
a-na mì-nim tù-kà-al-ni-a-tí um-ma ša-lim-a-šur-ma a-na hu-bu-ul a-bi-ku-nu ša KÙ.BABBAR ú-ša-qí-lu ú-kà-al-ku-nu,"""Why do you detain us?"" Šalim-Aššur answered: ""I detain you because of the debt of your father, for which I paid silver."""
um-ma šu-bé-lúm-ma a-na ki ma-ṣí KÙ.BABBAR tù-kà-al-ni-a-tí a-na 1 GÚ-at ù 2 GÚ KÙ.BABBAR tù-kà-al-ni-a-tí,"Šu-Bēlum asked: ""For how much silver do you detain us? Do you detain us for 1 talent or for 2 talents of silver?"""
um-ma ša-lim-a-šur-ma lu 1 GÚ lu 2 GÚ a ma-lá ṭup-pí ha-ru-mu-tim ša a-na hu-bu-ul a-bi-ku-nu KÙ.BABBAR ú-ša-qí-lu ú-kà-al-ku-nu ù qá-dum ṣí-ib-tí-šu a-na 5 GÚ KÙ.BABBAR i-tù-ar,"Šalim-Aššur answered: ""I detain you for either 1 or 2 talents of silver according to the certified tablets, stating that I paid silver for the debt of your father. But including its interest it has become 5 talents of silver."""
šu-bé-lúm uz-na-tí-ni il5-pu-ut ša ni-iš a-lim{ki} ta-mu-ú lu-ú kà-i-lá,"Šu-Bēlum reminded us: ""Keep this in mind, what was sworn by an oath by the City."""
a-na a-wa-tim a-ni-a-tim kà-ru-um kà-ni-iš i-dí-ni-a-tí-ma IGI GÍR ša a-šùr ší-bu-tí-ni ni-dí-in IGI MAR.TU-ba-ni IGI šu-ku-bi-im,"The Kanesh colony gave us for these proceedings and we gave our testimony before Aššur's dagger. Witnessed by Amurrum-bāni, by Šu-Kūbum."
KIŠIB a-ku-za KIŠIB la-li-im KIŠIB šu-ku-bi-im DUMU a-zu KIŠIB a-šùr-i-mì-tí DUMU i-ku-pì-IŠTAR KIŠIB i-tur4-DINGIR DUMU a-mur-IŠTAR,"Sealed by Akuza, by Lalum, by Šu-kūbum son of Azu, by Aššur-imittī son of Ikūn-pi-Ištar, by Itūr-ilī son of Amun-Ištar."
ṭup-pu-um ša ba-áb DINGIR-lim ša ší-bu-tí-šu-nu ša IGI GÍR ša a-šùr,The tablet from the Gate of God with their testimony before Aššur's dagger.
É šál-ma-a-šùr a-na a-wa-tim né-ru-ub-ma,"We entered Šalim-Aššur's house to settle the case,"
um-ma šál-ma-a-šùr-ma i-a-tí a-na bu-ru-uš-ha-dim i-na ma-ak-sú-im a-na hu-bu-ul ÌR a-bu-ša-lim ša-qá-lim i-ra-de8-ú-ni a-ta 30 TÚG ku-ta-ni ù ANŠE ṣa-lá-ma-am ša ÌR tal-qé,"Šalim-Aššur said: ""While they are going to lead me to Burušhaddum in fetters in order to pay the debt of the slave Abu-šalim, you on the other hand have taken 30 kutānu-textiles and a black donkey from the slave."""
um-ma šu-be-lúm-ma ke-na ša ÌR-dí-a a-bu-ša-lim al-qé ša-lim-a-šur ša ni-iš a-lim{ki} úz-na-tí-ni il5-pu-ut,"Šu-Bēlum answered: ""Yes, I have taken what belongs to my slave Abu-šalim."""
um-ma šál-ma-a-šur-ma a-šar ÌR a-na wa-ar-dí-kà lá i-tù-ru ma-a a-na wa-ar-dí-a i-tù-ar,"Šalim-Aššur impressed on us what was sworn by the City, and Šalim-Aššur said: ""In case the slave does not raise claim against your slave, will he then raise claim against my slave?"""
um-ma šu-be-lúm-ma šu-ma a-na ku-a-im i-tù-ar a-na TÚG.HI.A ù ANŠE a-za-za-kum a-na a-wa-tim a-ni-a-tim kà-ru-um kà-né-eš i-dí-ni-a-tí-ma,"Šu-Bēlum answered: ""If he raises claim against yours, I shalll guaruntee for the textiles and the donkey."" The"
IGI GÍR ša a-šur ší-bu-tí-ni ni-dí-in IGI ú-ra-a IGI ì-lí-dan IGI ma-nu-um-ba-lúm-a-šur,"Witnessed by Uraya, by Ilī-dan, by Man-num-balum-Aššur."
2 ú-kà-pu-ú e-dí-ú tum ša iš-tí du-du-ú a-na kà-ar-pá-at ú na-bi-it ṭá-áb-tim,2 <gap> saddleclothes which I acquried from Dudū for one jar and a <gap> of salt.
al-qé-ú ù e-ma-sú-um ša 10 qé-e iš-tí en-um-a-šùr DUMU ší-ip-ri-im i-na té-ga-ra-ma i-ba-ší,"And one emāsum with a capacity of ten quarts is with Ennum-Aššur, the son of the messenger, in Tegarama."
½ GÍN KÙ.BABBAR ša {d}UTU-ba-ni i li-bi a-sà-nim 1 GÍN KÙ.BABBAR i tù-a-ri-šu i-da-šum,"Half a shekel of silver of Šamaš-bāni is due from Asānum, when he comes back he will give him 1 shekel of silver."
i-ṣé-er i-dí-a-bi4-im šu-{d}EN.LÍL i-šu iš-tù ha-mu-uš-tim ša kà-ší-im <gap>,Iddin-abum owes 20 minas of refined silver to Šu-Illil.
a-na 13 ha-am-ša-tim i-ša-qal šu-ma i-na ma-la u4-me-šu lá eš-qú-ul 1½ GÍN.TA,Reckoned from the week of the kaššum he must pay within 13 weeks.
i-na ITU.KAM a-na 1 ma-na-im ú-ṣa-áb IGI PUZUR4-a-šùr IGI a-šùr-i-mì-tí IGI šu-a-nim IGI a-šùr-be-el-a-wa-tim,"If he has not paid at the completion of his term, he must pay interest at the rate 1 ½ shekel per month per mina."
kà-ru-um <gap> dí-nam i-dí-in-ma ša-lim-a-šùr ù me-er-ú i-dí-a-bi-im i-na ki-dim a-hu-um a-na a-hi-im da-na-sú i-qá-be,"The <gap> colony passed a verdict, stating that Šalim-Aššur and the sons of Iddin-abum will each say binding words to each other outside (the city)."
a-dí 3 u4-me ma-ma-an GÁN-lam i-na ba-ri-šu-nu ú-lá i-lá-ak,Within 3 days no one among them may go away (from here).
1⅓ ma-na KÙ.BABBAR i-na KÙ.BABBAR-áp a-bu-ša-lim DUMU e-na-su-in ša hu-ut-<gap> a-na a-na-ah-ì-lí DUMU DU10-ṣí-lá-a-šur i-dí-nu-ma ṭup-pu-šu ih-ri-mu-ma i-na ṭup-pí-im ša ku-nu-uk a-na-ah-ì-lí lu šu-mì a-bu-ša-lim ú-du-ú lu šu-mì DAM.GÀR ú-du-ú KÙ.BABBAR u ṣí-ba-sú ša ṭup-pí-im šu-wa-tí a-šur-ma-lik DUMU ku-ra-ra ku-li-a DUMU a-lá-bi4-im ù šu-be-lim DUMU pu-qí-dí ša ki-ma a-šur-DU10 DUMU a-bu-ša-lim ša-bu-ú,"1 ⅓ mina of silver from the silver of Abu-šalim, son of Ennam-Suen, which Hut <gap> gave to Anah-ilī, son of Ṭāb-ṣilli-Aššur, and for which he drew up a valid record and in which tablet, sealed by Anah-ilī, either the name of Abu-šalim, or simply ""the creditor"" is indicated - with the silver and the interest on it of this tablet Aššur-mālik, son of Kurara, Kuliya, son of Ali-abum, and Šu-Bēlum, son of Puqidi, the representatives of Aššur-ṭāb, have been satisfied."
ṭup-pu-um ša hu-bu-ul a-na-ah-ì-lí ša i-li-a-ni sà-ar,The tablet of the debt of Anah-ilī that may turn up is invalid.
ma-tí-ma a-na-ah-ì-lí a-na a-šur-ma-lik ku-li-a ù šu-be-lim i-tu-ru ṭup-pá-am ha-ar-ma-am ša ma-nu-um-me <gap> ú-bu-lu-nim-ma ṭup-pu-um a-num i-mu-a-at,"If ever Anah-ilī should raise a claim against Aššur-mālik, Kuliya and Šu-Bēlum, they will bring the valif record of Mannum-mu <gap> and then this tablet will be cancelled."
IGI IŠTAR-tù-li-id DUMU a-da-a IGI bu-da-a DUMU ta-ra-wa-zi,"In the presence of Ištar-tūlid, son of Adaya, of Budaya, son of Tarawazi."
1½ ma-na KÙ.BABBAR iš-ra-tim pu-šu-ki-in DUMU bu-za-zu i-na ku-bu-ur-na-at nu-ša-dí-in-ma ŠÀ.BA 1 ma-na KÙ.BABBAR šu-sú-in DUMU áb-lá-ma-sí ú a-šùr-i-dí DUMU a-da-da ku-nu-ki ša wa-bar-tim ú ku-nu-ki-a a-na kà-ri-im,"One and a half mina of silver, the tithe, we collected from Pušu-ken, son of Buzāzu, in Kuburnat, and 1 mina of silver thereof Su-Suen, son of Abi-lamassi, and Aššur-idi, son of Adada, are bringing to the kārum under the seal of the wabartum and my seal."
i-ni-iš-ú ½ ma-na KÙ.BABBAR i-na tù-ùh-pí-a a-šùr-ma-lik DUMU ku-ra-ra e-pu-ul a-na kà-ri-im i-ša-qal,"For ½ mina of silver Aššur-malik, Kurara' son, gave his promise in Tuhpiya, he will pay to the kārum."
15 GÍN KÙ.BABBAR DUMU a-lu-lá-a i-na ha-na-ak-na-ak nu-ša-dí-ma ku-nu-ki-ni li-ba-a ù ku-bi-a i-ni-iš-ú,Fifteen shekels of silver we collected from Alulaya's son in Hanaknak and under our seals Libaya and Kubiya are bringing it.
⅓ ma-na KÙ.BABBAR ša-du-a-tám ni-mar-sú-in DUMU da-dí-a i-na du-ur-hu-mì-it nu-ša-dí,"One third mina of silver, šaddu-utu-tax [we levied from Nimar-Suen, son of Dadiya, in Durhumit."
1½ GÍN KÙ.AN iš-ra-tim šu-ma-bi4-a DUMU a-šùr-e-li-tí nu-ša-dí-ma ku-nu-ke-e ša kà-ri-im du-ur-hu-mì-it i-na ší-na-hu-tim IGI wa-bar-tim a-na šu-a-nim DUMU me-na-nim ù ma-num-ki-{d}IŠKUR áp-qí-id-ma a-na kà-ri-im i-ni-iš-ú,"1 ½ shekel of meteoric iron, the tithe, we [levied from Sumi-abia, son of Aššur-elliti, and under the seals of kārum Durhumit I entrusted it in Sinahuttum, before the warbartum to Su-Anum, son of Menānum, and Mannum- [ki-Adad, who are bringing it to the kārum."
10 GÍN KÙ.BABBAR ša-du-a-tám bu-ṣí-a ša ku-bu-ur-na-at i-na tù-ùh-pí-a nu-ša-dí-ma ku-nu-ki-ni {d}EN.LÍL-ba-ni DUB.SAR a-na kà-ri-im i-ni-ší-i,"Ten shekels of silver, šaddu-utu-tax, we levied from Busia of Kuburnat in Tuhpiya and under our seals Enlil-bani, the scribe, is bringing it to the kārum."
a-na ku-li-a qí-bi-ma um-ma a-sà-num-ma,"To Kuliya, thus says Asānum:"
a-ma-a dam-qá-tù-šu ša al-pì-lí ša i-na té-ga-ra-ma ú-ta-mì-ú pa-ar-sà-ti-kà a-wa-tim u-šé-ṣí-i ú šu-um-ka SIG5 ṭá-pu-ul ú a-na-ku iš-tí-kà-ma ṭá-pu-lá-ku aq-bi-a-ku-um,"Really, this is the friendliness of Alpilī whom I made swear an oath in Tegarama - he has disclosed confidential matters of you, and your good reputation too has been besmirched and I have been besmirched together with you."
um-ma a-na-ku-ma a-wa-tí-kà al-pì-lí lá tù-lá-ma-ad a-wa-sú,"I had told you: Do not inform Alpilī about your affairs, he <gap> his word."
ú-ZA-AD a-bi a-ta be-lí a-ta lá ta-qá-bi um-ma a-ta-ma i-qí-in-im a-šu-mì ta-pá-i-šu-ú na-áš-pè-er-tám uš-té-bi-lam,"Please my father, my lord, do not thing: Out of jealousy he has sent me a letter about his partner!"
ma-di-iš li-bi-i im-ra-aṣ a-na a-wa-tim ša a-áš-ta-me-ú a-na a-wa-tim a-ni-a-tim DINGIR lu i-de8 a-na al-pì-lí,"He has really hurt me terribly. For the rumors I keep hearing, for these matters god be my witness against Alpilī."
um-ma šu-ut-ma a-na am-tí-kà-ma <gap> lá i-ba-ší,He said to your maid: There is no <gap> available.
i-na <gap> 2-ší-ta a-ša-tám da-mì-iq-tám ku-li-a e-ha-az,Of the two girls/maid Kuliya will marry one as a fine wife.
i-na <gap> am-tí-kà ka-lá-ší-na-ma tù-ba-lá-ku-um,Of/with the <gap> of your maid all of them she will bring you.
li-ba-kà lá i-na-hi-id e-lá-an 3 GÍN KÙ.BABBAR mì-ma wa-at-ra-am,Don't be worried. Apart from 3 shekels of silver he gave her nothing extra.
lá i-dí-ší-im ú ša a-da-<gap>-tim,And he did not give her any <gap>
mì-ma lá i-dí-ší-im ú a-ma-tum ra-qá-ma,"Moreover, the slave-girls are idle and do nothing."
uš-ba ú li-bi4-ša ki-ma mì-ma lá i-dí-nu-ší-ni iš-té-né-ú-ma LU,And because he gave her nothing they keep looking for <gap> and she is very angry.
ša-lim-a-šùr ù šu-be-lúm DUMU i-dí-a-bi-im ni-kà-sí ma-ah-ri-ni i-sí-ú-ma 1 GÚ 13 ma-na URUDU lá-mu-na-am i-ṣé-er šu-be-lim ša-lim-a-šùr i-dí-i,"Šalim-Aššur and Šu-Bēlum son of Iddin-abum settled accounts before us, and Šalim-Aššur submitted 1 talent 13 minas of bad copper as a claim on Šu-Bēlum."
um-ma ša-lim-a-šùr-ma a-na šu-be-lim-ma i pí-i i-sú-ri-ik a-bi-a qá-tá-at a-bi-kà al-ta-pá-at lu i-ba-ba-tí-šu KÙ.BABBAR al-qé-ma a-na hu-bu-li-šu ú-ša-qí-il5 lu i-na na-ru-qí-a KÙ.BABBAR ma-da-ma a-na hu-bu-ul a-bi-kà ú-ša-qí-il5 al-kam ṭup-pí-a lu-kà-li-im-kà,"Šalim-Aššur said to Šu-Bēlum""On the orders of Issu-arik, my father, I wrote myself as your father's guarantor. I took silver from his outstanding claims and paid to cover his debt, and I paid a great deal of silver from my joint-stock capital for your father's debt. Come! Let me show you my tablets!"""
um-ma šu-be-lúm-ma we-da-am i-a-tí tù-la-ma-da-ni qá-dum a-he-a-ma šé-a-ni,"Šu-Bēlum answered: ""You inform me alone. Sue me together with my brothers."""
IGI PUZUR4-a-šùr IGI en-na-nim a-na a-wa-tim a-ni-a-tim kà-ru-um kà-ni-iš <gap> i-dí-ni-a-tí-ma IGI GÍR ša a-šùr ṭup-pá-am ša ší-bu-tí-ni ni-dí-in,"Witnessed by Puzur-Aššur, by Ennānum. The Kanesh colony gave us for these proceedings and we gave a tablet with our testimony before the dagger of Aššur."
a-pu-tum ri-iš lu-qú-tim ša DAM.GÀR ša-ṣí-ir,"Urgent, guard the goods of the merchant;"
ú a ma-lá tí-ir-tí-kà um-ma a-ta-ma ṣú-ba-tù an-hu-tum i-ba-ší-ú a-pu-tum i-na ša-am-ší ṭup-pí-i ta-ša-me-ú i-na hu-ur-ší-im ša ib-ri-im a-ta ù i-lá-áš-ra-ni ṣú-ba-tí kà-lá-šu-nu-ma na-pí-ša-ma 3 u4-me-e ù 5 u4-me-e li-bi-ší-ú-ma šu-ta-áb-lá-ki-ta-šu-nu,"and with regard to your message where you said: ""There are some old textiles"" - urgent, the very day you hear my letter you and Ilī-ašrannī should air all of the textiles in the store-room of a friend, and leave them for 3 or 5 days before you turn them over."
ma-ma-an ša-ni-am lá tù-ṭá-ha-a a-dí 10 u4-me-e lá ta-ha-ta-ar,Do not let anyone else approach (them). Do not hesitate for 10 days!
a-ṣé-er e-ni-ša-ri-im a-dí AN.NA-ki-kà ú-ṣú-ur-ša-IŠTAR áš-ta-pá-ar,I have sent Uṣur-ša-Ištar to Enišārum concerning your tin.
iš-tù za-al-pá i-tù-ru-nim a-lá-ha-am a-ṭá-ra-dam,"When they come back from Zalpa, I shall send Ali-ahum."
½ ma-na KÙ.BABBAR ṣa-ru-pá-am ú ša 3 GÍN sà-hi-ir-tám ku-nu-ki-a ili5-tù-ra-am ú-šé-bi4-lá-kum-ma 17 GÍN KÙ.BABBAR ṣa-ru-pá-am ku-nu-ki-a ší-im ṣú-ba-tí-kà id-na-a ú a-lu-wa na-áš-ú-ni-kum e-ma-ru-kà lu ak-lu,"I sent Ilī-tūram to you with ½ mina of refined silver and small goods worth 3 shekels under my seal, and Idnaya and Aluwa are bringing you 17 shekels of silver under my seal, the proceeds from your textiles. Your donkeys should be fed."
a-na ša-lim-a-šùr a-šùr-ma-lik DUMU lu-zi-na ù i-ku-pí-a qí-bi-ma um-ma ší-ša-ra ù IŠTAR-lá-ma-sí-ma,"To Šalim-Aššur, Aššur-malik son of Luzina and Ikūn-piya from Šišara and Ištar-lamassi:"
i-na 2 GÚ 10 ma-na KÙ.BABBAR ša šu-bé-lim en-na-sú-in a-nu-li ù kà-ku-a MAŠKIM i-na kà-ni-iš a-na na-ru-qí-kà ú ma-la a-bu-kà i-ší-ma-tí-šu il5-pu-tù-kà-ma ta-mì-ig-ra-ni 2 GÚ 10 ma-na KÙ.BABBAR ṣa-ru-pá-am i-na a-lim{ki} ša-qá-lá-am qá-bi-a-tí-ni ša-du-a-tám ni-is-ha-tim ša-lim-a-šùr ù-ma-lá ù KÙ.BABBAR a-šu-mì ša-lim-a-šùr GÁN-lam5,"Of the 2 talents 10 minas of silver, on which you agreed (with?) Šu-Bēlum Enna-Suen, Anuli and Kakuwa, the attorney, for your joint-stock capital in Kanesh- also in accordance with what your father wrote for you in his will- (so that) you promised to pay 2 talents 10 minas of refined silver in the City- Šalim-Aššur will contribute the transport tariff and the import duty; also, the silver will cross overland in Šalim-Aššur's name-"
e-tí-iq i-na KÙ.BABBAR a-nim 37½ ma-na KÙ.BABBAR pí-lá-ah-IŠTAR DUMU ú-zu-a ub-lam 20 ma-na KÙ.BABBAR hi-na-a ub-lam 3 ma-na KÙ.BABBAR ku-zi-zi-a ub-lam 4 ma-na KÙ.BABBAR a-du-da ub-lam ší-tí KÙ.BABBAR 58½ ma-na KÙ.BABBAR ṣa-ru-pu-um,out of this silver Pilah-Ištar son of Uzuwa brought 37 ½ minas of silver; Hinnaya brought 20 minas of silver; Kuziziya brought 3 minas of silver; Aduda brought 4 minas of silver; the rest of the silver amounts to 58 ½ minas of refined silver.
ù ší-bi šu-ku-šu-um ki-ma a-šu-mì ša-lim-a-šùr GÁN-lam KÙ.BABBAR e-tí-qá-ni ša-du-a-tám ú ni-is-ha-tim šál-ma-a-š,"Further, Šu-Kūbum is not reliable. He must return whatever silver he has taken. He has been expelled in accordance with a verdict of the City and the attorneys."
1⅓ ma-na 2 GÍN KÙ.BABBAR a-šu-mì ku-li-a DUMU a-lá-bi-im a-na a-šur-ma-lik DUMU ku-ra-ra-áš-qúl,"1 ⅓ mina and 2 shekels of silver on behalf of Kuliya, son of Ali-abum, I paid to Aššur-mālik son of Kurara."
i-na a-lá-ak DUMU a-na-<gap> ú MAŠKIM ša ì-lí-pí-ú-ṣur KÙ.BABBAR i-ša-qú-lu-ni-ma i-li ú-ša-ar,When Ana <gap> 's son and Ilī-pī-uṣur's attorney come here they will pay me the silver and I will release the gods.
ša DUB-pá-am i-mu-a-at šu-ma KÙ.BABBAR lá iš-ta-aq-lu KÙ.BABBAR ú ṣí-ba-sú a-li ni-na-mu-ru ku-li-a i-ša-qá-lam,"As for the tablet, it will be cancelled. Should they not pay the silver, then Kuliya will pay me the silver and the interest on it wherever we meet."
ITU.KAM kán-mar-ta li-mu-um a-šùr-SIPA DUMU ì-lí-e-mu-qí,"Month 9, eponymy of Aššur-rē'ī, son of Ilī-emūqī."
i-nu-mì KÙ.BABBAR áš-qú-lu e-na-a-šùr ú a-mur-{d}UTU DUMU ili5-pì-ú-ṣur be-ru-ú i-zi-zu,"When I paid the silver Ennam-Aššur and Amur-Šamaš, son of Ilī-pī-uṣur, acted as bērū."
IGI a-šur-ma-lik IGI sú-kà-li-a IGI ma-num-ba-lúm-a-šur,"In the presence of Aššur-malik, of Sukkalia, of Mannum-bālum-Aššur."
i-ṣé-er i-dí-a-bi4-im a-mur-IŠTAR i-šu-ú iš-tù ha-mu-uš-tim ša da-la-áš ù du-ùh-ni-iš,Iddin-abim owes 14 minas refined silver to Amur-Ištar.
a-na 43 ha-am-ša-tim i-ša-qal šu-ma i-ma-lá u4-me-šu lá iš-qúl 1½ GÍN.TA,From the hamuštum of Da-la-áš he has 43 weeks to pay.
5⅔ ma-na 5 GÍN ša a-šùr-e-mu-qí IGI a-šùr-i-mì-tí IGI šu-a-nim i-šé-ra-tim wa-ar-ki-a-tim i-ma-ar,5 ⅔ minas 5 shekels to Aššur-emūqī.
ma-na KÙ.BABBAR ṣa-ru-pá-am i-ṣé-er hi-ta-ni DUMU DINGIR-na-da ku-li-a DUMU a-lá-bi4-im i-šu,"<gap> 1 minas of refined silver Hitani, son of Ilī-nādā, owes to Kuliya, son of Ali-abum."
1½ GÍN.TA a-na 1 ma-na-im,1 ½ shekel of silver per mina he will add as interest <gap>
KIŠIB a-šur-ták-lá-ku DUMU i-ku-nim KIŠIB ki-nam-a-šùr DUMU ba-ba-lim KIŠIB a-šur-na-da DUMU ha-pu-a-lá ša hu-bu-ul a-šùr-na-da DUMU ha-pu-a-lá,"Seal of Aššur-taklāku, son of Ikūnum, seal of Kīnam-Aššur, son of Babālum, seal of Aššur-nada, son of Happuala."
10 GÍN KÙ.BABBAR SAHAR.BA i-ṣé-er a-šùr-na-da DAM.GÀR i-šu,10 shekels of 'dust silver' Aššur-nādā owes to the creditor.
ITU.1.KAM hu-bu-ur li-mu-um ša qá-té a-bu-ša-lim DUMU ì-lí-a-lim,"Month 6, eponymy of the successor of Abu-šalim, son of Ilī-alum."
a-na ITU.6.KAM i-ša-qal šu-ma lá iš-qúl 1½ GÍN.TA KÙ.BABBAR i-na ITU.1.KAM-im ṣí-ib-tám a-na 1 ma-na-im,"He will pay within 6 months, if he does not pay he will add 1 ½ shekel of silver per month as interest per mina."
ú-ṣa-áb wa-bi-il5 ṭup-pí-im šu-ut DAM.GÀR-ru-um,The bearer of this tablet is the creditor.
a-ma-kam tù-ur-IŠTAR DUMU zu-ma-<gap> be-lá-a-wa-tim ša-i-il5-šu,"Over there Tūrī-Ištar, son of Zuma <gap> (is) the litigant, ask him."
lu-qú-tám ša ša-lim-a-šur ša i-na ha-hi-im É i-sú-ri-ik ù me-er-ú i-dí-a-bi-im iṣ-bu-tù-ni-ma i-na kà-ni-iš É a-šur-be-el-a-wa-tim i-pì-iq-du-ni-ma a ma-lá ṭup-pì-im ša dí-in a-lim{ki} ša kà-ku-a ub-lá-ni a-na lu-qú-tim šu-a-tí en-na-sú-in ù a-nu-li a-na ša-lim-a-šur ú-lá i-tù-ru-ú,"As to the goods belonging to Šalim-Aššur that was in Hahhum in Issu-arik's house, and which Iddin-abum's son siezed and entrusted in the house of Aššur-bēl-awātim in Kanesh- in accordance with the tablet with a verdict of the City that Kakuwa brought Enna-Suen and Anuli must not raise claims to those goods against Šalim-Aššur."
IGI ku-la IGI PUZUR4-tí-a-am-tim IGI en-um-a-šur,"Witnessed by Kula, by Puzur-Ti'amtum, by Ennam-Aššur."
IGI a-šùr-i-mì-tí DUMU du-dí-ki IGI tù-ur-a-šùr DUMU ú-zu-a IGI en-na-sú-in,"Witnessed by Aššur-imittī son of Dudiki, by Tūr-Aššur son of Uzuwa, by Enna-Suen."
8 ma-na KÙ.BABBAR ṣa-ru-pá-am i-ku-pí-a DUMU šu-a-nim i-na ší-im SÍG.HI.A ša ú-ší-na-lam il5-qé,Ikūn-piya son of Šu-Anum has received 8 minas of refined silver from the proceeds of Ušinalam's wool.
IGI i-dí-ku-bi4-im IGI ú-zu-bi4-iš-ki-im a-hi-šu IGI en-na-sú-in,"Witnessed by Iddin-Kūbum, by Uzubiškum his brother, by Enna-Suen."
a-na ku-li-a qí-bi-ma um-ma a-sà-num-ma,"To Kuliya, thus Asānum:"
a-na-kam i-qá-qá-ar ší-a-ma-tim wa-áš-ba-ku ú ší-mu-um ma-ad,I am staying there in an area of purchases and there is much for sale!
ší-ma-am ša ta-šé-e-ú i li-bi-kà ša ba-lá-ṭí-kà ú ba-lá-ṭí-ni a-na-kam-ma ú-šé-lá,"Purchases at which you are striving, which will secure you and us a profit, I can send up from here."
šál-ma-ku mì-ma i li-bi4-kà lá ta-na-hi-id,"I am well, there is not a reason to worry."
ší-ma-am šu-ra-am ša i-dí-ú i li-bi-i ma-tí-im ša ha-tim KÙ.BABBAR šé-bi-lá-ma ší-ma-am lá-áš-a-am-ma a-pí-iš ku-ku-ú-ma e-ra-ba-ni,"<gap> purchase goods, which they have stocked in Hattum's hinterland, send me silver then I will make purchases and since Kukū is about to arrive, let him bring them in."
lu-šé-ri-ba-am ki-ma KÙ.BABBAR ṭa-ah-dum i-na ha-tim i-né-pu-šu-ni ú li-ba-kà i-ha-du-ú e-pu-uš KÙ.BABBAR ú-lá tù-šé-bi-lam ší-ma-am ša ú-šé-ra-ba-ni ta-ma-ar li-ba-kà e im-ra-aṣ,"Take action so that an abundance of silver can be earned in Hattum and you can rejoice, lest you will regret not having sent me silver, when you see what purchases I am bringing in!"
a-bi-i a-ta be-lí a-ta KÙ.BABBAR ša e-na-na-tum i-dí-na-ni i-na {d}UTU-ši ú-ṣa-ni ú-ku-ba-ku-ma KÙ.BABBAR lá ú-me-er KÙ.BABBAR,"My father, my lord, as for the silver that Enannātum gave me, the day I left I was so pressed that I did not stock that silver."
šé-bi-lam-ma iš-tí KÙ.BABBAR a-nim lu ší-pí-ir-šu KÙ.BABBAR,Send me silver and let him be the messenger coming with that silver.
e-lá tù-šé-bi-lam-ma li-ba-kà ú li-bi-i e im-ra-aṣ,Do not fail to send silver let both you and I will regret it!
ha-nu-ba a-na-kam ú-ta-za-am um-ma šu-ut-ma a-dí-i na-áš-pè-er-tám ša ku-li-a a-ša-me-ú a-ma-kam a-ma-tim lá,"Here Hanuba keeps complaining, saying: Until I hear a letter of Kuliya I will not release the slave-girls over there."
8 ma-na KÙ.BABBAR ṣa-ru-pá-am da-dí-a DUMU en-na-nim i-na ší-im SÍG.HI.A ša ú-ší-na-lam il5-qé,Dādiya son of Ennānum has received 8 minas of refined silver from the proceeds of Ušinalam's wool.
IGI a-šùr-i-mì-tí DUMU du-dí-ki IGI tù-ur-a-a DUMU ú-zu-a IGI en-na-sú-in DUMU i-dí-a-bi-im,"Witnessed by Aššur-imittī son of Dudiki, by Tūraya son of Uzuwa, by Enna-Suen son of Iddin-abum."
10 ma-na KÙ.BABBAR ṣa-ru-pá-am tù-ur-a-a DUMU ú-zu-a i-na ší-im SÍG.HI.A ša ú-ší-na-lam il5-qé,Tūraya son of Uzuwa has received 10 minas of refined silver from the proceeds of Ušinalam's wool.
IGI a-šùr-i-mì-tí DUMU du-dí-ki IGI en-na-sú-in IGI a-šùr-e-mu-qí DUMU i-ku-nim IGI a-šùr-DU10 DUMU en-na-sú-in DUMU za-li-dí,"Witnessed by Aššur-imittī son of Dudiki, by Enna-Suen, by Aššur-emūqi son of Ikūnum, by Aššur-tāb son of Enna-Suen, (grand)son of Zalidi."
a-na a-ta-ta DUMU ma-num-ba-lúm-a-šùr ù kà-nu-tim DUMU.MÍ en-na-sú-in KIŠIB a-na-ah-ì-lí DUMU DU10-ṣí-lá-a-šùr,"To Atata, son of Mannum-balum-Aššur, and Kannūtum, daughter of Ennam-Suen. Seal of Anah-ilī, son of Ṭāb-ṣilli-Aššur."
ù 4 TÚG ku-ta-ni lá-qé-e KÙ.BABBAR-pì-im ša i-dí-a-bi4-im iš-ra-tim ša ru-ba-im ša-lim-a-šùr ú-ṣa-ha-ar ù i-na dí-in tám-kà-ru-tim e-ta-wu,Then they will discuss in a court of merchants.
šu-ma KÙ.BABBAR i-na iš-ra-tim ba-tí-iq ša-lim-a-šùr i-na-dí,"If the silver is insufficient for the tithe, Šalim-Aššur will deposit (what is missing)."
10 ma-na KÙ.BABBAR ṣa-ru-pá-am ma-áš-kà-tám i-ṣé-er a-sà-nim <gap> ṣú-ha-ri-šu ú ku-li-a DUMU a-lá-bi-im i-šu-ú,"10 minas of refined silver, on which a claim rests, is owed by Asānum, his servant, to Kuliya son of Ali-abum."
a-na ša-na-at KÙ.BABBAR i-ša-qal ITU.1.KAM qá-ra-a-tum li-mu-um i-na-sú-in DUMU i-dí-a-bi-im,"He will pay the silver in one year. Month 8, eponymy of Ennam-Suen, son of Iddin-abum."
am-tám ù ÌR uš-té-ṣí-ú i-na šál-ší-im ú-mì-im a-šur-i-mì-tí DUMU a-mur-DINGIR ša ki-ma šál-ma-a-šur 17 ma-na KÙ.BABBAR a-na ṣí-ib-tim il5-qé-ma a-na hu-bu-ul i-dí-a-bi4-im a-na ša ki-ma i-dí-a-šùr ù ku-lá a-lá-hu-um DUMU i-dí-sú-en li-ba-a DUMU ú-zu-a ù šu-be-lúm DUMU šál-ma-a-šur iš-qúl-ma É-tí am-tám ù ÌR ša i-dí-a-bi4-im a-na a-šur-i-mì-tí DUMU a-mur-DINGIR ša ki-ma šál-ma-a-šùr ú-šé-ru,"and they brought out the maid and the slave. On the third day Aššur-imitti son of Amur-ilī, Šalim-Aššur's representative, borrowed 17 minas of silver against interest and paid it to cover Iddin-abum's debt to the representatives of Iddin-Aššur and Kula: Alāhum son of Iddin-Suen, Libbaya son of Uzuwa and Šu-Bēlum son of Šalim-Aššur, and they released Iddin-abum's houses, maid and slave to Aššur-imitti son of Amur-ilī, Šalim-Aššur's representative."
IGI ú-ra-a IGI a-ku-za IGI MAR.TU-ba-ni IGI lá-qé-pì-im IGI i-tur4-DINGIR,"Witnessed by Uraya, by Akuza, by Amur-rum-bāni, by Lā-qēpum, by Itūr-ili."
a-na DINGIR-mu-ta-bi-il5 ù a-lu-a qí-bi-ma um-ma en-um-a-šùr-ma a-na DINGIR-mu-ta-bi4-il5 qí-bi-ma,To Ilī-mutabbil and Aluwa from Ennam-Aššur; specifically to Ilī-mutabbil:
iš-tù ha-muš-tim ša i-tur4-DINGIR DUMU a-mur-IŠTAR ITU.KAM a-la-na-tim a-na-ku ù lá-qé-ep DUMU šu-a-šùr i-na É kà-ší-im ni-kà-sí ni-sí-ma 12½ ma-na 7 GÍN <gap> KÙ.BABBAR ṣa-ru-pá-am i-na li-bi lá-qé-ep a-dí-ma a-na KÙ.BABBAR ku-a-tí ú-ša-zi-za-ku-šu-ma iš-tù pu-ru-uš-ha-dim i-na e-ra-bi šu-ma KÙ.BABBAR ki-ma i-a-tí i-ša-qá-lá-kum,"In the week of Itur-ilī s. Amur-Ištar, Month 12, I and Lā-qēp s. Šū-Aššur settled accounted in the house of the official, and I set down 12 ½ minas 7 shekels of refined silver as owed by Lā-qēp; and with respect to the silver it was you I was designated for him, so when he arrives from Purušhaddum he will pay the silver to you as my representative."
ù ta-áš-pu-ra-am um-ma a-ta-ma ṭup-pu-šu al-pu-ut,"And then you have written, saying: ""I have written this tablet."""
a-hi a-ta ib-ri a-ta a-lá-nu-kà-ma a-ha-am GAL i-šu-ú,"My dear brother and friend, apart from you do I have any older brother?"
a-na-kam KÙ.BABBAR lá-qé-pá-am e-ta-ri-šu-ma ša-qá-lam ú-lá i-mu-a um-ma šu-ut-ma ṭup-pí lu-šé-tí-qú-nim-ma KÙ.BABBAR-áp-kà le-qé,Here I have repeatedly demanded the silver from Lā-qēp but he woudl not pay.
a-pu-tum a-pu-tum i ša-am-ší ša a-ma-kam e-ra-ba-ni ṭup-pá-am ša hu-bu-li lá-qé-ep IGI 3 DUMU um-me-a-ni šu-ba-al-ki-it-ma me-ha-ar-šu a-na šu-nu-tí dí-in ù ša-nàm me-eh-ra-am a-ta kà-il5,"Urgent, urgent, the very day he arrives there, copy the tablet of Lā-qēp's debt with 3 affiliated traders as witnesses; then give the copy to them while you yourself keep the other copy."
ṭup-pá-am ki-iš-ma a-na a-lu-wa DUMU um-me-a-nim p,Wrap the tablet and entrust it to Aluwa and an affiliated trader so they bring it.
KIŠIB šu-{d}EN.LÍL DUMU šu-ku-bi-im KIŠIB ṣí-lu-lu DUMU ú-ku,"Seal of Šu-Illil son of Šu-kūbum, seal of Ṣilūlū son of Uku."
i-nu-mì i-dí-a-bu-um a-wa-sú iq-bi-ú 10 ma-na KÙ.BABBAR a-na ša-lim-a-šùr i-dí-in,"When Iddin-abum spoke his will, he gave 10 minas of silver to Šalim-Aššur."
um-ma šu-ut-ma i-ṣí-ba-at KÙ-pì-a li-il5-qé,"He said: ""He may take it from the interest on my silver."""
ili5-ba-ni DUMU i-a-a ù a-bu-ša-lim ÌR i-na bu-ru-uš-ha-dim a-na ni-kà-sí ša-sá-im iṣ-bu-tù-ni-a-tí-ma,"Ilī-bāni son of Yaya and the slave of Abu-šalim seized us in Burušhaddum in order to settle accounts,"
um-ma ì-lí-ba-ni-ma a-na-ku ki-ma ša-lim-a-šùr al-kam i-na IGI a-we-li a-ni-ú-tim ší-sí ṭup-pí-šu-nu ša maš-kà-na-tim ma-ah-ri-ni iš-ku-nu-ma,"and Ilī-bāni said: ""I act on behalf of Šalim-Aššur. Come on, settle with these men as witnesses.""They placed their tablets concerning deposits before us,"
um-ma ili5-ba-ni-ma lu-qú-ut 5 GÚ KÙ.BABBAR ù e-li-iš a-we-lam tù-ús-ta-ri-ir ù i-na a-wa-tí-ma a-ni-tim pá-ni ṣa-al-mu-tim a-we-lam tù-uš-ta-ar-ší ni-kà-sí i-na ma-ah-ri-ni im-šu-hu-ma,"and Ilī-bāni said: ""You cheated the boss for goods worth 5 talents of silver or more. Consequently, on this very matter you have made the boss very angry."" They took away the accounts in our presence,"
um-ma ili5-ba-ni-ma ma-lá-ma li-bi-kà ší-ta-kà-an,"and Ilī-bāni said: ""Submit whatever you have in your posession."""
um-ma a-bu-ša-lim-ma a-lá-an 40 ma-na KÙ.BABBAR mì-ma i-na li-bi-a ù-lá i-ší-tám,"Abu-šalim answered: ""Apart from 40 minas of silver there is nothing left in my posession."""
um-ma ili5-ba-ni-ma a-ma i-na ṭup-pí-šu ša 5 GÚ KÙ.BABBAR ù e-li-iš la lá-pu-ta-kum,"Ilī-bāni said:""Now, were goods worth 5 talents of silver or more not booked for you in his tablet?"""
a-bu-ša-lim i-ṣú-ra-tum ù-šé-ṣí-a-ma um-ma a-bu-ša-lim-ma a-ma lá i-ṣú-ra-tù-šu ša É a-am-ku-a-i-tim a-ha-at ru-ba-im ša-ša-sá-ma-i-im ù tí-ra-at e-kál-lim a-na-kam a-qú-ul-ší-na le-qé-a-ma a-tù-nu-ma ša-dí-na,"Abu-šalim produced -documents and said: ""Here, are they his iṣurtu-documents from the house of the queen of Amkuwa, the sister of the king of Šašasama? Also I have listened to the orders of the palace here. Take them so that you yourselves can have them sold."""
a-na a-šur-DU10 qí-bí-ma um-ma ku-li-a-ma,"To Aššur-ṭāb, thus says Kuliya:"
a-na ma-lá té-er-tí-kà a-wa-tám ša a-na-ah-ì-lí DUMU DU10-ṣí-lá-a-šur a-na-ku a-šur-ma-lik DUMU ku-ra-ra ù šu-bé-lum DUMU pu-qí-dí a-na 1 ma-na KÙ.BABBAR a-wa-sú ni-ig-mur-ma 1 ma-na KÙ.BABBAR a-šu-mì a-na-ah-ì-lí a-na-ku a-pu-ul,"In accordance with your instructions we, I myself, Aššur-mālik, son of Kurara, and Šū-Bēlum, son of Puqidi, have settled the affair of Anah-ilī, son of Tāb-ṣilli-Aššur, for 1 mina of silver and I myself guaranteed 1 mina of silver in Anah-ilī's name."
ṭup-pá-am ša ku-nu-ki-kà ša a-na 1⅓ ma-na KÙ.BABBAR a-na a-na-ah-ì-lí ša ṭup-pì-šu lá ta-tù-ru-ú-ni ta-dí-nam,You gave me a tablet with your seal stating that you would not come back on Anah-ilī for the 1 ⅓ mina of silver of his debt-note.
šu-ma ṭup-pá-am ša ku-nu-ki-kà a-na-ah-ì-lí lá im-ta-ah-ra-ni 1 ma-na KÙ.BABBAR a-na a-lim{ki} a-na a-bu-ša-lim a-bi-kà ú-šé-ba-al-ma i-na SAG KÙ.BABBAR ṭup-pá-am ša ku-nu-ki-šu a-bu-ša-lim a-na ša ki-ma i-a-tí ú ša ki-ma a-na-ah-ì-lí ša a-na 1⅓ ma-na KÙ.BABBAR ša ṭup-pì-šu ha-ar-mì-im a-na a-na-ah-ì-lí lá i-tù-ru-ú,"Should Anah-ilī not receive from me the tablet with your seal, then I will send to the City, to your father Abu-šalim, 1 mina of silver and as soon as he receives that silver Abu-šalim will give to my and Anah-ilī's representatives a tablet with his seal stating that he will not come back on Anah-ilī for the 1 ⅓ mina of silver recorded in his validated tablet."
i-da-an-ma ú ṭup-pá-am ša ku-nu-ki-kà ú-ta-ra-kum-ma ú na-áš-pè-er-tí a-ni tum i-mu-a-at,And then I will give you back the tablet with your seal and this letter will be cancelled.
um-ma a-šùr-ša-dí-li-ma a-na ku-li-a ù a-šur-la-ma-sí a-na ku-li-a qí-bi-ma,Thus says Aššur-šad-ilē to Kuliya and Aššur-lam(assi) and in particular to Kuliya:
a-šu-mì a-wa-tim ša É sà-ba-sí-a a-wu-tum ša ma-ah-ri-kà lá iz-ku-ú lu-qú-ut-kà ša i-na a-pí-im té-zi-bu-ma lá-ta-ra-ak iṣ-ba-at,"Because of the affair of Sabasiya's house the case that was not settled in your presence, Latarak has seized your merchandise that you had left behind in Apum."
áš-me-ma ṭup-pá-am ša ší-bu-tim ú ší-ip-ra-am al-qé-ma a-na a-pí-im i-li-ik-ma lu-qú-tám ú-ší-ir-ma a-bi-we-du-um i-ra-dí-a-ku-um,When I heard it I availed myself of a tablet of the Elders and a messager who went to Apum and obtained the release of the merchandise and Abī-wēdum is now leading that to you.
be-et-kà URUDU KÙ.GI ú-ṣú-ra-num ta-da-nam lá i-mu-a,"As for your house, Uṣurānum refuses to give either copper or gold saying: 'All has been consumed'."
um-ma šu-ut-ma ša-qú-ul ba-pí-ra-am ša ša-ku-ul-tim ú ku-ku-ba-tim É DAM.GÀR ni-il5-qé-ma a-na DAM ili5-ba-ni ni-dí-in,From a merchant we borrowed beer bread for the banquet and for drinking flasks and we gave them to Ilī-bāni's wife.
mì-ma li-ba-kà lá i-pá-ri-id ki-ma,There is absolutely no reason to get nervous.
a-wi-lu-tí-kà lu-qú-ut-kà a-na KÙ.BABBAR ta-e-er-ma tí-ib-a-ma a-tal-kam,"Gentleman as you are, convert your merchandise into silver and come immediately here."
a-hi a-ta tí-de8-e ki-ma KÙ.BABBAR 1 GÍN ša qá-tim a-na ša-ku-ul-tim <gap>,Me dear brother realizes that every single shekel of silver at hand will be used? for the banquet.
TÚG.HI.A <gap> BA <gap> a-šur-lá-ma-sí qí-bi4-ma KÙ.BABBAR šé-bi4-lá-ma,. Tell Aššur-lamassi: 'Send the silver ( and so ) encourage us'!
li-ba-am dí-nam ší-im SIG5 a-na a-šur-ṣú-lu-lí dí-in li-bu-šu lá tù-lá-ma-an,Let him give the yield of his textiles of good quality to Aššur-ṣululī. Do not make him angry.
a-na ku-li-a qí-bi4-ma um-ma a-ba-ba-a-ma,"To Kuliya, thus says Ababaya:"
šál-ma-ni ṣú-hu-ur-kà ša-lim ni-šu-kà šál-mu,"We are well, your youngsters are well, and your people are well."
ki-ma ku-a-tí i-<gap> a-bi4-kà a-<gap> a-wa-tí-kà <gap> i-ṣé-ri-a <gap> ma-num,Like/Instead of your <gap> of your father <gap> your words <gap> on me <gap>
<gap> li-dí-nam <gap> ša ta-<gap> té-tap-ša-ni <gap> na <gap> lá i-<gap> e tù-kà-<gap> iš-tù na-áš-pè-er-ta-kà lá ta-lá-kà-ni mì-nam ša ta-áš-ta-na-pá-ra-ni um-ma,Who could give me <gap> By what you <gap> you have treated me <gap>
mì-nam a-ṣí-tí-kà lá-áš-qú-ul šu-ma a-na a-bi4-kà lá uš-té-ri-id,"What should your boy eat, what should I (use to) pay for your expenditures if I had not humbled myself for your father."
um-ma šu-ut-ma ú-ha-lá-qú-nu GA ša-ni-a-tù i pì-šu ša-ak-na,He said: He is destroying you <gap> he has evil intentions!
me-er-a-at-kà iš-tí-a ta-al-ta-<gap> um wa-áš-ba-at <gap> ša É a-bi4-ni tim <gap> áb e ta-hi-ri-<gap>,Your daughter is/keeps <gap> with me she lives <gap> of our paternal house <gap> [ <gap>
ta-áp-hi-ra-am a-dí-in-ma GU4 aṭ-bu-ùh ší-ru-um ša i-ri-u ša-áp-lá-nu-um i-tab-ku,I have sold the savings and slaughtered the ox. The meat which remained they have stored below.
4 GÚ URUDU ag-mur <gap>-KAM ṣú-ùh-ur-kà lá i-mu-ut,I have spent 4 talents of copper (for) your youngsters must not die!
um-ma a-šùr-ša-dí-li ù a-ba-ba-a-ma a-na ku-li-a qí-bi-ma,"Thus say Aššur-šad-ilē and Ababaya, say to Kuliya:"
a-šu-mì ṭup-pì-kà ša šu-sú-in DUMU i-na-a ú-kà-lu a-na-kam i-nu-mì a-wa-sú-nu i-gi5-im-ru i-na ga-me-er a-wa-tí-šu ṭup-pá-kà ú-šu-ru-ni-a-tí-ma ú né-nu ṭup-pá-am ša a-lim{ki} ša a-šur-re-ṣí nu-ša-ar,"As for your tablet which Šu-Suen, son of Innāya, has in his possession, when here their affair was concluded by (decision of) the man who settled his case they would release your tablet to us and then we would release the tablet of the City of/concerning Aššur rēṣī."
šu-sú-in ṭup-pá-am né-ta-ri-iš-ma um-ma šu-ut-ma a-da-na-ku-um a-wi-lúm i-na lá i-da-i-ni i-tá-al-kam,"When we kept asking Šu-Suen for the tablet he said: 'I will give it you', by the man has left without us knowing it!"
šu-ma a-ma-kam KÙ.BABBAR e-ri-iš-kà lá ta-da-an,"If over there he asks you for silver, do not give it."
um-ma a-ta-ma i-na a-lim{ki} i-na ga-me-er a-wa-tim DUB-kà i ta-da-nam qá-bi-a-tí,Tell him: 'By decision of the man who settled the affair you have been ordered to hand over in the City the tablet you have.
né-nu a-na-kam <gap>-ni ni-ša-a-al ga-me-er a-wa-tim-ma <gap> tí <gap>-a-lim{ki} iš-tù <gap> a-bu-ša-lim <gap> iš-tí PUZUR4 <gap> ni-ni <gap> ni-il5-qé-ú šé-bi-lam,"And we here <gap> we will ask the man who settled the affair and the <gap> which after Abu-Šalim had left we had obtained <gap> from/with Puzur- <gap>, send us that."
a-šur-ANDUL ṭur4-dam ì-GIŠ <gap> šé-bi-lam,"Send Aš[šur-ṣululī here, send (also) <gap> oil'."
um-ma kà-ru-um kà-ni-iš-ma a-na ša-qí-il5 da-tim ku-li-a ší-ip-ri-ni kà-ri-im dur4-hu-mi-it ha-tù-uš ta-am-ni-a tù-ùh-pí-a a-dí ni-na-ša-a qí-bi4-ma,"Thus kārum Kaniš, say to the dātu-payers, our messenger Kuliya, kārum(s) Durhumit, Hattuš, Tamnia (and) Tuhpiya, (all the way) until Nenašša:"
i {d}UTU-ši ṭup-pì-ni ta-ša-me-a-ni GÍR ša a-šur šé-ṣí-a-ma ik-ri-ba-am šu-uk-na-ma ma-ma-an KÙ.AN a-na ší-mì-im a-na É.GAL-lim i-dí-nu lu a-dí-ni lá i-dí-in-ma na-ší 10-tim ša KÙ.AN ú 1 ma-na um 3 GÍN KÙ.BABBAR ša-du-a-sú ṣa-áb-ta-ma ku-li-a i pá-ni-šu li-ni-iš-a-am,"As soon as you hear our letter produce the dagger of Assur and impose an oath and whoever has sold meteoric iron to a palace or, having not yet sold it, still carries it with him, seize (from him) the tithe on the meteoric iron and his/its šaddu'utu-tax of 3 shekels silver per mina and let Kuliya personally take it along."
šu-ma i-qá-bi4 um-ma šu-ut-ma KÙ.AN ša a-wi-lim ša NÍG.KA-sí 10-tim ú ša-du-a-tám li-qé-a-ma ša ba-ri-ni li-li-kam-ma GÍR ša a-šur li-it-ma-ma ša-du-a-tám nu-ta-ar-šu-um,"If the person in question protests and declares: 'the meteoric iron belongs to ""a man with an account"",' still take the tithe and the šaddu'utu-tax and let one who is one of us come here to swear an oath by Assur's dagger then we will give him back the šaddu'utu-tax."
i-da-ma IGI ku-li-a ší-ip-ri-ni GÍR ša a-šur šé-ṣí-a-ma a-hu-um pá-ni a-hi-im ú-lá ú-ba-al ma-ma-an ha-ra-an sú-ki-nim e-ma-re sé-er-dam ú-šé-ri-ba-ni-ma a-ma-kam uš-té-bu-lu-ni lu wa-ší-ib kà-ri-im 1 ma-na-um 3 GÍN KÙ.BABBAR ša-áš-qí-lá-šu-ma ku-li-a i pá-ni-šu li-ni-iš-a-am šu-ma i-qá-be um-ma šu-ut-ma,"Do not fail to produce Assur's dagger in the presence of Kuliya and people shall not spare each other! If he protests, saying: 'I will go to clear myself in kārum Kanesh' still make him pay the silver and let him come here afterwards in order to clear accounts with us."
a-na a-lá-hi-im qí-bi-ma um-ma SIG5-pí-i-a-šur-ma ù MAN-a-šur,To Ali-ahum from Damiq-pī-Aššur and also Puzur-Aššur:
i-na ha-hi-im ú-nu-ut-ni nu-ša-li-ha-ku-ni i-na za-al-pá ù a-na-kam ni-iš-ta-na-me-ma ha-ra-an sú-ki-nim dan-na-at,In Hahhum we set aside our goods for you. In Zalpa and here we keep hearing that the Narrow Track is difficult.
lá na-ṭù-ma lá né-ra-áb a-hu-ni a-ta ki-ma AN.NA 10 ma-na <gap> ù 10 TÚG,"It is not a good idea for us to enter. Our dear brother, advise us whether we should dispatch to there (where you are) some 10 minas of tin and 10 textiles that we bring."
ša-lim-a-šùr ù šu-be-lúm DUMU i-dí-a-bi4-im ni-kà-sí ma-ah-ri-ni i-sí-ú-ma 1 GÚ 13 ma-na URUDU lá-mu-nam i-ṣé-er šu-be-lim ša-lim-a-šùr i-dí,"Šalim-Aššur and Šu-Bēlum son of Iddin-abum settled accounts before us, and Šalim-Aššur set down 1 talent 13 minas of bad copper as a claim on Šu-Bēlum."
um-ma ša-lim-a-šùr-ma a-na šu-be-lim-ma i pì i-sú-SUD a-bi4-a qá-ta-at a-bi4-kà al-ta-pá-at lu i ba-a-ba-tí-šu KÙ.BABBAR al-qé-ma a-na hu-bu-li-šu ú-ša-qí-il5 lu i-na na-ru-qí-a KÙ.BABBAR ma-da-ma a-na hu-bu-ul a-bi4-kà ú-ša-qí-il5 al-kam ṭup-pì-a lu-kà-li-im-kà-ma,"Šalim-Aššur said to Šu-Bēlum: ""On the orders of Issu-arik, my father, I wrote myself as your father's guarantor. I took silver from his outstanding claims and paid to cover his debt, and I paid a great deal of silver from my joint-stock capital for your father's debt. Come! Let me show you my tablets!"""
um-ma šu-be-lúm-ma mì-nam we-dam i-a-tí tù-lá-ma-da-ni qá-dí a-hi-a-ma šé-a-ni,"Šu-Bēlum answered: ""Why do you inform only me? Sue me together with my brothers."""
IGI PUZUR4-a-šur IGI en-na-nim a-na a-wa-tim a-ni-a-tim kà-ru-um kà-ni-iš i-dí-ni-a-tí-ma IGI GÍR ša a-šur ni-dí-in,"Witnessed by Puzur-Aššur, by Ennānum. The Kanesh colony gave us for these proceedings and we gave (our testimony) before the dagger of Aššur."
iš-tù ša-lá-tù-wa-ar KÙ.BABBAR a-na a-lim{ki} a-ta-na-ší a-li-ik šu <gap>,from Šaladuwar <gap> silver to the City <gap> I use to carry <gap> go/I went <gap>
i-dí-a-bu-um É-tí ša bu-ri-im a-šar ša-lim-a-šùr wa-áš-bu iš-tí tù-ud-ha-li-a a-hu tù-li iš-a-am,"Iddin-abum has brought the houses by the well, where Šalim-Aššur is living, from Tudhaliya the brother of Tuli."
a-na a-wa-tim a-ni-a-tim kà-ru-um kà-ni-iš i-dí-ni-a-tí-ma ṭup-pá-am ší-bu-tí-ni IGI GÍR ša a-šùr ni-dí-in,"The Kanesh colony gave us for these proceedings, and we gave a tablet with our testimony before the dagger of Aššur."
IGI a-ku-za IGI ú-ra-a IGI a-šùr-ba-ni,"Witnessed by Akuza, by Uraya, by Aššur-bāni."
i-sú-rik13 a-na a-lim{ki} i-lá-ak-ma É-tí-šu ša bu-ri-im a-šar a-ni-i ša-lim-a-šùr wa-áš-bu-ni a-na tù-ud-ha-li-a a-hu tù-li a-na ší-mì-im i-dí-šu-nu,"As Issu-arik will go to the City, he sold his houses by the well, where at present Šalim-Aššur is living, to Tudhaliya the brother of Tuli."
IGI sú-kà-li-a DUMU a-mur-a-šùr IGI a-ku-za DUMU šu-a-nim IGI ú-ra-a DUMU ma-na na,"Witnessed by Sukalliya son of Amur-Aššur, by Akuza son of Šu-Anum, by Uraya son of Manana."
i-a-tí tù-la-ma-da-ni a-hu-ú-a lá-šu-ú šu-ma-ba KÙ.BABBAR tù-ša-qí-il5 KÙ.BABBAR-áp-kà ni-ta-pá-al IGI a-mur-{d}UTU IGI na-áb-sú-in DUMU {d}AB-ba-ni IGI i-ku-pí-a-šùr DUMU šu-IŠTAR a-na,"let me inform you of your father's tablet and either in the City, whether silver from free loans or from the debt of your father, I had washed silver paid."
IGI GÍR ša a-šùr i-ba-ab DINGIR-lim ni-dí-in,"Witnessed by Amur-Šamaš, witnessed by Nab-Suen son of Illil-bāni, witnessed by Ikuppi-Aššur son of Šu-Ištar."
KIŠIB ni-mar-IŠTAR DUMU PUZUR4-a-šùr KIŠIB en-nam-a-šùr DUMU kà-ri-a a-šùr-na-da DUMU šu-{d}EN.LÍL tap-pá-i-ni a-na a-wa-tim a-ni-a-tim kà-ru-um kà-ni-iš i-dí-ni-a-tí-ma IGI GÍR ša a-šùr ší-bu-tí-ni ni-dí-in,"Sealed by Nimar-Ištar son of Puzur-Aššur, by Ennam-Aššur son of Karriya; Aššur-nādā son of Šu-Illil is our (absent) partner."
ta-ah-sí-sà-tum ša ší-be ša ší-im SÍG.HI.A ša ú-ší-na-lam,Memoranda with witnesses concerning the proceeds of Ušinalam's wool.
i-nu-mì i-dí-a-bu-um a-na mu-a-tim ta-ad-nu-ma É a-šùr-be-el-a-wa-tim wa-áš-bu ša ki-ma ili5-ba-ni ÌR ù DAM.GÀR-ru-šu e-ru-bu-ma,"When Iddin-abum was dying and was staying in Aššur-bēl-awātim's house, the representatives of Ilī-bāni, Wardum and his customers, came in(to the house)"
um-ma ša ki-ma ili5-ba-ni-ma ni-kà-sí iš-tí-ni ší-sí,"and Ilī-bāni's representatives said: ""Settle accounts with us!"""
um-ma i-dí-a-bu-um-ma ṭup-pí-ku-nu kà-i-lá ù ṭup-pu-a lá-pu-tù-ma i-ba-ší-ú ša-lim-a-šùr a-hi li-li-kam-ma iš-tí-šu ší-sí-a ù am-ma ša ki-ma i-a-tí šu-{d}EN.LÍL ù a-mur-IŠTAR i-ša-ha-at a-hi-a li-zi-zu a-dí a-hi i-lá-kà-ni ma-ma-an ṭup-pí-a lá i-pá-té,"- but Iddin-abum answered: ""Keep your tablets ready, for my tablets are written and available. Let my brother Šalim-Aššur come, and then settle with him. Then my own representatives, Šu-Illil and Amur-Ištar may assist my brother. Until my brother arrives no one may open my tablets."""
KIŠIB a-ku-za DUMU šu-a-nim KIŠIB lá-qé-ep DUMU {d}AB-ba-ni KIŠIB ṣí-lu-lu DUMU ú-ku,"Sealed by Akuza son of Šu-Anum, by Lā-qēp son of Illil-bāni, by Ṣilūlu son of Uku."
a-na a-wa-tim a-ni-a-tim kà-ru-um kà-né-eš i-dí-ni-a-tí-ma IGI GÍR ša a-šùr i-na ba-áb DINGIR ṭup-pá-am ni-dí-in,The Kanesh colony gave us for these proceedings and we gave a tablet before Aššur's dagger in the Gate of the God.
kà-ru-um dí-nam i-dí-in-ma a-na lu-qú-tim ma-la a-na a-šùr-be-el-a-wa-tim i-pí-iq-du-ma ša-lim-a-šùr ú-šé-ṣí-ú ṭup-pá-am ša ku-nu-ki-šu ša-lim-a-šùr a-na šu-ku-bi-im,"The colony has passed a verdict: for all the goods that were entrusted to Aššur-bēl-awātim, and which Šalim-Aššur had taken out, Šalim-Aššur will give a tablet bearing his seal to Šu-Kūbum."
i-da-an a-na kur-ub-IŠTAR šu-ku-bu-um ú-lá i-tù-a-ar šu-ma,Šu-Kūbum will not raise claim against Kurub-Ištar.
a-na šu-ku-bi-im ma-ma-an i-tù-a-ar ša-lim-a-šùr ú-ba-áb-šu,"If anyone raises claim against Šu-Kūbum, Šalim-Aššur will clear him."
30 GÚ URUDU sà-hi-ra-am ša dur4-hu-mì-it i-na ṣé-er ma-ma-hi-ir DUMU a-mur-IŠTAR ša-lim-a-šur i-šu,Man-mahir s. Amur-Ištar owes 30 talents of sahhiru copper from Durhumit to Šalim-Aššur.
i-na e-ra-bi4-šu-ma ITU.KAM i-lá-ak KÙ.BABBAR a-na ša ki-ma šu-a-tí šu ú-šé-ba-lá-ma <gap> ki-ma <gap>-dí-ú URUDU i-ša-qal <gap>,"When he arrives, 1 month will pass. He will send the silver to his representatives, and <gap> he will pay in copper."
šu-ma lá ú-šé-bi4-lam-ma ki-ma a-wa-at kà-ri-im ṣí-ib-tám ú-ṣa-áb IGI en-na-sú-in IGI sà-li-a IGI a-šur-na-da IGI SIG5-pí-a-šur,"If he has not sent it (in time), he will pay interest in accordance with the rule of the colony."
5 ma-na KÙ.BABBAR ṣa-ru-pu-um i-na ší-im SÍG.HI.A ša ú-ší-na-lam PUZUR4-ša-du-we DUMU lá-qé-ep il5-qé,Puzur-šadu'e son of Lā-qēp has received 5 minas of refined silver from the proceeds of Ušinalam's wool.
IGI a-šùr-GAL DUMU ma-nu-um-šu-um-šu IGI en-na-sú-in DUMU i-dí-a-bi-im IGI i-dí-a-šùr bu du ú,"Witnessed by Aššur-rabi son of Mannum-šumšu, by Enna-Suen son of Iddin-abum, by Iddin-Aššur."
a-na {d}MAR.TU-ba-ni a-šùr-i-mì-tí ṣí-lu-lu šu-ku-bi4-im en-nu-um-DINGIR a-šùr-dan ili5-ba-ni en-na-sú-in LUGAL-{d}IM ù zi-ki-ki qí-bi-ma um-ma ša-lim-a-šùr-ma,"To Amurrum-bāni, Aššur-imittī, Ṣilūlu, Šu-Kūbum, Ennam-ilī, Aššur-dan, Ilī-bāni, Enna-Suen, Šar-Adad and Zikiki from Šalim-Aššur:"
ṭup-pá-am ša kà-ri-im bu-ru-uš-ha-dim ṣa-he-er GAL ù ṭup-pá-am ša ú-ší-na-lam DUB.SAR ša kà-ri-im bu-ru-uš-ha-dim DUMU i-ba-a ú ṣú-ha-ru-um ša ú-ší-na-lam a-na kà-ri-im kà-ni-iš ṣa-he-er GAL a-šu-mì a-bu-ša-lim ÌR ub-lu-nim,"The scribe of the Burušhaddum colony, Ibaya's son and a servant of Ušinalam have brought a tablet from the plenary assembly of the Burušhaddum colony and a tablet from Ušinalam to the plenary assembly of the Kanesh colony concerning the slave Abu-šalim."
um-ma šu-nu-ma 16 li-me-e 40 ma-na URUDU ší-im SÍG.HI.A a-bu-ša-lim ÌR a-na ú-ší-na-lam ha-bu-ul 30 li-me-e URUDU ša nam-e-dim ša É.GAL-lúm ha-bu-lu ú-ší-na-lam ú-ṣa-li-im,"They said: ""The slave of Abu-šalim owes 16,040 minas of copper, the price of wool, to Ušinalam. As to the 30,000 minas of copper from the others that they owe to the palace, he answered Ušinalam."""
um-ma šu-nu-ma a-bu-ša-lim li-li-kam šu-ma a-bu-ša-lim lá-šu bé-el-šu le-tí-qám a-na-kam a-na na-áp-ša-tí-ni ù KÙ.BABBAR-áp a-bu-ša-lim ni-ša-hu-ut ší-ip-ru ša a-lim{ki} ku-lu-šu-nu-ma ù kà-ru-um kà-ni-iš ṭup-pí-šu-nu iš-ta-me-ú-ma,"They went on: ""Abu-šalim must come. If Abu-šalim is absent, his master must travel. Here we fear for our lives and Abu-šalim's silver."" When all of the envoys from the City and the Kanesh colony had heard their letters,"
um-ma šu-nu-ma ú-ší-na-lam tù-ṭá-áb a qá-tí ili5-ba-ni DUB.SAR kà-ri-im bu-ru-uš-ha-dim ù ṣ,"they said: ""You will have to satisfy Ušinalam."" They handed me to Ilī-bāni, the scribe of Burušhaddum colony and Ušinalam's servant together with my merchandise that had come up from the City,"
a-na šál-ma-a-šur qí-bi4-ma um-ma {d}IM.GAL-ma ṭup-pá-kà a-na-kam šu-IŠTAR a-šur-ma-lik šál-ma-a-šur iš-me-ú-ma,"To Šalim-Aššur from Adad-rabi: Here Šu-Ištar, Aššur malik and Šalim-Aššur heard your letter,"
um-ma šu-nu-ma a-wa-tum a-ni-tum a ma-lá ša ṭup-pì-šu ša iš-pu-ra-ni ke-na i-sú-ri-ik i-na ma-ah-ri-ni é-ta-ú šu-IŠTAR a-wa-tám i-šu,"""This matter is correct as he wrote in the letter he sent: Issu-arik declared such in our presence."" Šu-Ištar raised the matter,"
um-ma šu-nu-ma šu-IŠTAR a-wa-sú li-il5-qé-ma a-na KÁ-áb DINGIR nu-NU-ri-id-ma ṭup-pá-am,"and they said: ""Let Šu-Ištar have his case, so we led him to the Gate of God, and we gave you a tablet."""
lu ni-dí-na-kum a-šu-mì ša DUMU i-ba-a ú a-na ší-bi4-kà kà-ra-am lá ša-a-lam a-ṣé-er ru-ba-im né-ru-ma,"Concerning this matter of Ibaya's son, and in order not to raise questions to the colony about your witnesses, we went in to the king,"
um-ma ru-ba-ú-um-ma be-el a-wa-tim li-li-kam-ma lá ta-ma-ha-ra i-nu-mì DUMU i-ba-a i-lá-kà-ma a-lam i-ma-hu-ru-ni i-nu-mì-šu u4-me er-ša a-na ší-bi4-ku-nu ta-e-ra-ma kà-ra-am lá ša-a-lam a-na a-lim{ki} ta-e-ra-ma,"and the king said: ""Let the litigant come and do not confront (the assembly). When Ibaya's son arrives and they confront the City assembly, at that time demand terms. Rebuff (the matter) with respect to your witnesses and turn (them) back to City assembly so as not to ask questions of the colony,"
um-ma a-tù-nu-ma a-wi-lu-um be-el na-ru-qí-im ú-ša-sà-ha-am a-na ší-bi4-šu kà-ra-am i-ša-al i-nu-mì-šu a-lu-um i-da-na-ku-nu-tí,"and then say: ""The man will extradite the owner of the joint-stock capital. He will question the colony about his witnesses""- then the City assembly will give you (the right to a case)."""
šu-be-lúm DUMU i-dí-a-bi4-im a-na PUZUR4.IŠTAR DUMU da-da iṣ-ba-at-ni-a-tí-ma,"Šu-Bēlum son of Iddin-abum siezed us in his case against Puzur-Ištar son of Dada,"
um-ma šu-bé-lúm-ma a-na PUZUR4.IŠTAR-ma 16 ma-na KÙ.BABBAR ù ṣí-ba-sú a-na a-bi-a ha-bu-lá-tí KÙ.BABBAR ù ṣí-ba-sú im-tí-da-kum 1 ma-na-um ⅓ ma-na i ša-tim tù-ṣa-áb,"and Šu-Bēlum said to Puzur-Ištar: ""You owe 16 minas of silver and its interest to my father. The silver and the interest on it has become a great sum for you: You pay ⅓ mina per year as interest."""
um-ma PUZUR4.IŠTAR-ma a-bu-kà maš-ke-e il5-ta-qé-ma KÙ.BABBAR,"Puzur-Ištar answered: ""Your father has already received hides so he has been paid the silver."""
ša-bu ki-ma šu-bé-lim nu-ší-ib-ma ni-iš a-lim{ki} it-mu-ú-ma a-na 6 ma-na KÙ.BABBAR i-mì-ig-ru,We sat down (to negotiate) on behalf of Šu-Bēlum and they were swore an oath by the City and agreed on 6 minas of silver.
IGI ni-mar-IŠTAR IGI en-nam-a-šùr a-šùr-na-da DUMU šu-{d}EN.LÍL tap-pá-i-ni,"Witnessed by Nimar-Ištar, by Ennam-Aššur; Aššur-nādā son of Šū-Illil is our (absent) partner."
a-na a-wa-tim a-ni-a-tim kà-ru-um kà-né-eš i-dí-ni-a-tí-ma IGI GÍR ša a-šùr ší-bu-tí-ni ni-dí-in,The Kanesh colony gave us for these proceedings and we gave our testimony before Aššur's dagger.
um-ma kà-ru-um kà-ni-iš-ma a-na kà-ar kà-ar-ma ú wa-bar-ra-tim a-dí tù-ùh-pí-a qí-bi-ma,"Thus kārum Kanesh, say to every single colony and the trading stations until Tuhpiya as follows:"
ku-li-a ší-pár-ni a-na ta-i-tim ša-pí-ir,"Kuliya, our messenger, has been sent to transmit instructions."
2-ší-na mu-qá-ri-bé dí-na-šu-ma kà-ru-um a-na kà-ri-im li-ip-qí-sú,Give him two escorts and (thus) (each) colony must convey him to the (next) colony.
lá tù-ša-as-ha-ra-šu ša i-na mu-qá-ri-be ta-bi-ra šu-ma a-lá-kam iš-tí ku-li-a lá i-mu-ú kà-sí-a-šu-ma šé-ri-a-ni-šu,"Do not cause him delay! If among the escorts you have chosen somebody refuses to accompany Kuliya, bind him and have him brought here."
19 GÍN KÙ.BABBAR SAHAR.BA ší-im 1⅚ ma-na LÁ 2 GÍN AN.NA ša kà-nu-tim i li-bi a-mur-IŠTAR DUMU i-da-a a-na ITU.1.KAM i-ša-qal,"19 shekels of 'dust silver', the price of 1 mina and 48 shekels of tin, which Kannūtum has as claim on Amur-Ištar, son of Idaya - within one month he will pay."
ITU.KAM qá-ra-tum IGI šál-ma-{d}IŠKUR nu-a-ri-im IGI i-dí-sú-in DUMU a-ta-na-ah,"Month 8 In the presence of Šalim-Adad, the musician, of Iddin-Suen, the son of Atanah."
a-na ku-li-a qí-bi4-ma um-ma al-pì-lí ú a-šur-lá-ma-sí,"To Kuliya, thus says Alpilī and Aššur-lamassī:"
šál-ma-ni i ta-wi-ni-a wa-áš-ba-ni ni-iš-ta-na-me wa-áš-bu-tum ša wa-ah-šu-ša-na i-ta-ṣú-nim,"We are well, we are staying in Tawiniya. We hear rumors that the residents of Wahšušana have left the city."
ni-ša-pá-ra-ku-um ta-ma-lá-ke ša qá-tí-kà al-pì-lí ú-ša-al li-ba-kà lá i-pá-ri-id,"As for the coffers under your control, Alpilī will make enquiries. Do not get afraid!"
9 ma-na URUDU SIG5 i li-bi ur-dim ša i re-eš kà-ri-im dur4-hu-mì-iš i-za-zu,"9 minas of refined copper due from Urdum, who serves kārum Durhumit."
1 ma-na URUDU ší-kam i li-bi4 a-šur-i-dí DUMU IŠTAR-ba-ni,"1 mina of šikku-copper due from Aššur-idī, son of Ištar-bāni."
2 kà-ar-pát kà-mu-né ku-nu-ki-šu 13 ú-kà-pè wa-dí-ú-tum mì-ma a-nim ša ku-li-a,"Two jars of cumin, with his seal, 13 <gap> saddelclothes - all this belongs to Kuliya."
ṭup-pá-am ša ba-áb DINGIR ša i-na ku-bu-ur-na-at a-ba-a ú a-na-ah-ì-lí ip-qí-du-ni-ni-ma i-na kà-né-eš a-na a-ta-ta DUMU ma-num-ba-lúm-a-šur IGI a-šur-ba-ni DUMU ì-lí-a-lim IGI a-šur-e-nam DUMU be-lúm-ba-ni áp-qí-id,"The tablet (with the testimony given) in the gate of the god, which in Kuburnat Abaya and Anah-ilī entrusted to me, in Kanesh to Atata, son of Mannum-balum-Aššur, in the presence of Aššur-bāni, son of Ilī-ālum and of Aššur-ennam, son of Bēlum-bāni I entrusted it."
kà-ru-um ṣa-he-er GAL dí-nam i-dí-in-ma ša-lim-a-šùr ù šu-be-lúm u4-ma-ma ú-za-ku-ru-ma a-šar i-ma-gu5-ru-ni e-ta-wu ú ṭup-pá-am ša a-lim{ki} ù ša be-el mì-ig-ra-tí-šu-nu IGI da-a-a-ni i-ša-ku-nu,"The plenary assembly of the colony passed a verdict, stating that Šalim-Aššur and Šu-Bēlum on this very day must make declarations, and they must discuss in order to come to an agreement; further they must deposit the tablet from the City assembly and of the men who settled their affair before the judges."
14 ma-na KÙ.BABBAR ṣa-ru-pá-am i-na ší-im SÍG.HI.A ša ú-ší-na-lam bu-zu-ta-a il5-qé,Buzutaya has received 14 minas of refined silver from the proceeds of Ušinalam's wool.
IGI a-šùr-i-mì-tí DUMU du-dí-ki IGI iš-me-DINGIR IGI a-šùr-ba-ni IGI en-na-sú-in IGI a-šùr-e-mu-qí IGI ah-ša-lim me-er-e-šu,"Witnessed by Aššur-imittī son of Dudiki, by Išme-ilum, by Aššur-bāni, by Enn-suen, by Aššur-emūqi, by Ah-šalim his son."
kà-ru-um dí-nam i-dí-in-ma ša-lim-a-šùr ṭup-pu-šu a ší-bi-šu ma-lá KÙ.BABBAR a-na hu-bu-ul i-dí-a-bi-im ú-ša-qí-lu ŠU.NÍGIN KÙ.BABBAR a-na me-er-e i-dí-a-bi-im i-qá-bi um-ma šu-ut-ma KÙ.BABBAR a-nim a-ha-a ú-ša-qí-il5,"The colony has passed a verdict stating that Šalim-Aššur must mention to the sons of Iddin-abum his tablets for his witnesses to how much silver-all the silver-he has paid to cover Iddin-Abum's debt. He is to say:""This silver I paid in different places."""
a-na 23 ha-am-ša-tim i-ša-qal šu-ma i-na u4-me-šu ma-al-ú-tim la iš-qú-ul,From the hamuštum of Amur-Ištar he has 20 weeks to pay.
1½ GÍN.TA i ITU.KAM a-na ma-na-im ú-ṣa-áb IGI a-mur-IŠTAR IGI la-qé-ep,If by the full term he has not paid 1 ½ shekels per month per mina will be added.
ša 14 ma-na KÙ.BABBAR ṣa-ru-pá-am i-ṣé-er i-dí-a-bi-im a-mur-IŠTAR i-šu-ú,Iddin-abim owes 14 minas refined silver to Amur-Ištar.
iš-tù ha-mu-uš-tim ša da-la-áš ù du-ùh-ni-iš a-na 43 ha-am-ša-tim i-ša-qal,From the hamuštum of Da-la-áš and Duhnis he has 43 weeks to pay.
šu-ma i-na ma-lá u4-me-šu lá iš-qúl 1½ GÍN.TA i ITU.1.KAM a-1 ma-na-im ú-ṣa-áb i-na KÙ a-nim 5 ⅔ ma-na 5 GÍN ša a-šùr-e-mu-qí i-šé-ra-tim wa-ar-ki-a-tim i-ma-ar,If by the full term he has not paid 1 ½ shekels per month per mina will be added.
um-ma a-šùr-ša-dí-DINGIR a-mur-IŠTAR DU10-ṣí-lá-a-šùr ì-lí-a-LIM a-nu-pí-a ù a-ba-ba-a-a-i a-na ku-li-a qí-bi-ma,"Thus Aššur-šad-ilē, Amur-Ištar, Tāb-ṣilli-Aššur, Ilī-anum, Anuppiya, and Ababayai, say to Kuliya:"
a-wa-tí-kà ša É sà-ba-sí-a qá-du-um ša u4-mu-kà ša-ak-nu-ni ni-ig-mu-ur-ma,"We have settled your affair concerning Sabasiya's house, considering the fact that a term had been set for you."
a-ṣé-er KÙ.BABBAR ù KÙ.KI ša té-zi-bu 1⅓ ma-na iš-tí DU10-a-šur DUMU DU10-ì-lí 1 ma-na-um 7 GÌN a-na ṣí-ib-tim,"And in addition to the silver and gold you had left behind we borrowed 1 ⅓ mina from Ṭāb-Aššur, son of Ṭāb-ilī, at an interest of 7 shekels per mina."
ni-il5-qé-ma KÙ.BABBAR nu-ša-bi4-šu-nu-ma 3 ṭup-pé-e ša a-lim{ki} 1 ṭup-pá-am ša 1½ ma-na KÙ.BABBAR ša hu-bu-li-kà ú-šé-ru-ni-a-tí,"And with that silver we have satisfied them, whereupon they released to us 3 tablets of the City (and) 1 tablet recording a debt of yours of 1 ½ mina of silver."
a-ša-at-kà iš-tí-ni kà-an-kà-at ITU.1.KAM ma-hu-ur-ì-lí li-mu-um da-ni-a,"Your wife has sealed (the debt-note) together with us, (dated to) the IVth month of the eponymy of Dān-Ea."
a-pu-tum ki-ma ṭup-pí-i ta-áš-me-ú KÙ.BABBAR ù ṣí-ba-sú šé-bi4-lá-ma ṭup-pá-am ša ku-nu-ki-ni ù ku-nu-uk a-ší-tí-kà lu né-du-uk,"Please, as soon as you have heard the letters, send the silver with the interest on it and then we will cancel the tablet with our seals and the seal of your wife."
a-na ší-a-ma-tim ša PUZUR4-a-šur DUMU a-hu-wa-qar tù-ub-lam kà-i-na-ni-a-tí-ma a-ta-ma ší-ma-am ša-am-ma qá-at-ni lu ni-iš,"We led him down to the Gate of the god and in the Gate this agreement was reached: Henceforth, wherever you see him you will make him swear the oath."
da-a-a-nu dí-nam i-dí-nu-ma 6 GÍN KÙ.BABBAR ša kà-áp-sí-a DAM.MÍ a-lá-bí-im a-na bu-ṣí DUMU.MÍ i-dí-{d}IŠKUR ta-dí-nu iš-tù li-mì-im a-šùr-i-mì-tí ma-lá-hi-im 1 ma-na-um ½ ma-na i-na ša-tim ṣí-ib-tám tù-ṣú-bu a-na KÙ.BABBAR ú ṣí-ba-tí-šu kà-áp-sí-a DAM.MÍ a-lá-bi4-im bu-ṣí DUMU.MÍ i-dí-{d}IŠKUR ta-še-e,"The judges passed the following verdict: The 6 shekels of silver that Kapsiya, wife of Ali-abum, had given to Būṣi, wife of Iddin-Adad, and for which for the eponymy of Aššur-imittī, the boatman, she would add an interest of ½ mina per year - for this silver and the accumulated interest on it Kapsiya, the wife of Ali-abum will sue Bṣi, wife of Iddin-Adad."
a-ki-a DUMU PUZUR4-a-šùr <gap> {d}UTU-ba-ni DUMU en-na-sú-in ma-nu-um-ki-a-šùr DUMU a-hu-wa-qar a-wi-lu a-ni-ú-tum da-a-nu,"Akiya, son of Puzur-Aššur, Šamaš-bāni, son of Ennam-Suen, (and) Mannum-kī-Aššur, son of Ahu-waqar - these gentlemen were the judges."
šu-bé-lúm DUMU i-dí-a-bi-im a-na PUZUR4.IŠTAR iṣ-ba-at-ni-a-tí-ma,"Šu-Bēlum son of Iddin-abum seized us in his case against Puzur-Ištar,"
um-ma šu-bé-lúm-ma a-na PUZUR4.IŠTAR-ma 16 ma-na KÙ.BABBAR ù ṣí-ba-sú a-na a-bi-a ha-bu-lá-tí KÙ.BABBAR ù ṣí-ba-sú im-tí-da-kum ma-na-um ⅓ ma-na i-na ša-tim tù-ṣa-áb um-ma,"and Šu-Bēlum said to Puzur-Ištar: ""You owe 16 minas of silver plus interest to my father. The silver and the interest on it has become a great sum for you. You pay ⅓ mina per year as interest."""
um-ma PUZUR4.IŠTAR-ma a-bu-kà maš-ki-a il5-qé-ma uš-ta-bu-ú ki-ma,"Puzur-Ištar answered: ""Your father recieved my hides so he has been paid."""
šu-be-lim nu-ší-ib-ma ni-iš a-lim{ki} it-mu-ú-ma a-na 8 ma-na KÙ.BABBAR i-mì-ig-ru,We sat down (to negotiate) on behalf of Šu-Bēlum and they swore an oath by the city and agreed on 8 minas of silver.
IGI ni-mar-IŠTAR IGI en-um-a-šùr a-šùr-na-da DUMU šu-{d}EN.LÍL tap-pá-i-ni,"Witnessed by Nimar-Ištar, by Ennam-Aššur; Aššur-nādā son of Šu-Illil is our (absent) partner."
a-na a-wa-tim a-ni-a-tim kà-ru-um kà-ni-iš i-dí-ni-a-tí-ma IGI GÍR ša a-šur ší-bu-tí-ni ni-dí-in,The Kanesh colony gave us for these proceedings and we gave our testimony before Aššur's dagger.
a-na DINGIR-mu-ta-bi-il5 qí-bi-ma um-ma en-um-a-šùr-ma,To Ilī-mutabbil from Ennam-Aššur:
a-na-kam a-na-ku ù lá-qé-ep DUMU šu-a-šùr i-na ma-ah-ri-kà ù IGI lá-qé-ep DUMU PUZUR4-ša-du-e i-na É kà-ší-im ni-kà-sí ni-sí-ma 12½ ma-na 7 GÍN ṣa-ru-pá-am e-zi-ib KÙ.BABBAR e-li-tí-ni i-na li-bi lá-qé-ep,"Here I and Lā-qēp s. Šū-Aššur settled accounts in the house of the official with you and Lā-qēp s. Puzur-šadu'e as witnesses, and 12 ½ minas 7 shekels of refined silver - apart from the silver of our caravan - is owed by Lā-qēp."
iš-tù ha-muš-tim ša i-tur4-DINGIR a-na KÙ.BABBAR ku-a-tí ú-ša-zi-iz,Reckoned from the week of Itūr-ilī. With respect to the silver it was you I designated.
i-na pu-ru-uš-ha-dim i-na e-ra-bi-šu-ma KÙ.BABBAR ú-šé-ba-lam,"On his arrival in Purušhaddum, he should send the silver."
KÙ.BABBAR i-na pu-ru-uš-ha-dim i-na e-ra-bi-šu-ma a-na ma-lá a-wa-tí-ni a-na KÙ.BABBAR ša ú-ša-zi-za-ku-ni-ma KÙ.BABBAR lá iš-ta-aq-lu a-ta ṭup-pu-šu ta-al-pu-ut-ma u4-me-e ta-áš-ku-šu-um,"When he arrived in Purušhaddum in accordance with our agreement you wrote a tablet for him for the silver for which I had designated you and which he did not pay, and you set a term for him."
ù a-ṣé-er ša ki-ma i-a-tí ù ku-a-tí a-na KÙ.BABBAR ša-áš-qú-lim áš-ta-pá-ra-šu-ma KÙ.BABBAR a-na ša ki-ma i-a-tí ù ku-a-tí a-dí u4-mì-im a-nim lá iš-ta-qá-lá-ni,"Also, I kept writing to my representatives and you to have the silver paid, but until this day he has not paid the silver to my representatives or to you."
ù iš-tù a-na-ku a-lá-kà-ni KÙ.BABBAR i-ta-ri-šu-ma i-ta-ri-šu-ma KÙ.BABBAR ta-da-nam ú-lá i-mu-a um-ma šu-ut-ma ṭup-pì DINGIR-mu-ta-bi-il5 il5-pu-ut a-na ṭu,"Also, after I personally arrived, he demanded and demanded the silver repeatedly, but he would not pay the silver."
KÙ.BABBAR a-na-ku lá i-ša-qal šu-ma lá iš-qú-ul,"If he has not left for the City within his stipulated term, he must repay the silver to Kula."
a-na 1 ma-na-im 1½ GÍN.TA i-na 1 ITU.KAM ú-ṣa-áb IGI a-šùr-ba-ni IGI i-dí-sú-in,If he does not pay 1 mina 1 ½ shekels per month will be added.
um-ma kà-ru-um kà-ni-iš-ma a-na ku-li-a ša-qí-il5 da-tim kà-ri-im té-ga-ra-ma ù a-li i-dí-a-šùr DUMU ku-ku-lá-nim wa-áš-bu-ni,"Thus kārum Kanesh, speak to Kuliya, the dātu-payers, kārum Tegarama, and wherever Iddin-Assur s. Kukulānum is staying."
qí-bi-ma ni-kà-sí ni-sí-ma 25 ma-na 4¼ GÍN da-tám ni-iš-qúl,We have settled accounts and we paid 25 minas and 4 ¼ shekels (of silver) as dātum.
i-dí-a-šùr a-na ni-kà-sí kà-ší-id iš-tù 5 ša-na-tim a-na wa-ah-šu-ša-na ú dur4-hu-mi-it ni-iš-ta-pár-šu-ma a-di u4-mì-im a-nim i-ta-ba-al-ni-a-tí,"Iddin-Aššur is liable for the settlement of accounts; since five years we keep sending messages to him to Wahšušana and Durhumit, but until this very day he holds us in play."
a-ma-kam KÙ.BABBAR da-a-sú ša ga-me-er-tim ša-áš-qí-lá-šu,Make him pay the silver over there his dātum for a full share.
šu-ma i-qá-bi4 um-ma šu-ut-ma a-na ga-me-er-tim lá kà-áš-da-ku ša mì-iš-li ša-áš-qí-lá-šu,"If he objects and says: 'I cannot match the full amount', make him pay for half the amount."
GÍR ša a-šur ta-mì-a-šu 40 ma-na KÙ.BABBAR lá ma-ṣú-ni 30 ma-na KÙ.BABBAR lá kà-áš-du-ni 20 ma-na KÙ.BABBAR ša mì-iš-li-šu lá i-šu-ú-ni KÙ.BABBAR lu ša ra-mì-ni-šu lu ša um-mì-a-ni-šu ša a-lim{ki} lu ša GÍN-lam5 wa-áš-bu KÙ.BABBAR ma-lá na-áš-a-ku-ni lu wa-ar-ki-a e-zi-ib lu a-na pá-ni-a ú-šé-bi4-il5 a-na ni-kà-sí a-na ga,"Then make him swear by the dagger and let him state before the dagger his šaddu'utu-tax, and that he does not owe any additional šaddu'utu-taxes apart from the one he states under oath."
um-ma kà-ru-um kà-ni-iš-ma a-na ša-qí-il5 da-tim ší-ip-ri-ni kà-ar kà-ar-ma ú wa-bar-ra-tim qí-bi4-ma,"Thus kārum Kanesh, say to the dātu-payers, our messenger, every single colony, and the trading stations:"
ṭup-pu-um ša a-lim{ki} i-li-kam i-na ṭup-pì-im ša a-lim{ki},A letter of the City has arrived. In the letter of the City (it is written):
iš-tù u4-mì-im a-nim ma-ma-an KÙ.AN i-ša-ú-mu-ni i-na né-mì-lim da-šùr ú-lá e-WA iš-ra-tí-šu kà-ru-um kà-ni-iš i-lá-qé,"From this day on, whoever buys meteoric iron, (the City of) Assur is not entitled to part of the profit made, the tithe on it kārum Kanesh will collect."
ki-ma ṭup-pì-ni ta-áš-me-a-ni a-ma-kam lu a-na ší-mì-im a-na É.GAL-lim i-dí-in lu té-ra-at É.GAL-lim ú-kà-lim lu na-ší-ma a-dí-ni lá i-dí-in ma-lá KÙ.AN na-áš-ú ni-bi4-it a-ší-im šu-um-šu ú šu-mì a-bi4-šu i-na ṭup-pì-im lu-up-ta-nim-ma iš-tí ší-ip-ri-ni šé-bi4-lá-nim,"As soon as you have heard our letter, who(ever) over there has either sold it to a palace, or has offered it to palace officials, or still carries it with him without having yet sold it - all meteoric iron he carries, write the exact amount of every (piece of ) meteoric iron, his name and the name of his father in a tablet and send it here with our messenger."
me-he-er ṭup-pì-ni a-na kà-ar kà-ar-ma ú wa-bar-ra-tim,Send a copy of (this) letter of ours to every single colony and to all the trading stations.
šé-bi4-lá KÙ.AN lu a-na DAM.GÀR-ru-tim i-dí-in šu-mì a-wi-lim lu-up-ta-nim,"Even when somebody has sold meteoric iron via a trading agent, register the name of that man."
um-ma kà-ru-um kà-ni-iš-ma a-na ša-qí-il5 da-tim ku-li-a ší-ip-ri-ni wa-bar-tim ša ku-bur-na-at ha-na-ak-na-ak ú tí-iš-mur-na TUR GAL qí-bi4-ma,"Thus kārum Kanish, say to the dātu-payers, our messenger Kuliya, the plenary wabartums of Kuburnat Hanaknak and Tišmurna:"
i {d}UTU-ši ṭup-pì-ni ta-ša-me-a-ni GÍR ša a-šur IGI ku-li-a ší-ip-ri-ni šé-ṣí-a-ma ma-ma-an a-ma-kam KÙ.AN na-áš-ú lu a-na ší-mì-im a-na É.GAL-lim i-dí-nu lu a-dí-ni lá i-dí-in-ma na-ší 10-tim ša KÙ.AN ú ša-du-a-sú 1 ma-na-um 3 GÍN KÙ.BABBAR ša-ás-qí-lá-ma,"As soon as you hear our letter, produce the dagger of Assur out in the presence of our messenger Kuliya and whoever over there carries meteroic iron, whether he has already sold it to a palace or has not yet sold it and still carries it, make him pay the tithe on the meteoric iron and his šaddu'utu-tax of 3 shekels of silver per mina."
ku-li-a i pá-ni-šu-nu lu-ub-lam šu-ma i-qá-bi4 um-ma šu-ut-ma KÙ.AN ša a-wi-lim ša NÍG.KA-sí 10-tim ú ša-du-a-sú le-qé-a-ma ša ba-ri-ni li-li-kam-ma GÍR ša a-šur li-it-ma-ma ša-du-a-sú nu-ta-ar,"Let Kuliya personally bring it here. If one protests and declares: ""The meteoric iron belongs to a man with an account!"", take the tithe and his šaddu'utu-tax and let somebody who is one of us come here to swear an oath by Aššur's dagger then we will give his šaddu'utu-tax back."
ni-ša-me-ma 30 ANŠE tù-i-mu-um DUMU a-šùr{ki} ha-ra-an sú-qí-nim ú-šé-ri-ba-am,"We hear that an Assyrian, Tu'imum, has brought in 30 donkeys by way of the sunkinnu-road."
lá tù-i-mu-um ma-ma-an ha-ra-an sú-ki-nim e-ma-re sé-er-dam ú-šé-ri-ba-ni-ma a-ma-kam uš-té-bu-lu-ni lu wa-ší-ib kà-ri-im ú-šé-li-am GÍR ša a-šur šé-ṣí-a-ma a-hu-um pá-ni a-hi-im ú-lá ú-ba-al 1 ma-na um 3 GÍN KÙ.BABBAR ša,"Not just Tu'imum, but anybody who has brought in a loaded donkey by way of the sukinnu-road in order to do business there, or if an inhabitant of a kārum has brought up (goods) - produce the dagger of Assur and people shall not spare each other! Charge everybody his šaddu'utu-tax at a rate of three shekels of silver per mina."
KIŠIB kà-ri-im kà-ni-iš kà-ru-um dí-nam i-dí-in-ma a-na lu-qú-tim ma-la a-na a-šur-be-el-a-wa-tim i-pí-iq-du-ma ša-lim-a-šùr ú-šé-ṣí-ú ṭup-pá-am ša ku-nu-ki-šu ša-lim-a-šùr a-na šu-ku-bi-im,"Seal of the Kanesh colony. The colony has passed a verdict: for all the goods that were entrusted to Aššur-bēl-awātim, and which Šalim-Aššur will had taken out, Šalim-Aššur will give a tablet bearing his seal to Šu-Kūbum."
i-da-an a-na kur-ub-IŠTAR šu-ku-bu-um ú-lá i-tù-a-ar šu-ma a-na šu-ku-bi-im ma-ma-an i-tù-a-ar ša-lim-a-šùr ú-ba-áb-šu,"Šu-Kūbum will not raise claim against Kurub-Ištar. If anyone raises claim against Šu-Kūbum, Šalim-Aššur will clear him."
a-na ku-li-a qí-bi-ma um-ma a-sá-num-ma,"To Kuliya, say, thus says Asānum:"
a-dí-i na-áš-pè-er-tí-kà ša a-šu-mì kà-lá-pí-im i-li-kà-ni ší-bé-e,"As for your letter which arrived here concerning the axe, I have not yet recorded (the depositions) of the witnesses."
a-dí-ni lá ah-ri-im i ší-be-a a-zu kà-ṣa-ar PUZUR4-a-mur,"Among my witnesses figures Azu, the transporter of Puzur-Aššur."
be-li a-ta a-na a-na PUZUR4-a-mur pu-nu-ma a-zu-ú li-iṭ-ru-dam iš-tí tap-pá-i-šu ší-bu-tám li-dí-nam,"Please, my lord, approach Puzur Aššur and let him send Azu to me, so that he can testify for me together with his colleagues."
KIŠIB en-na-nim DUMU a-lá-bi4-im KIŠIB a-gi-a DUMU PUZUR4-a-šùr {d}IM.GAL DUMU bu-zi tap-pá-i-ni,"Sealed by Ennānum son of Ali-abum, by Agiya son of Puzur-Aššur; Adad-rabi son of Buzi was our (absent) partner."
a-na a-wa-tim a-ni-a-tim kà-ru-um kà-ni-iš i-dí-ni-a-tí-ma ṭup-pá-am ší-bu-tí-ni IGI GÍR ša a-šùr ni-dí-in,The Kanesh colony gave us for these proceedings and we gave a tablet with our testimony before Aššur's dagger.
a-na ku-li-a a-šur-lá-ma-sí ù a-šur-lá-ma-sí-ma qí-bi-ma um-ma a-šur-e-mu-qí a-na a-šur-lá-ma-sí DUMU PÚZUR-ì-lí-qí-bi4-ma,"To Kuliya, Aššur-lamassī and Aššur-lamassī, thus says Aššur-emūqī, to Aššur-lamassī, son of Puzur-ilī in particular:"
3 GÍN KÙ.BABBAR iš-tù li-mì-im a-šur-ma-lik DUMU šu-ha-ni-iš a-dí-na-kum,"You have 3 shekels of silver, given by me, since the eponymy of Aššur-mālik, son of šu-Haniš."
um-ma a-ta-ma 3 TÚG ša ṣú-ùh-ri-im ša a-ki-dí-e iš-tù a-lim{ki} ú-šé-lá-a-kum,You said: I will bring up for you from the City 3 Akkadian garments for children.
TÚG.HI.A tù-šé-li-a-ma a-ni-ša-am lá té-ta-ar-ba-am ha-ra-kà ta-ta-lá-ak,"You brought these textiles up, but did not enter here with me, you went away on a journey."
a-hi a-ta be-lí a-ta 3 TÚG.HI.A ša ṣú-ùh-ri-im ša tù-šé-li-a-ni a-na ku-li-a dí-in,"Please my brother, my lord, give these three garments for children that you brought up (from Assur) to Kuliya."
šu-ma TÚG.HI.A ta-ad-nu KÙ.BABBAR ší-im-šu-nu ú-sí-im-ma a-na ku-li-a dí-in,If these garments have already been sold establish how much silver they yielded and give it to Kuliya.
a-hi a-ta IGI a-šur a-kà-ra-ba-ku-um,"(Then) my dear brother, I will pray for you before Aššur."
a-na a-šur-lá-ma-sí ma-ri-a qí-bi4-ma a-na-kam ta-áp-nu-a-ma um-ma a-ta-ma KÙ.BABBAR 1 GÍN a gám-ri-a dí-na-ma ší-a-ma-tí-šu lu-šé-bi-lá-kum,Say to my son Aššur-lamassī: Here you turned to me saying: Give me a little silver for my expenses and I will send you the merchandise it yields.
IGI en-um-a-šùr DUMU sú-in-na-da IGI a-šùr-i-mì-tí IGI iš-me-DINGIR IGI en-na-sú-in IGI i-<gap>-ni IGI a-lá+lá-<gap> a-hi-šu IGI e-lá-lí DUMU i-pí-li-is,"Witnessed by Ennnam-Aššur son of Suen-nādā, by Aššur-imittī, by Išme-ilum, by Enna-Suen, by I <gap>, by Alā <gap> his brother, by Elāli son of Ippilis."
i-na ⅓ ma-na 4 GÍN KÙ.BABBAR ší-im am-tí-im ša a-na a-ta-na-ah a-dí-nu-šu-ni 4 GÍN KÙ.BABBAR a-na a-hu-qar i-dí-in 11⅚ GÍN KÙ.BABBAR a-na bé-lúm-ba-ni i-dí-in,"Of 24 shekels of silver, the price of the slave-girl, which I had given to Atanah, he gave 4 shekels of silver to Ahu-waqar; 11 ⅚ shekels of silver he gave to Bēlum-bāni."
7 GÍN KÙ.BABBAR hu-bu-ul <gap> 1⅙ GÍN KÙ.BABBAR ú ½ GÍN ṣí-ib-ta-am i-<gap> a-na a-ta-na-ah ni-dí-in <gap>,"7 shekels of silver, the debt of <gap>, 1 ⅙ shekels of silver and ½ <gap> as/the <gap> to Atanah we gave."
½ GÍN KÙ.BABBAR i li-bi4 a-hu-ša DUMU ku-ra,"½ shekel of silver is owed by Ahuša, son of Kura."
½ GÍN KÙ.BABBAR i li-bi4 za-ga-al-i IR-dí-šu,"½ shekel is owed by Zagal'u, his slave."
⅚ GÍN dá-a-tí 5 ma-na KÙ.BABBAR.KÙ.BABBAR mu-ṭá ½ GÍN KÙ.BABBAR bi4-it-qá-at ma-na-im ša AN.NA-ki-im ša 5 ma-na KÙ.BABBAR ½ GÌN KÙ.BABBAR a-na a-šur-DU10 a-dí-in,"⅚ shekel my road-tax, 5 minas of silver - the deficiency on the silver (is) ½ shekel of silver, due to the underwight of the (1-)mina-weight (used) for tin for the value of 5 minas of silver - I gave (this) ½ shekel of silver to Aššur-ṭāb."
mì-ma a-nim i li-bi4 a-ta-a DUMU i-ku-nim,"All this is owed by Ata(ya), son of Ikūnum."
ga-am-ru-um dá-a-tù-um ta-ší-a-tù-um ú mu-ṭá-a 10 ma-na-e ša 42½ ma-na AN.NA i li-bi4 a-ta-a-ma DUMU i-ku-nim bé-lúm-ba-ni i-šu,"Travel expense, road-tax cost of transport, and deficiency on the 10-mina-weight (used) for (weighing) 42 ½ minas of tin is also owed by Ataya, son of Ikūnum, to Bēlum-bāni."
15 GÍN KÙ.BABBAR ṣa-ru-pá-am 3 ma-na URUDU ša ša-du-e-šu 2-ší-na ú-kà-pè wa-dí-ú-tim a ta-ad-mì-iq-tim mì-ma a-nim i li-bi4 na-ra-am-ZU DUMU kà-ki-a ú i-dí-in-ni-ra-ah be-lúm-ba-ni i-šu IGI a,"15 shekels of refined silver, 3 minas of native copper, two <gap> saddleclothes as tadmiqtum - all this is owed by Narām-Suen, son of Kakkia, and Iddin-Nirah to Bēlum-bāni. Witnessed by Ali-ahum, son of Enah-ilī."
a-na en-nam-a-šur ù a-lá-hi-im qí-bi-ma um-ma SIG5-pí-a-šur-ma me-at,To Ennam-Aššur and Ali-ahum from Damiq-pī-Aššur:
60 ṣú-ba-tù ša tám-kà-ri-im ŠÀ.BA 19 ṣú-ba-tù-kà,"As to the 160 textiles belonging to the merchant, thereof 10 are your textiles."
mì-li-ik lu-qú-tim mì-il5-kà ṣú-ba-tù SIG5 DIRI ša tám-kà-ri-im,Take a decision concerning the goods. The textiles of extra-fine quality belong to the merchant.
a-hu-a a-tù-nu KÙ.BABBAR ší-im a-ni-ki-a ša e-ni-iš-ta-ru-um ub-lá-ku-nu-tí-ni a-na pá-ni-a šé-bi4-lá-nim,"My dear brothers, send me the silver that was the proceeds of my tin which Eništārum brought to you."
e-ni-iš-ta-ra-am lá i-sà-hu-ur ṭù-ur-da-ni-šu-ma uz-né-kà id-a,"Eništārum should not be delayed, send him and listen closely."
sà-he-er-tám ša 5 GÍN KÙ.BABBAR šé-bi-lá-ni-im,Send me small goods worth 5 shekels of silver.
e-ni-iš-ta-ra-am <gap>-a-šur <gap>-im i-tal-kam <gap> ri-im-ni a-ar-tám <gap> sà-he-er-tám šé-bi4-lá-nim,Eništarum <gap> -Aššur <gap> has come. <gap> of our <gap> cowrie-shell <gap> send me small goods.
KIŠIB en-nam-a-šur DUMU um-ma-sá a-šur-DÙL DUMU a-šùr-ša-dí-li ki-ma ku-li-a DUMU a-lá-bi4-im a-na a-šur-e-mu-qí DUMU šu-ra-ma iṣ-ba-at-ni-a-tí-ma um-ma a-šur-DÙL-ma KÙ.BABBAR-áp be-lúm-ba-ni DAM.GÀR-ri-im ša ku-li-a tal-qé lá tal-qé-e IGI a-ni-e-ma i-ki-ir ú-ul kà-i-in,"Seal of Ennam-Aššur, son of Ummassa. [Aššur-ṣulūlī, son of Aššur-šād-ilē representing Kuliya, son of Ali-abum, seized us against Aššur-emūqī, son of [Šu-rama, and Aššur-ṣulūlī said as follows: The silver of Bēlum-bāni, the agent of Kuliya, did you take it, yes or no? Deny or confirm before these men."
um-ma a-šur-e-mu-qí-ma al-qé ú al-qé-ma ú u4-ma-am a-lá-qé-ma,"Aššur-emūqī said: I took it, yes I took it and today I would (again) take it!"
a-na a-wa-tim a-ni-a-tim kà-ru-um kà-ni-eš TUR.GAL i-dí-na-ni IGI GÍR ša a-šur ší-bu-tí a-dí-in,For this affair the plenary kārum kanesh 'gave' me (as witness) and before Aššur's dagger I gave my testimony.
a-šur-lá-ma-sí DUMU i-tur4-a-num tap-pá-i KIŠIB a-šùr-lá-ma-sí DUMU i-tur4-a-num,"Aššur-lamassī, son of Itūr-Anum, was my companion. [Seal of Aššur-lamassī, son of Itūr-anum."
a-šur-DÙL DUMU a-šur-ša-dí-li ša ki-ma ku-li-a DUMU a-lá-bi4-im a-na a-šùr-e-mu-qí DUMU šu-ra-ma iṣ-ba-at-ni-a-tí-ma um-ma a-šur-ANDUL-ma a-na a-šur-e-mu-qí-ma KÙ.BABBAR be-lúm-ba-ni DAM.GÀR-ri-im ša ku-li-a tal-qé lá tal-qé-e IGI a-ni-e-ma i-ki-ir ú-ul kà-i-in,"Aššur-ṣulūlī, son of Aššur-šād-ilē, who represents Kuliya, son of Ali-abum, seized us against Aššur-emūqī, son fo Šu-rama, and Aššur-ṣulūlī said to Aššur-emūqī: 'Did you take the silver of Bēlum-bāni Kuliya's agent, yes or no? Deny of confirm it before these (witnesses)!"
um-ma a-šur-e-mu-qí-ma al-qé ú al-qé-ma ú u4-ma-am a-lá-qé-ma,"Aššur-emūqī answered: I took it, yes I took it and today I would (again) take (it)!"
a-na a-wa-tim a-ni-a-tim kà-ru-um té-ga-ra-ma TUR.GAL i-dí-na-ni-ma IGI GÍR ša a-š,For this affair the plenary kārum of Tegarama gave us and before Aššur's dagger I gave my testimony.
a-na ku-li-a ha-nu-nu ú-ṣur-ša-a-šur a-šur-lá-ma-sí a-na u-ṣú-ur-ša-a-šur qí-bi4-ma um-ma pì-lá-ah-IŠTAR,"Say to Kuliya, Hanunu, Uṣur-ša-Aššur, (and) Aššur-lamassī, (in particular) to Uṣur-ša-Aššur, thus Pilah-Ištar:"
⅓ ma-na 7 GÍN KÙ.BABBAR ša a-šur ša ma-ṣa-ar-tí ù be-té-e iš-tù 4 ša-na-té-e a-dí-na-ku,"""27 shekels of silver of Aššur, of the strong room and the house(s), I gave you four years ago."
um-ma a-ta-ma a-hi-i i-na ma-a-ma a-ma-ha-ar-ma KÙ.BABBAR 3 ma-na na-ší ú KÙ.BABBAR-áp-kà ú-šé-ba-lá-ku ú KÙ.BABBAR 1 GÍN a ni-na-ša ú-šé-ba-lá-ku ú ma-a iš-tù 4 ša-na-té-e KÙ.BABBAR-áp A-šur ta-ma-kà-ar ú a-dí u4-mì-im a-nim tù-uk-ta-ṣí-dá-ni KÙ.BABBAR ú ha-ra-na-tí-šu ṣa-ba-at-ma a-na ša ki-ma i-a-tí dí-in KÙ.BABBAR e-lá ta-dí-in-ma a-na u4-mì-im wa-ar-ke-e li-ba-kà i-ma-ra-IṢ a-na a-wa-tí ša ta-at-wu-ú ú a-na-ku a-wa-at ša a-hi eb-ri lá-IS-me-e ki-ma e-ta-wu-ni ta-ša-<gap>,"You (then) said: ""I will turn to my brother in Mamma who is carrying 3 minas of silver, and I will send you your silver."
i-ṣé-er PUZUR4.IŠTAR DUMU šu-a-nim i-ri-šum i-šu,Puzur-Ištar s. Šū-Anum owes ⅓ mina minus 2 shekels refined silver to Erišum.
iš-tù ha-muš-tim ša a-šur-i-mì-tí ù a-mur-IŠTAR a-na 2 ITU.KAM i-ša-qal šu-ma i-na u4-me-šu ma-al-ú-tim,From the hamuštum of Aššur-imittī and Amur-Ištar he has 2 months to pay.
KIŠIB lá-qé-ep DUMU šu-a-šur KIŠIB ku-ra DUMU i-dí-a-šur KIŠIB a-šur-lá-ma-sí <gap> 12½ ma-na 5 GÍN KÙ.BABBAR ṣa-ru-pá-am,"Seals: Lā-qēp s. Šū-Aššur, seal of Kurara s. Iddin-Aššur, seal of Aššur-lamassī s. <gap>"
i-ṣé-er lá-qé-ep DUMU šu-a-šur DAM.GÀR-ru-um i-šu,Lā-qēp s. Šu-Aššur owes 12 ½ minas 5 shekels of refined silver to a merchant.
iš-tù ha-muš-tim ša ku-da-tim ITU.KAM té-i-na-tim li-mu-um a-šur-ma-lik DUMU a-lá-hi-im DINGIR ša-pá-tám i-li-ik-ma i e-ra-bi4-šu-ma i kà-né-eš ITU.2.KAM i-lá-ak-ma KÙ.BABBAR i-ša-qal šu-ma lá iš-qú-ul 1 ma-na-im 1 GÍN.TA ṣí-ib-tám i-na ITU.KAM-im,"Reckoned from the week of Kudātum, Month 10, eponymy Aššur-mālik s. Ali-ahum, when the (moon)-god reached the fifteenth day, he will pay the silver 2 months after his arrival in Kanesh."
ú-ṣa-áb ša-ni-um ṭup-pu-šu KIŠIB DINGIR-mu-ta-bi4-il5 DUMU a-mur-IŠTAR KIŠIB lá-qé-ep DUMU PUZUR4-ša-du-e KIŠIB lá-qé-ep DUMU šu-a-šur 10 ma-na KÙ.BABBAR ṣa-ru-pá-am,"If he has not paid in time, he must add interest at the rate 1 shekel per mina per month. His second tablet: Seals: Ilī-mutabbil s. Amur-Ištar, seal of Lā-qēp s. Puzur-šadu'e, seal of Lā-qēp s. Šu-Aššur."
i-ṣé-er lá-qé-ep DUMU šu-a-šur DAM.GÀR-ru-um i-šu,Lā-qēp s. Šu-Aššur owes 10 minas of refined silver to a merchant.
iš-tù ha-muš-tim ša i-tur4-DINGIR DUMU a-mur-IŠTAR ITU.KAM bé-el-té-kà-lim li-mu-um ša qá-tí šu-sú-in KÙ.BABBAR a-na 12 ha-am-ša-tim i-ša-qal,"Reckoned from the week of Itur-ilī s. Amur-Ištar, month Bēlat-ekallim, eponymy after Šu-Suen, he must pay the silver within 12 weeks."
šu-ma i ma-lá u4-me-šu KÙ.BABBAR lá iš-qú-ul ki-ma a-wa-at kà-ri-im ṣí-ib-tám a-na ma-na-im i-na ITU.KAM-im ú-ṣa,"If he has not paid the silver within his stipulated term, he must add interest in accordance with the rule of the colony per mina per month."
a-na a-dí-da ù a-lá-hi-im qí-bi-ma um-ma SIG5-pì-i-a-šur,To Adida and Ali-ahum from Damiq-pī-Aššur:
14 GÍN KÙ.BABBAR a-mur-IŠTAR ni-a-um ha-bu-lam,Our own Amur-Ištar owes me 14 shekels of silver.
KÙ.BABBAR ša-áš-qí-lá-šu-ma šé-bi4-lá-nim 1 TÚG SIG5 zu-zu-a na-áš-a-ku-nu-tí,Make him pay the silver and send it to me. Zuzuwa brings you 1 good textile.
ṣú-ba-tám dí-na-ma KÙ.BABBAR ku-un-kà-ma šé-bi-lá-nim,"Sell the textile, seal the silver and send it to me."
zu-zu-a lá i-sà-hu-ur 2 ṣú-ba-tí-šu na-ší,Zuzuwa must not delay. He carries two textiles of his.
ṣú-ba-tí-šu dí-na-ma lá i-sà-hu-ur ṭur4-da-ni-šu,Sell his textiles and send him without delay.
a-hu-a a-tù-nu i-ih-da-ma lu ší-im ṣú-ba-tí-a lu ša a-mur-IŠTAR KÙ.BABBAR ku-un-kà-ma šé-bi4-lá-nim,"My dear brothers, take care to seal both the proceeds from my textiles and those of Amur-Ištar in silver and send it to me."
a-na a-dí-da qí-bi-ma a-pu-tum we-da-ku,"To Adida: Urgent, I am alone."
i-dí-in-{d}MAR.TU iš-tí zu-zu-a ṭur4-da-nim iš-tí kà-ni-<gap> i-a-am ma <gap> be-ú-lá-tù <gap> a-ha-ma 10 GÍN KÙ.BABBAR <gap> i-na ha-hi-im,"Send Iddin-Amurrum together with Zuzuwa. With <gap> mine <gap> working capital <gap> also, 10 shekels of silver <gap> in Hahhhum."
1⅓ ma-na KÙ.BABBAR ṣa-ru-pá-am i-na ší-im SÍG.HI.A ša ú-ší-na-lam šu-ku-bu-um DUMU e-na-ma-nim il5-qé,Šu-Kūbum son of Ennam-Anum has received 1 ⅓ mina of refined silver from the proceeds of Ušinalam's wool.
IGI i-lá-áš-ra-ni DUMU sú-kà-li-a IGI en-na-sú-in DUMU i-dí-a-bi4-im,"Witnessed by Ilī-ašrannī son of Sukkalliya, by Enna-Suen sn of Iddin-abum."
62 ku-ta-ni a-na ir-i-bi-im ù šé-ep-IŠTAR e-zi-ib,I left 62 kutānus with Ir'ibum and Šēp-Ištar.
ŠÀ.BA 30 ku-ta-ni a-na šu-pu-nu-ma-an ni-dí-in,We gave 30 kutānus thereof to Šuppunuman;
1 ú-kà-pá-am e-dí-am 4 eb-le-e 2-ší-na ma-at-li-ih-šé-e a-za-mì-lam hu-ur-ší-a-num ša du-ul-ba-tim hu-ur-ší-a-num ša kà-ma-re-e 2-ší-na eb-lu-ú i du-ur-hu-mì-it,"1 <gap> saddlecloth, 4 ropes, 2 pack-saddles, a sack, a box with dulbātum, a box with karāmu-fishm two ropes in Durhumit."
hu-ur-ší-a-num ša ili5-ba-ni DUMU mu-ta-lim 3 GÍN KÙ.BABBAR ha-bu-ul,"A box of Ilī-bāni, son of Mutālum, 3 shekels of silver he owes."
1⅓ ma-na KÙ.BABBAR ša a-na-ah-ì-lí a-na al-pì-lí i-lá-ak ½ ma-na KÙ.BABBAR i-na pá-ni-tí-a i-lá-ak,"1 ⅓ mina of silver of Anah-ilī will go to Alpilī, ½ mina of silver will go with the first opportunity I have."
mì-ma a-nim iš-tí al-pì-lí 10 ma-na URUDU iš-tí a-ša-at a-šur-SIG5 ša tù-ùh-pì-a e-ma-ra-am ù ú-nu-sú-ú a-ha-ma 3 GÍN KÙ.BABBAR a-na a-sà-nim ha-bu-ul,"All this is with Alpilī 10 minas of copper with the wife of Aššur-damiq of Tuhpiya, a donkey with its harness (and) separately 3 shekels of silver he owes to Asānum."
i-ṣé-er ú-ṣur-ša-a-šur DUMU a-ta-ta ah-ša-lim i-šu,Uṣur-ša-Aššur s. Atata owes Ah-šalim 1 mina 15 shekels refined silver.
iš-tù ha-muš-tim ša a-šur-ma-lik DUMU sú-kà-li-a a-na 12 ha-am-ša-tim i-ša-qal šu-ma la iš-qú-ul 1½ GÍN.TA a-na 1 ma-na-im i-na ITU.KAM ṣí-ib-tám,He will pay in 12 weeks from the hamuštim of Aššur-mālik s. Sukkallīya.
ú-ṣa-áb ITU.1.KAM hu-bu-ur li-mu-um a-šur-ma-lik DUMU a-lá-hi-im IGI PUZUR4-a-na DUMU en-nam-a-šur IGI a-la-hi-im DUMU šál-ma-a-šur,"If he does not pay (on time), he will add 1 ½ shekels per mina per month as interest. Month: Hubur."
e-lá-ma i-šu iš-tù ha-muš-tim ša DINGIR-na-da 1 GÍN.TA ṣí-ib-tám i ITU.1.KAM ú-ṣa-áb,Šumī-abiya owes Elamma ½ mina refined silver. He will pay 1 shekel interest per month from the hamuštum of Ilī-nādā.
a-na ku-li-a qí-bi-ma um-ma a-ba-ba-a-ma,"Say to Kuliya, thus says Ababaya:"
a-na ma-lá pì-i na-áš-pár-tí-kà pá-ni-tim 3 ma-na KÙ.BABBAR a-na e-na-na-tim a-dí-in,Exactly as your previous letter stated I have given 3 minas of silver to Ennānātum.
a-pu-tum mì-nu-um ša a-na e-na-na-at-a-šùr KÙ.BABBAR tù-ší-ru-ú,"Please, what is this, that you released silver to Ennānāt-Aššur?"
a-na lá-ni-šu ta-tí-ki-il5 lá É-tám lá ša-ra-am i-šu ú KÙ.BABBAR tù-ší-ir,"You put trust in his outward appearance, but he has neither house nor child and still you released the silver!"
a-pu-tum a-na me-ra um-mì-a-nim <gap>-be <gap> ma-na-ah-tí bur-IŠTAR ša-i-il5,"Please, to an independent trader <gap> as for my misery / expenses, ask Būr-Ištar (about it)."
mì-ma ša a-dí-nu-šu-i-ni a-na a-šur-ṣú-lu-li i-na ṭup-pì-im ša i-is-ku-ri-im lá-pu-ut,All I gave him for Aššur-ṣululī has been registered on a wax tablet.
a-pu-tum lá ta-ša-lá-aṭ ṭup-pá-am ša É bé-lúm-ba-ni na-áš-pár-ta-kà li-li-kam lu nu-šé-ṣí-šu,Please do no act highandedly. As for the tablet of/in the house of Bēlum-bāni - when your letter comes we will obtain its release.
a-ha-at-kà a-na a-bi-kà ma-da-tí-ma ta-ta-wu i-na li-bi a-bi-kà tù-šé-ṣa-kà lá ta-ša-lá-aṭ mì-ma lá ta-pá-lá-ah e-lá-nu-kà a-bu-kà,Your sister talks a lot to your father and she tries to make him forget you!
lá i-šu a-pu-tum a-ni-qí ša a-mu-tim <gap> ù KI.DU-ra-am a-šùr-ṣú-lu-li <gap> lu-ub-lam,"Do not act highhandedly, you have nothing to fear since your father has nobody but you. Please, the rings of meteoric iron let Aššur-ṣululī take them along to bring (them) to me."
KIŠIB a-ku-za DUMU šu-a-nim KIŠIB MAR.TU-ba-ni DUMU ma-na-na KIŠIB lá-qé-ep DUMU PUZUR4.IŠTAR,"Sealed by Akuza son of Šu-Anum, by Amurrum-bāni son of Manana, by Lā-qēp son of Puzur-Išhtar."
a-na a-wa-tim a-ni-a-tim kà-ru-um kà-ni-iš-ki i-dí-ni-a-tí-ma IGI GÍR ša a-šùr ší-bu-tí-ni ni-dí-in i-tur4-DINGIR DUMU a-mur-IŠTAR tap-pá-i-ni,The Kanesh colony gave us for these proceedings and we gave our testimony before Aššur's dagger. Itūr-ilī son of Amur-Ištar was our (absent) partner.
i-na ITU.1.KAM ki-ma a-wa-at kà-ri-im ṣí-ib-tám ú-ṣa-áb,per month he will add interest in conformity with the rule of the kārum.
ITU.KAM áb-ša-ra-ni li-mu-um ša qá-té a-bu-ša-lim DAM.GÀR DUMU ì-lí-a-lúm,"Month 5, the eponymy of the successor of Abu-šalim, the trader, son of Ilī-ālum."
KIŠIB a-mur-a-šùr DUMU da-dí-a KIŠIB <gap> DUMU ú-zu-bi4-iš-ki-im KIŠIB <gap> DUMU a-šùr-{d}UTU-ši <gap> i-ṣé-er <gap> DUMU a-šùr-{d}UTU-ši DAM.GÀR i-šu <gap> a-na <gap>,"Seal of Amur-Aššur, son of Dadiya, seal of <gap> son of Uzubiškum, seal of <gap> son of Aššur-šamši <gap>"
a-lá-hu-um i-šu iš-tù ITU.1.KAM hu-bu-ur a-na ITU.2.KAM i-ša-qal šu-ma lá iš-qú-ul ki-ma a-wa-at kà-ri-im ṣí-ib-tám,Iddin-abim s. Šū-Ištar owes Al-ahum 2 shekels gold. He will pay two months from the Month 6.
ú-ṣa-áb li-mu-um ṣí-lu-lu IGI e-lá-lí DUMU i-pí-li-is IGI bi-sá-a IGI bé-lúm-ba-ni DUMU a-šur-be-el-a-wa-tim,"If he does not pay (on time), he will add interest according to the rate of the colony."
a-na i-dí-ku-bi-im a-na-ah-ì-lí ú PUZUR4-a-šùr a-na a-na-ah-ì-lí qí-bi-ma um-ma ku-li-a-ma,"To Iddin-Kūbum, Anah-ilī, and Puzur-Aššur, especially to Anah-ilī, thus says Kuliya:"
1⅓ ma-na ú ṣí-ba-tí-šu KÙ.BABBAR a-na a-bu-ša-lim DUMU en-na-sú-in ha-bu-lá-tí-ma,"You owe to Abu-šalim, son of Ennam-Suen, 1 ⅓ mina of silver plus its accumulated interest."
na-áš-pé-er-tum ša a-šùr-DU10 i-li-kam-ma a-na 1 ma-na KÙ.BABBAR a-wa-at-kà i-gi5-mì-ir KÙ.BABBAR šu-a-tí-i,A letter of Aššur-ṭab arived here and for an amount of 1 mina of silver your affair has been settled.
a-na-ku a-pu-ul a-ha-ma ⅓ ma-na,I myself have guaranteed that amount of silver.
KÙ.BABBAR ba-áb DINGIR a-na a-bi4-ni ta-dí-i,"Moreover, you have assigned ⅓ silver to our father in the Gates of the god."
iš-té-ni-iš ša 1⅓ ma-na KÙ.BABBAR ṭup-pá-kà al-pu-ut na-áš-pé-er-tám ša ku-nu-ki-a ša 1 ma-na KÙ.BABBAR,I drew up your tablet for a total of 1 ⅓ mina of silver; you have in your possession a letter with my seal (good) for 1 mina of silver and a second (good) for ⅓ mina of silver.
tù-kà-a-al ú ša-ni-tám ša ⅓ ma-na KÙ.BABBAR tù-kà-a-al táq-bi4-a-am um-ma a-ta-ma a-li-ik-ma ṭup-pá-am ša ku-nu-uk a-šùr-DU10 li-qí-a-am ṭup-pá-am ša ku-nu-uk a-šùr-DU10 al-qé-a-ku ša a-bu-šu ú šu-ut a-na ku-a-tí ú me-er-i-e-kà lá i-tù-ru-ni,"You told me as follows: 'Go and obtain for me a tablet sealed by Aššur-ṭab,' and I obtained for you a tablet sealed by Aššur-ṭab, stating that neither his father nor he himself will come back on you and your sons."
a-hi a-ta 1⅓ ma-na KÙ.BABBAR ku-nu-uk-ma a-na PUZUR4-a-šùr pí-qí-id-ma lu-ub-lam,"Please, my brother, put 1 ⅓ mina of silver under seal and entrust it to Puzur-Aššur to bring it here."
⅓ ma-na LÁ 2 GÍN KÙ.BABBAR ṣa-ru-pu-um i-ṣé-er PUZUR4.IŠTAR i-ri-šum i-šu,Puzur-Ištar owes ⅓ minas minus 2 shekels refined silver to Erišum
iš-tù ha-muš-tim ša a-šur-i-dí ù tap-pá-i-šu a-na 2 ITU.KAM i-ša-qal,From the hamuštum of Aššur-idī and his business partner he has 2 months to pay.
šu-ma lá iš-qúl ki-ma a-wa-at kà-ri-im ṣí-ib-tám i ITU.KAM ú-ṣa-áb IGI mu-šu-e-ni IGI a-ta-a,If he does not pay the weight of the colony will be added per month in interest. Witness list: Muš(u)weni and Attaya
a-na a-lá-hi-im qí-bi4-ma um-ma SIG5-pí-a-šur ú PUZUR4-a-šur-ma,To Ali-ahum from Damiq-pī-Aššur and Puzur-Aššur:
a-ta ú-za-ni-ma lá ta-áp-té-té-e a-ma-kam ki-ma ša-lu-um KÙ.BABBAR 1 ma-na.TA ša na-áš-a-ni-ni šu-ma ha-ra-an sú-ki-ni-im ša-al-ma-at tí-ir-ta-kà li-li-kam ú-za-ni pì-té,"But you have not informed us.(Stratford preference: But you did not inform us!) There, for the sake of the safety of every mina of silver that we bring, send us word and inform us whether the Narrow Track is safe."
lu i-na ma-ṣa-ra-tim AN.NA 10 ma-na nu-šé-ra-ba-am tí-ir-ta-kà li-li-kam-ma a-na tí-ir-tí-ni i-hi-id 2 ma-na KÙ.BABBAR a-na pá-ni-ni šé-bi4-lá-am,"send word whether we shall let some 10 minas of tin enter the guard-posts, Send 2 minas of silver to us"
ú i-na qé-er-bi4-ma 10 ma-na URUDU SIG5 ša <gap> KÙ.BABBAR ṣí-pá-ra-tim <gap> e-ki-im za-áp-ru-tim šé-bi4-lam,"and send 10 minas of good copper included, for <gap> silver send bronze nails, and"
4 GÍN KÙ.BABBAR i-ṣé-er <gap>-a-šur DAM.GÀR i-šu,--a-šur owes the merchant 4 shekels silver.
ITU.KAM a-lá-na-tim a-na ITU.KAM i-ša-qal,He will pay one month (from) the Month 12.
šu-ma lá iš-qúl ⅓ GÍN.TA i-na ITU.KAM ú-ṣa-áb,"If he does not pay, he will add (as interest) ⅓ shekel per month."
li-mu-um a-šùr-na-da ha-mu-uš-tum ša qá-té kà-ar-wa-a IGI a-šur-i-dí,Eponymate: Aššur-nādā. Hamuštum: The week after Qarwāya. Witnesses: Aššsur-idī
KIŠIB kà-ri-im kà-ni-iš kà-ru-um dí-nam i-dí-in-ma ša-lim-a-šùr ṭup-pí-šu ù mì-ma KÙ.BABBAR a-na hu-bu-ul i-dí-a-bi-im ú-ša-qí-lu ŠU.NÍGIN KÙ.BABBAR a-na me-er-e i-dí-a-bi-im i-qá-bé um-ma šu-ut-ma KÙ.BABBAR a-nàm a-ha-a ú-ša-qí-il5,"Seal of the Kanesh colony: The colony has passed a verdict stating that Šalim-Aššur shall mention to Iddin-abum's sons his tablets and what silver he has paid to cover Iddin-abum's debt- all the silver, saying: ""This silver I paid in different places."""
21 gu5-šu-ru GAL 23 tár-dí-ú-tum 6 le-ú GAL-tum 8 tár-dí-ú-tum,"21 large beams, 23 of smaller size; 6 large wooden boards, 8 of smaller size."
a-na ì-lí-ba-ni ù ku-li-a qí-bi-ma um-ma a-šùr-e-nam-ma,"To Ilī-bāni and Kuliya, say, this is what Aššur-ennam says:"
i-na ša-lá-tí-wa-ar ⅚ ma-na KÙ.BABBAR ku-nu-ki-šu ku-li-a i-dí-nam-ma,In Šaladuwar Kuliya gave me ⅚ mina of silver under his seal.
a-na wa-ah-šu-ša-na a-na ṣé-ri-kà ub-lam-ma um-ma a-na-ku-ma a-ma KÙ.BABBAR i-na ku-nu-ki ša ku-li-a áp-qí-da-ku-um,I brought to Wahšušana to you and I said: Herewith I entrust to you silver under the seals of Kuliya.
KÙ.BABBAR ša a-šu-mì ku-li-a ša-du-a-tám kà-ra-am ta-pu-lu,It is silver you promised to pay the kārum as šad-du'utu-tax on behalf of Kuliya.
um-ma a-ta-ma ke-na a-pu-ul KÙ.BABBAR,You said: Yes I promised it.
IGI a-šùr-lá-ma-sí DUMU a-šur-ma-lik ú šu-iš-ha-ra DUMU e-na-sú-in li-me-e ri-ik-sà-am áp-qí-da-kum,"In the presence of Aššur-lamassī, son of Aššur-mālik, and of Šu-Išhara, son of Ennam-Suen, the līmū, I entrusted the packet to you."
mì-nam a-na É a-bi4-a al-qé-ma a-hu-kà i-tù-ra-am,What did I take for my paternal house that your brother came back on me?
i-na al tí-im-ni-e ta-am-hu-ri-ma IGI e-na-sú-in DUMU i-sú-rik13 ù IGI ú-zu-a DUMU ku-ku-lá-nim ta-áš-e-li-ma um-ma a-ta-ma i-nu-mì KÙ.BABBAR ku-nu-ki ša a-hi-a tù-šé-bi4-lá-ni ma-num li-mu-um,"In Al-Timniyē you approached me and in the presence of Ennam-Suen, son of Issūrik, and of Uzua, son of Kukkūlānum, you interrogated me saying: Whe you had me bring the silver with my brothers' seals, who was then līnūm?"
um-ma a-na-ku-ma a-šùr-lá-ma-sí ú šu-iš-ha-ra li-mu-ú ù ma-ah-ri-šu-nu-ma KÙ.BABBAR áp-qí-da-kum,"I answered: Aššur-lamassī and Šu-Išhara were līmū, and it was in their presence that I entrusted you the silver."
1 ma-na ší-a-ma-tí-šu a-na 4 ma-na KÙ.BABBAR i-tù-ur-šu-ma a-wa-at-ni,I booked 1 mina of silver as due by him.
a-na ku-li-a qí-bi-ma um-ma a-ba-ba-a-a-ma,"Say to Kuliya, thus says Ababaya:"
a-na-kam 1⅓ ma-na KÙ.BABBAR ša a-na mu-lá-e-i ša É sà-ba-sí-a ni-il5-qé-e-ú be-el qá-ta-tí-a ša iš-tí-a i-zi-zu-i-ni 5-šu-nu i-na-zu-mu-ú,"Here, as for the 1 ⅓ mina of silver which we borrowed to supplement the amount of Sabasiya's house/firm, my guarantors, which assisted me, all five of them, are complaining."
um-ma šu-nu-ma ṭup-pá-am ša ku-nu-ki-ki dí-ni-ni-a-tí ša KÙ.BABBAR a-na ṣí-it ku-li-a i-ší-iq-lu-i-ni KÙ.BABBAR 1 ma-na-um 7 GÍN ni-il5-qé,They say: 'Give us a tablet with your seal to the effect that the silver has been paid for Kuliya's expenses; we have borrowed the silver at an interest of 7 shekels per mina'.
a-pu-tum 5 GÍN KÙ.BABBAR a-bu-kà a-šu-ur ù ni-ší-kà 1 GÍN KÙ.BABBAR TA a-šu-ur ù ta-zi-ma-tí-ší-na lá áš-ta-na-me-e,"Please, provide your father with 5 shekels of silver and each of your folks with one shekel of silver and let me no longer hear their complaints!"
a-pu-tum ša a-wi-lu-tí-kà e-pu-uš a-pu-tum KÙ.BABBAR a-na a-šùr-ṣú-lu-li dí-in-ma lu-ub-lam a-na-kam ú-ša-ah-du-ru-ni,"Please, act as the gentleman you are! Please, give silver to Aššur-ṣululī to bring it to me. Here they are frightening me."
⅓ ma-na KÙ.BABBAR <gap> hi-ri-im ša PÚZUR <gap> na-áb-sú-in 10 GÍN KÙ.BABBAR ší-im pí-ri-kà-ni 9 GÍN KÙ.BABBAR ša <gap> 7 GÍN KÙ.BABBAR ša <gap> ŠU.NÍGIN 1 ma-na 1 <gap>,"⅓ mina of silver for <gap> Puzur- <gap> Nab-Suen, 10 shekels of silver the price of pirikannu-textiles, 9 shekels of silver of <gap>, 7 shekels of silver of <gap> in all 1 mina 1 <gap> shekels of silver."
a-na KÙ.BABBAR a-nim 10 GÍN KÙ.GI <gap> a-šùr-ṣú-lu-li <gap> 10 GÍN KÙ.GI <gap> ša ša-ku-ul-tim,For this silver <gap> 10 shekels of gold <gap> Aššur-ṣululī <gap> 10 shekels of gold <gap> for the dinner.
ŠU.NÍGIN ⅓ ma-na KÙ.GI ù ½ ma-na KÙ.BABBAR,In all 20 shekels of gold and ½ mina of silver.
mì-ma a-nim ku-nu-ki-a PÚZUR.IŠTAR DUMU en-na-nim za-al-pá-i-um a-na kà-li-tí-ni ú-bi4-il5 IGI a-šùr-e-mu-qí DUMU ga-za-nim-DUB.SAR,"All this, under my seal, Puzur-Ištar, son of Ennānum, from Zalpa, brought to our bride-in-spe. In the presence of Aššur-emūqī, son of Gazānum, the scribe."
ša-lim-a-šùr iṣ-ba-at-ni-a-tí-ma um-ma šu-ut-ma a-na šu-be-lim ù en-na-sú-in-ma KÙ.BABBAR 1 GÚ ù 2 GÚ a-na hu-bu-ul a-bi4-ku-nu i-na na-ru-qí-a ú-ša-qí-il5 ba-a-nim ṭup-pè-e ša hu-bu-ul a-bi4-ku-nu am-ra-ma KÙ.BABBAR-pì šu-uq-lá-nim,"Šalim-Aššur siezed us and said to Šu-Bēlum and Enna-Suen. ""I have paid some 1 or 2 talents of silver for your father's debt out of my joint-stock capital. Come on, look at the tablets concerning your father's debt and pay me my silver."""
um-ma šu-nu-ma ṭup-pu me-eh-ru ša a-bi4-ni i-na ku-nu-uk šu-{d}EN.LÍL a-mur-IŠTAR ù šu-a-nim kà-an-ku-ma i-na a-lim{ki} i-ba-ší-ú šu-ma-ba i li-bi4 a-bi4-ni ta-áb-tù-ra-am ša-al-ma-am i-na a-lim{ki} lá-qá-am lá ta-mu-a,"They said: ""Our father's tablets and copies were sealed with the seals of Šu-Illil, Amur-Ištar and Šu-Amun, and they are in the City. If indeed you can establish anything as owed by our father, will you refuse to take it complete in the city?"""
um-ma ša-lim-a-šùr-ma a-na šu-be-lim-ma KÙ.BABBAR ša eq-lim a-na-ku pá-hu-ra-am qá-bi4-a-ku mì-šu-um iš-tí DUMU da-da KÙ.BABBAR i-na ha-hi-im tal-qé,"Šalim-Aššur answered Šu-Bēlum: ""I have personally promised to collect the silver that is in Anatolia. Why have you taken silver from Dada's son in Hahhum?"""
um-ma šu-be-lúm-ma ke-na al-qé ù en-na-sú-in iš-al-ma um-ma šu-ut-ma mì-šu-um i tí-me-el-ki-a KÙ.BABBAR tal-qé,"Šu-Bēlum answered: ""Yes, I took it."" So he asked Enna-Suen, saying: ""Why have you taken silver in Timelkiya?"""
um-ma šu-ut-ma šu-ma al-qé a-dá-gal-šu lá i-ba-ší,"He answered: ""I shall look whether I took any, but there is nothing."""
a-na a-wa-tim a-ni-a-tim kà-ru-um kà-ni-iš i-dí-ni-a-tí-ma ší-bu-tí-ni IGI GÍR ša a-šùr ni-dí-in,The Kanesh colony gave us for these proceedings and we gave our testimony before Aššur's dagger.
IGI a-ku-za IGI lá-li IGI šu-ku-bi4-im IGI,"Witnessed by Akuza, by Lalum, by Šu-Kūbum, by Aššur-imittī, by Itūr-ilī."
KIŠIB be-lá-nim DUMU šu-ku-bi-im KIŠIB a-gu5-a DUMU dan-na-a-šur KIŠIB ú-ṣú-ur-ša-IŠTAR DUMU da-da-a,"Seal of Bēlānum, son of Šu-Kūbum, seal of Agua, son of Dān-Aššur, seal of Uṣur-ša-Iētar, son of Dadaya."
1 ma-na KÙ.BABBAR ṣa-ru-pá-am i-ṣé-er bé-lá-nim DUMU šu-ku-bi-im ku-li-a DUMU a-lá-bi-im i-šu,"1 mina of refined silver Bēlānum, son of Šu-Kūbum, owes to Kuliya, son of Ali-abum."
a-na ša-na-at ù 6 ITU.KAM KÙ.BABBAR i-ša-qal šu-ma i-na ú-me-šu ma-al-ú-tim KÙ.BABBAR bé-lá-num,He will pay within one year and six months.
lá iš-qú-ul ki-ma a-wa-at kà-ri-im 1½ GÍN.TA a-na ma-na-im ṣí-ib-tám a-na ur-hi-im ú-ṣa-áb,If Bēlānum does not pay when his term is due in conformity with the rule of the kārum he will add 1 ½ shekels of interest per mina per month.
ITU.1.KAM áb-ša-ra-ni li-mu-um i-dí-sú-in DUMU i-dí-a-bi-im,"Month 5, eponymy of Iddin-Suen, son of Iddin-abum."
KIŠIB i-ku-pí-a DUMU pí-lá-ah-IŠTAR KIŠIB ili5-ba-ni DUMU mu-ta-lim KIŠIB a-šur-SIPA DUMU ú-ṣú-ra-nim,"Seal of Ikuppia, son of Pilah-Ištar, seal of Ilī-bāni, son of Mutālum, seal of Aššur-rēʿī, son of Uṣurānum."
8 GÍN KÙ.BABBAR ṣa-ru-pá-am i-ṣé-er i-ku-pí-a DUMU pí-lá-ah-IŠTAR ku-li-a DUMU a-lá-bi-im i-šu-ú,"8 shekels of refined silver Ukuppia, son of Pilah-Ištar, owes to Kuliya, son of Ali-abum."
a-na 6 ur-hé KÙ.BABBAR i-ša-qal,He will pay within 6 months.
šu-ma lá iš-qú-ul ki-ma a-wa-at kà-ri-im ṣí-ib-tám ú-ṣa-áb <gap>,If he does note pay he will add interest in conformity with the rule of the kārum.
10 GÍN KÙ.BABBAR be-ú-lá-at ku-li-a DUMU a-lá-bi-im i-na-sú-in DUMU za-ar-ni-qí-im ú-ka-al iš-tí KÙ.BABBAR uk-ta-al šu-ma šu-ma a-e-ma ú-dá-pí-ir,"<gap> silver, a be'ūlātu-loan belonging to Kuliya, son of Ali-abum, Ennam-Suen, son of Zarniqum holds; he is held by the silver. If he goes away to somebody else, he (K.) will hire someone in his place and he (E.) will compensate the wages of the hireling."
a-na a-ta-ta ù kà-nu-tim qí-bi4-ma um-ma a-na-ah-ì-lí-ma,"Say to Atata and Kannūtum, thus Anah-ilī:"
½ ma-na KÙ.KI ù 1½ ma-na KÙ.BABBAR ša kà-nu-tim ša il5-ba-ni ki-ma kà-nu-tim KÙ.BABBAR ip-qí-da-ni a-na-kam a-lá-bu-um ú-ni-hi-ma KÙ.BABBAR 1 ma-na ú-ša-ag-me-er,"""(As for the) ½ mina of gold and 1 ½ mina of silver, belonging to Kannūtum, which silver Ilī-bāni, representing Kannūtum, entrusted to me - here Ali-abum has troubled me and caused expenses of 1 mina of silver."
a-na a-lim{ki} im-ta-ša-ra-ni-ma i-na dí-in a-lim{ki} KÙ.BABBAR ú KÙ.KI a-lá-bu-um i-lá-qé-ma a-na a-wa-at kà-nu-tim lá-bu-um i-za-az,He has now dragged me before the City and by verdict of the City Ali-abum willl take that silver and gold and Ali-abum will be responsible for Kannūtum's interests.
šu-ma kà-nu-tum a-na a-na-ah-ì-lí ta-tù-wa-ar a-lá-bu-um ú-ša-ha-sú-ú,"Should Kannūtum come back on Anah-ilī, then Ali-abum will clear him."
KÙ.BABBAR ú KÙ.KI šu-ut a-na É a-lim{ki} a-na hu-bu-ul ili5-ba-ni i-ší-qí-il5,"The afore-mentioned silver and gold have been paid to the ""City House"" for (to cover) Ilī-bāni's debts."
a-ma-kam a-le té-er-tí ili5-ba-ni i-ba-ší-ú ša ½ ma-na KÙ.KI pá-ša-lam ù 1½ ma-na KÙ.BABBAR ú ší-a-ma-tí-šu ṣa-áb-ta-ma mì-ṣí-a-ma li-qí-a,"Over there, wherever goods ordered by Ilī-bāni are available, seize for a value of ½ mina of pašallum gold and 1 ½ mina of silver or what has been bought for it and take it at your own reponsibility."
ṭup-pá-am ša a-lim{ki} da-nam ša ki-ma KÙ.KI ú KÙ.BABBAR ša kà-nu-tí-ni ú-kà-al,I have a strong tablet of the City stating that the silver and gold belong to Kannūtum.
ú šu-ma ku-li-a i-lá-kam-ma a-wa-tim ú-ga-mar a-dí a-lá-kà-ni i-ta-ba-lá-šu a-wa-tim lá tù-ga-ma-ra,"And if Kuliya comes in order to settle the affair, hold him in play until I arrive, do not settle the affair!"""
KIŠIB i-ku-pí-a DUMU e-dí-na-a KIŠIB i-ri-ší-im DUMU a-mur-{d}UTU KIŠIB {d}UTU.DU10 DUMU am-ri-a,"Seals: Ikuppiya s. Idinnāya, Irišum s. Amur-Šamaš, Šamaš-ṭāb s. Amria"
<gap> ma-na KÙ.BABBAR ṣa-ru-pá-am i-ṣé-er {d}UTU.DU10 hu-dí-da tí-šu,Šamaš-ṭāb owes Hudida ? mina refined silver.
iš-tù ha-muš-tim ša pu-šu-ke-en6 ù PUZUR4-a-šur a-na 3 ha-am-ša-tim i-ša-qal,He will pay 3 weeks from the hamuštum of Pūšu-kēn and Puzur-Aššur.
šu-ma lá iš-qú-ul ki-ma a-wa-at kà-ri-im ṣí-ib-tám ú-ṣa-áb,"If he does not pay, he will add interest at the rate of the colony."
ITU.KAM ṣí-ip-im li-mu-um e-lá-lí KÙ.BABBAR ša DAM.GÀR-ri-im,Month: Ṣipum Eponymate: Elāli The silver belongs to the merchant.
i-ṣé-er i-dí-a-bi4-im a-mur-IŠTAR ù a-šur-i-mì-tí i-šu-ú iš-tù ha-mu-uš-tim ša kàr-ri-a,Iddin-abim owes Amur-Ištar and Aššur-imittī 13 minas refined silver.
a-na 36 ha-am-ša-tim i-ša-qal šu-ma la iš-qú-ul 1½ GÍN.TA,From the hamuštum of Kar-ri-a he has 36 weeks to pay.
i-na ITU.KAM-im a-na ma-na-im ú-ṣa-áb IGI a-šur-e-mu-qí IGI en-nam-a-šur DUMU me-na-a,If he does not pay 1 ½ shekels per month per mina will be added.
KIŠIB i-dí-a-bi4-im DUMU i-tur4-DINGIR KIŠIB ú-nu-ba,Seal of Idī-abum s. Itūr-ilī. Seal of Unuba
KIŠIB a-ší-a-at 15 ma-na URUDU ma-sí-a-am i-ṣé-er ú-nu-ba ú a-ší-a-at wa-ar-dí ša dan-a-šur lu-zi i-šu,"Seal of Ašiat Unuba and Ašiat, servants of Dān-Aššur, owe Luzi 15 minas washed copper."
iš-tù ha-mu-uš-tim ša {d}MAR.TU-ba-ni ú a-šur-na-da a-na 4 ha-am-ša-tim i-ša-qú-lu,They will pay 22 hamuštum-weeks from the hamuštum of Amurrum-bāni and Aššur-nādā.
i-na áb-na-tí-ni i-ša-qú-lu šu-ma lá iš-qú-lu ki-ma a-wa-at kà-ri-im ṣí-ib-tám ú-ṣú-bu ITU.KAM hu-bu-ur li-mu-um i-dí-a-bu-um,"They will pay according to their weights. If they do not pay, they will add interest according to the word of the colony. Month 6, Year of Iddin-abum."
lu-lu en-nu-um-be-lúm pu-šu-ki-in sá-sí-a en-um-a-šùr DUMU a-ni-nim a-lá-hu-um DUMU sú-kà-li-a i-dí-ku-bu-um DUMU a-šùr-ma-lik ú-ṣú-ur-ša-a-šùr DUMU a-gu-a i-lá-áš-ra-ni {d}EN.LÍL-ba-ni DUMU za-za a-ba-sí-a DUMU {d}li-i-ba-a a-ku-ku tù-ur-a-šùr DINGIR-na-da DUMU a-šùr-na-da sú-in-na-da,"Lulu, Ennam-Bēlum, Pūšu-kēn, Sasiya, Ennam-Aššur son of Anninum, Ali-ahum son of Sukkalliya, Iddin-Kūbum son of Aššur-malik, Uṣur-ša-Aššur son of Aguwa, Il-ašrannī, Illil-bāni son of Zaza, Abasiya son of Libbaya, Akuku, Tūr-Aššur, Ilī-nādā son of Aššur-nādā, Suen-nādā-"
mì-ma a-wi-lu a-ni-ú-tum i-na pu-ùh-ri-im i-na kà-ri-im bu-ru-uš-ha-dim uš-bu-ú,"all these men sat in the assembly in the Burušhaddum colony,"
um-ma šu-nu-ma ṣú-ba-tám šu-um-šu mì-ma a-na ú-ší-na-lam lá ta-da-an,"and they said: ""Do not sell a single textile to Ušinalam!"""
a-na ì-lí-ba-ni ù ku-li-a a-na ì-lí-ba-ni qí-bi-ma um-ma a-šùr-e-nam-ma,"To Ilī-bāni and Kuliya, to Ilī-bāni in particular say, this is what Aššur-ennam says:"
⅚ ma-na KÙ.BABBAR i-na ša-lá-tí-wa-ar ku-li-a ku-nu-ki-šu i-dí-nam,In Šaladiwar Kuliya gave me ⅚ mina of silver under his seal.
a-na wa-ah-šu-ša-na a-na ṣé-ri-kà ub-lam-ma um-ma a-na-ku-ma KÙ.BABBAR le-qé-ma ša-du-a-tám ša a-šu-mì ku-li-a ša ta-pu-lu šu-qú-ul,"I brought it to Wahšušana to you and I said to you: Take this silver and pay (with it) the šaddu'utu-tax on behalf of Kuliya, as you promised."
um-ma a-ta-ma ke-na KÙ.BABBAR a-pu-ul,You answered: Indeed I did promise to pay that silver.
ku-nu-ki ša a-hi-kà IGI a-šùr-lá-ma-sí DUMU a-šur-ma-lik ù šu-iš-ha-ra DUMU i-na-sú-in li-me-e áp-qí-da-kum,"In the presence of Aššur-lamassī, son of Aššur-mālik, and Šū-Išhara, son of Enna-Suen, the limū, I entrusted it to you under the seals of your brother."
mì-nam a bé-et a-bi-a al-qé-ma a-hu-kà i-tù-ra-am,What did I take for my paternal house that your brother came back on me?
i-na al tí-im-ni-e IGI ú-zu-a DUMU ku-ku-lá-nim ù i-na-sú-en6 DUMU i-dí-a-bi4-im ta-aṣ-bi4-tí-ma um-ma a-ta-ma i-nu-mì KÙ.BABBAR ku-nu-ki ša a-hi-a ta-dí-na-ni ma-nu-um li-mu-um,"In Al-Timniyē, in the presence of Uzua, son of Kukulānum, and Enna-Suen, son of Iddin-abum, you seized me, saying: When you gave me the silver with my brother's seal, who was then līmum?"
um-ma a-na-ku-ma lá a-šùr-lá-ma-sí ú šu-iš-ha-ra li-mu-ú,I answered: Were Aššur-lamassī and Šu-Išhara no līmums?
ù ma-ah-ri-šu-nu-ma KÙ.BABBAR ku-nu-ki ša a-hi-a áp-qí-da-kum,And it was in their presence that I entrusted you the silver with my brother's seals.
½ ma-na KÙ.BABBAR ta-ad-mì-iq-tám ša a-lá-hi-nim ša tù-ùh-pì-a ì-lí-ba-ni i-hi-bi4-il5-ma 5 ma-na AN.NA iš-tù a-lim{ki} i-na e-lá-i-šu AN.NA a-na a-lá-hi-nim pí-šu-ú i-dí-in,"For ½ mina of silver, a tadmiqtu-loan by the alahhinnum of Tuhpiya, Ilī- bāni became indevted and he promised the alahhinnum 5 minas of tin (to be paid) when he would come up from the City."
i-na tù-ùh-pì-a iṣ-bu-tù-ni-ma 5 ma-na AN.NA a-na zu-mu-ú kà-ší-im ša qá-té a-lá-hi-nim áš-qúl IGI a-šùr-DU10 DUMU a-bu-ša-lim IGI a-šùr-GAL DUMU i-na-a IGI lá-ba-na-da DUMU sà-sa-lim IGI ku-ur-ku-ri-im DUMU a-ku-ú-a IGI a-šùr-ma-lik DUMU a-šùr-lá-ma-sí IGI {d}UTU-ṣú-lu-li DUMU bu-ur-IŠTAR IGI kà-ar-zi-li-li,"In Tuhpiya they seized me and I paid 5 minas of tin to Zumū, the kaššum of the staff of the alahhinnum, in the presence of Aššur-ṭāb, son of Abu-šalim, of Aššur-rabi, the son of Innaya, of Labān-nādā, son of Sasallum, of Kurkurum, son of Aku'a, of Aššur-mālik son of Aššur-lamassī, of Šamaš-ṣululī, son of Būr-Ištar, (and) of Karzilili."
kà-nu-tum a-ša-at il5-ba-ni ta-aṣ-ba-ta-ni-ma um-ma ší-it-ma ½ ma-na KÙ.GI pá-ša-lam ù 1½ ma-na KÙ.BABBAR ša a-na-ah-ì-lí DUMU DU10-ṣí-lá-a-šùr a-na a-lim{ki} i-ni-iš-ú KÙ.BABBAR ù KÙ.GI i-a-um,"Kannūtum, the wife of Ilī-bāni, seized me saying: Half a mina of pašallu-gold and 1 ½ mina of silver, which Anah-īlī, son of Ṭāb-ṣilli-Aššur, brought to the City, that silver and gold belong to me!"
IGI a-nu-pí-a DUMU ú-ṣú-ur-ša-a-šùr IGI ur-da-a-šur DUMU DIRI-im IGI a-šùr-ni-šu-um DUMU iz-kà-nim IGI,"In the presenc of Ilia, son of Ennam-Suen,."
a-lá-hu-um i-šu iš-tù ha-mu-uš-tim ša a-šur-i-mì-tí ITU.KAM ša ke-na-tim li-mu-um ša qá-tí a-šur-i-mì-tí 2 GÍN.TA i-na ITU.KAM-im ṣí-ib-tám ú-ṣa-áb,"Meari owes to Al-ahum 1 mina 2 shekels silver. From the hamuštum of Aššur-imittī, Month 3, eponymate after Aššur-imittī, he will add 2 shekels per mina per month as interest."
IGI šu-pu-na-ah-šu IGI a-na-lí ú-mì-šu,"Witnesses: Šuppu-nahšu, Anali mother."
té-er-tí i-li-kà-ku-nu-tí i-na ṣú-ba-tí ša tám-kà-ri-im ṣú-ba-tù an-hu-tù-um,"My dear brothers, once or twice I have sent word to you."
i-ba-ší-ú i-hi-id-ma <gap> mì-li-ik ṣú-ba-tim mì-il5-kà 1 TÚG SIG5,Among the textiles belonging to the merchant there are some old textiles.
a-lu-a na-áš-a-ku-nu-tí a-ma-kam iš-tí ší-im AN.NA-ki-a KÙ.BABBAR šé-bi4-lá-ni-ma gi-im-lá-ni,Aluwa is bringing you 1 fine textile.
ig-re ag-ri-im a-bi-a-a DUMU ú-zu-a ú-ma-lá 2 GÍN lu-bu-šu ša-bu,"broken the wages of the hireling Abiaya, son of Uzua will compensate; he has been paid 2 shekels (of silver) as his clothing allowance."
KIŠIB en-um-a-šur DUMU i-ku-pí-a KIŠIB a-ni-na-a DUMU DIRI-im KIŠIB e-na-a-šur DUMU šu-ul-mì-ša-a-šùr,"Seal of Ennum-Aššur, son of Ikuppia, seal of Aninaya, son of WAtrum, seal of Ennam-Aššur, son of Šulmi-ša-Aššur."
12 ma-na URUDU ší-kam i-ṣé-er en-um-a-šùr DUMU i-ku-pí-a DAM.GÀR i-šu,"12 minas of šikku-copper Ennum-Aššur son of Ikuppia, owes to the creditor."
iš-tù SAG ITU.KAM tí-i-na-tim a-na ITU.KAM i-ša-qal,Reckoning from the beginning of the month Tēinātum he will pay in one month.
šu-ma lá iš-qú-ul a-na 10 ma-na na-e ½ ma-na.TA i-na ITU.KAM ṣí-ib-tám ú-ṣa-áb,If he does not pay he will add an interest of ½ mina per 10 minas per month.
li-mu-um da-dí-a DUMU šu-{d}NIN.ŠUBUR wa-bi4-il5 ṭup-pì-im šu-ut DAM.GÀR,"Eponymy of Dadiya, son of Šu-Ilabrat. The bearer of the tablet is the creditor."
KIŠIB hi-ta-ni DUMU DINGIR-na-da KIŠIB en-um-a-šùr DUMU <gap> KIŠIB a-mur-a-šùr DUMU i-šar-ki-it-a-šùr KIŠIB ku-na-na-a,"Seal of Hitani, son of Ilī-nādā, seal of Ennum-Aššur, son of <gap>, seal of Amur-Aššur, son of Išar-kitti-Aššur, seal of Kunnanaya."
2 GÚ 10 ma-na URUDU ší-kam i-na a-ba-an ma-tim i-ṣé-er ku-na-na-a ku-li-a DUMU a-lá-bi4-im i-šu,"2 talents 10 minas of šikkum copper, by the local weight standard, Kunnanaya owes to Kuliya, son of Ali-abum."
iš-tù ITU.KAM qá-ra-a-tim li-mu-um a-šùr-SIPA DUMU ì-lí-e-mu-qí ki-ma a-wa-at kà-ri-im 1½ ma-na.TA a-na 1 GÚ-tim i-na ITU.KAM ṣí-ib-tám ú-ṣa-áb,"Reckoning from month VIII, eponymy of Aššur-rē'ī, son of Ilī-emūqī, in conformity with the rule of the kārum, he will an interest of 1 ½ mina per talent per month."
ÌR a-bi4-ì-lí ù ri-ki-sú a-na 3½ GÍN KÙ.BABBAR SAHAR.BA ku-a-li DUMU a-lá-bi4-im iš-tí {d}UTU,"The slave Abī-īlī with his fetter for 3 ½ shekels of 'dust silver' Kuliya, son of Ali-abum bought from Šamaš-dugul, son of Ibni-Adad."
É ša kà-ni-iš É-be-et hi-na-a ša a-šar ili5-ba-ni na-lu-ni šu-ma É-té šu-nu ša ku-li-a i-tù-ru-ú ⅓ ma-na 4 GÍN KÙ.BABBAR ša ší-im É-té šu-nu-tí en-um-a-šur a-na PÚZUR-a-šùr iš-qú-lu ší-be-e en-um-a-šùr a-na ku-li-a ú-šé-lá-ma ½ ma-na KÙ.BABBAR ku-li-a a-na en-um-a-šùr i-ša-qal,"The house in Kanesh, the house of Hinnaya, where Ilī-bāni lives I lies buried, should that house become Kuliya's property, then for the 24 shekels of silver that Ennam-Aššur paid as price for this house to Puzur-Aššur, Ennum-Aššur will produce witnesses against Kuliya and Kuliya will pay to Ennum-Aššur ½ mina of silver."
šu-ma É-té šu-nu-tí ku-li-a lá il5-qé a-na KÙ.BABBAR-pì-šu wa-ší-ib bé-tim en-um-a-šùr i-šé-e,"Should Kuliya not acquire that house, then Ennum-Aššur will sue the resident of that house for his silver."
IGI a-šùr-ták-lá-ku DUMU kàr-wa-a IGI ÌR-ad-a-šùr DUMU DIRI-e-im,"In the presence of Aššur-taklāku, son of Karwaya, of Urad-Aššur, son of Watrum."
13 ma-na KÙ.BABBAR ṣa-ru-pá-am en-um-a-šùr DUMU sú-in-na-da 5⅓ ma-na KÙ.BABBAR ṣa-ru-pá-am sú-in-na-da me-ra-šu il5-qé-ú i-na ší-im <gap>,"Ennam-Aššur son of Suen-nādā has received 13 minas of refined silver, and Suen-nādā his son has received 5 ⅓ minas of refined silver from the proceeds of Ušinalam's wool."
IGI a-šùr-i-mì-tí IGI iš-me-DINGIR IGI bi-<gap> DUMU ha-na-ni-a IGI DINGIR.SIPA DUMU ša-ak-ṣí-im,"Witnessed by Aššur-imittī, by Išme-ilum, by Bi <gap> son of Hannāniya, by Ili-rē'ī son of Šakṣum."
dan-a-šùr sí-ki e-na-sú-in DUMU i-dí-a-bi4-im ú-kà-al-ma a-na ha-nu DUMU i-tur4-DINGIR a-na qá-ta-tim i-dí-šu,Dan-Aššur detains Enna-Suen son of Iddin-abum and he gave him to Hanu son of Itūr-ilī as guarantor.
um-ma dan-a-šùr-ma a-wi-lam tù-ta-ra-am šu-ma a-wi-lam lá tù-ta-e-ra-am a-na 12 ma-na KÙ.BABBAR ù ṣí-ba-tí-šu ša ṭup-pì-im ha-ar-mì-im ša hu-bu-ul a-bi-šu ta-za-za-am,"Dan-Aššur said: ""You will return the man. If you have not returned the man you will be responsible for 12 minas of silver and its interest in accordance with the certified tablet concerning his father's debt."""
um-ma e-na-sú-in-ma ša a-na ma-nim ha-bu-lu,"Enna-Suen said: ""For his debt to whom?"""
um-ma dan-a-šùr-ma lu a-na a-bi-a lu a-na DAM.GÀR-ri-im ha-bu-ul ù šu-ma ṭup-pá-am ša ša-ba-e tí-šu bi-lam-ma ṭup-pá-am du-uk,"Dan-Aššur said: ""He is indebted either to my father or anonymously. But if you have a quittance, then bring it and invalidate the tablet."""
a-na a-wa-tim a-ni-a-tim kà-ru-um kà-ni-ìš i-dí-ni-a-tí-ma ší-bu-tí-ni IGI GÍR ša a-šùr ni-dí-in,The Kanesh colony gave us for these proceedings and we gave our testimony before Aššur's dagger.
IGI na-zi IGI PUZUR4-a-na IGI ah-ša-lim,"Witnessed by Nazi, by Puzur-Anna, by Ah-šalim."
a-na ma-nu-ki-a-šùr DUMU a-šùr-DU10 ù a-ha-tim DUMU ší-na-na-tim KIŠIB ú-ṣur-ša-a-šùr DUMU šu-ku-bi4-im,"To Mannum-kī-Aššur s. Aššur-ṭāb and Ahātim s. Šinunutum, seal of Uṣur-ša-Aššur s. Šu-Kūbum."
a-na en-nam-a-šur ù a-lá-hi-im qí-bi-ma um-ma SIG5-pí-a-šur-ma 10 ma-na,To Ennam-Aššur and Ali-ahum from Damiq-pī-Aššur:
AN.NA ku-nu-ki-a e-ni-iš-ta-ru-um ub-lá-ku-nu-tí 1 TÚG SIG5 a-lu-a ub-lá-ku-nu-tí,Eništārum brought 10 minas of tin under my seal to you. Aluwa brought you 1 fine textile.
a-hu-a a-tù-nu KÙ.BABBAR ší-im AN.NA-ki ú ší-im ṣú-ba-tí-a šé-bi-lá-nim-ma gi-mì-lá-am i-na ṣé-ri-a šu-uk-na,"My dear brothers, send me the proceeds in silver from the tin and my textiles and thus do me a favour."
mì-li-ik lu-qú-tim ša tám-kà-ri-im mì-il5-kà,Take a decision concerning the merchant's goods.
i-na {d}UTU-ši ú-ṣú-ur-ša-IŠTAR e-ra-ba-ni na-áš-pé-ra-tim ší-ta-me-a-ma ú-ma-kál lá i-sà-hu-ur,"Hear the missives the very day Uṣur-ša-Ištar arrives, and without a single day's delay"
iš-tí-in i-na ṣú-ha-ri-ku-nu ša ki-ma qá-qí-dí-ku-nu iš-tí-šu ṭù-ur-da-ni-ma a-ni-tám lá a-ni-tám tí-ir-ta-ak-nu li-li-kam-ma ù tí-ir-ta-ku-nu a-na tám-kà-ri-im li-li-kà-am,"send with him one of your servants, whom you trust like yourselves, and write me whether it is so or not, and only then send word to the merchant."
tám-kà-ru-um a-na pá-ni-a i-da-gal ih-da lá ta-ša-lá-ta,"The merchant is relying on me. Take care, do not act rashly."
<gap> na <gap> PÚZUR-a-šùr DUMU a-hu-wa-qar iš-tù <gap> ub-lu-ni-ni,"broken <gap> Puzur-Aššur?, son of] Ahu-waqar from <gap> brought here."
ŠÀ.BA 4 TÚG.HI.A <gap> iṣ-hi-ru-ma,Therefore 4 textiles <gap> were deducted.
ší-tí TÚG.HI.A 20-<gap> ù e-ma-re ṣa-lá-me-e <gap> ša-du-a-tum ù ú-ku-ul-tí e-ma-re 5 ma-na 7½ GÍN KÙ.BABBAR iš-qú-lu <gap> ù 3 e-ma-re ṣa-lá-me ù me-at 70 ma-na URUDU ša kà-ni-iš a-ba-an ma-tim ma-tim ša a-šùr-<gap> ir-de8-a-ku-nu-tí-ni ŠÀ.BA 1 TÚG a-na li-tab-ší-šu,"The rest of the textiles <gap> and the black donkeys <gap> silver the šaddu-utu-tax and the food of the donkeys, all together they paid 5 minas and 7 ½ shekels of silver <gap> and the 3 black donkeys and 170 minas of copper of Kanesh, according to the Anatolian weight standard, which Aššur- <gap> lead to you, 1 textile thereof was for his own clothing."
iš-tù ṣí-tum ša a-bi-a-a ú a-šùr-ták-lá-ku ù KÙ.BABBAR i-ku-pí-a lu uk <gap> 3 ma-na KÙ.BABBAR iz-ku-ú-šu 6 <gap> KÙ.BABBAR iz-ku-ma ku-li-a il5-qé a-na a-wa-tim a-ni-a-tim wa-bar-tum ša ša-lá-tù-wa-ar i-dí-ni-a-tí-ma IGI GÍR ša a-šùr ší-bu-tí-ni ni-dí-in IGI a-šùr-<gap> ù e-na-a-šùr DUMU i-ku-pì-a-šùr IGI <gap> a-ni-na-a DUMU DIRI-im tap-pá-i-ni 10 TÚG <gap> ša a-bi4-ni a-na kà-ri-im kà-ni-iš a-na <gap> ú-bi4-il5 5½ ma-na AN.NA ša i-na <gap> ib-tù-ru-ma il,After the expenses of Abiaya and Aššur-taklāku and the silver of Ikuppia <gap> had been paid 3 minas and 6 shekels of silver became freely available for him. Six minas of silver which were cleared Kuliya took.
15⅓ GÍN KÙ.BABBAR ší-im URUDU i-na li-bi4 ku-lu-ú DUMU a-šur-ma-lik,"15 ⅓ shekels of silver, the price of copper, is owed by Kullu son of Aššur-malik."
IGI a-lá-hi-im kà-ṣa-ri-šu IGI ma-nu-um-ba-lum-a-šur DUMU a-šur-re-i,"Witnessed by Al-ahum, his transporter, by Mannum-bālum-Aššur son of Aššur-rē'ī."
1⅔ ma-na KÙ.BABBAR SAHAR.BA i-ṣé-er ku-li-a DUMU a-lá-bi4-im a-mur-{d}UTU DUMU be-lá-nim ú e-na-a-šur DUMU šu-ul-mì-im-ša-a-šur a-šur-ma-lik DUMU ku-ra-ra i-šu,"1 ⅔ mina of 'silver dust' Kuliya, son of Ali-abum, Amur-Šamaš, son of Bēlānum, and Ennam-Aššur, son of Šulmim-ša-Aššur, owe to Aššur-mālik, son of Kurara."
a-na 1 ma-na-im 1½ GÍN.TA KÙ.BABBAR i-na ITU.1.KAM ṣí-ib-tám ù-ṣú-bu,Per mina they will add 1 ½ shekel of silver per month as interest.
KÙ.BABBAR i qá-qá-ad šál-mì-šu-nu ú ke-ni-šu-nu ra-ki-is,Who of them is financially sound and available is liable for the silver.
ITU.1.KAM ku-zal-lí li-mu-um a-bu-ša-lim DAM.GÀR DUMU ì-lí-a-lim,"Month 11 of the eponymy of Abu-šalim, the trader, son of Ilī-ālum."
KÙ.BABBAR il5-qé-ú-ni DU10-a-šùr DUMU ili5-pì-ú-ṣur hu-du-be-lí IR-sú 3 be-ru-ú li-ip-ta-num DUMU qar-da-a e-na-a-šur DUMU i-ku-pì-a-šur ù a-mur-{d}UTU DUMU pì-lá-ah-a-nim i-na ša-ha-tí-šu-nu i-zi-zu,"When they received the silver Ṭāb-Aššur, son of Ilī-pī-uṣur, Hudu-bēlī, his slave, and 3 bēru, Liptānum Qardaya, Ennam-Aššur, son of Ikuppi-Aššur, and Amur-Šamaš, son of Pilah-Anum, assisted them."
IGI a-šur-e-nam DUMU bur-sú-in IGI e-na-a-šur DUMU e-nu-um-a-šur IGI e-na-a-šur DUMU pì-lá-ah-IŠTAR,"In the presence of Assur-ennam, son of Bur-Suen, of Ennam-Aššur, son of Ennum-Aššur, of Ennam-Aššur, son of Pilah-Ištar."
URUDU i-ṣé-er ku-li-a DUMU a-lá-bi4-im a-mur-{d}UTU DUMU be-lá-nim ù e-na-a-šur DUMU šu-ul-mu-ša-a-šur a-šu,Who of them is financially sond and available is laible for the copper.
KÙ.BABBAR ki-ma a-šùr-ma-lik DUMU lu-zi-na a-šùr-GAL DUMU ma-nu-um-šu-um-šu i-na ší-im SÍG.HI.A ša ú-ší-na-lam il5-qé,Aššur-rabi son of Mannum-šumšu has received 3 minas of 16 ⅙ shekel of silver on behalf of Aššur-malīk son of Luzina from the proceeds of Ušinalam's wool.
IGI i-lá-áš-ra-ni DUMU sú-kà-li-a IGI en-na-sú-in DUMU i-dí-a-bi4-im,"Witnessed by Ilī-ašrannī son of Sukkalliya, by Enna-Suen son of Iddin-abum."
i-na 2 ma-na 15 GÍN KÙ.BABBAR ša a šu-mì ší-im bé-tim iš-tí a-šur-ma-lik DUMU ku-ra-ra bé-lúm-ba-ni i-na-sú-in ú pè-ru-wa il5-qé-ú-ni-ni-ma ṭup-pá-šu-nu i-hi-ir-mu-ú i-na ŠÀ.BA ⅚ ma-na i-na KÙ.BABBAR-pí-a bé-lúm-ba-ni iš-qú-ul,"Of the 2 minas and 15 shekels of silver which, because of the payment for the house, Bēlum-bāni, Ennam-Suen and Peruwa, had obtained from Aššur-mālik, son of Kurara, and for which their valid deed had been drawn up, ⅚ mina thereof Bēlum-bāni paid with my silver."
a-na ⅓ ma-na 5 GÍN KÙ.BABBAR ṭup-pá-am ú-kà-il5-ma ṣí-ib-tum ma-dí-iš i-li-ik-ma a-na ⅚ ma-na KÙ.BABBAR im-gu-ra-ni,For 25 shekels of silver I kept a debt-note and a lot of interest has accrued and he has agreed with me on an amount of ⅚ mina of silver.
½ ma-na KÙ.BABBAR mu-sú-kà-e úṣ-ba-am ⅓ ma-na 1 GÍN,½ mina of spoiled silver has been added for me.
KÙ.BABBAR ší-im 3 ku-ta-ni ša qá-tim ša a qá-tí bé-lúm-ba-ni a-na É kà-ri-im i-dí-ú ŠU.NÍGIN 1⅔ ma-na 1 GÍN KÙ.BABBAR a-ha-ma 1 ma-na KÙ.BABBAR,"21 shekels of silver, the price of three kutānu-textiles of current quality that he deposited on Bēlum-bāni's account in the kārum-office - in all 1 ⅔ mina and 1 shekel of silver."
ša a-šu-mì a-na-ah-ì-lí DUMU ṭá-ki-i a-šùr-DU10 DUMU a-bu-ša-lim a-pu-lu na-áš-pè-er-tám ša a-šùr-DU10 a-šùr-ma-lik i-ni-iš-am um-ma šu-ut-ma i-na ni-kà-sí KÙ.BABBAR a-šur-DU10 ú-ṭá-hi-a-am,"Separately, as for the 1 mina of silver, which on behalf of Anah-ilī, the son of Ṭākī, I guaranteed to Aššur-ṭāb, son of Abu-šalim, Aššur-mālik brought me a letter of Aššur-ṭāb, saying: At the accounting Aššur-ṭāb has transferred that silver (claim) to me."
iš-té-ni-iš 2⅔ ma-na 1 GÍN KÙ.BABBAR a-šùr-ma-lik i-na li-bi4-a i-dí-i,All together Aššur-mālik has charged me 2 ⅔ minas and 1 shekel of silver.
a-na ša ki-ma i-a-tí qí-bi-ma,Say to my representatives:
a-ma-kam a-šur-ták-lá-ku pí-šu li-ip-té-ma <gap> ma-na LÁ 1 GÍN KÙ.BABBAR ša-áš-qí-lá-šu,Here Aššur-taklāku should make a statement and then make him pay <gap> mina minus 1 shekels of silver.
ma-na <gap>-i-dí DUMU lá+lá-<gap> KÙ.BABBAR 10 ma-na <gap>-ba-ni ha-ra-an <gap>-a na-ší,Broken Back that has no translation
um-ma i-dí-sú-in a-na ku-li-a qí-bi4-ma,Thus Iddin-Suen to Kuliya:
1 ma-na Ì.GIŠ ša tù-ùh-pí-a ú 5 ma-na URUDU ša ša-du-i-šu i pá-ni-kà lá té-zi-ba-am,The one mina of oil of Tuhpiya and the 5 minas of copper of local origin you must not leave behind for me when you leave!
a-hi a-ta i-hi-id Ì.GIŠ ú URUDU lá té-zi-ba-am,"Please, my brother, take care not to leave the oil and the copper behind for me!"
a-na <gap> ù a-lá-hi-im qí-bi-ma um-ma en-um-a-šùr-ma a-na a-lá-hi-im qí-bi-ma,To <gap> and Ali-ahum from Ennam-Aššur; specifically to Ali-ahum:
a-dí ša um-me-a-ni ša a-bi-ni tí-ir-tí a-dí ma-lá ù ší-ni-šu i-li-kà-kum-ma nu-za-kà-nim ù a-na <gap> ša qá-sú-nu iš-ku-nu-ni,"My messages have come to you a couple of times concerning the investors of our father, that we should clear (the matter); also, for <gap> on which they have laid claim, when the road opens <gap>"
i-na na-áp-tù ha-ra-nim ú <gap> i-na wa-ar-ki-tim ki-ma ṣú-ha-ru iš-tù ša-lá-tù-ar im-qú-tù-ni-ni-ma KÙ.BABBAR mì-ma lá ub-lu-ni-ni ú a-ṣé-er <gap> tù-ša-áš-ni-ú <gap>-ni um-me-a-<gap>,"Later, as the servants arrived from Šalatuwar and did not bring any silver, and in addition to"
ù wa-ar-kà-sà ša ni-ša-me-ú <gap> URUDU i-sà-ri-du-šu-ma a-na KÙ.BABBAR i-tù-ar,"<gap> and its resolution that we shall hear about <gap> as to the copper, they will pack it for him and it will be exchanged for silver."
a-wa-tum iš-tí ma-ma-hi-ir i-bi-tí-iq KÙ.BABBAR 1 GÍN ša ú-šé-ṣí-ú i ma-ah-ri-šu-nu a-ša-kán,"The matter with Man-mahir has been settled. Every shekel of silver that I have produced, I shall place before them."
URUDU ša ri šu 2 ANŠE.HI.A ṣa-lá-mì 10 i-lá-tim ú ú-nu-sú-nu šé-ep-IŠTAR i-ra-dí-a-ku-nu-tí,"Šēp-Ištar leads the copper <gap>, 2 black donkeys, 10 bags plus their harness to you."
a-ṣé-er <gap> ma-na ša a-ma-kam i-za-zu-ni <gap> 3 GÚ URUDU KI ma-ma-hi-ir ša ku-a-tí <gap> SIG5 ša e-zi-ba-ku-nu-tí-ni <gap>,"In addition to <gap> mina which stand there, 3 talents of copper, owed by Man-mahir, that he left with you <gap>"
a-na ku-li-a qí-bi-ma um-ma hu-na-hu-na,"To Kuliya, thus says Hunahuna:"
a-na-ah-DINGIR ú PÚZUR-a-šur i-li-ku-nim KÙ.BABBAR 1⅓ ma-na KÙ.BABBAR ša a-na-ah-DINGIR i-hi-ib-lu PÚZUR-a-šur áš-ra-kam-ma 14 GÍN KÙ.BABBAR ip-ta-an 1 ma-na 6 GÍN KÙ.BABBAR a-na ša-ni-im pá-qí-id,"Anah-ilī and Puzur-Aššur came here. As for the silver, the 1 ⅓ mina of silver for which Anah-ilī had become indebted, over there Puzur-Aššur consumed (for) 14 shekels of silver, [ (the rest) 1 mina 6 shekels has been entrusted to somebody else."
um-ma a-na-ah-ì-lí-ma DUB ša ku-nu-ki-a bi-lá-nim-ma KÙ.BABBAR li-qí-a,Anah-ilī said: Bring me the tablet with my seal then take the silver.
DUB a-na-ku lá a-mu-a ú-šu-ra-am,But I refused [to release that tablet.
um-ma en-na-na-tum ri-ig-ma-am lá ni-na-dí DUMU i-na-a lá i-ša-me-e,Ennānātum said: We will not file a complaint lest Innaya's son hears about it.
ni-ip-lá-ah-ma e-na-na-tum ú a-na-ku hu-ur-šam ni-ip-té-e-ma i-na ta-ma-lá-ki-kà ṭup-pá-am ša ku-nu-ki-šu nu-šé-li-ma ni-dí-šu-um,"Since we became afraid, Ennānātum and I myself, we opened the storeroom and took out of your tablet coffer the tablet with his seal, which we gave him."
1 ma-na 6 GÍN KÙ.BABBAR a-na-ku ú-kà-al,The 1 mina and 6 shekels of silver I have in my possession.
2 na-áš-pè-ra-tí-kà lá i-dí-nam ú a-na-ku DUB ša a-šur-DU10 lá ú-šé-er-šu-um,Since he did not give me your two letters I also did not release to him the tablet of Aššur-ṭāb.
ma-ma-an i-na ša-zu-za-tí-kà lá i-zi-iz,Not one of your representatives came into action.
iš-tù ṣú-ha-ru-ú i-li-ku-ni-ni ur-ki KÙ.BABBAR e-na-na-tim i-sà-hu-ru-ú mì-ma i qá-tí-šu lá i-ba-ší 1 GÍN KÙ.BABBAR ta-da-nam,"When the servants had come here, they were looking for the silver of Ennānātum, but he had absolutely nothing available (and) he was unable to give them even one single shekel of silver."
KÙ.BABBAR a-na-ku al-qé 2⅓ GÍN ša sà,I myself will use that silver for buying salt and then they can make themselves ready and depart.
3 ma-na KÙ.BABBAR ṣa-ru-pá-am i-na ší-im SÍG.HI.A ša ú-ší-na-lam i-lá-áš-ra-ni DUMU sú-kà-li-a il5-qé,Ilī-ašrannī son of Sukkalliya has received 3 minas of refined silver from the proceeds of Ušinalam's wool.
IGI a-šùr-ba-ni DUMU kur-bi-a-a IGI iš-me-DINGIR IGI i-dí-ku-bi-im,"Witnessed by Aššur-bāni son of Kurbiya, by Išme-ilum, by Iddin-Kūbum."
ša-lim-a-šùr a-na me-er-e i-dí-a-bi4-im iṣ-ba-at-ni-a-tí-ma,Šalim-Aššur seized us in his case against the sons of Iddin-abum
um-ma ša-lim-a-šùr-ma a-na ṭup-pì-im ša a-lim{ki} ša ra-bi4-ṣú-um ub-lá-ni ù ší-ma-tim mì-ma ta-tù-ra-nim ša 7 um-me-a-nu a-wa-tí-ni ig-mu-ru-ni,"Šalim-Aššur said: ""Do you contest the tablet from the City assembly that the attorney brought as well as the testament according to which 7 investors concluded our case?"""
um-ma me-er-ú i-dí-a-bi4-im-ma <gap> ša-lá-áš-tù-ma šu-nu a-na mì-ma šu-um-šu lá ni-tù-ra-kum,"Iddin-abum's son answered, all three of them: ""We do not contest anything against you."""
um-ma šu-be-lúm-ma a-na lu-qú-tim ša É a-šùr-be-el-a-wa-tim a-na-ku a-šé-e-kà,"Šu-Bēlum said: ""I sue you for the goods from Aššur-bēl-awātim's house."""
um-ma ša-lim-a-šùr-ma ša ni-iš a-lim{ki} ta-mu-ú lu ú-kà-al ki-ma a-na a-wa-tim ga-am-ra-tim i-tù-ru,"Šalim-Aššur said: ""Keep in mind what has been sworn by an oath by the City, since he (now) raises claim in a concluded case!"""
um-ma šu-be-lúm-ma zu <gap> a-he-e-a KÙ.BABBAR ù ṣí-ba-sú tù-ma-li,"Šu-Bēlum answered: ""Have you paid in full <gap> of my brothers, the silver and its interest?"""
um-ma ša-lim-a-šur-ma dí-ik-ma-am ù nu-ra-am ú-ma-li IGI PUZUR4.SA.TU,"Šalim-Aššur said: ""I have paid in ashes? and light."""
IGI EN.LÍL-ba-ni IGI a-šùr-GAL a-na a-wa-tim a-ni-a-tim kà-ru-um kà-ni-iš i-dí-ni-a-tí-ma ší-bu-tí-ni ni-dí-in,"Witnessed by Pusur-šadu'e, by Illil-bāni, by Aššur-rabi. The Kanesh colony gave us for these proceedings and we gave our testimony."
kà-ru-um ha-hu-um dí-nam i-dí-in-ma šu-ma šu-be-lúm ù en-na-sú-in me-er-ú i-dí-a-bi4-im <gap> a-na kà-ri-im kà-ni-iš{ki} lá i-li-ku-ma iš-tí šál-ma-a-šùr lá i-na-me-ru-ú-ma a-li i-ma-gu5-ru-ni lá e-ta-wu-ú lu-qú-tám a-na šál-ma-a-šùr ú-šu-ru-ú a-ba pá-šé-er a-wa-tim,"The Hahhum colony has passed a verdict: If Šu-Bēlum and Enna-Suen, Iddin-abum's sons, do not go to the Kanesh colony and do not meet with Šalim-Aššur and do not discuss in order to come to an agreement, then they must release the goods to Šalim-Aššur. Aba was the arbitrator."
IGI e-nu-um-we-er DUMU šu-da-a IGI i-lá-áš-ra-ni DUMU sú-kà-li-a IGI en-na-sú-in DUMU i-dí-a-bi-im IGI DUMU a-bu-bu ta-ar-dí-im,"Witnessed by Ennam-Wēr son of Šudaya, by Il-ašrannī son of Sukalliya, by Enna-Suen son of Iddin-abum, by Abūbu's younger son."
um-ma a-mur-IŠTAR-ma a-na ku-li-a qí-bí-ma,"Thus Amur-Ištar, to Kuliya:"
a-dí ma-lá ú ší-ni-šu a-šu-mì {d}MAR.TU-ba-ni pá-ší-ri-a a-ša ší-im TÚG.HI-tí-a áš-pu-ra-kum a-ta mì-ma-ša-ma úz-ni lá ta-pá-té,"Several times I wrote you concerning my retailers Amurrum-bāni because of the price of my textiles, but you have never sent my any information!"
a-na-ku a-na-kam a-na ku-a-tim na-ah-da-ku a-ta u4-ma-kál hu-ša-ha-ka lá té-zi-ib-ma a-na i-a-tim lá ta-na-hi-id ak <gap>,"I here have concern for your interests, but you have never, not even for a single day, sacrificed your own interests to care for mine!"
KÙ.BABBAR ší-im <gap> lu a-šur-e-nam <gap> šál-ma-a-šur <gap> lu {d}MAR.TU-ba-ni <gap> KÙ.BABBAR ša-áš-qí-il5-ma ú {d}MAR.TU-ba-ni ṭur4-dam,"<gap> silver, the price paid for my textiles, make both Aššur-ennam <gap> Šalim-Aššur <gap> and Amurrum-bāni pay that silver and send Amurrum-bāni to me."
šu-ma KÙ.BABBAR-pì i-ma-šu-hu té-er-ta-kà li-li-kam-ma úz-ni pí-tí,Send me a message if they try to rob me of my silver and keep me informed.
1 ma-na KÙ.BABBAR a-šùr-ba-ni DUMU i-dí-a-bi-im ha-bu-lam KÙ.BABBAR ša-áš-qí-il5 šu-ma šé-bi4-lam,"Aššur-bāni, son of Iddin-abum, owes me 1 mina of silver, make him pay and send it to me."
1 ma-na KÙ.BABBAR i li-bi a-šùr-e-nam DUMU <gap>-mì-ma i li-bi-šu i-šu-ú {d}UTU-e-nam ṣú-ha-ri-im ša a-šùr-e-nam ù ša i li-bi šál-ma-a-šùr ša-áš-qí-il5-šu-nu,"One mina of silver is owed by Aššur-ennam, son of <gap>, whatever is owed to me by him, by Šamaš-annam, the servant of Aššur-ennam, and what is owed by Šalim-Aššur, make them pay!"
ù <gap> 4 <gap> ša té-zi-bu <gap> ku-nu-ku-šu-nu <gap> ù ša ka-sà-tim ša DU10-ṣí-lá-a-šùr ù 1 <gap> a-bi-we-du DUMU <gap> i-ra-dí-a-ku-um,"<gap> 4 <gap> which you left behind <gap> their seals <gap> and those of the cups of Ṭāb-ṣilli-Aššur and one <gap> Abī-wedu{m}, son of <gap> is leading to you."
ší-tí lu-qú-tim ša a-pí-im lá-ta-ra-ak iṣ-ba-at,The rest? of the merchandise Latarak seized in Apum.
ṭup-pá-am ša ší-bu-tim da-na-am al-qé-ma ù ší-ip-ra-am áš-pu-ur-ma lu-qú-tám ú-ší-ir-ma a-bi-we-du i-ra-dí-a-ku-um,"I acquired a powerful tablet of the Elders and I sent a messenger and so obtained the release of the merchandise, which Abī-wedu is now bringing to you."
11 GÍN <gap> nu-ta-e-er a-hi a-ta a-šu-mì {d}MAR.TU-ba-ni pá-ší-ri-a ù KÙ.BABBAR ší-im ṣú-ba-tí-a ša ú-na-hi-du-kà <gap> ma-na 3 GÍN KÙ.BABBAR ša li-bi-i šál-ma-a-šur <gap> a-pu-tum i-<gap>,"11 shekels of silver <gap> we gave back. Please, my brother, [as for Amurrum-bānī, my retail agent, and the price of my textiles for which I called your attention, and the <gap> mina(s) 3 shekels of silver [owed by Šalim-Aššur <gap> please <gap>"
2½ ma-na ṣí-ba-ra-tum qá-dum ša a-bi4-e-dim,2 ½ minas of <gap> including those of Abī-wēdum.
1⅓ ma-na a-na ú-ra-ha-zi ša,1 ⅓ mina for <gap>
1 ma-na ul-ga-tim zi-ga-an-LUGAL 6 ma-na a-lu-li-tám ša 3½ GÍN KÙ.BABBAR ša 10 GÍN KÙ.BABBAR AN.NA 8½ GÍN KÙ.BABBAR a-na e-ma-ri-im 4½ ma-na URUDU a-na qá-qá-da-tí-šu-nu 1 ma-na a-na a-a-ar-tim,"For 1 mina <gap> ziganšarrū, 6 minas alulītum worth 3 ½ shekels of silver, for 10 shekels of silver tin, 8 ½ shekels of silver for a donkey, 4 ½ minas of copper for their head-tax, 1 mina for cowry shells."
mì-ma a-nim a-na a-šùr-ṣú-lu-li a-dí-in ša-bu,"All this I gave to Aššur-ṣululī, he is satisfied."
a-na en-nam-a-šur qí-bi-ma um-ma a-lá-hu-um-ma,To Ennam-Aššur from Ali-ahum:
a-hi a-ta a-ma-kam iš-tù a-wa-tù-um i-ba-tù-qú-ni tí-ir-ta-kà li-li-kam-ma a ma-lá tí-ir-tí-kà le-pu-uš a-ṣé-er ANŠE a-ni-ú-tim 3 ANŠE ù ṣú-ha-ri šé-ri-a a ma-lá té-er-tí-kà le-pu-uš,"My dear brother, send me word there after the matter has been dropped, then I shall act in accordance with your instructions. I shall act in accordance with your instructions."
a-na en-nam-a-šur ú a-lá-hi-im qí-bi-ma um-ma SIG5-pí-a-šur-ma,To Ennam-Aššur and Ali-ahum form Damiq-pī-Aššur:
a-dí ma-lá ú ší-ni-šu tí-ir-tí i-li-kà-ku-nu-tí,Once or twice I sent word to you.
a-na en-nam-a-šur qí-bi-ma ta-áš-pu-ra-am um-ma a-ta-ma ṣú-ba-tu ša DAM.GÀR i-na ma-a-ma ú i-na ú-ni-ip-sí-im e-zi-ib-ma ILLAT-tum <gap>-šu 1 GÍN im-<gap>,"""Say to Ennam-Aššur: You wrote me. You said, 'Leave the textiles belonging to the merchant in Mamma or in Unipsum, and <gap> the caravan <gap> 1 shekel.'"
i-nu-mì ILLAT-tum i-na ur-šu i-ma-ri-ú tí-ir-tí i-li-kà-ku-nu-tí,"When the carvan slowed down in Uršu, I sent word to you,"
um-ma a-na-ku-ma mì-li-ik lu-qú-tim ša DAM.GÀR mì-il5-kà,"saying: "" <gap> """
tí-ir-ta-ku-nu-ma ú-lá i-li-kam <gap>-tí <gap>-ú-tim <gap> ša DAM.GÀR <gap>-nim,your message and <gap> of the merchant <gap>
ki-ma hi-im-ṭá-tim ša DAM.GÀR áš-me-ú a ší-a-tí na-áš-pé-ra-tim ša DAM.GÀR ša a-lim{ki} ša na-áš-a-ku-nu-tí-ni PUZUR4.IŠTAR na-áš-a-ku-nu-tí,"As I heard the heated words of the merchant, that is why Puzur-Ištar is bringing you the missives from the merchant in the City that I was to bring to you."
a-hu-ú-a a-tù-nu i ša-am-ší na-áš-pé-ra-tim ta-áš-me-a-ni ih-da-ma a ma-lá na-áš-pé-ra-tim ep-ša-ma úz-ni ša DAM.GÀR pé-té-a,"My dear brothers, take care, the very day you hear the missives, you must act in accordance with the missives and inform the merchant."
<gap> tám-kà-ri-im <gap> lu-qú-tum <gap>,<gap> of the merchant <gap> goods <gap>
at be-lu-a <gap> lá tù-ša-lá <gap> ar-ta-ma <gap>-ša-ni <gap>,my lords <gap> do not question.
i-ša-qal šu-ma i-na ma-lá u4-me-šu lá iš-qúl 1½ GÍN.TA i-na ITU.KAM a-na 1 ma-na-im,He will pay three weeks from the hamuštum of Hinnaya.
ú-ṣa-áb ITU.KAM ša sà-ra-tim li-mu-um ša qá-tí šu-hu-bur IGI šu-ku-bi4-im DUMU šu-sú-in IGI i-ku-pì-a DUMU pì-lá-ah-a-šur 9 ma-na,"If he does not pay at the fulfillment of his term, he will add (interest at the rate of) 1 ½ shekels per mina per month."
URUDU KI i-zi-zi-a ⅔ ma-na,Izizia owes 9 minas copper.
AN.NA KI en-nam-a-a áš-kà-pì-im 2 GÍN KÙ.BABBAR KI šu-ku-bi4-im lá ki-dí-im IGI PUZUR4.IŠTAR DUMU i-kà-a 3 GÍN,en-nam-a-a the leatherworker owes ⅔ mina tin.
5 ma-na KÙ.BABBAR ṣa-ru-pá-am ú-zu-bi-iš-kum DUMU šu-a-nim i-na ší-im SÍG.HI.A ša ú-ší-na-lam il5-qé,Uzub-iškum son of Šu-Anum has received 5 minas of refined silver from the proceeds of Ušinalam's wool.
IGI i-dí-ku-bi IGI a-lá-bi-im DUMU šu-a-šùr IGI en-na-sú-in,"Witnessed by Iddin-Kūbi, by Ali-abum son of Šu-Aššur, by Enna-Suen."
um-ma en-um-a-šùr-ma a-na SIG5-pí-i-a-šur qí-bi-ma,From Ennam-Aššur to Damiq-pī-Aššur:
i-na pá-ni-tim-ma áš-pu-ra-kum um-ma a-na-ku-ma šu-ma ILLAT-at-kà i-sà-ri-dam ù a-ta qá-dí-ma ILLAT-tí-kà sí-ir-dam-ma lu-qú-tám ša DAM.GÀR ša ta-ra-dí-ú TÚG.HI.A SIG5-tim bi-ir-ma i-na ma-a-ma ú-lá i-na ú-na-ap-sé e-zi-ib-ma ší-tí TÚG.HI.A ma-ṭí-ú-tim lu i-na ša DAM.GÀR i-ba-ší-ú lu ša bé-ú-lá-tí-kà ù-lu i-na ša bé-ú-lá-at ṣú-ha-re-e i-ba-ší-ú qá-dí-ma tap-pá-e-kà a-na É.GAL-lim le-ru-bu-nim,"I wrote you earlier, saying: ""If your caravan is loading up, then you too should pack up together with your caravan, and choose textiles of good quality from the goods of the merchant that you are leading, and leave them in Mamma or in Unapše, and the rest of the less good textiles - both from what remains of the merchant's and from your own working capital and from the working capital of the servants - should enter the palace together with your partners."""
a-ni na-ab-ri-tum i-na ur-šu i-ṣa-ba-at-ku-nu,"Now, the hiatus has overtaken you in Uršu."
ki-ma ku-pá-um ma-du-ni a-na lu-qú-ut DAM.GÀR-ri-im ša ki-ma qá-qí-dí-a ú-lá áš-tap-ra-am,"Because there is a lot of snow, I have not sent anyone on whom I could rely for the goods of the merchant."
i-na na-áp-ṭí-ir ku-nu-tí ù a-na-ku ú-lá ša ki-ma qá-qí-dí-a a-ṭa-ra-dam-ma mì-li-ik lu-qú-tim ša DAM.GÀR a-ma-lik,"At the opening of snows, then I shall send either myself or someone I can rely on, and I shall make a decision about the merchant's goods."
mì-šu ša ta-áš-pu-ra-ni um-ma a-ta-ma tí-ir-tí DAM.GÀR hi-mì-tum i-li-kam,"What is that you wrote, saying: ""A heated letter from the merchant came."
a-na-ku sà-ah-ra-ku-ma a-na lu-qú-tim ša DAM.GÀR mì-li-ik-ša ma-lá-kam lá a-al-té-e ba-a-nim i-a-tí ta-ša-pá-ra-am a-pu-t,"I have personally been delayed and been unable to take any decision about the merchant's goods."" Come on, it is to me you write! Urgent, guard the goods of the merchant;"
um-ma tám-kà-ru-um-ma a-na en-nam-a-šur SIG5-pí-a-šur ù a-lá-hi-im qí-bi-ma,"From the merchant to Ennam-Aššur, Damiq-pī-Aššur and Ali-ahum:"
a-hu-a a-tù-nu KÙ.BABBAR 1 GÍN lu i-na ba-áb-tim tal-qé-a lu i-na lu-qú-tí-a iz-ku-a-ma SIG5-pí-a-šur a-na pá-ni-a ṭù-ur-da-nim,"My dear brothers, as for every shekel of silver you have received from my outstanding claims or that has been cleared from my goods - send Damiq-pī-Aššur to me (with it) <gap>"
a-dí <gap> i-na ša-am-ší ṭup-pí ta-ša-me-a-ni ṭù-ur-da-šu,Orphan! Send him the very day you hear my letter!
i-na pá-ni-tim <gap>-ga-<gap> tám-kà-ri-im KÙ.BABBAR 1 GÍN tù-šé-ṣí-a ù i-na lu-qú-tim KÙ.BABBAR iz-ku-a-am,"Earlier <gap> of the merchant <gap> you realised every shekel of silver, and silver was cleared for me from my goods."
KÙ.BABBAR tù-ša-aṣ-bi-ta-ma a ma-lá na-áš-pé-er-tim ša tám-kà-ri-im lá tù-ša-as-ha-ra-ni,"You have had the silver seized, and in accordance with the message from the merchant you must not delay me."
ha-ra-na-am dí-na-ni-ma li-ba-am a-na tám-kà-ri-im dí-na-ma a-m-ru u4-me-šu lá i-ma-i-du,"Arrange a caravan trip for me and encourage the merchant, so his ill-wishers will not multiply."
um-ma SIG5-pì-a-šur-ma a-ma me-eh-ra-at na-áš-pè-er-tim ša na-áš-a-ku-ni ú-za-ku-nu ap-té,"Damiq-pī-Aššur said: ""Now, I have informed you about the copy of the missive that I am bringing."""
a-hu-a a-tù-nu i-hi-da 1⅓ ma-na AN.NA i-na <gap> qá-tí-a a-na e-ni-iš-ta-ri-im a-dí-in,"My dear brothers, take care - 1 ⅓ mina of tin from <gap> at my disposal I gave to Enišārum."
18 ma-na KÙ.BABBAR ṣa-ru-pá-am en-um-a-šùr DUMU sú-kà-lí-a i-na ší-im SÍG.HI.A ša ú-ší-na-lam il5-qé,Ennam-Aššur son of Sukkalliya has received 18 minas of refined silver from the proceeds of Ušinalam's wool.
IGI a-šùr-i-mì-tí DUMU du-dí-ki IGI <gap> DUMU en-na-nim IGI ku-<gap> DUMU IŠTAR-<gap>,"Witnessed by Aššur-imittī son of Dudiki, by Tūraya son of Uzuwa, by Enna-Suen son of Iddin-abum."
a-ta-ta a-na en-na-sú-in DUMU šu-a-nim iṣ-ba-at-ni-a-tí-ma um-ma a-ta-ta-ma,"Atata seized us against Ennam-Suen, son of Šu-Anum and Atata said:"
a-ma 3 li-me URUDU ru-ba-um wa-ah-šu-ša-na-i-um a-na ga-ma-ar-tim,"Look here, 3000 (minas of) copper the ruler of Wahšušana has promised to pay to you as a final settlement."
e-pu-ul-kà KÙ.BABBAR ší-im-šu a-na a-lim{ki} tù-ša-ak-ša-dam me-na-lam,You would see to it that the silver paid for it would reach me in the City.
a-ta ta-kà-al ší-im-tám a-na-ku a-lá-qé,You would enjoy the profit on it and I would obtain the capital sum.
um-ma en-na-sú-in-ma KÙ.BABBAR ší-im URUDU a-na a-lim{ki} ù-ša-ak-ša-da-ku-ma ší-ma-am a-ša-a-ma né-ma-lam a-na-ku a-kà-al,Ennam-Suen answered: I would see to it that the silver paid for the copper reaches you in the City and I would make purchases (with it) and the profit (on it) I would enjoy.
IGI na-áb-sú-in DUMU pì-lá-ah-IŠTAR IGI ma-lik-e-nam DUB.SAR,"In the presence of Nab-Suen, son of Pilah-Ištar, of Malik-ennam, the scribe."
a-na i-ku-<gap> ú zu-zu-wa qí-bi-ma um-ma a-lá-bu-ma,"To Iku <gap> and Zuzuwa, thus Ali-abum:"
mì-nam áš-ta-na-me-ú a-mur-IŠTAR É-tí ú-da-lu-hu,"What is this that I hear by rumor, that Amur-Ištar is troubling my household?"
a ṣé-er KÙ.BABBAR 10 ma-na im-hi-ṣí-ni,He has harmed me for an amount of 10 minas of silver!
a-ma-kam a-mur-IŠTAR i-na É-be-tim ṭù-ur-da,Over there chase Amur-Ištar out of the house.
<gap>-bi-i <gap> iš-tí i-na-a-a ṭá-hi-a-šu-ma a-na kà-ri-im li-im-šu-ur-šu,"<gap> confront him with Innāya, so that the latter can coax him along to the kārum."
a-hu-ú-a-tù-nu a ṣé-er ṣú-ha-ar-tim ú É-be-tim e-ku-nu li-li-ik am-tum i-ha-li-iq,"Please, my brothers, keep an eye on the girl and on the house. The maid might perish!"
KIŠIB kà-ri-im ha-hi-im kà-ru-um dí-nam i-dí-in-ma,The Hahhum colony has passed a verdict: The colony passed a verdict:
šu-ma šu-be-lúm ù en-na-sú-in me-er-ú i-dí-a-bi4-im lá i-li-ku-ú-ma iš-tí šál-ma-a-šùr lá i-na-me-ru-ú-ma a-li i-ma-gu5-ru-ni lá e-ta-wu-ú lu-qú-tám a-na šál-ma-a-šùr ú-šu-ru-ú a-ba pá-šé-er a-wa-tim,"If Šu-Bēlum and Enna-Suen, Iddin-abum's sons, do not leave and meet with Šalim-Aššur and do not discuss in order to come to an agreement, then they must release the goods to Šalim-Aššur. Aba was the arbitrator."
a-na ku-li-a DUMU a-lá-bi4-im DUB i-dí-na-bi4-im DUMU šu-IŠTAR GUDU4 ša IŠTAR,"To Kuliya, son of Ali-abum, tablet of Iddin-abum, son of Šu-Ištar, priest of Ištar."
a-na ku-li-a qí-bi-ma um-ma i-dí-na-bu-um-ma,Say to Kuliya. (seal of Iddin-abum) Thus says Iddin-abum: (seal of Iddin-abum)
10 GÍN KÙ.BABBAR ša ÌR ṣú-ha-ri-ni ú e-nu-mì-ili5 a-na PÚZUR-a-šur DUMU a-hu-wa-qar i-hi-ib-lu-ni šu-ma na-áš-pè-er-tí ša a-ta-a ša ta-sí-ú-ma KÙ.BABBAR ta-al-qé-ú a-ta-áb-lá-ku-um na-áš-pè-er-tám ša ku-nu-ki-a tù-ša-ra-am,"10 shekels of silver for which Urdum, our servant, and Ennum-ilī had become indebted to Puzur-Aššur, son of Ahu-waqar - if I deliver to you a letter of Ataya, stating that you have settled accounts and have collected that silver, will you then release to me the letter with my seal?"
um-ma ku-li-a-ma šu-ma na-áš-pè-er-tám lá ta-ta-áb-lam 10 GÍN KÙ.BABBAR ta-ša-qá-lam,Kuliya answered: If you do not deliver to me that letter you shall pay me 10 shekels of silver.
ra-da-<gap> a be-e-tim na-ší šál-ma-ni ú ṣú-ùh-ru-um ša-lim,<gap> is bringing to the house. We are well and the youngsters are well.
ší-it-ru-kà ša té-zi-bu ù ší-it-ri ša {d}UTU-ba-ni e-zi-bu šu-a-nim a be-e-tim na-ší <gap> qá-qá-da-tum ma-da-tum <gap> e-ma-ru ma-du-tum <gap> a-tí-dí-šum <gap>,"With your scarfs, which you left behind, and those which Šamaš-bāni left behind, Šu-Anum is on his way to the house."
KIŠIB ú-ra-a DUMU ma-na-na KIŠIB ì-lí-dan DUMU i-dí-a-šur KIŠIB ma-nu-um-ba-lúm-a-šur DUMU ib-ki-im,"Sealed by Uraya son of Manana, by Ili-dan son of Iddin-Aššur, by Mannum-balum-Aššur son of Ikbum."
a-na a-wa-tim a-ni-a-tim kà-ru-um kà-né-eš i-dí-ni-a-tí-ma IGI GÍR ša a-šur ší-bu-tí-ni ni-dí-in,The Kanesh colony gave us for these proceedings and we gave our testimony before Aššur's dagger.
ma-ma-hi-ir i-šu ITU.KAM ku-zal-li li-mu-um bu-zu-ta-a a-na ša-na-at i-ša-qal šu-ma lá iš-qú-ul a-na 10 ma-na-e 1 ma-na.TA i-na ITU.KAM ṣí-ib-tám ú-ṣa-áb,"Iddin-abim s. Aššur-bani owes Man-mahir 20 minas refined copper. He will pay one year from the month of Kuzallī, eponymate Buzutaya. If he does not pay (on time), he will add 10 minas per mina per month."
ma-la lu-qú-tum a-na a-šùr-be-el-a-wa-tim i-pí-iq-du-ma ša-lim-a-šùr ú-šé-ṣí-ú šu-ma a-na šu-ku-bi-im ma-ma-an i-tù-a-ar ša-lim-a-šùr ú-ba-áb-šu,"With regard to what goods had been entrusted to Aššur-bēl-awātim and which Šalim-Aššur had taken out, if anyone raises claim against Šu-Kūbum, Šalim-Aššur will clear him."
a-na É šál-ma-a-šùr a-na a-wa-tim né-ru-ub-ma,"We entered Šalim-Aššur's house to settle the case,"
um-ma šál-ma-a-šùr-ma i-a-tí a-na bu-ru-uš-ha-dim i-na ma-ak-sú-e-im a-na hu-bu-ul ÌR a-bu-ša-lim ša-qá-lim i-ra-de8-ú-ni a-ta 30 TÚG ku-ta-ni ù ANŠE ṣa-lá-ma-am ša ÌR ta-lá-qé-e,"and Šalim-Aššur said: ""While they are going to lead me personally to Burušhaddum in fetters to pay the debt of the slave Abu-šalim, will you on the other hand take 30 kutānu-textiles and a black donkey from the slave?"""
um-ma šu-be-lúm-ma ke-na ša ÌR-dí-a a-bu-ša-lim al-qé ša-lim-a-šur ša ni-iš a-lim{ki} úz-na-tí-ni il5-pu-ut,"Šu-Bēlum answered: ""Yes, I have taken what belongs to my slave Abu-šalim."" Šalim-Aššur impressed on us what had been sworn by the City, and Šalim-Aššur said:"
um-ma ša-lim-a-šur-ma a-šar ÌR a-na ÌR-dí-kà lá i-tù-ru-ú ma-a a-na ÌR-dí-a i-tù-wa-ar,"and Šalim-Aššur said: ""In case the slave does not raise claim against your slave, then, will he raise claims against my slave?"""
um-ma šu-be-lúm-ma šu-ma a-na ku-a-im i-tù-a-ar a-na TÚG.HI.A ù ANŠE.HI.A a-za-za-kum a-na a-wa-tim a-ni-a-tim kà-ru-um kà-ni-iš i-dí-ni-a-tí-ma,"Šu-Bēlum answered: ""If he raises claim against yours, then I guarantee for the textiles and the donkey for you."" The Kanesh colony gave us for these proceedings, and we gave our testimony before Aššur's dagger."
IGI GÍR ša a-šùr ší-bu-tí-ni ni-dí-in IGI ú-ra-a IGI ì-lí-dan IGI ma-ni-um-ba-lúm-a-šùr,"Witnessed by Uraya, by Ilī-dan, by Man-num-balum-Aššur."
a-na ší-ip-ri ša a-lim{ki} ù kà-ri-im kà-ni-iš ṣa-he-er-GAL qí-bi-ma um-ma ša-lim-a-šùr-ma,To the envoys of the City and the plenary assembly of Kanesh colony;
bé-lu-a a-tù-nu ṭup-pá-am ša kà-ri-im bu-ru-uš-ha-dim ṣa-he-er GAL ù ṭup-pá-am ša ú-ší-na-lam DUB.SAR ša kà-ri-im bu-ru-uš-ha-dim DUMU i-ba-a ù ṣú-ha-ru-um ša ú-ší-na-lam a-na kà-ri-im kà-ni-iš ṣa-he-er GAL a-šu-mì a-bu-ša-lim ÌR ub-lu-nim-ma,"From Šalim-Aššur: My dear lords, the scribe of the Burušhaddum colony, Ibaya's son, and a servant of Ušinalam brought a tablet from the plenary assembly of the Burušhaddum colony and a tablet from Ušinalam to the plenary assembly of the Kanesh colony concerning the slave Abu-šalimm,"
um-ma šu-nu-ma 16 li-me 40 ma-na URUDU ší-im SÍG.HI.A a-bu-ša-lim ÌR a-na ú-ší-na-lam ha-bu-ul 30 li-me URUDU ša nam-e-dim ša e-kál-lim ha-bu-lu ú-ší-na-lam ú-ṣa-li-im um-ma šu-nu-ma a-bu-ša-lim li-li-kam šu-ma a-bu-ša-lim lá-šu be-el-šu li-li-kam a-na-kam a-na na-áp-ša-tí-ni ù KÙ.BABBAR-áp <gap> a-bu-ša-lim ni-ša-hu-ut,"and they said: ""The slave Abu-šalim owes 16,040 minas of copper, the price of wool, to Ušinalam. As to the 30,000 minas of copper from the others that they owe to the palace, he has angered Ušinalam."""
ší-ip-ru ša a-lim ku-lu-šu-nu-ma ù kà-ru-um kà-ni-iš ṣa-he-er GAL ṭup-pí iš-ta-me-ú-ma,All of the envoys from the City and the plenary assembly of the Kanesh colony heard this
um-ma a-tù-nu-ma a-li-ik-ma ú-ší-na-lam tù-ṭá-áb a qá-tí ili5-ba-ni hu-ra-ṣa-num DUB.SAR ša kà-ri-im bu-ru-uš-ha-dim ú ṣú-ha-ri-im ša,"and you said ""You must go and satisfy Ušinalam."" You handed me over to Ilī-bāni, Huraṣānum, the scribe of the Burušhaddum colony and Ušinalam's servant together with my merchandise that had arrived from the City,"
KIŠIB šu-ku-bi-im DUMU a-šùr-i-dí KIŠIB i-dí-IŠTAR DUMU a-šùr-i-dí sú-in-na-da DUMU en-um-a-šùr tap-pá-i-ni,"Sealed by Šu-Kūbum son of Aššur-idī, by Iddin-Ištar son of Aššur-idī; Suen-nādā son of Ennam-Aššur was our (absent) partner."
a-na a-wa-tim a-ni-a-tim kà-ru-um kà-ni-iš ṣa-he-er GAL i-dí-ni-a-tí-ma ší-bu-tí-ni IGI GÍR ša a-šùr ni-dí-in,"The plenary assembly of the Kanesh colony gave us for these proceedings, and we gave our testimony before Aššur's dagger."
ša hu-bu-ul i-dí-a-bi-im 13 ma-na KÙ.BABBAR ṣa-ru-pá-am iš-tù ha-mu-uš-tim ša kàr-ri-a,The debt of Iddin-abim is 13 minas refined silver.
a-na 36 ha-am-ša-tim i-ša-qal šu-ma lá iš-qú-ul 1½ GÍN.TA,From the hamuštum of Qarwiya he has 36 weeks to pay.
i-na ITU.KAM a-na ma-na-im ú-ṣa-áb ša a-mur-IŠTAR ù a-šùr-i-mì-tí,If he does not pay 1 ½ shekels will be added per month per mina by Amur-Ištar and Aššur-imittī.
mì-li-ik lu-qú-tim ša tám-kà-ri-im mì-il5-kà,<gap> take a decision concerning (the textiles) belonging to the merchant.
i-nu-mì i-dí-a-bu-um a-na mu-a-tim ta-ad-nu-ma É a-šùr-bé-el-a-wa-tim wa-áš-bu ša ki-ma ili5-ba-ni ÌR ù tám-kà-ru-šu e-ru-bu-ma,"When Iddin-abum was dying and was staying in Aššur-bēl-awātim's house, the representatives os Ilī-bāni, Wardum and his customers, came in(to the house) and"
um-ma ša ki-ma ili5-ba-ni-ma ni-kà-sí iš-tí-ni ší-sí-ma,"Ilī-bāni's representatives said: ""Settle accounts with us!""-"
um-ma i-dí-a-bu-um-ma ṭup-pí-ku-nu kà-i-lá ù ṭup-pu-a lá-pu-tù-ma i-ba-ší-ú ša-lim-a-šur a-hi li-li-kam-ma iš-tí-šu ší-sí-a ù am-ma ša ki-ma i-a-tí šu-{d}EN.LÍL ù a-mur-IŠTAR i-ša-ha-at a-hi-a li-zi-zu a-dí a-hi-i i-lá-kà-ni ma-ma-an ṭup-pí-a lá i-pá-té,"but Iddin-abum answered: ""Hold your tablets ready, for my tablets are written and available. Let my brother Šalim-Aššur come, and then settle with him. Then my own representatives, Šu-Illil and Amur-Ištar may assist my brother. Until my brother arrives no one may open my tablets."""
a-na a-wa-tim a-ni-a-tim kà-ru-um kà-ni-iš i-dí-ni-a-tí-ma IGI GÍR ša a-šùr ba-áb DINGIR-lim ší-bu-tí-ni ni-dí-in,"The Kanesh colony gave us for these proceedings, and we gave our testimony before Aššur's dagger in the Gate of the God."
IGI a-ku-za IGI lá-qé-ep IGI ṣí-lu-lu,"Witnessed by Akuza, by Lā-qēp, by Silūlu."
KIŠIB a-ku-za DUMU šu-a-nim KIŠIB ú-ra-a DUMU ma-na-na KIŠIB {d}MAR.TU-ba-ni DUMU ma-na-na KIŠIB la-qé-pì-im DUMU {d}AB-ba-ni KIŠIB i-tur4-DINGIR DUMU a-mur-IŠTAR,"Sealed by Akuza son of Šu-Anum, by Uraya son of Manana, by Amurrum-bāni son of Manana, by Lā-qēpum son of Illil-bāni, by Itūr son of Amur-Ištar."
2 e-ma-re-e a-na ½ ma-na 3 GÍN KÙ.BABBAR 2 e-ma-re a-na ⅓ ma-na 5½ GÍN KÙ.BABBAR 1½ GÍN KÙ.BABBAR i-na ší-im TÚG-ba-tim ša a-na a-ší-tí-šu tí-sà-ba-am iš-ú-mu-ú ŠU.NÍGIN 1 ma-na KÙ.BABBAR i-na li-bi a-lu-ta-ni hu-ša-na-lim IGI hu-na-da-du-a e-me-šu ú ší-ší-im ša a-lu-ta-ni IGI ba-za-za-a ⅔ ma-na 5 GÍN,"2 donkeys, for 33 shekels of silver, 2 donkeys for 25 ½ shekels of silver, 1 ½ shekel of silver from the price of a textle, when he bought a tisābu-garment for his wife - in all 1 mina of silver due from alutani Huanālum, witnessed by Hunadadua, his son-in-law and the <gap> of Alutani, and by Bazazaya."
KÙ.BABBAR ší-im 2-ší-na e-ma-re áš-du-na-ni hu-ša-na-lim ha-bu-ul IGI hu-na-da-du-a IGI hu-ur-du-na-ni IGI ba-za-za-a,"45 shekels of silver, the price of 2 donkeys Ašdunani Hušanālum owes, witnessed by Hunadadu, by Hurdunani, by Bazazaya."
½ ma-na KÙ.BABBAR ší-im 2 e-ma-re-e i li-bi na-na-li-i ù ú-ba-ar-za-a a-hi-šu-ú IGI ú-šu-bu-ha-ma-za-a IGI du-me-ni IGI hu-na-da-du-a IGI ba-za-za-a-a ⅓ ma-na 4 GÍN,"½ mina of silver, the price of 2 donkeys owed by Nanalī and Ubarzaya, his brother, witnessed by Ušubuhamazā, by Dumeni, by Hunadadua, by Bazazaya."
KÙ.BABBAR ší-im 2 e-ma-re-e i li-bi4 ku-li-a pá-ší-ri-im IGI ba-za-za-a IGI hu-na-da-du-a IGI ú-a-na-me-a tap-pá-i-šu-ú IGI ha-šu-ta-a-li-i,"24 shekels of silver the price of 2 donkeys, owed by Kuliya, the retailer, witnessed by Bazazaya, by Hunadaduam, by Uanamea, his partner, and by Hašutayalī."
½ ma-na KÙ.BABBAR ší-im 2 e-ma-re i li-bi ba-za-za-a IGI ur-dim IGI a-li-a,"½ mina of silver, the price of 2 donkeys, owed by Bazazaya, witnessed by Urdum, by Aliya."
ŠU.NÍGIN 3 ma-na 9 GÍN KÙ.BABBAR-áp-kà i da-áš-e i-ša-qú-lu,"All together: 3 minas and 9 shekels, your silver, they will pay in spring."
ṭup-pu-ú ha-ru-mu-tum ša ší-bi-a ša me-er-e i-dí-a-bi4-im,Certified tablets with my witnesses concerning the sons of Iddin-abum.
a-lim <gap> be-lá-nim <gap> KIŠIB a-ta-ta <gap>,broken <gap> -ālim <gap> Bēlānum <gap> seal of Atata <gap>
GÍN KÙ.BABBAR SAHAR.BA i-ṣé-er DUMU a-šur-{d}UTU-ši DAM.GÀR i-šu,"<gap> shekels 'dust silver' <gap>, son of Aššur-šamšī, [owes to the creditor."
iš-tù ITU.KAM hu-bur a-na ITU-<gap>-KAM i-ša-qal,From month VI he will pay in <gap> months.
šu-ma lá iš-qúl ki-ma a-wa-at kà-ri-im ṣí-ib-tám ú-ṣa-áb,If he does notepay he will add interest in accordance with the rule of the kārum.
wa-bi-il5 ṭup-pí-im šu-ut DAM.GÀR li-mu-um a-šùr-mì-ti DUMU i-dí-IŠTAR KIŠIB en-um-a-šùr DUMU a-ba-<gap>,"The bearer of the tablet is the creditor. Eponymy of Aššur-imittī, son of Iddin-Ištar."
KIŠIB <gap> DUMU a-mur-IŠTAR KIŠIB a-bi-a-a DUMU ú-zu-a,"Seal of Ennum-Aššur, son of Aba <gap>, seal of <gap>, son of Amur-Ištar, seal of Abiaya son of Uzua."
⅓ ma-na 5 GÍN KÙ.BABBAR SAHAR.BA be-ú-lá-at ku-li-ia DUMU a-lá-bi4-im a-bi-a-a DUMU ú-zu-a ú-kà-al iš-tí KÙ.BABBAR uk-ta-al,"⅓ mina 5 shekels of 'dust silver' the capital of Kuliya, son of Ali-abum, Abiaya, son of uzua, has in possession, he is held by the silver."
šu-ma a-e-ma ú-da-pì-ir-ma ag-ra-am ú-ga-ar-ma ig-re ag-ri-im ú-ma-lá <gap>,"If he goes away somewhere else, I will hire a hireling and he will compensate the wages of the hireling."
um-ma a-mur-IŠTAR-ma a-na ku-li-a a-šur-e-nam šál-ma-a-šùr ù {d}MAR.TU-ba-ni qí-bi-ma,"Thus says Amur-Ištar to Kuliya, Aššur-ennam, Šalim-Aššur, and Amurrum-bāni:"
a-na-kam 1-<gap> TÚG.HI.A dam qú-tim wa-at-ru-tim a-na šál-ma-a-šùr DUMU a-šùr-ba-ni áp-qí-id,"""Here I entrusted 2? textiles of extremely good quality to Šalim-Aššur; son of Aššur-bāni, the textiles are encumbered."
TÚG.HI.A ma-áš-kà-tum a-na TÚG.HI.A šu-nu-ti {d}MAR.TU-ba-ni iš-tí šál-ma-a-šùr <gap>-ri-id-ma iš-ra-tim ša É kà-ri-im ú <gap> tám ša É.GAL-lim <gap> ú-lá-ma-da-ni,For those textiles Amurrum-bāni <gap> together with Šalim-Aššur and the tithe of the kārum office and the <gap> tax due to the palace <gap> he will charge me.
a-šùr-e-nam <gap> ½ ma-na KÙ.BABBAR <gap> i li-bi4 a-sà-nim DUMU ì-lí-iš-tí-kál ší-im AN.NA <gap> KÙ.BABBAR ù TÚG.HI.A i li-bi4 <gap>,<gap> mina(s) and 3 shekels of silver are due by <gap> seize him and make him pay.
DUMU a-mu-ra ⅓ ma-na <gap> iš DUMU šu-hu-bu-ur <gap> KÙ.GI ki-ša-am i li-bi <gap> e-nam-a-šùr ša <gap> a-wa-tim <gap> a-tù-nu lá <gap> ni lu-lá-pí-ta-ku-nu-tí <gap>-ma tí-de8-a a-šar <gap>,"<gap> ½ mina of silver due by <gap> -ennam, which Aššur-ennam <gap> ½ mina of silver <gap> due by Asānum son of Iliš-tikal, the price of tin. <gap> silver and 2 textiles due by <gap>, son of Amura. ⅓ mina due by <gap> iš, son of Šu-Hubur."
17 GÍN KÙ.BABBAR ší-im e-ma-ri-im 30 ma-na URUDU IŠTAR-pí-lá-ah a-na ar-be-e-šu <gap> ù-kà-pu-ú ša-pì-ú-tim 9 ma-na URUDU SIG5 i ší-im sú-ub-ri-im 1 ma-na URUDU ší-kam iš-tí DUMU IŠTAR-ba-ni 2 kà-ar-pát kà-mu-nu mì-ma a-nim i-na du-ur-hu-mì-it i-ba-ší,"17 shekels of silver, the price of a donkey, 30 minas of copper of Ištar-pilah, 4 sets of thick saddleclothes, 9 minas of refned copper from the price of a slave, 1 mina of šikku-copper with the son of Ištar-bāni, 2 jars of cumin - all this is available in Durhumit."
10 pí-ri-kà-nu 1 GÚ SÍG.HI.A 2 ú-kà-pé-e 80 lu-ur-ma-tum 10 ma-na Ì.GIŠ sà-ar-dam sà-áp-tí-nam ni-ib-ra-ra-am 2 ší-it-re-e ša za-al-pá 2 e-ma-re ú ù-nu-sú-nu mì-ma a-nim a-na a-šùr-i-mì-tí a-dí-in,"10 pirikannu-textiles, 1 talent of wool, 2 saddle-rugs, 80 pomegranates, 10 minas of olive oil, a saptinnu - and a nibrāru-textile, 2 scarfs from Zalpa, 2 donkeys with their harness - all this I gave to Aššur-imittī."
