tablet_id,transliteration,translation,source_pdf
1. kt 94/k 1263,"14 112 GIN KB rKP 1-li-dan DUMU Šu-ki-tim 2 ma-na 10 GIN I KU KI Šu-ŠŠtar ša-ša-e-im Ba-lu-ni / ma ar DUMU E-dì-Ši-in r na?₁ hi ni it tz'l [X] r X ií-tit 1 10 Ša-na-/at 10 GIN rTA x₁ i-ša-ak-šu-nu-/tì i-[qa-q]a-ad ke-ni-šu-nu ra-ki-iš 15 GIN KU.KI 2 112 ma-na I URUDU KIA-bu-um-DINGIR DUMU A-be-la 5 112 GIN KU KI diM-pì-ld-ah DUMU A-hu-qar IGI [Pi-]ta-ah-ŠAíŠA 5 ma-na rx GIN₁ KB KI Ha-zu-a-la 1 ma-na KU ša i-a-d it Puzur4-/Štar DUMU d AB-ba-n[i] KI Be-lu-dan it La-qe-ep 213 ma-na KU Na-dì-bu-/um 213 ma-na 1-dì-A-šitr a-na 3 ma-na 1-šu-hi 112 m[a-n]a I 5 GIN e. A-ka-bi 1 112 ma-na Na-ab-Šu-in 1-nu-um-ŠŠtar 1113 ma-na I 2 GIN A-hu-qar DUMU A-ba-a-a 1 ma-na 13 GIN E-ri-DINGIR it Šu-ŠŠtar a-hu-šu 1 ma-na 15 GIN KI Ma-nu-ki-DINGIR-a i-ku-bu-ur u-tì-TI-tim i-ša-qal šu-ma ta e5-qul1 ma-na-um 113 ma-na i-ša-ak iš-tit li-mì-im ša 1-dì-Šu-in DUMU Šu-li 10 GIN za-ar-ta-nim 1 ma-na URUDU? ša bi(li-tim 113 ma-na LA 2 GIN KI DINGIR-šu-dan 6 112 GIN KU KI DINGIR-i-dì IGI Ha-na-nim 1 TUG 113 ma-na 4 GIN H-im-šu i-na ILLA T -ku-tim DUMU {d}AB-ba-ni ad-ma-ku u 1/2 ma-na KU 1 GU URUDU ŠŠtar-IGI.IDU 1 TUG 1/3 ma-na 4 GIN 1 TUG 15 GIN rKU₁? i-ILLAT A-ku-tim En-nam-A-ršur₁ a-dì-im i-hu-bu-ul e. r Ha ₁-zu-a-la a-na hu-ma-gi-r x (x)l ša KB a-na 1 ma-na rKB,","shekels of silver is owed by Ili-dan son of Sukkutum. 2 minas 10 shekels of silver is owed by Su-IStar, the wailer .... son of Edisin ... ... for 10 years (interest) will accrue to them at the rate 10 shekels per ... They are jointly liable. 15 shekels of gold and 2 minas of copper is owed by Abum-ili son of Abela. 5 shekels of silver is owed by Adad- pilah son of Ahu-waqar. Witnessed by Pilah-... 5 minas x shekels of silver is owed by Hazuwalla. 1 mina of silver belonging to me and Puzur-IStar son of Illil-bani is owed by Belu-dan and La- qep. 213 mina of silver: N adibum. 213 mina: Iddin-Assur. For 3 minas: Isuhu. mina 5 shekels: Akabi. 1 mina: Nab-Suen (and) Ennam-IStar. 1113 mina 2 shekels: Ahu-waqar son of Abaya. 1 mina 13 shekels: Eri-ili and his bro- ther Su-IStar. 1 mina 15 shekels is owed by Mannu-ki-iliya; he is to pay when the grain is ripe. If he has not paid (in time) 113 mina per mina will accrue (as interest). From the eponymy of Iddin- Suen son of Suli. 10 shekels of oliveš, 1 mina of copper from ... , 113 mina less 2 shekels is owed by IlSu-dan. 6 shekels of silver is owed by Ilum- idi. Witnessed by Hannanum. 1 textile (worth) 1/3 mina 4 shekels I invested in the caravan of Akutum son of Illil-bani. mina of silver and 1 talent of copper: IStar-palil son of Ar5i-ah. 1 textile (worth) 113 mina 4 shekels, 1 textile (worth) 15 shekels of silver En- nam-Assur invested in Akutum's cara- van. Of the debt of Hazuwalla for Huma ... Aguwa guarantees with the silver for 1 mina of silver.",AKT 6a.pdf
2. kt 94/k 1733,a-na 1-šu-ri-ik qì-bi-ma um-ma Šal-rna-A-šur-ma 15 ma-na KB ni-iš-ha-/šu DIRI ša-du-a-šu ša-bu-u i-na li-bi lu-qu-ti-ka ša še-ep Pu-šu-ki-in Ili5-ba-ni ub-la-kum AN.NA-ka ša 1-ri-šu-um e. u A-bu-ša-lim r ir ₁-de₈-u-r ni-ni₁ r. [e-ri-q]a-tum [ ... ] r a-₁na ma-la[(...)] ti-ir-tí-ka a-n[ a] Bu-ur-uŠ-ha-[ dim] u-še-ru-bu-ma 10 GIN KB šìbuJ ul₁[-tz1 [En-na]m-A-šu[r ... ],"To Issu-arik from Salim-Assur: Ili-bani brought you 15 minas of refined silver, its import duty added, its trans- port tariff paid for, (the proceeds) from your goods transported by Pusu-ken. Your tin that Irisum and Abu-salim conducted here, .... wagons in accordance with your orders they will bring it into Burushaddum, and 10 shek- els of silver, the consignment of Ennam- Assur ...",AKT 6a.pdf
3. kt 94/k 1746,[a-n ]a 1-[šu-ŠUDx qí-bi-ma] um-ma ŠaJ lim-A ₁-šur-ma 11/3 ma-na KB H-im NA4.GUG-tí-k[a] u A-mur-a-a wa-bar-ni a-h[a-at-ni] ug-ba-ab-tam u-ša-a[š-qí-i/5-ma] ku-nu-ki-a Du-du na-dŠ-a-[ kum] 2 1/2 ma-na 112 GIN KI /-[. .. ] [x] 1/2 ma-na KI' KuJza-zi₁[-im] rl/2₁ ma-na KI A-šur-he-r el-a ₁[-wa-tim] m1-ma a-nim KB ša H-im NA4.GUG-tí-k[a ša] a-we-li a-ni-u-tim Du-du i-na Ha-hi-im u-ba-la-kum 2 ma-na LA 3 [GIN] KB-[ap-k]a 5 GIN i-a-am u u r2₁ [x] 2 GIN e. 2 m[a-na] 3 GIN qa-dum ša-d[u-a-]tí-Šu rIm ₁-dí-DINGIR ub-íd-kum r ša 1 7 ma-na X ma-na KB ]u-um H-im NA₄.GUG-tí-ka: šu-ma m i- [(. .. )] r tam-₁[ ka ]-ri-ka il5-qe [5í-ma-am] r a-ma ₁-la tup-p1-im r ša 1 [ Du-du lu-baJ li-₁[ta-kum] 3 1/2 GIN KU.GI ša ab-[nim] ku-nu-ki-a še-bu-ul-[ tam] Du-du na-aš-a-kum 2 1/2 GIN KU.GI A-ni-[ ša ki-[ r ₁-bi4 a-r ta 1 i-hi-id-ma [lu ]-qu-ti db-ka-ma [ ... ]-im break [x x x]-ri-na ti-ir-[ta]-ka za-ku-tum I.e. [i-na pa-]nim-ma [li-]li-kam,"To lssu-arik from Salim-Assur: I made our guest Amuraya and our sis- ter, the priestess, pay 1 1/3 mina of re- fined silver, the proceeds from your carnelian, and Dudu is bringing it to you under my seal. 2 1h minas 1h shekel owed by 1..., x 1h mina owed by Kuzazum, 1h mina owed by Assur-bel-awatim, all this, refined silver, from the proceeds of your car- nelian, from these men, Dudu will bring to you in Hahhum. 2 minas less 3 shekels is your silver, 5 shekels belong to me. Also, 2 ... and 2 shekels ... Imdi-ilum brought you 2 minas 3 shek- els including its transport tariff. About the 7 minas of refined silver, the proceeds of your carnelian - if he has taken interest from your merchant, then in accordance with the tablet of ... let Dudu credit you for the price. 3 1h shekels of gold ore sealed by me as a shipment is being brought to you by Dudu. 2 1h shekels of gold Ani ... the servant ... My dear father, take care and ship my goods to me, and ... May a final report from you come as soon as possible.",AKT 6a.pdf
4. kt 94/k 1113,[{a}-Y dz₁ Za-al-pa ik ₁-šu-dam r 2/3 ma-na 5 rcfN AN.NA ta-Ši-a-tum ša ša-du-im 4 ma-n[a AN.]NA ni-iš-ha-tum ša E.GAL [i-]na ša 1-šu-ŠUDx ša 1-ri-/šum [ ub-ld-n ]i a-ma-id tup-pì-šu u-[ša-]ni-iq-šu-ma bi4-il5-tum 2 1/2 ma-na im-ti e. i-na AN.NA ša še-ep 1-ri-H-im 2 1/3 ma-na I AN.NA i-na i-še-ra-tim ša EA-lim{ki} i-ti-ra-ma Ša-lim-A -šur i/₅-qUu IGI 1-šu-ri-ik IGI 1-ri-Ši-im,"2/3 mina 5 shekels of tin were the cost of carriage in the mountains; 4 minas of tin: the import duty of the palace - from Issu-arik' s goods that Irisum brought. I checked it in accordance with his let- ter, and 2 \t2 minas were missing on each talent. Of the tin transported by Irisum 2 1/3 minas of tin from the išertum of the City Hall was m excess, and Salim- Assur took it. Witnessed by Issu-arik, witnessed by Irisum.",AKT 6a.pdf
5. kt 94/k 681,"1 ma-na 10 GIN KB . , 1-dí-ŠŠtar 1-šu-ŠUDx t-šu . v šu-ma v 15 GINKB e. i-na a-ta-r ki-a 1 r. ía eš-ta-aq-r lu 1 a-na KB u rša 1 ki-li r u -?1 -u4-me-a a-tu-wa-ar-/Šum e. 1-ri-šum IGI A-bu-um-DINGIR I.e. IGI Ša-lim-A-šur","Iddin-IStar owes 1 mma 10 shekels of silver to Issu-arik. If he has not paid 15 shekels of silver when I arrive, then I shall raise claim against him for the silver and the ac- crued interest for the entire period. (Concerning) Irisum. Witnessed by Abum-ili, witnessed by Salim-Assur.",AKT 6a.pdf
6. kt 94/k 1234,"16 ma-na KU ?a-ru-pa-am A-šur-/eš-ti-kal u 1-dí-a-bi.,.im 1-šu-ŠUDx • v e. t-SU IGIA-ku-za r. IGI 1b-ni-Šu-in","Assuris-tikal and Iddin-abum owe 16 mi- nas of refined silver to Issu-arik. Witnessed by Akuza, witnessed by Ibni-Suen.",AKT 6a.pdf
7. kt 94/k 1253,17 ma-na LA 7 1/2 GIN i-?e-er Na-ab-Šu-en 1-šu-ŠUDx i-šu iš-tu ha-mu-uš-/tim ša Šu-ka-li-a a-na 13 ha-am-ša-/tim KB i-ša-qal KBuKU.GI i-na bi-ti-a i-ba-5í e. IGI En-nam-a-a r. IGI En-nam-A-šur DUMU Da-da IGI -šur-na-da DUMU,"Nab-Suen owes 17 minas less 7 shekels (of silver) to Issu-arik. Reckoned from the week of Sukkalliya he must pay the silver in 13 weeks. The silver and gold is in my house. Witnessed by Ennamaya, by Ennam- Assur son of Dada, by Assur-nada son of",AKT 6a.pdf
8. kt 94/k 1211,2 ne-pi-Še-en 20 ma-na KB ni-iš-ha-šu ša-du-a-šu ša-bu-u 12 GIN KB r ku ₁-nu-ki-a be-u-U-at Na-ab-Šu-in e. 10 GINKB r. še-bu-ul-ti 1-šu-ŠVDx mi-ma a-nim a-na En-nam-A -šur DUMU Da-dim u Na-ab-Šu-lin DUMU U-zu IGI E-U-ma DUMU 1-dí-Šu-in IGI Ku-La a-hu Šu-ka-tim e. IGI Ki-rdi₁ I.e.,"2 packages of 20 minas of refined silver, its import duty (added), its transport tar- iff paid- 12 shekels of silver under my seal: the working capital of Nab-Suen; 10 shekels of silver: the shipment of Issu- arik- all this is for Ennam-Assur son of Dadum and N ab-Suen son of U zu. Witnessed by Elamma son of Iddin-Suen, by Kula the brother of Sukkutum, by Kida.",AKT 6a.pdf
9. kt 94/k 961,"I-šu-ŠUDx a-na -lim{ki} i-ld-ak-ma E-ti-šu ša bu-ri-im a-šar v a-m-z Ša-lim -A -šur wa-aš-bu-ni a-na Tu-ud-ha-li-a a-hu Tu-li a-na šz-mz-zm v,- ' • e. i-di-šu-nu a-na a-wa-tim r. a-ni-a-tim ka-ru-um Ka-ni-iš i-di-ni-a-ti-ma tup-pa-am Ší-bu-ti-ni IGI GIR ša -šur ni-dt-in IGI Šu-ka-li-a DUMU A-mur-A-šur IGIA-ku-za DUMU Šu-A-nim IGI U-ra-a DUMU Ma-na-/na e.","As Issu-arik will go to the City, he sold his houses by the well, where at present Salim-Assur is living, to Tudhaliya the brother of Tuli. The Kanesh colony gave us for these proceedings, and we gave a tablet with our testimony before the dagger of Assur. Witnessed by Sukkalliya son of Amur- Assur, by Akuza son of Su-Anum, by Uraya son of Manana.",AKT 6a.pdf
9a. kt 94/k 581A,KISIB Šu-ka-U-a D UMU -mur-A -šur KISIB -ku-za D UMU Šu-A -nim KISIB U-ra-a DUMU Ma-na-na a-na a-wa-tim a-ni-a-tim ka-ru-um Ka-ni-iš i-di-ni-a-tí-ma tup-pa-am H-bu-ti-ni IGI GfR ša -šur ni-di-in,"Seal of Sukkalliya son of Amur-Assur, seal of Akuza son of Su-Anum, seal of U raya son of Manana. The Kanesh colony gave us for these proceedings and we gave the tablet with our testimony before Assur's dagger.",AKT 6a.pdf
9b. kt 94/k 581B,"1-šu-ri-ik a-na -lim{ki} i-la-ak-ma E-ti-šu ša bu-ri-im a-šar a-ni Ša-lim-A -šur wa-aš-bu-ni a-na Tu-ud-hi-li-a a-hu: Tu-li a-na št-mt-tm v, ' i-di-šu-nu : a-na a-wa-tim a-ni-a-tim ka-ru-um : Ka-ni-iš i-di-ni-a-ti-ma tup-pa-am H-bu-ti-ni IGI GIR ša -šur ni-di-in IGI Šu-ka-li-/a DUMU A-mur-A-šur IGIA-ku-za DUMU Šu-A-nim IGI U-ra-a","As Issu-arik will go to the City, he sold his houses by the well, where at present Salim-Assur is living, to Tudhiliya the brother of Tuli. The Kanesh colony gave us for these proceedings, and we gave a tablet with our testimony before the dagger of Assur. Witnessed by Sukkalliya son of Amur- Assur, by Akuza son of Su-Anum, by U ray a son of Manana.",AKT 6a.pdf
10. kt 94/k 998,1-di-a-bu-um E-ti ša bu-ri-im a-šar Ša-lim-A -šur wa-aš-bu iš-ti Tu-ud-ha-li-a a-hu Tu-l[i] iš-a-am a-n[ a] a-wa-tim a-n[i-a-tim] ka-ru-um Ka-ni-i[š e. i-di-ni-a-tì-ma tup-pa-am r. Ši-bu-ti-ni IGI GfR ša -šur ni-di-in IGI A-ku-za IGI U-ra-a IGI A-šur-ba-ni,"Iddin-abum has bought the houses by the well, where Salim-Assur is living, from Tudhaliya the brother of Tuli. The Kanesh colony gave us for these proceedings, and we gave a tablet with our testimony before the dagger of Assur. Witnessed by Akuza, by U raya, by Assur-bani.",AKT 6a.pdf
11. kt 94/k 780,25 TUG I-ku-num DUMU DINGIR-ILLA T 23 TUG l-šu-ŠUDx 20 TUG Bu-ut-qum 17 TUG Šu-La-ba-an DUMU A-mur-DINGIR 7 TUG A-nu-um-i-lí 8 TUG A-šur-ma-lik DUMU Pa-na-ka e. 20 TUG E-la-ma r. DUMU I-ku-nim SUNIGIN 1 me-at 20 TUG ILLA T-at l-ku-nim DUMU DINGIR-ILLA T wa-ar-ki ILLA T-at Puzur4-t-lí i-ta-qe-u,textiles: Ikiinum son of Ili-ellat; 23 textiles: Issu-arik; 20 textiles: Butqum; 17 textiles: Su-Laban son of Amur-ili; 7 textiles: Anum-iii; 8 textiles: Assur-malik son of Panaka; 20 textiles: Elamma son of Ikiinum- in all120 textiles in the caravan of Ikiinum son of Ili-ellat. After the caravan of Puzur-ili (has come) they will receive them.,AKT 6a.pdf
12. kt 94/k 1351,[a-na .... ] [u .... qí-b]i4-ma u[m-ma] r 1-dí-a-bu-um ₁-ma i-na 1 [ma-na] KB ša La-ma-šu-tum A-na-n[a] it Ab-ša-lim a-na Ha-šu-u-ma-an i-hi-ib-ía-ni-ma tup-pt ša a-bi4-ni a-na ša-pa-ar-tim i-dí-a-šu-ni IGI Ha-nu-nu Šu-ŠŠtar u A-šur-ma-lik a-wa-tí-5í-na ag-mu-ur-ma a-na i-dì ìup-pt Ša a-bi4-ni r i₁ X X a-na KB a-pu-ul-šlu-ma] [ša-]bu-ma Ši-tíKB [ ... [x x] li r x x 1 [ .. ] break [a-]na DUMU Ha-šu-u-ma-a[n] r. [š1u-uq-ía-ma u tup-p[a-am] ša ku-nu-ki-šu u ku-nu-uk um-mz-šu it a-hi-šu hi-ir-[ma-ma] ki-ma a-we-ía-tim u tup-[pz] ša a-bi4-ni u-še4-a-ni-ma KB a-hu-bu-ul a-we-ía-tim a-na-ku i-na ra-mz-ni-a [a]Š-qu-lu a-hu-a a-tu-nu be-lu-a [a]-tu-nu ih-da-ma tup-pa-am [dja-na-am le-qe-a-nim [ki-]ma KB 1 GIN ía i-ru-qì-ni-lm[a] [a-m]a-kam a-na a-hi-a I.e. [x x x xY x ₁-tim dí-na break,"To ... and ... from Iddin-abum: for the 1 mina of silver for which Lamas- sutum, Anna-anna and Ab-salim have be- come indebted to Hassu-uman, and for which they have given him tablets belonging to our father as security, I have concluded their matter with Hanunu, Su-IStar and Assur-malik as witnesses, and I reimbursed him for the tablets of our father, and he has been paid, and the rest of the silver ... Pay ... to Hassu-uman's son and then cer- tify a tablet with his seal and the seals of his mother and brother, stating that I have redeemed the women and our father's tab- lets, and that I have personally out of my own funds paid silver to cover the debt of the women. My dear brothers and lords, take care and get hold of a strong tablet, so that not a single shekel of silver will elude me, and there give ... to my brothers ...",AKT 6a.pdf
13. kt 94/k 1362,um-ma rJ.di-a₁-bu-[um-ma] a-na En-urn-A -šur u -la-hi-im qi-M._ i-ma] a-na-kam 3 GU 55 ma-na URUDU qa-at-ku-nu E ka-ri-im al-qe e. a-hu-a <a-> tu-nu r. a-naURUDU ša v urn-me-an a-bi-ku-nu a-pu-lu a-ma-kam ih-da-ma urn-me-a-m ta-i-ba-rna i-a-ti ša-hi-ta šu-ma [la] ki-am e. ma-[la] um-me-[a-ni] u-ra-ki-šu-ni-ni li-ba-ak-nu,"From Iddin-abum to Ennam-Assur and Alahum: Here I have taken 3 talents 55 mmas of black copper on your account in the col- ony office. My dear brothers, take care to satisfy the investors there for the copper that I have balanced with the investors of your father, and withdraw mine. If this does not happen, you will be sorry about everything the investors have con- tracted with me.",AKT 6a.pdf
14. kt 94/k 1721,um-ma 1-dì-a-bu-um-ma a-na Ša-lim-ma Mu-za u Ka-du-ta-La qì-bi-ma 15 GIN ku-nu-ki-a Ka-du-ta-la: na-aš-a-ki-na-lti ih-da-ma i-na ša-am-H tup-pi-i ta-ša < -me> -a-ni e. t-zt-za-ma SIG.HI.A da-mz-iq_r tum 1 r. ša-ma-ma ku-nu-ki ša ša-lim-ma a-na Ka-du-ta-La dí-na-lma lu-ub-lam SIG.HI.A a-5í-ni-pì-a r ni-aš ₁-ha a-na e. r Ša-lim ₁-ma qì-bi-ma [xY hu 1 pa-at-ra-am Ka-du-ta-La I.e. na-aš-a-ki-im,"From Iddin-abum to Salimma, Muza and Kadutala: Kadutala brings you (fern. plur.) 15 shekels under my seaL Take care to be ready the very day you hear my letter, buy good wool and give it to Kadutala under Salimma's seal, so he may bring it. The wool has been deducted for my two- thirds. To Salimma: Kadutala brings you a ... dagger.",AKT 6a.pdf
15. kt 94/k 1184,[na-a']Š-pa-ar-t[am ša] rKB₁₁₁ [ ••• ] [ša 1-]dí-a-bi-bu-um a-na r [l-tur4-]DINGIR i/ A-La-hi-im [ u-š1e-bi4-ša-ni,The missive concerning silver that Iddin- abum sent to ltur-ili and Ali-ahum.,AKT 6a.pdf
16. kt 94/k 1061,tup-pu-u ša hu-bu-ul I-di-a-bi4-im m-a-tm,Tablets concerning our Iddin-abum's debts.,AKT 6a.pdf
17. kt 94/k 1028A,KISIB -mur-ŠŠtar KISIB En-nam-A -šur DUMU Me-rna₁-/a KISIB I-di-a-bi4-im [ša] hu-b[ u-ul] e. I-di-a-bi4-im r20₁ m[a-na] KB iš-tu ha-mu-uŠ-tim ša Li-ba-a : a-na 13 ha-am-ša-tim i-ša-qal šu-ma Ia iš-qu-ul 11/2 GIN TA i-na ITI.KAM a-na 1 ma-na-im e. I.e. šu-ma Ja-ma U4-mu-šu im-lu-u-ni tup-pu-šu ša na-ru-qi-šu i/5-ta-ap-tu 5 ma-na KU.GI šu-mt Šu-{d}EN .LiL i-la-pa-at,"Seal of Amur-IStar, seal of Ennam-Assur son of Menaya, seal of Iddin-abum. Concerning the debt of Iddin-abum: Reckoned from the week of Libbaya he must pay 20 minas of refined silver within 13 weeks. If he has not paid (in time), he must pay interest at the rate 1 shekel per month per mma. If they have written the tablet for his joint-stock investment before the comple- tion of his term, he shall book 5 minas of gold in Su-Illil's name.",AKT 6a.pdf
18. kt 94/k 1028B,20 ma-na KB Qine reased) 1-di-a-bi4-im Su-{d}EN.LiL i-šu iš-tu ha-mu-uš-tim ša Li-ba-a a-na 13 ha-am-ša-/tim i-ša-qal šu-ma ta iš-qu-ul e. 1 GINTA i-na ITI.KAM r. a-na 1 ma-na-im šu-ma la-ma u4-me-šu tup-pu-šu i-la-pu-tu 5 ma-na KU.GI šu-mì Šu-{d}EN .LfL i-La-pa-at e. IGI -mur-ŠŠtar IGI En-nam-A-/šur,"Iddin-abum owes 20 minas of refined sil- ver to Su-Illil. Reckoned from the week of Libbaya he must pay in 13 weeks. If he has not paid (in time), he must add interest at the rate 1 shekel per month per mma. If they write his tablet before his term is up, he shall book 5 minas of gold in the name of Su-Illil. Witnessed by Amur-IStar, by Ennam- Assur.",AKT 6a.pdf
19. kt 94/k 1275A,[20] ma-na KB [iŠ-t]u ha-mu-uŠ-[tim] [ša kaY-H-im 1 a-na [13] [ha-a]m-ša-tim break,... 20 minas of refined silver. Reckoned from the week of the kaššum he must pay within 13 weeks ...,AKT 6a.pdf
20. kt 94/k 1275B,20 ma-na KB I-di-a-bi4-lim Su-{d}EN.LIL i-šu iš-tu ha-mu-uš-tim ša ka-H-im a-na 13 ha-am-lša-tim e. i-ša-qal šu-ma r. i-na ma-la u4-me-šu r la eš-qu-uíl 1 1/2 GIN T i-na ITI.KAM a-na 1 ma-na-im IGI Puzur4-A-šur IGI -šur-i-mi-ti e. IGI Šu-A -nim IGI -šur-be-el-a-wa-tim,"Iddin-abum owes 20 minas of refined sil- ver to Su-Illil. Reckoned from the week of the kaššum he must pay within 13 weeks. If he has not paid at the completion of his term, he must pay interes at the rate 1 Y2 shekel per month per mina. Witnessed by Puzur-Assur, by Assur- imitti, by Su-Anum, by Assur-bel-awatim.",AKT 6a.pdf
21. kt 94/k 1274A,[KIS]IB A-šur-ma-lik DUMU DINGIR-ba-ni [KISIB A-la-hi-Y im 1 DUMU 1-na-ah-DIN GIR [KISIB -mur-ŠŠtar DUM]U Mz-šu-GAL [KISIB -gu-a KISIB] r Jl-dì-a-bi-r im 1 [ša 24 ma-na K]B 1-dì-a-bi-im] ha-mu-uŠ-tim ša Li-ba-a it ú.lì.r -ti-]r kal₁ a-na 20 ha-am-ša-tim i-ša-qal šu-ma la iŠ-qu-ul 11/2 GIN TA: a-na ma-na-im i-na ITI.l.KAM šu-ma tup-pu-šu : i-ld-pu-r tit 1 6 ma-na GUS[KIN] šu-mz [A-]Šur-be-el-a-wa-tim i-ld-pa-at,"Seal of Assur-malik son of IIi-bani, seal of Ali-ahum son of Inah-ili, seal of Amur- !Star son of Missu-rabi, seal of Aguwa, seal of Iddin-abum. Concerning 24 minas of refined silver that Iddin-abum owes to Assur-bel- Reckoned from the week of Libbaya and Ilis-tikal he must pay within 20 weeks. If he has not paid (in time), he must pay interest at the rate 1 shekel per mina per month. If they write his tablet, he must book 6 minas of gold in the name of Assur-bel- awatim.",AKT 6a.pdf
22. kt 94/k 1274B,24 ma-na KB 1-di-a-bi-im i-šu iš-tit ha-mu-uš-tim ša Li-ba-a u 1-H-iš-tí-kdt a-na 20 ha-am-ša-tim e. [i-]Ša-qal: šu-ma [l]a iš-qu-ul' GIN 1 1/2 TA r. [a]-na ma-na-im r i₁-na ITL l.KAM šu-ma tup-pu-šu i-la-pu-tu 6 ma-na KU.GI šu-mì -šur-be-el-a-lwa-tim i-[la-p ]a-at e. IGI -šur-ma-lik IGI A-la-hi-im IGI A-mur-ŠŠtar I.e. IGIA-gu-a,"Iddin-abum owes 24 minas of refined sil- ver to Assur-bel-awatim. Reckoned from the week of Libbaya and Ilis-tikal he must pay within 20 weeks. If he has not paid (in time), he must add interest at the rate 1 shekel per mina per month. If they write his tablet, he must book 6 minas of gold in the name of Assur-bel- awatim. Witnessed by Assur-malik, by Alahum, by Amur-IStar, by Aguwa.",AKT 6a.pdf
23. kt 94/k 1016,ma-na KV 8 1-di-a-birim Ku-la: i-šu iš-tu : ha-mu-uš-tim ša Ha-pì-ahJ šu 1 u Šu-ka-lí-a a-na 25 ha-am-ša-ltim a-na -lim{ki} i-ld-ak-ma iš-tí um-me-a-ni-šu 2 ma-na KU.GI šu₁-mì :Ku-la e. i-la-pa-at šu-ma : i-na ma-la r. l. U4-me-šu v : a-na - zm ki la i-ta-ld-ak KB a-na Ku-la i-ša-qal : šu-ma ta iš-qu-ul : a-na 1 ma-na-im 1112 GIN./TA i-na 1 ITU .KAM IGI A-šur-ba-ni IGI 1-di-Šu-in,"Iddin-abum owes 8 minas of refined silver to Kula. Reckoned from the week of Happi-ahsu and Sukkalliya he must go to the City within 25 weeks and together with his in- vestors he must book Kula's name for 2 minas of gold. If he has not left for the City within his stipulated term, he must repay the silver to Kula. If he has not paid (in time), he must pay interest at the rate 1 'l2 shekel per mina per month. Witnessed by Assur-bani, by Iddin-Suen.",AKT 6a.pdf
24. kt 94/k 1050A,KISIB A-ku-za DUMU Šu-A-nim KISIB Šu-A-nim DUMU [x x]-ki KISIB 1-di-a-bi-im ša 2 ma-na KU.GI R. 1-ku-pi-A -šur a-na 1-di-a-bi-im DUMU /-su-SUDx i-di-nu-ma šu-um-šu i-A -lim{ki} KI um-me-a-ni-šu e. i-La-pu-tu I.e. KB ša-bu,"Seal of Akuza son of Su-Anum, seal of Su- Anum son of ... ki, seal of Iddin-abum. Concerning the 2 minas of gold that Ikun- pi-Assur gave to Iddin-abum son of Issu- arik, so he may write his name in the City together with his investors - he has been paid the silver.",AKT 6a.pdf
25. kt 94/k 1050B,"i-nu-mi I-dì.r a-₁[ bu-um] a-na -lim{ki} i-lu-ku 2 ma-na rKU.GP i-na na-ru-qi-šu KI um-me-a-ni-šu šu-mi I-ku-pi-A -šur i-la-pa-at KB ša-bu-u e. 4 ma-na KB ni-iš-ha-šu DIRI r. ša-du-a-šu ša-bu KI wa-ar-ki-u-tim u-še-ba-lam: GAN-lam a-di A-lim{ki} a-šu-mi Ku-ra e-ti-iq : lu-qu-lšu iš-tu A-li[ m{ki}] a-šu-mi ki-La-l[i-m]a: GAN-lam e-ti-qam : IGI -ku-za IGI Šu-A-nim e. i-nu-mi I-di-a-bu-[ um] a-na -lim{ki} I.e. i-lu-ku qa-di na-ru-qz-šu-ma , v : e-tt-/ , /"" tq","When Iddin-abum goes to the City he will book 2 minas of gold in his joint-stock capital together with his investors in the name of Ikiin-pi-Assur. He has been paid the silver. 4 minas of silver, its import duty added, its transport tariff paid for, he will send with the next transport. It will pass overland until the City in Kura's name. The goods purchased will pass overland from the City in the names of both. Witnessed by Akuza, by Su-Anum. When Iddin-abum goes to the City it will go along together with his joint-stock in- vestments.",AKT 6a.pdf
26. kt 94/k 580,ma-na KO ni-iš-ha-šu DIRI ša-du-a-šu ša-bu i-na ILLA T Šu-{d}EN ./LIL a-na l-di-a-bi4-im a-na e-bu-tim 1-dt-A-šur e. i-dì-in IGI -šur-ba-ni r. IGI La-qe-ep,"Iddin-Assur has given minas of refined silver, its import duty added, its transport tariff paid for, from the caravan of Su-Illil, to Iddin-abum as an investment loan. Witnessed by Assur-bani, by La-qep.",AKT 6a.pdf
27. kt 95/k 393,u-pa-am] a-na 1-dì-a-[ bi-im] i-dì < -in > : i-na -lim[ki] šu-mì DAM.GAR-ri-[im] 2 ma-na KU.GI e. i-ta-pa-at IGI La-qe-p[i-im] r. IGI La-qe-ep D UMU d [EN .LIL-ba-ni] ',"Iddin-abum. He will book 2 minas of gold in the name of a merchant in the City. Witnessed by La-qepum, by La-qep son of Illil-bani.",AKT 6a.pdf
28. kt 94/k 1025A,KISIB -šur-e-mu-qi KISIB En-nam-A-šur DUMU Me-na-a KISIB 1-di-a-bi-im ša hu-bu-ul 1-dì-aJ bi4-im 1 13 1/3 ma-na KB ma-al-u ša A-mur-ŠŠtar r.,"Seal of Assur-emuqi, seal of Ennam-Assur son of Menaya, seal of Iddin-abum. Concerning Iddin-abum's debt of 13 1/3 minas of refined silver. His term has ex- pired. Concerning Amur-IStar.",AKT 6a.pdf
29. kt 94/k 1025B,13 1/3 ma-na K[B] l-dì-a-bi4-im -mur-ŠŠtar i-šu u4-mu-šu ma-al-u IGI A-šur-e-mu-qi IGI En-nam-A-šur DUMU Me-na-a reverse uninscribed,"Iddin-abum owes 13 1/3 minas of silver to Amur-IStar. His term has expired. Witnessed by Assur-emuqi, by Ennam- Assur son of Menaya.",AKT 6a.pdf
30. kt 94/k 1026A,"KISIB A-šu[r-e-mu-qz] KISIB En-n[am-A-šur] KISIB 1-dí-a[-bi-im] ša hu-bu-[ul 1-di-a-bi-im] break KB ?a-ru-pa <-am> a-na a-[la-ak] e. ""' d ... v Šu- EN.LIL i-ša-[qal] r. šu-ma lri iš-qu-ul a-na ma-na-im 1 1/2 Gf[N TA] i-na ITI.KAM U-?a-ab ša AJšur₁-ma-lik break","Seal of Assur-emuqi, seal of Ennam-Assur, seal of Iddin-abum. Concerning Iddin-abum's debt. he will pay refined silver before Su-Illil arnves. If he has not paid, he will pay interest at the rate 1 shekel per mina per month. Concerning Assur-malik.",AKT 6a.pdf
31. kt 94/k 1026B,22 ma-na 10 GIN KB l-dí-a-bi4-im a-na a-ld-ak Su-{d}EN.LfL i-ša-qal e. šu-ma ld iš-qu-ul r. 11h GIN TA i-na ITLKAM a-na ma-na-im IGI A-šur-e-mu-qì IGI En-nam-A -šur DUMU Me-na-a e.,"Iddin-abum owes 22 minas 10 shekels of refined silver to Assur-malik. He is to pay before Su-Illil arrives. If he has not paid (in time), he will add interest at the rate 1 1h shekel per month per mma. Witnessed by Assur-emiiqi, by Ennam- Assur son of Menaya.",AKT 6a.pdf
32. kt 94/k 1033A,KISIB A-[mur-]lštar DUM[U Mz.]ršar₁- GAL KISIB La-qe-ep [DUMU Kt-a]-tim KISIB 1-dì-a-bi-im rnuMU₁ r Jl-šu- SUDx r. ša hu-bu-ul 1-dì-a-bi-im 5 ma-na KB 1-dí-a-bi-im -šur-/{d}UTU-ši i-šu r iš-tit 1 ha-mu-uŠ-tim e. ša rA-mur-ŠŠtar₁ a-na 23 ha-am-ša-tim i-ša-qal : šu-ma i-na / r ma-ld₁ u4-[me-šu] la iš-[qu-ul] I.e. 11/2 GIN TA ri₁-ITI.KAM a-na ma-na-tm,"Seal of Amur-IStar son of Misar-rabi, seal of Li-qep son of Kayatum, seal of Iddin- abum son of Issu-arik. Concerning the debt of Iddin-abum. Iddin-abum owes 5 minas of refined silver to Assur-samsi. Reckoned from the week of Amur-IStar he must pay within 23 weeks. If he has not paid within his stipulated term he must pay interest at the rate 1 1h shekel per month per mina.",AKT 6a.pdf
33. kt 94/k 1033B,"5 ma-na KB 0 , 1-di-a-bir -im 1 i-šu iŠ-tit ha-mu-uš-tim ša Amur-ŠŠtar a-na 23 e. ha-am-ša-tim r. i-ša-qal šu-ma • t-na 0 u₄-me-šu ma-al-/u-tim la iš-qu-ul 1 'h GIN TA i-ITI.KAM a-na ma-na-tm IGI -mur-ŠŠtar e. IGI La-qi-ep I.e.","Iddin-abum owes 5 minas of refined silver to Assur-samsi. Reckoned from the week of Amur-IStar he must pay in 23 weeks. If he has not paid before the completion of his term, he must pay interest at the rate 1 'h shskel per month per mina. Witnessed by Amur-IStar, by La-qep_",AKT 6a.pdf
34. kt 94/k 1035A,KISIB -šur-e-mu-qt KISIB En-nam-A-šur DUMU Me-rna-a₁ ša hu-bu-ul 1-di-a-bi < -im > 13 ma-na KB iš-tu ha-mu-uŠ-[ tim] ša Kar-ri-a a-na e. 36 ha-am-ša-tim i-ša-qal r. šu-ma la iš-qu-ul1112 GIN TA i-na ITI.KAM a-na m[ a-]na-im ša -mur-ŠŠtar u -šur-i-mi-ti e.,"Seal of Assur-emiiqi, seal of Ennam-Assur son of Menaya, seal of Iddin-abum. Concerning the debt of Iddin-abum of 13 minas of refined silver. Reckoned from the week of Karriya he must pay within 36 weeks. If he has not paid (in time), he must pay interest at the rate 1 shekel per month per mma. Concerning Amur-IStar and Assur-imitti.",AKT 6a.pdf
35. kt 94/k 1 035B,13 ma-na KB 1-di-a-bi.rim -mur-ŠŠtar u -šur-i-mi-/ti i-šu-u iš-tu ha-mu-uŠ-/tim ša Kar-ri-a a-na 36 ha-am-ša-tim i-ša-qal šu-ma e. la iš-qu-ul r. GIN i-na -im 1 T ITI.KAM a-na ma-na-zm IGI -šur-e-mu-qì IGI En-nam-A-šur DUMU Me-na-a,"Iddin-abum owes 13 minas of refined sil- ver to Amur-IStar and Assur-imitti. Reckoned from the week of Karriya he must pay in 36 weeks. If he has not paid (in time), he must add interest at the rate 1 shekel per month per mma. Witnessed by Assur-emiiqi, by Ennam- Assur son of Menaya.",AKT 6a.pdf
36. kt 94/k 1036A,KISIB -šur-i-mì-tí KISIB Šu-A -nim KISIB 1-dì-a-bi-/im ša 14 ma-na KB 1-dì-a-bi-im -mur-IŠtar i-šu-u iš-tu ha-mu-uš-tim r. ša Da-la-aš u Du-uh-ni-iš a-na 4 3 ha-am-ša-tim i-ša-qal šu-ma i-na ma-la u4-me-šu la iš-qul1 112 GIN T i-ITI.1.KAM a-1 ma-na-im i-na KU a-nim r r5₁ 2/3 ma-na 5 GIN [š1a -šur-e-mu-qì / i-še-ra-tim wa-ar-ki-a-tim i-ma-ar,"Seal of Assur-imitti, seal of Su-Anum, seal of Iddin-abum. Concerning 14 minas of refined silver that Iddin-abum owes to Amur-IStar. Reckoned from the week of Dalas and Duhnis he must pay within 43 weeks. If he has not paid within the stipulated term he must pay interest at the rate 1 Y2 shekel per month per mina. Of this silver 5 2/3 minas 5 shekels belong to Assur-emiiqi. He will await the coming išerdtum.",AKT 6a.pdf
37. kt 94/k 1036B,14 ma-na KV I-di-a-bi4-im iš-tu ha-mu-uš-tim ša Da-la-aš u Du-uh-ni-iš a-na 43 ha-am-ša-/tim i-ša-qal šu-ma i-ma-ld u4-me-šu u iš-qul e. 1 GIN TA i-ITI.KAM r. a-na 1 ma-na-im ma-na GIN 5 2/3 5 ša -šur-e-mu-qi IGI A-šur-i-mi-ti IGI Šu-A -nim i-še-ra-tim wa-ar-ki-a-tim e. t-ma-ar,"Iddin-abum owes 14 minas of refined sil- ver to Amur-IStar. Reckoned from the week of Dalas and Duhnis he must pay in 43 weeks. If he has not paid at the completion of his term, he must add interest at the rate 1 shekel per month per mina. 5 2/3 minas 5 shekels belong to Assur- emuqi. Witnessed by Assur-imitti, by Su-Anum. He will await the coming išeriitum.",AKT 6a.pdf
38. kt 94/k 713,i-na 5/6 ma-na u ma-na I GIN KB 1/3 5 ša Šl-im ku-ta-nim SIG₅ ša i-na li-bi 1-di-a-bi-im i-šu-u sA.BA e. 1 GU 1/2 ma-na 23 r. URUDU 2/3 GIN 15 SE.TA i-di-nam,"Of the 5/6 mina of silver and 1/3 mina 5 kutiinu- shekels from the proceeds of a fine textile, which I have as a claim on Iddin- abum - thereof he has given me 1 talent 23 minas of copper, reckoned at the ex- change rate 1 : 40 1/12.",AKT 6a.pdf
39. kt 94/k 1703,5 ma-na AN.NA u 2/3₁ ma-na KU i-li-bi I-di-a-lí_i4-im] u šu-ut u-ku-ul-ltam ša iš-tu Ha-hi-im a-dì Ka-ni-iš reverse broken away IGI A-šur-ruTU-ši₁ I.e.,5 minas of tin and 2/3 minas of silver is owed by Iddin-abum. He also (owes for) the food for a trip from Hahhum to Kanesh. Witnessed by Assur-samsi,AKT 6a.pdf
40. kt 94/k 1006,i-nu-mì 1-di-a-bu-um a-na mu-a-tim ta-ad-nu-ma wa-aŠ-bu ša ki-ma Ili5-ba-ni IR u tam-ka-ru-šu e-ru-bu-ma um-ma ša ki-ma Ili5-ba-ni-ma ni-ka-ši iš-ti-ni Ší-ši-ma um-ma 1-di-a-bu-um-ma tup-pi-ku-nu ka-i-ld u tup-pu-a la-pu-tu-/ma i-ba-5í-u Ša-lim-A -šur e. a-hi li-li-kam-ma iš-ti-šu H-ši-a r. u am₁-ma ša ki-ma i-a-ti Šu- v d EN .LIL ' u -mur-ŠŠtar i-ša-ha-at a-hi-a li-zi-zu a-di a-hi-i : i-ld-ka-ni ma-ma-an tup-pi-a ld i-pa-te a-na a-wa-tim a-ni-a-tim ka-ru-um Ka-ni-iš i-di-ni-a-ti-ma IGI GfR ša -šur ba-ab DINGIR-lim 5í-bu-ti-ni ni-di-in IGI -ku-za e. IGI La-qe-ep IGI ṣí-lu-lu,"When Iddin-abum was dying and was stay- ing in Assur-bel-awatim's house, the repre- sentatives of Ili-bani, Wardum and his cus- tomers, came in(to the house) and Hi- bani's representatives said: ""Settle accounts with us!"" - but Iddin-abum answered: ""Hold your tablets ready, for my tablets are written and available. Let my brother Salim-Assur come, and then settle with him. Then my own repre- sentatives, Su-Illil and Amur-IStar may assist my brother. Until my brother ar- rives no one may open my tablets."" The Kanesh colony gave us for these pro- ceedings, and we gave our testimony be- fore Assur' s dagger in the Gate of the God. Witnessed by Akuza, by La-qep, by Silulu.",AKT 6a.pdf
41. kt 94/k 1037 A,KISIB A-ku-za DUMU Šu-A-nim KISIB La-qi-ep DUMU {d}AB-ba-ni KISIB Ši-lu-lu DUMU U-ku a-wa-tim a-ni-a-tim ka-ru-um Ka-ne-eš i-di-ni-[ a-]ti-ma e. IGI GIR ša A-šur i-na r. ba-ab DINGIR tup-pa-am ni-di-in,"Sealed by Akuza son of Su-Anum, by La- qep son of Illil-bani, by Silulu son of Uku. The Kanesh colony gave us for these pro- ceedings and we gave a tablet before Assur' s dagger in the Gate of the God.",AKT 6a.pdf
42. kt 94/k 1037B,i-nu-mì 1-di-a-bu-um a-n[ a] mu- <a-> tim ta-ad-nu-/ma [E] -šur-be-el-a-wa-tim wa-aš-bu ša ki-ma Ili₅-ba-ni rrR 1 u DAM.GAR-ru-šu: e-ru-bu-ma um-ma ša ki-ma Ili₅-ba-ni-ma ni-ka-ši: iŠ-tí-ni : H-ši um-ma 1-di-a-bu-um-ma tup-pi-ku-nu : ka-i-la u tup-pu-a : la-pu-tu-ma i-ba-5í-u Ša-lim-A -šur a-hi : li-li-kam-ma iš-tí-šu H-ši-a u am-ma r ša ki-ma 1 i-a-tí Šu-{d}EN .LfL u A-mur-Htar i-ša-ha-at: a-hi-/a li-zi-zu : a-di: a-hi i-la-ka-ni : ma-ma-an rup-pi-a : la i-pa-te a-na a-wa-tim a-ni-a-tim ka-ru-um Ka-ni-iš i-di-ni-a-ti-ma IGI GIR [ša] -šur_. i-ba-ab [DINGIR]-lim tup-pa-am ni-di-in IGI A-ku-za IGI La-qe-ep IGI ṣi-lu-lu,"When Iddin-abum was dying and was stay- ing in Assur-bel-awatim's house, the repre- sentatives of Ili-bani, Wardum and his cus- tomers, came in{to the house) and IIi- bani's representatives said: ""Settle accounts with us!"" - but Iddin-abum answered: ""Keep your tablets, for my tablets are written and available. Let my brother Salim-Assur come, and then settle with him. Then my own repre- sentatives, Su-Illil and Amur-IStar may assist my brother. Until my brother ar- rives no one may open my tablets."" The Kanesh colony gave us for these pro- ceedings, and we gave our testimony be- fore Assur's dagger in the Gate of the God. Witnessed by Akuza, by La-qep, by Siliilu.",AKT 6a.pdf
43. kt 94/k 1041A,KISIB Šu-{d}EN .LfL DUMU Šu-Ku-bi-im KISIB ṣi-lu-lu DUMU U-ku i-nu-mi 1-dì-a-bu-um a-wa-šu iq-bi-u 10 ma-na KB a-na Ša-lim-A -šur i-dì-in um-ma šu-ut-ma e. KV-pi-a r. Li-il5-qe,"Seal of Su-Illil son of Su-Kubum, seal of Siliilu son of Uku. When Iddin-abum spoke his will, he gave 10 minas of silver to Salim-Assur. He said: ""He may take it from the interest on my silver.""",AKT 6a.pdf
44. kt 94/k 1041B,i-nu-mi 1-dì-a-bu-um a-wa-šu iq-bi-/u 10 ma-na KB a-na Ša-lim-A -šur i-dì-in um-ma šu-ut-ma i-na e. KB-pí-a li-il5-qe r. IGI Su-{d}EN.LIL IGI ṣì-lu-lu,"When Iddin-abum spoke his will he gave 10 minas of silver to Salim-Assur. He said: ""He may take it out of the interest on my silver."" Witnessed by Su-Illil, by Siliilu.",AKT 6a.pdf
45. kt 94/k 1276,ka-ru-um di-nam i-di-in-ma ša 2 1/2 GO 7 ma-na KB 1 ma-na KU.GI u 4 TUG ku-ta-ni ld-qe-e KB-pi-im ša I-di-a-bi4-im iš-ra-tim ša ru-ba-im Ša-lim-A -šur e. u i-na di-i[n] r. tam-ka-ru-tim e-ta-wu šu-ma KB i-na iš-ra-/tim ba-ti-iq Ša-lim-A -šur i-na-dì,"The colony has passed a verdict, stating that of the 2 talents 7 minas of silver, 1 mina of gold and 4 kutanu-textileš the re- cipient of Iddin-abum's silver will deduct the tithe of the king (from) Salim-Assur. Then they will discuss in a court of mer- chants. If the silver is insufficient for the tithe, Salim-Assur will deposit (what is missing).",AKT 6a.pdf
46. kt 94/k 1144B,ša 24 ma-na KB I-di-a-bu-um a-na -šur-be-el-a-wa-tim ha-bu-lu Šu-Ku-bu-um me-ra-šu E-ti ša Šal-ma-A-šur wa-aš-bu ik-nu-uk-ma am-tam u IR-di i-na a-mu-tim ša E A-lim{ki} Ša-lim-A -šur i-ši-u-ma iš-ti šd-na-A -šur ad-mu-ma a-na Ka-ni-iš u-še-bi.rlu e. rr vŠv'[ A/V qa-tam ša -ma- -/šur Šu-Ku-bu-um DUMU r. a-na hu-bu-ul I-di-a-bi₄-lim il5-qi-ma E-ti am-tam u IR-di a-na ša ki-ma Šal-ma-A -šur u-še-er a-na a-wa-tim a-ni-a-tim ka-ru-um Ka-ni-iš i-di-ni-a-ti-ma IGI GIR ša A-šur Ši-bu-ti-ni ni-di-in IGI A-ku-za IGI MAR. TV-ba-ni IGI La-qe-ep 1-tur.rDINGIR DUMU A-mur-ŠŠtar tap-pa-i-ni e.,"Concerning the fact that Iddin-abum owes 24 minas of silver to Assur-bel-awatim: his son Su-Kiibum has sealed the houses where Salim-Assur lives and taken out the maid and the slaves; but out of the iron that Salim-Assur claimed at the City Hall and which has been invested in Iddin-Assur and which he sent to Kanesh, Su-Kiibum son of Assur- bel-awatim has taken Salim-Assur's share to cover Iddin-abum's debt, and he has released the houses, the maid and the slaves to Salim-Assur's representatives. The Kanesh colony gave us for these pro- ceedings and we gave our testimony before Assur's dagger. Witnessed by Akuza, by Amurrum-bani, by La-qep; Itiir-ili son of Amur-IStar is our (absent) partner.",AKT 6a.pdf
47. kt 94/k 950,"ša 24 ma-na KB I-dì-a-bu-um a-na ha-bu-lu : Šu-Ku-bu-um me-ra-šu E-tt ša Ša-tim-A -šur wa-aš-bu ik-nu-uk-ma : am-tam '' d' , u IR- z 'II/ , i-na a-mu-tim ša i-šì-u-ma iŠ-tí 1-dí-A-šur DUMU -šur-ma-lik r ad₁-mu-ma a-na e. K[a-n]i-iš u-[šeúbi4-lu-ni-ni r. qa-tam ša Ša-lim-A -šur Šu-Ku-bu-um DUMU a-na hu-bu-ul 1-dì-a-bi-im r i/₅-qe-ma 1 E-tí [am-t]am u JR-dì-e a-na ša ki-ma Ša-lim-A -šur , v, u-wa-še-er a-na a-wa-tim a-ni-a-tim ka-ru-um Ka-ni-iš i-dì-ni-a-tí-ma 5í-bu-tí-ni IGI GIR ša -šur ni-dì-in e. IGIA-ku-za IGI MAR.TU-Iba-ni IGI La-qe-pì-im Ptur₄₁-DINGIR DUMU A-mur-Htar I.e. tap-pa-i-r ni₁","Concerning the fact that Iddin-abum owes 24 minas of silver to Assur-bel- his son Su-Kubum has sealed the houses where Salim-Assur lives and taken out the maid and the slaves; but out of the iron that Salim-Assur claimed at the City Hall and invested in Iddin-Assur son of Assur-malik, and which they brought to Kanesh, Su-Kubum son of Assur-bel-awatim has taken Salim- Assur's share to cover Iddin-abum's debt, and he will release the houses, the maid and the slaves to Salim-Assur's representa- tives. The Kanesh colony has given us for these proceedings and we gave our testimony before the dagger of Assur. Witnessed by Akuza, by Amurrum-bani, by La-qepum. ltiir-ili son of Amur-IStar was our (absent) partner.",AKT 6a.pdf
48. kt 94/k 1044,KISIB A-ku-za DUMU Šu-A-nim KISIB MAR. TV-ba-ni DUMU Ma-na- na KISIB La-qe-ep DUMU Puzur₄-Htar a-na a-wa-tim r. a-ni-a-tim < ka-ru-um > Ka-ni-ii; i-dì-ni-a-/tí-ma IGI GfR ša A-šur Ší-bu-bu-tí-ni ni-dì-in I-tur₄-DINGIR DUMU A-mur-Htar tap-pa-i-ni,"Sealed by Akuza son of Su-Anum, by Amurrum-bani son of Manana, by La-qep son of Puzur-IStar. The Kanesh colony gave us for these pro- ceedings and we gave our testimony before Assur's dagger. ltiir-ili son of Amur-IStar was our (absent) partner.",AKT 6a.pdf
49. kt 94/k 1051A,"KISIB A-ku-za DUMU Šu-A-nim KISIB U-ra-a DUMU Ma-na-na KISIB {d}MAR.TU-ba-ni DUMU Ma-na-na KISIB La-qe- pi-lim DUMU {d}AB-ba-ni KISIB l-tur4-DINGIR DUMU A-mur-ŠŠt[ar] a-na r a-wa-ttm - a-m .,[ -a-tzm - ] ka-ru-um Ka-ni-iš i-di-ni-a-d-ma tup-pd-[am ša] Ši-bu-d-ni IGI GIR ša A-šur ni-di-in","Sealed by Akuza son of Su-Anum, by Uraya son of Manana, by Amurrum-bani son of Manana, by La-qepum son of Illil- bani, by ltiir-ili son of Amur-IStar. The Kanesh colony gave us for these pro- ceedings and we gave a tablet with our testimony before Assur's dagger.",AKT 6a.pdf
50. kt 94/k 1051B,"ša ki-ma 1-di-A -šur E DUMU Ku-bi4-di u Ku-la : I-di-a-bi4""im a-na hu-bu-lul I-di-a-bi4-im ik-nu-ku-ma am-tam : u IR i-na šal-Ši-im u-mì-im A-šur-i-mì-tiDUMU A-mur-DINGIR ša ki-/ma Šal-rna-A -šur 17 ma-na KB a-na il₅-ql/ma a-na hu-bu-ul 1-di-a-bi₄-im a-na ša ki-ma 1-di-A -šur u Ku-la: -ld-hu-um DUMU 1-di-Šu-en Li-ba-a DUMU U-zu-a u Šu-Be-lum DUMU Šal-rna-A-šur iŠ-qul-ma E-ti: am-tam u IR ša 1-di-a-bi₄-im a-na A-mur-DINGIR ša ki-ma Šal-rna-A -šur u-še-ru a-na a-wa-tim a-ni-a-tim ka-ru-um Ka-/nleš i-di-ni-a-ti-ma tup-pa-am ša H-bu-ti-ni IGI GIR ša -šur ni-di-in IGI U-ra-a: IGI A-ku-za IGI MAR.TU-ba-ni IGI La-qe-pì-im IGI 1-turrDINGIR","The representatives of Iddin-Assur son of Kiibi-idi and Kula sealed Iddin-abum's house because of Iddin-abum's debt, and they brought out the maid and slave. On the third day Assur-imitti son of Amur-ili, Salim-Assur's representative, borrowed 17 minas of silver against inter- est and paid it to cover Iddin-abum's debt to the representatives of Iddin-Assur and Kula: Alahum son of Iddin-Suen, Libbaya son of Uzuwa and Su-Belum son of Salim- Assur, and they released Iddin-abum's houses, maid and slave to Assur-imitti son of Amur-ili, Salim-Assur's representative. The Kanesh colony gave us for these pro- ceedings, and we gave a tablet with our testimony before Assur's dagger. Witnessed by Uraya, by Akuza, by Amur- rum-bani, by La-qepum, by ltiir-ili.",AKT 6a.pdf
51. kt 94/k 1272A,9 113 ma[-na KB] [ ... 1-d{-a-bi-im [li-mu ]-urn is-ti Sa-lim₁-a-r hi-im 1 ilrqe-u is-tu ha-mu-uS-tim I.e. [s]a -ku-[ za a-na 1 m[a-na-im i-ITI.KAM] 1 fl/2 1 GIN [TA] 1-di-a-bu-um,... 9 1/3 minas of refined silver ... of Iddin-abum the eponym(s) received from Salim-ahum. Reckoned from the week of Akuza Iddin- abum must pay interest at the rate 1 1h shekel per mina per month.,AKT 6a.pdf
52. kt 94/k 1272B,10 m[a-n]a KB [s']a 1-di-a-[bu-um] [a-n ]a ka-r ri-im 1 ribl-bu-lu 1 ma-na-urn 4 GIN n[ ]-hi-ir-ma 9₁ fl/3 1 [ma-n]a KB a-am] iS-ti Sa-lim-[ a-hi-]im 1-di-[A-šu]r DUMU Ba-bi4[-lim] e. u Puzur 4-A -šur li-ma-an il₅-qe-ma r. iš-tu ha-mu-u[š-tim] šaA-ku-za 1 1/2 GIN TA i-na [ITI.KAM] a-na 1 ma-na-im IGI A-šur-{d}UTU-ši [I]GI 1-di-A-šu[r],"Of the 10 minas of silver that Iddin-abum owes to the colony we deducted 4 shekels per mina and the two limmus Iddin-Assur son of Babilum and Puzur-Assur received 9 113 minas of refined silver from Salim- ahum, and reckoned from the week of Akuza he will pay interest at the rate 1 'h shekel per month per mina. Witnessed by Assur-samsi, by Iddin-Assur son of Assur-malik.",AKT 6a.pdf
53. kt 94/k 944,Ša-lim-A-šur u Šu-Be-lum um-ma Šu-Be-lum-ma a-na Ša-lim-A -šur-ma a-bi a-ta E a-na a-bi-a: a-na mì/-lma a-na a-wa-ti-ka ga-ma-ri-im : a-li-kam i-a-ti: i-pa-ni a-hi-e-/a KB ša ta.r da ₁-nim di-nam um-ma Ša-lim-A-šur-lma 15 ma-na KB a-ma [i]-na pa-ni a-he-ka [t]a-la-qe: a-ma Bu-zu-a [qalta-tu-a um-ma Ša-lim-A-;Tšur₁-ma [i-n ]a ga-ma-ar a-wa-tim [ki-m ]a ku-a-ti ma-nam e. [t]u-šUa-ab um-ma Šu-Be-/lum-ma Bu-zu-a u -gi-a ki-ma i-a-ti u-še-ša-1 ab r. KB ša i-pa-ni a-he-e-la ta-r da ₁-na-ni KB 2 Ši-na KB um-ma Ša-lim-A -šur-ma šu-ma-ba Bu-zu-a u -gi-a i-na ga-ma-ar : a-wa-tim r la₁ tu-uš-tUi-ib um-ma Šu-Be-lum-ma šu-ma Bu-zu-a u -gi-a-a i-ga-ma-ar a-wa-tim La uŠ-tUi-ib a.r na 1 5 ma-na KB ša Bu-lzu-a e-pu-li-ni mi-ma La ta-da-nam a-na a-wa-tim a-ni-a-tim ka-ru-um Ka-ni-iš i-di-ni-a-ti-1 ma e. IGI GIR ša -šur Ši-bu-ti-ni ni-di-in IGI En-na-nim IGI -gi-a [(_.)] diM-GAL DUMU Bu-zi tap-p[a-i-ni],"Salim-Assur and Su-Belum seized us and Su- Belum said to Salim-Assur: ""You are my father, I have come to con- clude your case about everything relating to my paternal house. Give me what silver there is to give before my brothers."" Salim-Assur answered: ""You will indeed receive 15 minas of silver before your brothers."" ""Now, Buzuwa is my guarantor."" Salim-Assur continued: ""At the conclusion of the matter who will you have sit down on your behalf?"" Su-Belum answered: ""I shal have Buzuwa and Agiya sit down for me. The silver that you will give me before my brothers, those two will deduct that silver for you."" Salim-Assur said: ""And if indeed you have not had Buzuwa and Agiya sit down when the case is concluded?"" Su-Belum answered: ""If I have not had Bu- zuwa and Agiya sit down at the conclusion of the case, you shall not give me anything for the 5 minas of silver that Buzuwa bal- anced for me."" The Kanesh colony gave us for these pro- ceedings, and we gave our testimony before Assur's dagger. Witnessed by Ennanum, by Agiya; Adad- rabi son of Buzi was our (absent) partner.",AKT 6a.pdf
54. kt 94/k 1043,KISIB En-na-nim DUMU A-ld-bi₄-im KISIBA-gi-a DUMU Puzurr/A-sur diM-GAL DUMU Bu-/zi tap-pa-i-ni a-na a-wa-tim [a-n ]i-a-tim ka-ru-[ um] [ Ka-n ]i-is i-df-ni-a-[tf-ma] tup-pd-am H-bu-tf-ni e. IGI GfR sa -sur r. ni-di-in,"Sealed by Ennanum son of Ali-abum, by Agiya son of Puzur-Assur; Adad-rabi son of Buzi was our (absent) partner. The Kanesh colony gave us for these pro- ceedings and we gave a tablet with our testimony before Assur's dagger.",AKT 6a.pdf
55. kt 94/k 1062,tup-pu-u ha-ru-mu-tum ša v me-er-e I-di-a-bi4-im,Certified tablets with my witnesses concerning the sons of Iddin-abum.,AKT 6a.pdf
56. kt 94/k 1015,"Ša-lim-A -šur ni-a-ti-ma] um-ma šu-ut-ma : a-na Šu-Be-lim u En-na-Šu-i[n-ma] GU u GU KB 1 2 a-na hu-bu-ul a-bi4-ku-nu i-na na-ru-qi-a u-ša-qi-[il5] ba-a-nim tup-pe-e ša hu-bu-ul a-bi4-ku-nu am-ra-ma KB-pi šu-uq-la-nim um-ma šu-nu-ma tup-pu me-eh-ru ša a-bi4-ni i-na ku-nu-uk Su-{d}EN.LfL A-mur-ŠŠtar u Šu-A-nim ka-an-ku-ma i-na A-lim{ki} i-ba-Ši-u šu-ma-ba i-li-bi4 e. a-birni ta-ab-tu-ra-am ša-al-ma-am i-na r. l. ki - tm I! , fa ta-mu-a um-ma Ša-lim-A -šur-ma a-na Šu-Be-lim-ma KB ša eq-lim a-na-ku pa-hu-ra-am qa-bi4-a-ku mì-šu-um iŠ-ti DUMU Da-da KB i-na Ha-hi-im tal-qe um-[ma Šu-Be-lum-ma] ke-na al-qe u E[ n-na-Šu-in] iš-al-ma um-ma šu-u[t-ma] ml-Šu-um i-Ti-me-el-[ ki-]/a KB tal-qe um-ma šu-ut-/ma šu-ma al-qe a-da-/gal-šu Ia i-ba-5í a-na a-wa-tim a-ni-a-tim ka-r ru ₁-u[m] Ka-ni-iš i-di-ni-a-ti-ma 5í-bu-ti-ni IGI GIR I.e. ša -šur ni-di-in IGI -ku-za IGI La-li IGI Šu-Ku-bi4-im IGI -šur-i-mì-ti IGI I-tur4-DINGIR","Salim-Assur seized us and said to Su-Belum and Enna-Suen: ""I have paid some 1 or 2 talents of silver for your father's debt out of my joint- stock capital. Come on, look at the tablets concerning your father's debt and pay me my silver."" They said: ""Our father's tablets and copies were sealed with the seals of Su-Illil, Amur-IStar and Su-Anum, and they are in the City. If indeed you can establish anything as owed by our father, will you refuse to take it complete in the City?"" Salim-Assur answered Su-Belum: ""I have personally promised to collect the silver that is in Anatolia. Why have you taken silver from Dada's son in Hahhum?"" Su-Belum answered: ""Yes, I took it."" So he asked Enna-Suen, saying: ""Why have you taken silver m Timel- kiya?"" He answered: ""I shall look whether I took any, but there is nothing."" The Kanesh colony gave us for these proceedings and we gave our tes- timony before Assur's dagger. Witnessed by Akuza, by Lalum, by Su- Kiibum, by Assur-imitti, by Itiir-ili.",AKT 6a.pdf
57. kt 94/k 1052A,KISIB -ku-za KISIB La-li-im₁ rKISIB₁ Šu-Ku-bi-im DUMU A-zu KISIB -šur-i-mì-ti DUMU 1-ku-pì- ŠŠtar KISIB 1-tur.r-DINGIR DUMU A-mur- ŠŠtar tup-pu-um ša ba-ab DINGIR-lim ša Ši-bu-ti-šu-nu ša IGI GfR ša [A-šur],"Sealed by Akuza, by Lalum, by Su-Kiibum son of Azu, by Assur-imitti son of Ikiin- pi-IStar, by Itiir-ili son of Amur-IStar. The tablet from the Gate of the God with their testimony from before Assur's dag- ger.",AKT 6a.pdf
58. kt 94/k 1052B,Ša-lim-A -šur r ₁-ba-at-ni-/a-ti-ma um-ma šu-ut-ma a-na Šu-Be.lim u En-na-Šu-lin-ma GU u GU KB 1 2 a-na hu-bu-ul a-bi-ku-nu i-na na-ru-qi-a u-ša-qi-il5 ba-a-nim tup-pe-e ša hu-bu-ul a-bi-ku-nu am-ra-ma KB-pi šu-uq-la-nim um-ma šu-nu-ma tup-pu u ma-ah-ru-u ša a-bi-ni i-na ku-nu-uk Su-{d}EN.LfL e. u -mur-Htar Šu-A -nim ka-an-ku-ma i-na A-lim{ki} i-ba-Ši-u r. šu-ma-ba : i-li-bi a-bi-ni : ta-ab-tu-ra-am šal-ma-am i-na -lim{ki} la-qa-am : la ta-mu-a um-ma Ša-lim-A -šur-ma a-na Šu-Be-lim KB ša GAN-lim a-na-ku pa-hu-ra-am qa-bi-a-ku ml-Šu-um iš-ti DUMU Da-da KB i-Ha-hi-im tal-qe um-ma Šu-Be-lum-ma ke-na al-qe u En-na-Šu-in iš-a-al-ma um-ma šu-ut-ma mi-šu-u i-Ti-me-el-ki-a KB tal-qe um-ma šu-ut-ma šu-ma al-qe e. a-da-gal-šu ta i-ba-H a-na a-wa-tim a-ni-a-tim ka-ru-um Ka-ni-iš i-dí-ni-a-ti-ma IGI GfR ša A-šur Ší-bu-tí- /ni ni-dí-in IGI A-ku-za IGI La-li-im IGI Šu-Ku-bi-im IGI A-šur-i-mi-ti IGI l-tur₄-DINGIR,"Salim-Assur seized us and said to Su-Belum and Enna-Suen: ""I have paid some 1 or 2 talents of silver for your father's debt out of my joint- stock capital. Come on, look at the tablets concerning your father's debt and pay me my silver."" They said: ""Our father's tablets and copies were sealed with the seals of Su-Illil, Amur-IStar and Su-Anum, and they are in the City. If indeed you can establish anything as owed by our father, will you refuse to take the full amount in the City?"" Salim-Assur answered Su-Belum: ""I have personally promised to collect the silver that is abroad. Why have you taken silver from Dada's son in Hahhum?"" Su-Belum answered: ""Yes, I took it."" So he asked Enna-Suen, saymg: ""Why have you taken silver in Timel- kiya?"" He answered: ""I shall look whether I took any, but there is nothing."" The Kanesh colony gave us for these proceedings and we gave our tes- timony before Assur's dagger. Witnessed by Akuza, by Lalum, by Su- Kiibum, by Assur-imitti, by ltiir-ili.",AKT 6a.pdf
59. kt 94/k 955,Ša-lim-A -šur Šu-Be-lum u En-na-Šu-in um-ma Šu-Be-lum-ma a-na Ša-lim-A -šur a-na mz-nim tu-ka-al-lni-a-tí um-ma Ša-lim-A -šur-ma a-na hu-bu-ul a-bi-ku-nu ša KB u-ša-qì-lu u-ka-al-ku-nu um-ma Šu-Be.lum-ma a-na ki tu-ka-al-ni-a-tí e. a-na 1 GU-at tu-ka-al-ni-a-tí um-ma Ša-lim-A -šur-ma lu GU lu GU 1 2 a-ma-La tup-pì ha-ru-mu-tim ša a-na hu-bu-ul a-bi-ku-nu KB u-ša-qi-lu u-ka-al-ku-nu u qa-dum a-na GU i-tu-ar 5 KB Šu-Be-lum uz-na-tí-ni t il₅-pu-ut ša ni-iš -[lim ta-mu-u lu-u ka-[i-ld] a-na a-wa-tim a-[ni-a-tim] e. ka-ru-um Ka-ni-iš i-dì-ni-a-tí-ma IGI GIR ša -šur H-bu-tí-ni I.e. ni-di-in IGI MAR.TU-ba-ni IGI Šu-Ku-bi-im,"While Salim-Assur, Su-Belum and Enna- Suen seized each other, Su-Belum said to Salim-Assur: ""Why do you detain us?"" Salim-Assur answered: ""I detain you because of the debt of your father, for which I paid silver."" Su-Belum asked: ""For how much silver do you detain us? Do you detain us for 1 talent or for 2 talents of silver?"" Salim-Assur answered: ""I detain you for either 1 or 2 talents ac- cording to the certified tablets, stating that I paid silver for the debt of your father. But including its interest it has become 5 talents of silver."" Su-Belum reminded us: ""Keep this in mind, what was sworn by an oath by the City."" The Kanesh colony gave us for these pro- ceedings and we gave our testimony before d A ssur , s agger. Witnessed by Amurrum-bani, by Su-Kubum.",AKT 6a.pdf
60. kt 94/k 948,um-ma me-er-u I-di-a-bi4-im-lma a-na Ša-lim-A -šur-ma a-na a-i-tim : tu-ka-al-ni-a-lti la-mz-id-ni-a-ti: um-ma Ša-lim-A -/šur- ma 43 ma-na KB i-naA-lim{ki} i-na na-ru-qi-a : i-na KB a-hi-e-em : i-na pi-i : 1-šu-ŠUDx hu-bu-ul : a-bi-ku-nu : aš-qul qa-ta-tum : a-na-ku : KB u : u : a-še-e-ku-nu a-na a-ni-tim : u-ka-al-ku-nu u a-ha-ma 8 ma-na KB Šu-Be-lum : ša-al-ti ša i-na Ha-hi-im il₅-qe-u e. Šu-Be-lam₅ we-di-šu-ma : a-še-e u tup-pz-a r. ša GANA-lim : a-mar-ma KB ma-La : hu-bu-ul a-bi-ku-nu : u-ša-qi-lu-u u ma-La KB-ap a-bi4-ku-nu al-qe-u : u-ra-am a-qa-bi-a-ku-nu-ti: a-na a-wa-tim a-ni-a-tim : ka-ru₁-um Ka-ni-iš: i-di-ni-a-ti-ma IGI GIR ša A-šur 5í-bu-ti-ni ni-di-in IGI La-qi-ep DUMU A-šur-ma-lik IGI A-ba-ta-na-nim DUMU A-šur-{d}VTU-ši IGI En-na-nim e. DUMU Am-ri-a,"The sons of Iddin-abum said as follows to Salim-Assur: ""For which things do you detain us? Inform us!"" Salim-Assur answered: ""I paid 43 minas of silver in the City from my joint-stock capital out of silver not my own on the order of Issu-arik to cover your father's debt. I am the guarantor: I sue you for the sil- ver, the interest and the compound inter- est. For these things I detain you. Furthermore, 8 minas of silver, my funds, that Su-Belum took in Hahhum, for that I sue Su-Belum alone. So, I shall check my tablets that are in An- atolia, and tomorrow I shall tell you how much silver I have paid for your fa- ther's debt, and how much silver belong- ing to you father I have received."" The Kanesh colony gave us for these pro- ceedings and we gave our testimony before d A ssur vv , s agger. Witnessed by Li-qep son of Assur-malik, by Abataniinum son of Assur-samsi, by Enniinum son of Amriya.",AKT 6a.pdf
61. kt 94/k 1029A,KISIB ka-r[i-i]m Ka-ni-iš ka-ru-um [di-na]m i-di-r ₁-ma [Ša-]lim-A -šur [tup-]pi-šu [u] mz-ma [K]B a-na hu-bu-ul e. 1-di-a-bi-im r. u-ša-qi-lu SUNIGIN KB a-na me-er-e 1-di-a-bi-im i-qa-be um-ma šu-ut-ma KBa-nam a-ha-a u-ša-qi-il5 e.,"Seal of the Kanesh colony: The colony has passed a verdict stating that Salim-Assur shall mention to Iddin- abum's sons his tablets and what silver he has paid to cover Iddin-abum's debt- all the silver, saying: ""This silver I paid in different places.""",AKT 6a.pdf
62. kt 94/k 1029B,ka-ru-um di-nam i-di-in-ma Ša-lim-A -šur tup-pu-šu a-Ši-bi-šu ma-la KB a-na hu-bu-ul 1-di-a-bi-im u-ša-qi-lu SUNIGIN KB a-na me-er-e 1-di-a-bi-im i-qa-bi um-ma šu-ut-ma e. KB a-nim a-ha-a r. u-ša-qi-il5,"The colony has passed a verdict stating that Salim-Assur must mention to the sons of Iddin-abum his tablets for his witnesses to how much silver - all the silver - he has paid to cover Iddin-abum's debt. He is to say: ""This silver I paid in different places.""",AKT 6a.pdf
63. kt 94/k 946,Ša-lim -A -šur it Šu-Be-lum DUMU 1-di-a-bi-im ni-ka-ši ma-ah-ri-ni i-ši-u-ma 1 GO 13 ma-[na] URUDU la-mu-na-am [ Šu ]-Be-lim Ša-lim-A-šit[r] i-di-i um-ma Ša-lim-A -šur-ma a-na Šu-Be-lim-ma i-pi-i 1-šu-ri-[ik] a-hi-a qa-tti-a[t] a-bi-ka a[l-ta-pa-at] e. lu r i-ba-ba-tí-lš1u] KB al-qi-ma r. a-na hu-bu-li-šu u-ša-qi-il5lu i-na na-ru-qi-a KB ma-d[a-ma] a-na hu-bu-ul a-bi-ka u-ša-qi-i/5 : al-kam tup-pi-a lu-ka-li-im-[ka] um-ma Šu-Be-lum-ma we-da-am : i-a-ti tu-la-ma-da-ni qa-dum : a-he-a-ma še-a-ni IGI PuzurrA-šur [IGI] En-na-nim e. [a]-na a-wa-tim r ₁-ni-a-tim ka-ru-um Ka-ni-iš i-di-ni-a-ti-ma IGI GfR ša -šur tup-pa-am [sa] 5í-bu-ti-ni: ni-di-in,"Salim-Assur and Su-Belum son of Iddin- abum settled accounts before us, and Salim-Assur submitted 1 talent 13 minas of bad copper as a claim on Su-Belum. Salim-Assur said to Su-Belum: ""On the orders of Issu-arik, my father, I wrote myself as your father's guarantor. I took silver from his outstanding claims and paid to cover his debt, and I paid a great deal of silver from my joint-stock capital for your father's debt. Come! Let me show you my tablets!"" Su-Belum answered: ""You inform me alone. Sue me together with by brothers."" Witnessed by Puzur-Assur, by Ennanum. The Kanesh colony gave us for these pro- ceedings and we gave a tablet with our testimony before the dagger of Assur.",AKT 6a.pdf
64. kt 94/k 951,Ša-lim-A -šur u Šu-Be-lum DUMU I-di-a-bi4-im ni-ka-ši ma-ah-ri-ni i-ši-u-ma 1 GU 13 ma-na URUDU La-mu-nam Šu-Be-lim Ša-lim-A -šur i-di um-ma Ša-lim-A -šur-ma a-na Šu-Be-lim-ma i-pi : 1-šu-ŠUDx a-bi4-a qa-ta-at a-bi4-ka al-ta-/pa-at e. lu i-ba-a-ba-ti-Šu r. KB al-qe-ma a-na hu-bu-li-šu u-ša-qi-/i/5 lu i-na na-ru-qi-a KB ma-da-ma a-na hu-bu-ul a-bi4-ka u-ša-qi-i/5: al-kam tup-pi-a lu-ka-li-im-/ka-ma um-ma Šu-Be-lum-ma mi-nam we-dam i-a-ti tu-La-ma-da-ni qa-di a-hi-a-ma e. ši-a-ni IGI Pu <zur4> -A-šur IGI En-na-nim a-na a-wa-tim a-ni-a-tim I.e. ka-ru-um Ka-ni-iš i-di-ni-/a-ti-ma IGI GfR ša A-šur ni-di-in,"Salim-Assur and Su-Belum son of Iddin- abum settled accounts before us, and Salim-Assur set down 1 talent 13 minas of bad copper as a claim on Su-Belum. Salim-Assur said to Su-Belum: ""On the orders of Issu-arik, my father, I wrote myself as your father's guarantor. I took silver from his outstanding claims and paid to cover his debt, and I paid a great deal of silver from my joint-stock capital for your father's debt. Come! Let me show you my tablets!"" Su-Belum answered: ""Why do you inform only me? Sue me together with my brothers."" Witnessed by Puzur-Assur, by Ennanum. The Kanesh colony gave us for these pro- ceedings and we gave (our testimony) before the dagger of Assur.",AKT 6a.pdf
65. kt 94/k 1010,[x x x x x] r x an-₁/ma-ma [ti-i]r-d: 1-šu-ri-ik [a-]rna 1 ?[ e-r ]i-a : i-li-kam-ma [x x x x x] Ši-ri-/ a-hi-šu [xx] ra₁-n[a ?]i-ri-a r x x x x x 1 KB i-r na 1 [x x x]: a-bi-ka: al-qe GU u marx x₁-ma [x x x] 1 [x x x] rna na 1 ]-ul [ .•• [X X x]-ka: Uša ki-(ma [x x x] r ₁-lim{ki}: ta-[ e. [e-r]u-ub-ma: tup-[pe1 ša a-bi₁-ka : lu-ld-[ m ]ì-id-ka-1 ma r. lu i-na -lim{ki} KB lu ta-ad-mì-qa-tim lu hu-bu-ul : a-r bi₁-ka KB ma-ša-am: u-ša-qi-i/5 um-ma šu-ut-ma : mz-nam : we-dam' i-a-tí: tu-la-ma-da-ni a-hu-u-a: ld-šu-u: šu-ma-ba KB tu-ša-qi-i/5 KB-ap-ka : ni-ta-pa-al IGIA-mur-{d}UTU IGI Na-ab-Šu-in DUMU {d}AB-ba-ni IGI 1-ku-pi-A-šur DUMU Šu-ŠŠtar a-na a-wa-tim : a-ni-a-tim ka-ru-um : Ka-ni-iiì i-di-ni-a-d-ma tup-pa-am e. IGI GIR ša A-šur [i-b]aJab₁ DINGIR-/im: ni-di-in :,"Issu-arik's instructions arrived to me, and let me inform you of your father's tablet and either in the City, whether silver from free loans or from the debt of your father, I had washed silver paid. He said: ""Why do you inform me alone? My brothers are not present. If you have had the silver paid then we shall balance your own silver."" Witnessed by Amur-Samas, witnessed by Nab-Suen son of Illil-bani, witnessed by Ikuppi-Assur son of Su-IStar. The Kanesh colony gave us for these proceedings, and we gave a tablet in front of Assur's dagger in the Gate of the God.",AKT 6a.pdf
66. kt 94/k 1048,ka-ru-um Ha-hu-um di-[na]m i-di-in-ma šu-ma Šu-Be-lum u En-na-Šu-in me-er-u I-di-a-bi₄-im a-na ka-ri-im Ka-ni-iiì iš-ti Šal-ma-A -šur e. a-li : i-ma-gu ₅-ru-ni la e-r ta-wu-u₁ lu-qu-tdm a-na Šal-ma-A -/šur u-šu-ru-u :A -ba pa-šler a-wa-tim,"The Hahhum colony has passed a verdict: If Su-Belum and Enna-Suen, Iddin-abum's sons, do not go to the Kanesh colony and do not meet with Salim-Assur and do not discuss in order to come to an agreement, then they must release the goods to Salim- Aba was the arbitrator.",AKT 6a.pdf
67. kt 94/k 1047,"ka-ri-im Ha-hi-i[m] Sealed di-nam i-di-in-ma Šu-Be-lum u En-[na-Š]u-in I-di-a-bi4-im sons, i-li-ku-u-ma Assur [Šal-]rna-A -šur la₁ i-r na ₁-me-ru-u-ma a-li ₅-ru-ni fa e-ta-wu-u a-na a-na Šal-ma-lA-šur :A -ba 10 Aha a-wa-tim","by the Hahhum colony. colony passed a verdict: Su-Belum and Enna-Suen, Iddin-abum's do not leave and meet with Salim- and do not discuss in order to come an agreement, then they must release goods to Salim-Assur. was the arbitrator.",AKT 6a.pdf
68. kt 94/k 997,GAL passed -šur stating Šu-Be-lum 5 agreement; v e. tablet . ₅-ru-m men u tup-pa-am 10 r. judges. be-el da-a-a-ni,"plenary assembly of the colony a verdict, that Salim-Assur and Su-Belum on very day must make declarations, and must discuss in order to come to an further, they must deposit the from the City assembly and of the who settled their affair before the",AKT 6a.pdf
69. kt 94/k 1533,"[ka-ru-um ... ] [di-nam] r ., [d' . ] t - t-tn-ma Ša-lim-A -šur u me-er-u 1-di-a-bi-/im i-na ki-dim e. a-hu-um a-na r. a-hi-im da-na-šu i-qa-be a-di 3 U4-me ma-ma-an GAN-lam i-na ba-ri-šu-nu u-la i-la-ak","The ... colony passed a verdict, stating that Salim-Assur and the sons of Iddin-abum will each say binding words to each other outside (the city). Within 3 days no one among them may go away (from here).",AKT 6a.pdf
70. kt 94/k 953,"[ŠJa-lim-A-šur a-na me-erJe₁ r Jl-di-a-birim [ ikba < -at> -ni-a-ti-ma um-ma [ŠJa-lim-A -šur-ma a-na tup-pì-;T im 1 [S)a -lim{ki} ša [ub-l]d-ni u Ši-ma-tim [ m ]z-ma ta-tu-ra-nim ša 7 um-me-a-nu a-wa-tí-ni ig-mu-ru-ni um-ma me-er-/u I-di-a-bi4-im-ma ša-la-aJ-tu-ma šu-nu a-na mz-ma ' šu-um-šu v v la ni-tu-ra-kum um-ma Šu-Be-lUm-ma a-na lu-qu-tim ša e. a-na-ku : a-še-e-ka um-ma a-hu-šu-ma ne-nu u-ta ni-tu-ra-kum um-ma ša-tim-A -šur-ma ša ni-iš -lim{ki} ta-mu-u lu u-ka-r aíl ki-ma a-na a-wa-tim ga-am-ra-tim i-tu-[ru] um-ma Šu-Be-lum-ma: ZU [x x x] a-he-e-a KB u tu-ma-li um-ma [Ša-lim-A-Š]ur-ma dí-ik-ma-am u nu-ra-am u-ma-li IGI Puzur.,-ŠA.TU IGI EN.LIL-ba-ni IGI A-šur-GAL a-na a-wa-tim [a-]ni-a-tim ka-ru-um Ka-ni-iš [i-di-]ni-[a-ti-ma 5í-bu-ti-ni] rni-di-in 1","Salim-Assur seized us in his case against the sons of Iddin-abum and Salim-Assur said: ""Do you contest the tablet from the City assembly that the attorney brought as well as the testament according to which 7 investors concluded our case?"" Iddin-abum's sons answered, all three of them: ""We do not contest anything against you."" Su-Belum said: ""I sue you for the goods from Assur-bel- His brothers said: ""As for us, we have no claims against you."" Salim-Assur said: ""Keep in mind what has been sworn by an oath by the City, since he (now) raises claim in a concluded case!"" Su-Belum answered: ""Have you paid in full ... of my brothers, the silver and its interest?"" Salim-Assur said: ""I have paid in ashes(?) and light."" Witnessed by Puzur-sadu' e, by Illil-bani, by Assur-rabi. The Kanesh colony gave us for these pro- ceedings and we gave our testimony.",AKT 6a.pdf
71. kt 94/k 1731,"ma-la lu-qu-tum a-na -šur-be-el-a-wa-tim i-pi-iq-du-ma Ša- v ,. zm-A -šur V' / V / / / šu-ma a-na Šu-Ku-bi-im ma-ma-an i-tu-a-ar Ša-tim-A -šur u-ba-ab-šu IGI A-šur-ma-lik DUMU A-la-hi-im IGI A-šur-i-mz-tí e. D UMU 1-ku-pi-Htar IGI En-na-Šu-in r. DUMU Šu-Htar","With regard to what goods had been en- trusted to Assur-bel-awatim and which Salim-Assur had taken out, if anyone raises claim against Su-Kiibum, Salim- Assur will clear him. Witnessed by Assur-malik son of Ali- ahum, by Assur-imitti son of Ikiin-pi-IStar, by Enna-Suen son of Su-IStar.",AKT 6a.pdf
72. kt 94/k 1039A,KISIB Ku-la a-hu-u Šu-ku-tim KISIB Puzur₄-Tí-a-am-tim DUMU ŠŠtar-pa-li-il5 KISIB En-um-A-šur DUMU Ka-ri-a KISIB En-na-Šu-in DUMU 1-dì-a-bi-im KISIB -nu-li a-hi-šu lu-qu-tam ša ša-lim-A -šur ša i-na Ha-hi-im E 1-šu-ri-ik [u] me-er-u 1-dì-a-[bi-]im r. r a-rna ₁-la tup-pì-im ša dì-in -lim{ki} ša Ka-ku-a ub-la-ni a-na lu-qu-tim Šl-a-tí En-na-Šu-in u -nu-li a-na Ša-lim-A -šur [ u-]La i-tuJ ru 1,"Seal of Kula brother of Sukkutum, seal of Puzur-Ti'amtum son of IStar-palil, seal of Ennam-Assur son of Karria, seal of Enna- Suen son of Iddin-abum, seal of Anuli his brother. As to the goods belonging to Salim-Assur that were in Hahhum in the house of lssu- arik, and which the sons of Iddin-abum seized - in accordance with the tablet with a verdict of the City that Kakuwa brought, Enna-Suen and Anuli must not raise claim against Salim-Assur with re- spect to these goods.",AKT 6a.pdf
73. kt 94/k 1039B,lu-qu-tam ša ša-lim-A -šur ša i-na Ha-hi-im E 1-šu-ri-ik u me-er-u 1-dì-a-bi-im i-na Ka-ni-iš :E,"As to the goods belonging to Salim-Assur that was in Hahhum in Issu-arik's house, and which Iddin-abum's sons seized and entrusted in the house of Assur-bel- awatim in Kanesh - in accordance with",AKT 6a.pdf
75. kt 94/k 839,"um-ma -šur-ma-lik u Ša-lim-A -šur a-na From Ša-lim-A -šur Salim-Assur: qí-bi-ma la-ma -šur-ša-du-e i-li-ka-ma Before la-ma tup-pí-ka ub-la-ni ITI.2.KAM-ma brought Šu-Be-lum months i-pa-ni -šur-ša-du-e i-li-kam-ma seized Šu-Be-lum Šu-Ku-ba-am DUMU -šur-be-el-a-wa- 5 assembly, tim u a-hi-šu a-na -lim{ki} ir-de₈-šu-nu-ma u ne-nu a-wa-tam nu-ta-er-ma um-ma ne-nu-ma ""Their a-wa-tu-šu-nu matter VA l' ki . ' gam-ra , a-na ša v m-zš .. - zm z-tu-a-ar -lum{ki} dí-nam i-dí-in-ma : Šu-Be-lum u DUMU.Mf Belum rí-šu₁-ŠUDx₁ a-na Šu-Ku-bi-im u a-hi-šu la 10 raise i-tu-ru ther. [Šu-Ku-]bu-um a-na Ka-ni-iŠ i-la-ak-ma Su-Kubum 1-tur -rDINGIR ltur-ili u ku-a-tí a-na Šu-Be-lim u-ka-an ki-ma he lu-qu-tam ip-qí-da-ku-nu-tí-ni :ša a-na gam-ra-tim Since a-na ša ni-iš -lim{ki} i-tu-ra-ku-ni ta-ld-kam-ma a-di MU.l.SE a-wa-tam a-na E a-bi-ka: ta-da-an SAG ITI.l.KAM Be-el-ti-E.GAL-lim li-mu-um E-ld-li DUMU 1-ku-nim: a-pu-tum tup-pi-ka H-bi-ka da-a-a-ni-/ka 'k' 1. ki ga-me-er a-wa-tz- :ša v a-na - zm i-ld-ka-ni li-li-kam : ša la i-ld-ka-ni ša-ši-ha-am tup-pi-ka u Ši-bi-ka da-ni-in-ma : al-kam-ma : a-wa-tam t a-na a-bi-ka di-in : šu-ma la ta-li-kam GU AN.NA u 1 me-at ku-ta-nu i-ld-qe-lt tup-pu šu-a-It-tum ša Ši-be-šu : IGI -lim{ki} i-5í-ik-nu-ma a-na E -lim{ki} e-ta-ar-bu-ma E' ,. ki-b A- zm z- a-šz-u V// : tup-pa-am / ha-ar-ma-am ša ku-nu-uk ru-ba-im u-ka-al ša a-di rMU₁.1.SE ta-ld-kam-ma: a-wa-tdm ta-du-nu-šu-ni ki-ma iš-tit ITI.2.KAM: a-wa-tum gam-ra-at-ni tup-pi ša -šur-ša-du-e DUMU MAS ub-la-ni ni-iš-ta-me-ma : ni-iš-ta-al-ma e. a-na -lim{ki} la ni-tu-wa-ar 10 ma-na KB Ku-zi-zi-a ub-lam 10 ma-na KB Hi-na-a ub-lam-ma 20 ma-na KV r. i-hu-bu-li-lka wa-ar-ki-tam-ma : Šu-Be-lum i-li-kam-ma um-ma Šu-Be-lum-ma a-na Hi-na-a-ma 20 ma-na KB ku-nu-ki ap-qí-da-kum rHi-₁na-a i-na la mu-dí-u-tí-Šu : iš-tí-ni ld iš-ta-al um-ma šu-ut-ma ke-na ta-ap-qí-dam ta-aš-al-ma : šu-ma la ub-lu ₁-nim :E r DAM. GAR a-ša-am-rna a-ša-qa-ld-kum um-ma Šu-Be-lum-ma 10 ma-na KB ša Ku-zi-zi-a: ub-ld-ni: ša-li-it Hi-na-a i-na a-wa-tim i-bu-ma 10 ma-na KB E u DAM. GAR il5-qi-ma iŠ-qul tup-pa-am ha-ar-ma-lam Hi-na-a il5-qe ša i-hu-bu-li-ka iŠ-ti-ni-iš 30 ma-na KB r i₁-hu-bu-li-ka KB a-na Hi-na-a še-bi-lam-ma ld a-na a-wa-tim ša A-šur-ba-lni pa-šum A-lamli im-hu-ur-ma um-ma šu-ut-ma er'-bu-um šu-ma-mì-in wa-aš-ba-tí: a-wa-ršu₁ a-na pi-e i-dí-u-mì-in :a-na na-aq-bi-tim ša ta-aq-bi-u um-ma a-ta-ma -lum{ki} dí-ni li-dí-in 1 ma-na 10 GIN KB ta-ša-qal a-na ša er-ba-am iz-ku-ru-ma ld u-ka-i-nu-ka šu-ma-mì-in ta-li-kam : me-et-mì-in 1 ma-na 10 GIN KB ni-il5""qìma ni-iš-qul KB še-bi-lam a-pu-tum a-na a-wa-tim a-ni-a-tim ld ta-ša-ld-at al-kam-ma : E a-bi-ka zu-ku um-me-a-nu-ka mì-nam e-pu-šu-ka : na-pa-al-tam ša-šu-ha-ku i-bi-ša-e-ka : la ta-da-gal : pa-ni i-li-ka : ta ta-še-e : a-pu-tum ki-ma e. tup-pa-am ta-aŠ-me-u tup-pì-ka u Ší-be-ka da-ni-in-ma : tí-ib-a-ma I.e. a-tal-kam i-na ha-am-ri-im : a-dì ha-am-H-šu ha-li-ip-ta-ka za-ak-ra-at u ' l' ta-a 'b -ta-aš a-a-am u4-ma-am tu-qa-a /II ? ' /","Assur-malik and Salim-Assur to Assur-sadue came and before he your letter, Su-Belum came -two before Assur-sadue- and Su-Belum Su-Kubum son of Assur-bel-awatim his brother, and led them to the City and then it was us who rebuffed matter and said: case is closed. He is reopening a which has been sworn by the City."" City assembly passed a verdict that Su- and lssu-arik's daughter must not claim against Su-Kubum and his bro- will go to Kanesh to confirm and you to Su-Belum, (namely) that entrusted the merchandise to you (plur.). he raised claim against you for every- thing that had been sworn by the City, you are to come and within 1 year you are to open the case for your paternal house. Be- ginning of the month Belat-ekallim, eponymy Elali son of Ikunum. Urgent, as to your tablets, your witnesses, your judges and those who settled your case -let he who will go to the City come here, extradite the one who will not go - confirm your tablets and your witnesses, come and open the case for your paternal house! If you have not come, they will take 4 talents of tin and 100 kutanuš on your account. The tablets belonging to him with his wit- nesses have been placed before the City as- sembly and they have entered the City Hall and are in the City Hall. He holds a ceni- fied tablet sealed by the king, stating that you are to come within 1 year and that you must answer his case. Since the matter was concluded 2 months ago, we heard the tab- lets that Assur-sadue son of Tu'imum brought, and we made enquiries but we will not go back to the City assembly. Kuziziya brought 10 minas of silver; Hinnaya brought 10 minas of silver and 20 minas of silver has been deducted from your debt. Then later Su-Belum came and Su-Belum said to Hinnaya: ""I entrusted 20 minas of sealed silver to you."" Hinnaya without those who know did not confer with us, but said: ""Yes, you did entrust it to me. I shall ask, and if they did not bring it I shall buy it in a merchant-house and pay you."" Su-Belum said: ""The 10 minas of silver that Kuziziya brought, are available."" Hinnaya gave in in the matter and borrowed 10 minas of silver from a merchant-house and paid, and Hin- naya got a certified tablet stating that it will be deducted from your debt. In all, 30 mi- nas of silver will be deducted from your debt. Send the silver to Hinnaya so the interest will not hurt you. In the matter concerning Assur-bani ... he turned to the City assembly and said: ""A bribe!"" Had you been present would they (not) have treated his word like chaff? For the statement you made, namely: ""Let the City judge my case!"" - you are to pay 1 mina 10 shekels of silver. As he claimed that it was a bribe, but did not prove it against you, if you had come, would he (not) be dead? We borrowed 1 mina 10 shekels of silver against interest and paid. Send silver. Urgent, do not act superior in this matter! Come and clear your paternal house. What can your investors do for you? You have no answer for them except saying: ""I have been extradited."" You do not consider your losses. You do not seek your god's face. Urgent, when you have heard the letter, secure your tablets and your witnesses, set out and come! In the sacred precinct you have been accused five times already! Are you not ashamed? How long are you going to wait?",AKT 6a.pdf
76. kt 94/k 841,"um-ma -šu[ r-ma-lik Ša-lim ]-A -šur u From 1-lí-a-[ rna a-na Ša-lim -A -š1ur qì-bi-ma Salim-Assur: la-ma -šur-šta-du-e i]-li-ka-lni la-ma tup-pí-k[a ub-la-ni ITL2].KAM Šu-Be-lum i-pa-ni A-šur-[ša-du-e i]-li-kam-lma Šu-Be-lum Šu-Ku-ba-am DUMU -šur-[ be-el]-a-wa-tim u a-hi-šu a-na -lim{ki} ir-deš-šu-nu-[ma] u ne-nu [a-wa-tam] nu-ta-er-ma um-ma ne-nu-[ ma ]-wa-tu-št u-nu ga-am ]-ra a-na ša ni-iš -lim[kzl i-tu-[ a-ar] -lum{ki} dí-nam i-dí-in-ma Šu-B[e]-/Um u DUMU.[Mf 1-š]u-ŠVDx u a-na Šu-Ku-bi-im a-hi-šu [Ia] i-tu-ru Šu-Ku-bu-um a-na Ka-ni-iš i-la-ak-ma r 1-tur4-₁1DINGIR u ku-a-tí a-na Šu-Be-lim u-ka-an : ki-ma lu-qu-tam ip-qí-da-ku-nu-tí-ni ša a-na gam.r ra-tim 1 a-na ša ni-iŠ -lim{ki} i-tu-ra-ku-ni ta-la-kam-ma a-dìMU.LŠE a-wa-tam a-na E a-bi-ka ta-da-an SAG ITU.LKAM Be-el-te-E.GAL-lim li-mu-um E-ld-lí DUMU 1-ku-nim : a-pu-tum tup-pí-ka H-bi4-ka da-a-a-ni-ka : ga-me-er a-wa-tí-ka ša a-na A-lim{ki} i-la-ka-ni li-li-kam ša La i-la-ka-ni u ša-šì-ha-am tup-pí-ka 5í-bi-ka da-ni-in al-kam-ma a-wa-tam a-na E a-bi-ka dí-in-ma šu-ma la ta-li-kam GU 4 AN.NA u me-at ku-ta-nu i-la-qlu 25 tup-pu šu-a-u-tum :ša H-bi₄-šu : IGI A-lim{ki} E i-H-ik-nu-ma :a-na -lim{ki} e-ta-ar-bu E -lim{ki} i-ba-H-u tup-pa-am e. r ha ₁-ar-ma-am ša ku-nu-uk ru-ba-im Šu-Be-lum u-ka-rat₁ [ša a-diM]V.l.ŠE a-wa-tam ta-d[u-nu-šu-ni ki-ma iš-t]u ITU.2.KAM a-wa-tum gam-ra-[at-ni tup-pi ša] -šur-ša-du-e ub-la-ni ni-iŠ-[ ta-me-ma ni-iŠ-t ]a-al a-na -lim{ki} [la] ni-[tu-wa-ar 10 ma]-na KB [Ku-zi]-z[i-a ub-lam] 10 ma-na KB Hi-na-a [ub-lam]-ma 20 ma-na KB i-hu-bu-li-ka [ wa-ar ]-ka-tam-ma Šu-Be-lum i-li-kam-ma um-ma [šu-ut]-ma a-na Hi-na-a-ma 20 ma-na KB [ku-nu-ki] ap-qí-da-kum Hi-na-a i-na [la mu-di-u-]r ti-šu 1 um-ma Hi-na-a-ma ke-na tap-qi-dam [la-aŠ-a]l-ma šu-ma la ub-lu-nim .E DAM. GAR [a-ša-am]-ma: a-ša-qa-la-kum um-ma Šu-Be-lum-ma [10 ma-na] KB ša Ku.r ku ₁-zi-a ub-la-ni ša-liìit] [ Hi-na-a] r i-na a-wa-tim i-bu-m/₁ 10 ma-na [KB] [E DAM .G ]R il5""qe-ma iš-qul u 1 r tup-p[ a-am] it ha-ar-ma-a ]m r Hi-na-a il₅-qeša i-₁ h[ u-bu-li-ka r iš-te-ni-i530 ma ₁-[na KB] ka: [KB a-na from Hi-na-a] r la . vAv b -r,išv a-na a-wa ] -ttm ša -šur- a-nt pa- -šum- i!1 50 A-l[am₅ im-hu-ur-ma] fronted x]-ma-ma ŠU-ma-mz-in wa-a[š-ba-tz1 Had X ]u r a-na mi-šu.iš₁ i-di-u[ -mi-in] have na-a]qJbi-tim ša um-ma a-[ta-ma For A-lum{ki}] ""May li-di-in 1 ma-na 10 GIN KB pay ta-ša-qal ša er-ba-am : iz-ku-ru-ma la 55 Since [u]-ka-i-nu did mi-in 1 wa-aŠ-ba-ti me-et-mi-in would ni-ilyqe-ma ni-iš-qul We še-bi-lam a-p[u-tum a-na a-w]a-tim paid Ia t[a-š']a-l[a-a]t al-kam-ma perior um-me-a-nu-k[a miF nam 1 e. What e-pu-šu-ka have r fal [ ti-šu-]r šu-nu-ti 1 um-ma 60 have a-ta-lma u-h ]a-ku ta ta-da-gal pa-ni i-[li-ka la] l.e. You ta-še-e a-pu-tum not tup-pa-am ta-aŠ-me-u tup-pi-ka [u soon Ši-be-ka da ]-ni-in-ma strengthen a-t[al-kam x x x x x x x x x] set ... i-[ 65","Assur-malik, Salim-Assur and Iliya to Before Assur-5adu' e arrived, before he brought your letter, Su-Belum arrived two months before Assur-sadu'e, and Su-Belum seized Su-Kiibum son of Assur-bel-awatim and his brother and conducted them to the City assembly, and then it was us who re- buffed the matter, saying: ""Their case is closed. He is reopening a mat- ter that has been sworn by the City."" The City passed a verdict, stating that Su- Belum and Issu-arik's daughter must not raise claim against Su-Kiibum and his bro- ther. Su-Kiibum must go to Kanesh to make you and Itiir-ili confirm to Su-Belum that he entrusted the goods to you. Since he has raised claim against you for everything that had been sworn by the City, you must come and open a case for your paternal estate within one year. Dated the beginning of the month Belat-ekallim, the eponymy of Elali son of Ikiinum. Urgent! As to your tablets, your witnesses, your judges, those who settled your affair - he who will come to the City should come; he who will not come you must extradite - confirm your tablets and your witnesses! Come and give a lawsuit for your paternal estate, for if you do not come, they will take 4 talents of tin and 100 kutiinuš on your account. The tablets belonging to him with his wit- nesses have been put before the City as- sembly and they have entered the City Hall. They are in the City Hall. Su-Belum holds a certified tablet with the king's seal, stating that you must give him a lawsuit within one year. Since the matter was concluded two months ago, when we heard the letters that Assur-sadu'e brought, we made inquiries but we did not go back to the City assem- bly. Kuziziya brought 10 minas of silver; Hinnaya brought 10 minas of silver, and 20 minas of silver have been deducted from your debt. Later on Su-Belum came and he said to Hinnaya: ""I entrusted 20 minas of silver to you."" Without those who know about it Hinnaya informed him and said: ""Yes, you entrusted (that) to me. I shall make inquiries, and if they did not bring it, I shall buy it at a merchant's house and pay you."" Su-Belum said: ""The 10 minas that Kuziziya brought is available."" Hinnaya gave in in the matter and borrowed 10 minas of silver from a merchant's house and paid him. Also, Hin- naya received a certified tablets stating that will be deducted from your debt. all, 30 minas of silver will be deducted your debt. Send the silver to Hinnaya the interest will not make you suffer. the matter concerning Assur-bani ... con- the City assembly and ... you been present, would they (not) treated his words as chaff? the statement where you said: the City judge my case"", you are to 1 mina 10 shekels of silver. he formally mentioned a bribe but not prove it, had you been present, he (not) be dead? borrowed the silver against interest and it. Send silver. Urgent! Do not act su- in this matter! Come and clear it up. can your investors do for you? You no answer to them, except saying: ""I been extradited!"" do not consider your losses, you do seek the face of your god! Urgent! As as you have heard the letter, your tablets and your witnesses, out and come! An attorney ...",AKT 6a.pdf
77. kt 94/k 576,a-wa-tu-šu-nu ša Ša-lim-A -šur Šu-Be-lum ki-ma DAM 1-šu-ŠUDx DUMU.Mf 1-šu-Š[UDx] u DUMU.Mf 1-dí-a-bi-im u Šu-Be-lum KI Ša-lim-A -šur ni-iš -lim it-mu-u-ma a-wa-tu-šu-nu gam-ra-ma a-na r lu-₁[qu-tim] u AN.NA [TUG.HI.]A ša E -šur-he-el-a-[ wa-tim] i-pí-iq-du ša ma-l[ a] dì-in -lim Šu-Ku-bu-um u a-hu-šu i-lu-ku-ni-m[a] Ša-lim-A -šur a-na lu-qu-tim AN.NA e. u TUG.HI.A Ša-lim-A-šur u-ka-nu-ni -šur-ta-ak-la-ku r. a-na lu-qu-tim a-ni-tim Šu-Bi-lum a-ša-at 1-šu-ŠUDx DUMU.Mf 1-šu-ŠVDx u DUMU.Mf 1-dí-a-bi-im a-na Ša-lim-A -šur Šu-Ku-bi-im u a-hi-šu u-ta i-tu-ru šu-ma i-tu-ru Šu-Be-LAM u u-bu-bu-šu-nu IGI {d}MAR.TU-ba-ni DUMU Ma-na-na IGI A-šur-i-dì DUMU Mu-mu-ld-nim IGI Šu-Ku-bi-im e. DUMU A-šur-i-dì IGI Šu-ma-li-ba-A -šur DUMU Ku-uš-ku-šì-im,"Their case concerning Salim-Assur- Su-Belum for the wife of Issu-arik, the daughter of Issu-arik and the daughter of Iddin-abum, the attorney and Su-Belum swore an oath on the City with Salim- Assur and their case was concluded: For the goods, the tin and textiles that have been entrusted in Assur-bel-awatim's house in accordance with the verdict of the City assembly Su-Kubum and his bro- ther will come and confirm Salim-Assur for the goods, the tin and textiles. Assur-taklaku was the attorney. Su-Belum, the wife of Issu-arik, the daugh- ter of Issu-arik and the daughter of Iddin-abum must not raise claim to these goods against Salim-Assur, Su-Kubum or his brother. If they do raise claim, Su- Belum and the attorney will clear them. Witnessed by Amurrum-bani son of Ma- nana, by Assur-idi son of Mumulanum, by Su-Kubum son of Assur-idi, by Summa- libba-Assur son of Kuskusum.",AKT 6a.pdf
78. kt 94/k 1273A + B,1-dì-a-bi-im a-wa-tu-šu-nu ša Šdl-ma-A -šur Šu-Be-lam ki-ma DAM 1-šuJŠUDx 1 DUMU.Mf 1-šu-ŠUDx u DUMU.Mf 1-di-a-bi-im u Šu-Be-lum KI Ša-lim-A -šur ni-iš A-íim{ki} it-mu-u-ma a-wa-[tu-šu-nu] gam-ra a-na lu-qu-tim AN.NA u TUG.HI.A ša E A-šur-bi-el-a-wa-[tim] i-pi-iq-du ša ma-ld d[i-in] A-lim{ki} Šu-Ku-bu-um rul a-hu-šu i-lu-ku-nim-ma [(.)] [(x) Ša-]lim-A -šur a-n[ a] [lu-qu-tim AN.NA] u TUG[.HI.A] [ Ša-lim-A -šur u-ka-nu-ni] [A -šur-ta-ak-la-ku [a-na lu-qu-tim a-ni-tim] [Šu-Be.lum a-ša-at 1-šu-ŠVDx] [DUMU.Mf /-su-SUDx] [u DUMU.Mf 1-di-a-bi-im a-na] [Ša-lim-A-šur Šu-Ku-bi-im] [u a-hi-šu u-la i-tu-ru] [šu-ma i-t]u-ru Šu-Be-lUm r u ra u-bu-bu-šu-nu,"Their case concerning Salim-Assur- Su-Belum for the wife of Issu-arik, the daughter of Issu-arik and the daughter of Iddin-abum, the attorney and Su-Belum swore an oath on the City with Salim- Assur and their case was concluded: For the goods, the tin and textiles that have been entrusted in Assur-bel-awatim's house, in accordance with the verdict of the City assembly Su-Kubum and his bro- ther will come and confirm Salim-Assur for the goods, the tin and textiles. Assur-taklaku was the attorney. Su-Belum, the wife of lssu-arik, the daugh- ter of Issu-arik and the daughter of Iddin-abum must not raise claim to these goods against Salim-Assur, Su-Kubum or his brother. If they do raise claim, Su-Belum and the attorney will clear them.",AKT 6a.pdf
79. kt 94/k 1273C,a-wa-tu-šu-nu ša Šal-m[a-A-šu]r Šu-Be-[lum ki-ma DA]M J.rsu-SUDx₁ DUMU.[MI] /-[su-SUDx] u₁ r [DUMU].Mf 1-di-a-[bi-im] [u] Šu-Be-lum [KI Ša-l]im-[A-šur] [ni-iš A-lim{ki} it-mu-u-ma] [a-wa-tu-šu-nu gam-ra] break u a-hu-[šu] r. r i₁-lu-ku-ni-[ rna ŠJa-lim-A -šur a-na lu-qu-tim AN.NA ru₁ TUG.HI.A Ša-lim-A-šur [ u-k ]a-nu-ni -šur-t[a ]-/ak-la-ku r ra-bi₁-ṣu-um a-na lu-qu-tim a-ni-tim Šu-Be-lum a-ša-at 1-šuJŠUDx 1 DUMU.Mf 1-šu-ŠUDx u DUMU.Mf 1-dí-a-bi-im a-na Ša-lim-[A-]Šur Šu-Ku-bi4-im u a-hi-šu u-ta i-tu-ru šu-ma i-tu-ru Šu-Be-lum u MASKIM r u-bu ₁-bu-/šu-nu e. [IGI {d}MAR.TU-ba-ni] IGI -šur-i-dí IG[I Šu-Ku-bi-im] IGI Šu-ma-li-ba-A-šu[r],"Their case concerning Salim-Assur- Su-Belum for the wife of lssu-arik, the daughter of Issu-arik and the daughter of Iddin-abum, the attorney and Su-Belum (on his own) swore an oath on the City with Salim-Assur and their case was con- cluded. Su-Kubum and his brother will come and confirm Salim-Assur for the goods, the tin and textiles. Assur-taklaku was the attorney. Su-Belum, the wife of Issu-arik, the daugh- ter of Issu-arik and the daughter of Iddin-abum must not raise claim to these goods against Salim-Assur, Su-Kubum or his brother. If they do raise claim, Su-Belum and the attorney will clear them. Witnessed by Amurrum-bani, by Assur- idi, by Su-Kubum, by Summa-libbi-Assur",AKT 6a.pdf
80. kt 94/k 1027 A,"KISIB ka-ri-im Ka-ni-iš ka-ru-um d[í-na]m . d, . [ ] rt z- z-zn- rna a-na u 1 -qu-tzm , . ma-la a-na [A -šur-]be-el-a-wa-tim i-pí-iq-du-ma Ša-[lim-A -š1ur e. tup-pa-am ša ku-nu-ki-šu Ša-lim-A -šur r. a-na Šu-Ku-bi-im i-da-an a-na Kur-ub-ŠŠtar Šu-Ku-bu-um u-la i-tu-a-ar šu-ma a-na Šu-Ku-bi-im ma-ma-an I.e. i-tu-a-ar Ša-lim -A -šur u-ba-ab-šu","Seal of the Kanesh colony. The colony has passed a verdict: for all the goods that were entrusted to Assur-bel- awatim, and which Salim-Assur had taken out, Salim-Assur will give a tablet bearing his seal to Su-Kubum. Su-Kubum will not raise claim against Kurub-IStar. If anyone raises claim against Su-Kubum, Salim-Assur will clear him.",AKT 6a.pdf
81. kt 94/k 1027B,"ka-ru-um di-nam i-di-in-ma a-na lu-qu-tim ma-la a-na -šur-be-el-a-wa-tim i-pi-iq-du-ma Ša- v / zm-A -šur v' , v' , ' # tup-pa-am ša ku-nu-ki-šu Ša-lim-A -šur a-na Šu-Ku-bi-im e. i-da-an a-na r. Kur-ub-ŠŠtar Šu-Ku-bu-um u-la i-tu-a-ar šu-ma a-na Šu-Ku-bi-im ma-ma-an i-tu-a-ar Ša-lim-A -šur u-ba-ab-šu","The colony has passed a verdict: for all the goods that were entrusted to Assur-bel- awatim, and which Salim-Assur had taken out, Salim-Assur will give a tablet bearing his seal to Su-Kubum. Su-Kiibum will not raise claim against Kurub-!Star. If anyone raises claim against Su-Kubum, Salim-Assur will clear him.",AKT 6a.pdf
82. kt 94/k 1046A,"KISIB Ni-mar-Htar DUMU Puzur4-A-šur rKISIB 1 EnJ nam ₁-A -šur DUMU Ka-rri,-a A-SUr-na-da DUMU Su-{d}EN.LfL tap-pa-i-ni a-na a-wa-tim a-ni-a-tim ka-ru-um e. Ka-ni-iŠ i-dì-ni-a-tí-ma r. IGI GfR ša A-šur 5í-bu-tí-ni ni-dì-in","Sealed by Nimar-IStar son of Puzur-Assur, by Ennam-Assur son of Karriya; Assur-nada son of Su-Illil is our (absent) partner. The Kanesh colony gave us for these pro- ceedings and we gave our testimony before Assur's dagger.",AKT 6a.pdf
83. kt 94/k 1046B,Šu-Be-lum DUMU I-dí-a-bi4-im a-na Puzur4-ŠŠtar DUMU Da-da um-ma Šu-Be-lum-ma a-na Puzur4-ŠŠtar-ma 16 ma-na KB u a-na a-hi-a ha-bu-Ia-tí KB u im-tí-da-kum 1 ma-na-um 113 ma-na e. i-ša-tim um-ma Puzur4-ŠŠtar-ma r. a-bu-ka maš-ke-e il5-ta-qe-ma KB ša-bu ki-ma Šu-Bìlim nu-Ší-ib-ma ni-iš -lim{ki} it-mu-u-ma a-na 6 ma-na KB i-mì-ig-ru IGI Ni-mar-/ŠŠtar IGI En-nam-A-šur A-šur-na-da DUMU Su-{d}EN.LIL tap-pa-i-ni a-na a-wa-tim a-ni-a-tim e. ka-ru-um Ka-ne-eš i-dì-ni-a-ti-ma IGI GIR ša -šur H-bu-ti-ni I.e. ni-dì-in,"Su-Belum son of Iddin-abum seized us in his case against Puzur-IStar son of Dada, and Su-Belum said to Puzur-IStar: ""You owe 16 minas of silver and its inter- est to my father. The silver and the inter- est on it has become a great sum for you: You pay 1/3 mina per mina per year as interest."" Puzur-IStar answered: ""Your father has already received hides so he has been paid the silver."" We sat down (to negotiate) on behalf of Su-Belum and they swore an oath by the City and agreed on 6 minas of silver. Witnessed by Nimar-IStar, by Ennam- Assur; Assur-nada son of Su-Illil is our (absent) partner. The Kanesh colony gave us for these pro- ceedings and we gave our testimony before Assur's dagger.",AKT 6a.pdf
84. kt 94/k 957,Šu-Be-lum DUMU 1-dì-a-bi-im a-na PuzurrŠŠtar um-ma Šu-Be-lum-ma a-na Puzur4-IŠtar-ma 16 ma-na KB u a-na a-bi-a ha-bu-la-d KB u im-d-da-kum ma-na-um 1/3 ma-na i-na ša-tim um-ma um-ma Puzur₄-ŠŠtar-ma e. a-bu-ka maŠ-ki-a il5-qi-ma [uš-ta]-bu-u ki-ma r. [Šu-Be-lim] nu-H-ib-ma [ni-iš1 -lim{ki} it-mu-u-ma a-na 8 ma-na KB i-mì-ig-ru IGI Ni-mar'-Htar IGI En-um-A-šur A-šur-na-da DUMU Su-{d}EN.LfL tap-pa-i-ni a-na a-wa-tim a-ni-a-tim ka-ru-um Ka-ni-iš i-dt-ni-a-d-ma IGI GfR ša A-šur H-bu-tì-ni ni-dì-in,"Su-Belum son of Iddin-abum seized us in his case against Puzur-IStar, and Su-Belum said to Puzur-IStar: ""You owe 16 minas of silver plus interest to my father. The silver and the interest on it has become a great sum for you. You pay 1/3 mina per mina per year as inter- est."" Puzur-IStar answered: ""Your father received my hides so he has been paid."" We sat down (to negotiate) on behalf of Su-Belum and they swore an oath by the City and agreed on 8 minas of silver. Witnessed by Nimar-IStar, by Ennam- Assur; Assur-nada son of Su-Illil is our (absent) partner. The Kanesh colony gave us for these pro- ceedings and we gave our testimony before Assur's dagger.",AKT 6a.pdf
85. kt 94/k 765,1-na-Šu-in Dan-A -šur e-pu-ul um-ma 1-na-Šu-/in a-na Dan-A -šur-ma me-er me-tim a-na-ku tup-pa-am tu-ka-li-mì-ma i-na tup-pì-im ša 12 ma-na KB ša tu-ka-li-mì-ni šu-mz a-bi4-ka PuzurrA-šur u-la u-du u / šu-mz v ' ma-ma-na e. u-la u-du-u [(x)] [l]a tu-ba-a-ra-ni r. r lu?₁ a-ni-a-ma me-er/-e me-tim a-na-ku : a-he-e ma-du-tim i-šu-u tup-pa-am lu ni-il₅.qì/ma šu-ma r ₁-[b ]u-ka Puzur2-A -šur I-di-a-bi4-im a-bi4-a i-šu-u ku-nu-uk a-hi-a u a-na-ku ld-[x] e. qa-di a-he-a-ma [a-na]-ku-ma a-za-za-ku-um H-bi4-ka I.e. at₁-ma,"Enna-Suen answered Dan-Assur. Enna-Suen said to Dan-Assur: ""I am an heir. You have shown me a tablet and in the tablet concerning 12 minas of silver that you have shown me the name of your father Puzur-Assur was not indi- cated, nor was anybody's name indicated. You do not provide proof for me. May it be like this: I am the heir. I have many brothers. Let us take the tablet and if your father Puzur-Assur had any claim on my father Iddin-abum, then on top of my father's seal I too shall ... I shall personally stand up for you to- gether with my brothers. I shall seize your witnesses.",AKT 6a.pdf
86. kt 94/k 1671,"a-na -šur ir-gu ₅-um 1-na-r Šu-in ₁-ma Dan-A -šur-ma a-]bu-ka bi₁-a ld i-šu-u šu-mi aJ bi₁-ka i-tup-pi-im wa-du-u : a-ta a-na ma-na KB < u > tu-[ ka-]al a-ša qa-ta-tim e. ku-tu-a-ti-a : tu-ka-/ta r. a-ni-a-ma : a-he-/e tup-pa-am šu-ma a-bu-/ka : a-bi4""a : i-šu hu-bu-ul a-bi₄-a-/ma a-hi-a-ma < za- > ku-um ld tit-naJ ha ₁[-ni] ma-dam tu-ša-ag-ma-ra-[ ni] e. I.e.","Enna-Suen lodged a complaint against Dan-Assur. Enna-Suen said to Dan-Assur: ""Although your father has no claim on my father and your father's name is not indicated on the tablet, yet you detain me for a claim of 12 minas of silver and its interest. And you turn me over to a guarantor and also take things as security from me, so may it be like this: I have brothers. Let him give him the tablet and if your father had a claim on my father, then I shall stand up for you with respect to the silver, my father's debt, together with my bro- thers. Do not cause me trouble and make me spend a lot of silver!"" Formal lawsuit.",AKT 6a.pdf
87. kt 94/k 732,Dan-A -šur šì-ki E-na-Šu-in DUMU J-dì-a-bi₄-im u-ka-al-ma a-na Ha-nu DUMU I-tur₄-DINGIR a-na qa-lta-tim i-dí-Šu um-ma Dan-A -šur-ma a-wi-lam tu-ta-ra-am šu-ma a-wi-lam La tu-ta-e-ra-am a-na 12 r ma-na 1 KB u ša tup-pt-im ha-ar-mt-im ša hu-bu-ul a-bi-šu ta_r za ₁-za-am e. um-ma E-na-Šu-in-[ma] ša a-na ma-nim ha-l:ìu]-llu r. um-ma Dan-A -šur-ma lu a-na a-bi-a lu a-na DAM.GAR-ri-im ha-r bu ₁-ul u šu-ma tup-pa-am ša ša-ba-e ti-Šu bi-lam-ma tup-pa-am du-uk a-na a-wa-ltim r ₁-ni-a-tim ka-ru-lum Ka-ni-tš i-dì-ni-a-tí-ma 5í-bu-tí-ni IGI GfR ša A-šur e. ni-dì-in IGI Na-zi I.e. IGI rpuzur₄-A-na₁ IGI Ah-ša-lim,"Dan-Assur detains Enna-Suen son of Id- din-abum and he gave him to Hanu son of ltur-ili as guarantor. Dan-Assur said: ""You will return the man. If you have not returned the man you will be responsible for 12 minas of silver and its interest in accordance with the certified tablet con- cerning his father's debt."" Enna-Suen said: ""For his debt to whom?"" Dan-Assur said: ""He is indebted either to my father or an- onymously. But if you have a quittance, then bring it and invalidate the tablet."" The Kanesh colony gave us for these pro- ceedings and we gave our testimony before Assur's dagger. Witnessed by Nazi, by Puzur-Anna, by Ah-salim.",AKT 6a.pdf
88. kt 94/k 570,[ka-r]u-um d{-[nam] r i₁-d{-in-[ ma] [ SJa-lim-A -su[ r] [m]a-la KB a-n[a] [1-d]{-a-bi-i[m] [u-s)t-qí-lu: [ r x 1 mar r x 1 a-na r fl-d{-a-bi-i[m] [x x x] rki₁ i-[ : x[ a-na-kam-ma : e-[ su-ma ta e-ta-[ wu] a-na KB-pí-Su [s ]í-ka-as-nu u-ka-al,"The colony has rendered a verdict, stating that whatever silver Salim-Assur has paid for Iddin-abum, even here ... If he does not negotiate he will detain him for his silver.",AKT 6a.pdf
89. kt 94/k 1664,ta-ah-ši-ša-tum ša Ši-be ša V št-tm VI • SIG.HI.A r ša 1 0-Ší-na-llam,Memoranda with witnesses concerning the proceeds of Usinalam's wool.,AKT 6a.pdf
90. kt 94/k 1093,5 ma-na KB U-zu-biJ iŠl-kum DUMU Šu-A-nim i-na [Ši-i]m SIG.HLA r ša 1 0-Ši-na-l[am] e. [xll5-qe r. IGI 1-di-Ku-bi IGI A-ld-bi-im DUMU Šu-A-šur IGI En-na-Šu-in,"Uzub-iskum son of Su-Anum has received 5 minas of refined silver from the pro- ceeds of Usinalam's wool. Witnessed by Iddin-Kiibi, by Ali-abum son of Su-Assur, by Enna-Suen",AKT 6a.pdf
91. kt 94/k 1097,"8 ma-na KB Da-di-a DUMU En-na-/nim . v, . t-na št-tm SIG.HI.A ša (J-Ši-na-/lam il5-qe IGI -šur-i-mì-ti e. DUMU Du-di-ki r. IGI Tu-ur-a-a DUMU U-zu-a IGI En-na-Šu-in DUMU 1-di-a-bi-/im","Dadiya son of Ennanum has received 8 minas of refined silver from the proceeds of Usinalam's wool. Witnessed by Assur-imitti son of Dudiki, by Turaya son of U zuwa, by Enna-Suen son of Iddin-abum.",AKT 6a.pdf
92. kt 94/k 1103,"10 ma-na KB A.rmur-ŠŠtar₁ DUMU Da-mu-ma . v, . t-na št-tm SIG.HI.A ša U-Ši-na-lam il5-qe IGI e. IGI r -šur-i-mz-tt₁ r. DUMU r Du ₁-di-ki IGI Tu-ur-A-šur rnuMu U-zu-a₁ IGI En-na-Šu-/in","Amur-IStar son of Damuma has received 10 minas of refined silver from the pro- ceeds of Usinalam's wool. Witnessed by Assur-imitti son of Dudiki, by Tur-Assur son of Uzuwa, by Enna- Suen.",AKT 6a.pdf
93. kt 94/k 1104,18 ma-na KB En-urn-A-šur DUMU Šu-ka-li-a i-na H-im SfG.HI.A ša (J-Ši-na-lam il5-qe IGI -šur-i-mì-ti e. rnuMU Du-di-ki₁ r. rrGP [ ... ] rnuMU En-na-nim 1 IGI Ku[-... ],"Ennam-Assur son of Sukkalliya has re- ceived 18 minas of refined silver from the proceeds of Usinalam's wool. Witnessed by Assur-imitti son of Dudiki, by ... son of Ennanum, by Ku ... son of !Star .. .",AKT 6a.pdf
94. kt 94/k 1108,17 ma-na KB i-na Ši-im SIG.HI.A ša u-H-na-lam DUMU Šu-ka-li-a il5-qe IGI En-urn-A-šur e. rnuMU₁ Šu-in-na-da IGI -šur-i-mì-ti r. IGI !5-me-DINGIR IGI En-na-Šu-in IGI Px x -ni₁ IGI A-ld-[ x x a-]hi-šu IGI E-la-li rl-pí-li-iš₁ e.,"Assuris-tikal son of Sukalliya has received 17 minas of refined silver from the pro- ceeds of Usinalam's wool. Witnessed by Ennam-Assur son of Suen- nada, by Assur-imitti by ISme-ilum, by Enna-Suen, by I. .. , by Ala... his brother, by Elali son of Ippilis.",AKT 6a.pdf
95. kt 94/k 1110,10 ma-na KB Tu-ur-a-a D UMU 0-zu-a i-na 5í-im SIG.HI.A ša 0-Ší-na-lam i/5-qeiGI -šur-i-mì-ti e. Du-di-ki En-na-Šu-in r. -šur-e-mu-qi 1-ku-nim A-šur-rDUG₁ En-na-Šu-in DUMU Za-li-dí,"Tiiraya son of Uzuwa has received 10 mi- nas of refined silver from the proceeds of Usinalam's wool. Witnessed by Assur-imitti son of Dudiki, by Enna-Suen, by Assur-emiiqi son of Ikiinum, by Assur-tab son of Enna-Suen, (grand)son of Zalidi.",AKT 6a.pdf
96. kt 94/k 1167,14 ma-na KB i-na SIG.HI.A 0-H-na-lam Bu-zu-ta-a i/5-qe IGI -šur-i-mì-ti DUMU Du-di-ki e. IGI /S-me-DINGIR IGI -šur-ba-ni r. IGI En-na-Šu-in IGI -šur-e-mu-qì IGI Ah-ša-lim me-er-e-šu,"Buzutaya has received 14 minas of refined silver from the proceeds of Usinalam's wool. Witnessed by Assur-imitti son of Dudiki, by ISme-ilum, by Assur-bani, by Enna- Suen, by Assur-emiiqi, by Ah-salim his son.",AKT 6a.pdf
97. kt 94/k 1191,5 ma-na KB i-na H-im SIG.HI.A r ša ā-H-na-lam Puzur 41 < -ša > -du-we r DUMU La-qe-ep il5-qe e. IGIA-sur-GAL DUMU Ma-nu-um-šu-um-lšu r. IGI En-na-Šu-in DUMU 1-dí-a-bi-im IGI 1-dí-A-šur buduu,"Puzur-sadu'e son of Li-qep has received 5 minas of refined silver from the proceeds of Usinalam's wool. Witnessed by Assur-rabi son of Mannum- sumsu, by Enna-Suen son of Iddin-abum, by Iddin-Assur",AKT 6a.pdf
98. kt 94/k 1196,1 1/3 ma-na KB pa₁-am i-na 5í-im SfG.HI.A ša U-Ši-na-lam Šu-Ku-bu-um e. DUMU E-na-ma-/nim ilyqe r. IGI 1-la-aš-ra-ni DUMU Šu-ka-li-a IGI En-na-Šu-in DUMU l-dí-a-bi4-im,"Su-Kiibum son of Ennam-Anum has re- ceived 1 1/3 mina of refined silver from the proceeds of Usinalam's wool. Witnessed by Ili-asranni son of Sukkalliya, by Enna-Suen son of Iddin-abum.",AKT 6a.pdf
99. kt 94/k 1199,3 ma-naKB i-na H-im SIG.HI.A ša U-H-na-lam 1-la-aš-ra-ni DUMU Šu-ka-li-a il5-qe e. IGI -šur-ba-ni DUMU Kur-bi-a-a r. IGI IŠ-me-DINGIR IGI 1-dí-Ku-bi-im,"Ili-asranni son of Sukkalliya has received 3 minas of refined silver from the proceeds of Usinalam's wool. Witnessed by Assur-bani son of Kurbiya, by ISme-ilum, by Iddin-Kiibum.",AKT 6a.pdf
100. kt 94/k 1221,8 ma-naKB r 1-ku-pì-a DUMU₁ [Su-]r A-nim 1 r i-na 1 rH-im SIG₁.HLA [ša] r(Jl.H-na-lam [i]l5-qe e. [IGI 1-d]ì-Ku-birim [IGI] r ā-zu-biriš-ki-im r. r a-₁hi-šu IGI En-na-Šu-in,"Ikiin-piya son of Su-Anum has received 8 minas of refined silver from the proceeds of Usinalam's wool. Witnessed by Iddin-Kubum, by Uzub- iskum his brother, by Enna-Suen.",AKT 6a.pdf
101. kt 94/k 1233,17 ma-na KB u 7 1/2 GIN KU.GI pa-r ša ₁-lam [A -šur-]i-mì-ti DUMU E-ta.r 1 i-na H-im rsfG.HI.A 1 ša U-[H-na-l]am il5-qe IGI e. E-nu-um-We-er DUMU Šu-da-a r. IGI š-la-dŠ-ra-ni DUMU Šu-ka-li-a IGI En-na-Šu-in DUMU 1-dì-a-bi-im IGI DUMU A-bu-bu ta-ar-dì-im,"Assur-imitti son of Etaya has received 17 minas of refined silver and 7 1/2 shekels of pašallu-gold from the proceeds of Usinalam's wool. Witnessed by Ennam-Wer son of Sudaya, by Il-asranni son of Sukalliya, by Enna- Suen son of Iddin-abum, by Abubu's younger son.",AKT 6a.pdf
102. kt 94/k 1237,"3 ma-na 16 1/6 GIN KB ki-ma -šur-ma-lik DUMU Lu-zi-na A-šur-GAL DUMU Ma-nu-um-šu-um-šu \1, . z-na 0 šz-zm SIG.HI.A ša (š-5í-na-lam il5-qe e. IGI š-La-dš-ra-ni r. rn UMU Šu-ka-li-a 1 IGI r En-na-Šu-in 1","Assur-rabi son of Mannum-sumsu has re- ceived 3 minas 16 1/6 shekel of silver on behalf of Assur-malik son of Luzina from the proceeds of Usinalam's wool. Witnessed by Ili-asranni son of Sukkalliya, by Enna-Suen son of Iddin-abum.",AKT 6a.pdf
103. kt 94/k 1285,13 ma-na KB En-um-A -šur D UMU Šu-in-na-da 5 1/3 ma-na KB Šu-in-na-da me-ra-šu il5-qe-u e. z-na • šz-zm V/ • r. rxxxx₁ rxl[x]rxxl IGI A-šur-[i-]mi-ti IGI r IGI Bi?-[. .. ] DUMU Ha-na-ni-a IGI DINGIR-SIP[A] e. DUMU,"Ennam-Assur son of Suen-nada has re- ceived 13 minas of refined silver, and Suen-nada his son has received 5 1/3 minas of refined silver írom the proceedš oí Ušinalam 'š wool. Witnessed by Assur-imitti, by ISme-ilum, by Bi ... son of Hannaniya, by Ili-re'i son of",AKT 6a.pdf
104. kt 94/k 1139,"Ili₅-ba-ni DUMU 1-a-a u A-bu-ša-lim IR i-na Bu-ru-uš-ha-dim a-na ni-ka-šì ša-ša-im um-ma 1-U-ba-ni-ma a-na-ku ki-ma Ša-lim-A -šur al-kam i-na IGI a-we-li a-ni-u-tim H-šì tup-pUu-nu ša maŠ-ka-na-tim ma-ah-ri-ni iš-ku-nu-ma um-ma Ili₅-ba-ni-ma lu-qu-ut 5 GO KB u e-li-iš a-we-lam tu-ulta-ri-ir u i-na a-wa-ti-ma a-ni-timpa-ni a-we-lam tu-uŠ-ta-ar-H ni-ka-šì i-na ma-ah-ri-ni im-šu-hu-ma um-ma Ili5-ba-ni-ma: ma-la-ma 20 e. you li-bi-ka 5í-ta-ka-an um-ma -bu-ša-lim-ma a-la-an 40 ma-na KB r. mz-ma i-na li-bi-a u-la i-5í-tam um-ma 25 Ili5-ba-ni-ma a-ma i-na Ili-bani tup-pi-šu ša 5 GU KB u e-li-iš la la-pu-ta-kum A-bu-ša-lim 30 -bu-ša-lim-ma : a-ma ,.' ví' l ša -am-ku-a-i-tim a-ha-at ru-ba-im Ša-ša-ša-ma-i-im 35 u ti-ra-at e-kal-lim a-na-kam a-qu-ul-Ši-na le-qe-a-ma a-tu-nu-ma ša-di-na um-ma Ili5-ba-ni-ma ša ni-iš -lim{ki} ta-mu-u lu u-ka-al ki-ma 40 ni-ka-šu ma-šu-hu-ni-ma fa a-ši-u um-ma -bu-ša-lim-ma a-ld-ak-ma iš-ti e. be-li-a-ma a-za-ku um-ma Iliyba-ni-ma u-lu 112 ma-na 45 KU.GI ša uz-ni di-in um-ma I.e. šu-ut-ma i-qa-ti-a la-šu a-na a-wa-tim a-ni-a-tim ka-ru-um Ka-ni-iš GAL i-di-ni-a-ti-ma IGI GfR ša IGI Šu-Ku-bi4-im DUMU A-šur-i-diiGI 1-di-Htar DUMU A-šur-i-di tap-pa< -i > -ni","Ili-bani son of Y aya and the slave Abu-salim seized us in Burushaddum in order to settle accounts, and Ili-bani said: ""I act on behalf of Salim-Assur. Come on, settle with these men as witnesses."" They placed their tablets concerning depos- its before us, and Ili-bani said: ""You cheated the boss for goods worth 5 talents of silver or more. Consequently, on this very matter you have made the boss very angry."" They took away the accounts in our pres- ence, and Ili-bani said: ""Submit whatever have in your possession."" Abu-salim answered: ""Apart from 40 minas of silver there is nothing left in my possession."" said: ""Now, were goods worth 5 talents of silver or more not booked for you in his tablet?"" Abu-salim produced and ""Here, are they not his from the house of the queen of Amkuwa, the sister of the king of Sasasama? Also, I have listened to the orders of the palace here. Take them so that you yourselves can have them sold."" Ili-bani answered: ""I shall keep in mind what was sworn by the City, that the ac- counts have been removed and I have not settled anything."" Abu-salim said: ""I shall go and clear myself with my master."" Ili-bani said: ""Give at least 1/2 mina of gold for the girl's ears."" He answered: ""I have nothing available."" The plenary assembly of the Kanesh colony gave us for these proceedings, and we gave our testimony before Assur's dagger. Witnessed by Su-Kubum son of Assur-idi, by Iddin-IStar son of Assur-idi; Suen-nada ner.",AKT 6a.pdf
105. kt 94/k 1045,KISIB Šu-Ku-bi-im DUMU A-šur-i-di Sealed KISIB 1-di-ŠŠtar DUMU A-šur-i-dì Šu-in-na-da DUMU En-um-A -šur tap-pa-i-ni a-na 5 r. a-wa-tim a-ni-a-tim ka-ru-um Ka-ni-iš GAL i-di-ni-a-ti-ma Ši-bu-ti-ni IGI GfR ša -šur ni-di-in,"by Su-Kiibum son of Assur-idi, by Iddin-IStar son of Assur-idi; Suen-nada son of Ennam-Assur was our (absent) partner. The plenary assembly of the Kanesh colony gave us for these proceedings, and we gave our testimony before Assur's dagger.",AKT 6a.pdf
106. kt 94/k 943,"a-wa-tim : ne-ru-ub-/ma Šal-rna-A -šur-ma a-na Bu-ru₁-u5-ha-/dim ""While ma-r ak ₁-šu-e-im 5 hu-bu-ul IR A-bu-ša-lim of q a- zm : r- z-ra ld,. - e₈-u-m other : 30 TUG ku-ta-ni black ANŠE IR : ta-La-qe-e 10 Šu-Be-lum-ma : ke-na Su-Belum IR-di-a: A-bu-ša-lim what : Ša-lim-A -šur e. Salim-Assur ni-iŠ -lim{ki} sworn il5-pu-ut 15 Ša-lim-A -šur-ma IR: a-na IR-di-ka ""In i-tu-ru₁-u : rna-a against IR-di-a : i-tu-wa-ar against Šu-Be-lum-ma : šu-ma Su-Belum ku-a-im : i-tu-a-ar 20 against TUG.HI.A u ANSE.HI.A tiles :a-na a-wa-/tim : ka-ru₁-um ceedings, i-di-ni-a-ti-ma Assur's GIR ša A-šur 25 : ni-di-in U-ra-a IGI 1-li-dan e. Witnessed","case, and Salim-Assur said: they are going to lead me personally Burushaddum in fetters to pay the debt the slave Abu-salim, will you on the kutdnu-textileš hand take 30 and a donkey from the slave?"" answered: ""Yes, I have taken belongs to my slave Abu-salim. impressed on us what had been by the City, and Salim-Assur said: case the slave does not raise claim your slave, then, will he raise claims my slave?"" answered: ""If he raises claim yours, then I guarantee for the tex- and the donkey for you."" Kanesh colony gave us for these pro- and we gave our testimony before dagger. by Uraya, by Ili-dan, by Man-",AKT 6a.pdf
107. kt 94/k 1049,"Šal-ma-A -šur-ma a-na Bu-ru-uš-ha-dim ""While ma-ak-šu-im 5 Burushaddum hu-bu-uliR -bu-ša-/lim debt i-ra-deš-u-ni other 30 TOG ku-ta-ni ANSE IR tal-qe um-ma 10 Su-Belum : ke-na ""Yes, IR-d.i-a: A-bu-ša-lim Abu-salim."" Ša-lim-A -šur Salim-Assur ni-iš -lim{ki} e. sworn il5-pu-ut 15 Šal-ma-A -šur-ma r. IR a-na wa-ar-di-ka ""In i-tu-ru ma-a against a-na wa-ar-dí-a i-tu-ar um-ma Šu-Be-lum-lma šu-ma a-na ku-a-im i-tu-ar a-na TUG.HI.A u ANSE a-za-za-kum a-na a-wa-tim a-ni-a-/tim ka-ru-um Ka-ne-eš i-dí-ni-a-tí-ma IGI GfR ša A-šur Ší-bu-tí-ni ni-dí-in IGI U-ra-a IGI 1-lí-dan e. IGI Ma-nu-um-ba-lum-A-šur","they are going to lead me to in fetters in order to pay the of the slave Abu-salim, you on the hand have taken 30 kutanu-textileš a black donkey from the slave."" answered: I have taken what belongs to my slave impressed on us what was by the City, and Salim-Assur said: case the slave does not raise claim your slave, will he then raise claim against my slave?"" Su-Belum answered: ""If he raises claim against yours, I shall guarantee for the textiles and the donkey."" The Kanesh colony gave us for these pro- ceedings and we gave our testimony before Assur's dagger. Witnessed by U raya, by Ili-dan, by Man- num-balum-Assur.",AKT 6a.pdf
108. kt 94/k 1054,[KISIB] rO-ra₁-a DUMU Ma-na-n[a] KISIB 1-lí-dan DUMU 1-dí-A-[šur] KISIB Ma-nu-um-ba-lum-A -šur DUMU Ib-ki-im a-na a-wa-tim a-ni-a-tim ka-ru-um Ka-ne-eš i-dí-ni-a-tí-ma IGI GfR ša -šur Ší-bu-tí-ni r. ni-dí-in,"Sealed by Uraya son of Manana, by Ili-dan son of Iddin-Assur, by Mannum-balum- Assur son of Ibkum. The Kanesh colony gave us for these pro- ceedings and we gave our testimony before Assur's dagger.",AKT 6a.pdf
109. kt 94/k 842,"-š1ur-i-mì-ti Ši-lu-lu Šu-Ku-bi4-im Kiibum, ]-nu-um-DINGIR -šur-dan Ili₅-ba-ni Enna-Suen, LUGAL-diM Salim-Assur: Zi-ki-ki: qi-bi-ma um-ma 5 -A -šur.r ma 1 tup-pd-am ka-ri-im Bu-ru-uš-ha-dim Ibaya's GAL u tup-pd-am ša brought U-5í-na.r lam 1 of ša ka-ri-im Bu-ru-uš-ha-dim from ríl-[ba-a u ša 10 U-Ši-n[ a-lam] Abu-salim. k[a-ri-im] Ka-ni-iš GAL -[bu-ša-lim] IR ub-lu-nim [šu-n]u-ma r16₁ li-me-e 40 ma-na They Ši-im SIG.HI.A: A-bu-ša-lim 16,040 IR U-Ši-na-lam ha-bu-ul 15 li-me-e URUDU ša nam-e-dim As E.GAL-lum ha-bu-lu U-5í-na-lam others um-ma šu-nu-ma A-bu-ša-lim gered šu-ma A-bu-ša-lim ld-šu ""Abu-salim le-ti-qdm a-na-kam [a-na] 20 absent, u KB-dp [A-bu-ša-lim] fear ni₁-ša-hu-ut Ši-ip-ru ša r ₁-[lim{ki}] When lu ₁-šu-nu-ma u ka-ru-um Ka-[ni-iš1 tup-pz-šu 'v 1 -nu zš-ta-me-u-ma -v , um-m [ šu-nu-ma] t]u-td-db a-qd-ti Ili₅-ba[-ni] 25 ""You k[a-r]i-im Bu-ru-u[Š-ha-dim] handed ]-ri-im ša [ 0-Ší-na-lam J Burushaddum 'd u-u [ m l u- ] qu-tz-a ' ' ša zš-t [À u - l"" zm ki] e. vant v •v e-li-a-ni i-dì-nu-ni-ma um.r ma 1 [šu-nu-ma] a-li-ik (J-Šì-na-lam ta-ib iŠ-[tu] H-im SIG.HLA 15li-me URUDU r. l 'l a-na U-št-na- ' V' am aš-qu- 'V u-ma u-ta[ -i-bu-šu] i-tu_r ur ₁-ma a-na tí-ri e.r kal₁-[lim] a-na 40 ma-na KB a-na bu-bu-u[ l] um-ma a-na-ku-ma ku-a-tí lu uš-t[ a-bi-ma] ša ta-dì-na-ni-n[i] le-qe-ma a-šar li-bi-ka dí-H-na [um-ma] 'l' l' ''[ šu-ut-ma v • , u- a- a-qe u tup-peJ a-mi-u-tim a-ta-ma ta-ša-qal IGI H-ip-[ri] ša ka-ri-im Ka-ni-iš u ka-ri-im Bu-ru-uš-ba-dim GAL a-wa-tam [a]-ni-tam a-na U-H-na-lam aq-bi4-ma u-ta i-mu-a be-lu-a a-tu-nu tup-pa-am ša ka-ri-im Bu-ru-uš-ba-dim GAL u tup-pa-am ša U-Ší-na-lam <ša> DUMU š-ba-a u ša U-Ší-na-lam . vAl' ki 'k' u bl - u-m-m 'V'• št-tp-ru ša - tm u a-ru-um Ka-ni-iš iŠ-ta-me-u-ma a-pì-i tup-pí-im a-mi-u-tim ir-dì-u-ni-ma U-H-na-lam u-ta-i-bu tup-pe pa-ni-in ki-ld-le-ma v v' - v A[' ki 'k' /{.' • •v ša št-tp-ru ša - tm u a-ru-um a-m-tš GAL iŠ-[t]a-me-u-ni-ma i-pì-iq-r du ₁-1 ni u tup-pa-am na-aš-pe-er-tam ša ka-ri-i[m] Bu-ru-uš-ba-dim GAL Ili₅-ba-ni u a-na ka-ri-im Ka-ni-iš GAL na-aŠ-u-ni-ma ki-ma ka-ru-um iš-me-u-ni u a-tu-nu a-na ka-ri-im šu-ka-i-na-ma tup-pì-in rpa-ni-lin ša še-ep DUB.SAR DUMU 1-ba-a u ša 0-H-na-lam u tup-pa-am r a-ni₁-am ša še-ep e. r Ili5 ₁-ba-ni iš-d ka-ri-im [Ka-ni-iš1 a-na Bu-z[i]-a H-ip-ri-im [vA]l-ki ša - zm tup-pt 'vl''v' ša- a-aš-tu-ma šu-nu-tz v , [dì-na-(šu)]-ma i-na IGI ma-[ah ]-ri-ku-nu I.e. li-ip-qì-du-ma Bu-zi-a : a-na [A-lim lu-bi-i]l5-šu-nu šu-ma tup-pì ka-ru-um a-na Bu-zi-a u-La i-ta-ad-nu r d-ir-ta-ku-nu 1 li-li-kam-ma r La₁-at-bi-a- ma La-t[a]-al-kam-ma a-li u be-li li-šu-ra-ni šu-ma Bu-zi-a i-ta-La-ak- ma t[ up-p ]a-am ša Ili5-ba-ni u u-bu-lu-ni-ni a-na D[UMU] um-me-a-nim ke-nim pì-iq-da","Ennam-ili, Assur-dan, Ili-bani, Sar-Adad and Zikiki from scribe of the Burushaddum colony, son and a servant of Usinalam have a tablet from the plenary assembly the Burushaddum colony and a tablet Usinalam to the plenary assembly of Kanesh colony concerning the slave said: ""The slave Abu-salim owes minas of copper, the price of wool, Usinalam. to the 30,000 minas of copper from the that they owe to the palace, he an- Usinalam."" They went on: must come. If Abu-salim is his master must travel. Here we for our lives and Abu-salim's silver."" all of the envoys from the City and Kanesh colony had heard their letters, said: will have to satisfy Usinalam."" They me to Ili-bani, the scribe of the colony and Usinalam's ser- together with my merchandise that had come up from the City, and they said: ""Go! Satisfy Usinalam!"" After I had paid as the price of the wool 15,000 minas of copper to Usinalam and satisfied him, he came back and handed me over to the palace officials for 40 minas of silver to cover the debt of Abu-salim. I said: ""It is you I have satisfied, so take the you gave to me and sell them where you wish."" He answered: ""I will not take the documents, but you must pay (in accord- ance with) those other tablets."" Before the envoys of the Kanesh colony and the ple- nary assembly of the colony at Burus- haddum I said this to Usinalam, but he re- fused. My dear lords, as for the tablet from the plenary assembly of the Burushaddum colony and the tablet from Usinalam that Ibaya's son and Usinalam's servant brought, that the envoys from the City and the Kanesh colony heard and on the basis of which tablets they led me away, and I did satisfy Usinalam - both those earlier tablets which the envoys of the City and the plenary assembly of the Kanesh colony heard, and that have been entrusted (for safe-keeping), and a tablet, a missive from the plenary assembly of the Burushaddum colony to the plenary assembly of the Kanesh colony that IIi-bani and bring- when the colony has heard it, you too must submit to the colony, so that you, together with the Kanesh colony, give the two previous tablets transported by the scribe, Ibaya's son, and Usinalam's servant, plus this tablet transported by Ili-bani and to Buziya, the envoy from the City - those three tablets - so they entrust them in your presence in order that Buziya may carry them to the City. If the colony has not given the tablets to Buziya, send me word, so that I can set out and come so my city and my lord may give me justice. If Buziya has left, then entrust the tablet that Ili-bani and bring to a reli- able affiliated trader (for safe-keeping).",AKT 6a.pdf
110. kt 94/k 917,"[a-n ]a 5í-ip-ri ša -lim{ki} u ka-ri-im Ka-ni-iš reAL 1 qí-bi-ma um-ma Ša-lim-A -šur-ma be-lu-a : a-tu-nu tup-pa-am ša ka-ri-im Bu-ru-uš-ba-dim GAL u tup-pa-am ša U-5í-na-lam [DUB].SAR ša ka-ri-im Bu-ru-uš-ba-dim [DUMU IF ba ₁-[a] u ša U-Ši-na-lam [a-na ka-r]i-im Ka-ni-iš GAL [a-šu-mz A]-bu-ša-lim IR ub-lu-nim-ma [um-ma šu-nu]-ma 16li-me 40 ma-na URUDU [5í-im SIG.HI.A]: A-bu-š1a-lim IR a-na U-šzúna-lam [ ba-bu-ul] 30 li-[ me UR UD U ša nam-e-dim] [ša] e-kal-lim r ba-bu ₁-[lu U-Ši-na-lam ]a-li-im um-ma šu-nu-ma -[bu-ša-lim li-li-kam šu-ma] A-bu-ša-lim la-šu [ be-el-šu] li-l[ i-kam a-na-kam] a-na [na-ap-ša-tì-ni] r u 1 KB-ap r X X 1 A-[ bu-ša-lim ni]-Ša-bu-ut Ši-ip-ru ša -lim ku-[lu ]-Šu-nu-ma u r ka-ru-um 1 Ka-ni-iš GAL tup-pz ' zš-ta-me-u •v '] -rna um-ma a-tu-nu-ma ' [ [ a-li-ik-ma U-5í-na-]lam tu.r ta-ab 1 [a-qa-tì Ili₅-baY-ni₁ DUB.SAR [ša k]t1-ri-[im Bu-ru-u]š-ha-dim [u ri₁-im r ša 1 r U-H₁-na-lam qa-du-um [lu-qu]-tí-a ša iš-tu -lim{ki} e-li-a-ni-ni ]rd, [ ta- z-na 1 -nz-ma um-ma a-tu-nu-ma 0 , a-li-ik U-5í-na-lam [ta-ib] iš-tu H-im siG.HI.A 15 li-me URUDU ' _, l 'l ' b [a]-na U-šz-na- am aš-qu- 'V u-ma u-ša- V z-u-šu o / V [i]-tu-ur-ma a-na tí-ri r e ₁-kal-lim e. [a-n]a 40 ma-na KB a-hu-bu-ul [A]-bu-ša-lim-r ma 1 i-ta-ad-na-ni um-ma a-na-ku-ma ku-a-ti lu u5-ta-bi4-ma i-a-a-tum [l]u? i-n[a] rlu₁-qu-ti-a-ma i-ta-di-in r. [ ]a-t[ i]m ša ta-di-na-ni-ni [ l]e-qe-5í-na-ma a-šar liJ bi-ka 1 [ d]i-Ši-na mì-šu-um a-na ša-ka-r na-ki-ka 1 [x] ta-da-na-ni um-ma šu-ut-ma r u-ld₁ a-ld-qe u a-na ša-ka-na-ki [ 40 ma-na] KB a-ta-ma ta-ša-qal [IGI H-ip ]-ri-ku-nu u ka-ri-im r Bu-ru ₁-uš-ha-tim GAL a-wa-tam [a-]ni-t[am a-na U-Ši-n]a-lam aq-bi4-ma u-ld i-[mu-a be-lu-a] a-tu-nu La ša{ki} tum i-[x ra-r ni₁ X X X X X X X X] tup-pu-[x x x Bu-ru-ušV ha ₁-dum u tup-[pu ša O-š1i-na.r lam 1 <ša > rnuMU I-ba-a₁ u, r u-ha-ru-um ša -na-lam, [ ub-Y lu-ni-ku-nu-tí-ni₁ [Ši-ip-ru ša] -lim{ki} r u 1 r ka-ru-[ um Ka]-ni-[iš1 rGAL₁ [išúta-me-u-ni-ma ra-pz₁ [tup]-pì [ a-mì-u-t ]im ir-dì-u-ni-ma [ U-H-na-l]am u-ta-hi-/ u-šu [tup-p ]ì r pa-ni-in 1 ki-La-r li₁-ma [ša H-ip-ru] ša -lim{ki} r u ka-ru-um [Ka]-ni-i[š1 GAL išlta-me-u-ni-ma i-pì-iq-du-ni [u tup-pa-am] na-a5-pìer-tam ša ka-ri-im [Bu-ru-uŠ-ba]-dim GAL Ili₅-ba-ni [u a-na ka-ri-im Ka-ni-iš GAL na-aš-u-ni tup-pì ša-La-aš-tu r šu-nu-tz₁ a-na Bu-zi-a H-ip-ri-im ša -lim ku-un-ka-šu-nu-ma z- pz-zq- , . d a-šu-nu-ma a-na - zm ki v lu-bi-il₅-šu-nu šu-ma Bu-zi-a i-ta-la-ak a-na DUMU um-me-a-nim ke-nim [p ]ì-iq-da-šu-nu tup-pa-am [t]a-dì-na-nim um-ma a-tu_r nu ₁-[ma] e. [a ]-li-r ik ₁-ma H-bi ka-i-na-m[ lu i-na] [ka]-ri-[im] Ka-ni-iš lu i-ka-r[i-im] [Bu-ru-uŠ-b]a-dim H-im SIG.HI.[A ša U-H-na-lam [x x] rzu KU.G[I ... ] [x x] r ku-nu-ki₁ [ ••• ] [xx] rtup-pu-₁[ ••• ] [xx]rxnu₁ [ ••• ] [xx]rxmau[ ... ] [ ... ]","To the envoys of the City and the plenary assembly of the Kanesh colony; from Salim-Assur: My dear lords, the scribe of the Burushaddum colony, Ibaya's son, and a servant of Usinalam brought a tablet from the plenary assembly of the Burushaddum colony and a tablet from Usinalam to the plenary assembly of the Kanesh colony concerning the slave Abu-salim, and they said: ""The slave Abu-salim owes 16,040 minas of copper, the price of wool, to Usinalam. As to the 30,000 minas of copper from the others that they owe to the palace, he has angered Usinalam."" They continued: ""Abu-salim must come. If Abu-salim is absent, then his master must come. Here we fear for our lives and Abu-salim's silver."" All of the envoys from the City and the plenary assembly of the Kanesh colony heard this and you said: ""You must go and satisfy Usinalam."" You handed me over to Ili-bani, the scribe of the Burushaddum colony and Usinalam's ser- vant together with my merchandise that had arrived from the City, and you said: ""Go! Satisfy Usinalam!"" After I had paid 15,000 minas of copper as the price of the wool to Usinalam and satisfied him, he returned and handed me over to the palace officials for 40 minas of silver to cover the same Abu-salim's debt. I said: ""It is you I have already satisfied, so the are mine, or they are part of my goods and he has sold (them). Take the you gave me and sell them where you wish. Why do you hand me over to your šakkanakkuš?"" He answered: ""I will not take your documents, but you must pay 40 minas of silver to the šakkanakkuš."" I said this to Usinalam before your envoys and the plenary assembly of the Burushaddum colony, but he refused. My dear lords, ... the tablet [from the Burushaddum colony] and the tablet from Usinalam that Ibaya's son and Usinalam's servant brought, that the envoys from the City and the plenary assembly of the Kanesh colony heard, and on the basis of which tablets they led me away and I satisfied Usinalam - both those two earlier tablets which the envoys of the City and the plenary assembly of the Kanesh colony heard and which have been entrusted (for safe-keeping), plus the tablet, a missive from the plenary assembly of the Burushaddum colony, that Ili-bani and bring to the plenary assembly of the Kanesh colony - those three tablets you must seal for Buziya, the envoy from the City, and entrust them so that he brings them to the City. If Buziya has left, then entrust them to a reliable affiliated trader. You gave me a tablet, saying: ""Go and confirm the witnesses, so either in the Kanesh colony or in the Burushaddum colony ... the price of the wool of Usinalam",AKT 6a.pdf
111. kt 94/k 1267,Lu-lu En-nu-um-B[e-l]um Pu-šu-ki-in Ša-ší-a En-urn-A -šur DUMU A-ni.í nim 1 A-la-hu-um DUMU Šu-ka-li-a 1-dí-Ku-bu-um DUMU -šur.r ma-lik 1 -šur D UMU .r gu?-ah 1-La-aŠ-ra-ni {d}EN.LfL.r ba-ni₁ DUMU Za-zaA-ba-šì-a DUMU dr Lì/i-ba-a DINGIR-na-da DUMU -šur-< na- > da Šu-in-/na-da mz-ma a-wi-lu a-ni-u-tum i-na pu-uh-ri-im i-na ka-ri-im Bu-ru-uš-ha-dim e. uš-bu-u um-ma r. šu-nu-ma U-Ší-na-lam ld ta-da-an,"Lulu, Ennam-Belum, Piisu-ken, Sasiya, Ennam-Assur son of Anninum, Ali-ahum son of Sukkalliya, Iddin-Kiibum son of Assur-malik, son of Aguwa, Il-asranni, Illil-bani son of Zaza, Abasiya son of Libbaya, Akuku, Tiir-Assur, Ili-nada son of Assur-nada, Suen-nada- all these men sat in the assembly in the Burushaddum colony, and they said: ""Do not sell a single textile to Usinalam!""",AKT 6a.pdf
112. kt 94/k 1684,[( ... )] DUMU š-ba-a-a,Ibaya's son,AKT 6a.pdf
113. kt 94/k 831,a-na Šal-rna-A -šur qi-bi4-ma um-ma diM-GAL-rna tup-pa-ka a-na-kam Šu-ŠŠtar -šur-ma-lik Šal-rna-A -šur zš-me-u-ma •v / um-ma šu-nu-ma v a-wa-tum a-ni-tum a-ma-Id ša tup-pi-šu ša iš-pu-ra-ni ke-na 1-šu-ri-ik i-na ma-ah-ri-/ni e-ta-u šu-ŠŠtar a-wa-tam i-šu um-ma šu-nu-ma Šu-Htar a-wa-šu li-i/₅-qlma a-na KA-ab DINGIR nu-NU -ri-id-ma tup-pa-am lu ni-dì-na-kum a-šu-mi ša DUMU š-ba-a u a-na Ši-bi4-ka ka-ra-am Ia r ša-a-lam 1 ru-ba-im ne-ru-ma r um-ma ru-ba-₁u-um-ma be-eš a-wa-tim li-li-kam-ma ld ta- <rna-> ha-ra i-nu-mi DUMU e. š-ba-a i-la-ka-ma -lam i-ma-hu-ru-ni i-nu-mi-šu u₄-me er-ša r. a-na Ši-bi4-ku-nu ta-e-ra-ma ka-ra-am La [ša-a]-lam a-na a-tu-nu-ma a-wi-lu-um be-el na-ru-qì-im u-šaJ ša-ha ₁-am a-na Ši-bi4-šu ka-ra-am i-ša-al i-nu-mi-šu -lu-um i-da-na-ku-nu-ti me-at 56 TUG 12 ma-na 18 GIN KB it-bu-lu 6 ANSE 5/6 ma-na 5 GIN KB it-bu-lu 30 1/3 ma-na AN.NA qa-tim 2 1/3 ma-na KB it-ba-al a-na 3 1/3 ma-na 5 GIN. T be-u-La-tu-šu-nu u 6 GIN KB lu-bu-šu-nu 2 112 ma-na 4 GIN KU.KI 61/3 GIN.TA <ta>-di-in e. SUNIGIN KB-pi-ka 24 ma-na u 1 ma-na KO.KI lu ša-du-a-tum lu u-nu-ut ANSE 10 ma-na 9 ma-na 4 1/3 GIN <a > -kum-ma a-ni-im Pì-la-ah-ŠŠtar,"To Salim-Assur from Adad-rabi: Here Su-IStar, Assur-malik and Salim-Assur heard your letter, and they said: ""This matter is correct as he wrote in the letter he sent: Issu-arik declared (such) in our presence."" Su-IStar raised the matter, and they said: ""Let Su-IStar have his case, so we led him to the Gate of the God, and we gave you a tablet."" Concerning the matter of Ibaya's son, and in order not to raise questions to the colony about your witnesses, we went in to the king, and the king said: ""Let the litigant come and do not confront (the assembly). When Ibaya's son arrives and they confront the City assembly, at that time demand terms. Rebuff (the mat- ter) with respect to your witnesses and turn (them) back to the City assembly so as not to ask questions of the colony, and then 'The man will extradite the owner of the joint-stock capitaL He will question the colony about his witnesses' - then the City assembly will give you (the right to a case)."" 156 textiles cost 12 minas 18 shekels of sil- ver; 6 black donkeys cost 55 shekels of sil- ver; 30 1/3 minas of expense tin cost 2 1/3 minas of silver; to the 3 harnessors 25 shek- els each as their working-capital, plus 6 shekels of silver for their clothes; 2 1/2 mi- nas 4 shekels of gold was sold at the rate 1:6 1/3 -the total of your silver: 24 minas plus 1 mina of gold. Both transport tariff and donkey harness was 10 minas; he brings 9 minas 4 1/3 shekels to you, and Pilah-IStar this ...",AKT 6a.pdf
114. kt 94/k 1701,"[a-na Ša-lim-]A-ršur₁ qi-bi-ma um-ma diM-GAL-ma [a-na-kam] Šu-ŠŠtar rA-šur-ma-lik [u ŠJa-lim-A-ršur₁ iš-me-u-ma um-ma šu-nu-/ma [a-w]a-tum a-ni-tum a-ma-ta: ša tup-ípi-šu] ša iš-pu-ra-ni : ke-n[ a] r Jl-š[ u]-ri-zt k] i-na ma-ah-ri-ni : e-tu-wu : Šu-[ ŠŠtar] a-wa-tdm : i-[šu] : um-m[a šu-nu-ma Šu-ŠŠtar a-wa-šu] li-i/₅-qi-a-ma: [a-na ba-ab DINGIR nu-ri-id-ma] tup-pa-am: lu [ni-dì-na-kum i-na tup-pí-ka [ ... ] lu -/a-ha-am u [ ... ] A-šur-ma-lik it[ ... ] DUMU Puzur4-Š[A.TU ... ] concerning u4-mt-im: iŠ-[tí-en ... ] DINGIR: tup-pa-[ ... ] 15 š-ba-a-a: a-n[a ... ] Ibaya' ne-nu-ma [a-wi-lum be-e/] We u-ša-ša-ha-am ... ] owner , r <, [ ] e- ... x 20 1 [ ..• ] x ma-n ]a K[B r. x x] ša DAM.[GAR ... X x x-]tu-ni-n[i ... ] x x] 4 1/3 GIN K[B ... ] ... x x] Sf-ti[ ... ] 5' lines broken away [x x KU].GI [ [x x] 1/3 ma-na[ ... ] 10' ... 1 ma-na[ ... ] me-[at] 56 TUG ku-t[a-nu 12 ma-na 18 GIN KB] els 6 ANSE 5/6 ma-na mina 5 GIN it-bu-lu] shekels 2/3 rma-na₁ KB 5 GIN rx₁ of [ ... ] qa-tim 2 1/3 [ma-na KB] 15' shekels a-na 3 ma-na 5 GIN T KB be-r u₁[la-tu- less šu-nu] 1/3 GIN KB a-na lu-bu-H-šu-nu mina ma-na LA 1 GIN KB ša-du-u-[tum] 1/3 GIN KB 20' minas ma-na 4 GIN KB lu u-nu-ut AN[SE] u-ku-ul-ta-aš-nu : SUNIGIN ma-na 4 1/3 GIN KB lu-qu-tam a-ni-tam Pl-la-ah-ŠŠtar e. [a-n]a DAM.GAR-ri-im: i-ra-de₈ [i-na KU.]GI-su : 1 ma-na i-ba-5í [x x x] 4 ma-na KB 5í-tìKB-pi-šu 4 5/6 I.e. ma-na 5 [ +x GIN] [x x] a-na 10 U4-me-e Ša-am-rna?: Ša X ma-la ta-be-[ [ x x šu Y -rna 1 lu-bu-šum u ra-qu-tum i-ba-5í: a-ša-a-[ am] [x x x] u ku-ta-nam SIG₅ a-ša-am-rna i[- a-ta-be-a-ma: a-t[a-la-kam]","To Salim-Assur from Adad-rabi: Here Su-IStar, Assur-malik and Salim- Assur heard (your letter), and they said: ""This matter is correct as he wrote about it in his letter. Issu-arik spoke (thus) with us as witnesses."" Su-IStar raised the matter and they said: ""Let Su-IStar take a lawsuit and we shall go down to the Gate of the God and give you a tablet."" in your letter ... both Ali-ahum and ... Assur-malik and ... Puzur-sadu'e's son ... one day ... the Gate of the God the tablet ... s son to ... said: ""The man will extradite the of a joint stock capital."" minas of silver ... belonging to a merchant ... 4 1/3 shekels of silver ... left 1/3 mina ... kutanu-textileš cost 12 minas 18 shek- of silver; 6 black donkeys cost 5/6 5 shekels; 1 2/3 mina of silver, 5 ... tin for expenses cost 2 1/3 mina silver; for 3 harnessors: 1/3 mina 5 each were their working capitals; 3 of silver for their clothes; x mina 1 shekel of silver: transport tariff; 8 shekels of silver: export duty; 1/3 4 shekels of silver: both harness for donkeys and their fodder - in all: 19 4 1/3 shekels of silver. Pilah-IStar leads these goods to the mer- chant. 1 mina of his gold is available. ... 4 minas of silver. The rest of his silver: 4 5/6 minas 5 + x shekels. buy in 10 days ... ... if clothes and a thin textile are available I shall buy it. I shall buy ... and a good kutiinu and ... I shall set out and leave.",AKT 6a.pdf
115. kt 94/k 840,"a-na Ša-lim-A -šur qi-bi-ma um-ma diM-GAL-rna: a-na tup-pi: a-šu-mi 1-dì-a-bi-im :ša ta-aš-pu-ra-ni -šur-ma-lik : u Ša-lim-A -šur aŠ-al-ma um-ma a-na-ku-ma : i-nu-mi 1-šu-ri-ik a-wa-tim :ša 1-di-a-bi-im : iš-d Me-ra-ni iš-d AH.ME ša ŠŠtar u E Za-ak-ta-a u a-li : ta-ad-mi-iq-tam i-di-nu-šu-ni a-wa-tim ig-mu-ru : i-nu-mi-šu-ma : KB ša ša-qa-lim : iŠ-qu-ul u 5í-tí KB tup-pi-Šu : u-ha-ri-mu : ša 1-dì-a-bu-um ha-bu-lu-ma : Šal-ma-A -šur : qa-ta-tu-ni um-ma šu-nu-ma : tup-pu-um : šu-um-šu u-ta ha-ri-/im KB u-še-bi-lam-ma : a-na a-wi-li ni-iŠ-qu-ul : um-ma šu-nu-ma ke-na 1-šu-ri-ik i-na ma-ah-ri-ni r e ₁-ta-wu-šu-um um-ma šu-ut-ma ha-bu-ul: a-hi-ka : lu a-na-kam : lu i-na GANA-lim šu-qu-ul-ma u a-lik-ma : i-na KB-ap a-hi-ka : le-qe: šu-ma [KB]-ap a-hi-ka ta-šu i-na na-ru-qì-ka : šu-qul: a-na a-wa-tim a-ni-a-tim : ša 1-šu-ri-ik : i-na ma-ah-ri-šu-nu e-ta-wu-ku-ni : u-še-ra-šu-nu-ma : KA DINGIR l / / / tup-pa-aš-nu , ,v a- a-qe : tup-pa-am : ša v qa-tí-ka iš-te-nu-um-ma: šal-tí-k[a (xú šja KISIB U-ku-a e. 2 ] h ' • u tap-pa-e-šu : u šz-n ? t a-a -št-tš-ta-an i-ba-H-a: ša rDUMU En ₁-na-nim tup-pa-am r. ni-iš-e-ma: la-šu: a-šu-mz DUMU š-ba-a-a -lu-um dì-nam i-ha-am-ri-im i-dì-in-ma : ma-ma-an : : u : tup-pa-am a-na ša-šu-hi-im : il5-qe-u: lu i-na i-mu-tu : ka-ru-um Ka-ni-iš di-in KB u KU.GI: i-di-a-an šu-ma a-wi-lum na-di-tam : i-za-kar a-[na] ka-ri-im : i-pa-te-ma : šu-ma : ša 3 [a-wa-ti]m a-na -lim{ki} : i-la-kam : šu-ma : La 3 a-wa-tim a-na -lim{ki} la i-ld-kam ša i-ld-ka-ni la i-ba- < La> -at :A -šur-ma-lik u Šal-ma-A -šur a-šu-mt v ' : u-tt-tt , , -šic -tm - : na-aš-pa-ar-tt ,v , , Ša-lim-A -šur: ta-aš-me-a : qi-bi-a-nim-ma ma-la: u-tu-tu-um r ša-ap-ka-at₁-/ni ti-ir-ti a-na a-wi-lim : li-li-ik um-ma šu-nu-ma a-ta : a-na u-ti-ti-im tu-ša-na-aq-ni-a-ti: ni-a-a-tu-ba ta-ad-mi-qd-tu-ni :a-li li-li-kam-ma : u-ta-ta-am ma-ma-an i-ta-ba-al : um-ma šu-nu-ma iš-tu: MU.5.SE a-na ti-ir-ti-šu e. i-ze-za-am : Ia ni-mu-a um-ma a-na-ku-ma : mi-šu : lu-mu-un li-bi4-ku-nu um-ma šu-nu-ma :a-ld-an : I.e. ta-ad-mi-qa-tim ša ni-di-nu-šu-ni : mi-ma ša-ni-a-am lu-mu-un li-bi-im La ni-šu-šu-um a-bi4 a-ta be-li a-ta : a-na šal-tim La ta-ša-ka-na-ni ša ti-ir-ti: a-di u4-mi-im : a-nim : ta i-li-ka-ku-ni um-ma a-na-ku-ma : mì-nam a-wa-tim ma-šu-ha-tim la-aš-pu_r ra ₁-šu-um 10 GIN KB : a-ma-kam : a-na be-a-li-im iq-bi-a-am : um-ma a-na-ku-ma : iš-ti Ša-lim-A -šur me-eh-ra-tim al-qe KB še-bi4-lam","To Salim-Assur from Adad-rabi: as to the tablets concerning Iddin-abum that you wrote to me about - I asked Assur-malik and Salim-Assur, saying: ""When Issu-arik cleared up Iddin-abum's affairs with Merani, with the !Star-priest and Zaktaya's firm, and where he gave him a free loan, at that time he paid what silver he could - and did they certify his tablets for the rest of the silver, stating that Iddin-abum owed it, and that Salim- Assur was the guarantor?"" They answered: ""No tablet at all was certi- fied. He sent us the silver and we paid the men. "" They continued: ""It is true that Issu-arik discussed with him in our presence and said: 'Pay the debt of your brother, both here and abroad, and then go and take it again out of your brother's silver. If there is no silver belonging to your brother, then pay out of your joint-stock capital.""' For these words which Issu-arik discussed with you in their presence I shall lead them off, and I shall receive a tablet with their statement in the Gate of the God. As to the tablet concerning your share, we opened BeLitum's house, and there is only a single tablet, and it concerned your funds and was sealed by Ukuwa and his partners. Also, 2 memoranda are present. As for Ennanum's son we searched for the tablet but it was not there. The City assembly has rendered a verdict in the sacred precinct concerning Ibaya's son, stating that whoever has hired an at- torney and received a tablet concerning extradition - in the City as well as abroad - their tablets are invalid. The Kanesh col- and gold. If a man makes a formal statement involv- ing a deposition, he must reveal it to the colony, and if it concerns the three words he must go to the City; if it does not in- volve the three words he must not come to the City; he who comes anyway will not live. I seized Assur-malik and Salim-Assur and said: ""You have heard the missive of Salim- Assur concerning grain. Speak up and send word to the man about how much grain has been stored."" They answered: ""Now you pressure us for the grain, but our own free loans, where are they?"" He may come and some- one will take away the grain. They continued: ""The last five years we have been unwilling to follow his orders."" I said: ""Why are you angry?"" They answered: ""Apart from the free loans that we gave to him we have no other quarrel with him."" My dear father, my dear lord- do not treat me harshly because word from me has not reached you until today! I said to myself: ""Why should I send in- sulting words to him?"" offered me 10 shekels of silver to dispose of there, but I said: ""I have re- ceived a similar amount from Salim- Assur."" So send me the money!",AKT 6a.pdf
116. kt 94/k 1300,wa-ak-lum-ma From ka-ri-im -lu-um dz-nam 5 GIS.KAK-en GAL-en front ha-am-ri-im precinct Ibaya DUMU š-ba-a-a ... ] DUMU r Jl[-šu-ri-ik] Salim-Assur (x)] r ri-im 1[. .. r. DUMU Ba-zi-a DUMU A-šur-i-dí Su-Kubum,"the waklum to the Kanesh colony: City assembly has passed a verdict in of the two great pegs in the sacred stating that Iddin-Suen son of may hire an attorney, and ... son of Issu-arik ... eponymy of IlSu-rabi son of Baziya. son of Assur-idi is my attorney.",AKT 6a.pdf
117. kt 94/k 1152,En-na-nim DUMU A-la-birim Sealed A-šur-na-da DUMU Ir-nu-id Assur-nada KISIB Ka-ta-tim DUMU Ma-la-ba KISIB Nu-ur-{d}EN.ZV DUMU drMVŠ₁-mu-ta-bìl KISIB 1-dì-Šu-in DUMU 1-ba-a-a e. ša Ša-lim-A -šur u 1-dì-Šu-in r. DUMU 1-ba-a-a: a-na a-wa-at tup-pì-im a-ni-im ni-iš -lim{ki} it-mu-u-ni-ma a-hu-um a-na a-hi-im La i-tu-ru,"by Ennanum son of Ali-abum, by son of Irnuid, by Katatum son of Malaba, by Nur-Suen son of Nirah- muttabbil, by Iddin-Suen son of Ibaya. Concerning Salim-Assur and Iddin-Suen son of Ibaya. They swore by the City con- cerning the words of this tablet, and no one must raise claim against the other.",AKT 6a.pdf
118. kt 94/k 1256,"1-di-Šu-in DUMU š-ba-a ša a-na Ša-lim-A -šur DUMU 1-šu-ŠVDx u e-hu-za-ni tup-pa-am ša -lim : a-na ša-šu-hi-šu il5-qe-a-ni: i-mì-ig-ru-ma ni-iš -lim{ki} i-na Ka-ni-iš it-mu-u 1-di-Šu-in ki-ma a-ha-ti-šu a-hi-šu u a-ha-at a-bi-šu 1-dì-Šu-in it-ma Ša-lim-A -šur a-na hu-bu-ul La i-tu-ar-šu-nu-ti a-na a-hi-im e. i-tu-ar a-na 15 other. a-ni-a-tim r. -lim it-mu-u Hu-bu-ur -la-hu-um En-na-nim DUMU A-La-bi-im 20 Witnessed Ar-nu-id son Ka-ta-tim DUMU Ma-La-ba muttabbil, Nu-ur-Šu-in son {d}MUŠ-mu-ta- <hi-> il/ 25 KISIB 1-dí-Šu-in 1-ba-a-a","Iddin-Suen son of Ibaya who had hired an attorney against Salim-Assur son of Issu- arik, and had received a tablet from the City assembly about his extradition - (those two) settled (their differences) and swore an oath by the City in Kanesh. Iddin-Suen swore on behalf of his sister, his brother and his father's sister. Salim-Assur must not raise claim against them for Ibaya's debt. two must not raise claim against each For this matter they swore the oath the City. Hubur, eponymy Ali-ahum. by Ennanum son of Ali-abum, Assur-nada son of Irnuid, by Katatum of Malaba, by Niir-Suen son of Nirah- and sealed by Iddin-Suen of Ibaya, the barber.",AKT 6a.pdf
119. kt 94/k 1262,"DUMU 1-ba-a-a Iddin-Suen a-na Ša-lim-A -šur attorney 1-šu-ŠUDx ra-bi-ṣa-am u tup-pa-am -lim{ki} a-na ša-šu-hi-šu i-m""i-ig-ru-ma A-lim{ki} i-na Ka-ni-iš 1-di-Šu-in a-ha-ti-Šu a-hi-šu a-ha-at a-bi-šu 1-di-Šu-in u Ša-lim-A -šur hu-bu-ul š-ba-a-a : a-na 1-di-Šu-in a-hi-šu : DUMU 1-ba-a-a i-tu-wa-ar-šu-nu-ti a-na a-hi-im e. i-tu-wa-ar a-wa-tim a-ni-a-tim r. -lim{ki} it-mu-u Hu-bu-ur li-mu-um DUMU 1-na-ah-DINGIR Še-ep-A-lim{ki} {d}MAR.TU-ba-ni DUMU Ma-na-na ṣi-lu-lu DUMU U-ku DUMU En-na-nim -šur-iŠ-ta-kal D UMU -šur-ŠIP En-nam-A-šur DUMU Me-ra-ni hu-bu-ul a-bi₄-šu u 3 113 ma-na Ša-lim-A -šur a-na 1-di-Šu-in 1-ba-a i-na ga-ma-ar i-ša-qal a-we-li a-ni-u-/tim e. a-ni-a-tum I.e.","son of Ibaya who had hired an against Salim-Assur son of Issu- arik, and had received a tablet from the City assembly about his extradition- (those two) settled (their differences) and swore an oath by the City in Kanesh. Iddin-Suen swore on behalf of his sister, his brother and his father's sister. And Salim-Assur must not ra1se claim against Iddin-Suen or his brother for the debt of their father Ibaya. The two must not raise claim against each other. For this matter they swore the oath by the City. Month Hubur, eponymy Ali-ahum son of Inah-ili. Witnessed by son of Sep-Alum, by Amurrum-bani son of Manana, by Siliilu son of Uku, by Atadiya son of Ennanum, by Assuris-takal son of Assur-re'i, by En- nam-Assur son of Merani, (by ... ) son of Nizum. Not only did he remove his father's debt, but Salim-Assur must pay 3 1/3 minas of silver to Iddin-Suen son of Ibaya for the settlement of the matter. This case was settled before these men.",AKT 6a.pdf
120. kt 94/k 813,"(hu-ur-ša-A -šur D UMU -šur-ma-lik : a-na E ""b ' / ' "" .I V -šur V u-še-rz- .I V/ u-nt-/ a-tz-ma .- -šur tam-ka-ru-šu : i-na ma-ah-ri-ni ip-tlu-ma tup-pi-šu ha-ru-mu-tim : i-na li-bi4 tup-pi-šu : tup-pa-am ha-ar-ma-am: ša 6 GU AN.NA ku-nu-ki ša -lim{ki} u 45 TUG ku-ta-/ni Ša-lim-A -šur :a-na -šur-i-dì DUMU Ša-da-a: i-da-an-rna 1 GU KB A-šur-i-dì a-na Ša-lim-A -šur i-ša-qal e. šu-ma -šur-i-dì D UMU Ša-da-a ld-šu: AN.NA u TUG r. a-na ša ki-ma :A -šur-i-dì Ša-lim-A -šur : i-da-an tup-pu-um ha-ar-mu-um :ša hu-bu-ul E -šur-i-dì .- i-na -šur DUMU A-šur-ma-lik: i-na li-bi4 tup-pi-šu : e-li-a-rna u a-na -šur-ma-lik D UMU -ld-hi-im ip-qì-du-šu : a-na a-wa-tim a-ni-a-tim .- ka-ru-um Ka-ne-eš i-dì-ni-a-tì-ma IGI GíR ša A-šur H-bu-ti-ni : ni-dì-in IGI -ta-ta DUMU Šu-Ku-bi4-im IGI Šu-A-šur DUMU šd-na-A-šur A-šur-GAL um-šu-um-/ma ša-li-iš-ni","son of Assur-malik seized us and led us into house, and his customers opened strong-room with us as witnesses, took out his certified tablets, and (selected) from his tablets one certified tablet stating that Salim-Assur shall give 6 talents of tin sealed in the City and 45 kutanu-textileš to Assur- idi son of Sadaya, and that Assur-idi shall pay 1 talent of refined silver to Salim-Assur; if Assur-idi son of Sadaya should be absent, Salim-Assur shall give the tin and the tex- tiles to Assur-idi's representatives. This certified tablet concerning Assur-idi's debt appeared in the house of son of Assur-malik among his tablets, and thereafter they entrusted it to Assur-malik son of Ali-ahum. The Kanesh colony gave us for these pro- ceedings and we gave our testimony before Assur's dagger. Witnessed by Atata son of Su-Kiibum, by Avv f dd"" vv Avv b"" S v u- ssur son o I m-Assur; ssur-ra was on that very day our third (witness part- ner).",AKT 6a.pdf
121. kt 94/k 725,"56 ma-na KB i-na KB-ap -šur-i-dí -šur uA-šur-DUG: a-na Ša-lim-A -šur : iš-qu-lu-ma 4 ma-na KB i-5í-tam-ma , vu'' VAV tup-pa-am : ša -šur u A-šur-DUG: Ša-lim-A-šur il5-pu-ut-ma: tup-pa-am ša GU KB ša hu-bu-ul a-na -šur u -šur_r DUG Ša ₁-lim-A -šur e. u-5í-ir: IGI -šur-i-mì-/tí r. DUMU A-ta-a: IGIA-da-da Adada DUMU diM-GAL 15 Puzur₄-Tí-a-am-tim tap-pa-i-ni :a-na a-wa-tim a-ni-a-tim : ka-ru-um ony Ka-ni-1J ṣa-be-er GAL gave i-dì-ni-a-tì-ma 20 IGI GfR ša A-šur tup-pa-am ni-di-in: A-da-d[a] Adada GfR ša _r šur 1 iṣ-ba-at-ma e. of š-ša-a DUMU Da-ga-ma-al-ki-im pl-Šu : iŠ-me 25","and Assur-tab have paid 56 minas of silver from Assur-idi's silver to Salim-Assur, but 4 minas of silver remain (unpaid), and Salim-Assur wrote a debt note for and Assur-tab and released the (old) tablet concerning 1 talent of silver, the debt of Assur-idi son of Sa- daya to and Assur-tab. Witnessed by Assur-imitti son of Ataya, by son of Adad-rabi; Puzur-Ti'amtum our (absent) partner. plenary assembly of the Kanesh col- gave us for these proceedings and we the tablet before Assur's dagger. seized Assur's dagger and Isaya son Dagan-malkum heard his statement.",AKT 6a.pdf
122. kt 94/k 820,"56 ma-na KB i-na KB-ap -šur-i-di DUMU Ša-ta-a: U-ṣu-ur-ša-A-šur uA-šur-DVG a-na Šal-ma-A-šur iš-qu-lu-ma 4 ma-na KB 5 i-H-ta-ma: tup-pa-am ša (í-ṣu-ur-ša-A -šur tablet uA-šur-DVG: Šal-ma-A-šur debt i/5-pu-ut-ma: tup-pa-am ša 1 GU KB e. ša hu-M,_u-ul A-šur-i-dz1 r. DUMU Ša-d[a-a] -sr DuG Šal-ma-A ur a-na -šur u] -štur u-5í-ir a-na a-wa-tim] a-ni-a-tim ka-r ru ₁-um has Ka-ni-iš: gave i-dí-ni-ma tup-pa-am IGI GIR ša A-šur a-dí-in IGIA-da-da 20 Witnessed A-šur-i-mz-tíDVMV A-ta-a Ataya u Puzur₄-Tí-a-am-tim e. sent) tap-pa-u-a","and Assur-tab have paid 56 minas of silver from the silver of Assur-idi son of Sadaya to Salim-Assur, but 4 minas of silver remain (unpaid) and Salim-Assur has written a debt note for and Assur-tab, and he has released the (old) concerning 1 talent of silver from the of Assur-idi son of Sadaya to Assur-tab plenary assembly of the Kanesh colony given me for these procedings and I a tablet before Assur's dagger. by Adada; Assur-imitti son of and Puzur-Ti'amtum were my (ab- partners.",AKT 6a.pdf
123. kt 94/k 7 43,"KISIB Puzur ₄-Tí-a-am-tim Sealed KISIB -šur-i-mz-tí DUMU -ta-a son KISIB -šur Assur-malik, DUMU A-šur-ma-lik Assur-!ab KISIB A-da-da DUMU diM-GAL 5 KISIB A-šur-DUG DUMU Ša-da-a ša 4 ma-na KB Concerning -šur Assuqab rul A-šur-DUG Ša-lim-A-šur Salim-Assur. [i-š1u-u iš-tit 10 Reckoned [ ha-mu-u ]Š-tim e. Assur [ša Ma-nu ]-ki-A -šur u 1-ku-nim : a-na they r 6₁ ha-am-ša-tim i-ša-qu-lu : šu-ma i-na ITU .KAM -im a-na ma-na-tm KB i-na qa-qa-ad : šal-mì-šu-nu ra-ki-iš","by Puzur-Ti'amtum, by Assur-imitti of Ataya, by son of by Adada son of Adad-rabi, by son of Sadaya. the fact that and owe 4 minas of refined silver to from the week of Mannu-ki- and Ikunum they must pay within weeks. If they have not paid (in time) will add interest at the rate 1 112 shekel per month per mina. They are jointly responsible for the silver.",AKT 6a.pdf
124. kt 94/k 921,"a-na Ša-lim-A-ršur₁ qí-bi-ma um-ma r En-nam ₁-A -šur-ma ša ki-ma ku-a-tí a.r na 1 :E.r tz₁ -ka e-ru-bu-ma tup-pí-ka ip-te-u-ma tup-pa-am ša hu-bu-ul -šur u rA-šur-DUG₁ u-š1e.L]i-u-ma a-na A-bu-a ni-ip-qì-[du] a-ma [ me-h ]ler-šu r Puzur ₄₁-Tí-a-am-tim [A-šur-i-mz-tt1 DUMU A-ta?-a-a [ ]-A -šur o break [A-]bu-a u ršz₁ [x x x]-ir A-šur-DUG DUMU Ša-da-[a xVha₁-am r l ,, k , l, . [ ] aš-ta-na-pa-ar-ma ,v , a- - am u- z- mu-a a-dì a-e-im u4-mz-im d-[(x)]dì-a-tu-šu u a-na qa-ba-im IGI ša ki-ma ku-a-ti 5' u-ta iš-hu-ut mz-nam ma-da-tim lu-ld-pì-ta-kum iŠ-tu u u-ta li-bi-im a-H-ra-am ni-ir-lta-H a-bi a-ta tì-ir-ta-ka za-ku-tum ša ki-ma [ku]-a-tì u šu-u[p-r ]a-[ am] a-ma-La d-ir-tì-ka [ l]e-p[ u-u ]S e. u ra-mz-ni r lu ₁-za-ki-[ rna] la-li-lkam-ma iŠ-ti-ka a-ma-kam la-az-ku 4 ma-na 3 GIN [ ... ] hu-ša-ri-im ša KB [ ... ] u ša En-na-num ku [ ... ] ša-du-at KB [ ... ]","To Salim-Assur from Ennam-Assur: Your representatives entered your house, opened for your tablets and took out the tablet concerning the debt of and Assur-tab and we entrusted it to Abuwa. Now, Oisten to) its copy: ""Puzur- Ti'amtum, Assur-imitti son of Ataya and ... Abuwa ... I keep writing Assur-tab son of Sadaya ... but he will not come. For how long ... and he was not afraid to speak before your representatives. Why should I write at length to you, that we are unhappy and have no one to care for us? My dear father, send a final report to your representatives and to me. I shall do what you order, and I shall clear myself and come so I can clear it with you. 4 minas 3 shekels ... lapis lazuli ... of Ennanum and ... the transport tariff for the silver ...",AKT 6a.pdf
125. kt 94/k 1444,"Ša-lim-A -šur qí-bi-m[ um-ma] I-tur₄-DINGIR rx1 ... [ ••• ] it En-na[m-A-šur-ma] We ni-ip-te-ma tu[p-pa-am] 5 tablets, hu-r bu ₁-ul -šur] debt A-šur-ma-lik itA-šur-DUG DUMU [Ša-da-a] it a-na -bu-[a ni-ip-qí-id] me-he-er-šu: Ší-ta-me KI[SIB] Now, KISIB A-[šur-i-mt-tz1 10 Ti'amtum, E-ta-a KISIB A-da-da DUB.SAR KISIB Assur-tab. A-šur-[DUG] 4 ma-na KB A-šitr-rDíJG₁ Assur-tab [Ša-lim-A -šur] Salim-Assur. iš-tit ha-muš-t[im šaMa-nu-ki-A-šur] 15 Mannu-ki-Assur I-ku-nim a-na 6 ha-am-[ša-tim] pay šu-ma la iš-q[u-lu 1112 GIN] (in ITI.1.KAM-im a-na 1 ma-[na-im 11/2 jointly i-na qa-qa-ad šal-mt-[šu-nu ra-ki-iš] na-aš-pe-ra-tim [x x] rx₁-tim [ ... ] 20 Also, dìJ x₁ [x x] A-l[im{ki}] City X tup-pa-am ša [ 4] r ma-na 1 KB [ša] silver ' -šur u -šur- DU' G [ z-na . ] v v, ' v tab nu-še-li u a-šu-mt [ ... ] u-la u-du rki₁-ma [ ... ] 25 hu-bu-ul rA-šur₁-i-dí rnuMU₁ of [Ša-da-a] indeed, Ší-hi : a-na r 1[ -A -šur] Assur it A-šur-DUG tí-Šu [x x] u-la rŠí.bi₁ šu-nu iš-ku-nu-ni [Sf-be] rša₁ hu-bu-[ul] -šur-i-di NI : šu-r mì-₁[šu-n ]u i-na ti-ir-[ti-ka] e. u-di-a-[ma] lu ni-[x-Y x₁ a-na : -šur-DUG r ni-iš-x 1[ ••• ] [x x] ri [ ... ] [ ... ] [ ... ] [x x x] lim[ ... ] r. [a-]na Ši-ip-ru-t[im ... ] i-bi-ru-ni a-na [ ... ] ša tup-pi-šu ša IGI A-šur-[. .. ] AN.NA it TUG.HI-tiša tup-p[i ... ] IGI MAR.TU-ba-ni DUMU Ma-na-n[a] IGI Ší-lu-lu DUMU U-ku IGI -šur-[ ma-lik] DUMU A-la-hi-im it IGIA-da-da D[UB.SAR] - d'[ (;-1] ' - 'A 1[ J x X; -rna u m-a-tt -šur- r x ... 1- 1- n u-ša-zi-iz-ma lu-qu-r tam 1 a-ni-[ tam] iš-tí lu-[qu-tz1-šu i-še-ep Ma-nu-urn-[ ... ] a-na [ Bu-ru-uš-h ]a-dim e-ru-ub-ma 30 ma-na rKB 1 a-na [x ha-am-]ša-a-tim ne-eš-qul [ ... ] [x x]-ki-tim 26 ma-rna KB₁ [ša šeúep -šur-i-mi-tí u [ ... ] [n]i-iš-qu-ul šu-ma a-5í-ti-[ ... ] KB tup-pa-am ša r il5₁-pu-ut ši-bi a-ni-u-t[im] nu-ta-hi-ma MAR.TU-ba-ni [(. . .)] u ' -šur-ma- l""k pz-šu-nu ' zp-te- u-ma v' 1 v . ' [ ' urn-rna] šu-nu-ma (erašure) ki-ma i-[ ... ] a-na šu-mz v 'v'b""l'[] šz- z ... names d / wa- u-u a-šz-a-tz V/ / a- [ ... ] Ší-lu-lu [x]J ru?₁ 60 There [ ••• ] /V ' ' V u ' [ ... ] men a-we-li [ ... ] ki-ma [ ... ] m ... ] e. - l. zm [ki ... ] GU [ ... ] ... ma-ah-ri-šu-nu [ ... ] u šu-ma a-we-li] u a-[ we-li] I.e. tí-Šu-u :A -lam mu-hu-ur-ma sembly l. ki tup-pa-am , ša v - zm can 5í-bu-ta-aš-nu ba-ab 70 DINGIR-lim lu ni-il₅-qe A-dí-a We ni-it-ru-dam a-5í-r x x 1 fa ... ... ]","Salim-Assur from Iddin-abum, ltiir-ili, , Enah-ili and Ennam-Assur: entered your house, opened for your took out the tablet concerning the of son of Assur-malik Assur-tab son of Sadaya, and entrusted to Abuwa. listen to the copy: ""Sealed by Puzur- by Assur-imitti son of Etaya, by by Adada, the scribe, and by the fact that and owe 4 minas of refined silver to Reckoned from the week of and Ikiinum they must within 6 weeks. If they have not paid time) they will add interest at the rate shekel per month per mina. They are responsible for the silver."" listen to the missives ... and ... of the and the tablet concerning 4 minas of concerning and Assur- we took out of your house. concerning ... nothing is indicated. the debt of Assur-idi son of Sadaya - you have witnesses against and Assur-tab ... that they themselves have set witnesses - the witnesses to Assur- idi's debt, indicate their names in your mes- sage so we ... against Assur-tab ... whom they chose for service as messenger of his tablet that he ... before Assur-... The tin and textiles of the tablet witnessed by Amurrum-bani son of Manana, by Silulu son of Uku, by Assur-malik son of Ali- ahum and by Adada, the scribe, he ... and Assur-.. made precisely us representatives, and those goods have entered Burushaddum together with his goods, transported by Mannum-... , and he produced 30 minas of silver and we paid within x weeks. On top of ... 26 minas of silver from Assur- imitti's transport ... we paid. (To determine) whether he has written a tablet about the rest of the silver concern- ing we made these witnesses approach and Amurrum-bani and Assur- malik opened their mouths and said: ""Since ... that has not been indicated for the of the witnesses, therefore .... "" Silulu ... his missive and ... to the ... 6 talents ... you gave before them. if you have ... against these men and earlier men, then confront the City as- and get a tablet from the City so we obtain their testimony in the Gate of God. sent you Adiya. the servants we have not ...",AKT 6a.pdf
126. kt 94/k 612,Ša-lim-A -šur-ma From a-na -bu-a-a -šur-DUG -di-da-a En-nam-A -šur -la-hi-im u -lu-a qi-bi-ma a-na A-šur-DUG qi-bi.rma₁ i-nu-mi D UMU -zi-a u a-na Ka-ni-iš a-na KB .r šur ₁-i-di: a-hi-ka pa-hu-r ri₁-im . i-li-r ku-ni₁? a-ta : u ša ki-ma -šur ka-ra-am ra-GAL: i-na ha-am-ri-im : tam-hu-ra-ma [tu]p-pa-am ša ka-ri-i[m] e. [tal-qlí.a] ša 4 ma-na I KB [ša a-š1u-mi: -šur-i-di r Ša ₁-lim-A -šur: a-ta r. < u > -šur ta-pu- a-nt ka-ru-um [d]i-nam i-di-na-ku-nu-[ tt1-ma 4 ma-na KB -šur-ba-ni i-ša-qal-ma : tup-pa-ak-ku-nu i-na E be-et Šal-ma-A -[šur] tup-pa-am šu-ma šu-a-ti: na-aš-a-tu-nu šu-ma tup-pa-am : šu-a-ti -šur-DUG : ta na-Ši: a-na ša ki-ma šu-a-ti li-iš-pu-ur-ma tup-pa-am : a-li i-ba-Ši-u IGI ka-ri-im : li-Ši-ru [ ka-ru-um a-na DUMU um-me-a-ni: li-ip-qi-šu I.e. u -lu-a iŠ-ti: wa-bi-i/5 tup-pl-[im] li-li-kam a-na -šur-DUG qi-bi4-ma i-hi-ii-ma gi-im₁-l[a-ni],"Salim-Assur to Abuwa, Assur-rab, Adida, Ennam-Assur, Ali-ahum and Aluwa; specifically to Assur-tab: When Aziya's son and the attorney went to Kanesh to collect your brother Assur-idi's silver, you and representa- tives confronted the plenary assembly of the colony in the sacred precinct, and you received a tablet from the colony, concern- ing the 4 minas of silver for which Salim- Assur, you and had taken responsibility because of Assur-idi - a tablet stating that the colony passed a verdict in your favour, that Assur-bani is to pay the 4 minas of silver, and I shall produce your tablet from Salim-Assur's house. As for the tablet, if you bring it for him, Aluwa shall return with you. If Assur-tab does not carry that tablet, he must write to his representatives, that they must release the tablet -wherever it may be -before the colony. The colony should entrust it to an affiliated trader, and Aluwa shall come together with the one who brings the tablet. To Assur-tab: Take care to do me a favour!",AKT 6a.pdf
127. kt 94/k 1322,um-ma Ša-lim-A -šur-ma a-na r I-ku-pí-i₁ it En-urn-A -šur [ qí-bi-ma] a-šu-mi tup-pí: na-aš-pa-ra-tim [me-eh-]ri ša ta-aš-pu-ra-ni [ku-lu] tup-pu-ku-nu IGI -lim{ki} [ i-Ší-ik ]-nu-ma -lu-um iš-ta-me-šu-nu-ma [it d]í-nam i-dí-in-ma [ x x x] -lim{ki} tup-pa-am [ša A-lim{ki}] Ša-lim-ŠŠtar Ší-ip-ru-um [a-ka-ri]-im na-Ší ša ki-ma [x X X X] x₁ ša-mt-Um a-šu-mz f [x x x x] tau a-pu-tum₁ [ih-da-ma ki-]í rna 1 Ša-lim-ŠŠtar : [i-na Ka-ni-i]š e-ru-ba-ni [tup-pa-am š1a dí-in -lim{ki} [IGI ka-ri-im] li-iŠ-ku-un-ma [x x x x] ih?-da-ma [x x x x] dì-na-ma e. [xxxx] r:a-ta₁ [x x x x t]a-ša-me-a-ni r. [x x x x x x]-ra-nim [ ... ] r x₁-ma [ ... š1a -lim{ki} [ ... J ka [ ... ]-al [ ... ] 5š-bu-um [ ... b]u-um [ ... ]a-li [ ... l]i-li-/kam-ma [ ... ]:a-dì [x]-im [x x x w]a-ša-ab-/ma [ x] ta-ta_r ra-₁da-ni-šu tup-pt ša 1 GU KB e. ša E -šur tu-še-li-a-ni break,"From Salim-Assur to Ikiin-piya? and En- nam-Assur: Concerning the tablets, missives and copies you wrote me about, all your tablets have been placed before the City assembly and the City has heard them and passed a ver- dict, that ... of the City, Salim-IStar, the en- voy, carries the tablet of the City to the colony, stating that ... the one who hears because of ... ... Urgent, [when] Salim-IStar enters [into Kanesh] he must place the tablet with the verdict of the City before the colony, and Take care ... ... g1ve . .. you hear which you sent to me, and you produced my tablet for 1 talent of silver from 5a-Assur's house",AKT 6a.pdf
127a. kt 94/k 939,"[x x] i [ [x] Ši ri [ ša 5š-bu-tíJ šu 1 [x x] rna -bu-a na-aŠ-a-ku-šu : i-na u.rm1-im ša e-ra-ba-ni a-na . ki ' , ' - l zm tu-ru-šu tup-pz lu-ša-ak-Ši-id 10 GIN KB a-na qa-tí-Šu: ta ta-be-/i-il₅ dì-šu-um 15 ma-na URUDU a-na H-bi4 : ši-ru-bi4-im u a-na ba-ab DINGIR še-ru-dim a5-qu-ul3 ma-na URUDU da-la-šu ša -bu-a ša iš-tu Ka-ni-zš: a-dì Wa-ah-šu-ša-na aš-qu-ul2 1/2 ma-na URUDU a-na qa-tUu: a-dì-in SUNIGIN 20 112 ma-na URUDU a-šu-mz-ka: aš-qu-ul 2 112 ma-na URUDU i-na Wa-aš-ha-lni-a [i]š-d a-ša-at Da-na-a [x x] x ki: a-hi a-ta [x x] AN.NA: ša e-zi-ba-ku-ni [x x] GIN KB ša-ap-ra-ltim X X X [x x] fsa1 ŠU-a-tl X X X X X [x x x x x] ma.rna₁ KB-ap-ka x] fa [X X X X X X X","... with his testimony ... Abuwa brings that to you. The very same day he arrives you must send him to the City. He shall conduct the case con- cerning my tablet. Do not deny him 10 shekels of silver for his expenses- give it to him. I paid 15 minas of copper to have the witnesses brought here and led to the Gate of the God. 3 minas of copper, the fee for Abuwa for the stretch from Kanesh to W ahsusana, I paid. I gave 2 112 minas of copper for his expenses. In all I have paid 20 1/2 mi- nas of copper for him. 2 112 minas of copper is owed by Dannaya's wife in Washaniya. ... My dear brother, ... the tin I left for you ... ... x shekels of silver, the sureties,",AKT 6a.pdf
128. kt 94/k 1383,"a-na {d}MAR. TU -ba-ni -šur-i-mì-tí I-tur₄-DINGIR Ha-na 1-na-ah-DINGIR u En-urn-A -šur qí-bi-ma um-ma Ša-lim-A -šur-ma a-na -šur-i-mì-tí qí-bi-ma 40 ma-na KB ni-iš-/ha-šu DIRI ša-du-a-šu ša-bu-u a-ha-rna 35 1/3 ma-na KB ša ik-ri-bi-a ni-iš-ha-šu u ša-du-a-šu ša-bu-u mì-ma a-nim u IGI Pu-šu-ki-in A-bl'-a: a-dí-na-kum um-ma a-ta-ma u a-na-ku 40 ma-na KB u-ra-da-ma u -bi-a 1-U-dan DUMU Šu-da-a i-še-ep -bin-a e. u-še-ba-aš KBJ ap ₁-ka mì-ma u-la a-hu-ur GU 15₁ ma-na 1 1/3 KB i-a-im u KB ku-a-im r. ša z-še-ep - b z-- -"" -a z- . t- z- k u v . "" ki-ma ša 4 2/3 ma-na KB hu-ša-ra-/am iš-u-mu-ni-ku-um u a-na KB-pì-ni AN.NA u iŠ-u-mu-nim-ma qa-dí-a-ma a-na 40 ma-na KB qa-tim₁ ša-li-im-tim AN.NA u ta-zu-uz u i-na -lim{ki} a-bi-ka u 1-U-dan IGI 5 u-ka-i-nu-ni u tí-ir-d a-bi-ka i-li-ka-kum a-hi a-ta ša 4 2/3 ma-na KB ma-ta qa-ta-tum ša hu-ša-ri-im ik-šu.r du?₁-lni-a-ti-ni KB u nìma-al-šu a-na ša ki-ma i-a-ti dì-in a-na -šur-i-mì-ti qì-bi-ma i-na ILLA T-at Šu-Nu-nu lu-qu-tam ša DVG-pì-A-nim e. u-še-li-a-ni 14 TOG ku-ta-nu-a z-šz-tu- • V/ -nz-ma • um-ma a-ta-ma IGI {d}MAR.TU-ba-ni u Šu-Nu-nu DVG-pì-A-šur li-dì-na-kum? KB La i-ma-li-ik KB Ši-im-šu a-la-qe ša ki-ma pu-šu u H-be i-Bu-ru- <uŠ-> ha-dim i-šu-šu-um","To Amurrum-bani, Assur-imitti, ltur-ili, Hana, Inah-ili and Ennam-Assur from 1"" Avv S v a 1m- ssur; specifically to Assur-imitti: 40 minas of refined silver, its import duty added, its transport tariff paid, further, 35 1/3 minas of silver from my votive offer- ings, its import duty and transport tariff paid - all this I gave to you with Pusu-ken, and Abiya as witnesses. You said: ""I too will add 40 minas of silver and send it to Abiya and Ili-dan son of Sudaya with Abiya as transporter."" None of your silver is remaining. On top of the 1 talent 15 1/3 minas of my silver plus your silver that went with Abiya's trans- port, they bought lapis corresponding to 4 213 minas of silver for you, and for our silver they bought tin and textiles, and to- gether with me you divided tin and textiles for a full share of 40 minas of silver. Also, in the City they confirmed your fa- ther and Ili-dan before 5 men, and a mes- sage from your father came to you. My dear brother, give to my representatives the silver and profit on the 4 2/3 minas of silver, the shares that accrued to us on the lapis lazuli. To Assur-imitti: As to the goods you sent up with Tab-pi-Anum in Su-Nunu's cara- van, 14 kutanu-textileš belonging to me remained, and you said with Amurrum- bani and Su-Nunu as witnesses: ""Tab-pi-Assur should give your textiles to you."" He will not decide about the silver. I shall take the silver that is the price, for as much as I have his statement and witnesses in Burushaddum.",AKT 6a.pdf
129. kt 94/k 1756,a-na MAR. TU -ba-ni ṣì-lu-lu Ku-zi-zi-a u -šur-dan qì-bi-ma um-ma Ša-lim-A -šur-ma a-na Ku-zi-zi-a qi-bi-ma a-dì Ši-ni-šu u ša-la-ši-Šu ti-ir-ti a-na -lim{ki} i-li-kaJ mah um-ma a-na-ku-ma TlJG ša i-na -lim{ki} ša ki-ma Pi-la-ah-Htar u diM-GAL DUMU Bu-zi iš-ta-u-mu-ni um-ma a-na-ku-ma TlJG.HI.A ša i-na Ha-ra-ba na-du-ni i-na pa-r ni₁-ka ta-ab-la-šu-nu a-ta TVG.HI-ti-a tha-az-ba-am r a-na 1 KB 1 ma-na u 2 ma-na qa-qa-ad-ka La rna-a TVG.HI-tu-a: rPA MASKIM₁ a-di u4-mì-im i-la-pu-tu 3 ma-na KB H-im pe-er-dim iš-ti Tu-um-li-ra ₁-/im W[a-a]l-di-DINGIR ub-la-ku-nu-ti r u 1 qa-di KB ma-la iš-tu e. Tu-um-li-a u-bu-lu₁-ni-ni 1 ma-na 10 GIN KB i-li-bi₄ I-tur₄-DINGIR i-šu i-na qa-ti-šu le-qe-a u-u[l] a-na r. ša ki-ma šu-a-ti r qt₁ -bi-r ₁-ma li-iš-qu-lu-ku-nu-ti 5 ma-na KB Ga-al-ga-li-a A-lu DUMU AJdu₁<-du> u Ha-ar-šu-nu-ma-an ku-um-ri-im ša {d}UTU [u-mu-šu-nu] ma-al-u u rKB₁ i-n[a] qa-qa-ad šal-mì-šu-nu ra-k[i-iš] a-ha-rna 20 na-ru-uq SE₁ [ ••• ] iš-ti Ga-al-ga-li-a 5₁ n[a-ru-uq] KI ku-um-ri-im ša {d}UTU 3 GU URUDU SIG₅ iŠ-tí Ku-ku-wa u-mu-šu e-ta-at-qu q 1/2₁ ma-na TA i-na ITI. LKAM a-na 1 GU 2 ma-na KB KI Ki-im-A -šur 16 112 GIN KU.GI a-na iŠ-par-dí-lim₁ i-ba-5í 2/3 ma-na iš-tí {d}MAR.TU-ba-ni 213 ma-na 5 GIN KB H-im GIG iš-tí Ha-pu-a-šu 4 GIN KU.GI is-tí 1-li-mz-ša-/ar 4 na-ru-uq iŠ-tí Li-wi-/ru e. u šu-ut KB ma-la iltu / ma Tu-um-li-a u-bu-lu-ni-ni I.e. li ša-nu-um 35: 25 iš-tí-a 12 112 GIN KB ig-ri-šu u mu-ta URUDU ša-bu a-na Ku-zi-[ zi-a] qí-bi₄-ma i-hi-id-ma a-dì a-ld-ka-ni ba-ab-tì ha-ra-ni qu-ur-ba-at,"To Amurrum-bani, Silulu, Kuziziya and Assur-dan from Salim-Assur; specifically to Kuziziya: two or three times I sent word to the City, saying about the textiles that Pilah-IStar's representatives and Adad-rabi son of Buzi have been buying in the City"" - I said: ""The textiles that are deposited in Haraba, re- move them personally."" But you, you left my textiles for me. You did not pledge yourself for even 1 or 2 mi- nas of silver, in fact, until the day the attor- ney books my textiles. Wald-ilum brought you 3 minas of silver, the price of a mule together with the man from Tumliya. And together with the silver, as much as they will bring you from Tumliya, I have a claim on Itiir-ili of 1 mina 10 shekels of sil- ver; receive it from him or say it to his rep- resentatives so they can pay it to you. Galgaliya, Alu son of Adudu and Hadunuman, the priest of the sun-god, (owe me) 5 minas of silver; their term has expired and they are jointly responsible for the silver. Further, 20 sacks of grain[ ... ] owed by Gal- galiya; 5 sacks owed by the priest of the sun-god. 3 talents of good copper owed by Kukuwa, his term is overdue; he pays interest at the rate 1 112 minas per month per talent. 2 minas of silver owed by Kim-Assur. 16 112 shekels of gold for night quarters(?) is available. 2/3 mina owed by Amurrum-bani. 213 mina 5 shekels of silver, the price of wheat, owed by Happu-asu. 4 shekels of gold owed by Ili-misar. 4 sacks owed by Liwiru and the same ... the silver as much as they bring from Tumliya, He has been paid 12 112 shekels of silver, his wages and the deficit on the copper. To Kuziziya: Take care to produce my out- standing claims before I come. My journey is imminent.",AKT 6a.pdf
130. kt 94/k 1757,{d}MAR.TU-b[a-ni (. .. )] LUGAL-diM Adad Pa-na-ka qí-bi-ma Ša-lim-A -šur-ma ma-na KB 5 Panaka DIRI ša-du-a-šu bringing ša a-na na-ru-uq import -šur-be-el-a-wa-tim under pa-ni-tam awatim's ku-nu-ki-a Pa-na-ka 10 instalment. DUMU₁ Ni-dì-ba-ni u tup-pì They 12 ma-na KB minas hu-bu-li-a a-na 5 ša-na-tim 15 e. IGI 3 DUMU um-me-a-ni Here KB u tup-pd-am r. dp-qi-šu-nu-ti a-di 20 ma-na 10 GIN KB ša Wa-ah-šu-ša-na ša iš-ti Šu-Nu-nu u Šu-Ku-bi-im i-ba-5í-u KB ku-r nu ₁-ki-a lu-ub-lu-ni-ku-nu-ti-ma u tup-pd-am pd-ni-am ša 24 ma-na KB li-di-nu-ni-ku-nu-tì-ma i-na li-bi4 tup-pi-a šu-uk-na-šu KB u tup-pd-am ša Pd-na-ka u A-šur-GAL na-dš-u-ni-ku-nu-ti-ni KB šu-uq-ld u tup-pd-am ša hu-bu-li-a a-na ša ki-ma Šu-Ku-bi4-im di-na-a šu-ma U4-mu-a a-hu-ru ta-ah-ši-iš-ta-ku-nu id-a-a KB ša e. Wa-ah-šu_r ša-na a-na a-we-el-tim u I.e. pi-iq-da-ma i-be-ti-a li-bi4-Si,"Amurrum-bani, ( ... ), Ennam-Belum, Sar- and Panaka from Salim-Assur: and Assur-rabi son of Nide-bani are you 12 minas of refined silver - its duty added, its transport tariff paid, my seal, that I owe on Assur-bel- joint-stock capital, for the first also bring my tablet concerning 12 of silver from my debt, which I am pay to them in 5 years. I entrusted the silver and the tablet to them with 3 affiliated traders as witnesses. As to 20 minas 10 shekels of silver from Wahsusana that is with Su-Niinu and Su- Kiibum, let them bring you the silver under my seal and then let them give you the old tablet concerning 24 minas of silver and place it with my tablets. As to the silver and the tablet that Panaka and Assur-rabi are bringing to you, pay the silver and give the tablet concerning my debt to Su-Kiibum's representatives. If my term is not yet up, note it in your memorandum. Entrust the silver from Wahsusana to the lady and the girl, and let it remain in my house.",AKT 6a.pdf
131. kt 94/k 1751,a-na rdMAR.TU-ba-ni₁,"To Amurrum-bani, Assur-imitti, Kuziziya",AKT 6a.pdf
132. kt 94/k 1754,"a-na {d}MAR.TV-ba-ni -šur-i-mi-ti Ší-lu-lu -šur-/ dan Assur-dan, LUGAL-diM Puzur4-A-/šur nam-Assur u En-um-A -šur Puzur-Assur: qi-bi-ma um-ma Ša-lim-A -šur-ma 5 a-na Puzur 4-A -šur qi-bi-ma i-nu-mi a-na -lim{ki} tu-ur-[ da-ni] When um-ma a-na-ku-ma KB ""Abu-salim i-na KB-pi-a: A-bu-ša-l[im] i-pu-uh-im il5-qe-ma 10 purchases, a-na 5í-a-ma-tim i-dì-na-kum-[ma] i-na tup-pi-im šu-[um-ka] u-du ki-ma KB-p[ ì tal-qi-]u-ni i-nu-mi a-n[ -li]m{ki} [t]a-li-ku ba ]-at-k[ a-ma] e. 5í-bi aš-ku-na-ku-um r. um-ma a-na-ku-ma KB [(.)] u , šz-a-ma-tz-šu , v a-na ma- [ mm . ] lei tu-ša-ar a-na ba-ab DINGIR' še-ru-dì-im a-zi-iz-ma Pu-šu-ki-in u e-ba-ru-ti uš-ta-hi-du₁-ni-ma u-ta uŠ-te-ri-id-ka um-ma a-na-ku-ma a-hu-um u eb₁-ru-um i-a-ti u-ma-am i-a-ti a-na La a-we.r lim 1 ta-al-qe-a-ni-ma lu-r qu-₁[ tam] ša iŠ-tu -lim{ki} i-na KB-pi-a a-na Šu-Be-lim u En-na-Šu-in me-er-e e. 1-dì-a-bi-im tu-ta-ši-er a-hi a-ta me-er-i a-ta u-la ša a-wa-tim a-na-ku u a-ta i-hi-id-ma lu-qu-tam a-šar ta-dì-nu dì ni ma r x 1 a-na ša ki-ma i-a-ti dì-in","Amurrum-bani, Assur-imitti, Silulu, Sar-Adad, Puzur-Assur and En- from Salim-Assur; specifically to you went down to the City I said: has taken silver from my silver exchange and given it to you to carry out and your name is indicated on the tablet."" Since you received my silver, I seized you and set witnesses for you as you left for the City, saying: ""Do not release the silver or the merchan- dise bought with it to anyone."" I was ready to lead you to the Gate of the God but Piisu-ken and my friends kept warning me so I did not lead you there. I thought: ""He is a brother and a friend to me."" But today you take me for a non-gentleman, since you have released the goods you led out of the City for my silver to Su-Belum and Enna-Suen, Iddin-abum's sons. My dear brother and son, I am not a man of strife, so you must take care to give the goods wherever you handed it over ... to my representatives.",AKT 6a.pdf
133. kt 94/k 1443,um-ma Ša-lim-A _r šur 1 a-na 1-di-a-birim En-na-nim 1-na-ah-DING IR -ld-hi-im u -mur-ŠŠtar [qi-b]i4-ma a-h[u-]u-a be-lu-u-a a-tu-nu hu-ša-ru-um ik-ri-bu ša -šur [h]a-al-qu i-na ša-[ha-at] [ra-]bi4-r u [ i-]zi-za-ma tup-pd-a[ m] [ša] di-in -lim{ki} [ ka-]ra-am ša-dš-me-a-ma [a-]ma-ld rdz₁-in A-lim{ki} [x] ba-ti-[q]um h[u ... ] [ ... ]in[ .. ] break [x x x x] rx₁ nita rx₁ r. [ ... ] [x x x] di-in u₁ [x X x] r a-li MASKIM [i-pd-]li-lu šu-ta-me [u u-n]u-tdm lu-na-di-/id [a-h]u-u-a be-lu-a [a-t]u-nu i-di-ku-nu [dí.]na-ma gi-mz-la[m] [i-]ṣe-er A-šur [ u] šu-r uk-1 na 1 [ u] šu-ma ha-ra-r 1 šu-ki-nim En-na-Šu-[in] e-ti-ti-iq ka-ra-[ am] mu-uh-ra-ma a-r[e-eš1 ša -l[im{ki}] H-ip-ru-um ša ka-ri-im iš-ti e. le-ti-iq-ma a-li En-na-Šu-in wa-dJ-bu a-ma-id [dì-in A-lim{ki} ---],"From Salim-Assur to Iddin-abum, Ennanum, Inah-ili, Adida, Ennam-Assur Ali-ahum and Amur-IStar: My dear brothers and lords, the lapis lazuli that is the votive offering of Assur has been lost. Assist the attorney and the servant and have the colony hear the tablet with the verdict of the City, and in accordance with the verdict of the City ... an express caravan and wherever the attorney interrogates, he may impose an oath and then search the goods. My dear brothers and lords, you must make an effort and do a favour to Assur and to me. And if Enna-Suen has gone overland by way of the narrow track, then confront the colony so an envoy of the colony travels overland to assist the attorney, in the com- pany of the attorney, and wherever Enna- Suen may be they must ... in accordance with the verdict of the City ...",AKT 6a.pdf
134. kt 94/k 802,a-[ na] r šz₁ -ip-ri ša -lim{ki} u a-li-ki qì-bi4-ma um-ma Kur-ub-ŠŠtar u ILLAT-su-ma [hu]-ša-ru ša ša-lim-A-šur 1-šu-ri-ik 5 Issu-arik,To the envoys of the City and {other) trav- ellers from Kurub-IStar and his caravan: Lapis lazuli belonging to Salim-Assur son of was lost in the City and Adida,AKT 6a.pdf
135. kt 94/k 611,Kur-ub-Htar 1-ku-pi-a,"Kurub-IStar, Ikun-piya, Su-IStar, Adida",AKT 6a.pdf
136. kt 94/k 1169,"um-ma 1 Ša-lim-A -šur-ma₁ From 1-dì-a-bi-im Ennanum, 1-na-ah-DINGIR Ennam-Assur: Šu-ŠŠtar u -šur qì-bi-ma 5 ma-na 13 GIN KB Assur-rabi -šur-ra-bi u a-hu-šu Akuza, ha-bu-Lu.rnim1 A-ku-za ver. ld-[q]e KB I ma-na KB iŠ-ti 10 For x-(-x)lli a-ni-i[m] e. terest iš-tu 1 4 ša-na-tim : r. a-we-el-tum KB Whether lu En-nam-A -šur 15 nam-Assur qa-qa-ad KB sum it-ra-šu-ma down. : lu ta-aŠ-qu-ul-ma You li-zi-zi-im 20 come a-ki-am iŠ-tt na-am-gi5-ra 1 ša ša-tim e. Take i( 1tí-[in le-qeúa-ma ... ]-a 25 a-hu-a a-tu-/nu I.e. : a-we-el-tam v ,v","Salim-Assur to Iddin-abum, Inah-ili, Ikun-piya, Su-IStar and and his brother, the sons of owe me 8 minas 13 shekels of sil- hear that the silver has been received. the 8 minas of silver he must add in- with this ... for 4 years. the lady has received it or En- has received it, take the capital from the man, for the lady is tied are to pay the silver and it must be- available for her. it is like that, make an agreement with man. interest for a single year and ... pay full. dear brothers, make the lady listen to letter.",AKT 6a.pdf
137. kt 94/k 1422,um-ma Ša-lim-A -šur' (N a-na 1-dì-a-bi-im I-tur4-DINGIR E-na-nim 1-na-ah-DINGIR u En-nam-A-[šur] qì-bi-ma a-hu-a be-lu₁-[a] a-tu-nu : ld liJ bi4₁ DINGIR-li-ma i-be-ša-[e] [ m ]a-du-tim a-ta-m[a-]/ar rKB₁ ša iš-ti: Šu-Nu-nu [t]u-še-bi-ld-ni-ni [La-]qe-pu-um: a-na e. ... [ ] Šu-Nu-nu r. [x x]-bi-šu [K]B i-na a-wa-tim i-bu-a-ni-ma [K]B i-pa-al r i₁-ša. bi-i : ma-du-tim [a-]ta-ma-ar: a-hu-a a-tu-nu i-ni-ka-[š ]í-a i-na be-et ka-ri-im u šu-uh-ta qa-ti ml.-ma fa ta-na-dì-a,"From Salim-Assur to Iddin-abum, Itur-ili, Ennanum, Inah-ili and Ennam-Assur: My dear brothers and lords, unfortunately I have suffered great losses. The silver you sent me with Su-Nunu La-qepum left for ... and Su-Nunu seized his ... and he will give in with respect to the silver in a lawsuit and balance the silver. I have experienced great losses. My dear brothers, withdraw at my account- ing in the office of the colony and do not deposit anything on my account.",AKT 6a.pdf
138. kt 94/k 1257,um-ma Ša-lim-A -šur-ma a-na 1-di-a-bi-im I-turqDINGIR En-na-nim E-na-ah-DINGIR u En-urn-A-šur-ma a-dì ša ta-aŠ-pu-ra-ni-ni um-ma a-tu-nu-ma a-na ka-ri-im er-ba-ma be-et-ka a-šu-ur-ma u iš-tí me-er-e-ka zu-ku-ma qa-qa-lad-ka La ta-ta-na-di ki-ma a-di u4-mì-im a-nim iŠ-lu-tu-r ni₁-ma ŠIG₅-pi-A-šur La e-ti-qu-ni-ma lu-qu-ti a-na KB La u-ta-e-ru-ni a-Ši-a-ti: li-bi ki-ma ša-ša-am il5-pu-tu um-ma a-na-ku-ma iš-ti lu-qu-ti-a le-ru-ub-ma bu-La-ti-a lu-pa-hi-ir-lma u KB 10 ma-na ša qa-ru-bi-im tam-ka-ri-a la-al-qe a-na Ka-ni-iš i-bu-la-ti-a e. le-ru-ba-am a-hu-a : a-tu-nu a-di ša a-za-ku-u a-ma-kam iš-ti ša kiJ ma me ₁-er-e um-me-a-nim r. ša r a-ma?-kam?₁ wa-ašj-bu-ni a-we-li [ i-na a-wa-tim ma-qi-ta-ma pi-šu-nu li-im-da-nim-ma u4-me-e ša ša-ka-nim li-iŠ-ku-nu-nim-ma a-na ka-ri-im qa-ri-ba-ni i-be-ša-e u ma-na-ah-ti šu-nu-ma i-di-u u ba-lu-um um-me-a-ni-a 1-li-a-lim Šu-Ku-bi-im A-šur-ma-lik u DUMU A-mur-ŠŠtar GAN-lam5 u-la um-ma šu-nu-ma a-wa-at-ka iš-ti La-qe-pi-im n€-nu ni-ga-ma-ar-ma u ti-ir-ti-ni i-La-ka-kum-lma a-ta bu-La-ti-ka pa-hi-ir-ma u u4-me-e ša ša-ka-nim ni-ša-kaJ kum 1 a-hu-a : a-tu-nu a-we-lu ma-ag-ru-ni-a-ti ša a-za-ku-a-ni a-ma-kam i-na a-wa-tim ma-qi-ta-šu-nu-ma u ti-ir-ta-ku-nu a-pa-ni-a li-li-kam-ma li-ba-am e. dí-na-nim a-ma-kam e-ku-nu ki-ma-ma i-li-ku li-li-ik-ma KB I.e. 1 GIN i-ba-ab-ti-a lu-qa-ri-bu-nim ih-da-ma li-ba-am dì-na-nim-ma e-en₆ ka-ri-im u e-ne-ku-nu ka-li-ma-ni,"From Salim-Assur to Iddin-abum, Itiir-ili, Ennanum, Enah-ili and Ennam-Assur: As to what you wrote to me about, saying: ""Enter the colony and bring your house in order, and then, clear the affairs with your sons and do not hang your head all the time."" Since my servants have acted high- handedly until this day and have not trav- elled to Damiq-pi-Assur, and have not con- verted my goods to silver - for that reason I became worried, and since my textiles are infested with moths, I thought: ""Let me enter with my goods and collect my assets, so that I may receive some 10 minas of silver that may be collected from my customers. Let me enter Kanesh with my assets."" My dear brothers, until I clear myself, you there - together with the representatives of the affiliated traders who are staying there- should pester the men for the case, learn what they have to say and let them set the terms that are possible for them, and make me approach the colony. They know the losses and the maintenance, but without permission from my investors Ili-alum, Su-Kiibum, Assur-malik and Amur-IStar's son I cannot leave to go over- land. They say: ""Leave, we shall settle your mat- ter ourselves with La-qepum, and then send you word, so you yourself can collect your assets and then we shall set the terms for you as best we can."" My dear brothers, the men are favourable towards us. Pester them there for the case that I may clear myself, and then send word to me personally and give me encourage- ment. Keep an eye there on my servants just as you have done thus far, and let them as- semble every last shekel of silver from my outstanding loans. Take care and encourage me and show me the eyes of the colony and your own eyes.",AKT 6a.pdf
139. kt 94/k 1164,"um-ma Ša-lim-A -šur-ma a-na 1-dì-a-bi-im En-na-nim 1-na-ah-DINGIR Ma-ma-hi-ir r En ₁-um-/ -šur -la-hi-im qi-bi-m[ a] a-šu-mt ša En-num-Be-l[im (. .. )] KB bi-it-qa-a[t AN.NA-ki-a] it TVG.HI-ti-a KB [( ... )] a-na A-lim{ki} Ia t[u-šìba-la-ni-ma] li-bi Ia tup-pa-am] ša ku-nu-ki-šu: da-na-a[m ... ] šu-ma En-na-num -šu[r-iš-ti-kal] it Ha-na-a AN.NA it TU[G.HI-ti-a] a-ma-la ti-ir-ti-a ilrqe-[u] KB me-eh-ra-tim lu-šìbi₄-[lu-nim] li-i/₅-qe me lu ni a-na En-na-nim qì-bi-ma lu 40 [ma-na] u AN.N[A] ku-ta-ni SIG₅ [x x x] iŠ-tì: E.GAL-li-[im] [x x x] a-na Ha-tim [X X X X X] -um e. [ ... ] iš-ti[ ITI.2 KAM it ITI.3.KAM r a-šu-₁m[t-ka] r. ra-na-dPma KB 10 ma-na ep-ša-ma ha-ra-nam a-na dí-in-ma KB 10 ma-na a-ni-ša-am ša.r ak ₁-[/Šì-dam] it i-a-ti ha-ra-nam di-nam-ma it a-na-ku: i-n[a] e-la-i-a ku-a-ti ha-ra-na[ m] la-dì-na-kum it ma-la i-n[ a] pa-m-tzm ' - - h a-ra-nam a- rd z -na- [k u-m '] have :1 li-ba-ka-ma i-de₈ a-r hi₁ a-ta] [ a-na u₄-mu-u e-ta-r[i-im] be et-ra-ni mt-šu ša -la-hu-[um] 35 Why pa-zu-ur-ti i-na Ha-hi-im gling e-zi-bu ha-ra-an šu-ki-nim smuggling pa-zu-ur-ti lu-šlri-bu-ma let TVG.HI-tu-a a-na KB rti₁-tu-ru a-Ši-a-ti: -lu-wa : at-ru-dam 40 TUG.HI.A a-na da-ti-a di-na-ma Sell tup-pu-šu lu-up-ta : a-šar e. tablet KB 1 GIN a-hu-um u eb-ru-/um Whereas a-hu-tam iŠ-ti-a brotherhood i-ip-šu-ni 45 of iš-ti ša-ap-ti-šu-ni : pa-zu-ur-ti še-ru-ba-am I.e. goods ta i-le-e-u m""i-ma lu-qu-ti-a u wool. Ša ₅₁C-ap-ti-a za-ki-a-ma ha-ra-nam g1ve di-na-nim a-Ši-a-tí A-lu-wa at-ru-dam","From Salim-Assur to Iddin-abum, Enna- num, Inah-ili, Man-mahir, Ennam-Assur and Ali-ahum: Concerning the matter of Ennam-Belum ... the silver deficit on my tin and my textiles ... do not send silver to the City and make me unhappy. A strongly worded tablet with his seal ... If Ennanum, Assuris-tikal and Hannaya have received tin and textiles according to my orders, let them send the corresponding amount in silver, so he may take it .... To Ennanum: Either 40 minas of tin or fine kutiinuš ... with the palace to Hattum ... in 2 or 3 months I shall deposit in your name, so make at least 10 minas of silver, and give a caravan (transaction) to my ser- vant, and let at least 10 minas of silver reach me here; give also me a caravan, then I in turn will give you a caravan when I come up. For in your heart you know how earlier I given you a caravan. dear brother, save me while I can still saved. is it that Ali-ahum has left my smug- goods in Hahhum? Let him enter the goods on the Narrow Track, and him convert the textiles to silver. is why I sent Aluwa. textiles to cover my fees and write a about it. brother or friend has acted in with me over every last shekel silver, they cannot let my smuggling be brought in together with their Clear all my goods and my wool and me a caravan. is why I sent Aluwa.",AKT 6a.pdf
141. kt 94/k 864B,"um-ma Ša-lim-A -šur-ma a-na 1-dí-a-bi-im En-na-nim 1-na-ah-DINGIR Ma-ma-hi-ir En-um-A -šur u -La-hi-im qi-bi-ma tup-pe-e-a ha-ru-mu-tim [ša b ]a-a-ba-ti-a am-ra-ma ma-ma-an [K]fB₁ 1 GIN ha-bu-la-ni KB r u 1 : ša-aš-qí-la a-šar l, . ' ta-nd-ta- I , a-m a-tu-nu-ma a-ma-kam mt-ilyka ih-da-ma KB ša-aš-qi-la-ma i-na pa-nim-ma še-bi-la-nim KB ša ba-a-ba-tí-a lu ša-li-it a-li-bi lu-qu-ti-a Lata-ša-hi-a 7 112 ma-na KB qa-tí ša Tu-um-li-a-i-im 2 ma-na T KB u 80 : 80 u-tu-tu-um mt-iŠ-lu-um GIG iš-tu MU.4.SE tal-qe-a 8 ma-na KB u 3 me-at 20 na-ru-uq u-tu-tu-um H-im u-ti-ti-a u KB šu-ul-ta-ma še-bi4-La-nim u šu-ma ta-aš-bi-ti qa-tí i-du-nu-[ ni]-ku-nu-[ tt] le-qe-a u šu-ma ma-ma-an e. i-na tap-pa-i.r ld₁ ma-gi₅-ir-ku-nu dí-na iš-te-ni-iš ší-bi-La-nim 1 ma-na KB 40 na-ru-uq u-tu-tu-um r. interest ša rMU₁.2.SE before a-wa-ṣa-i-[ a] i-na li-bi4-ku-[ nu] 3 son d' 'Šv h z zš-tt •v u-pu-na-a -šu v Uš-ha-ta u na-ru-uq i 80 DUG' ša MUA.SE u Ší-a-tí u-ta-ta-am Ší-mt-im dí-na-ma a-li-bi4 35 price ša Tu-um-li-a-i-im liya. : 20 na-ru-uq ba-pí-ru-um na-ru-uq bu-uq-lum e-zi-ib Ší-im /[x] nus 6 me-at na-ru-uq i-na of Tu-um-li-a-i-im ṣí-ib-tam 40 i-na Bu-ru-uš-ha-dim Burushaddum. a-wi-i/₅-tum tal-ta-qe 6 ma-na KB ta-dí-nam She Ší-it-ma Ší-tam wa-ar-ka-at said: ma-La A-mur-{d}UTU 45 Don't 1-ri-H-im me-er-i-šu a-ma-kam Samas i/₅-qe-u a-tu-nu la tí-de8-a son a-wi-i/₅-tum i-a-tí ta-ma-H-hi-ma me, ta-aš-ta-pu-a 37 ma-na 10 GIN Concerning 2 ma-na 3 GIN KU.GI 50 li-im URUDU tup-pí-a u nas i-na Bu-ru-uŠ-ha-ldim documents En-um-A-šur e-zi-ib Burushaddum. hu-lu-qa-e ša DUMU A-la-hi-im 5 GIN ša e-mu-du-ni aš-me-ma 55 e. As i-na mt-ma a-nim about KB En-um-A -šur u-La he a-ma-kam not x] x ma [x x] ilš-qe-u lu-še-bi4-lam: la Le. ---that a-ka-ša-dam-ma [x x x x x x] La a-ka-ša-dam-ma li-bi4la [x x x x] qi-bi4-ma na-ha-ad-ka u a-wi-lu-ta-ka a-ma-ar [x x x x]-a-ma a-wi-lu a-ni-u-tum lu i-de₈-u","From Salim-Assur to Iddin-abum, Enna- num, Inah-ili, Man-mahir, Ennam-Assur and Ali-ahum: Check my certified tablets concerning my outstanding claims, and make anyone who owes me a single shekel of silver pay the silver and its interest. You yourselves must decide there in whatever matter you ob- serve. Take care to have the silver paid and send it to me as soon as possible. The silver from my outstanding claims must be avail- able; do not make trouble (mixing it) with my merchandise. 7 112 minas of silver, the share of the man from Tumliya; you re- ceived interest for 4 years at 2 minas of sil- ver each and two times 80 (sacks) of grain, half of it wheat. 8 minas of silver plus 320 sacks of grain - make the proceeds from my grain and my interest on the silver available and send it. And if they will give you the full payment on my share, then take it. Also, if any of my partners do not agree with you, then sell the share. Send me all of the silver. mina of silver and 40 sacks of grain, the for 2 years, I charged to you my departure - with Suppun-ahsu of Ushata, and you received 80 sacks 2 pots as interest for 4 years. offer this grain for sale and deposit the with the silver of the man from Tum- sacks of beer-bread, 20 sacks of malt mi- the price of--- and 600 sacks from that the man of Tumliya- the lady received interest when I was staying in gave me 6 minas of silver thereof and ""I shall send you the rest later."" you know how much silver Amur- has taken there on the account of his Irisum? And the lady is robbing even but you, you keep quiet! 37 minas 10 shekels of silver, 2 3 shekels of gold and x thousand mi- of copper I left my tablets and iṣurtu- with Ennam-Assur in for the losses of Ali-ahum's son I heard x + 5 shekels which they imposed and returned. Of all this Ennam-Assur has sent me any silver. There, let him send he took. I shall not reach--- I do not reach, and I shall not be unhappy. To ... :I expect to see your care and gentle- manly behaviour .... may these men know.",AKT 6a.pdf
142. kt 94/k 1445,"um-ma Ša-lim-A -[šur-ma a-n ]a I-di-a-lbi4-im En-na-nim 1-na-r ah-DINGIR 1 -mur-ŠŠtar qi-bi-ma it TUG.HI-tit-a iš-tit 5 DUMU A-ni-nim from i-li-ka-ku-nu-ti have qe-e't- , I t4-tm mt-ma u- dear a-hu-u-a tablets a-tit-nu tup-pe-e-a sible am-ra-ma i-na 10 Set GAR-ri-a ša ta-na-ta-la-ni produce v nam-gu5-rt-tm - - nam am -gt5-ra - own u4""""MU-e ša-ka-nim šu-uk-na-lma clear qa-ri-ba-nim u4-ma-kal H-na u4-me-e ku-ša-hi-ku-nu 15 ba-ab-ti za-ki-a-nim ma-na KB iš-ti Tit-um-li-a-li-im ma-na TA KB it Tumliya- na-ru-uq ŠE-am mi:-iš-lum e. mi:-iš-lum GIG 20 will i-na ša-tim silver iš-tit MU.4.SE u-ka-all ma-na r. Šu-pu-na-ah < -šu > 20 na-ru-luq interest i-na ša-tim 25 mi:-šu ša a-na Why DUMU A-ta-hi-im tap-pa-i-a price","From Salim-Assur to Iddin-abum, Enna- num, Inah-ili, Adida, Ennam-Assur, Ali- ahum and Amur-IStar: tin and my textiles have come to you the caravan of Anninum's son. You not sent me any silver from that! My brothers and lords, check my certified and reach an agreement where pos- with those of my customers you see. terms where you are able to, so you my silver for me. Set aside your needs for just one or two days and my outstanding loans. minas of silver owed by the man from at the rate 2 minas in silver and sacks of grain, half barley, half wheat, he pay interest annually. He has held the for 4 years. mina owed by Suppun-ahsu - he will pay of 20 sacks of grain annually. is it that interest on the silver and the of grain in silver from his interest",AKT 6a.pdf
143. kt 94/k 1318,"um-ma Ša-lim-A-š1ur-ma a-na] 1-di-a-bi-i[m] I-tur4-DINGIR l-[na-ah-i-lz1 En-um-A -šur u -ld-hi-i[ m qi-bi-ma] I 6 me-at 3 ku-ta-/nu [SA.]BA 1 me-[ at] ku-taJ nu 1 ta-ar-di-u-/tum [a-ha-ma] r35h ku-ta-nu I SIG₅ DIRI-tum [SA.BA] r3 11 [ku-t]a-nu ša i-[na] / ku-nu-[uk] [Ili₅-we-daY-ku 1 ka-an-ku-ni r i₁[-a-tt1 i-[lu ]-ku [a-ha F ma 1 TUG : 46 i ₁[-bar-ni-u] r kam-šu-[tum lu] ni-i[b-ra-ru ša - ku-ta-ni] longing [DIRI SUNIGIN 6 me-at 84 10 TUG.HLA] [Ša 20 GU AN.NA ku-nu-ku] extras, 5 ma-na [TA i]t-r[a-šu rqa-dum] qa-tim r34₁ [ANSE.HI.A tiles u-nu-šu-nu r2₁ TUG [ša ša-e-tim] ver, KB 8 15 of ]a-al-ku-a-tum [2 bu-ra-e] 1 GU hu-[š1a-[e ... ] x] r40₁[ +x x x] t[im ... ] x x m]a 3 TUG[ ... ] r. x] r2₁ ša ... ] . Še-ep-ŠŠt[ar ... ] ahum tt1 r ₁-h[ u-a] i-na re-i-[iš1 u-[nu-d-a i-na] 5' r:E1.GAL-lim i-zi-za-m[a m]z-ma tivity š1i-lu-tum] u-nu-d i-na E.GAL-lim ur-[da-ni] When GU r6₁ ma-na AN.NA ku-nu-k[i u] palace, ku-ta-ni qa-tam a-na En-[nam-Be-lim] 10' a-ma-la tup-pi-Š[u (..)] 2/3 ma-na 5 GIN KB En-num-Be-lum a-na 13 ITL[KAM shekels 'l ] t-ša-qu- • v u send GU AN.NA u 30 ku-ta-ni Ti-iŠ-mu-ur-na 15' še-bi4-la-ma KB le-p[ u-uš1 2 GO AN.NA u 30 ku-ta-ni a-na A-šur-iŠ-d-ka/2 GU AN.NA u [30 ku-ta-ni] a-na Ha-na-a di-na-rna KB 10 m[a-na] le-pu-šu-nim Ši-d AN .N -kiJ 1 [(...)] (x) ša pa-ne-e šu-uq-l[a-tim] e. /a-pu-r tu 1 [ ... ] En-urn-A-šur u A-La-hu-u[m ... ] lu-šlri-bu-ma [ ... ] na-hi-da [ ... ] a-na Il[i/-x x] r x1 me-he-er tup-pì-a [ ... ] ša-aŠ-qi-[la-ma K]B 10 ma-na a-na b[a-... ] e-ru-bu-nim-ma a-wi-d a-La-qe-ma m[a ... ] I-di-Ku-bi₄-im u En-urn-A-šur[ ... ]","From Salim-Assur to Iddin-abum, Itiir-ili, Inah-ili, Ennam-Assur and Ali-ahum: 603 kutiinuš, thereof 100 kutiinuš of secon- dary quality; further, 35 kutiinuš of extra-fine quality, thereof 3 kutiinuš that were sealed with Ili- wedaku's seal are reserved for me; further, abarniù-textileš, both kamšuš 46 nibraruš of kutanuš of extra-fine quality in all 684 textiles, apart from those be- to the harnessors; talents of sealed tin and 5 minas each of together with the expense tin; black donkeys and their harness, 2 tex- of the šaùtum, 2 minas of refined sil- 8 robes of malkuàtu-type, 2 buraùš fine quality, 1 talent of scrap metal ... textiles ... .. 2 belonging to the harnessors ... Ali- and Sep-IStar bring to you. dear brothers, assist with my goods in palace so there will be no unlawful ac- and I shall not become worried. my goods come down from the give 6 talents 6 minas of sealed tin 30 kutanuš as a share to Ennam-Belum, in accordance with his tablet (stating) Ennam-Belum must pay 55 2/3 minas 5 of refined silver within 13 months, 2 talents and 30 kutanuš to Tismurna Ennanum so he can make some silver. Give 2 talents of tin and 30 kutiinuš to Assuris-tikal, 2 talents of tin and 30 kutiinuš to Hannaya and let them make at least 10 minas of silver. The rest of my tin ... that has been marked on the front of the bundles ... Ennam-Assur and Ali- ahum should have them enter ... Give instructions ... . .. of the copies of my tablets ... have them pay so some 10 minas of silver ... will enter and I shall take my consignment ... of Id- din-Kiibum and Ennam-Assur ...",AKT 6a.pdf
144. kt 94/k 1686,"um-ma Ša-lim-A -šur-ma a-na -ld-[ hi-im] k' •d Š' e-ep-lštar v u ' -šur- v' a-št-t qi-bi-ma 6 me-at 3 ku-ta-nu sA.BA 1 me-at ku-ta-nu ta-ar< -di> -u-[tum] a-ha-ma r15₁ ku-ta-nu SIG₅ DIRI sA.BA 3 [ku]-ta-nu ša i-na ku-nu-uk Ili ₅-we-da-ku ka-an-ku-ni i-a-t[ i-ma] i-lu-ku a-ha-ma 46 TUG a-bar-n[i-u] lu kam-šu-tum lu ni-ib-ra-ru ša ku-ta-ni SIG₅ wa-at-ru-tum SUNIGIN 6 me-at 84 TUG.HI.A e-z[i-ib] ša 20sic GU AN.NA ku-nu-k[u] it 5 ma-na T it-ra-šu qa-d[um] AN.NA qa-tim 34sic ANSE.HI.A u u-nu-šu-nu 2 TUG ša ša-[e]-/tim 2 ma-na KB 8 ku-ši-a-tim ma-al-ku-a-tim 2 bu-ra-e SIG₅ 1 GU hu-ša-e 6 me-at ša-am-ru-a-tim sA.B[ A] 86 wa-ar-qa-tum 1 BANES i.GIS 112 BANES ri-iŠ-tum 113 ma-na 2 GIN ša-am-tam 1 me-at ši-k[a-an] šar-ri-im [ ... ] e. sa 2 GIN[ ... ] it 2 [ ... ] 3 ma-na š[i-pa-]ra?-t[im ... ] r. du-ul-ba-tim 2 ma-[na ... ] 2 BANES a-za-pu-ru 30 ma-na e-ri-nu-um it ša-na-tum 10 na-r[u-uq ... ] wa-at-ra-tum a-na zi-za-an [ ... ] 2 a-za-mt- 'l' a-an mt-ma ' a-mm - a- r x 1[ ... ] -rna a-di-in 2 TUG ša Še-ep-ŠŠtar [3 TU]G šaA-šur-ka-Ši-id 3 [TUG] ša Šu-N[u-nu] [2 TUG š1a -ta-ta 3 TUG ša Lu-lu [2 TUG š1a -šur-ŠIP SUNIGIN 17 ku-t[a-nu] [ap-qi-]id i-na TUG.HI-ti-a 1 me-at ku-ta-/ni [tar-di-]u-tim 35 ku-ta-ni [SI]G₅ DIRI 46 a-bar-ni_r e 1 [ka-a]m-šu-/tum u ni-ib-ra-ru ša ku-t[a-n]i SIG₅ wa-at-ru-tim SUNIGIN me-at 81 ku[-ta-nu] r pa₁-zi-ra-ma i-na Ti-me-[ el-ki-a] li-ni-id-u Si-tiTUG.HI.A [( ... )] u AN.NA-ki-a a-na Ka-ni-iíi ši-ri-ba-ma ki-ma u-nu-ti i-na E.GAL-lim ur-da-ni 6 GU AN.NA u 30 ku-ta-ni qa-tam ša ki-ma i-a-ti a-na En-num-B[e-lim] li-di-nu-ma ša 55 2/3 ma-na KB tup-pu-šu r m""i-ma 1 li-ih-ri-mu mi-ma e. iŠ-ti En-urn-A _r šur 1 u -la-hi-im a-na Bu-ru-[uŠ-ha-dim lu] a-na Ti-ir-hu-mì-[it lu] a-na Ti-iš-mu-/ur-na a-li KB 1 GIN te-pa-ša-ni i-na ša-ha-at En-urn-A -šur u A-la-hi-im i-zi-za-ma KB 10 ma-na ep-ša-nim-ma pa-ni-a-ma a-na Ka-niJ iš še-bi4-ld-nim KB 1 GIN a-na DAM.GAR ld tu-ša-ra","From Salim-Assur to Ali-ahum, Sep-IStar and Assur-kasid: 603 kutanu-textileš, thereof 100 kutanuš of secondary quality; further, 15 kutanuš of extra-fine quality, thereof 3 kutanuš that were sealed with Ili-wedaku's seal, but which are reserved for me; further, 46 Abarnian textiles, both kamšu-textileš and nibraruš of kutanuš of extra-fine quality- in all 684 textiles, apart from those of the harnessor; 20 talents of sealed tin plus 5 minas each for the extra packs, including expense tin; 34 black donkeys and their harness; 2 textiles of the šaùtum, 2 minas of refined silver, 8 robes of malkuàtu-type, 2 buraùš of good quality, 1 talent of scrap, 600 nails, thereof 86 green ones, 25 litres of oil, 12 112 litres of first class oil, 22 shekels of car- nelian, 100 šikkanšarrum stones, 3 minas of bronze pins ... plane logs, 2 mi- nas ... 60 litres of saffron, 30 minas of cedar and šanatu fragrance, 10 sacks ... of extra quality for .... 2 sacks - all this I gave to ... 2 textiles belonging to Sep-IStar, 3 textiles belonging to Assur-kasid, 3 textiles belong- ing to Su-Niinu, 2 textiles belonging to Adada, 3 textiles belonging to Lulu, 2 tex- tiles belonging to Assur-re'i - in all 17 kutiinuš I entrusted. Of my textiles 100 kutiinuš are of secondary quality, 35 kutiinuš of extra-fine quality; 46 Abarnian textiles, kamšu-textileš and nibraru-textileš of kutiinuš of extra-fine quality- in all181 kutiinuš you must smug- gle and let them be deposited in Timelkiya. The rest of the textiles and my tin you must bring into Kanesh, and as my goods come down from the palace, my representatives shall give 6 talents of tin and 30 kutiinuš to Ennam-Belum, and they shall certify his tablet for 55 2/3 minas of refined silver. All my harnessors must assist Ennam-Assur and Ali-ahum on the road to either Burus- haddum or Durhumit or Tismurna wher- ever you can make a single shekel of silver, so make at least 10 minas of silver for me, and send it as soon as possible to Kanesh. Do not release a single shekel of silver to agents on credit.",AKT 6a.pdf
145. kt 94/k 1687,6 me-at 3 TUG ku-r ta-nu 1 ku-nu-ku-a i-r na 1 qP er-bi-im 1 me-at TUG ku-r ta ₁-nu ta-ar-di-u-tum 35 TUG SIG₅ wa-at-ru-tim i-na qP er₁-bi-im 3 ku-[ta-]nu ša i-na ku-nu-/ki ša 1-li-we-da-ku ka-an-ku-ni i-a_r tz₁ -ma i-lu-ku SUNIGIN 6 me-at u 38 TUG ku-nu-ku-a e-zi-ib ša a-ha-ma 46 TUG lu a-ba-ar-ni-/u lu ku-ta-nu SIG₅ wa-at-ruJ tum 1 lu ka-am-šu-tum lu ni-ib-ra-[ru] empty line 2 TUG ku-ta-nu ša rše-ep-ŠŠtar₁ 3 ku-ta-nu ša -šur-ka-H-i[d] e. 3 ku-ta-nu ša Šu-Nu-nu 2 ku-ta-nu ša -ta-ta r. 3 ku-ta-nu ša Lu-lu 2 ku-ta-nu ša -šur-ŠIP SUNIGIN 17 TUG ku-ta-nu ša double line 20 GU AN< .NA> šu-uq-lum qa-du-um AN.NA qa-ti[m] ku-nu-ku-u 5 ma-na T it-ra-at : šu-uq-lim r 64₁ e-ma-ru u-nu-šu-nu 2 TUG ša ša-a-tim 2 ma-na KB <am A-> la-hi-im 9 ku-ši-a-tim ma-lu-ki-a-tum TUG bu-ra-r u₁ SIGs 2 1 GU hu-ša-u 6 me-at ša-am-ru-a-tum e. i-qe-er-bi4-im 86 TUG wa-ar-qa-tum 1 BANES I.e. i.GIS ta-ba-am 15 QA ri-iš-tam 113 ma-na 2 GIN ša-am-tam me-at r št₁ -ka-ša-ru mì-ma a-ni-im dl• a-na qa-tz-šu I IV a- t-m,"kutanu-textileš under my seal, thereof 100 kutanu-textileš, of secondary quality; 35 textiles of extra-fine quality, thereof 3 kutanu-textileš that were sealed with Ili- wedaku's seal, but which are reserved for me - in all 638 textiles under my seal, apart from those belonging to the harnessors; further, 46 textiles, both Abarnian, kutanu- textiles of extra-fine quality, kamšu-textileš and nibraru-textileš. 2 kutanu-textileš belonging to Sep-IStar, 3 kutanuš belonging to Assur-kasid, 3 kutanuš belonging to Su-Nunu, 2 kutanuš belonging to Atata, 3 kutanuš belonging to Lulu, 2 kutanuš belonging to Assur-re'i - in all17 kutanu-textileš belonging to a har- nessor. 20 talents of tin, a package, including the expense-tin, under seal; 5 minas each (the weight of) the extras on the package; 64 donkeys and their harness; 2 textiles of the šaùtum; 2 minas of refined silver of Ali-ahum; 9 robes of malukiatu-type, buraù-textileš 2 of good quality, 1 talent of scrap metal, 600 nails, thereof 86 yellow ones, 30 litres of sweet oil, 15 litres of first class oil, 22 shekels of carnelian, 100 šikkanšarru- stones - all this I gave him to dispose over.",AKT 6a.pdf
146. kt 94/k 1301,"um-ma Ša-lim-A -šur[ -ma] a-na 1-di-a-bi-im La[ -qe-pì-im] rE-₁na-ah-DINGIR u En-um-A-šur qi-b[i-ma] [i-]nu-mì Ka-ar-w[a-a u] Pu-šu-ke-en₆ ka-ru-u[m (..)] a-na št-tp-ru-ttm VI • • a-šu- V [ mt '] da-me: ša DUMU A-ld-hi[-im] u KB hu-lu-qa-e a-na [B]u-ru-uš-ha-dim iš-pu-ru [i]-na pu-uh-ri-im me-er-[e ... ] rllV u -sa-zt-tz """"[] ... break En-um-[A-šur ... ] r. rx xl[ ... ] r 5ì1_/Je-e La i-š1 a-ka-an] u a-wa-tam La i-[ga-ma-ar] i-nu-mz a-na -limk[iJ paJx₁-a-ni: IGI 0-ra[-a] IGI MAR. TV-ba-ni En-na-[nam] um-ma a-na-ku-ma a-na a-na ku-be [ ... ] šu-ma a-wa-tam ta-ga-ma-[ar] al-kam: gu5-mu-ur: šu-ma u iš-ti ša ki-ma i-a-t[t1 la ta-ma-ga-ar ša ni[ -iš1 A-lim{ki} uz-na-ti-šu-n[u al-pu-ut] a-hu-u-a a-tu-nu [a-]wa[ -tam] i-na La i-dim r i₁-[ O-ra-a] •.. u MAR. TV-ba-ni [a-na ba-ab] e. DINGIR-lim [ ... ] li-[ ... ] En-urn-A -šur u [ ... ] I.e. [x x x] rna a[ ... [x x x] bu ta-ag-m[u ... ] t-na 1 na- -ru-qt-a tu-u š ...","From Salim-Assur to Iddin-abum, Li-qep, Enah-ili and Ennam-Assur: When the colony sent Karwaya and Pusu- ken as envoys to Burushaddum because of the blood-money for Ali-ahum's son and the lost silver, I had the sons of ... stand up in the assembly ... Ennam-Assur he will not set witnesses and will not con- clude the matter. When we decided to go to the City I seized Ennanum with U raya and Amur- rum-bani as witnesses, and I said: "" ... If you can conclude the matter, then come and conclude it! If that is not the case, then you will not agree with my sons or with my representatives."" I made clear to them what was sworn by the City. My dear brothers, for no reason he ... the matter ... Let Uraya and Amurrum-bani go down to the Gate of the God ... Ennam-Assur ... ... you have concluded ... you have ... from my joint-stock capital.",AKT 6a.pdf
147. kt 94/k 1645,KISIB Sal-ma-[ -sur a-na] 1-d{-a-bi-i[m u] En-na-ni[m break,Sealed by Salim-Assur; to Iddin-abum and Enniinum ...,AKT 6a.pdf
148. kt 94/k 1001,"um-ma Sa-lim-[ -sur-ma] a-na sa ki-[ ma i-a-ttj !d-na-a S[u-!Star] u En-um.rA ₁-[sur ... ] a-hu-u-:-a-[ tu-nu] GU sa 1 KB [ ... ] d,. z-zn Al. - zm ki[] ... ta-al-ta-[ am-da] u 4 ma-na rK₁[B ... ] e. tup-pa-am : ta-[ ... ] 3lines gone u4-m[u ... ] zm- - r x 1[ ... ] A-lim[ki ... ] a-pu-t[ um a-na] a-wa-at [tup-pí-im ih-da] a-pu-tum [ ... ] šu-ma : ma-ri [ ... ] e. ld i-mu-a IGI ka-ri-im šu-uk-na-ma I.e. ka-ru-um a-DUMU um-me-a-nim li-dì-[ ]-ma : lu-ub-[lam]","From Salim-Assur to my representatives, Idnaya, Su-IStar and Ennam-Assur: My dear brothers, for 1 talent of silver ... you have learnt about a verdict of the City and 4 minas of silver ... a tablet ... Urgent, pay attention to the words of the tablet. Urgent, ... if ... will not ... then place it/him before the colony, let the colony give them to an affiliated trader so he may bring it/him.",AKT 6a.pdf
149. kt 94/k 1238,a-na ša ki-ma i-a-tí En-nam-A -šur u -ld-hi-/im qì-bi-ma um-ma Ša-lim-A -/šur i-na Te-ga-ra-ma wa-dP ba ₁-ku a-dì: u-nu-tam : u-ša-lu-hu a-pu-tum : a-dì a-la-ki-a KB 1 ma-na pa-hi-ra-ma i-na E-tí-a li-ib-5í KB mì-ma a-na e. -lim{ki} : la tu-še'-[ b ]i4-/la r. i-na {d}UTU-si tup-pì: ta-ša-me-a-ni -la-hu-um lu a-na Hu-ra-ma lu a-na Ku-ša-ra a-na li-li-kam u KB 1 ma-na a-na qa-d-a lu-ub-lam TUG.HLA ša -ld-hu-um e. i-na pa-zu-ur-tim u-še-tí-qa-ni i-na ku-nu-ki-šu-nu li-ib-H < -u >,"To my representatives, Ennam-Assur and Ali-ahum from Salim-Assur: I am staying in T egarama. Before I take away my goods - urgent! - before I arrive, collect every mina of silver and let it be in my house. Do not send any silver to the City. On the day you hear my letter Ali-ahum should come to meet me either in Hurama or in Kussara, and he should bring every mina of silver that is at my disposaL The textiles that Ali-ahum transported from the smuggling must remain under seaL",AKT 6a.pdf
150. kt 94/k 1609,"um-ma Ša-lim-A -šur-ma a-na ša ki-ma i-a-d En-urn-A -šur u -la-hi-im qì-bi-ma AN.NA ša u-še-bi-la-ku-nu-d-ni i-ma-ld a-hu-um u ib-ru-um iš-u-mu 2 GIN TA ba-at-qam aš-a-am wa-ar-ka-at AN.NA la-šu iš-tu a-na En-num-Be-lim ta-da-na-ni u a-na e-ru-ba-d a-ma-la d-ir-tì-a : ta-da-na a-ni H-tì AN .N -ki-a šu-ma Ia 7 GIN T u-la 8 GIN T a-na KB AN.NA-ki ld ta-da-na a-ša-me-rna a-na ku-ta-ni 5í-mu-um i-na Ka-ni-iš e. i-ba-Ši ši-ta-ld-ma šu-ma [i-n]a Ka-ni-iíi KB r. [ u-la] tu-še-la-a-nim [i-na Ka]-ni-iš-ma ku-ta-ni [(x) a-na] DAM. GAR ld tu-ša-lra [ku-ta-ni] lua-na Ha-ltim [lu a-na Bu-ru-uš-]ha-tim [ ... ] ki tu-še-ld-a-lma [ ... ]-ni [ ... -A -š1ur na-hi-da-1 rna [ ... ]-a-im [ ... -am-]ku-wa u [pu-n ]u-a-ma [ ... ha-ra]-an šu-ki-nim-lma [a-na Du-ur-hu-]mz-it [ u-ld Ti-iš-m ]u-ur-na a-lli r , b. k / , . [ ] U-/ [ ... u]b e. [a-]di a-ld-ka-ni pa-zu-ur-ti ku-ta-nu ŠIG₅ [(x)] Ši-mu-um ša -ki-di-e a-dì a-ld-ka-lni [ ... ] u a-we-el [ ... ] [ ... ] ti ri [ ... ]","From Salim-Assur to my representatives, Ennam-Assur and Ali-ahum: The tin I sent to you I bought the same way a colleague and friend bought, at 2 shekels under the rate. Later, there was no tin. After you give it to Ennam-Belum you will also give it for a pledge according to my instructions. Now, as to the rest of my tin, if the rate is not 1:7 or 1:8, then do not sell the tin for refined silver. I hear that there is a market for kutdnuš in Kanesh. Inquire, and if you cannot realise any silver in Kanesh, you must not release the kutdnuš to credit agents in Kanesh itself. You will bring the kutdnuš up to either Hattum or Burushaddum ... Give instructions to ... -Assur ... Amkuwa and ... turn to ... and ... on the narrow track and either to Durhumit or to Tismurna wherever ... that I have promised to you until I come my smuggling goods, fine kutdnuš ... the proceeds from the Akkadian textiles. Until I come ...",AKT 6a.pdf
151. kt 94/k 833,u[m-ma] Ša- V im-A-šur-ma V' a-na -šur-iš-ti-kal En-na-nim En-um-A-šur DUMU U-zu-a u En-um-A -šur qi-bi-ma i-nu-m117 GfN.TA i-zi-zu 15 GIN.TA a-na-ku aŠ-a-am [AN].NA za-ku: a-hu-u-a I a-tu-nu [i]-na ša-ha-at [i]-zi-za-ma AN.NA u TUG.HI.A [ki]-ma KB 1 ma-na tu-še-ll'-a-ni-ni ep-ša-ma KB pa-ni-a-ma šlbi-la-nim u iš-ti Ši-ti KB ša lu-qu-ti-a lu KB ša [ba]-a-[ba]-tzt-a] En-um-A -šur lu-za-ki-a-ma lu 5 [ ... ] ha-ra-ni: er-šu-a-at a-h[uFa₁ I a-tu-nu ih-da-ma ha-ra-nam a-na di-na-ma u i-a-r tz₁ ha-ra-nam di-na-nim 1li-im 8 me-at 50 URUDU iš-ti ma-ar Ša-te-a : u Ru-ti-a ša Zi-da-ni: 15 hi-dim K[U.KI] u 1 ma-na 5 hi-dim KU.[ ... ] iš-ti -nu-gu-ti: [ ... ] e. KU.GI iš-tiA-ta-h[i-im ... ] ša-pi-ri-im š1a ... ] KB ta-qe: En-um-A-š1ur] r. u -lu-wa : lu-uk-ta-i-[ nu-šu] 1 112 ma-na KB u 3 hi-dim KU.GI iš-ti Na-na-hi ... ] 1 1/2 ma-na KB iš-ti Hu-la-n[a-(x)]-la ša-du ma-ti-im 1 ma-na 3 hi-dim KB iŠ-ti Šu-ub-ri-im aŠ-la-ki-im ša ru-ba-im 1 ma-na KB KI Šu-Šu-in D UMU -ku-za-a 44 1/2 ma-na URUDU KI Tu-i-mi-im u [x+] 25 ma-na URUDU 5 hi-dim KU.[KI] [KI] IR ša Ap-da-gi 50 ma-na [UR]UDU KI um-mi-Šu ša Ha-at-ra-na-lni 1 ANSE a-na 5í-mi-im a-di-šu-um u 2 ku-ta-ni-en a-na er-r bi₄-im 1 a-Ši-šu-um : KI Hi-ir-du [ ... ] En-um-A -šur li-hi-id-ma KB ša Hi-ir-du : u a-tu-nu AN.NA u TUG.HI.A [ša ìJd-qa-im le-qe-a-ma KB [ me-eh ]-ra-tim id-a-ma -lu-wa [ iš-ti-Šu-n ]u : i-pa-nim-ma tit-ur-I da-nim [x X X X X t]ì-a [ ... ] [x x x]-na-nim [ [x x x h ]a-ra-ni er-[šu-a-at] [x x x] u [ [i-nu-mi tup-pì ta-š1a-me-u-ni a-ma-kam [x x x x x x x x x] iš-ti KB [x x x x x x x x tu-ur]-da-nim [ x x x] Be-lum-ba-ni r u 1 Ša-lim-wa-ar-dì KI En-um-A -šur,"From Salim-Assur to Assuris-tikal, Enna- num, Ennam-Assur son of Uzuwa and En- nam-Assur: When the price (for tin) stood at 1:17 I bought at 1:15; the tin is cleared. My dear brothers, assist the servant and act for the tin and textiles in such a way that you realise every last mina of silver for me, and then send the silver to me as soon as possible. And let Ennam-Assur clear it together with the rest of the silver from my goods and the silver from my outstanding claims ... My caravan is ready. My dear brothers, take care to give a caravan to the servant, and then give me a caravan as well. 1850 minas of copper owed by Sat-Ea's son and Rutiya from Zidani. 15 beads of gold and 1 mina, 5 beads of ... owed by Anuguti. gold owed by Ali-ahum ... the controller of ... the silver has been received. Let Ennam-Assur and Aluwa confirm (it to) him. 1 1/2 mina of silver and 3 beads of gold owed by N anahi on top of ... 1112 mina of silver owed by Hulana ... the ... of the land; 1 min a and 3 beads of silver owed by Subrum, the king's fuller. 1 mina of silver owed by Su-Suen son of Akuza. 44 112 minas of copper owed by Tu'imum. x + 25 minas of copper and 5 beads of gold owed by Apdagi's slave. 50 minas of copper owed by the mother of Hatranani. I offered him 1 donkey for sale, and I brought 2 kutiinuš as an entrance gift to him. With Hirdu ... and let Ennam-Assur take care to produce Hirdu's silver. Then you yourselves take what tin and textiles there is to take, and deposit a cor- responding amount in silver and send Aluwa as soon as possible with them. ... my journey is ready. ... of my servant and ... When you hear my letter, you must ... there ... send ... with the silver ... Belum-bani and Salim-wardi with Ennam- Assur ...",AKT 6a.pdf
152. kt 94/k 776,"Ša-lim-A -šur-ma a-na From En-na-nim Ennam-Assur -šur u -la-hi-im ta-aŠ-pu-ra-nim You a-tu-nu-ma 40 ma-na 5 ""The i-di-nu-ni-a-ti-ma it i-ba-Ši a-wa-tum La-qe-ep a-di-ni me. r na-dz₁ KB mz-ma a-na -lim{ki} La tu-še-ba-La KB a-na dí-na-ma i-bi-tí-a li-bi-Ší a-šu-ri a-wa-tum e im-qu-ta-ma ma-ma-an a-na ba-ab DINGIR-lim e u-ša-ak-Ší-da-ma li-bi u li-ba-ku-nu e. e KB a-nim ša i-ba-Ší-u 10 ma-na KB En-um-A-šur r. u 10 ma-na KB -la-hu-um lu-ra-dí-u-ma KB dí-na-šu-nu-tì-/ma 20 a-na ma-la u-ša-hi-zu-šu- < nu > -ni le-pu-šu u 22 TUG ša iŠ-tí -la-hi-im i-ba-Ší-u-ni a-na er-bi-a ha-aš-ha-ak-šu-nu še-bi-La-ni-šu-nu 25 a-hu-a : a-tu-nu a-na tí-ir-tí-a ih-da u a-na a-dì ša um-me-a-ni-a ša a-ma-kam wa-aš-bu-ni-ma aš-pu-ra-ku-nu-tí-ni ih-da-ma i-na a-[x šu-ba-a]t-ki-ta-šu-nu-/ma r šal [x X X t]um ma-ag-ru-ni-ni [te-er-ta-š1u-nu e. Ší-im-a-nim-ma li-ba-am dí-na-nim-ma a-na ka-ri-im qa-ri-ba-ni","Salim-Assur to Itiir-ili, Ennanum, and Alahum: have written me, saying: servants gave us 40 minas of silver and is at hand under our seals."" affair with U-qep is still hanging over Do not send any silver to the City. Give the silver to my servants and let it remain in my house. God forbid that the matter descends on me so that someone makes me go to the Gate of the God and I and you too become un- happy. Let Ennam-Assur and Ali-ahum add each 10 minas of silver to this silver that is avail- able, give them the silver and let them do as I have instructed them. Also, the 22 textiles that are with Ali-ahum, I want them for my entrance gift. Send them to me. My dear brothers, pay heed to my message, and do take care concerning the affair of my investors who live there, as I wrote to you, and ship them in ... and in addition to what ... that they agreed on, listen to their message and encourage me and bring me close to the colony.",AKT 6a.pdf
153. kt 94/k 696,a-na ṣì-lu-lu 1-ku-pì-a u -du-da qí-bi-ma um-ma Ša-lim-A-šur-/ma a-na ṣì-lu-lu qí-bi-ma 1 2/3 ma-na KB 5 a-na da-ti-Šu r te₁ -ri-ša-ni-ma [A-]du-da wa-ar-ki-/ti [qa-]dum 10 GIN KB ša /.r x₁ [a-]hi a-ta eb-ri a-ta e. a-na KB a-nim r. U-ta-tam ša ma-biJ X l u i-na bhí-ka-ma ku-un-ka-5í-ma li-bi₄-Sí a-dì a-ld-kaJ ni₁ u-ta-tam li-im-hu-ra-/ma a-na be-tim e-rz-zm la e-ra-ba-am,"To Silulu, Ikun-piya and Aduda from Salim-Assur; specifically to Silulu: You asked me for 1 2/3 mina of refined silver for his fees and Aduda after ... includ- ing 10 shekels of silver ... My dear brother and friend, for this silver buy? grain and let it be in your own house under seal. Let him receive the grain until I arrive, so I shall not enter an empty house.",AKT 6a.pdf
154. kt 94/k 1147,KISIB Ša-lim-A-šur DUMU r J.l[su-SU]Dx a-na En-um-A -šur DUMU (p zu ₁-/a Ha-na-a J.dí-Ku-bi₄-im r -šur ₁-i-mz-tí D UMU Du-dì-ki [ En-u ]m-A -šur u -l[ a-hi-i]m,"Sealed by Salim-Assur son of Issu-arik; to Ennam-Assur son of Uzuwa, Hannaya, Iddin-Kiibum, Assur-imitti son of Dudiki, Ennam-Assur and Ali-ahum.",AKT 6a.pdf
155. kt 94/k 1336,"um-ma Ša-lim-A -šur-r ma 1 a-na E n-nam-A -šur u .ía.hi-im qí-bi-ma i-na -a] ša i-na re-[Ší.ku-n ]u i-za-zu-ni [K]B ša Daì da únim a-na qa-t[í.Šu] dí-na-m[a] E-na[m ... ] a-na [ ... ] e. ak-li-im r. u- 'l/•V z-šu-ma : u tr['] z ... ša-hi-ra-tim u 5í-r na 1 a-na 40 i-la-tim SIG₅ ša-ma-ni-ma -la-hu-um u -lu-a lu-ub-lu-nim 1/2 ma-na KB a-na L a-ma-št ' 'v'b""[l'] : še- t- . ,.. tm -nt-/ - 1","From Salim-Assur to Ennam-Assur and Ali- ahum: Give the silver from Dadanum (to) one of my servants who are assisting you for his disposal and he does not have of bread. sandals, and two for the servants. Buy 40 good bags and let Ali-ahum and Aluwa bring them. Send 1/2 mina of silver to Lamassi.",AKT 6a.pdf
156. kt 94/k 1608,"[ um-ma] Ša-lim-A -šur-ma [a-n]a En-nam-A-šur u -la-hi-im qi-bi-ma a-di: ša Ha-na-a ša ta-aš-pu-ra-ni i-na GfR ša -šur ta-me-a-šu-ma : iš-tu KB a-na : e-bu-tim a-di-nu-šu-ni : a-la-an KB ša u-kaAa-ku-nu-ti < -ni > e. wa-at-ra-am r. ld ka-aš-du-ni li-it-ma-ma r u 1 KB r ma ₁-la : u-ka-la-ku-nu-lti-ni [l]e-req₁-a u a-dì [ša A-]Šur-i-m""i-tí: i-na -lim{ki} [ x x x ]ni ni r ta ₁-ta.r x 1 [xxx]dai[ [x x x t]a r Ha-₁bi-a-nim [ x x x x 1-]lí-aš-ra-ni [ ... ]xDUMU e. [ ... ]xbia U ni tim I.e. [X X X J ' ' ( ... -šur-t- v' . mz-tz ... mšašu • v v [ ]","From Salim-Assur to Ennam-Assur and Ali- ahum: Concerning the matter of Hannaya that you wrote me about, make him swear by Assur's dagger -let him swear that after I gave him silver for an investment he has not achieved anything else apart from the silver he offers to you, and then take the silver he offers to you. Also, concerning the matter of Assur-imitti, in the City ... Happianum ... ... the son ... ... of your textiles ... . .. Assur-imitti ...",AKT 6a.pdf
157. kt 94/k 1607,urn-rna Ša-lim-A -šur-ma a-na En-nam-A -šur [it -ša ]-hi-im qi-bi-ma [K]B 1 G(IN] bu-U-tu-ni ma-la: a-ma-[kam]: i-ba-Ši-u lu KB 1 GIN [ša l]i-b[i-ka] u li-bi: A-[l]a-hi-im u- 'l' na- r'l tu -rna a-n [] r ₁-lim{ki} ( u-l]a ni-ša-r mi₁ [(..)] KB 1 GIN: U-ta e-l[i] u-la a-na ni-da-šu-ma KB 1 [GIN] r 1- t : a-na- ka m : št-a- ma-tum-ma e 1 - V' [ ] 1 1/3 ma-na 5 GIN [KB KB 1 GIN pa-hi-r[a-ma] a-na-kam : r x 1 [ .•. ] [K]B 10 ma-n[a ... ] r. [x] rx₁ ka rx₁ ( .•. ] [x x x x x K]B 1 GI[N ... ] [x x x t]a-du-nu a-na r En-nam ₁-A-šur lu AN.NA lu ma-[la] [e-]li-r u'-r ni₁-ku-ni a-n[ a] Ší-a-ma-t[im i-ba ]-Ší 2 m[ a-na ... ] ša-am-š1í X X X] ita-[ ... ] šu-ma r[u-X X X X x]-ni Ma-lik-[DINGIR-šu] r tu-qa-a 1 1 TUG ša i-ba-Ši-u a-na A-la-hi-im u A-lu-a di-in-ma lu-ub-lu-nim a-na da-aŠ-i-šu baJ/₁-nim? lu iš-te-ni-u-tu-ma e. KB : lu Ši-im hu-ša-ri lu <<lu Ši-im lu [x x x] ki bu r x x x 1 [ •.. ] u x [x x k]u-nu-ti: ti-ir-ta-a[k-nu] li-li-ik-ma KB [ ... ],"From Salim-Assur to Ennam-Assur and Ali- ahum: As for every shekel of silver of our funds as much as is there, as well as every shekel of silver in your possession and in Ali-ahum's - it is not a good idea for us to send? it to the City. Either a single shekel will accrue, or we should give every shekel of silver as interest-bearing loans, so a profit of some shekels of silver will accrue. Here purchases are possible and of 1 1/3 min a 5 shekels of silver ... e. Collect every shekel of silver so here ... at least 10 minas of silver ... To Ennam-Assur: Tin as well as textiles, what accrues to you is available for purchases. 2 minas ... ... you await Malik-ilisu. Every textile that is available give that to Ali-ahum and Aluwa so they may bring it. Leave in the spring. May for the very first time the silver, the proceeds from the lapis lazuli or from the textiles ... send me word",AKT 6a.pdf
158. kt 94/k 1303,"um-ma Ša-lim-A -šur a-na En-nam-A -šur u KB rp,P-hi-ra-ma i-na ku-nu-ki-ku-nu ku-un-ka-ma a-na be-tí-a a-šar li-ni-d[z1 2 ma-na KB r ša qa-tt₁-ni e. break","From Salim-Assur to Ennam-Assur and Ali- ahum: Collect the silver, seal it with your seals and let it be placed in my house where it can be well guarded. 2 minas of silver from our account",AKT 6a.pdf
159. kt 94/k 889A,"KISIB Ša-lim-A -šur a-na u En-nam-A -šur -ta-hi-im ša-na-am ša 20 ma-na rma,-[ ... ]",Sealed by Salim-Assur; to Ennam-Assur and Ali-ahum. A kettle of 20 minas,AKT 6a.pdf
160. kt 94/k 889B,wa-at-ra-am r ld₁ ka-dŠ-du-ni li-it-ma-ma u u KB ma-Id: [x] r 1 ša T1JG.HLA u a-dì X ša -šur-i-mz-tì i-na -lim{ki} [ e-]pu-šu-ni ni-dan? Šu-Ta-mu-zi r u 1 -dí-da i-na 5í-bi-a r u 1 a-dì: r ša tu?-₁ka-ld-nim,"let him swear that they have not achieved an extra, and then we shall give the silver, as much as ... of the textiles, and with re- spect to what Assur-imitti makes in the City. Su-T ammuzi and Adida must ... among my witnesses ...",AKT 6a.pdf
161. kt 94/k 1188,"um-ma Šdl-ma-A -šur-ma a-na En-nam-A -šur qì-bi-ma 1 ma-na KB ša a-na 1-tur.,-DINGIR u E-/la-lt DUMU me-er-e Puzur₄-A -na ta-dí-nu-ma a-na-kam ša-qa-lam qa-bi-u-ni a-na-kam KB ša-bu-a-ku e. tup-pd-am ša ku-nu-ki-šu-nu dt-Šu-nu-tí-ma r. le-tí-qu KB ša-bu-a-ku u ti-ir-ta-ka li-li-kam-ma tup-pi-i : le-ri-iš-ma La-du-uk","From Salim-Assur to Ennam-Assur: As to the 1 mina of silver that you gave to Itiir-ili and Elali, the sons of Puzur-Anna, and which they promised to pay here- I have been paid the silver here. Give them the tablet with their seals and let them travel. I have been paid the silver. Also, send word and let me ask for my tab- let so I can annul it.",AKT 6a.pdf
162. kt 94/k 1750,a-na A-šur.r rna ₁-lik Ša-lim-[ A-šur] u diM-GAL qi-bi-ma um-ma Ša-lim-A -šur-ma 4 GU AN.NA TUG ku-ta-nu li-w[i-/š]u u e-li-a-tim ša 1-šu-/ŠVDx r u 1 2 ANSE [1-Jf ri-lšum ub-lam [x ma-na AN.N]A u li-wi-šu [ ... ] ANSE break 1-šu-ri-[ ik ... ] r. iš-qu-lu [ ... ] z- ša- v z-zš •v[ ... ] a-ma-kam AN.[NA i-na] i-lim i ... ] e. tup-pd-am di-na[ ... ] i-li-b[i ... ] me-[ ... ] r 1 . v -v[ ] I.e. x zm ša zš ... r u 1 ka ku r[ ... ] ša v nz-zš •• v [ ... ] še-birld-[. .. ],"To Assur-malik, Salim-Assur and Adad-rabi from Salim-Assur: Irisum brought 4 talents of tin, kutimu- textiles from the wrapping plus top-packs, belonging to Issu-arik, and 2 black donkeys. ... minas of tin and its wrapping ... a black donkey Issu-arik .. . they paid .. . three ... ... let the tin be removed there from the contamer ... ... give the tablet ...",AKT 6a.pdf
163. kt 94/k 1310,a-na -šur-ma-l[ ik] šua-ra Htar-la-[ma-ši uJ A-šur-dan qi-bi-ma [um-ma] Ša-lim-A-šur-ma 10 [ma-na KB] ni-iš-ha-šu DIRI [ša-du-a-šu] ša-bu ku-nu-ki-r 1 [ ... ] na-aš-a-ku-nu-r d 1 x [ ... ] tup-pa-am [x] r x x₁ [ ... ] u-ta n[ e-pa]-aš t[ i ... ] [xxxx]rxx1[ ... ] two lines missing [x]rx1[ ... ] e. a-r x 1 [ ... ] ma-[. .. ] rx₁-ku [ ... ] r. [š1u-ut-ma [ ... ] [a-]ha-ma 112 m[a-na ... ] [x+ ]3 na-ru-uq ŠE-a[m ... ] u GIG 1 QA I.GIS ša-ar-dam i-ra-mz-[ ni-a] a-di-šu-um um-ma a-ti-na< -ma > ha ₁-ra-ni x 1 r r [(. •• )] a-na KB a-nim u-ta-tam ša-ma-[ni-ma] a-na E E-ri-štu?- ... ] it i-na a-l[a-ki-a ... ] e. u-ta-at-ki-[ na] lu-ta-e-ra-ki-[ na-tz1 d-ir-ta-ku-nu da-m1-iq-[tam i-na] I.e. pa-ni-a li-li-kam-m[a] li-ba-am di-na-n[ im],"To Assur-malik, Sisara, IStar-lamassi and Assur-dan from Salim-Assur: ... brings you 10 minas of silver, its import duty added, its transport tariff paid for, under my seal. ... a tablet ... further, I personally gave mina ... , x + 3 sacks of barley and wheat, and 1litre of olive oil. You (fern. pl.) said: "" . "" ... a JOurney ... Buy grain for this silver but it must not enter the house of Erisum(?). Also, when I come I shall return your grain to you (fern. pl.). Send me a positive message ahead of my departure and cheer me up!",AKT 6a.pdf
164. kt 94/k 1744,a-na Šì-ša-ra qí-bi-ma um-ma Ša-lim -A -šur-ma GO ma-na 1 2 10 r AN.NA 4 TUG ku-ta-nu fi.r we-tum 1 5 TUG e-li-tum 7 ma-na AN.NA qa-tim u rt0₁ ma-na ni-ga-lu : ANSE.HI.A mu-um] mi-ma a-nim Pu-šu-ki-in u E-ri-šum ša 1-šu-ŠUDx ub-lu-/nim 4 GU 30 ma-na AN.NA 8 šu-rru₁-tum li-we-šu-nu 5 ANSE 13 TUG ku-ší-a-tum 18 ma-na AN.NA qa-tim 33 ma-na hu-ša-u m1-ma a-nim e. ša 1-šu-ŠUDx 1-ri-r šum 1 u A-bu-ša-lim ub-lu-nim r. 6 GU 30 ma-na AN.NA ku-nu-ku 30 ku-ta-nu qa-dum li-we-tim 3 ANSE.HI.A 30 ma-na AN.NA qa-tim 30 ma-na ni-ga-lu mz-ma a-nim i-ší.ep A-bu-ša-lim ša 1-šu-ŠUDx i-li-kam La-qí.pu-um i-na ta i-dim i-še-a-ni um-ma šu-ut-ma mz-ma maš-ka-tum ša a-bi4[-ka] i-li-bi u-ta i-ba-H i a-bi-ka ša-bu-u mz-nam ta-za-na-ka-ra-šu-nu mz-ma tUu ša na-ru-qi-ni ma tup-pi ša maš-ka-na-tim me-eh-ri bi-ra-ma H-bi ša r ki₁ e. maŠ-ka-na-tim ša r J.šu-ŠUDx 1 iš-ta-ku-nu: a-na rKfi..?₁ DINGIR ší.ri-da-šu-nu-ma tup-pi I.e. u r ša 1 H-bu-ti-Šu-nu ha-ri-ma tup-pi ša 1-di-a-bi-im ša i-na ku-nu-uk Su-rEN.LIL 1 A-mur-Htar u Šu-A-nim ka-an-ku-ni a-dì a-la-ka-ni ta ta-pa-tí.a ha-ra-ni qu-ur-ba-at,"To Sisara [and] Aduda from Salim-Assur: kutanu-textileš, 2 talents 10 minas of tin, 4 the wrapping, 5 textiles in a top-pack, 7 minas of expense-tin plus 10 minas of sick- les; 1 black donkey - all this, belonging to Issu-arik, Plisu-ken and Erisum brought. 4 talents 30 minas of tin, 8 black (textiles) to wrap it, 5 black donkeys, 13 robes, 18 minas of expense-tin, 33 minas of scrap metal - all this, belonging to Issu-arik, Irisum and Abu-salim brought. 6 talents 30 minas of tin under seal, 30 kutanu-textileš including the wrapping, 3 donkeys, 30 minas of expense-tin, 30 mi- nas of sickles - all this, belonging to Issu- arik, arrived transported by Abu-salim. Li.-qepum sues me without reason, saying: ""There is no deposit of your father's owed by me. Your father's firm has been paid. Why do you make declarations for them that anything you have is our joint- stock capital?"" So as for the tablets of deposit, check the copies, and lead the witnesses whom Issu- arik kept appointing for deposits to the Gate of the God, and certify tablets with their testimony, but Iddin-abum's tablets which were sealed by Su-Illil, Amur-IStar and Su-Anum you must not open until I arnve. My journey is imminent.",AKT 6a.pdf
165. kt 94/k 1758,a-na Šu-[Ta-mu-zi ... ] Ša-lim-A[-šur ... ql-]bi-lma um-ma Ša-[lim-A-šur-ma ... ] a-na -lim[ki ... ] um-me-a-[nu ... ] tu ... ] um-ma [Šu-nu-ma ... ] lu e-[ ... ] break [x] a-ta rx₁ r. [ ... ] 1/2 ma-na KB ra₁[-na ... ] aš-qul112 ma-na rLA 2 GIN a-na₁ Šu-A -šur AH.ME u Pu-uš-qa-nim me-er< -i > -šu 113 ma-na a-na 1-ku-pt-la DUMU 1-ku-a 113 ma-na 3 GIN KB a-na E-U-ba-a 12 GIN a-na ṣì-ša-da-ad 10 GIN a-na a-ša-[at] Ku-ki-dì aš-qu-ul15 GIN a-na Dan-DINGIR dŠ-qu-ul15 GIN a-na <<a-na Šu-ma-am-ni-ir-H e. SUNIGIN 14 ma-na LA 5 GIN KB i-nu-m[l ... ] uša[ ... ] E 3 ma-na KB Šu-[ ... ] KB : DUMU Ku-ra-ra [ ... ] ma-na KB E [ ... ] KB DUMU A-da-wa-[ ... ] A-mur-Htar SUNIGIN 30 [ ... ] ma-ah-ri-ku[-nu ... ],"To Su-Tammuzi, ... Salim-Assur ... from Salim-Assur: ... to the City .. . the investors .. . seized ... and they said: ... 112 mina of silver I paid to ... ; 1/2 mina less 2 shekels of silver to Su-Assur, the priest, and Pusqanum, his son; I paid 113 mina to Ikun-piya son of Ikuwa, 1/3 mina 3 shekels of silver to Elabaya, 12 shekels to Sill-Adad, 10 shekels to the wife of Kukidi. I paid 15 shekels to Dan-ili, 15 shekels to Sumam- n1rs1- • v• m al114 minas less 5 shekels of silver. When ... 3 minas of silver, the house of Su-... silver, Kurara's son ... minas of silver, the house ... silver, Adawa .. .'s son .. . Amur-IStar- in all 30 .. . before you ...",AKT 6a.pdf
166. kt 94/k 1130,um-ma Ša-lim-A -šur Pu-šu-ki-in u Ša-ba-šì-a-ma a-na 1-lí-iŠ-tiìc_kal qì-bi-ma 16 ma-na KB ni-iš-ha-šu DIRI u 1 ma-na 17 GIN KU.GI pa-ša-lam ša-du-a-šu ša-bu Ku-lu-ma-a na-aš-a-kum KU.GI da-mt-iq wa-ta-ar a-na-kam-ma 10 GIN TA u-ba-al 4 GU AN.NA u-tu-ra-e-šu u li-wi-šu li-we-tum lu TUG ku-ta-nu lu u a-Ši-ti KB ku-ta-ni ša-a-ma iš-ti a-li-ki-im pa-ne-e-ma ab-kam-ma e. a-na na-ab-ri-tim li-ik-šu-dam-ma r. a-na tam-ka-ri-ka li-ba-am dt-in KB 1 GIN li-li-lma la KB-ap-ka ANSE.HI.A lu SIG₅ lu-qu-ut-ka ša še-ep Ba-qu-nim u Ka-ta-tim a-na 30 ha-am-ša-tim DAM.GAR ni-qí-ip-ma KB a-nim a-qa-tim ka-u-lim i-dì-ni-a-tišic i-hi-id-ma r lu ₁-qu-tam i-pa-ni-e-ma a-li-ki-im ab-ka-am r ANSE₁.HI.A rJ/₁-na-am lu ld-nam-ma e-li-u e. KB u KU.GI a-na Ku-lu-ma-a DUMU A-ta-a-a ap-qi-id IGI Im-dí-DINGIR IGI PuzurrA-šur DUMU 1-šar-ki-da-A-šur ša-du-a-/šu ša-bu,"From Salim-Assur, Pusu-ken and Sabasiya to Ilis-tikal: Kulumaya is bringing you 16 minas of sil- ver, its import duty added, plus 1 mina 17 shekels of pašallu-gold, its transport tariff paid for. The gold is of extremely good quality, even here it costs 10:1 (in silver). Buy 4 talents of tin, its surplus and its wrapping - the wrapping should be either kutanu-textileš or different(?) ones - and kutanuš for the rest of the silver and dis- patch it with the very first transport so it reaches me for inspection and thus en- courage your merchant. May every shekel of silver be realised for it, as it is not your silver. The donkeys should be good. We entrusted on commis- sion to an agent your merchandise trans- ported by Baqqunum and Katatum for 30 weeks, and he gave us this silver to have at disposal. Take care to dispatch the goods with the very first transport. The donkeys should be with short teeth and tall of height. I entrusted the silver and gold to Kulu- maya son of Ataya. Witnesses were Imdi-ilum (and) Puzur- Assur son of IS.ir-kitt-Assur. He was paid the import duty.",AKT 6a.pdf
167. kt 94/k 1736,"um-ma Ša-lim-A -šur-ma Ša-ba-ši-a u tam-ka-ru-um-ma a-na Pì-la-ah-/Štar u Zi-ki-ki qí-bi-ma 30 ma-na rKB₁ ni-iš-ha-šu rnrRP [ša-]du-a-šu ša-bu ša r tam-ka₁-ri-im a-ha-ma 10- ) ma-na KB ₁-pu-um r ni-iš-ha-šu DIRI ša-du-a-šu ša-bu ik-ri-bu ša r ₁-šur ša tam-ka-ri-ma ku-nu-k[i-šu] a-na 1-li-iš-[tì-kal] u Pì-la-ah-ŠŠtar Zi-ki-ki na-aš-a-ku-nu-tì a-na Zi-ki-ki qì-bi-ma a-ni-am a-na Pi-la-ah-ŠŠtar rpì-qì1.id-ma iŠ-tì a-wi-ti-Šu [e-t]a-wu e. u a-ta i-na re-H-šu r i₁-zi-iz-ma KB 1 GiN r. [lu tJd-ba-tì a-na Pz-la-ah-ŠŠtar qì-bi-ma a-rhu ₁-ni a-ta li-bi4 Zi-ki-ki Ia tu-la-ma-lan tup-pe-en6 H-na ša V ' I- 't'""V t-tš-tt- 'k'l u Pì-la-ah-ŠŠtar la-p[u-tu] ša še-ep Zi-ki-k[t1 iš-d KB-ni : r x 1 x-b ]a-šu-r ni₁ [ ]b. l , . tš-tt • v , pa-ne-e-ma , , [ še- '"" z4-a-nz-šu-nu v i-na tup-pe-r en6 ₁-me-e-en6 qa-tum [ša ]-ka-nu-um wa-du d-[ir-]tì -lim{ki} da-nu-tu-um i-li-kam qa-tum ša-ka-nu-um la-šu r we ₁-da-ku tup-pe-en6 e. a-me-e-en6 še-bi4-ld-ni-šu-/nu tup-pu-um ša se-ep DUMU ša V ' I- 't'""V z-zš-tz- 'k'l I.e. u Pì-la-ah-ŠŠtar ld-p[u-t]u i-na A-lim{ki} 1-U-iš-tì-katl u] P""i-la-ah-ŠŠtar li-iš-me-u-r šu ₁-ma a-ma-la d-ir-tì tam-ka-ri-im H-ma-am li-[iŠ-u-mu]","From Salim-Assur, Sabasiya and the mer- chant to Pilah-IStar and Zikiki: 30 minas of refined silver, its import duty added, its transport tariff paid, belonging to a merchant; further, 10 minas of refined silver, its import duty added, its transport tariff paid, votive offerings for Assur, also belonging to a merchant and sealed by him, Zikiki is bringing to you destined for Ilis- tikal and Pilah-IStar. To Zikiki: Entrust this to Pilah-IStar and join it to his consignment and then you personally may serve him and be positive over every shekel of silver. To Pilah-IStar: Our dear brother, do not make Zikiki angry. There are two tablets that were written to Ilis-tikal and Pilah-IStar and that have been transported by Zikiki - send them together with our silver ... as soon as possible. Laying claim was indicated on those two tablets. A strongly worded message from the City arrived. There is no way to lay claim. I am alone. Send those two tablets. As to the tablet transported by son, that was written for Ilis-tikal and Pilah- IStar, let Ilis-tikal and Pilah-IStar hear that in the City, and have them buy what was in the merchant's instructions.",AKT 6a.pdf
168. kt 94/k 1172,ba-ab-ti-a KB ta-ma-h[a-ra-ni (...)] En-um-A-šur tu-ur-da-[nim ... ] iš-ti-in i-na ra-di-i a-[ ... ] i-na ša ta-na-t[ ... ]/-La[(..)] ki-i/₅-a-ma i-re-5í-ku-nu li-zi-iz-ma ba-ab-ti [ša-aš-qi-la] a-hu-u-a a-tu-nu ih-da-m[a (...)] ba-ab-ti-a ša Ka-ni-iiì [KB] 10 ma-na ša-a[š-q]i-ld-ma giJ im ₁-[la-ni] i-na a-a[l 5í-]a-ma-tim wa-aš-ba-lku a-šu-mì š1a En-u]m-Be-lim šu-ma um-me-a-nu-[um šla ki-ma qa-qi-di-ku-nu e-pa-al-ku-nu a-ma-ld tup-pì-šu AN.NA u TOG.HI.A di-na-ma tup-pa-am lu-up-ta : šu-ma um-me-a-nu-um ld e-pa-al-ku-nu 15 1/2 ma-na I 3 GIN [KB] le-qe-a [u] šu-ma ta ki-a-am [x ma-n]a KB: ki-i/₅-a-ma [a-di e]-la-i-a: ma-ma-an [ ... ] a.r li₁ [ ... ]a-na break [ ... ]-na-nim li-il₅ meld ni I.e.,"standing claims ... send Ennam-Assur .. . One of the guides .. . of my harnessors that you observe, keep him and let him serve you, and have my outstanding claims paid. My dear brothers, take care to have paid at least 10 minas of my outstanding claims in Kanesh and do me a favour. I am staying in a city where purchases can be made. As to the matter of Ennam-Belum, if an in- vestor as safe as you yourselves will take responsibility for you, then sell the tin and textiles in accordance with his tablet and write a tablet. If an investor does not an- swer you, then take 15 minas 3 shekels of silver. But, if it not so, then hold on to x minas of silver and noone must ... until I come up.",AKT 6a.pdf
169. kt 94/k 1173,"[x z]i ( ... ] X X X X [x x x x] a-na r al₁ [ r 1[ -na urm ]u : e-ta-ri-im i[t-ra]-ni: i-na 11 ma-n[a KB] ša tup-pi-ka 5 m[ ]-na K[B ... ] 2 ma-na-e-en KB ša [i-na] ha-ra-nim ša-qa-lam qa-l:ìi4-a-ti-ni-ma] la ta-dŠ-qu-la-ni KB s1 í-bi-lam] ku-ta-ni u₁ hu-ša-r[a-am] SIG₅ r , , k k. r ""1[ ] l a-aš-a-ma- v um-ma z-ma z -na e-la-i-a KB 10 ma-na ni[-la-qe-u] u-ša-[b]/-ru: ta-ma-ar i-[ ... ] u AN.NA TUG.HI.A a-na KB [dí.na] a-na ba-a-ba-ti-a ša nu-a-e: i-h[i-id-ma] KB ša-aš-qi-il₅-ma še-bi4-lam a-na-kam a-mu-tam rsiG₅₁ hu-ša-r[a-am] , k' SIG₅ E -lim ' a-mu-ur-ma a-diKB ta iš-qu-lu-n[i] a-mu-t[am] u ta hu-ša-ra-a[m u-šu]-ru e. a-hi a-ta i[-hi-id-ma AN.N]A u TUG.HI.A a-na KB taJe₁-er-/ma u i-na ba-ab-ti-a KB 10 ma-na ša-aš-qi-ld-ma KB r. u še-bi-lam-ma a-mu-tam hu-ša-ra-am ki-ma i-na ba-ab E.GAL-l[im x x x] ma-na ta-[ ... ] break [x x x x]-tim a-ni-ša-am li-r ta ₁-al-ku-nim I.e. [X X X X] ša-ni-u-tim /d ga ar r X 1 SIGs [ ... ] re₁ bi₄-a-am","Save me while I can still be saved. Of the 11 minas of silver from your tablet, 5 minas of silver ... the two minas of silver that you promised to pay during the journey and which you have not paid- send the silver. I shall buy good kutiinuš and lapis lazuli for you, and you will se that we shall take 10 minas of silver ... when I come up ... Sell the tin and textiles for silver. Pay attention to my outstanding claims with Anatolians, have the silver paid and send it to me. I have seen good iron and good lapis lazuli here in the City Hall, but as long as they have not paid the silver, they wil not release the iron and lapis lazuli. My dear brother, take care to con- vert the tin and textiles to silver and then have some 10 minas of silver from my outstanding claims paid, and send me the silver so I can take out the iron and the lapis lazuli, and since in the palace gate ... ... they should come here. ... of others ...",AKT 6a.pdf
170. kt 94/k 1402,"a-na Ša-[lim-YA ₁-šur qi-bi-ma rum-ma₁ Su-{d}DUMU.ZI A-di-da: E-lci-a u r La-ma-šz₁ -lma i-na [(. .. )] um-ma a-ta-ma: A-[šur-DUG] DUMU Lu-lu: rKB₁ 10 [ma-na] [x x x] [x x] me-er-[ [x x x x x] ta [ [ ... ] taJx₁ [ break [x x x x x] r iš>'l-ra-ti-šu r. ru-ba-um i-ld-qe: i-na wa-ar-ki-tim : a-we-lu-um a-na -lim{ki} : i-li-ik-ma um-ma šu-ut-ma a-na Ší-a-ma-tim : i-dì-nam qi-ip-tam : a-di 5 ša-na-tim qe-pa- ' 'k u : zš-tt 'A - ["" zm ki •v e-na-na-tim : e-ri-iš-lma e. U4-me-šu : a-dì ša-na-/at ša ki-ma šu-a-ti u-[š1a-za-az-ma : [(. .. )] I.e. ša ki-ma šu-a-ti: uš-[ ... ] lu qi-ip-tam : ta-qi-[pu]","To Salim-Assur from Su-Tammuzi, Adida, Elaya and Lamassi: When you left ... you said: ""Lulu's son ... at least 10 minas of silver ... "" ... the king will receive its/his tithe. Later the man went to the City assembly and said: ""He gave it to me for purchases. I was en- trusted with a credit for 5 years."" He asked for a favour from the City assem- bly, and his representative will set his terms for a year and ... his representative ... ... whether you entrusted on credit ...",AKT 6a.pdf
171. kt 94/k 1118,"a-na Ša-lim-A -šur qi-r bi-ma 1 urn-rna Ša-lim-A -šur-ma a-šu-mì Ili5-ba-ni DUMU 1-a-a a-di Ši-ni-šu ti-ir-ti i-li-ka-/ku-um ki-ma ld-am-ni-iš N. r h1 . / e-ta-n -pu-šu v tš-tu . v , a- -rt-/ [ ] ti-i-ir-ti -šur-ma-lik DUMU I Šu-ŠŠtar i-li-kam urn-rna šu-ut-/ma 8 TUG.HI.A Ili5-ba-ni , . e. im-tu-qu-ut r. TUG.HI.A a-na Ili5-ba-ni ni-im-nu-ma šu-ut a-na -šur-ma-lik im-nu-r šu ₁-nu 1 e-li-tam -šur-ma-lik i-na pd-ni e-zi-ma Ili₅-ba-ni il5-qUi , . , t- l t-ma-qu-ut a-na - tm ki pd-nu-ka šu-ma li-ba-ka e. r am?-m/₁-kam ld i-zaJ ku?-ri₁ / [(..)] li-li-ku-nim a-na-kam li-iz-ku-u-ma a-šar I.e. i-bu-ra-ni KB-ka le-qe","To Salim-Assur from Salim-Assur: I sent you word twice about Ili-bani son of Yaya. Since he keeps behaving in an evil manner a message from Assur-malik son of Su-IStar came from N ahriya. He said: ""Ili-bani has attacked me for 8 textiles."" We counted the textiles for Ili-bani and he himself counted them for Assur-malik. Assur-malik left one top-pack before his departure and Ili-bani took that. He shall not attack the servant for any- thing. You are planning to go to the City. If you please, they should not formally state (it) there ( ... ) they should come. They should clear the matter here and then take your silver where it appears.",AKT 6a.pdf
172. kt 94/k 1446,"a-na Ša-[lim-A -šit ]r: qí-bi-ma um-ma 1-dì-a-bu-r um 1 [I-]tur₄-DINGIR 1-na-ah-DIN GIR En-um.rA-šur u₁ A-la-hu-um-ma t[a-aš-p ]u-[ra-am] um-ma a-ta-ma [ ... ku-t]a-nu: a-ha-ma 92 TUG I a-ba-ar-ni-u [ ... ]-A-šur [qì-]ip-tim [ ... ] r x x x: ku ₁-ta-ni [ ... ] bu-ra-e [ ... t]a-aš-pu-ra-ni [x x x] ku [ ... ]-at-ma : a-ta : a.r ma ₁-kam [x x x] nim [ ... m]u-ur: SUNIGIN [x] me-at [x T]UG.HI.A : i-ŠA : 4 ku-š[ la-]/tim 2 TUG bu-[ra-e a-]na 27 5/6 ma-[na] 2 GIN AN.NA [x x x]-nim: ta-ta.rqe₁ 1 me-at [x x x (x)] [ ... ] lu ku-ta-[nu x x] 7 TUG a-ba-ar-n[i-u .. ] TUG kam-šu-[tim dam-qu-]tim 1 ku-ta-num it ku-[ ... ]-ar ir-[ ... ] i-na [ ... ]-A-šur [x] r x x 1 30 TUG ku-ta-lni SIG₅ [ ... ] r e-zi-ib₁ 4 TUG : [ ... ]-Su 11 ma-na [x+ ]6 GIN - r x x 1 ta-ma [ ... ] rt [ ... ] 4 me-at 7 r 1 -ttm - [ ••• ] X X X [ ... ] 50 TUG a-na [ ... ] 7 TUG ni-iš-ha-t[um] [ ... ] 20 rx₁ a-na [ ... ] u 3 me-at 17 [ ... ] [ ... ] rx₁ TUGšali-we-[tim] [ ... ]TUG ku-ta-nu-ka [ ... KJur-ub-ŠŠtar 5 break [x x x x x] r ku-nu-ki₁ r. [ ... ] [x x x ku-t]a-nu i-na E [ ... ] [x x x]-ka i-ba-5í-u i-n[ ... ] [s1a a-na -la-hi-im t[a-dì-nu] [x] ANSE i-na ha-ra-nim me-tu [x x x]-Šu-nu a-na 'l2 ma-na 2 GIN KB [x x x x x] iš-am 23 ANSE [x x x]-A-šur a-na Bu-ru-uš-ha-dim [x X x] 10 ANSE i-na ša-ha-at u-nu-tì-ka [A-ta-]rhu₁-um: e-zi-ba-am 1 ANSE [x x] r x 1 a-na Ši-m""i-im il₅-qe [i-]na 2 ma-na KB: ša a-na qa-ti-Šu r ta-dí-lnu 'l2 ma-na 2 GIN KB a-na H-im [x X X (x)] iš-qul: ša H-tì KB-pi-ka [x] 4 [x] ma-na 2 GIN AN.NA-šu [6] me-at ša-am-ru-a-tim [ ... u-]ta-e-ra-kum 86 rwa ₁[ar-Vqa₁-t[im xY-ra-ma₁ ša X X ša-ap-/ti [x x x] [x x x] 5 ma-na 8 GIN AN.NA 24 rma₁-na [x x] TA 1 GU URUDU? ša/ e-ka lu še [x x] am ni u 4 [x x]-tí-ka 20 [x] ma-na 5 GIN u AN.NA [x]-am [x] na rku-nu-ki-ka₁ ša i-n[u-mz x] r ra?₁ [x x] ip-tu-ru a-ma GO 12 m[a-]na-e-šu-nu 26 5/6 ma-na e. r2₁ GIN AN.NA ša 4 TUG ku-šì-a-tim u u 2 TUG bu-ra-e il5-qe AN.NA-/ki-ka 5 GO rs7₁ ma-na 7 GiN 4 G[U x ma-na x] GIN Da-da-a [ ... ]-lu Qa-qa-d[a-num] lu t[a-x x-t]a-ar ru?₁ 1/2 ma-n[aA-]šur-[x] ta rx₁ šu [x] ša 48 [x X x] U-zu-a a-dì Ka-mi'-e[t' x x] ma-n[a x x]-ka u AN.NA TUG 10 [ ... ] 10 1/2 ma-na AN.NA [ ... ] a-na DUMU Ik-ra-[ ... ] Si-tí AN.NA-ka 30 [ ... ] i-na[ ... ]","To Salim-Assur from Iddin-abum, ltur-ili, lnah-ili, Ennam-Assur and Ali-ahum: You have written us, saying: ""x kutdnuš, further, 92 Abarnian textiles, , ... -Assur ... of credit ... x kutdnuš ... burdù-textileš that you wrote ... you must ... there; ... total of your textiles: x hundred textiles; thereof 4 robes, 2 burdù-textileš you will receive for 27 5/6 minas 2 shekels oftin ... 100 ... textiles ... either kutdnuš ... 7 Abar- nian textiles ... fine kamšu-textileš ... 1 kutdnu 30 fine kutdnu-textileš ... apart from 4 textiles ... 50 textiles for ... ... 7 textiles, the import duty, ... x textiles for the wrapping ... your kutanu-textileš ... Kurub-IStar ... ... sealed ... ... kutanuš in the house ... ... are available .... that you [gave] to Ali-ahum, x donkeys died during the journey, their ... he bought for 32 shekels of silver; 23 donkeys has ... -Assur ... to Burushaddum; ... 10 donkeys Ali-ahum left in support of your goods. 1 donkey ... bought. Of the 2 minas of silver that you gave for his disposal 32 shekels of silver he paid as the price of ... For the rest of your silver, ... x minas 2 shekels of his tin 600 nails ... I returned to you. 86 green ones ... of the wool ... 5 minas 8 shekels of tin ... 24 minas each. 1 talent of copper that your eye and 4 ... 20+x minas 5 shekels of tin under your seal ... that when they ... released, now, 4 talents 12 minas of theirs; 27' 5/6 minas 2 shekels of tin he received for 4 robes and 2 buraù-textileš, and your tin, 5 talents 57 minas 7 shekels - 4 talents ... Dadaya ... Qaqqadanum ... and 1/2 mina Assur-... of 48 ... Uzuwa to Kanesh ... tin and textiles 10 .. . 10 1/2 minas of tin .. . to the son of Ikra ... the rest of your tin: 30 ... 1ll ...",AKT 6a.pdf
173. kt 94/k 1470,"a-na Ša-lim-A -šur qì-bi-ma um-ma 1-dì-a-bu-um En-na-num Šu-Htar u, r En-um-A -šur-ma 26 ma-na KB ku-nu-ki ša ki-ma ku-a-d i[šútu Bu-ru-uš-ha-dim r En ₁-um-A -šur [30 m ]a-na KB [ En-n ]a-num iš-qu-ul-ni-a-/d-ma [t]up-pu-šu [ ni-]di-šu-um 4 ma-na KB ša a-šu-mì e. Puzur ₄-A -šur ni-iš-ha-šu DIRI r. ša-du-a-šu ša-bu a-na-kam <ša > ki-ma ku-a-d u ne-nu qa-tam ni-iš-ku-un SUNIGIN 1 GU KB ku-nu-ki-ni Šu-ŠŠtar na-aš-a-kum ša-du-a-at KB šu-Htar ša-bu-u","To Salim-Assur from Iddin-abum, Enna- d num, Su-Istar v v an Ennam-Assur: vv Ennam-Assur has brought out 26 minas of refined silver sealed by your representatives from Burushaddum. Ennanum has paid us 30 minas of refined silver, and we gave him his tablet. As to 4 minas of refined silver, for which the import duty was added, the transport tariff paid in the name of Puzur-Assur, here your representatives and we have made a claim. In all, Su-IStar brings you 1 talent of refined silver under our seals. Su-IStar has been paid the transport tariff on the silver.",AKT 6a.pdf
174. kt 94/k 850,"a-na Ša-lim-A -šur qi-bi-[ rna] um-ma En-urn-A -šur-ma i-na me-eh-ri-im [s1a ba-a-ba-tí-ka ša te-zi-ba-ni 5 ma-na KB iŠ-tí 1-li-dan al-qe 3 5/6 ma-na 5 GIN iš-tí -mur-{d}UTU 1 112 ma-na ša Di-di-a al-qe a-na 4 ma-na KB ša En-na-Šu-in ha-bu-la-ku-ni 2 112 ma-na 112 ma-na ma-na-ah-tam SUNIGIN 7 ma-na KB iŠ-ti En-na-Šu-in rat₁-qe 2/3 ma-na rg? GIN₁ [i]š-ti r íl-tur₄-DINGIR 1 113 ma-na iŠ-ti Ku-ku-wa r7₁ ma-na iš-ti Tu-um-li-a-i-im 1 ma-na iš-tíDVMV UPha ₁-ta SUNIGIN KB-pi-ka 27 1/2 ma-na 3 GIN ša i-na ba-ab-ti-ka al-qi-u [S]A.BA 10 112 ma-na 5 GIN e. E [a]-na A-zu aŠ-qul ša r3₁ ma-na KB Ši-ma-am aš-am-ma TUG a-na E ka-ri-im qa-at-ka a-ta.r di-/ma 1 r. 5 112 ma-na 7 112 GIN 12 ma-na KB da-a-tam ša-li-im-tam u-ša-aŠ-qi-lu-ka-ma 5 112 ma-na 7 112 GIN 6 1/3 ma-na 2 1/2 GIN KB u-ša-aŠ-qi-lu-ni 3 ma-na a-na Ili₅-ba-ni DUMU 1-a-a aš-qu-ul-ma u tup-pa-am ša 5 ma-na ša ni-iš rA - l zm ki, , ma-na ša-du-at 1 GU KB ša še-ep Šu-Htar u-še-bi-la-ku-ni a-di-in 112 ma-na a-na 3 a-di 5/6 ma-na a-na 5 TUG ku-ta-ni aš-qul [i]-nu-mi Ša-ta-na a-dì-nu 113 ma-na 3 GIN a-na Pí-ld-ah-A-šur 10 GIN KB 'l a-na ' / V -šur V\ aš-qu / V 4 GIN KB ša-du-a-at KB ša ik-ri-bi ša i-še-ep Dan-A -šur u-še-bi-ld-ku-ni e. a-dí-in 5í-tí KB-pi-ka 1 1/2 ma-na 3 1/2 GIN rKB₁ 10 GIN I.e. a-[x] a-na ša-he-er-tí-Šu-nu r a-dì-in 1","To Salim-Assur from Ennam-Assur: From the copy of your outstanding loans that you left with me I have received 5 mi- nas of silver from Ili-dan; I received 3 5/6 minas 5 shekels from Amur-Samas, 1112 mina from Dadiya; for 4 minas of silver that Enna-Suen owed to you (I got) 2 1/2 minas as interest and 1/2 mina as expendi- tures - in all I received 7 minas of silver from Enna-Suen; 2/3 mina g? shekels owed by Itur-ili, 1 1/2 mina owed by Kukuwa, 5 minas owed by the man of Tumliya, 1 mina owed by Ushata's son - total of your silver: 27 1/2 minas 3 shekels that I received from your outstanding loans. Thereof I paid 10 ;.-2 mi- nas 5 shekels to Azu's firm; I made pur- chases for 3 minas of silver, and I have de- posited textiles on your account in the col- ony office, and I have booked you for 5 112 minas 7 112 shekels in the colony; they made you pay 12 minas of silver, the com- 112 112 plete fees, and I deducted 5 mina 7 shekels so they made me pay 6 1/3 minas 2 shekels of refined silver. I paid 3 minas to Ili-bani son of Y aya, and he produced the tablet concerning 5 minas sworn by the City; I gave 1 mina of silver as the transport tariff for 1 talent of silver transported by Su-IStar; 112 mina I deposited for your 3 servants; I paid 5/6 mina for 5 kutanu-textileš when I gave Sat-Anna (in marriage); I paid 23 shek- els to Pilah-Assur and 10 shekels of silver to U Assur; I gave 4 shekels of silver as the transport tariff for the votive offerings I sent with Dan-Assur to you; the rest of your silver: 1 mina 33 112 shek- els of silver; I gave that for small goods.",AKT 6a.pdf
175. kt 94/k 1463,[a-n ]a Ša-lim-A -šur qí-bi-ma [um]-ma En-um-A-šur-ma [t]a-aš-pu-ra-am um-ma [a-]ta-ma KB ša iš-tu [B]u-ru-uš-ha-dim tu-še-ṭ-a-/ni [i-]na ku-nu-ki ša ki-ma [i-a-]ti-ma li-ni-di KB [i-na] ku-nu-ki ša ki-ma ku-a-ti r i₁[ -ba-š1i a-šu-mì ba-a-ba-ti-ka ša [ta-aš-p ]u-ra-ni a-na-kam ša k[i-ma ku ]-a-ti i-na 10 1/2 [GU UR]UDU Ši-ki-im a-ha-ma 40 ma-n[ Ha-b]u-ra-ta-i-im u 7 ANSE.[HI.A 2 qa-at]-ka i-na KB ša S[ a-li]-a u 1-li-dan [ ha-bu ]-lu-ni e. u-ša-aš-ki-nu-ma lu-qu-tam a-na Ša-ah-ri-DINGIR u En-um-A-šur DUMU Šu-Be-lim ip-qi-du šu-ma lu-qu-tam r. r Šl₁-li-a i-na ma-ah-ri-ka [la] iš-ta-kan Ši-a-ma-at [A -lim -š1ur Ša-li-a [ a-ŠJa-lim-A -šur i-da-an [ a-na-kam] 1-li-dan r2 ma-na 1 KB u-ša-aš-qi-il5-šu 2 ma-na KB ša da-ti-a ni-il5-qe 2 ma-na 15 GIN KB KI da-ti-ka ša Tu-um-li-a-i-/im [x x x x] a-na-kam i-re-Ši [ba-ab-]ti-ka a-za-az u [Šu]-in-na-da i-na [ W]a-ah-šu-ša-na wa-ša-ab [e-]ra-ba-ma KB u u-ša-aš-qa-al-Šu ma-la KB ša DAM.GAR-ru ha-bu-lu-ni-ma u₄-mu-šu-nu ma-al-u-ni e. r i-hi-id₁-ma KB [ tu-ša-]aš-qa-al-Šu-nu-ma [ u] i-na ku-nu-ki ša ki-ma [ku-a-ti ta-dt1 a-di ti-ir-ti-ka I.e. [ ... ] i-ri-iš ba-ab-ti-ka [a-za-az-]ma li-ba-ka [la] r i-₁pa-ri-id,"To Salim-Assur from Ennam-Assur: You have written, saying: ""The silver that you have brought out from Burushaddum should be deposited under the seals of my representatives."" The silver is available under the seals of your representatives. As to your outstanding loans, that you wrote about, here your representatives made you lay claim to the 10 1/2 talents of šikku-copper, also 40 minas of {copper) from Haburat, 8 black donkeys and 2 ser- vants, i.e. the yield in silver that Salliya and Ili-dan owed, and they have entrusted the goods to Sahri-ili and Ennam-Assur son of Su-Belum. If Salliya has not placed the goods before you, Salliya must give purchases in the City of Assur to Salim-Assur. Here I seized Ili-dan and made him pay 2 minas of silver. We received 2 minas of silver of my fees. 2 minas 15 shekels of silver with your fees from the man of Tumliya ... Here I keep a close watch over your out- standing loans. Also, Suen-nada is staying in Wahsuhna; when he enters here I shall make him pay the silver and its interest. As much silver as the customers owe and for which their terms are up - take care to make them pay the silver and then de- posit it under the seals of your representa- tives. With respect to your instructions .... I keep a close watch over your outstanding loans. Do not be nervous.",AKT 6a.pdf
176. kt 94/k 1461,[a-]na Ša-lim-A -šu[ r q ]i-b[ i-ma] um-ma En-nam-A _r šur₁-ma . l / 'k' t-na u-qu-tt- ša v a-na ša ki-ma ku-a-ti u-ta-e-ru-ni la-ma -lu-wa a-na ta-aš-pu-ra-ni AN.NA-ka u a-na URUDU ma-ši-im u Ši-ki-[im] iš-tu ITI.3.KAM ta-u-r[u-ma] URUDU pa-ni-am-ma e-ma-[ru] a-na Ša-la-tu-ar i-za-bi-lu u a-na-ku a-di pa-al-ha-ku-ma a-na qa-qi-di-a u na-pa-aŠ-ti lu-qu-ti-ka a-na Bu-ru-uš-ha-dim e-ra-ba-am u-La a-mu-a : a-di: a-H-im ša pa-ka a-na e. ta-di-nu-ma a-Ši-am La tu-še-bi4-[l]a-ni-ma li-bi a-we-LAM La tu-na-e-hu a-ta r. la ti-de₈-e ki-ma a-we-LAM a-ba-am la-am-nu-ma a-na a-bi-lšu ka-ša-di-im i-lu-ku KB I 1 GIN ša i-na ša-La-tu-ar e-du-ku-ma e-pu-šu -lu-wa na-aš-a-kum ša Ši-ti lu-qu-ti-ka URUDU Ši-kam u URUDU ma-ši-am e-re-qa-tim a-ši-di-ir-ma a-na DUMU um-me-a-nim ke-lnim ap-nu-ma iŠ-ti e-re-qa-ti-šu-ma IGI A-lu-wa-ma iš-tu 10 u4-me-e KB ba-ti-iq u-tu-ur i-ša-a-ma-ma : ma-La KB i-za-ku-a-ni wa-ar-ki -lu-wa-ma iŠ-ti a-li-ki u-še-ba-La[ -ku ]-ma Ši-im l u-qu-tt- ' 'k' rv ša [ViJ šerpt-a ' r u- ga-ma-ra- k um '1 za-ku-ša : a-ša-r pa-ra 1[ -kum Š]a Ši-ti lu-qu-ti-ka-ma [ ... ] i-na Ka-ni-i[š ... ] e. [ S]a ki-ma ku-a-[ ti ... ] r i1-dí-nu-ni KB [ ... ] t-na . - rt- tm ... ki1 [ ] [Ši-t]i lu-qu-ti-ka u-za-ka-ma u a-ma-La I.e. ti-ir-ti-ka [lu-q]u-ut-ka ša Ti-me-el-ki-a: A-la-hu-um i1-pa-qi-da-ma iŠ-ti -ša-ha-am r KB a-ta-ra-da-ma ti-ni-ih-ti li-bi-ka lu ša lu-qu-tí-ka u ba-a-ba-ti-ka a-ša-pd-ra-kum,"To Salim-Assur from Ennam-Assur: Of your goods that your representatives converted for me - even before you sent Aluwa to me, three months earlier, your tin and textiles had been converted to copper, washed and of šikku-type, and donkeys car- ried the copper quickly to Salatuwar. And as for me, I was afraid because of the and because of fear for my own head and the welfare of your goods I will not enter Burushaddum. With regard to the iron that you promised to the without sending any iron and thereby not calming the man's heart- don't you know that the man is hostile to- wards the father and will go to catch his father? Aluwa brings you every shekel of silver that I exhausted myself to make in Salatuwar. For the rest of your goods, šikku-copper and washed copper, I have outfitted wagons and turned to a trustworthy affiliated trader, who left with his wagons before Aluwa 10 days ago, and he will buy silver, cheap or dear, and I shall send you what silver he clears before Aluwa with travel- lers, so I can complete the proceeds of the goods I transported for you. I shall send you a final report. For the rest of your goods ... in Kanesh ... your representatives ... that they sold, the silver ... in the City ... I shall clear the rest of your goods and then Ali-ahum will entrust your goods from Timelkiya in accordance with your orders, and I shall send Ali-ahum with the silver and send you a reassuring message about your goods and your outstanding loans.",AKT 6a.pdf
177. kt 94/k 1020,um-ma Wa-šu-na-lam5-ma a-na Ša-lim-A -šur qi-bi-ma i-nu-mì a-na-kam tu-uš-bu a-na a-mu-tim pi-ka ta-di-na-am : u a-dì ma-/la e-ri-iŠ-ka-ma um-ma a-ta-ma a-dì: a-na-kam wa-dJ-ba-ku-ni e. a-ša-pd-ar-ma a-mu-tdm u-bu-lu-nim r. a-pu-tum i-hi-id-ma a-mu-tdm ša pi-ka ta-di-na-ni še-bi-lam,"From Wasunalam to Salim-Assur: When you stayed here you gave me your promise about some iron, and concerning that which I asked you for, you said: ""While I am staying here I shall write so they may bring you the iron."" Urgent, take care to send me the iron you promised me.",AKT 6a.pdf
178. kt 94/k 1772,"a-na -mu-ru-ba-ni u Šal-ma-A -šur qi-bi4-ma um-ma Šu-Ku-bu-ma 5 ANSE im? : i-qa-ar-bi4-im 2 ša up-qi-im a-ra-deš-a-ku-nu-ti ša DAM.GAR-ri-im a-pu-tum AN.NA qa-tim ma-šu-uh ša i-di-na-ni-ni a-pu-tum šu-uq-lu-um Ia i-pa-tJ,-ar a-pu-tum KB a-na pa-ni-e-a še-bi4-la e. šu-uq-lu-um Ia i-pa-ta-/ar","To Amurrum-bani and Salim-Assur from Su-Kiibum: I am leading 5 black donkeys, thereof 2 with upqu-loadš, to you. They belong to the merchant. Urgent, the expense tin is inferior- what he gave me. Urgent, the packet is not to be opened, ur- gent, send silver to me. The packet must not be opened.",AKT 6a.pdf
179. kt 94/k 1775,a-naŠa-lim-A-šur qi-bi4-ma um-ma -bu-ša-lim-ma 13 ANSE.HI.A 1-šar-be-li i-ta-dì-in u 30 TUG šu-ul-hu ša i-na 0-ta-ma i-la-qi-u-ni r ša ₁-ap-tu-um e. [x] rxl e-kal-lum u [x x] r x₁ šu-ut-ma [ ... ]-in r. [ ... hì-a-am [ ... Fx₁ [ ... ] ku rx1 [ ... ]-rna [ ... ] r x 1 [ ... ]-rna r ₁-[x x]-ma a-na he-r l/₁-a u-ba-la-at a-ma-kam ša-ni-iq-šu-ma e. r lu-ma ₁-li-kum mi-ma šu- v r um-šu v 1 [ ... ] line missing,"To Salim-Assur from Abu-salim: ISar-beli has sold 13 donkeys. Also, with respect to the 30 šulhu-textileš which they will receive in Ulama, the wool the palace ... and he himself ... I shall credit to my lord. Check him there so he may pay you in full. Any harnessor whatever ...",AKT 6a.pdf
180. kt 94/k 599,a-na Šal-rna-A -šur KISIB Ma-ma-hi-ir,To Salim-Assur; sealed by Man-mahir.,AKT 6a.pdf
181. kt 94/k 606,Šal-ma-A -šur Ma-ma-hi-ir sealed 1/2 ma-na URUDU a-na r. I u-ra-dì account.,Salim-Assur; by Man-mahir. have added 1 1/2 mina of copper to their,AKT 6a.pdf
182. kt 94/k 1265,"45 ma-na KB Ili-dan : u Ša-li-a : a-hi-šu of Ša-lim-A -šur : i < -šu > : ITI.KAM : Month li-mu-um :A -šur-i-dì 15 ma-na a-na 30 ha-am-ša-tim 5 They i-ša-qu-lu : iŠ-tu 30 ha-am-ša-tum i-ma-lu-u-ni: 15 ma-na KB nas a-na 30 ha-am-ša-tim : i-ša-qu-lu terms u iš-tu :ša ša-ni-tim must ma-aš-qa-al-tim : u4-mu-u 10 weeks. i-ma-lu-u-ni 15 ma-na KB a-na 30 ha-am-ša-tim : i-ša-qu-lu 10 ma-na KB Assuris-tikal -[šur-i]š-ti-kal: Ša-lim -A -šur i-šu [ITI.KA ]M Ku-zal-li : li-mu-um 15 Month [A-šur-]i-dì: 3 1/3 ma-na KB He a-na 30 ha-am-ša-tim i-ša-qal weeks; 3 1/3 ma-na KB a-na 50 ha-am-ša-ltim weeks; i-ša-qal3 113 ma-na KB of a-na 70 ha-am-ša-tim i-ša-qal 20 1 1/3 ma-na iš-d: La-qe-pì-im e. DUMU 1-zi-za <-am> -i-li 4 ma-na Izezam-ili; rKB, ilSu iš-d: Htar-il5-šu DUMU U-ka-pì-na-lhi me-eh-ra-at : tup-pe-e Copies ha-ru-mu-tim :ša Ku-bu-ur-na/-at 25 r.","and his brother Salliya owe 45 minas refined silver to Salim-Assur. Allanatum, eponymy Assur-idi. must pay 15 minas in 30 weeks; after weeks have passed they must pay 15 mi- of silver within 30 weeks, and after the are up for the second payment, they pay 15 minas of silver within 30 owes 10 minas of refined silver Salim-Assur. Kuzallu, eponymy Assur-idi. must pay 3 1/3 minas of silver in 30 he must pay 3 1/3 minas in 50 he must pay (the last) 3 1/3 minas silver in 70 weeks. 1/3 mina owed by La-qepum son of 4 minas of silver owed by IStar- son of Ukappin-ahi. of certified tablets from Kuburnat.",AKT 6a.pdf
183. kt 94/k 1394,"Man-mahir ents Dur-rhu-mt-it Salim-Assur. A-mur-Htar -šur i-na < e- > ra-bi4-šu-ma e. When i-ld-ak r. then a-na <ša > ki-ma šu?₁-a-ti / šu 10 tives, r fa₁-ma r X X l [x x]-di-u i-ša-[qal? x] r x x₁ la u[-še-b]i4-lam-/ma a-wa-at 15 interest < ib- > tam colony. IGI En-na-/Šu-in e. Witnessed Ša-li-a I.e. Assur-nada, -šur-na-da ŠIG₅-pi-A-šur 20","son of Amur-IStar owes 30 tal- of šahhiru-copper from Durhumit to he arrives one month will pass, and he will send silver to his representa- and ... he will pay in copper. he has not sent it (in time), he will pay in accordance with the rule of the by Enna-Suen, by Salliya by by Damiq-pi-Assur.",AKT 6a.pdf
184. kt 94/k 615,"17 ma-na hu-ša-ru-um 21 GU URUDU SIG₅ 8 ANSE ' , , u u-nu-šu-nu 20 ma-na H-ku-um 1 me-at 10 a-na tš-n-šu •V • \of' H-na-tum mì-ma a-nim a-na Ma-ma-hi-ir Ša-lim-A -šur rip ₁-qi-id a-na [š1i-a-ma-tim [(x)] Ma-ma-hi-ir u-[bi-i]/5 IGI E[n]-na-Šu-en DUMU I-ku-a IGI Ša-li-a DUMU I-di-A-šur IGI SIGs-p'i-A -šur IGI A-šur-na-da DUMU En-um-A -šur","minas of lapis lazuli, 21 talents of good copper, 8 black donkeys and their harness, 20 minas of šikku-copper, 110 bronze pins, 10 sets of teeth- all this Salim-Assur en- trusted to Man-mahir. Man-mahir brought it away for purchases. Witnessed by Enna-Suen son of Ikuwa, by Salliya son of Iddin-Assur, by Damiq-pi- Avv b Avv -d- f E Avv ssur, y ssur-na a son o nnam- ssur.",AKT 6a.pdf
185. kt 94/k 848,4GU AN.NAu it-ra-šu ku-nu-ki ša -lim{ki} 20 ku-ta-ni qa-dum 12 ku-ta-ni ma-tìJ u-tim 1 ša li-wi-tim a-ha-ma 20 ku-ta-ni qa-tam ša e-kal-lum a-na 5í-mì-im il5-qe-u a-na qa-tí Ša-lim-A -šur ta-ah-u SUNIGIN 40 ku-ta-ni u 5 ANSE.HI.A ṣa-la-me i-na lu-qu-tim ša še-ep Šu-Ku-bi-im i-li-ka-ni Ša-lim-A -šur il5-qe ŠíJ ti ṢU₁-ba-ti-šu 45 ku-ta-nu qa-du-um e. ṢU-ba-ti-šu SIG₅ ku-nu-ku ša Šu-Ku-bi-im :E r. Ša-lim-A -šur i-ba-Ší-u 3 ku-ta-ni ni-iš-ha-tim e-kal-lum il5-qe 3 ku-ta-ni ša li-wi-tim SIGs e-kal-lum il5-qe u 2 ku-ta-nu i-na e-kdl-lim ih-li-qu 15 ma-na AN.NA a-ṣe-er AN.NA-ak qa-tì-šu ša Šu-Ku-bi-im a-na ni-ip-ld-ti-šu a-na Ša-lim-A -šur iš-qu-ul-ma IGI {d}MAR.MARTU-ba-ni DUMU Ma-na-na IGI Puzur4-A-na e. DUMU I-di-diM ni-ka-šu ša iŠ-ra-tim I.e. ša :E ka-ri-im a-dí-ni u-ta ša-šì-u,"4 talents of tin plus its extras, sealed in the City, 20 kutdnuš including 12 kutdnuš of low quality for wrapping, further, 20 kutdnuš, the share that the palace took for pre-emption, have been transferred to Salim-Assur's account- in all Salim-Assur has received 40 kutdnuš and 5 black don- keys from the merchandise that arrived with Su-Kiibum's transport. The rest of his textiles, 45 kutdnuš including his textiles of good quality, are in Salim- Assur's house under Su-Kiibum's seal. The palace received 3 kutdnuš as import duty; the palace received 3 kutdnuš from the wrapping of good quality, and 2 kutdnuš were lost in the palace. Su-Kiibum has paid 15 minas of tin on top of his expense tin as balance to Salim-Assur. Witnessed by Amurrum-bani son of Ma- nana, by Puzur-Anna son of Iddin-Adad. The accounts concerning the tithe concern- ing the office of the colony have not yet been settled.",AKT 6a.pdf
186. kt 94/k 981,1 ku-ta-nu-um SIG₅ 1 ku-ta-num tar-dí-u-um 1 ra-qu-tum 1 ša -ki-dì-e ku-nu-ki ša Šal-ma-A -šur e. Še-ep-Htar r. u Ša-lim-wa-ar-/dì a-na -la-bi4-im u I-dí-A -šur ip-qì-du IGI Bu-zu-a IGI e.,"Sep-IStar and Salim-wardi have entrusted 1 kutiinum of good quality, 1 kutiinum of secondary quality, 1 thin textile, 1 Akka- dian textile - under Salim-Assur's seal - to Ali-abum and Iddin-Assur. Witnessed by Buzuwa, by",AKT 6a.pdf
187. kt 94/k 973,"28 TUG ku-ta-ni u 1 ANSE.HI.A Šu-Be- 'l' um i l 5-qe , v šu-ma lu-qu-tum a-na ša a-we-ld-tim u Šu-Be-lim ld i-tu-ar št-tm-šu-nu V/ • V e. KB Šu-Be-lum r. a-na Ša-lim-A -šur i-ša-qa-al sA.BA 2/3 ma-na 2 GIN KB lu pa-zu-ur-tam lu ni-ip-ld-tim Šu-Be-lum iš-qu-ul lu-qu-tam ša Puzur4-IA-šur DUMU Uar-ki-da-A-šur₁ e. u-še-li-a-ni-ni IGI Ku-zi-zi-a IGI En-um-A -šur DUMU Ba-ba-a","Su-Belum received 28 kutanu-textileš and 1 black donkey. If the goods do not become the property of the women and Su-Belum, he must pay the proceeds from their sale in silver to Salim-Assur. Of this, Su-Belum has paid 42 shekels of silver, either smuggler's goods or balance payments. Goods that Puzur-Assur son of ISar-kitt- Assur brought up here. Witnessed by Kuziziya, by Ennam-Assur son of Babaya.",AKT 6a.pdf
188. kt 94/k 1382,KISIB En-na-nim DUMU A-la-bi-im KISIB Dan-A-šur DUMU Ir-nuJid₁ KISIB Bu-zu-a DUMU A-šur-DUG₁ KISIB A-du-da DUMU Zu-u-a ša 7 ma-na 7 GiN AN.NA ša ni-ip-la-tim ša Ku-zi-a a-na ILLA T -tim rha₁-bu-lu AN.NA Dan-A -šur iš-qu-ul 7 GiN T 1 ma-na 10 GiN e. KB i-na KB-dp r. Im-dì.dan iš-ti Šal-ma-A -šur Dan-A-šur il₅-qe šu-ma ša ki-ma lm-dì-dan u Ku-zi-a a-na Šal-ma-A -šur a-na 7 ma-na 7 GiN A[N.NA] i-tu-ru Dan-A-šu[r] DUMU lr-nu-id u-ba-ab-šu ITI.l.KAM ša ša-ra-tim li-mu-um e. 1-dì-a-bu-um,"Sealed by Ennanum son of Ali-abum, by Dan-Assur son of Irnuid, by Buzuwa son of Assur-tab, by Aduda son of Zuwa. Concerning the 7 minas 7 shekels of tin from the balance payment that Kuziya owes to the caravan- Dan-Assur has paid the tin. Reckoned at the rate 1:7 Dan-Assur has re- ceived 1 mina 10 shekels of refined silver from Imdi-dan's silver from Salim-Assur. If Imdi-dan's representatives and Kuziya claim the 7 minas 7 shekels of tin from Salim-Assur, Dan-Assur son of Irnuid will clear him. Month Sa-sarratim, eponymy Iddin-abum.",AKT 6a.pdf
189. kt 94/k 1335,2 me-at 7 ma-na URUDU H-kam : ša u l-tur4-DINGIR rE-₁ld-[li] DUMU me-er-e Puzur₄-A-[na] Šcil-ma-A -šur i-šu-u URUDU ki-ma Šcil-ma-A-Š[ur] [En-um-]A-šur me-ra-[šu] [il5-qe1 tup-pu-um [ša 2 me-a]t 7 ma-na URUDU [ša e-]li-a-ni e. [ša-a]r r. [IGI ŠJu-be-lim DUMU ršu ₁-ŠŠtar [IGI] A-šur-rqì [DUMU] rLUGAL ₁-Šu-in IGI Zu-ku-a DUMU A-šur-/i-dì,"minas of šikku-copper that Itiir-ili and Elali sons of Puzur-Anna owe to Salim- Assur- on behalf of Salim-Assur his son Ennam-Assur has received the copper. Any tablet concerning 207 minas of copper which may turn up is invalid. Witnessed by Su-Belum son of Su-IStar, by son of Sar-Suen, by Zukuwa son of Assur-idi.",AKT 6a.pdf
190. kt 94/k 1438,[x x] ki KB [a-na] e. [.5{-]a-ma-tim r. Ša-lim-A -šur i-dì-š1um] IGI En-na-Šu-in DUMU 1-ku-a-a IGI Ša-li-a DUMU I-dì-A-š1ur] IGI SIG₅-pì-A-šur IGI A-šur-na-da DUMU En-nam-A-šur,"... Salim-Assur gave him the silver for pur- chases. Witnessed by Enna-Suen son of Ikuwaya, by Salliya son of Iddin-Assur, by Damiq- pi-Assur, by Assur-nada son of Ennam- Assur.",AKT 6a.pdf
191. kt 94/k 964,ma-ah-ri-/ni Ša-lim-A -šur : a-na mu-la'-a ma-na KU.GI : 1-šu-ŠUDx a-na Ša-lim-A -šur : :E Aš-du wa-ar-ka-ša 1-šu-ŠUDx <a-na> e. -šur r. wa-ar-ka-ša _. Ša-lim-A -šur La-qlep -ku-za: a-na a-wa-/tim Ka-ni-iš 20 GfR ša A-šur e.,"Iddin-abum and Salim-Assur settled ac- counts with us as witnesses. As compensation for 10 minas of gold, Issu-arik's investment that had been in- vested in Salim-Assur, Iddin-abum gave on behalf of Issu-arik Asdu's house and its legacy to Salim-Assur. Asdu's house and its legacy belongs to Salim-Assur. Witnessed by Li-qep, by Akuza. The Kanesh colony gave us for these pro- ceedings and we gave our testimony before d A ssur , s agger.",AKT 6a.pdf
191a. kt 94/k 582A,KISIB La-qe-ep DUMU {d}AB-ba-ni KISIB A-ku-za DUMU Šu-A-nim tup-pu-um ša ba-ab DINGIR ša IGI GIR ša A-šur ša Hbu-ti-ni,"Sealed by Li-qep son of Illil-bani, by Akuza son of Su-Anum. The tablet from the Gate of the God from before Assur's dagger, with our tes- timony.",AKT 6a.pdf
192. kt 94/k 1760,"A-]Šur obv.? ... ] li-pu-ul-/ka-ma ... ma-]na KB ... šu-qu-ul 1-di-Ku-bu-ma 5 Iddin-Kiibum GAL ta-bi4-a-nim ""Erase u-mì-im ša a-na-ku Salim-Assur š;Ja-lim-A-šur ni-na-mu-/ru ... t]dm a-da-šu-um ... ] DUMU MAN-/Štar 10 e.","-Assur he should answer you and you shall pay mina of refined silver. said: the big tablet for me. The day I and meet I shall give him ... son of Puzur-Istar,",AKT 6a.pdf
193. kt 94/k 954,"a-₁na {d}MAR.TV-Iba-ni Salim-Assur 1 bani, um-ma Ša-lim-A -šur-ma 1 a-na Amurrum-bani: TU -ba-ni-ma 1 ša ni-iš been [u] r ru-ba-im ta ₁-mu-u 5 r ka-i-ta uz-na-ti-ni i/5-pu ₁-ut r um-ma Ša-lim-A -šur-ma 2₁ ma-na rKU.GI ša r x₁ ad₁-mu-ni-lku-ni X X ki-ma E a-bi-ni₁ r rša-a/-ša-tum?; /u ka₁ X X r um-ma {d}MAR. TU-ba-ni₁-ma ma-nu-um a-ti ša 1 šal-ša-ti-a r r x x x x 1-di-a ₁-bu-um r šu-um-šu : he-el ed-ma ₁-ti-a r 1 r tup-pa-am ša -limkh e. r li-iz-ku-u-₁nim-ma šal-ša-ti-a le-mu-du-ni r. a-ma a-tu-nu ka-i-ta a-na 1/2 ma-na LA 1 GIN 20 KU.GI ša ik-ri-bi-a ša ah-bu-la-ku-ni a-na rKU.GJl u ha-ra-na-ti-šu a-še-e-ka : Ša-lim-A -šur mì-ma ía e-pu-ul-šu r / ₁-ta-ra-ab-šu a-na a-wa-tim r a-ni₁-a-tim ka-ru-um Ka-ni-iš i-di-ni-a-ti-ma IGI GfR ša -šur Ši-bu-ti-ni : ni-di-in IGIA-zu DUMU Puzur4-A-šur IGI 1-ri-Ši-im DUMU A-mur-{d}UTU rn U ía-A -šur G-$i-₁ rDUMU ₁-li-li tap-pa-i-lni","seized us against Amurrum- and Salim-Assur said as follows to ""Keep in mind what has sworn by the City and the king!"" He impressed this on us. Salim-Assur then said: ""The 2 minas of gold that ... invested in you on behalf of our fa- ther's firm ... the one-third profit ... "" Amurrum-bani answered: ""Who are you to (claim₁) my profits? ... Id- din-abum his name ... those who have a share in me and Iddin- abum's ... house let them clear the tablet from the City and impose my profits. Indeed, you (plur.) should keep in mind that I am suing you (sing.) for 29 shekels of gold from my votive offerings that I lent you - for the gold and its travels!"" Salim-Assur did not answer him; he --- him. The Kanesh colony gave us for these proceedings and we gave our testi- mony before Assur's dagger. Witnessed by Azu son of Puzur-Assur, by Irisum son of Amur-Samas; son of Alili was our (absent) partner.",AKT 6a.pdf
194. kt 94/k 795,"Ša-lim-A -šur -mur-ŠŠtar u-ta-hi-ni-a-ti-ma um-ma Ša-lim-A -šur-ma a-na -mur-ŠŠtar-ma mz-šu-um Ši-im URUDU um-maA-mur-ŠŠtar-ma 4 GU URUDU ld-mu-na-am ke-na ba-lu-um Hi-na-a u Hbi um-ma Ša-lim-A -šur-ma Ha-bu-ra-ta-i-a-am tal-qe um-ma -mur-ŠŠtar-ma ša i-na h' qa-ttm , 0 0 -ta-šu-šu v v al-qe a-ta lu-qu-tì e. ša 10 ma-na KB la r. um-ma Ša-lim-A-šur-ma mi-ma u-la um-ma A-mur-Htar-ma a-na a-na Za-al-pa aš-ta-pa-ar li-li-kam-ma ld-ta-wi um-ma -mur-ŠŠtar-ma a-na-ku a-še-e-ka u-ul a-ta ta-še-e-a-ni IGI MAR.TU-ba-ni IGI Pu-šu-ki-in a-na a-wa-tim a-ni-a-tim ka-ru-um Ka-ni-iiì i-di-ni-a-ti-ma Ši-bu-ti-ni IGI GIR ša A-šur ni-di-in","Sa v im-Assur vv rna e us approac Amur-Istar, v and Salim-Assur said to Amur-IStar: ""Why have you seized the copper that was the proceeds from my textiles?"" Amur-IStar answered: ""Yes, I have seized 4 talents of poor copper. I seized it without Hinnaya's permission and without wit- nesses."" Salim-Assur said: ""Did you take copper from Haburat?"" Amur-IStar answered: ""I took what I could grab. But did you not seize my merchandise worth 10 minas of silver?"" Salim-Assur answered: ""I have seized nothing."" Amur-IStar said: ""I have sent my servant to Zalpa. When my servant comes I shall discuss (further)."" Amur-IStar continued: ""It is I who am suing you, not you who are suing me."" Witnessed by Amurrum-bani, by Pusu-ken. The Kanesh colony gave us for these proceedings and we gave our testimony before Assur's dagger.",AKT 6a.pdf
195. kt 94/k 822,Ša-lim-A-šur a-na A-mur-IŠŠtar u-ta-hi-ni-a-ti-ma um-ma Ša-lim-A-šur-ma mi-šu-um H-im 10 TUG ku-ta-ni ša ka-ru-um Dur₄-hu-m1-it a-di-nu tal-qe um-ma -mur-ŠŠtar-ma ke-na GU la-mu-na-am 4 URUDU al-qe um-ma Ša-lim-A -šur-ma u-ta a-ka-La-ma ta-al-qe um-ma -mur-Htar-ma a-ta-ba lu-qu-ti La um-ma Ša-lim-A -šur-ma mz-ma lu-qu-ut-ka u-ld e. um-ma A-mur-Htar-ma qa-i IR li-li-kam um-ma Ša-lim-A -šur-ma r. ma li-li-kam i-na pi-i: IR-di-ka-ma i-a-ti ta-A-hi-ta-ni lu qa-i um-ma Ša-lim-A -šur-ma it KB ša a-šu-mz I-di-a-bi4-im ša ta-al-qi-u tup-pd-am ha-ar-ma-am u-ka-lu lu a-hu-ra a-na a-wa-tim a-ni-a-tim ka-ru-um Ka-ni-iš i-di-ni-a-ti-ma IGI GIR ša -šur Ši-bu-ti-ni ni-di-in IGI U-ra-a IGI {d}MAR.TV-ba-ni Bu-zu-ta-a tap-pa-< i > -ni e.,"Salim-Assur made us approach Amur-IStar and Salim-Assur said: ""Why have you taken the proceeds from 10 kutiinu-textileš that I sold in the Durhumit colony?"" Amur-IStar said: ""Yes, I have taken 4 talents of copper of poor quality."" Salim-Assur said: ""I hold nothing, yet you have taken it."" Amur-IStar said: ""Is it not you who have taken my merchandise?"" answered: ""I have taken none of your merchandise."" Amur-IStar then said: ""Wait until the slave has come here."" said: ""Sure, let him come. Then it will be me you can pressure on the basis of what your own slave says."" ""Do wait!"" Salim-Assur continued: ""And for the silver that you have taken concerning Iddin-abum I hold the certified tablet. That remains."" The Kanesh colony gave us for these pro- ceedings and we gave our testimony before d A ssur vv , s agger. Witnessed by U ray a, by Amurrum-bani; Buzutaya was our (absent) partner.",AKT 6a.pdf
195a. kt 94/k 881A,KISIB {d}MAR.TV-ba-ni DUMU Ma-na-na KISIB Pu-šu-ke-en₆ DUMU Šu-e-a a-na a-wa-tim a-ni-a-tim ka-ru-um Ka-ni-iš i-dz-ni-a-ti-ma IGI GfR ša dA-šur Ši-bu-ti-ni ni-di-in 19Sb. kt 94/k r Šal₁-ma-A -šur -mur-Htar [ u-]ta-hi-u-ni-a-ti-/ma um-ma Šal-ma-A -šur-ma a-na -mur-ŠŠtar-ma mz-šu-um H-im TUG-ba-ti-a ruRUDU₁ um-ma -mur-/ŠŠtar-ma ke-na GU la-mu-/nam 4 ba-lu-um Hi-na-/a u Ši-be um-ma Ša-lim-A -šur-ma Ha-bu-ra-ta-/i-am tal-qe um-ma -mur-Htar-/ma ša i-qa-tim x-ta-šu-šu al-qe um-ma -mur-Htar-ma ra-ta 1 lu-qu-tí ša 10 ma-na KB um-ma Ša-lim-A -šur mì-ma ld um-ma -mur-Htar-ma a-Za-al-pa a5-ta-par li-li-kam-ma ld-ta-wu um-ma -mur-ŠŠtar-ma a-na-/ku a-še-e-ka u-ul a-ta ta-ští.e-a-ni IGI MAR.TU-/ba-ni IGI Pu-šu-ki-in a-na a-wa-tim a-ni-a-/tim ka-ru-um Ka-ntí.eš i-dì-ni-a-tí-ma IGI GiR ša A-šur r H-bu ₁-tí-ni ni-dì-in I.e.,"Seal of Amurrum-bani son of Manana, seal of Pusu-ken son of Sueyya. The Kanesh colony gave us for these proceedings and we gave our testimony before Assur's dagger. 881B Salim-Assur made us approach Amur- IStar, and Salim-Assur said to Amur- IStar: ""Why have you seized the copper that was the proceeds from my textiles?"" Amur-IStar answered: ""Yes, I have seized 4 talents of poor copper. I seized it without Hinnaya's permission and without witnesses."" Salim-Assur said: ""Did you take copper from Haburat?"" Amur-IStar answered: ""I took what I could grab."" Amur-IStar continued: ""But did you not seize my merchandise worth 10 minas of silver?"" Salim-Assur answered: ""I have seized nothing."" Amur-IStar said: ""I have sent my servant to Zalpa. When my servant comes I shall discuss (fur- ther)."" Amur-IStar continued: ""It is I who am suing you, not you who are suing me."" Witnessed by Amurrum- bani, by Pusu-ken. The Kanesh colony gave us for these proceedings and we gave our testimony before Assur's dagger.",AKT 6a.pdf
196. kt 94/k 791,"Šal-rna-A-šur u A-mur-Htar um-ma -mur-ŠŠtar-rna a-na Šal-rna-A-šur-ma DUMU me-tim a-na-ku 3 ma-na KB 3 a-tu-nu :a-na a-bi4-a certified ha-bu-la-tu-nu tup-pa-ak-nu ha-ar-ma-am tablet ša hu-bu-li-ku-nu a-b[i4] ___ r e ₁-zi-ba-am KB šu-qu-[ul] 10 ['l]'v u- šu-ma ša- v b a- rl e [ ti-Šu] tup-pa-a[ m [x X X] u-r[a? e. [x X X] X tup-[pa-ka [la-du-u ]k um-ma Šal-m[ a-A -šur-ma] 15 r. Salim-Assur [ ke ]-na 3 ní-nu KB ""Yes, ni-hi-bi4-il₅ -ni-nam ver. -šur-ma-lik r u 1 Salim-Assur, Šal-ma-A -šur ša ki-ma i-a-tí silver, KB u-še-bi4-il₅-ma 20 ther's a-na ša ki-ma a-bi4-ka KB iŠ-qu-lu u iš-tu KB iš-qu-lu-ni iš-tí a-bi4-ka a-na-me-er IGI E-dì-na-a Witnessed IGI ${-!a-diM 25 ka-ru-um Ka-ni-iš i-dì-ni-a-tí-ma H-bu-tí-ni e. ba-ab i-lim fore IGI pa-at-ri-im ša -šur tup-pa-am ni-dì-in 30","Salim-Assur and Amur-IStar seized us, and Amur-IStar said to Salim-Assur: ""I appear as heir. You three owe 3 minas of silver to my father. My father left me your tablet concerning your debt. Pay silver. Or, if you have a quittance --- a __ _ so I can invalidate your tablet."" answered: we three became indebted for the sil- I sent Anninum to Assur-malik and my representatives, with the and they paid the silver to your fa- representatives. Also, after they paid silver, I met with your father."" by Eddinaya, by Sill-Adad. Kanesh colony gave us and we gave testimony in the Gate of the God be- Assur's dagger on a tablet.",AKT 6a.pdf
197. kt 94/k 1153,Ša-lim-A-šur DUMU 1-šu-ŠUDx u -šu-wa-an-zi DUMU Ha-ar-ša ša dì-nam ru-ba-um u GAL šì-ki-tim dì-nam i-dì-nu-ni-ma ša Šal-rna-A -šur a-na i-id i-dì-nu-ni Ša-lim-A -šur u -šu-wa-an i-mz-ig-ru-ma ni-iŠ A-na ni-iš d -šur ni-iš ru-ba-im ni-iš GAL šì-ki-tim Wa-li-iŠ-ra u ni-iš e-ba₁-ru-tim ša a-wa-tl-Šu-nu ig-mu-ru-ni it-mu-u-ma 1 ma-na KB u 1 TUG ku-ta-nam Ša-lim-A -šur a-na -šu-wa-an e. i-dì-in-ma -šu-wa-an u a-hu-šu r me ₁-er-u Ha-ar-ša-a a-na Ša-lim-A -šur me-er-e-šu r. it me-er-e 1-di-a-bi-im a-na mz-ma šu-um-šu u-La i-tu-ru šu-ma i-tu-ru la-am-nu-ut A-na :A -šur ru-ba-im it GAL ši-ki-tim KISIB Ku-ra-aŠ-mì-iš DUMU GAL na-pa-hi-im KISIB e. Bu-li-na DUMU ra-bi4 ša-qi-im KISIB Še-zu-ur DUMU Ka-zu-ba KISIB -šu-wa-an DUMU Ha-ar-ša KISIB A-zu DUMU Ka-zu KISIB U-ra-a KISIB {d}MAR. TU -ba-ni me-er-u Ma-na-na KISIB Zu-ba DUMU ŠŠtar-pa-li-i/₅ KISIB -de₈-La-at DUMU diM-ba-ni,"Salim-Assur son of Issu-arik and Assuwan(zi) son of Harsa, for whom the king and the rabi šikkitim had given a ver- dict, stating that they should give a servant of Salim-Assur to the river ordeal- Salim- Assur and Assuwan reached an agreement and they swore an oath by Anna, Assur, the king, the rabi šikkitim W alisra and by the colleagues who settled their affair, so that Salim-Assur gave 1 mina of silver and 1 kutanu-textile to Assuwan, and Assuwan and his brothers, sons of Harsa, will not raise claim against Salim-Assur, his sons and Iddin-abum's sons for anything whatsoever. If they raise claim, it is an evil against Anna, Assur, the king and the rabi šikkitim. Seal of Kurasmis son of the chief of smiths, seal of Bulina son of the chief cupbearer, seal of Sezur son of Kazuba, seal of Asuwan son of Harsa, seal of Azu son of Kazu, seal of U raya and seal of Amurrum-bani, sons of Manana, seal of Zuba son of IStar-palil, seal of Adad- ellat son of Adad-bani.",AKT 6a.pdf
198. kt 94/k 1656,[i-]dz-in-m[a Ša-lim-A -šur it DUMU A-mur-Htar break,"... the colony rendered a verdict, and Salim-Assur and Amur-IStar's son",AKT 6a.pdf
199. kt 94/k 735,"ka-ru-um Ka-ni-ìš dì-nam i-dì-in-ma Ša-lim-A -šur it DUMU A-mur-Htar H-bi-šu-nu . v, / t-še-e-u-ma a-na ITU.10.KAM a-le-e . . t-ma-gu 5-ru-m e-ta-wu ITU .l.KAM kan-wa-ar-ta-lan li-mu-um Ku-bi-e-a","The Kanesh colony has passed a verdict, stating that Salim-Assur and Amur-IStar's son shall seek out their witnesses, and within 10 months they shall negotiate where they agree. Month Kanwartan, eponymy Kiibiya.",AKT 6a.pdf
200. kt 94/k 741,"i-nu-mì Ku-ra When Ša-lim-A -šur a-na ba-ab: DINGIR-/im nership a-šu-mì KB owed, ša ta-pa-u-tim 5 ers ša Tu-um-li-a-i-um ha-bu-lu-ni-ma u-ši-ri-da-šu-ni be-eš ed-ma-tim 10 e. i-na ba-ab r. DINGIR-lim i-zi-iz a-na a-wa-tim a-ni-a-tim ka-ru-um ceedings, Ka-ni-ìš i-dí-ni-a-ti-ma 15 tup-pa-um(šic) IGI GfR ša A-šur ba-ab DINGIR-lim ni-di-in IGIA-ku-za Witnessed IGI MAR.TU-ba-ni IGI Bu-zu-zi-im 20 IGI La-qi-ep","Kura led Salim-Assur to the Gate of God because of the silver of the part- that the man from Tumliya Ali-ahum stood with the sharehold- in the Gate of the God. Kanesh colony gave us for these pro- and we gave a tablet before Assur' s dagger in the Gate of the God. by Akuza, by Amurrum-bani, by Buzuzum, by La-qep.",AKT 6a.pdf
201. kt 94/k 807,"um-ma ša ki-ma -šur-i-mì-tí DUMU I-ku-pí-ŠŠtar-1 ma A-šur-i-mz-{d}DUMU E-ta-a A-mur-A-šur A-šur-DUG 1-la-aš-ra-ni-ma a-na Ša-lim-A -šur-ma 1 GU AN.NA 10 TUG ku-ta-ni ša -šur-i-mz-tí dí-ni-a-tí šu-ma AN .N u ku-ta-ni i-li-bi4-ka iŠ-tí-tam a-na AN.NA 6 GIN.TA u ku-ta-ni-ma 15 GIN.TA KB ta-ša-qal um-ma Ša-lim-A -šur-ma u šu-ma a-na-ku i-lu-qu-tí-a AN.NA u ku-ta-ni i-li-bi4-šu dŠ-tí-tam a-na AN.NA-ki-a 6 GIN.TA u ku-ta-ni-a 15 GIN.TA KB i-ša-qa-lam na-aš-pe-er-tam v t- v I k , lv ša - tm ki ša - u-pt- štar 1-lí-dan u -ku-a ša lu-qu-tí-a i-ku-nu-uk Ša-lim-A -šur -šur-i-mì-tí DUMU E-ta-a u -mur-A -šur DUMU Šu-ka-lí-a ik-nu-ku-5í-ma a-na A-x pa-aq-da-at IGI A-ta-ta IGI A-šur-ma-lik IGI En-na-nim","The representatives of Assur-imitti son of Ikiin-pi-IStar, Assur-imitti son of Etaya, Amur-Assur, Assur-tab (and) Ili-asranni said to Salim-Assur: ""Give us 1 talent of tin and 10 kutdnu- textiles that belong to Assur-imitti. If the tin and the kutdnuš remain in your posses- sion, you must pay at the rate 6:1 for the tin and 15 shekels per kutdnu in silver."" Salim-Assur answered: ""And what if I have tin and kutdnuš from my goods remaining in his possession? Will he pay me at the rate 6:1 for my tin and 15 shekels per kutdnu in silver?"" They have sealed a missive from the City concerning Ikiin-pi-IStar, Ili-dan and Akuwa (and) about my goods with the seals of Salim-Assur, Assur-imitti son of Etaya and Amur-Assur son of Sukkalliya, and it has been entrusted to ... Witnessed by Atata, by Assur-malik, by Ennanum.",AKT 6a.pdf
202. kt 94/k 1053,KISIB MAR.TU-ba-ni DUMU Ma-na-na KISIB U-ra-a ŠEŠ-šu KISIB Ha-da-a D UMU Ka-ra-wa KISIB A-na-ah-DINGIR DUMU Hi-šar KISIB A-da-da DUMU diM-GAL KISIB Da-ak-ni-iš KISIB Hu-ra-ta KISIB Puzur₄-ŠŠtar KISIB I-di-{d}UTU me-er-e Da-la-aš a-na 9 ma-na KB e. ša E Ha-ar-ta u 10 ma-na KB r. ša Ha-al-ki-a-šu u Ka-ri-a me-er-u Da-la-aš a-na Ša-lim-A -šur u me-er-e-šu u-la i-tU-ru GIR ša -šur u-ta-me-šu,"Sealed by Amurrum-bani son of Manana, by U raya his brother, by Hadaya son of Karawa, by Anah-ili son of Hisar, by Adada son of Adad-rabi, by Daknis, by Hurata, by Puzur-Htar, by Iddin-Samas, the sons of Dalas. For the 9 minas of silver from Barta's house and the 10 minas of silver from Halkiassu and Karriya, sons of Dalas, they must not raise claims against Salim-Assur and his sons. I/he made him swear by Assur's dagger.",AKT 6a.pdf
203. kt 94/k 1755,"30 ma-na KB ni-iš-ha-šu DIRI ša-du-a-šu ša-bu a-na um-me-a-ni-šu u a-bi-šu 10 ma-na KB a-ha-ma ku-nu-ki ša Ša-lim-A -šur 1 ma-na KB [Š]aA-ta-a DUMU [A-š1ur-i-mz-tí nu-ta-er SUNIGIN [41] ma-na KB ni-iš-ha-šu DIRI ša-du-a-šu ša-bu a-na -šur-i-mz-tí D UMU -mur-DINGIR ku-nu-ki a-na -lim{ki} a-na Ši-a-ma-tim ni-ip-qì-id a-ha-ma 7 ma-na I 13 GIN KB i-na KB-ap Ša-lim-A-šur A-šur-i-mz-tí il5-qe u 50 na-ru-uq ŠE-um sA.BA mz-iš-lu-um rGIG₁ e. 7 516 ma-na 2 1/2 GIN AN.N[A] qaJšu₁ ša ILLAT-at A-šur-ma-/lik r. ta-al-qe 1 ma-na I KB i-nu-mz r Ni₁-ku-ur r u Ta-li₁ ub-la-ku-ni il5-qe 5 GU SIG.HI.A ša ba-ri-ni E f-d(₁-DINGIR r i-bi-Ši-ma tal-qe 1 ma-na KB 5í-im-ša 2 GIN KU.GI ša ab-ni-šu 10 e-pa-da-tum u 3 QA ša-ar-dam ša DUB.SAR r i-nu ₁-mz iš-tu Ma-ma a-tu-ra-ni r x x 1 ta-aš-pu-ra-ni-ma 11 GIN KB aš-qul 9 213 ma-[na KB] u ša ITI.2.KAM 6 GIN mu-[. .. ] ša r Šu₁-e-ta-ta i-hi-bi-ld-{r} ni₁ iš-ti 1-ku-nim DUMU Ili₅-ba-ni ša r qd₁-ta-tí-Šu ta-al-qe a-mì-ma a-wa-tim e. a-ni-a-tim na-dš-pe-er-ti 'l' , zš-tu -v' U- a-ma I.e. -šur-i-mì-[ tì (x) d]MAR. TU -ba-ni A-šur-ŠIPA uA-kuJa₁ [LUG]AL?_diM ub-ld-ma l] r l"" . , . tš-ta- -v [ qa x x 1 , a-we- t a-nz-u-tzm U-ra-a [ x x] r Pu-šu ₁-ki-in E-ru-ni-diM r i-li-₁ kam-ma Ši-bu-tdm a-na -lim{ki} iš-x r ša bi i-ía-tì X l","minas of silver, its import duty added, its transport tariff paid, for his investors and his father; further, 10 minas of silver sealed by Salim- Assur, 1 mina of silver belonging to Ataya son of Su-IStar we returned to Assur-imitti -in all41 minas of silver, its import duty added, its transport tariff paid, we entrusted to Assur-imitti son of Amur-ili, under seal, in order to make purchases in the City. Further, 7 minas 13 shekels of refined silver from Salim-Assur's silver Assur-imitti re- ceived, and you received 50 sacks of grain, half thereof wheat, (and) 7 516 minas 2 112 shekels of tin, his share of Assur-malik's caravan. He received 1 mina of silver when Nikur and Tali brought (it) to you. 5 talents of wool belonging to us both was available in Iddin-ili's house, and you re- ceived it. 1 mina of silver, its price. 2 shekels of gold ore, 10 epattu-textileš and 3 litres of olives from the scribe. When I returned from Mamma you sent me ... , and I paid 11 shekels of silver to the ser- vant. You received the interest on 9 213 minas of silver for two months and 6 shekels ... that Suen-dada became indebted for from Ikunum son of Ili-bani, his guarantor. Sar-Adad brought my missive about all these matters from Ulama to Assur-imitti, Amurrum-bani, Assur-re'i and Akuwa, and he paid it. ... to these men U raya ... Pusu-ken, Eruni- Adad came and ... testimony to the City",AKT 6a.pdf
204. kt 94/k 1737,lu-[ ... ] DUMU[ ... ] KB [ ... ] ša[ ... ] e. ku-nu-ki KB ša Ša-li[m-A-]Šur a-na -šur-i-mi-ti DUMU A-mur-DINGIR ni-ip-qì-id r. a-ha-ma 7 ma-na 13 GIN KB -šur-i-mì-ti DUMU A-mur-DINGIR i-na KB-ap Ša-lim-A-šur il5-qe IGI U-ra-a IGI Pu-šu-ke-en₆ KB a-ni-a-am ki-ma Šal-ma-A -šur MAR. TU -ba-ni,"... sealed by Salim-Assur we entrusted to Assur-imitti son of Amur-ili. Further, Assur-imitti son of Amur-ili received 7 minas 13 shekels of refined silver from Salim-Assur's silver. Witnessed by Uraya, by Pusu-ken. Amurrum-bani and Assur-re'i entrusted this silver on behalf of Salim-Assur.",AKT 6a.pdf
205. kt 94/k 1729,2 ma-na 10 GIN KB ša a-na Ša-lim-A -šur ha-bu-la-ni-ni sA.BA 112 ma-na U-ra-a 112 ma-naA-mur-Htar 113₁ ma-na 8 114 rGIN₁ e. ld-ku DUMU Su-{d}EN.LfL LA 1-ku-num 12 1/4 GIN r. 1/2 ma-na,"Concerning 2 minas 10 shekels of silver that we owed to Salim-Assur, of that: 1/2 mina: Uraya, 112 mina: Amur-IStar, 28 114 shekels: Assur-taklaku son of Su-Illil, 12 minus 1/4 shekels: Ikunum, 112 mina: Assur-taklaku.",AKT 6a.pdf
206. kt 94/k 1727,4GU AN.NA ku-nu-ki ša -šur-i-/ mì-tí diM-ba-ni ir-dì-a-ni nu-ša-m-zq-šu-ma 4 GU 6 ma-na I 5 GIN AN.NA e. nz-zš-nz-zq sA.BA 5/6 ma-na r. r ni₁-iš-ha-at AN.NA-ki-šu a-na IGI En-na-A-šur DUMU A-ni-nim IGI En-um-A-šur DUMU U-zu₁-a e. sA.BAAN.NA 2 GU 2 1/2 ma-/na Ša-lim-A -šur i/5-qe,"Adad-bani conducted 4 talents of tin sealed by Assur-imitti here. We checked it and found it to be 4 talents 6 minas and 5 shekels of tin. Of that we paid 5/6 mina, the import duty for his tin to the office of the colony. Witnessed by Ennam-Assur son of Anninum, by Ennam-Assur son of Uzuwa. Of the tin Salim-Assur received 2 talents 2 112 minas.",AKT 6a.pdf
207. kt 94/k 1458,22 ma-na E -šur-i-m1-ti u Hu-ni-a 20 112 ma-na 1-H-a-lum 10 ma-na LA 15 GIN Šu-Ku-bu-um 13 E Su-{d}EN.LfL ma-na 13 ma-na DUMU A-mur-Htar 13 2/3 ma-na 5 GIN ša La-qlpì-im DUMU Ka-a-ti-im 6112 ma-naA-šur-ma-lik DUMU En-um-diM SUNIGIN 1 112 GU 8 1/2 ma-lna KB ša na-ru-qì-a qa-dum ša ta-ad-m1-liq-ti-šu-nu ša v um-me-a-nu-a e. z-na 0 ' 0 i-dì-u-ni mz-ša-al r. KB u4-mu-šu-nu ma-al-u m1-ša-al KB a-na MU.4.SE i-ša-qalli-mu-um 1-U-dan i-na 10 ma-na KB ša ta-ad-m1-iq-tUu ša tup-p1-a ha-ar-mz-im ša Šu-Ku-bi4-im DUMU E-ta-H 5 ma-na KB il₅-qe IGI a-H-ti-šu IGI me-er-i-tUu gu 5-ba-ab-tim IGI E-ta-U e. me-er-z-šu v I.e.,"minas: the house of Assur-imitti and Hunniya; 20 Y2 minas: Ili-alum; 10 minas less 15 shekels: Su-Kubum; 13 minas: the house of Su-Illil; 13 minas the son of Amur-IStar; 13 2/3 minas 5 shekels belonging to Lii- qep son of Kayatum; 6 Y2 minas: Assur-malik son of Ennam- Adad; in all: 1 Y2 talent 8 Y2 minas of silver from my joint-stock capital, including the tad- miqtuš which my investors have charged to me. For half the silver the terms have expired. For half the silver payment must be made in 4 years. Eponymy Ili-dan. Of the 10 minas of silver from his tad- miqtu in my certified tablet belonging to Su-Kubum son of Elali he has received 5 minas of silver. Witnessed by his wife, by his daughter, the priestess, by Elali, his son.",AKT 6a.pdf
208. kt 94/k 916,"[um-ma] l-tur4-DINGIR-ma [a-n]a En-um-A-šur [qi-b]i-ma la li-bi4 DINGIR₁(LA.)-Ima [a-bu-k]a me-et [x x x ]-bi-šu tup-pa-am [x x x] r x bi-ki₁-tam [x x x x] [x x x x] na [x x] hu [(x)] da [x x] ... ] [xx]ti[ ... ] e. [x x] ra₁-bi-[. .. ] [iŠ-t]i ik [ ... ] r. [a]-wa-tum la ta-g[a-... ] bu-la-tu ša a-bi4-ka : ka-an-ku-ma i-ba-5í-u mz-ma ba-ab-tam i-í? -tim la -u?₁ a-wa-šu iq-bi um-mz-a-nu [m]u-ut a-bi4-[ka]: iš-me-u-ma [x] tabu a-na a-wa-tim n lo r ,, ŠJa t-pa-na nu-ša- t- u -/ /V šu-nu-tt-m , [ 0 , , 0 [a]-wi-lu mi-ag-lru [a]-pu-tum bu-ld-tim [s1a a-bi4-ku-nu a-na I KB [ ... n]a rki₁-m[a ... ] I.e. [ ... ]-šu-nu e-p[u- ... ]","From Itiir-ili to Ennam-Assur: Sadly, your father has died. ... a tablet ... the mourning the assets of your father have been sealed and are available. There is nothing from outstanding claims in the house. He spoke his will. The investors heard of your father's death and .... and the men agreed to that which we had earlier pleaded with them about.. .. Urgent, the assets of your father (should be turned) into silver ....",AKT 6a.pdf
208a. kt 94/k 728,um-ma 1-tur₄-DINGIR-ma a-na En-um-A -šur u a-pu-tum a-pu-tum ra-ma-ku-nu za-ki-a-ma m1-ma URUDU a-na Bu-ru-uš-ha-dim la tu-še-ba-La a-ma-tum-ma : a-ba-tí-iq u u-tu-ur dì-na-ma KB le-qìa-ma tí-ib-a-ni-ma a-tal-ka-nim a-ma-La i-pa-ni-tim a-na be-el KB u-ša-li-u-ma la im-gu₅-ru-ni-ni u-ma-am im-ta-ag-lru-ni,"From Itiir-ili to Ennam-Assur and Ali- ahum: Urgent, urgent, clear yourselves and do not send any copper to Burushaddum! Sell even the slave-girls for any price, take the silver and set out and come! As I previously pleaded with the financiers and they did not agree - today they have agreed!",AKT 6a.pdf
208b. kt 94/k 1400,"um-ma 1-tur.,DINGIR-ma a-na En-um-A -šur r qìl.bi-ma a-di a-wa-tim ša a-bi-ka ša a-na be-lel KB u-ma-li-u-ma ma-ga-ra-lam ld i-mu-u-ni-ni u-ma-am a-wi-lu im-ta-ag-lru-ni um-ma šu-nu-ma šu-pu-ur-ma me-er-u a-we-lim li-li-ku-ni-lma a-li uš-ma-at-ni a-ta-ma mì-li-ik a-pu-tum KB 5 ma-na ld uš-ma-ša-a ra-ma-ku-nu za-ki-a-ma al-ka-ni-ma a-wa-at-ku-nu le-qe-a-ni 1 GU URUDU ma-ši-am [s1a E? ša-ni-a-am SIG₅ [x] r ša 1 [x x] r u 1 ha-ra-ni-la [ši-b ]irr lam-ma ma mì [x ma-]na T URUDU [u] re₁-li-iš ša 10 ma-na ti-ir-ta-ka li-li-kam-ma KB [a]-na-kam ld-aš-qu-ul u ANSE lu-še-ri-a-kum 1 ma-na 10 GIN KB A-šur-DUG DUMU A-zu-za-a ha-bu-lam tup-pu-šu ha-ar-ma-am u-ka-al KB ma-Id KB i-tu-wa-ar šu-ma A-ma-/ lu-qu-šu a-KB i-da-lma ha-ra-an šu-ki-ni-ma i-ta-la-ak 2 1/3 ma-na KB a-ta u šu-ut ku-un-ka-ma u ša ki-ma šu-a-ti ši-birld-lnim GAN-lam a-šu-m1-šu le-ti-iq KB li-iš-qu-lu-ni-ma tup-pd-am a.r ta ki-ma šu-a-tz₁ r šu-ma ir-gu ₅-ma a-Bu-ru-uš-ha-dim ha-ra-šu tí-ir-ta-r ka 1 I.e. [ Šu-La-ba-an j.[ì.r x 1 [ 2 1/3 ma-na KB [","From Itiir-ili to Ennam-Assur: As to the matter concerning your father where I paid the balance for the owners of the silver and to which they would not agree, today the men have agreed. They said: ""Write so that the man's sons come here, and then you yourself decide what is fitting."" Urgent, is it not fitting with up to 5 minas of silver? Clear yourselves, come and take up the matter. Send 1 talent of washed copper ... the other ... of good quality ... on my journey ... and take washed copper for 10 minas of silver at the rate x minas of copper or higher, and send me word so I may pay the silver here. Also, I shall send a donkey to you. son of Azuzaya owes me 1 mina 10 shekels of silver. I have his certified tab- let. The silver will come back aš šilver. If Ama'i will sell his goods for silver and has left on the narrow track, then he and you should seal 2 1/3 minas of silver and send it to me and to his representatives. It should pass overland in his name. Have them pay the silver and ... the tablet. If he starts a legal complaint, and he is on his way to Burushaddum ... Su-Laban, Ili- 2 1/3 minas of silver ...",AKT 6a.pdf
209. kt 94/k 747,a-na En-nam-A -šur qi-bi4-ma um-ma -la-hu-um u ld li-bi i-li-ma a-bu-ni : me-et ld Šal-rna-A -šur a-bu-ni a-ta a-bu-ni a-ma-kam a-na ti-ir-ti r. a-bi4-ni i-hi-r id₁-ma za-ki-i : a-ni-ša-am [mz]-ma ti-ir-ti [a-b]i4-ni ld tu-pa-na-am a-na-kam iš-te-en u 5í-na i-na um-me-a-ni-lni wa-aš-bu a-bu-ni a-ta be-el-ni a-ta za-ki,"To Ennam-Assur from Ali-ahum and Amur-IStar: Sadly, our father has died. It is not Salim-Assur who is our father, it is you who are our father. Take care there of our father's instructions and clear up the affairs. You shall not transfer any consignment of our father's to this place. One or two of our investors are staying here. Our dear father and lord, clear it up.",AKT 6a.pdf
209a. kt 94/k 902,[a-na] En-nam-A-šur [KISIB -ld]-hi-im u [A-mur]-ŠŠtar,"To Ennam-Assur, sealed by Ali-ahum and ... -!Star",AKT 6a.pdf
210. kt 94/k 896,KISIB ka-ri-im r Ka-n ₁[i-iš a-na u-bar-tim ša Ku-bu-ur-na-at,Seal of the Kanesh colony; to the station at Kuburnat.,AKT 6a.pdf
211. kt 94/k 636,um-ma ka-ru-u[m a-na u-bar-tim ša Ku-bu-ur-n[a-at] qi-bi-ma a-na-kam : [ me-er-u] Ša-lim-A -šur im-hu-ru-ni-a-ti-ma um-ma šu-nu-ma -šur-iš-ti-kdl D UMU -šur-ŠIP KB a-na a-bi-ni ha-bu-ul u a-we-lam e-mu-qì-in e-ta-u a-na ša-šu-hi-šu a-ma-kam a-we-lam iš-ti Še-ep-/Štar H-ip-ri-ni li-šu-ha-am u a-tu-nu lu e-mu-uq 5í-ip-ri-n[i],"From the Kanesh colony to the trading station at Kuburnat: Here the sons of Salim-Assur confronted us and said: ""Assuris--tikal son of Assur-re'i owes silver to our father, and he has spoken harshly to the man. We take responsibility for his forced transfer."" Extradite the man there together with Sep- IStar, our messenger, and you must be the executive arm for our messen- ger.",AKT 6a.pdf
212. kt 94/k 644,"um-ma [ ka-ru-um Ka-ni-iš-ma] a-na u-bar-[tim] ša Ku-bu-ur-[na-at] qi-bi-ma : a-na-[ kam me-er-u] Ša-lim-A -šur i[ m-hu-ru-ni-a-ti-]ma um-ma šu-nu-ma r íl-l[š-dan] u Ša-liJa₁ [DUMU] I-di-A -šur [KB a-na] a-bi-ni ha-M,_ u-lu] a-we-lu e-mu-[ qi-in] e-ta-wu-u e. a-na ša-šu-h[ i-šu-nu] a-ma-kam : a-[ we-li r. iš-ti Šìe[p-ŠŠtar] H-ip-r[i-ni] li-šu-hu-[ nim] u a-tu-nu lu [e-mu-uq] H-ip-ri-ni","From the Kanesh colony to the trading station at Kuburnat: Here the sons of Salim-Assur confronted us and said: ""Ili-dan and Salliya sons of Iddin-Assur owe silver to our father. The men have spoken harshly. We take responsibility for their forced transfer."" Let the men there be extradited together with Sep-IStar, our messenger, and you must be the executive arm for our messen- ger.",AKT 6a.pdf
213. kt 94/k 1460,"riŠ-u₁[-lu-m]a: 3 rl/3₁ ma-na [KU.GI] 5[ a-[Jim -A -šur 1 a-na na-ru-r qi-ka 1 r a-di-r im-ma 1 r ša 1 10 r ma?-na?₁ [KB₁] : na-ru-qa-k[a u-la]-pí-r tam Ša-lim-A -šur r i-na 1 -lim{ki} a-na li-mz-im r ha-bu 1[ -ul]-ma tup-pa-am ša Ši-ip-ka-tim Ša-lim-A -šur : ad-ma.r ku-ni₁ tup-pa-am : r šu ₁-wa-tí qa-ti li-mz-im u-ka-at-r rna 1 KB u nlma-al-Šu rdi-in₁-ma li-mz-[im l]i-li-ik-r rna 1 u ' tup-pa- '[ am ša v št- v']"" tp- k' a-tt- 'k' a-na ša ki-ma : ku-wa-ti li-di-nu : iš-tu 3 ša-na-tim iP tu 1 Bu-ru-uŠ-ha-dim e. lu ta-liJ kam 1 u a-na iš-te-en u Ši-na tap-pa-e-a KB u ne-ma-al-šu r. ta-di-in : a-na-ku u ša qa-ta-at: a-bi-a-a na-al-pu-tu ni-ta-na-ld-ka-ku-um KB u ne-ma-al-šu ta-da-na-am u-la ta-mu-a : ki-a-am-ma KB 1 ma-na u 2 ma-na tu-uŠ-ta-ag-me-/er-šu KB ša li-mz-im a-na : la i-ma-id-ma E a-bi-a u Ši-ip-ka-tim ša a-bi ad-ma-ku-ni La i-ta-ba-ld Ši-ma-at : KB : di-na-rna a-na E li-mz-im lu-šlbi-il₅-/ma u a-na ne < -mt > -LAM KB qa-di tap-pa-e-a : u-ka-a-ka u i-na di-in -lim{ki} KB ša Ša-lim-A -šur ša 5í-ip-ka-ti-ka a-na E li-mi-im : i-ld-ak e. la t[ u-n ]a-ha-ni KB di-nam u KB 1 ma-na u 2 ma-na ld tu-ša-ag-me-ri H-bu-tum I.e.","""Salim-Assur invested 3 1/3 minas of gold in your joint-stock capital, and he wrote an amount of 10 minas of silver for your joint-stock capital. Salim-Assur is indebted to the eponym in the City, and the tablet of the investment Salim-Assur made to you, that very tablet is in the eponym's possession, so pay the silver and the accrued profit, let it go to the eponym and then he can give the tab- let concerning your capital to your repre- sentatives. Three years ago you came from Burushaddum and you have given the sil- ver and the accrued profit to one or two of my partners. But I and those who signed as my father's guarantors come to you time and again, but you refuse to give the silver and its accrued profit. On top of this you have caused him to have expenses of one or two minas. The interest on the silver of the eponym must not increase and my father's house and the investments my father made for you must not be lost. Give me the agreed amount in silver, let me send it to the eponym's office, and then I shall confirm you for the profit of the silver together with my partners. Also, in accordance with the verdict of the City Salim-Assur's silver from your capital will go to the office of the eponym. Do not obstruct me! Give me the silver and do not bring an extra expense of 1 or 2 minas on me."" Witnessed statement.",AKT 6a.pdf
214. kt 94/k 945,a-na I-li-e-mu-qi [ Šu-1)a-mu-zi -hi-a-a r í ₁-ld-a u La-ma-ší qi-bi-ma um-ma -dí-da u -ld-hu-um-[ ma] 3 1/3 ma-na KU.GI Ša-lim-A-šur a-na A-šur-iš-ti-kal DUMU Šu-ka-li-a a.r dí₁-im Ša-lim-A -šur i-na ba-ab ha-ra-ni-šu um-ma šu-ut-ma a-na Šu-Ta-mu-zi -di-da u E-la-a-ma a-hu-a-tu-nu KB a-na li-mì-im -mur-A -šur ha-bu-la-ku i-na tup-pí-im ša -šur-iŠ-ti-kdl En-na-nim : u Ha-na-a qa-ti u li-mì-im A-mur-A-šur qa-at-ku-nu šu-uk-na KB u ne-ma.r al-šu 1 li-iŠ-qu-lu-ma li-ma-am e. -mur-A -šur ta-i-ba-a : H-ti KB-pi-im a-na DAM. GAR-ri-a li-zi-iz a-na-kam r. -šur-ií.tí-kal [ u 1-lzúíe ₁-mu-qi um-ma nlnu-ma 3 1/3 ma-na KU.GI r Ša-lim-A -šur x x x x x 1 5 lines unreadable um-r me-a 1{ ... ] wa-bi-[. .. ] a-na[ ... ] En-naJŠu-in DUMU Ku-ra-ra ... 1 u [ ... ] a-wa-tí-ni r x x x at₁ KB u A-r dí.da 1 r -La-hu-um i-Ša-x 1 [x x x] r En-na-Šu-in 1 DUMU Ku-ra-/ra .. . r x 1 a-na ' [ ] [ ... n ]a-pu-uš ni wa x /rna [ ... ] KB a-na li-mz-im -mur-A -šur e. KB i-ša.r qaíh-ma tup-pa-am ša 3 1/3 ma-na KU.GI ša Šal-rna-A-šur I.e. a-na u [A-šur-i]Š-tí-kal: ša-ap-ku li-mu-um rx xl [x x] ša? Šal-ma-A-šura-na ša rxl rna X A-šur r bi₁ u rna r k/ ni₁,"To Ili-emiiqi, Su-Tammuzi, Abiya, Elaya and Lamassi from Adida and Ali-ahum: Salim-Assur invested 3 1/3 minas of gold in Assuris-tikal son of Sukkalliya. When Salim-Assur was about to leave he said to Su-Tammuzi, Adida and Elaya: ""My dear brothers, I owe silver to the eponym Amur-Assur. Lay claim on behalf of the eponym Amur-Assur and of your- selves to the tablet concerning Assuris- tikal, Ennanum and Hannaya; they should pay the silver and the accrued profit and then satisfy the eponym Amur-Assur. The rest of the silver should stand available for my customers."" We keep seizing Assuris- tikal and Ili-emuqi here, saying: ""Salim-Assur has invested 3 1/3 minas of gold ... "" ... our words ... Adida and Ali-ahum ... Enna-Suen son of Kurara ... the silver. He will pay the silver to the eponym Amur-Assur and the tablet con- cerning 3 1/3 minas of gold that Salim- Assur invested in Assuris-tikal the epo- 1. Avv nym an d ... S v a 1m- ssur to ...",AKT 6a.pdf
215. kt 94/k 1487,i-na ba-ab ha-ra-ni-šu ša r En ₁-na-Šu-lin um-ma ní-nu-ma IGI En-na-Šu-in a-na -šur-iŠ-tí-kal-ma KB-ma a-wa-tum i-gi₅-im-ra u ma-la [KB] a-na -dí-da lma-ta r x taq-₁bi-u-ni KB šu-qu-ul-ma lu 1 y nu nu? tam?₁ r X [X X a-na En-na-Šu-in lu r ni-ip-qi-id-ma 1 a-na li-mz-im r -mur-A -šur 1 KB li-Ši-qí-il₅-ma tup-pa-am ša 3 1/3 I ma-na KU.KI li-mu-um rA-mur₁-A-šur u I he-el tam= ka-ru-tim ša r Šal-rna ₁-A -šur a-na ša ki-ma ku-a-tí e. lu-ší-ru-u a-we-lum : ša-ni-iš r. i-di-ma KB u-la i-tí-dì-ni-a-tí a-ma-lkam a-na -lim{ki} al-ka-ma En-na-Šu-in u -ld < -hu > rna : pí-Šu-nu a-na -lim{ki} li-ip-te-u ki-ma KB ta-da-nam ld i-mu-u a-bi-i 13 ma-na T ni-ka-šì a-na E a-bi₄-šu a-na 1-li-a-/lim i-di-in šu-ut KB-ap a-bi4-a iŠ-tu I MU.30.SE i-ma-kar KB ut i-šu-u a-ma-kam li-mu-um i-ša-ha-ti-ku-nu li-zi-iz-ma ki-ma 13 ma-na rT 1 e. a-na um-me-a-ni-šu /-dí-ni u šu-ut 13 ma-na T a-na li-mì-im li-dì-in I.e.,"When Enna-Suen was about to leave on a journey we said as follows to Assuris-tikal with Enna-Suen as witness: ""As to the sil- ver the matter has been concluded. Also as much silver as you promised to Adida ... pay the silver and ... we shall entrust the silver to Enna-Suen so the silver will be paid to the eponym Amur-Assur and the eponym Amur-Assur and the boss of the customers of Salim-Assur will release the tablet concerning 3 1/3 mina of gold to your representatives."" The man decided otherwise and the silver was not given to us. Go to the City there and let Enna-Suen and Ali-ahum make a statement to the City, that he refuses to give the silver. My father settled accounts with Ili-alum for his father's house at a rate of 13 minas each. It is he who manages my father's silver after 30 years, (yet) they do not have any silver {to show for it). Have the eponym assist you there and since he gave 13 minas each to his inves- tors he should also give 13 minas each to the eponym.",AKT 6a.pdf
216. kt 94/k 787,En-urn-A -šur a-na A-šur-iš-tí-kal DUMU Šu-A-nim um-ma En-urn-A -šur-ma iŠ-tu ITU.l.KAM ša ša-ra-tim šu-ma a-díITU.5.KAM a-na Ka-ni-iŠ la ta-li-kam-ma a-wa-tam la ta-dì-nam a-na 15 ma-na lu-la-im i/ 2 DUG a-ld-ni ša i-na li-bi-ka a-bi i-šu-u : ba-lu-um dí-ni-im u ma-mì-tim ma-na-urn 1 ma-na a-na lu-li-i-a u a-ld-ni-a e. ta-ša-qa-lam um-ma -šur-iš-ti-kal-ma a-ša-qa-ld-kum IGI Pi-ld-ah-ŠŠtar DUMU Ki-li-/a r. IGI A-gu-a DUMU Puzur₄-A-/šur a-ha-ma a-na ri-ik-ši-im ša Šu-La-ba-an i-na Bu-ru-uš-ha-dim IGI diM-ba-ni DUMU Ka-na-ni IGI Šu-Ku-bi₄-im ip-qi-da-ni i-na U-ld-ma IGI Ma-nu-um-ba-lu-A -šur DUMU E-na-ma-nim u IGI Pi-la-ah-ŠŠtar Šu-La-ba-an um-ma šu-ut-ma ri-ik-ša-am ša ap-qi-da-ku-ni a-Šu-Ku-bi-im di-in a-ha-ma tup-pa-am e. ha-ar-ma-am ša 50 ma-na URUDU SIGs ša tam-ka-ri-im a-na En-na-nim DUMU A-hi-a ap-qi-id 50 ma-na I.e. URUDU Ši-kam tam-ka-ri u-ša-di-an? u-še-ba-lam IGI Pi-ld-ah-ŠŠtar IGI -mur-A -šur,"Ennam-Assur seized us against Assuris- tikal son of Su-Anum, and Ennam-Assur said: ""If you have not come to Kanesh within 5 months after the month Sa-sarratim and answered me in court, then with respect to the 15 minas of antimony and 2 jars of acorns which you owe to my father, you must pay me mina for mina for my anti- mony and my acorns without a verdict, quarrel or oath."" Assuris-tikal answered: ""I shall pay you."" Witnessed by Pilah-IStar son of Kiliya, by Aguwa son of Puzur-Assur. ""Further, with respect to the package that Su-Laban entrusted to me in Burushaddum before the witnesses Adad-bani son of Kanani and Su-Kubum, Su-Laban seized me in Ulama before the witnesses Man- num-balum-Assur son of Ennam-Anum and Pilah-IStar, and he said: 'Give the package that I entrusted to you to Su-Kiibum.' Further, I entrusted a certified tablet con- cerning 50 minas of good copper belong- ing to the merchant to Ennanum son of Abiya; he will make my merchant pay 50 minas of šikku-copper and send it to me."" Witnessed by Pilah-IStar, by Amur-Assur.",AKT 6a.pdf
217. kt 94/k 1375,ki-ma me-er-e Šal-ma-A -šur a-na qa-ta-tim a-da-ku-nu me-er-u meJ tim 1 ne-nu tup-pa-am ša ša-la-ša-at a-tu-/nu ha-bu-la-tu-nu-ni-ma KB i-qa-qa-ad šal-mì-ku-nu : ra-ak-JT šu₁ nu-ka-allu ša pa-e a-na Ša-lim-A -šur e. ti-šu lu a-na r. a-ba-e-ni ti-šu-u lu tup-pa-am ša ša-ba-/e ša ku-nu-uk a-ba-/e-ni tu-ka-al lu Ši-be-e : ti-šu a-na a-ne-en-ma ru-a-ma mz-nam ' ni-qa-bi4 : me-er-u me-tim ni-nu e. ta tu-ba-ar-ni-a-tí H-bu-tum I.e.,"""Representing the sons of Salim-Assur I hand you over to guarantors. We are inheritors. We have in our posses- sion a tablet stating that you three owe silver and that you are jointly liable. If you have either oral witnesses against Salim-Assur or if you have one against our fathers, or if you hold a quittance sealed by our fathers, or if you have witnesses - then produce the evidence to these two (witnesses), and what can we then say? We are inheritors. ,, D o not d rag us to court.- Witnessed statement.",AKT 6a.pdf
218. kt 94/k 947,30 GU 15 ma-na URUDU qa-du-um H-im 3 TlJG.HLA: bu-La-d ša a-bu-ni : e-zi-ib e-zi-ib ba-ab-tim ša E.GAL-lim a-na GU SIG₅ ša -ša-ha-am : u šd-na-A -šur a-na ša ki-ma um-mz-a-ni U-Ša-zi-r 1 a-na ZU ; bu-la-d ša a-bu-ni GU u ma-na UR UDU SIG₅ ša Ma-ma-lhi-ir e. r na-dt₁ i-na a-la-ak r. [ILLA]T₁-tim ša Ma-ma-hi-ir [A-l]a-hu-um u [ Da ]m-qa-r 1 r u₁-še-bu-l[ u-ni-š1um 1 r ma-na 10 GIN₁ KB ša ta[m-k]a-ru-um i-na : Ma-ma-hi-ir i-šu-u : KB En-nam-A -šur iš-qu-ul-ma tup-pu-šu a-na -la-hi-im u Dam-qa-a e-zi-ib a-mz-ma a-ni-im ša e-pu-lu-ni 19 20 SIGs e. a-na Id- < na >-A -šur e-zi-ib: e-zi-ib I.e. ša,"talents 15 minas of copper, including the price of 3 textiles, were the assets that our father left - apart from the outstanding claim on the palace to talents of good (copper) for which he had appointed Ali-ahum and Iddin-Assur to represent the investors. In addition to our father's assets 3 talents plus 5 minas of good copper belonging to Man-mahir were deposited. When Man-mahir's caravan arrives Ali- ahum and Damqaya will send it to him. As to the 1 mina 10 shekels of silver that Man-mahir owes to the merchant, Ennam- Assur has paid the silver and left his tablet with Ali-ahum and Damqaya. For all of this on which they agreed he left 19 talents 20 minas of good (copper) with Iddin-Assur. This is apart from that in the safe.",AKT 6a.pdf
219. kt 94/k 1021,"a-na Puzur., diM La-dí-a En-um-A -šur En-na-Šu-in A-šur-i-dí 1-ku-pí-a u Li-la qi-bi-/ma um-ma En-um-A -šur u -la-hu-um-ma i-na 40 GU URUDU SIGs ša 1-dí-A -šur um-me-a-ni e-pu-lu ša GU 22 URUDU SIG₅ ša li-bi4 -la-hi-im I KB-ap < -šu > a-na-kam ne-nu um-me-a-nz e. nu-ta-ib [SA].BA ša GU qa-ta-ti-šu-/nu r. 22 UR[UDU] 1-lí-a r Jl-tur4-DINGIR u 1-dí-K[u-b]u-um KB-ap-/[šju il5-qe-u r šz₁-ti UR UD U GU ma-na 18 6 URUDU i-li-bi 1-dí-A -šur a-la-an a-nim mz-ma i-li-bi-šu u-la i-ba-5í šu-ma a-na qa-ta-ti-šu-nu En-um-A -šur u 1-ku-pí-a qa-ta-ti-šu-nu li-il5-qe-/u-ma e. H-bi šu-uk-na-šu-nu-/ti be-lu-ni a-tu-nu u tí-ir-ta-ku-nu li-li-kam u be-llu I.e. KB ma-du-tum ša La il5-qe-u-ni a-hu-ru","To Puzur-Adad, Ladiya, Ennam-Assur, Enna-Suen, Assur-idi, Ikun-piya and Lila from Ennam-Assur and Ali-ahum: Of the 40 talents of good copper about which Iddin-Assur reached an agreement with the investors, we have here satisfied in silver the investors for the 22 talents of good copper that was in Ali-ahum's pas- sesswn. Thereof, for the 22 talents of copper, their shares, Iliya, Itur-ili and Iddin-Kubum have received its value in silver. The rest of the copper, 18 talents 6 minas of copper, is in Iddin-Assur's possession. Apart from this nothing is in his posses- Sion. If Ennam-Assur and Ikun-piya take re- sponsibility for their shares, they may re- ceive their shares, but set witnesses for them. Our dear lords, also, send us word, for a great many creditors who have received nothing remain.",AKT 6a.pdf
220. kt 94/k 1297,um-me-a-nu : a-bi-ka : ma-la i-na r pa₁-ni-tim tu_r x ₁-lum ma-ag-ru-ka : r a-hu-a-tu 1[ -nu] 4 a-tu-nu :a-na um-me-a-ni : aJ bi-ni₁ pu-nu-a-1 ma : a-wa-tí-ni : r ga-me-ra-ma 1 UR UD u -um : ša ur-ša-A -šur 1 r il5₁-qe-u : i-na KrB-pí-šu 1 r a-1[ r ki₁-ma ra-r mì₁-ni [ rki₁-ma: ri₁[- e. [ .... ]-a-ma [ .... ]-ta-a [a-na-]ku u -ld-hu-[ um] r. [lu] ni-iš-qu-ul : šu-ma um-me-a-nu: a-bi-ni: i-pa-lu-hu-lma ni-iš -lim{ki} la i-ta-mu-u : ma-la a-wa-tim : i-na pa-ni-tim u-ka-i-lu : a-wa-tum lu-up-r ta 1 a-wa-tim : ga-me-ra-ma ik-ri-bu-um : i-na ba-ri-/ku-nu li-qì-bi-ma : i-na a-la-ki-a: a-na-ku u A-la-hu-lum mu-ta-a: KB lu ni-iš-qu-/ul a-hu-a : a-tu-nu : a-na pa-ni-a : tí-ir-ta-ku-nu iš-tí: a-ni-tum ld a-ni-tum li-li-kam-ma te-mi-i e. lu am 1 a-ba-ri-;r ku-nu 1 i-na e-ra-bi4-a : a-wa-tì i-na a-ma-ri-a e i-ba-a[l-ku ]-lta-a-nim I.e. šu-ma a-tu-nu a-na ta-[x x] ta-ša-hu-ta a-dì a-ld-ki-a i-ba-ri-ku-nu a-na ld na-ba-a[l-ku-tim] li-qì-bi,"""Your father's investors have agreed with you as much as you šuggešted earlier."" My dear brothers, you four must turn to our father's investors, and conclude our entire case and as to the copper that U Assur has taken, let it be deducted from his silver. ... I and Ali-ahum should pay. If our father's investors are afraid and do not swear the oath by the City, then write the words I earlier suggested. Conclude the case and let an oath be sworn among you, so I and Ali-ahum may pay half the silver each. My dear brothers, send me word with my servant whether it is one or the other, so I can make up my mind. Between you, when I arrive and consider the case, it must not be overturned for me. If you yourselves fear ... then let it be said between you so as not to transgress until I arnve.",AKT 6a.pdf
221. kt 94/k 1397,"-nu-pì-a ki-ma me-er-e -šur a-na Ha-ar-šu-ma-an tup-pa-am 10 ma-na KB ša hu-bu-li-/Šu-nu um-ma -nu-pí-a-/ ma la ku-nu-ku-ka-a Ga-al-ga-li-a-ma : a-ma Ha-ar-šu-um-nu-/ ma-an-ma KB-pz-im -nu-pí-a-ma me-er-u ne-nu a-na Šal-ma-A -šur e. ta-aš-qu-ul a-na me-er-e r. c 'l l -ma- -šur v : ta-aš-qu-u 'V , a-m-e-ma ru-a-am Ha-ar-šu-um-nu-ma-an-/ ma a-na-ku ša tup-pz-ni -šur u-ša-bi.ri i-id: a-ša-ka-na-/ku-nu-tí a-wa-tim ka-ru-um i-dì-ni-a-tí-ma IGI GIR ša A-šur ni-di-in IGI Ku-ra-a DUMU U-la-a IGI En-um-A -šur e_ DUMU","Representing the sons of Salim-Assur An- upiya seized us against Galgaliya and Harsumnuman, and they heard a tablet concerning 10 minas of silver, their debt. Anupiya said: ""Does the tablet not bear your seals?"" Galgaliya answered: ""They are my sealings. However, Hadumnuman is the one who paid the silver."" Anupiya said: ""We are inheritors. Produce evidence for this, that you have either paid the silver to Salim-Assur or have paid to the sons of Salim-Assur."" Hadumnuman said: ""I personally satisfied Salim-Assur with the silver of our tablet. I am willing to go to the River for you."" The Kanesh colony gave us (as witnesses) for these proceedings, and we gave our testimony before Assur's dagger. Witnessed by Kuraya son of Ulaya, by Ennam-Assur son of",AKT 6a.pdf
222. kt 94/k 1399,"-nu-pi-a ki-ma me-er-e Šal-ma-A -šur Ga[ -a ]1-ga-li-a u Ha-ar-šu-nu-ma-an tup-pa-am ša 10 ma-na KB hu-bu-li-šu-nu , / tš-me-u -v , : um-ma -nu-pt-a-/ ma tup-pu-um : Ia ku-nu-ku-ka um-ma Ga-al-ga-li-a-lma ku-nu-ku-a : um-ma -nu-pi-a < -ma > me-er-u me-tim ne-nu : lu a-na Šal-ma-A -/šur KB ta-aš-qu-ul lu a-na me-er-e e. Šal-ma-A -šur ta-aš-qu-ul a-na r. ru-a-am um-ma KB a-na-ku ša tup-pi-ni Šal-ma-A -šur u-ša-bi a-na i-id a-ša-ka-na-ku-nu-tí","Representing the sons of Salim-Assur Anu- piya seized us against Galgaliya and Harsumnuman, and they heard a tablet concerning 10 minas of silver, their debt. Anupiya said: ""Does the tablet not bear your seals?"" Galgaliya answered: ""They are my sealings."" Anupiya said: ""We are inheritors. Produce evidence for this, that you have either paid the silver to Salim-Assur or have paid to the sons of Salim-Assur."" Hadumnuman said: ""I personally satisfied Salim-Assur with the silver of our tablet. I am willing to go to the River for you.""",AKT 6a.pdf
223. kt 94/k 614,"um-ma En-nam-ŠŠtar-ma a-na En-nam-A -šur qi-bi-ma ma-ah-ri-ka-ma i-na Bu-ru-uŠ-ha-dim GIN a-na A-šur-DUG 10 KB: a-di-in i-na Ka-ni-iš iš-ti-in TUG ku-ta-nam a-di-Šu-um 2 GIN KB l' 1. ,, ma- u 2 5í-ni-šu : um-ma šu-ut-ma me-ra-ki : i/₅-qe šu-ma : KB : tal-qe la tal-qe: te-er:ta-ka e. li-li-kam ma-ah-ri-ka-ma r. a-na Be-lu-ba-ni GEME Ia e-zi-ib KB 10 GIN: a-hu-ur : KB •t ša-aš-qt-t V 'V ' ₅-šu V um-ma Na-hi-iš-tum-ma a-na En-um-A -šur Ku-da-[tum] ra-qa-tam na-aŠ-a-k[um] KB ' ' da -mz-qa-am šz-zm V' ' ra-qì-tim : i-Ši-ma-tim ša a-bi-ka : a-ta u -la-hu-um La-ma-;r šz₁ e. a-dì: La-ma-ší ba-al-ta-at-ni r x ₁[(-x)] ld i-ša-ku-nu: TUG ku-ta-nam u iŠ-ti-it : iš-ra-am -šur-DUG ub-la-kum","From Ennam-IStar to Ennam-Assur: In your presence in Burushaddum I gave 10 shekels of silver to Assur-tab. In Kanesh I gave him a single kutanu- textile. I seized him for 2 shekels of silver, but once or twice he answered: ""Your son received it."" Send me word whether or not you have received the silver. Also in your presence, did I not leave a slave-girl to Belum-bani? 10 shekels of sil- ver remain unpaid. Seize him and have him pay the silver. From Nahistum to Ennam-Assur: Kudatum brings you a thin textile. Sell it profitably for me in silver. The proceeds from the thin textile you, Ali-ahum and Lamassi should not claim in the context of the will of your father as long as Lamassi is alive. Assur-tab brought you 1 kutanu-textile and a single belt.",AKT 6a.pdf
224. kt 94/k 1688,"En-nam-A -šur-ma -la-hi-im qi-bi-ma a-du um-me-a-an Here : a-we-lu-u 2 Ši-na with mì-ša-lal 5 ma-ah-ri-šu a-na they -lim{ki} : Ši-ni-šu i-ld-a[ k-ma] ver. uš-ta-bu-[u] 3 1/2 ma-na 10 ša i-na -lim{ki} e. v lv -t , r ,, štar : t 5-qe- u k[a-a1b-ša-ni r. r i₁[ -ma ]-qu-ut-ma 5 u4-me-e [ ... ] e-ma-ri iš-t[i...] u a-t[a-ma] : lu za-ku-a-ti la-mu-nam a-na rsiG₅₁ 20 : a-pu-tum ša-ni-u-tim ta-aš-ta-na-me-e ša aš-ta-na-me-u-/ma a-hi-u-tim 25 e. ta-ša-ld-at I.e.","Ennam-Assur to Ali-ahum: 2 men have reached an agreement me concerning our father's investors, I shall place half of the silver before him, and it will go twice to the City and will satisfy themselves with their sil- Concerning 3 '72 minas of silver that our father took on account in the City - for that we are pardoned. The matter will fall, and within 5 days and I shall send the donkeys with ... Then you too must be cleared there. Convert bad copper to good. Urgent! Do not listen to others all the time. Why is it that I keep hearing that you always listen to what strangers say? Urgent! Do not act rashly.",AKT 6a.pdf
225. kt 94/k 1009,a-na Ku-zi-zi-a Ld-qe-ep u A-na-a-na qi-bi-ma um-ma En-um-A -šur-ma a-na A-na-a-na qi-bi-ma ld-ma a-na Ka-ti-ld a-li-ku 5 na-ru-uq GIG u 2 na-ru-uq ŠE-am e-ld-nu-ma e-zi-ba-ki-im a-ha-ma 17 na-ru-uq 2 DUG GIG u 17 na-ru-uq 2 DUG ŠE-am iš-tu : Tu-um-li-a iš-du-du-nim mì-ma u-ti-tim u KB ša nu-a-e : a-bi e. i-a-ti-ma a-pu-tum a-na a-wi-i/5-tim r. l ta-pa-tz-rt u mz-ma ld ta-di-ni-H-im u iŠ-tí E-wa-ri-mu-ša ta-hi-tam dš-pu-ur-H-im a-hu-a a-tu-nu a-ma-kam na-hi-da-Ši-ma i-na hu-ur-Ši-a H-Id-tum ld i-ba-Ši-ma li-bi ld tup-pi-a u u-tu-up-ti lu ma-la u-tu-tum a-bi-ki-tim i-girim-ru uz-ni pz-te-a : a- t u- a-tt ša v a- z-a a-hi u-pa-ta-a-ni-ni a-ša-hu < -ur > la-ma a-li-ka-ni u bu-ld-ti e. lu KB i-ba-ab-ti-a La-qe-ep im-hu-ur lu ša še-ep E-wa-ru-mu-ša i-ri-ih lu 1112 ma-/na I.e. KB u 3 1/6 GIN KU.GI ša iš-ti am-ti-a i-ba-Ši-u Ši-ma-am ma-ah-r ra ₁-am ša ba-ld-ti-a ša-ma-ma iŠ-ti E-wa-ri-mu-ša šlbi4-ta,"To Kuziziya, La-qep and Anna-anna from Ennam-Assur; to Anna-anna: Before I went to Katila I left you 5 sacks of wheat and 2 sacks of barley in addition. Further, they carted 17 sacks 2 jars of wheat and 17 sacks 2 jars of barley from Tumliya. All the grain plus the silver from the na- tives my father had designated for me. Urgent, do not open it up for the lady and give her nothing. Also, I sent her direc- tions with Ewarimusa. My dear brothers, instruct her there so that there will be no wrongdoing in my storeroom to make me unhappy. Do place my tablets and furniture under guard. Inform me how much grain was spent for the mourning-ritual. Until my brother reveals to me my fa- ther's assets I shall be delayed. Before I came Ali-ahum had opened the strong- room and even taken out the assets. Whether Li-qep has received silver from my outstanding claims or anything re- mains from Ewarimusa's transport, or the 1 mina of silver and 3 1/6 shekels of gold that is with my maid- make first a profitable purchase for me and send it with Ewarimusa.",AKT 6a.pdf
226. kt 94/k 1230,"um-ma 1-tur.,-DINGIR-ma u E-na-ah-DINGIR-ma a-na -ld-hi-im-ma a-li-ik tup-pe-e u ša a-BA-ka a-hi-ka pe-te-ma a-šar KB 1 GIN ba-ab-tum ša a-bi-ka i-ba-5í ša-di-in-ma a-na hu-bu-lim e. šaa-bi-ka r. šu-qu-ul empty space IGIA-di-da DUMU IR-ad-i-li-/Šu₁ IGI DUMU A-li-li","Itiir-ili and Enah-ili said to Ali-ahum: ""Go, open for your father's and your bro- ther's tablets, and collect every single shekel's outstanding claim to your father, and pay it to cover your father's debt."" Witnessed by Adida son of W arad-ilisu, by son of Alili.",AKT 6a.pdf
227. kt 94/k 770,En-nam-A -šur -ld-ha-am iš-a-al um-ma En-nam-A -šur-/ ma a-na -la-hi-im-ma me-er-u me-tim ne-nu mìAu-um DAM.GAR-ru : a-bi-ni ši-ki-ni : u-ka-lu ba-a-am: a-na DAM. GAR : a-bi-ni lu nu-ša-li-ma: DAM. GAR a-bi-ni lu nu-ta-i-ib [l]d tu-u-na-a-ni: u ši-ki-ni la u-ka-lu : a-dì ha-am-ši-Šu u iŠ-ri-šu : a-ha-am eb-ra-am : nu-ši-Ši-ib-ma a-ta : qa-tam e. u tu-u-na-a-ni iš-tu-ma : ša a-hi-im r. u eb-ri-im : ld ta-ša-me-u ba-a : a-na 4 urn-me-a-ni ša ki-ma a-bi-ni lu ni-li-ik-/ma lu-še-H-ru-ni-a-ti-ma DAM.GAR-ri: a-bi-ni lu nu-td-ib-ma : u a-na -lim{ki} . : a-ha-ti-ni gu5-ba-ab-tim: lu ni-li-ik-ma a-na ma-id : Ši-ma-at a-bi-ni : ša -lim{ki} lu ni-iz-ku : la tu-na-ha-ni uKB 1 GfN la tu-ša-ag-ma-ra-ni ld ri-ig-ma-tum Ši-bu-tum,"Ennam-Assur questioned Ali-ahum. En- nam-Assur said to Ali-ahum: ""We are inheritors. Why do our father's customers detain us? Come, let us plead with our father's customers and please our father's customers. Do not cheat me lest they detain us. Five or ten times we have had a colleague and friend sit down to ne- gotiate, but you have rejected everything; so, you cheat me. Since you do not hear what brother and friend say, then come, let us go to the four investors who represent our father, let them set us straight and let us please our father's customers, and after that let us go to the City to our sister, the priestess, and clear the matter in accordance with our father's will that is in the City. Do not obstruct me and do not let me waste a single shekel of silver."" This is not a formal court case, it is a statement before witnesses.",AKT 6a.pdf
228. kt 94/k 849,"En-um-A -šur -íd,.r ha ₁-am iš-al um-ma En-um-A -šur a-na -la-hi-im-ma u₁ me-er-r me-tim ne-nu mz-[šu ša] tam-ka-ru a-bi-ni š[i-k]i-ni u-ka-lu ba-a-am a-na tam-ka-ri a-bi-ni lu nu-ša-li-ma tam-ka-ri a-bi-ni lu nu-ta-ib la tu-na-a-ni u ši-ki-ni la u-ka-lu a-di 5-št-Šu: u 10-ri-šu a-ha-am u ib-ra-am nu-še-Ši-ib-ma a-ta qa-tam Ia tu-na-a-ni iš-tu-ma ša a-hi-rim 1 u ib-ri-im Ia ta-ša-me-u ba-a-am r. 4 um-me-a-ni ša ki-ma a-bi-ni lu ni-li-ik-ma lu-še-5ì-ru-ni-a-ti-ma tam-ka-ri : a-bi-ni lu nu-ta-ib-ma u a-na t : A-li[ m a-na a-ha-ti-ni gu 5-ba-ab-tim lu ni-li-ik-ma : a-na ma-la Ši-ma-at : a-bi-ni ša -lim{ki} : lu ni-iz-ku Ia tu-na-ha-ni uKB 1 GIN la tu-ša-ag-ma-ra-ni Ia ri-ig-ma-tum e. Ši-bu-tum","Ennam-Assur questioned Ali-ahum. En- nam-Assur said to Ali-ahum: ""We are inheritors. Why is it that our fa- ther's customers detain us? Come on, let us plead with our father's customers and satisfy our father's customers. Do not cheat me lest they detain us. Five or ten times we have arranged meet- ings with brothers and friends, but you keep refusing. Do not cheat me. Since you will not listen to what brother and friend say, then come on, let us go to the 4 investors who repre- sent our father, let them set us straight and let us please our father's customers- and then let us go to the City to our sister, the priestess, and let us clear ourselves in ac- cordance with our father's will that is in the City. Do not obstruct me. Also, do not let me incur an expense of a single shekel of sil- ver. II This is not a formal lawsuit, it is a wit- nessed statement.",AKT 6a.pdf
229. kt 94/k 827,"En-um-A -šur u -la-/ha-am e-pu-ul um-ma En-um-A -šur-ma a-na -la-hi-im-ma me-er-u me-tim nlnu Ia ni-ip-ta-ar i-nu-mi a-bu-ni i-na -lim{ki} lu-qu-tam ip-qí-da-ku-ni-ma erased line a-na ša-zu-za-d-šu 1-dì-a-bi-im DUMU A-šur-GAL l-tur4-DINGIR DUMU A-mur-Htar En-na-nim DUMU Am-ri-a E-na-ah-DINGIR DUMU Šu-A-šur i-a-d u ku-a-d qa-dí-Šu-nu-ma u ne-nu ša-zu-uz-tum ša Šal-ma-/A-šur a-bi-ni : u a-la-an lu-qu-tim a-ni-tim ša še-pì-ka mi-ma l u-qu-tam ' ' Ša 'l -ma-A -šur u- l ' u-še- ' "" b • l am v V' ' t4- ma-la lu-qu-tum a-ni-tam ša a-ta tu-še-li-a-ni-ma lu-qu-tum H-it i-na E-šu-nu iz-ku-a-ni : li-bi : ša-zu-uz-tí a-bi-ni u li-bi-ni i-de₈ u me-he-er-ni : a-na -lim{ki} a-na a-bi-ni r iŠ-tu 1 e. u4-mì-im ša lu-qu-tam tu-še-li-/a-ni i-li-ik-šu-ma i-na -lim{ki} i-ba-H: i-na lu-qu-tim r. a-ni-tim : qa-d: ša-zu-za-at a-bi-ni i-ta-dì-nu : ni-a-tí-ma ma-la lu-qu-tam i-a-tí i-šu-ru-ni-ni a-na KB u-ta-er-ma KB Ši-im lu-qu-tim a-na ša ki-ma a-bi-ni u ku-a-d aš-qu-ul-ma KB ku-nu-ki-šu-nu , b. . At- ki a- t-nt : a-na - tm uš-te-bi4-lu-ma li-ba-ka i-dea u a-na a-na wa-bi-il5 KB H-bi a-hi-u-tim i-šu u-ta tu-na-ba-ni u iŠ-tu MU .l.SE ld-ma-ma e-li-u-ni-ni u-ša-la-a-kum um-ma a-na-ku-ma : al-kam 5 um-me-a-ni a-hi-u-tim ša-zu-uz-d a-bi-ni lu nu-ta-hi-ma a-na KB 1 GIN ša ša-zu-uz-d a-bi-ni i-ša na-aš-pe-er-tí a-bi-ni ša šd-na-/a ub-ld-ni-ma :a-na KB ša H-im lu-qu-/tim u ba-a-ba-d-šu iš-ni-qu-ni-a-tì-ni-ma ma-ah-ri-šu-nu-ma i-na bu-lu-ut a-bi-ni ni-iz-ku-ma ma-la KB i-na li-bi4-a u li-bi-ka i-di-u-ni na-aš-pe-er-tum ša ša-zu-za-tt-Šu u ni-a-tum iŠ-tì lod -na-a št-tp-n-šu •v a-na - tm t-tu-ur-šum v a-ta a-dì u4-mì-im a-nim qa-d šUu-ba-am e. u-ta ta-mu-a-ma a-na u tup-pì-im ša -lim{ki} li-ta-qu-/im ta-aš-ta-na-pa-ar : uš-ka-in u a-na tup-pt-im ša -lim{ki} ša be-H-a al-kam ša ma-aŠ-a-ni-k?/ i-na IGI a-ni-im 5 um-lme-a-ni 4 ša ki-ma a-bi-ni lu nu-šUí-ib-ma KB Ši-im u lu-qu-tim ba-a-ba-tum i-na ma-ah-ri-šu-nu li-ib-la-at-1 ma ma-la KB maš-ka-na-tum a-bi-ni u i-ta-la-ka-ni zi-i-ma ša u-ša-qí-lu Sí-tíKB ma-la i-na li-bi4-ni i-na-dí-u-ni lu ni-iš-qu-ul-ma iš-tí MASKIM lu ni-li-ik-ma","Ennam-Assur answered the attorney and Ali-ahum, and Ennam-Assur said to Ali- ahum: ""We are inheritors. We have not (finished) checking. When our father in the City entrusted merchandise to you and (sent it) to his representatives - Iddin- abum son of Assur-rabi, Itiir-ili son of Amur-IStar, Ennanum son of Amriya, Enah-ili son of Su-Assur, myself and you together with them, in fact, we were the representation of Salim-Assur, our father- then apart from this merchandise trans- ported by you, Salim-Assur did not send any other merchandise. Our father's agents and we knew how these goods - that you yourself brought up here - that these goods were cleared in their house. Also our answer went to the City, to our father, the very day you brought the goods up here, and it is in the City. A claim to these goods has been made by our father's agents. As you well know, it was for our sake that I converted to silver the goods they took care of for me, and I paid the silver, the proceeds from the goods, to our father's representatives and to you, and they have sent the silver under their seals to the City to our father. Also, I have impartial witnesses against you (plur.) as to who transported the sil- ver. Do not obstruct me! Also, one year ago, even before the attorneys came up here, I pleaded with you, saying: ""Come! Let us confront 5 impartial investors with our father's agents to prove that for every shekel of silver that our father's agents checked us for in response to the missive from our father that Idnaya brought, for the silver, the proceeds from the goods and his outstanding claims, that we cleared with them while our father was alive, and a message from his agents and one from us went back to him in the City with his messenger Idnaya concerning how much silver was deposited with me and with you."" As for you, until this day you have refused a deal with me, and you are un- willing to arrange a meeting, and instead you keep writing to procure an attorney and a tablet of the City. I submit to the tablet of the City and the attorney of my lord. Come! It concerns your ... Let us arrange a meeting witnessed by this attorney with 5 investors in addition to the 4 who repre- sent our father, and let the silver, the pro- ceeds from the goods and the outstanding claims be recognized with them as wit- nesses, and let him deduct the silver depos- its that will come to our father plus the expenšeš that he has paid, and let us pay the rest of the silver, as much as they will set down as owed by us, and let us go with the attorney and ...",AKT 6a.pdf
230. kt 94/k 1396,"a-na Su-{d}DUMU.ZI E-la-a A-dì-da Li-ma-šì u En-nam-ll:A]-šur qì-bi-ma um-ma En-nam-A -/šur u -ld-hu-um-ma i-na Dur4-hu-mì-it 40 GO URUDU , ma-šz-am bu-la-tì ša a-bu-ni e-zi-bu um-me-a-nu ša a-bi4-ni u šì-ki-ni u-ka,-/u um-ma ne-nu-ma a-la-an URUDU a-nim mì-ma bu-ld-ti ša-ni-a-am a-bu-ni u-ld e-zi-ib URUDU ra-₁[na KB] li-tu-ur-ma KB a-na -lim{ki} li-li-ik-ma , 'A l' l u-qu-tum zš-tu •V - zm ki X [X X a]-we-íu-u u-nu-hu GU bu-la-[tz1 r. 40 URUDU ša a-bi4-ni u-ka-lu-ni um-ma šu-nu-ma u NA4 [ZA.GIN] ik-riJ bu 1 ša a-bi4-ku-nu : [(. .. )] lu ni-šu-uh: a-ba-u-[ni] be-lu-ni a-tu-nu a-we-[lu] NA4 ZA.GIN ik-ri-bi4 ša a-[bi4-ni] a-na e-td-ri-ni i-za-zu ih-da-ma -lam mu-uh-ra-/ ma ma-la ik-ri-bu ša -šur la i-ha-li-qu-ni ep-ša-/ma 1. tup-pa-am , ša v - zm ki le-qe-a-ma ki-ma NA4 [ZA.G]IN a-na KB i-tu-ru-[ma a-di. .. ] ik-ri-bu [ ... ] uš-ti-ru-bu [u e. ah-za-nim-ma KIA -lu-a na-dp-ša-tí-ni et-ra I.e. a-na ik-ri-be a-ni-u-tim a-bu-ni me-et","To Su-Tammuzi, Elaya, Adida, Lamassi and Ennam-Assur from Ennam-Assur and Ali-ahum: In Durhumit our father's investors have seized 40 talents of washed copper, assets that our father left; they also detain us. We said: ""Apart from this copper our father left no other assets. Have the copper converted to silver and let the silver go to the City, and then let goods be transported from the City so you may be paid in full in silver."" the men make trouble ... Not only do they hold the 40 talents of copper, our father's assets, but they say: ""Let us also take away the lapis lazuli, your father's votive offering."" Our dear fathers and lords, the men are ready to remove the lapis lazuli, our fa- ther's votive offering from us. Take care to confront the City and act so that the votive offerings for Assur are not lost, get a tablet from the City stating that the lapis lazuli must be converted to silver and until the votive offerings are brought m ... Also, hire an attorney and have him leave together with Aluwa and save our lives. For these votive offerings our father died.",AKT 6a.pdf
231. kt 94/k 1134,"a-na Šu-Ta-mu-zi E-ld-a -šur-ma-šu-i Ku-da-tim -di-da Ld-ma-ši u En-um-A -/Šur qt-bi-ma um-ma En-um-A -šur-ma i-nu-mi ld li-bi DINGIR₁-ma Ku-da-tim dš-pu-ra-ku-nu-tì um-ma a-na-ku-ma i-na U4-mt-im ša a-bi-i H-im-tu-šu i-na ma-ah-ri-ku-nu i-H-ma i-?u-ra-tim a-ba-u-a be.tu-a : a-tu-nu ma-la a-bi-i i-H-mu-ni-a-tí-ni me-eh-ra-at H-ma-tim ša a-bi4-a šu-ba-al-ki-ta-ni-ma tup-pd-/am šu-a-tl za-ku-ša : a-na -lu-wa dl-na-ma iŠ-tl ba-tí-qì-im pd-ni-im-ma tu-ur-da-ni-šu e. tup-pt- 'k u-nu u-qa-a ' ' na-aš-pe-ra-tt- 'k u-nu 'V ' la-dŠ-ta-me-ma la-li-kam-ma e-in -šur u e-ni-ku-nu r. ld-mu-ur-ma E a-bi-a lu-bi-ib u ku-nu-tì lu nu-ša-hi-it-/ku-nu a-ba-u-a be-lu-a a-tu-nu a-na-kam um-me-a-nu u-nu-u-ni u bu-ld-tì ša a-bi-i e-zi-bu i-?a-db-tu a-ma-kam KB ša a-na E A-lim{ki} a-bu-ni ha-bu-lu-ni-ma tup-pd-am ša dl-in l. l / . / - xm ki ta -qe-a-m u ša-m-am v • d'. At- tup-pa-am , ša v t-tn - tm ki a-šu-mt hu-ša-ri ša ik-ri-bi ša -šur ša ni-iŠ-pu-ra-ku-nu-tì-ni -lam mu-uh-ra-ma tup-pd-am ša di-in A-LAM le-qe-a-nim-ma ša a-dì ik-ri-bu uš-te-ru?-bu-ni u KB ša E -lim{ki} uš-ta-bu-u-ma : ma-ma-ran 1 e. i-na um-me-a-an Ša-lim-A -šur Ia i-td-hi-u ep-ša-ma 2 tup-pe-e ša v z-zn - zm ki u , I.e. me-eh-ra-at ši-ma-tim šu-ba-al-ki-ta-ma MAS KIM ah-za-ni-ma -lu-wa u MAS KIM KI pa-ni-im-ma tu-ur-da-nim šu-nu-ti u-qa-a a-na-ku a-ld-nu-ku-nu ma-nam z-šu • v","To Su-Tammuzi, Elaya, Assur-massu'i, Kudiitum, Adida, Lamassi and Ennam- Assur from Ennam-Assur: When sadly my father died I wrote to you ""On the day that my father left (Assur) he declared his testament with you as wit- nesses, and he drew up 4urtu-documents for us. My dear fathers and lords, have a copy made of my father's will, what he decided for us, and give this cleared tablet to Aluwa and send him with the first express caravan."" I am waiting for your letter. Let me hear your missives, so I can come, see Assur's eye and your eyes and clear my father's house (of claims). And as for you, let us settle your affairs. My dear fathers and lords, the investors are pressuring us here and they have seized the assets that my father left. There you have received a tablet with a verdict of the City concerning the silver our father owes to the City Hall, plus a second tablet with a verdict of the City with regard to the lapis lazuli of the votive offering for Assur that we wrote to you about. Confront the City and get a tablet with a verdict of the City stating that until they bring in the votive offerings and the silver of the City Hall has been paid in full, noone among the investors of Salim-Assur may make demands. Do this and dispatch the 2 tablets with verdicts of the City plus a copy of the testament, and hire an attor- ney and send Aluwa and the attorney as soon as possible. Those I am waiting for. As for me, apart from you, whom do I have?",AKT 6a.pdf
232. kt 94/k 1117,"a-na Šu-Ta-mu-zi E-ta-a :A -šur-ma-šu-wi -dt-da u En-um-A -šur qi-bi-ma um-ma En-um-A -šur-ma a-ba-u-a be-tu-a: a-tu-/nu , 1. a-na tup-pe-e ša v - tm ki k ša V aš-pu-ra- IV u-nu-tt-m I ' a-ma-kam ih-da-ma a-na ša aš-pu-ra-ku-nu-ti-ni -lam mu-uh-ra-ma dl. l' ki tup-pe-e I ša v t-m - tm le-qe-a-nim-ma -lu-wa e. u MAŠKIM tu-ur-da-nim r. be-lu-a : a-tu-nu a-ma-kam U ta-ša-la-ta-ma u4-me-e ma-du-tim a-na-kam e-ne-ku-nu la-mu-ur iš-ra-tim še-bu-ul-ta-ku-1 nu ku-nu-ki-a : -lu-wa na-aš-a-ku-nu-tì i-na u4-mì-im ša e-ra-ba-ni ITI.l.KAM iš-ti-in ra-mì-ni lu-za-ki-ma U-li-kam-ma e. e-ne-ku-nu U-mu-ur I mì-nam ma-da-tim lu-ld-pì-ta-lku-nu-ti ki-ma E a-bi-a te-ti-ra-ni ep-ša","To Su-Tammuzi, Elaya, Assur-massu'i, Adida and Ennam-Assur from Ennam- Assur: My dear fathers and lords, take care there with the two tablets from the City that I wrote to you about, and confront the City concerning what I wrote to you, get tablets with verdicts of the City and send Aluwa and the attorney. My dear lords, do not act rashly there, lest I be delayed here a long time, and my fa- ther's house be lost. I shall come and see your eyes. Aluwa brings you the belts, your ship- ment, under my seal. The very day your attorney arrives, I shall clear myself within a month and come to see your eyes. Why should I write at length to you? Act so as to save my father's house.",AKT 6a.pdf
233. kt 94/k 739,"a-na -šur-ma-šu-wt v I • u I a-ma-št I I qt- I t4-ma um-ma En-um-A -šur-ma a-šu-mì H-ma-tim ša a-bi-ni tt-tr-tt a- t -št-šu v,v aš-pu-ra- ,v t-ma ma-ti-ma ti-ir-ti u-ta e-zi-ba-am-lma uz-ni la ta-r pa-tí1.i u li-ba-am u-[la] ta-di-ni-im a-na-ku a-la-nu-tlšic [a]-ha-tam u he-el-tam ša-ni-tam ma-nam i-šu-u : iš-tit u4-mz-im ša a-bi-i i-mu-tu a-šu-mt mu-Ši u u-ri la a-ša-ga-šu-/ni -šur u i-ta-bi-ni e. li-tu-ta um-ma a-na-ku-ma x-ti-iš a.r ha ₁-ti u-za-ka u be-ti-ša u-ba-ab-Ši-ma r. u-ša-an-wa-ar a-tì ma-ti-ma ti-ir-ti-ki ta i-li-kam-ma li-ba-am U-/a ta-dì-ni-im i-na r U4 ₁-mt-im ša tup-pi ta-ša-me-a-ni -šur-ma-šu-i u a-ti me-eh-ra-at Ši-ma-tim šu-ba-al-ki-ta-ma iš-ti -lu-wa še-bi4-la-nim 1/2 ma-na KB Ku-da-tum ub-la-ki-im 1/2 ma-na KB a-ha-ma 2 GIN a-me-er-i-ti-ki :A -lu-wa na-aš-a-ki-im : be-el-ti a-ti mu-Ši u u-ri ša-zu-za-ti-a ša-am-ti-i-ma a-ma-la e. aš-pu-ra- ,. k u-nu-tt-nt ' -2 tup-pe-e ' d'. t- l , ša v t-tn - tm ki e-qe-a-ma Aš-du u -lu-wa tu-ur-1 da-nim u mz-ma ša ta :E a-bi4 < -ni > a-hu-ur-tam šu-up-ra-nim-ma uz-ni pe-te-a um-me-a-nu a-bi4-ni be-tam ik-ta-an-ku","To Assur-massu'i and Lamassi from En- Concerning our father's testament I have written to you (fern. sing.) five times but no answer ever left for me, and you do not inform me or encourage me. As for me, apart from you, what sister and lady do I have? From the day our father died, may Assur and our father's god be my witnesses- have I not exerted myself to the utmost night and day? I said to myself: 11 I shall clear my sister, clean her house ••• and lighten up her darkened face. 11 But as for you, you never sent me word and never encouraged me. On the day you hear my letter Assur- massu'i and you should have a copy made of our father's testament and send it with Aluwa. Kudatum brought mina of silver; Aluwa brings you mina of silver and furthermore 2 shekels for your daughter. My dear lady, plague my representatives night and day, and, as I wrote to you, get 2 tablets with verdicts of the City, send Asdu and Aluwa and write me about all the remaining that is not of our father's house, and inform me. Our father's investors have just sealed the house.",AKT 6a.pdf
234. kt 94/k 863A,KISIB Šu-Ta-mu-zi E-la-a En-um-A-šur DUMU E-la-ma u La-ma-šì a-na En-um-A -šur,"Sealed by Su-Tammuzi, Elaya, Ennam- Assur son of Elamma and Lamassi; to Ennam-Assur.",AKT 6a.pdf
235. kt 94/k 863B,um-ma Šu-Ta-mu-zi E-La-a En-um-A -šur u La-ma-šì-ma a-na En-um-A -šur u -La-hi-im qì-bi₄-ma a-ma-la na-aŠ-pi-er-tí-ku-nu ni-hu-za-ku-nu-d A-bi-a DUMU Be-e-be: i-na ša-am-5í ša e-ra-ba-ni ih-da-[ma i-zi]-za-ma lu DAM.GAR a-bi-ku-nu lu [ša a-w]a-tam tí-šu-a-ni m i-na ša ]-ha-tí-ku-nu li-zi-iz-ma i-na rKB 1 pa-ni-ma a-šar [ ta-ma ]-ha-ra-/ ni ša E -lim{ki} šu-ta-aṣ-bi-ta-ma KB ma-ld a-bu-ku-nu ha-bu-lu KB ku-un-ka-[ ma še-bi-ld-nim] ra-bi4-ṣu-um iš-tí-ku-nu [li-ik-nu-u ]k-ma KB li-ma-am lu nu-ša-[bi ṣ1-ba-at] ṣí-ib-tim La i-ma-i-da-ku-nu-tí-ma li-ba-ku-nu e im-ra-aṣ ma-la e-tci-ar E a-bi₄-ku-nu ep-ša šu-ma ta-da-ga-lci-ma e. tup-pu ha-ru-mu-tum u ba-ba-a-tum ru-qci-tum i-ba-5í- < u > tup-pi r. ku-un-ka-ma a-na DUMU um-me-a-nim ke-nim ša ki-ma ku-nu- < tí> pi-iq-da-ma u4-me-e-ku-nu ba-lu-um mì-ma-ma lei tu-ri-qci-ma lei ta-ša-hu-ra iš-tí ra-bi4-ṣi-im tí-ib-a-nim-ma a-tal-ka-nim a-na-kam a-Šu-Ku-bi4-im ni-iṣ-ba- <at> um-ma ne-nu-ma 5 ma-na KB i-na ša tup-pì-ka Ša-lim-A -šur i-di-na-kum a-dš KB ša a-ma-kam ta-za-ka-ra-ni KB ka-u-nam lei i-mu-ni-a-tí 2/3 ma-na KB ig-ri ra-bi4-ṣi-im 1/3 ma-na KB a-na-kam il₅-qe 1/3 ma-na a-ma-kam i-lci-qe 16 1/3 GIN KB a-na qci-tí-šu-nu ni-di-in 112 ma-na 6 2/3 GIN KB ga-mar-šu-nu E tam- < ka > -ri-im a-ṣi-ib-tim ni-il₅-qe a-ma-kam KB ku-un-ka-nim-ma iš-ti a-li-ki-im pci-nim-ma šlbi4-lci-nim-ma DAM. GAR lu nu-ša-bi4 u KB e. 1 ma-na u 2 ma-na še-bi4-ía_r nim 1 u-ta-tam 10 BANES a-pa-ni-ku-nu ni-iš-pu-uk urn-rna E-la-a-ma šu-ma a-hu-a H-im TUG KB ku-un-ka-nim-ma gi-im-ld-ni,"From Su-Tammuzi, Elaya, Ennam-Assur and Lamassi to Ennam-Assur and Ali- ahum: In accordance with your missive we have hired a attorney for you; Abiya son of Bebe is our attorney. Take care to stand by the very day the attorney arrives, and have the attorney assist you both with regard to the customers of your father and those with whom you have an argument, and of the first silver, wherever you re- ceive it, collect the silver of the City Hall, as much as your father owes, seal the sil- ver and send it; the attorney should seal it together with you, and then send the sil- ver so we can satisfy the eponym. The compound interest should not grow too big for you and make you unhappy. Act so as to save your father's house. If you observe that there are certified deeds and credits outstanding on long terms, then seal the tablets, entrust them to a trustworthy affiliated trader, like your- selves, and do not extend your terms without special reasons, do not delay but set out and come together with the attor- ney. Here we seized (witnesses) against Su- Kiibum and said: ""Did Salim-Assur give you 5 minas of silver out of those in your tablet?"" He refused to confirm to us the silver, what you will declare there. 2/3 mina of silver: hire for the attorney; he received 1/3 mina of silver here and will receive 1/3 mina there. We gave 16 1/3 shekels of silver for their disposal; 36 2/3 shekels of silver, their expenses, we borrowed in a merchant-house against interest. Seal silver there and send it with the first transport so we can pay back the merchant. Also, send at least 1 or 2 minas of silver; send it so we can store 40 litres of grain before you come. Elaya says: If you are truly my brothers, you must seal the proceeds from the tex- tile in silver and do me a favour.",AKT 6a.pdf
236. kt 94/k 772,La-ma-ši-ma En-nam-A -šur u urn-rna a-tu-nu-ma : ah-za-nim tup-pa-am ša -lim{ki} ra-bi4-ṣa-am . h u-za- k u-nu-tt '' u tup-pa-am ' ša - t- tm v ki < qe> a-ma-kam ki-ma ša bu-lu-ut la tu-uŠ-te-ṣa-a-ma i-ṣìer E La a-birku-nu i-ša-la lu Ši-ta-am a-tit-nu-ma KB-ap a-bi-ni ma-la a-wi-lu-tí-ku-nu pa-hi-ra-ma it pu-ut a-bi-ni it E-/et r. a-bi4-ni e-bi-ba-ma ša-li-um :E-et a-bi4-ni la i-ša-la : ta a-pu-tum šu-ma a-hu-a a-tit-nu e-ku-ša-ku-nu-ti KB 10 ma-na ma-la a-wi-lu-ti-ku-nu lu da-pu-ur-ti E a-bi4-ni it E a-bi-ni e-bu-bi-im ep-ša-ma it ra-ma-ku-nu za-ki-a-nim ti-ib-a-nim-ma a-tal-ka-nim-ma u iŠ-tiDAM.GAR it um-me-a-ni a-birku-nu zu-ku-a [a-p ]u-tum šu-ma a-ma-kam e. a-tit-nu ša-tam iŠ-te-et ša-ah-ra-tit-nu za-lu-ar-[t]am a-šar 1 ma-na it 2 ma-na-e KB I.e. a-bu-ni ha-bu-lu ší-bi4-la-nim-ma lu ni-iš-qu-ul r i-na 1 da ma am r tum?₁ a-na pa-e : ta,"From Lamassi to Ennam-Assur and Ali- ahum: You have written, saying: ""Hire an attorney for me and get hold of a tablet from the City."" We have hired an attorney for you and we got hold of a tablet from the City. Just as when your father was still alive do not quarrel there so no evildoer may do harm to your father's house. As for the rest, it is you who must collect our father's silver as true gentlemen, and clear our father and our father's house of claims, and so no evildoer can do harm to our father's house you must not quarrel. Urgent, if you are truly my brothers, the attorney has gone to you - act šo that you make at least 10 minas of silver as true gentlemen, by dearing both the satisfac- tion1 of our father's house and our father's house itself, and then clear yourselves, set out and come here šo that you may clear matters with the customers and investors of your father. Urgent, if you are delayed there for a sin- gle year, then send ... where our father owes 1 or 2 minas of silver, and then let us pay it. ... do not go out ...",AKT 6a.pdf
237. kt 94/k 1626 + 1627,"um-ma La-ma-šì-ma [a ]-na -la-hi-im qì-bi4""ma mz-šu ša iš-tu i-li-ka-ni-ma u tup-pi ta-as-ta-na-pa-ra-ni[ -rna] u a-dt u4-rni-irn a-nirn Ia ta-la-ka-ni-rna a-wa-at E a-bi<rka E u a-bi<rku-nu break [i-na u4-rnt-irn] sa [(..J] r. [tu]p_rpz 1 t[a]-Sa-rne-u [t{-]ib-a-nirn-rna al-[ka]-/ni[rn]-rna [E] a-bi₄-ku-nu za-ki-a-rna [u] a-tu-nu ra-rna-ku-n[u] [za-]ki-a-rna KB sa E [A-]Iirn{ki} Ia i-rna-id [t]f-ib-a-nirn-rna GIN [a-]tal-ka-nirn 10 K[B [ x x ]-ka -sur-tak-la1-ku ... ] break","From Lamassi to Ali-ahum: Why is it that since the attorney arrived and indeed that you keep sending me let- ters, yet until this day you do not come, to organise the affairs of your father's house and so do not clear your father's house, and ... ... the very day you hear my letter you (plur.) must set out and come and clear your father's house- so that you your- selves may then clear yourselves and the debt in silver to the City Hall does not grow large. Set out and come! 10 shekels of silver ... ... Assur-taklaku ...",AKT 6a.pdf
238. kt 94/k 1337,"[a-]na En-urn-A-sur q{-bi-rna urn-rna -na-na-rna is-tu a-r bu-ka 1 rne-tu a-hu-ka : a-na r -lirnkh tup-pa-arn : u-sP bi-!a₁-rna i-r 1 :E rni-rna u-nu-tarn : na a-/bi-ka i-ba-H-u: i-na rqa?-₁[at] a-hi-ka : a-na kiJ dim 1 tu-uš-te ' v "" ' : a- r ta 1 a-na u-nu-tim : ša qa-at-ka ik-šu-du : a.r ta 1 ki-ma ša-zu-uz-tam tu-ša-zi-zu-u e. pa-al-ha-ku-ma : mi-ma u-la e-pa-aš: u mt-Šu r. ša ta-aš-ta-na- < pa- >ra-ni um-ma a.r ta-ma 1 :a-na r x x x na x 1 tí-ni r X X 1 ma-na u-íu 1 2 ma-na [x x] r x a-ta 1 we-di-ka : [ x x] r tí-x 1 r x x 1 ma-a-ma : r we-dì-ka-ma 1 :a-rna 1 a-bi4-/ka r la-am-da-₁tí: u ri-ik-/ša-am r ša 1 tUìše'-]bi4-la-ni [i-]na tupìpi-]ka a-na r 1 l'[ ... e. XX XX ta-pi-it [ ... 1/3 ma-na[ ... r a-na 1 bi4-ki-tim i-di-nu I.e. [i-na] wa-ar-ki-tim [x (x)] tì bi [x] r ap-ra-am 1","To Ennam-Assur from Anna-anna: After your father died your brother sent a letter to the City and all the goods that were in your father's house you/ she brought outside into your brother's hands. As for you, for the goods that you got hold of- since you yourself appointed an agent, I am afraid and shall do nothing. Also, why do you constantly write to me, saymg: ""For ... 1 or 2 minas ... you alone and you alone have been recognišed for your father. Also, as to the bundle that you sent me, in your letter- was written ... 1/3 mina of silver they paid for the mourning ceremony. Later ...",AKT 6a.pdf
239. kt 94/k 1178,"a-na En-um-A -šur qi-bi4-ma um-ma A-na-a-na-ma na-dš-pe-er-tam ša iltí : u-bi4-ku-ni ld i-ha-li-iq ta-e-ra-5í KB ša ag-mu-ru SA.BA ld-pu-ut 1 ta-ld-ne-en 2-ni-šu šu-hu-pd-ta-an mu-ša-ra-am 3-Ši-šu ša-hi-ra-an 2 iš-ra-an riJ iíl-tdm qd-ar-nam u [x-]i 15 du-ul-ba-tum u mu-lu-hu-um mi-[ma] a-nim u-še-birlam 1-turrDINGIR ha-r[a-š1u e. . ki k , a-na - l zm e -pa-at šu-ma mi-ma ri-ik-šu-um r. E-tf-Su i-ba-Ši tí-ir-tí-ka li-li-kam-ma ml-li-ik dŠ-pu-ra-kum um-ma a-na-ku-ma ki-ma e-ru-bu-ni-ni ma-ma-an i-ša-ha-tí <-a> ld-šu a-pu-tum i-na ša-am-Ší tup-pi ta-ša-me-u 5 ma-na KB ku-nu-uk-ma ku-nu-ki-ka 1 lu-ub-lam a-na-kam nu-a-u e-ta-na-ri-šu-ni 1-na-Šu-in e. i-Hu-ra-ma wa-ša-ab -la-hu-um a-hu-ka ií (S U)-ti-ka r v 1' ,. - a-ša- ap-ru-šz-zm z-za-az I.e. [ti-ir-]ta-ka a-wa-tim ŠIG₅-tim a-na -mur-Htar še-bi4-lam","To Ennam-Assur from Anna-anna: The missive that I dispatched with the ser- vants must not be lost. Return it. In it is noted the silver I spent. 1 pair of talldnu, two pairs of boots, 1 belt, 3 pairs of šahiru-šhoeš, 2 scarves, a first- class horn (of oil) ... 15 logs of plane tree and muluhu-wood - all this I sent to you with my servants. As for Itur-ili, his journey to the City is getting close. Send me word whether there are any bun- dles in his house and make up your mind. I wrote you, saying: ""Since the servants have entered there is no one to assist me."" Urgent, the very day you hear my letter, seal 5 minas of silver and let one servant bring it under your seal. Here the natives keep demanding (silver) at interest from me. Enna-Suen lives in Hurama. Ali-ahum, your brother, is ready to separate (him) from you. Send word with good news to Amur-IStar.",AKT 6a.pdf
240. kt 94/k 1254,um-ma E-ld-U-ma a-na En-um-A -šur qì-bi4-ma -ld-hu-um a-na ša ki-ma šu-a-ti iš-pu-ra-am um-ma šu-ut-ma : i-na -lim{ki} ah-za-nim-ma a-na ma-La tup-pì-im ša a-bu-ni e. hu-bu-lam : i-na li-bi4-a u li-bi₄ r. a-hi-a : i-di-u i-na qi-bi-ti-ni la-aŠ-ta-al-šu-ma u lu-ša-ši-ha-šu la-ma : i-li-ka-ku-ni-ma i-pz-ka : ra-ma-ka za-ki-ma ti-ib-a-ma a-tal-kam e. Ši-im ša a-na a-bi4-ku-nu a-di-nu I.e. še-bi4-lam 1 TUG ša -ki-di-e La-qi-ep na-aš-a-kum,"From Elali to Ennam-Assur: Ali-ahum has written to his representa- tives, saying: ""Hire an attorney in the City for me and let me question him (Ennam-Assur) on the basis of our instructions in accordance with the tablet about how much our fa- ther set down as debts from me and my brother, and then have him extradited."" Clear yourself before the attorney arrives and seizes you for a statement, set out and come. Send me the proceeds from my textiles that I gave to your father. La-qep brings you 1 Akkadian textile.",AKT 6a.pdf
241. kt 94/k 815,"um-ma En-na-Šu-in u En-urn-A -šur-ma a-na Um-ma-za u rru₁-ta-a um-ma En-na-Šu-in-ma a-na Um-ma-za qi-bi-ma :a-hi a-ta eb-ri a-ta a-ta u Tu-ta-a : La-qi-ep i-na Ši-a-ri-im u ša-am-šu-wa-im ki-ma ša a-na ra-mi-ni-/ka u i-a-tim tu-uŠ-ta-ba-ru-r u₁-/ni [ih-d]a-ma: a-na ma-la na-aš-pe-er/-tí-ni [ša a-n ]a La-qi-pi-im , ] dE [ u -šu-va-nt v /_ • nt-zš-pu-ra-nt • • v • i-na ša-ba-at La-qi-pi-im [i]-zi-za-ma: ih-da-ma i-na [pa]-ni-im-ma pu-r uh ₁-ri-im [ta-e]-ra-ma: A-lam5ki mu-uh-ra-/ma [a-na] ma-la ša na-r[u-q]i-im ki-/ma [ a-wa-t ]um ša -lim{ki} [da-na ]-a-ni-/ ma e. [tup-pu-um] GAN-lam5 u-ku-ša-ni [a-na -l]im{ki} r ta-e-₁ra-ma r. [tup-p ]d-am ša di-in -lim{ki} [le ]-qe-a-nim-ma ša ki-ma ší-ma-at [ŠJa-lim-A -šur ša -lim{ki} tup-pu-um r ši Ša-lim 1 ša Šal-ma-r -šur 1 ša ba-ab ni-bi-ri-šu , .[ b]. r ,< 1 a-wa-šu z q- u- -ma tup-pu-um t4- a-na r I-li-a DUMU E-La-lít pa-aq-du-/ni tup-pu-um šu-ut r i-mu-tu-ni₁ , r d'. l"" ki tup-pa- am 1 ša v z-zn - zm le-qi-a-nim-ma ša ki-ma tup-pu-um ša a-na r íl-li-a pa-aq-du-ma i-mu-tu-/ni u ma-ru Ša-lim-A -šur a-na -lim{ki} iŠ-ti MAS KIM i-lu-ku-ni-ni-ma a-na 5í-ma-tt-Šu-nu ša -lim{ki} t- ki e-ta-u-nt , • tup-pa-am , ša v - zm ša ki-ma a-ni-a-tim le-qe-a-nim-/ma iš-ti Tu-ta-a še-bi-la-ni-šu ll tu-ša-aš-ha-ra-šu a-na-/kam iš-tí Tu-ta-a na-am-gu 5-ra-ni e. i-tup-pi-im ša -lim{ki} šu-um-šu lu-up-ta-nim a-na Um-ma-za qì-bi-ma i-hi-id-ma i-ša-ha-at La-qe-ep i-z[i-iz-ma tup-pa-am] I.e. u [s1a -lim{ki} le-qìa-nim ne-[nu] a-we-[el] . ' z- . ' -z k' gt-mt- z m-ga-mt-t r tš-ra . 1[ -am a-na ] 5- v qa-ab-li-ka Tu-ta-a n[a-aŠ-a-kum]","From Enna-Suen and Ennam-Assur to Ummaza and Tutaya; from Enna-Suen to U mmaza: My dear brother and friend, you and Tutaya, pay attention morning and day towards La-qep as you would be persistent towards your own affairs and mine, assist Li-qepum in accordance with our missive that we sent to L:i-qepum and ESu-bani, and take care to react at the first assembly- meeting and confront the City, turn back to the City concerning the joint-stock capital since the orders of the City are strict, and the tablet abroad has been superseeded, and get a tablet with a verdict of the City stating that since the will of Salim-Assur of the City lies around, the tablet of Salim-Assur in which he spoke his will when he passed away, and which was entrusted to Iliya son of El:ili, that this tablet will be invalid. Get a tablet with a verdict of the City stating that the tablet which was entrusted to Iliya is invalid and that the sons of Salim-Assur shall go to the City with the attorney and debate on the basis of their will (made) in the City. Get a tablet from the City with this content and send it with Tutaya. Do not cause him any delay. Here we are agreed with Tutaya. Write his name in the tablet from the City. To Ummaza: Take care to assist Li-qepum and get a tab- let from the City. We too are men capable of doing favours. We shall show you one! Tutaya brings a belt for your waist.",AKT 6a.pdf
242. kt 94/k 720,"iš-tì Tu-ta-a še-bi₄-ld-šu šu-ma a-ma-kam mu-ta-er a-wa-tí-ka i-na pu-uh-ri-im i-ta-ab-H Šu-Ta-mu-zì E-ld-a u -dí-da ša i-na H-ma-at a-bi-a : a-ma-kam na-lu-ni-ma i-na ku-nu-ki-šu-nu H-ma-at a-bi-a ka-an-ka-[at-ni a]-na [pu ]-uh-ri-im šu-du-da-ma [IGI] r -lim ,ki pUu-nu e. [li-i]p-uí-u-ma ki-ma [a-wa-a]t? tup-pì-im [š1a a-na-kam pa-aq-du e-pu-uš a-bi a-ta i-hi-id","... send him with Tutaya and if there has appeared an opponent of your case there in the assembly, then drag Su-Tammuzi, Elaya and Adida, who have been lying on my father's testament there, and with whose seals my father's testament has been sealed, drag them to the assembly have them open their mouths before the City assembly and act in accordance with the words of the tablet that has been entrusted here. My dear father, be careful!",AKT 6a.pdf
243. kt 94/k 1135,"a-na -la-hi-im qì-bi-ma um-ma SI G₅-pì-A -šur-ma a-ma-Id na-aŠ-pe-ra-tí-ka ša ta-dì-na-ni i-ša-ha-at a-ha-ti-ka ni-zi-iz-ma -lam' ni-im-hu-ur-ma i-na DUB 1. , , ša v - tm ki ša v nt-t • . 1 5-qe-u < DUMU. > Mf Šal-ma-A -šur lu KB lu tup-pu-u lu tup-pu-um ša Šal-ma-A-šur i-Dur4-hu-mì-it ša hu-bu-ul En-um-A-šur u -la-hi-im ša um-me-a-nu a-na I-li-a ip-qì-du-ni ma-la DUB šu-a-ti ša Šal-ma-A-šur u-la-pi-tu En-um-A-šur e. u -la-hu-um KB i-ša-qu-lu-ma a-na i-du-nu-ma KB a-na r. me-eh-ra-at rnUB₁ ša-ni-im u i-ma-ah-ri-a-ma A-ba-ba ša i-na ba-ri-ku-nu i-qa-bi4-u um-ma šu-ut-ma KB la-aš-qu-ul i-na ša-ha-at i-za-az-ma l / 'I , 'I ša v zš-qu- •v u u-ša v ! -aš-qa /V ša ki-ma ku-a-ti ip-nu-u-ni-ma um-ma šu-nu-ma a-wi-lu-um a-hu-ka KB a-na ig-ri šu-qu-ul a-dì-i a-wa-tum ku-a-tu-ni 1/3 ma-na 5 GIN KB i-ra₁-mi-ni-a a-ša ki-ma ku-a-ti u e. aš-qu-ul a-hi a-ta 1/2 ma-na KB a-pa-ni-a iš-ti ba-ti-qí-im pa-ni-e-ma še-bi4-lam ki-ma i-Ha-hi-im u-nu-ti ha-ra-an šu₁-ki-nim","To Ali-ahum from Damiq-pi-Assur: In accordance with your missives that you gave me we assisted your sister, con- fronted the City assembly and according to the tablet of the City that we received, Salim-Assur's daughter will take an attor- ney, stating that both the silver, the tablets and the tablet of Salim-Assur that the in- vestors entrusted to Iliya in Durhumit concerning the debt of Ennam-Assur and Ali-ahum - in accordance with this tablet that Salim-Assur wrote, Ennam-Assur and Ali-ahum must pay the silver, give it to the attorney and the silver should go to the City - now, copies of the second tablet (exist) and we have seized the attorney Ababa for you with me as witness. He among you who says as follows: ""I shall pay the silver,"" he will assist the attorney, and he shall make the one who has not paid pay. Your representatives turned to me and said: ""The man is your colleague. Pay sil- ver for the hire of the attorney."" Since the matter is indeed yours I paid 1/3 mina 5 shekels of silver on my own to your representatives and the attorney. My dear brother, send to me mina of silver with the first express cara- van. Since my goods have left Hahhum, the Narrow Track ...",AKT 6a.pdf
244. kt 94/k 844,"um-ma -ta-ta Šu-A -nu-um Da-na-a < u > La-ma-šì-ma a-na -la-hi-im qì-bi-ma a-na ma-la ti-ir-ti-ka 1. ki tup-pa-am , ša v - tm ni-i/₅-qe-a-ku-um u r ra ni-[ h ]u-za-ku-um i-na dì-in -lim{ki} tup-pa-am ša a-na 1-li-a DUM[U E-]la-li pa-aq-du a-na ra-[bi]-ṭ-im u-šu-ru-ma KB ša tup-pì-r X x x ku-nu ša i- <ša-> qu-lu i-ša-ha-at i-za-az ma-la-hu-u[m] a-ha-am u-ša-aP m/₁-[u] a-ma-kam KB šlat e. a-na [ ... ] ši-qu-ul-ma i-ša-[ ha-at] r. i-zi-iz-m[ a] KB ša li-bi4 : a-hi-ka ša-aš-qi-la-šu-ma KB ku-un-ka-ma a-na dì-na-ma lu-ub-lam a-tu-nu al-ka-nim-ma a-na 5í-ma-ti-r ku ₁-nu a-ta-wa _r ba ₁-ba ma-na KU ig-ru-šu 2/3 8 GIN 113 ma-na f8 11 GIN KB a-na ŠIGš-pi-A -šur i-dí-šu-um 1/3 ma-na KB r a-₁ma-kam di-Šu-um gam-ra-am ša ba-r ra-nim U X X l 8 GIN KB di-šu-um a-diNA₄.ZA.GIN ša a-bu-ku-nu a-na Ma-ma-hi-ir i-di-nu a-ma-kam Ši-bi-rku-nu rEn-na₁-Šu-in: DUMU Uš-[ ... ] e. [x x]-A-šur u tap-pa-r e₁[-šu-nu] a-na ba-abDINGIR rxx₁ še-ri-da-šu-nu-ma tup-pa-šu-nu ša I.e. 5í-bi-ku-nu hi-ir-ma-ma a-URUDU u a-na NA4.ZA.GIN Ma-ma-hi-ir-ma ši-im NA4.ZA.GIN u VR UD U ša-aš-qi-ša-šu","From Atata, Su-Anum, Dannaya and Lamassi to Ali-ahum: In accordance with your instructions we got a tablet of the City for you; also, we hired an attorney for you. Following the verdict of the City they must release the tablet that was entrusted to Iliya son of Elali to the attorney, and the silver from the tablet the attorney ... ... he who pays must assist the attorney. As one brother has made the other hear, there pay the silver that ... to the attorney, and assist the attorney and have paid the silver that is in your brother's possession, then seal it and give it to the attorney so he can bring it. Come here yourselves and discuss about the testament concerning you. Ababa is our attorney. His wages were 2/3 mina 8 shekels of sil- ver. Damiq-pi-Assur gave him 1/3 mina 8 shekels of silver. Give him 1/3 mina of silver there. Travel expenses and ... - give him 8 shek- els of silver. Concerning the lapis lazuli that your father gave to Man-mahir, lead your witnesses there, Enna-Suen son of Us ... , ... -Assur and their partner down to the gate of the god, certify their tablets with your testimony and seize Man-mahir for the copper and the lapis lazuli, and make him pay the price of the lapis lazuli and the copper.",AKT 6a.pdf
245. kt 94/k 1421,[um-ma ... ] [u] La-ma-ši-ma a-n[a (...)] -di-da A-ba-ba u -l[a-hi-im] qí-bi4-ma ta-aŠ-pu-ra-nim-[ rna i-na] na-aŠ-pe-er-ti-ku-nu um-ma a-t[ u-nu-ma] A-lu-wa u4-ma-kalla i-ša-hu-u[r] a-pa-ni-a a-ha-ra-ni li-i[ k-šu-dam] u4-ma-am iš-tu ITI.3.KAM ru₁ A-lu-wa ni-it-ru-da-ma [a-na] urmz-im a-nim mz-ma ša rx₁ [ ..• ] la ni-iš-me u šu-ma-mz-in i-na E A-lim{ki} a-bu-ku-n[u ... ] la ša-ši um-ma ni-nu.r rna 1 rií₁-ti li-bi4-šu li-li-ka[m ... ] r x₁-mu-ma tu [x] ut ri ba [ ... ] rx₁ la K[B ... ]Jx₁ break [ ... ] uA-la-hi-im qi-bi4-[ma] I.e. [ ... ] r -di-da 1 Ši-be a-h[ u-... ] [ ... ] rKB-pz-a ma-l[. .. ],"From ... and Lamassi to Adida, Ababa and Ali-ahum: You have written and in your missive you said: ""Aluwa must not delay a single day. Let him catch up with me on the journey."" Today it is 3 months since we sent Aluwa and until this day we have heard nothing concermng ... Also, if your (plur.) father had not settled accounts in the City Hall, when we said: ""Let him come when he wishes(?)"", To ... and Ali-ahum: . .. Adida ... witnesses ... ... of my silver ...",AKT 6a.pdf
246. kt 94/k 1669,"um-ma [ ... ] a-na -l[ a-hi-im qi-bi-ma] a-pu-tum [i-na U4-mz-im ša] tup-pí ta-[ša-me-u] tí-ib-a-ma [a-tal-kam] um-me-a-nu a-b[i-ka] zš-tt-m •V '• f'l u šlz-na ... ] a-wa-tim ra-hu-ka?₁ [ ••• ] uš-ta-ar-šz-u V V/ / [ tup-pa-am , ] ša a-ma-kam : a-na I-[li-a] ta-dí-na-ni-ma u [ ... ] [ u ]m-me-a-ni e-pu-lu-ni [ x-k ]a-a UR UD U šu-a-tí [x x x] r x₁ ka-a: ma-la [x x] r x₁ i-na li-bi-šu ri₁-Ší-tu lua-na 5[í-im] e. URUDU SIG₅ u e-ma-ri ša a-na ša-ša-tu-[ar] r. tu-še-bi-la-ni-ma qa-šu iŠ-ku-nu a-na mi-ma a-nim Sf-hi šu-ku-šu-ma ma-U URUDU SIG₅ i-E-tí-Šu i-ba-Ší-u: a-ha-rna i-na [URUDU] SIG₅ ša qa-šu iš-ku-nu a-na ni-bi-it URUDU SIGs IGI Ší-bi : ta-ah-ší-iš-[tam] i-dí-ma tí-ib-a-ma: a-[tal-kam] u a-na-kam iJ-tí um-[me-a-ni] lu-za-ki-ku-nu i-na [ ... ] Ia tu-uš-t[ e--?a-a ... ] um-me-a-nu [ ... ] u-šLa ... t.a pu-[ ... ] e. ld [ ... ] a-tal-kam","From ... to Ali-ahum: Urgent, the very day you hear my letter set out and come! One or two of your father's investors have been embroiled in a lawsuit ... your bro- ther ... the tablet that you gave me there to Iliya, and then ... the investors answered. that copper ... ... remains owed by him and that he laid claim to the good copper and the donkeys you sent me in Salatuwar. Set witnesses for all this against him, and set down a memo before witnesses con- cerning the specification on copper of good quality - about how much good cop- per is in his house as well as the good cop- per to which he laid claim, and set out and come. Then I shall clear you here with the inves- tors. Do not quarrel.",AKT 6a.pdf
247. kt 94/k 719,um-ma La-ma-r št₁ -ma a-na mz-šu ša ta-dš-pu-ra-ni um-ma a-ta-ma a-ma-kam a-na rKB 1 GIN₁ e-nl{ki} a-hi-e-iš ra-r ki-iš 1 r X-X ₁-JŠtar e r ₁-ri-ma e ke-e a-bi4-i : i-na re-Ši-a i-ze-zz-tm e. u qd-qi-di-a : e-zi-ba-ši a-na-ku r. KB 1 GIN e-ne-a a-na-šz-ma V/ u ' u-ša-ra-št ' V 'II? [x x (x) k]a tu-ka ld ta-ša-lkdn ld u-ša-ra-Ši mz-[šju-um a-ma-kam um-ma Ka-ld-na-šar E a-hu-ka a-bi4-ni a-na ha-lu-qi-im i-ti-zi-iz a-pu-tum i-hi-id i-[ša]-ha-at ša ki-ma e. e-di-[x]-a-ša i-zi-za-ma [K]B ša r li-x-x ₁-nu I.e. [ x x x x x] r dz₁-na-šu-r nu-ma 1 [x x] ra-bi4-ni ex x ma ₁-la a-tau: r x x₁,"From Lamassi to Ali-ahum: Why have you written me as follows: ""Your eyes are fixed together on every shekel of silver. Do not guard ... -!Star lest she leaves to come here."" Certainly, my father left her to assist me and guard my life. Should then I covet a single shekel of sil- ver and then release her? You will not place ... and I shall not re- lease her. Why does Kalanasar say there: ""Your brother stood ready to destroy our father's house?"" Urgent, pay attention, stand by the attor- ney, .. .'s representative, and ... the silver that ....",AKT 6a.pdf
249. kt 94/k 590B,um-ma Ma-ma-hi-ir-ma a-na En-nam-A -šur qi-bi4-ma AN.NA ša tu-ši-bi4-La-ni-ni -lu-La-a u -mur-ŠŠtar 15 1/2 ma-na AN.NA rx₁-am?-ku-nim Ši-im AN .N -ki-ka 2 ma-na 12 112 GI[N KU].B ku-nu-ki-a še-ep-ŠŠtar u Še-lu-um-ar-dí na-aš-u-ni-kum e. u a-ni -La-hu-um r. iš-pu-ra-am um-ma šu-ut-ma šu-ma : i-na ša a-bi4 i-dí-na-ku-ni m1-ma i-li-bi4-ka i-Ši-a-at a-na a-hi-a La tu-ša-ar šu-ma tu-ta-ší-er a-na-ku u a-ha-tí a-na a-wa-tim ni-ší-e-ka uša ki-ma šu-wa-tí Ší-bi4 iŠ-ku-nu-nim,"From Man-mahir to Ennam-Assur: As to the tin you sent me, Alulaya and Amur-IStar ... 15 minas of tin. The proceeds of your tin, 2 minas 12 shekels of silver, Sep-IStar and Salim-wardi are bringing that to you under my seal. Also, now Ali-ahum wrote to me, saying: ""If any of what my father gave to you remains in your possession, do not release it to my brother. If you release it, then I and my sister will sue you in the matter."" Also, his representatives have set witnesses against me.",AKT 6a.pdf
250. kt 94/k 748,a-bu-ni i-na bu-ul-ltí-Šu 9 TUG.HI.A a-na be-et ka-ri-im na-dì sA.BA 2 TUG.HI.A: ta-ab-lu 7 TUG.HI.A a-na qa-tí a-bi-ni : ta-hu-u 3 TUG.HI.A 38 112 ma-na URUDU SIG₅ 5í-im-šu-nu : qa-ti: a-bi-ni r. i-di: 20 ma-na URUDU SIGs 1 1/2 GIN 22 1/2 SE u KU.TA 10 GIN KB,"Our father deposited 9 textiles at the office of the colony while he was alive. Of that 2 textiles have been taken away. 7 textiles are transferred to our father's account. Ali-ahum deposited 3 textiles at the price of 38 minas of good copper on our fa- Ali-ahum deposited 20 minas of good cop- per, at the rate in silver 1 shekel22 grains, plus 10 shekels of silver.",AKT 6a.pdf
251. kt 94/k 1023,"ku-nu-ki ša a-bi,-ni IGI -la-hi-im DUMU E-la-liiGl 1-di-A-šur DUMU Dan-A-šur IGI Ši-lu-uš-Da-gan ni-šu-uh-ma URUDU nu-ša-ni-iq-ma 47 GU URUDU sA.BA 7 GU URUDU a-qu-bu-ur [a-]bi-ni ga-me-er a-wi-lu a-ni-u-tum-/ma [i]k-nu-ku 2 TUG zi-ri 1 TUG a-bar-ni-um 1 TUG i-na E. GAL-lim 1 ANSE SIGs ni-da-an-ma me-at ša-da-li H-im-šu-nu i-na a-ba-an dividing line KISIB En-na-Šu-in DUMU 1-ku-a KISIB Ša-li-a DUMU 1-di-A-šur KISIB A-šur-na-da DUMU En-um-A-šur KISIB ŠIGš-pi-A-šur KISIB Ma-ma-hi-ir DUMU A-mur-Htar 30 GU URUDU ša-hi-ra-am ša Dur 4-hu-mi-it Ma-ma-hi-ir DUMU A-mur-Htar Šal-ma-A -šur i-šu e. i-na e-ra-bi-šu-ma a-na Ša-ld-tu-wa-ar r. ITI.1.KAM i-ld-ak-ma KB a-na ša ki-ma šu-a-ti u-še-ba-lam-ma URUDU i-ša-qu-lu šu-ma ld iš-qu-lu ki-ma a-wa-at ka-ri-im dividing line KISIB Šu-ma-bi-a DUMU 1-birZU KISIB Šu-Be-lim DUMU DINGIR-ku-ru-ub KISIB Ša-li-a DUMU 1-di-A-šur KISIB En-na-Šu-in D UMU 1-ku-a KISIB Ha-di-tim me-er-i-ti-šu 2 1/2 GU URUDU Š1G5 En-na-Šu-in Ha-di-tim me-er-i-/ti-šu u -ta-a DUMU 1-ku-pi-a [ Š:la-lim-A -šur i-šu ITI.1. rKAM₁ Ku-zal-li [a]-na 2 ITI.KAM i-ša-qu-lu 1 112 ma-na ITA a-na 1 GU-tim dividing line 7 TUG a-na E ka-ri-im a-na qa-ti-šu a-bu-ni na-di 3 TUG 40 ma-na URUDU SIG₅ it-bu-lu dŠ-qul-ma e. a-na qa-tš a-bi4-ni a-dì-i","We removed our father's sealings before Ali-ahum son of Elali, Iddin-Assur son of Dan-Assur, and Sillus-Dagan, and we checked the copper, and there were 47 talents of black copper. Thereof 7 talents of copper was used for our father's grave. These men sealed it. 2 ziru-textiles, 1 Abarnian textile, 1 textile in the palace, 1 good donkey - we sold (this), and we shall receive 100 šadalu- ingots as the price of these things meas- ured with the weight-stone of the palace. Sealed by Enna-Suen son of Ikuwa, by Sal- liya son of Iddin-Assur by Assur-nada son of Ennam-Assur, by Damiq-pi-Assur, by Man-mahir son of Amur-IStar. Man-mahir son of Amur-IStar owes 30 tal- ents of šahhiru-copper from Durhumit to Salim-Assur. On his arrival at Salatuwar one month will pass, and then he will send silver to his representatives, and they will pay the copper. If they have not paid, he will add interest in accordance with the tariff of the colony. Sealed by Sum-abiya son of Ibbi-Sin, by Su-Belum son of Ili-kurub, by Salliya son of Iddin-Assur, by Enna-Suen son of Ikuwa, by his daughter Haditum. Enna-Suen, his daughter Haditum and Ataya son of Ikun-piya owe 2 talents of good copper to Salim-Assur. Month Ku- zallu; they will pay in 2 months. They will add 1 mina per talent as interest. Our father has deposited 7 textiles on his account in the colony office. 3 textiles cost 40 minas of good copper. I have paid it and deposited it on our father's account.",AKT 6a.pdf
252. kt 94/k 574,i-na URUDU ša Ma-ma-hi-ir ša En-nam-A -šur e-zi-ba-ni 3 GU 8 ma-/na SIG₅ i-li-bi-a iz-ku a-ha-ma 30 ma-na URUDU SIG₅ ša Ma-ma-hi-ir-ma ša SIG₅ e-zi-ba-/ni mi-ma URUDU a-nim i-li-bi-a,"Of the copper belonging to Man-mahir which Ennam-Assur left me, 3 talents 8 minas of good quality was cleared in my possessiOn; further, 30 minas of good copper, also be- longing to Man-mahir, which he left me - good quality - all this copper is in my pos- sessiOn.",AKT 6a.pdf
253. kt 94/k 613,"a-na Ma-ma-hi-ir qì-[bi-ma] um-ma En-nam-A-Š[ur-ma] La-ma te-er-ta-ka i-li-ka-ni: 11 GU URUDU SIGs ša ha-bu-la-ku-ni a-ha-ma 3 GU 10 ma-na ruRUDU₁ SIG₅ [sja -ni-na ha-bu-la-ku-ni r it ₁-ša-aŠ-qí-i/5-šu-nu 1 ma-na 10 1/3 GIN KB ša a-na -ni-na ha-bu.r ul₁ La-ma tìer-ta-ka i-li-ka-ni rKB 1 z-na 0 ra-mz-nz-a ' 0 r aš""l-qu-ul-ma : tup-pa-ka r it : a-na e. [x X] r X 1 a-ni-im ša r X (x)l [x x] ša r al-qe-u₁ r. [x x] ruRUDU ša a-na 1 [x x ha]-b[u-]La-ti-ni ri-na URUDU rsiG₅ ša i-na₁ rx nil [x] rša X X X x1 dì-u-/ni r it ki Ša qa-tl um-me-a-ni₁ X [a]-na iJ na x x x x 1 La na r x ma 1 ma-hi-ir 1 2/3 ma-na a-na ša-hi-ri-im i-za-zu DUMU šd-na-A-šur En-nam-A-šur it ŠŠG5-pì-i-A-šur 11 GU 15 ma-na URUDU SIG₅ a-na um-me-a-ni aš-qu-ul-ma tup-pa-ka A.KI.IL₅-ma iš-ti 20 ma-n[a] e. URUDU SIG₅ ša DUMU A-šur-ba-ni ha-bu-la-ku-ni: ki [ ... ] I.e. ap-qi-id: a-ha-ma [x] ma-rna 1 [ ••• ] ša a-na -ni-na ha-bu-[l ... ] a-na Li-la iŠ-ti tup-pì [ ... ]","To Man-mahir from Ennam-Assur: Before your message arrived I made Tab- pay 11 talents of good copper which he owed to you, and also 3 talents 10 minas of good copper which Annina owed to you. As to the 1 mina 10 1/3 shekels of silver which was owed to Annina - I paid the silver myself before your message arrived and I obtained your debt-note. ... this ... ... which I took ... copper that you owe to ... , of the good copper that they ... in ... ... he seized from the hands of the inves- tors and for interest The copper stands at an exchange rate of 100:1 for the šahhiru-copper. We seized Iddin-Assur's son, Ennam- Assur and Damiq-pi-Assur and I paid 11 talents 15 minas of good copper to the investors, and took your tablet and to- gether with 20 minas of good copper that Assur-bani owes to you I entrusted it ... Further, x minas ... that you owed to Annina I entrusted to Lila with the tab- let ...",AKT 6a.pdf
254. kt 94/k 619,"um-ma -lu-la-a -mur-ŠŠtar-ma a-na En-um-A -šur qi-bi4-ma na-aŠ-pe-er-tam ta-aš-pu-ra-ni-a-lti ki-r ma 1 a-we-lu ma-du-tum la-pu-tu-ni na-aš-pe-er-tam La nu-ša-aš-me-lma ni-ip-nu-šu-ma : um-ma ne-nu-ma i-r li₁-bi-ka-ma r x r/ Ši I rum 1 . b k' t- a-št v / : u /? : na-aš-pe-er-tt- , v , , a-we-lim li-li-[ik] na-aš-pe-er-tam r X X X 1 ld i-mu-r 1 um-ma ne-nu-ma : na-aš-pe-er-tam r íi-tam 1 X IGI r b/ x x a-mur ma La i-li-lbi4-x 1 e. i-rbi mi ka i x₁ na-aš-pe-er-tì-ni za-ku-tum r. En-um-A -šur li-li-/ik 16 5/6 ma-na NA₄.ZA.GIN GU ma-na URUDU ma-šì-am 30 GU URUDU la-mu-nam mì-ma a-mm IGI A-lu-la-a u Ar-H-ah u-ka-in a-dì a-ni-tim A-mur-ŠŠtar KB-Ima ri-iš tì-ir-tí-ku-nu u-ka-al um-ma ne-nu-ma , : ma-ma I -an i-na um-me-a-ni-ku-nu lu? t{ r x 1 I tam i-na ša-am-H ša tup-pì-ni ta-ša-me-u qa-qa- 'd'k''k"" t- a- t-a-ma v , , r x x a-ma 1 a-tal-kam i-[x]J x 1 La ša ša-la-at tup-[x xY ₁-ma e. X En-um-A -šur li-li-kam-ma iŠ-tìra aU ala Ša Ša ki₁ X u 2 1/2 ma-rna?₁ TA rx₁ [x]-Šu-ni ki-a[m x]","From Alulaya and Amur-IStar to Ennam- Assur: You have sent us a missive. Since many men were noted down, we have not let anyone hear the missive, but we con- fronted him and said: "" ... is in your possession and let your mis- sive go the man."" to He refused to ... the missive. We then said: ""The missive ... witnessed by ... Our final missive shall go to Ennam- Assur."" 16 5/6 minas of lapis lazuli, 20 talents 50 minas of washed copper and 30 talents of bad copper - all this he confirmed with Alulaya and Adi-ah as witnesses. Con- cerning this Amur-IStar keeps the silver in accordance with your instructions. We said: ""Who among your investors ... ?"" The very day you hear our letter ... your head in this way and come ... Ennam-Assur should come and with ...",AKT 6a.pdf
255. kt 94/k 766,"i-na Durrhu-mì-it i-nu-mi a-bu-ni me-tu-ni ku-nu-ki ša a-bi-ni -la-hu-/um ip-te-ma lu KB lu UR[UDU] ŠIG₅ lu URUDU La-mu-n[am] lu hu-ša-ra-am lu rTOG₁ [(x)] lu tup-pi ha-ru-mu-tim ša DAM.GAR IGI 3 DUMU um-me-a-nt ' v / , a-na A-ni-na e. DUMU A-šur-be-el-a-wa-tim r. i-di-ma i-na wa-ar-ki-tim tup-pu-u E -ni-na IGI Ša-ak-li-a DUMU Na-ap-ra-ka IGI PuzurrA-šur DUMU Ši-ik-ti-ha-šu-ut IGI Ili₅-ba-ni DUMU A-mur-Htar","In Durhumit, when our father died, Ali- ahum opened the strong-room sealed by our father, and witnessed by 3 affiliated traders he took out both silver, good cop- per, poor copper, lapis lazuli, textiles, and certified tablets concerning customers, and he gave it to Annina son of Assur-bel- awatim, and later the tablets (were) in An- nina's house. Witnessed by Sakliya son of Napraka, by Puzur-Assur son of Sikti-hasut, by Ili-bani son of Amur-IStar.",AKT 6a.pdf
257. kt 94/k 1179B,"En-um-A -šur: -la-ba-am aš""ì'-a-al um-ma En-um-A -šur-ma a-na -la-bi-im-ma e-ni-ma-ma na-aš-pe-er-tam : ku-nu-ki-ka IGI 3 u-ka-lim-ka-ma tu-ka-i-ni-ma šu-nu-tí-ma : ni-ip-qì-šì: am-ma a-wi-lu : a-ni-u-tum : li-iŠ-me-u am-ma ta-ab-šì-ša-tu-ni ku-nu-ku-a : u ku-nu-ku-ka : i-ki-ir u-ul: ka-in :ša ni-ka-šì a-na-ku u a-ta : ni-šì-u-ma ni-iz-ku-u : la tu-na-ba-ni -la-bu-um En-um-A -šur e-pu-ul: um-ma -la-bu-um-ma ta-ab-šì-ša-tum : ku-nu-ku-ka u ku-nu-ku-a : ba-a-am 3 šal-ša-/at lu : a-ma-la [ta-a]b-šì-ša-tim: ša i-na k[u-nu-]ki-ni: kan-ka-ni e. lu [n]i-iz-ku: u ma-la KB : a-bu-ni : i-li-bi4-a r. u i-li-bi-ka : i-dt-u-ma tup-pa-am: a-bu-ni: e-zi-bu-/ma tup-pa-am: um-me-a-nu: a-bi4-/ni u-ka-i-lu-ni-ma : i-na IGI ka-ri-im: GAL iš-ku-nu-šu-ma : ka-ru-um a-na ba-a-am u₄-ma-ma : ma-la KB i-tup-pí-im IM : la-ap-ta-ni-ni lu ni-iš-qul-ma : a-ma-la dì-in A-lim{ki}: KB lu ni-ik-nu-/uk-ma a-na -lim lu ni-lik At- tup-pa-am , : ša v - zm ki u : ld nu-na-ah a-na a-wa-tim a-ni-a-tim ka-ru-um Ka-ni-iš i-di-ni-la-ti-ma IGI GfR ša -šur Ši-bu-ti-ni : ni-di-in e. IGI En-na-Šu-in IGI LUGAL-diM IGI Ili₅-ba-ni I.e.","Ennam-Assur questioned Ali-ahum, saying to Ali-ahum: ""Now here I have shown you the missive sealed by you in front of 3 (witnesses), and you have confirmed it to me and we have entrusted it to them. Now, may these men hear it - in fact, contest or confirm that it is our memoranda sealed by me and by you, stating that I and you have settled accounts and cleared the affair. Do not obstruct me."" Ali-ahum answered Ennam-Assur, saying: ""The memoranda are sealed by you and by me. Come on, let us seize 3 persons and let us settle in accordance with the memo- randa that are sealed by us. Further, our father left a tablet behind about how much silver he set down as owed by me and you, and our father's in- vestors kept the tablet and they have placed it before the plenary assembly of the colony, and the colony has entrusted the tablet to the attorney. Come on, let us pay even today as much silver as we are booked for on the tablet, let us seal it in accordance with the verdict of the City and go to the City. Let us not obstruct the tablet of the City and the attorney."" The Kanesh colony gave us for these pro- ceedings and we gave our testimony before Assur's dagger. Witnessed by Enna-Suen, by Sar-Adad, by Ili-bani.",AKT 6a.pdf
258. kt 94/k 1170,"En-um-A -šur -la-hu-um iŠ-a-al um-ma En-um-/A-šur-ma a-na -la-hi-im-ma e-ni-ma-ma na-aš-pe-er-/tum ku-nu-ki-ka IGI 3 Ší-be u-ka-lim-ka-ma tu-ka-i-ni-1 ma šu-nu-ti-ma n[i-i]p-qi-šu a-ma a-we-lu a-ni-u-tum li-iš-me-u a-ma ta-ah- < šì- > ša-š[a-t]u-ni u₁ ku-nu-ku-u-a r ku-nu-ku-ka i-ki-ir u-la ka-i-in ša ni-ka-šì a-na-ku u a-ta ni-šì-u-ma ni-iz-ku-u Ia tu-na-ha-lni -ld-hu-um En-um-A -/šur e-pu-ul um-ma -la-hu-um-ma e. ta-ah-šì-ša-tum ku-nu-ku-ka u ku-nu-ku-u-a r. ba-am 3 lu ni-iṣ-ha-at-ma a-ma-Id ta-ah-šì-šd-tim ša i-na ku-nu-ki-ni ka-an-ka-ni lu ni-iz-ku ma-la KB a-bu-ni i-li-bi-a u i-li-bi4""/ka i-dì-u-ma tup-pa-am a-b[u-n ]i e-zi-bu-ma tup-pa-am um-me-a-nu a-bi-ni u-ka-i-lu-ni-ma i-na IGI ka-ri-im ṣa-hi-ir GAL iš-ku-nu-šu-ma ka-ra-am a-na ra-bi4-ṣt-im ip-qì-du-ni ba-am U4-ma-am ma-Id KB i-na tup-[ptúim ld-ap-ta-ni-lni lu nim-< gu ₅-> ra ₁-ma a-ma-la dì-in r -lim{ki} KB lu ni-ik-nu-uk-ma a-na -lim{ki} lu ni-li-ik u tup-pa-am ša -lim{ki} ra-bi4-1ṣa-am la e. nu-na-ah a-na a-wa-tim a-ni-a-tim ka-ru-um I.e. Ka-ne-eíi i-di-ni-a-ti-ma IGI GIR ša -šur Ši-bu-ti-ni ni-di-in IGI En-na-Šu-in IGI LUGAL-diM IGI šli5-ba-ni","Ennam-Assur questioned Ali-ahum, and Ennam-Assur said as follows to Ali-ahum: ""Now here I have shown you the missive sealed by you in front of 3 witnesses, and you have confirmed it and we have en- trusted it to them. Now, may these men listen - confirm or deny our memorandum with my seal and your seal, that you and I settled accounts and settled. Do not obstruct me!"" Ali-ahum answered Ennam-Assur, saying: ""It is the memoranda with your seal and my seal. Come on, let us seize three men and let us settle in accordance with the memoranda that are sealed with our seals. As much silver as our father set down as owed by me and by you, and concerning which our father left a tablet and our fa- ther's investors held the tablet, which they deposited before the plenary assembly of the colony, and which the colony en- trusted it to an attorney - come on, even today let us agree how much silver we are booked for in that tab- let, let us seal it in accordance with the verdict of the City, and let us go to the City. Let us not obstruct the tablet from the City and the attorney."" The Kanesh colony gave us for these pro- ceedings and we gave our testimony before Assur' s dagger. Witnessed by Enna-Suen, by Sar-Adad, by Ili-bani.",AKT 6a.pdf
259. kt 94/k 1227,"e-pu-ul um-ma -U-hu-um-ma ta-ah-ši-ša-tum ku-nu-ku-ka : u ku-nu-ku-a ba-a 3 lu ni-i?-ba-at a-ma-ta ta-ah-ši-ša-tì ša i-na ku-nu-ki-ni lu ni-iz-ku it KB ma-la a-bu-ni i-li-bi-a : u i-li-bi-ka i-di-u-ma tup-pa-am a-bu-ni : e-zi-bu-ma tup-pa-am um-me-a-nu a-bi-/ni u-ka-i-lu-ni-ma i-na ma-ha-ar ka-ri-im e. iš-ku-nu-šu-ma: ka-ru-/um a-na ra-bi-?i-im tup-pa-am ip-qì-du-ni r. ba-a : u-ma-ma ma-la KB ld-dp-ta-ni-ni lu ni-iš-qu-ul-ma : a-ma-la di-in -lim{ki} KB (a-na erased) lu ni-ik-nu-uk-ma a-na -lim{ki} lu ni-li-ik 1. ki tup-pa-am , ša v - zm u la nu-na-ah la ri-ig-ma-tu Ši-bu-ltu","""The memoranda have your seal and mme. Come on, let us seize 3 {witnesses). Let us settle the affair in accordance with the memoranda sealed by us; further, our father left a tablet behind about how much silver he set down as owed by me and you, and our father's in- vestors kept the tablet and they have placed it before the colony, and the col- ony has entrusted the tablet to the attor- ney. Come on, let us pay even today as much silver as we are booked for, let us seal it in accordance with the verdict of the City and go to the City. Let us not obstruct the tablet of the City and the attorney."" This is not a formal lawsuit but a wit- nessed statement.",AKT 6a.pdf
260. kt 94/k 1250,En-um-A -šur a-na A-la-hi-lim um-ma En-um-A -šur-ma a-na -la-hi-im-ma al-kam : la-aŠ-a-lal-ka um-ma -ld-hu-um-ma a-na mì-nim ta-ša-a-la-ni um-ma En-um-A -šur-ma a-na ta-ah-ši-ša-tim ša a-na-ku u a-ta : ni-ka-ši ni-ši-u : i-ku-nu-ki-ka u ku-nu-ki-a ka-an-ka-ni e. ik-ra-ni u-la ka-i-na-ni um-ma -la-hu-um-ma r. ta-ah-ši-ša-tim ša ku-nu-ki-a u ku-nu-ki-ka ka-an-ka-ni ke-na : ku-nu-ku-a ld a-na-ki-lir um-ma En-um-A -šur-ma ša ni-iŠ -lim{ki} (erašure) ta-mu-u ka < -i > -La (erašure) a-na -Lim{ki} u be-lt-a a-wa-ti bi4-La : a-na a-wa-ltim a-ni-a-tim ka-ru-um Ka-ni-iš i-dí-ni-a-ti-lma e. IGI GIR ša A-šur H-bu-ti-ni ni-dì-in IGIA-šur-GAL DUMU La-qlep I.e. IGI šli5-ba-ni DUMU A-mur-Htar,"Ennam-Assur seized us against Ali-ahum and said to Ali-ahum: ""Come, let me question you!"" Ali-ahum answered: ""Why do you want to question me?"" En- nam-Assur said: ""About the memoranda stating that I and you settled accounts. Contest or confirm to me that they are sealed by you and me."" Ali-ahum answered: ""As to the memoranda sealed by me and by you - yes, I do not contest my seal."" Ennam-Assur said: ""Keep in mind what was sworn by the City! Bring my case to the City assembly and my lord."" The Kanesh colony gave us for these pro- ceedings and we gave our testimony before Assur's dagger. Witnessed by Assur-rabi son of U.-qep, by Ili-bani son of Amur-IStar.",AKT 6a.pdf
261. kt 94/k 1228,En-um-A -šur a-na -La-hi-im : iṣ-ba-at-ni-a-lti-ma tup-pa-am na-aš-pler-tam um-ma En-um-A -šur-ma tup-pu-um a-num : ku-nu-ku-ka-a La ku-nu-ku-ka-a -La-hu-um iŠ-ta-aL-ma e-pu-uL-šu um-ma -Ld-hu-um-ma ke-na ku-nu-ku-a a-na ša ki-ma a-bi4-ni e. ša ki-ma i-a-tì u ku-a-tí u-šlbi4-iL5-ka-ma r. mi-šu-um La tu-ka-Li-im-H-ma a-dì U4-mi-im a-nim tu-ka-iLyH na-aš-pler-tdm La pa-ti-tam En-um-A -šur a-qa-ti-ni iŠ-ku-un a-na a-wa-tim a-ni-a-/tim ka-ru-um Ka-ni-iš i-di-in-ni-a-tí-ma IGI GfR ša A-šur 5í-bu-ti-/ni ni-di-in e. IGI A-šur-na-da IGI Ha-da-a IGI Šu-Htar,"Ennam-Assur seized us against Ali-ahum and showed him a missive that was not opened, and Ennam-Assur said: ""Is this tablet under your seal or not?"" Ali- ahum answered, having investigated it, saymg: ""Yes, it is my seal. I sent it with you to our father's representatives and my own and yours, so why have you not shown it but kept it until today?"" Ennam-Assur placed the unopened mis- sive in our hands. The Kanesh colony gave us for these pro- ceedings and we gave our testimony before d A ssur vv o s agger. Witnessed by Assur-niidii, by Hadaya, by le. Su-IStar.",AKT 6a.pdf
262. kt 94/k 764,a-ta La tu-na-ha-ni uKB ma-dam [ r ]i-ig-ma-tum,"As for you, do not obstruct me, and do not make me expend a lot of silver. Complaint.",AKT 6a.pdf
263. kt 94/k 1304,ra-bi-ru < -um ša > Ša-Lim-A -šur a-na En-um-A -šur u -La-hi-im me-er-e Ša-lim-A -šur ir-ba-at-ni-a-ti-ma [u]m-ma tup-pa-am r ša 1 a-bu-ku-nu KB i-na li-bi-ku-nu i-di-u-ni-ma tup-pa-am um-me-a-nu a-bi-ku-nu u-ka-i-lu-ni-ma i-na ma-ha-/ar [ ka-r ]i-im um-me-a-nu [iš-]ku-nu-šu-ni ka-ru-um [i-a-tz1 ip-qi-id-šu ba-a-nim [a-ma-la] tup-pi-im ša -lim{ki} [KB rna ]-La i-n[ li-bi-ku-nu] [x x x]-ma tìJ nil[. .. ] e. KB šu-uq-lci-ma r. ku-un-ka-ma a-na -lim{ki} al-ka ld tu-na-a-ni urn-rna -ld-hu-um-ma ba-a-am r rna ₁-ld a-bu-ni i-na li-bi-/ni KB i-di-u-ni lu ni-iŠ-qu-ul-ma u iš-te-e ld-li-ka urn-rna E n-um-A -šur-ma a-na a-na pu-ti-a-ma ša-la-ni-ma u la-pu-ul-/ka-ma u a-pu-ti-a-ma r ld₁-li-ik a-na a-wa-tim a-ni-a-tim ka-ru-um Ka-ni-iš i-di-ni-a-ti-/ma IGI GIR ša A-šur e. Ši-bu-ti-ni ni-di-in [IGI] Puzu[r4- ... ] I.e. DUMU A-šur-DUG IGI Šu-A-ršur₁ DUMU Šu-Šu-in,"Salim-Assur's attorney seized us against Ennam-Assur and Ali-ahum, Salim-Assur's sons, and the attorney said: ""Your father's investors kept the tablet stating which silver your father set down as owed by you, and the investors placed it in front of the colony. The colony entrusted it to me. Come, in accordance with the tablet of the City pay the silver for which you were noted in the tablet, seal it and go to the City. Do not cheat me."" Ali-ahum answered: ""Come, let us pay what silver our father set down as owed by us and then let me go with the attor- ney."" Ennam-Assur answered the attorney: ""Question me right here, and then I shall answer you and I shall leave right now."" The Kanesh colony gave us for these pro- ceedings and we gave our testimony before Assur's dagger. Witnessed by Puzur-... son of Assur-tab, by Su-Assur son of Su- Suen.",AKT 6a.pdf
264. kt 94/k 1171,":ša :E Šal-ma-A -/šur A-ba-ba a-a ]t-ni-a-ti-ma a-na En-um-A _r šur₁ u -la-hi-im u-ta-hi-ni-a-ti-ma i-na tup-pi-lim ša -lim{ki} : mì-ma Šal-ma-A -šur [ e-]zi-bu r u-pa-₁[ ha-]ar-ma u-r r a-na 1 -lim{ki} ba-al₁ lu ba-ab-tam a-bu-ku-nu r e-zi-ib 1 lu mì-ma e-zi-lbu ba-a-nim : r ka-li-₁ ma-ni-ma i-ša-ha-[ ti-]ku-[ nu] la-zi-iz-ma lu-še-ru-lku-nu-ti-ma u a-na -lim{ki}: lu ni-lik ti-ma-li-ma aŠ-al-ku-nu-ma um-ma a-na-/ku-ma KB ma-la i-li-bi-ku-nu a-bu-ku-nu i-di-u šu-uq-la-ma u <a-na > -lim{ki} lu ni-lik um-ma -la-hu-um-ma a-hu-ka-ma ba-a-am ma-la a-hi KB i-na tup-pi-im i/₅-pu-tu-/ni l a-aš-qu / 'l -ma u ' a-na - t• zm ki l u •t•k z /V nt- a-ta ki-ma KB ša-qa-li-im da-na-tim ta-ta-na-pa-ld-ni u KB ša-qa-lam la ta-mu-a ta tu-na-ba-ni u a-šar ba-ab-tum ša a-bi-ka i-ba-5í-u ka-li-ma-ni i-ša-ha-tì-ku-nu ld-zi-iz-ma KB lu nu-ša-aš-qì-il5-ma a-na -lim{ki} lu ni-lik a-hu-ka -ld-hu-um KB ma-la a-bu-šu i-tup-pì-im i/5-pu-tu-šu KB u-ka-lam : a-ta KB ma-id e. r a-bu-₁ ka i-na tup-pz-im i[l5-p ]u-tu-ka ša-qa-lam [la t]a-mu-a u tu-na-< ha- > ni r. al-kam ba-a-am ma-la a-bu-ka i-na tup-pì-im i/5-pu-tu-ka a-rna- l 'd'. z-zn At- - zm kiKB šu-qu 'l v a-na -lim{ki} lu ni-lik ta tu-na-ba-ni A-ba-ba En-urn-A -šur e-pu-ul uš'-ka-i-in a-tup-pz-im ša -lim{ki} u ša be-li-a d-ma-li-ma : ta-aš-a-la-ni-ma a-pu-ul-ka um-ma a-na-ku-ma i-na mu-a-at a-bi-ni i-na Dur4-hu-/mz-it a-na-ku ld-šu-a-ku -ld-hu-um a-hi i-na ri-iŠ a-bi-ni i-zi-iz ulta-ki-lu-ni-ma a-hi ma-da-tim lu il5-pu-ta-ni mz-ma ša tup-pz-im a-nim a-na a-hi-a ta ha-bu-ld-ku ba-a-am a-na Dur4-hr-mz-it a-šar bu-ld-tu {erasure) bu-ld-tu ša a-bi4-ni i-ba-H-/ u-ni lu ni-lik-ma bu-ld-d lu ni-il5-qe-a-ma a-ma-la dì < -in > -lim{ki} iš-d-ka a-na A-lim{ki} lu ni-lik-ma li-ma-am lu nu-ta-ib-ma a-na H-ma-tim ša a-bi-ni ša -lim{ki} iŠ-ti a-hi-a u a-ha-ti-a la-tu-r wah šu-ma um-ma a-ta-ma a-Dur₄-hi-mz-it ld a-ld-ak qí-bi-a-am-ma ba₁-a-am Al. kil ,. u4""ma-ma a-na - zm u z-na dí-tim ld tu-ša-a-ld-ni a-na a-ld-ki-im qa-at-ka la / -ld-hu-um A-ba-ba e-pu-ul um-ma -la-hu-um-ma e. 'k'"""" ,. VAL"" ki uš-- a-z-m a-tup-pz-zm ša - zm u ša be-li-a ti-ma-li-r ma 1 ta-aš-a-la-ni-ni a-r pu-ul-ka 1 um-ma a-na-ku-ma al-kam ba-a-am I.e. ma-ld a-bi KB i-na tup-pz-im z -1 5-pu-tu-nz ' . l a-aš-qu ' 'v 'l -ma u ' a-na - 1- zm ki l u ni-lik al-kam U4-m[a-am] KB ld-aŠ-qul-ma u ba-a-ba-tim ša a-bi-ni lu-ka-li-im-ma i-na ša-ha-ti-a i-zi-iz-ma KB lu nu-ša-aš-qí-i/5-ma a-ma-la tup-pi-im ša -lim{ki} a-na -lim lu ni-lik","The attorney of Salim-Assur's firm Ababa seized us and made us approach Ennam- Assur and Ali-ahum (and said): ""According to the tablet of the City I shall collect all that Salim-Assur left behind and bring it to the City. Come, show me the outstanding claims your father left and anything he left be- hind, then I shall assist you so they release it to you, and we can go to the City. Yesterday I questioned you, saying: 'Pay whatever silver your father set down as owed by you and then let us go to the City!' Your brother Ali-ahum answered: 'Come, let me pay what silver my father wrote in the tablet, and then let us go to the City.' But you keep giving me harsh answers instead of paying the silver, and you refuse to pay the silver. Do not obstruct me, but show me where your father's outstanding claims are! Let me assist you and let us have the silver paid and let us go to the City. Your brother Ali-ahum shows me the silver his father wrote in the tablet, but you refuse to pay the silver your fa- ther wrote concerning you in the tablet, so you obstruct me. Come along now! Pay what your father wrote concerning you in the tablet in ac- cordance with the tablet of the City! Let us go to the City. Do not obstruct me!"" Ennam-Assur answered the attorney Ababa: ""I submit to the tablet of the City and the attorney of my lord. Yesterday you questioned me and I answered you, saymg: 'At my father's death in Durhumit I was not present. My brother Ali-ahum assisted my father. They appropriated things ille- gally and my father wrote many things concerning me. I do not owe anything to my father of what is in this tablet.' Come, let us go to Durhumit where my father's assets are, let us take the assets and let us go to the City together with you in accordance with the tablet of the City, let us satisfy the eponym and let me discuss the testament of our father in the City with my brother and sister. If you say: 'I shall not go to Durhumit!' then state that to me, and then come on and let us leave for the City even today. Do not question me in court. I have not rejected you with respect to going!"" Ali-ahum answered the attorney Ababa, saymg: ""I submit to the tablet of the City and the attorney of my lord. Yesterday you ques- tioned me and I answered you, saying: 'Come along! Let me pay what my father wrote of silver in the tablet, and then let us go to the City.' Come, let me pay the silver today, and then let me show you our father's outstanding claims, so assist me and let us have the silver paid and go to the City in accordance with the tablet of the City.""",AKT 6a.pdf
265. kt 94/k 1209,"tup-pa-am At- ki , b. / ša v - zm u ra- am ša be-li-a la u-na-ah a-na a-wa-tim a-ni-a-tim ka-ru-um Ka-ni-iš e. i-di-ni-a-ti-ma r. IGI GIR ša A-šur Ši-bu-ti-ni ni-di-in IGI DUMU Šd-li-a IGI -šur-tak-la-ku DUMU A-šur-mu-ta-bi-il5","I shall not obstruct the tablet from the City and the attorney of my lord. The Kanesh colony gave us for these pro- ceedings and we gave our testimony before Assur's dagger. Witnessed by U son of Salliya, by Assur-taklaku son of Assur-muttabbil.",AKT 6a.pdf
267. kt 94/k 584B,"[ ... ]rxx₁ [xxx] [ ... š1a-ma [ ... ] [ ... di-]f na 1 [x x x x x] [ ... ] tirxx₁ [xx] rx₁ [ ..• ] [ ... ] Šal-ma-A -šur r e-zi-bu 1 [ ... ] x al u [ ... ]a-hi [ ... ] [xxx]rxx₁ [xxxx]bilima[ .. ] [x x x x x x] nu IGI x [ [a-na] r -lim{ki} r lu ni-lik 1 ti-[ ma-l]i-ma [aŠ-]a-al-ku-nu-ma um-ma a-n[ a-k ]u-ma KB ma-La i-li-bi4-ku-nu a-bu-ku-nu t- ""d''v t-u šu-uq- l' a-ma u ' a-na A/"" - tm ki lu ni-lik um-ma -La-hu-um-ma a-hu-ka-ma ba-a-nim ma-la a-bi4 KB i-tu-pi-im il5-pu-ti-ni , 'V 'l ' kil .,.k l a-aš-qu -ma u a-na - tm u nt- t a-ta ki-ma KB ša-qa-li-im da-na-tim ta-ta-na-pa-la-ni u 'KBv ša-qa- 'l am ₁l' ta-mu-a La tu-na-ha-ni u a-šar ba-a- < ba- > tum' ša a-bi4-ku-nu i-ba-Ši-u ka-li-ma-ni-ma i-ša-ha-tì-ku-nu ld-zi-iz-ma 1. ki KB l u-ša-aš-qz-z v ,v , .1 5-ma a-na - zm lu ni-lik a-hu-ka -la-hu-um KB ma-la a-bu-šu i-tu-pz-im il5-pu-tu-šu KB u-ka_r al₁ a-ta KB ma-la a-bu-ka i-tu-pi-im il5-pu-tu-ka ša-qa-lam La ta-mu-a u tu-na-ni.a al-kam ba-a-nim₁ ma-la a-bu-ka e. i-na tu-pi-im il5-pu-tu-ka a-ma-La dì-in -lim{ki} KB šu-qu 'l -rna u ' a-na - t- zm ki v r. lu ni-lik La tu-na-ha-ni A-ba-ba En-nam-A -šur e-pu-ul uŠ-ka-in a-na tup-pz-im At- ki ' b. '. b l' ša v - zm u ra- ša v e- z-a tí-ma-li-ma ta-aš-a-la-ni-ma a-pu-ul-ka um-ma a-na-ku-ma i-na mu-a-at a-bi4""ni i-Dur4-hu- < mz- >it a-na-ku la-šu-a-ku -la-hu-um a-hi i-ri-iš a-bi4-ni i-zi-iz uš-ta-ki-lu-ni-ma a-bi4 ma-da-tí-lim lu₁ il/pu-ta-ni mz-ma ša tup-pz-im a-nim a-na a-bi4-a La ha-bu-la-ku ba-a-nim a-na Du-ur-hu-mz-it a-šar bu-ld-tu ša a-bi4""ni i-ba-5í-u-ni lu ni-lik-ma bu-la-tí lu ni-il5-qe-a-ma a-ma-La dí-in -lim{ki} iš-tí-ka a-na -lim{ki} lu ni-lik-ma li-ma-am lu nu-ta-i-ib-lma b. . 1. ki a-na šz-ma-tzm v, • ša v a- Z4-nt ša v - zm iš-tí a-hi-au a-ha-d-a La-tu-wa šu-/ma um-ma a-ta-ma a-na Dur4-hu-mz-it la a-/La-ak qi-bi4-a-ma ba-a-nim u4-ma-ma a-na A-lim{ki} lu i-di-tí-im la tu-ša-a-la-/ni a-na a-La-ki-im qa-at-ka La [A -l]a-hu-um A-ba-ba e-pu-u[l] [um-]ma A-la-hu-ma uš-ka-in a-[na] [tup ]-pz-im ša -lim{ki} u [ša be-l]i-a tí-ma-li-ma [tu-ša-e-li-ma] [a-pu-ul-ka] um-ma a-na-ku-ma al-kam [ba-a-am ma-La] a-bi4 KB i-tu-pi-im [il5""pu-tu-ni la]-aš-qul-ma u a-na [A-lim{ki} lu ni-lik] al-kam U4-ma-ma [KB La-aš-q]ul-ma u ba-a-ba-tim [ša a-bi-ni lu-ka-]li-im-im-ka-ma [i-ša-ha-tí-a i-z ]i-iz-ma e. [KB lu nu-ša-aš-q]i-r il₅₁-ma a-ma-La [tup-pi-im ša] -lim{ki} [a-na ]-lim{ki} [lu ni-lik] r x x x 1 [tup-pa-am š1a -lim{ki} u ša I.e. be-li-ni [la u-na-ah a-na a-]wa-tim a-ni-a-tim ka-ru-um Ka-ni-iš [i-di-ni-a-ti-ma] IGI GIR ša A-šur Ši-bu-tí-ni ni-di-in [IGI DUMU Ša-li-a IGI -šur-tak-la-ku [DUMU] A-šur-mu-ta-bi4-il₅","that Salim-Assur left behind ... let us go to the City. Yesterday I ques- tioned you, saying: ""Pay the silver that your father has set down as owed by you, and then let us go to the City. Ali-ahum, your brother, answered: 'Come on, I shall pay the silver that my father wrote for me in the tablet, and then let us go to the City.' But you, instead of paying the silver keep answering me harshly, and you are unwill- ing to pay the silver. Do not obstruct me, but show me where your father's out- standing claims are, so I can assist you in having the silver paid, so we can go to the City. As for your brother Ali-ahum, I hold the silver that his father wrote for him in the tablet. But you, you refuse to pay the silver that your father wrote in the tablet. So you cheat me. Come, move, and pay the silver that your father wrote for you in the tablet, in ac- cordance with the verdict of the City, and then let us go to the City. Do not obstruct me."" Ennam-Assur answered the attorney Ababa: ""I submit to the tablet of the City and the attorney of my lord. Yesterday you questioned me and I answered you, saymg: 'When my father died in Durhumit I was not present. My brother Ali-ahum took care of my father. They appropriated things illegally, and my father wrote many things concerning me. I do not owe any of what is in this tablet to my father. Come on, let us go to Dur- humit where my father's assets are, let us take these assets and let us go together with you to the City in accordance with the verdict of the City and let us satisfy the eponym, let me discuss with my brother and my sister the testament of our father that is in the City.' If you say: 'I will not go to Durhumit,' then speak up! Come on! Even today let us depart for the City. Do not question me in court. I have not refused to go!"" Ali-ahum answered the attorney Ababa; Ali-ahum said: ""I submit to the tablet of the City and the attorney of my lord. Yesterday you ques- tioned me and I answered you as follows: 'Come along! Let me pay what my father wrote in the tablet and then let us go to the City!' Come, let me pay the silver to- day and then let me show you my father's outstanding claims, so assist me and let us have the silver paid and go to the City in accordance with the tablet of the City. I shall not obstruct the tablet of the City and the attorney of our lord. The Kanesh colony gave us for these pro- ceedings and we gave our testimony before Assur's dagger. Witnessed by son of Salliya, by Assur-taklaku son of Assur-muttabbil.",AKT 6a.pdf
268. kt 94/k 1162,"dì-in A-lim{ki} KB šu-[uq-la-ma] u a-na -lim{ki} lu ni-lik la tu-na-ha-ni ld ri-ig-ma-tum Ši-bu-tum uš-ka-i-in a-tup-pì-im ša -lim{ki} u r[a-]bi4-l'"" ša be-li-a um-ma En-[um-A-šur-ma] a-na -ba-ba-ma a-ta [IGI] a-we-li a-ni-u-ti[m] i-na dì-tim : ta-aš-a-la-ni a-ta i-li-kam-/ma um-ma -la-hu-um-ma e. a-hi ma bu a-ša-al ni-/a-d r iš-₁al-ni-a-d-ma ki na-pa- a-tt-m a-na - tm r. i-ta-ba-al i-nu-mz a-bu-/ni i-na Dur4-hu-mz-it me-tu a-na-ku la-šu-a-ku-ma a-hi -la-hu-um i-ri-iš a-bi-a i-zi-iz uš-ta-ki-lu-ni-ma a-bi ma-[la] li-bi-šu-ma u-la-pí-it [mì-ma] a-na a-bi-a ld ha-bu-ld-ku ba-a-am URUDU ša Dur4-hu-mì-it bu-la-tí l / l' l u- i' nz-a . -qe-a-am-ma a-ma- dí-in -lim{ki} iš-tí-ka a-na -lim{ki} lu ni-lik-ma i-na bu-la-tí ša a-bi-ni li-ma-am lu nu-ta-lib-ma i-na Ší-ma-tí-ni ša a-bi4-ni r ša 1 -lim{ki} iŠ-tí a-hi-a u a-h[ a-tí-a] [x x x x x] x [ ... ] break [a-na a-wa-tim a-ni-a-tim] Ka-ni-iš I.e. i-dí-ni-a-tí-ma [IGI GfR ša -šur Ší-bu ]-tí-ni: ni-dí-in [IGI x x x x x x-]i IGI Šu-in-ŠIG₅ DUMU I A-šur-i-mì-tí","with the verdict of the City, and then let us go to the City. Do not obstruct me."" This is not a formal lawsuit but a wit- nessed questioning. ""I submit to the tablet from the City and my lord's attorney."" Ennam-Assur said to Ababa: ""It is you who have seized me before these men and you have questioned me in court. It is you who came as an attorney, but Ali- ahum said: 'I shall question my brother ... ' It was us that he questioned and he took our an- swers away to the City. When our father died in Durhumit I per- sonally was not present, but my brother Ali-ahum took care of my father. They appropriated things illegally and my father wrote what he wished. I do not owe any- thing to my father. Come on, let us take the copper in Durhumit, the assets, and let us go with you to the City in accordance with the verdict of the City and let us sat- isfy the eponym with the assets of our fa- ther and let me discuss the testament of our father in the City with my brother and my sister ... the attorney ... The Kanesh colony gave us for these pro- ceedings and we gave our testimony before Assur's dagger. Witnessed by ... , by Suen-damiq, son of Assur-imitti",AKT 6a.pdf
269. kt 94/k 1137,"<ša > Ša-lim-A -šur En-um-A -šur u -ld-ha-am me-er-e Ša-lim-A -šur iš-a-al ba-a-nim a-na ma-la tup-pi-r im 1 ša -lim{ki} a-šar bu-ld-tu KB-ap a-bi-ku-nu i-ba-Ši-u ka-li-ma-ni-ma lu-ši-ra-ku-nu-ti Ia tu-na-ha-ni i-a-ti ša ni-iš -lim{ki} u ru-ba-im ta-mu-u lu u-ka-al ki-ma i-ša-na-li-u-ni-/ ma um-ma a-na-ku-ma ba-a-nim ri-id-a-/ni bu-ld-tiKB-ap a-bi-ku-nu lu-še-ra-ku-nu-ti šu-nu a-ld-kam u ka-lu-mì-i Ia i-mu-u-ni a-U-ak a-na A-lim{ki} tu-ta-ni-ha-/ni Ia ri-ig-ma-tum Ši-bu-tum um-ma En-um-A -šur-ma uš-ka-in 1. ki a-na ìup-pz-zm , • ša v - zm u ra-bi-ṭ-im ša be-li-a d,,, k' a-na z-tt-zm u-ta ']:':'V aš-pu-ur- e. a-na hu-la-te-e ša a-bi-ni pa-hu-ri-im lu ta-li-kam r. u a-di ma-la u Ši-ni-šu ta-aš-e-li-ma qa-at-ka u-la um-ma a-na-ku-ma ba-a-am a-šar bu-ld-tu ša a-bi-ni i-ba-Ši-u-ni a-na Du-ur-hu-/mi-it lu ni-li-ik-ma lu nu-pa-hi-ir um-ma Ši-im NA₄ ZA.GIN a-le-e um-ma En-um-A-šur-ma a-na NA4 ZA.GIN hi , ša-ap-ra-tt v , , um-ma ra- a-ma ka-i-la ki-ma um-ma šu-ut-ma a-na NA₄ ZA.GIN ša-ap-ra-ti u Ši-im NA4 ZA.GIN u-ka-i-ka u-ld a-ki-ir-ka um-ma bi-lam₁ NA₄ ZA.GIN lu ni-ik-nu-uk-ma um-ma En-um-A -šur-ma a-na-ku a-na -lim{ki} u-ba-al-lšu a-na 28 TUG ku-ta-ni a-hi -ša-ha-am ša-al-ma u-ul li-ki-ir-ka u-ullu-ka-i-ka e. a-na a-wa-tim a-ni-a-tim ka-ru-um Ka-ni-iš i-di-ni-a-ti-ma IGI GfR ša A-šur Ši-bu-ti-ni I.e. ni-di-in IGI En-um-A-šur DUMU A-hi-a riGP D UMU -šur-ba-ni -la-hu-um DUMU Šu-Ku-bi-im tap-pa-i-ni","Salim-Assur's attorney questioned Ennam- Assur and Ali-ahum, Salim-Assur's sons: ""Come on, show me where the assets, your father's silver is in accordance with the tablet of the City, then I shall release it to you. Do not obstruct me, me, the at- torney! Keep in mind what was sworn by the City and the king! Since they kept petitioning me I said: 'Come on, take me (to court), then I shall release the assets, your father's silver to you.' But they refused to come, or to show me. I shall go to the City. You have obstructed me."" This iš not a formal lawsuit, only a wit- nessed questioning. Ennam-Assur an- swered: ""I submit to the tablet of the City and the attorney of my lord. I did not send you to court. You did indeed come to collect our father's assets, and once or twice you have questioned me, and I have not rejected you. I said: 'Come on, let us go to Durhumit where our father's assets are, and let us collect it.""' The attorney answered: ""Where are the proceeds from the lapis lazuli?"" Ennam- Assur answered: ""Have you been sent af- ter the lapis lazuli?"" The attorney said: ""There, remember that he said: 'Have you been sent for the lapis lazuli?'"" ""And have I confirmed or denied the pro- ceeds of the lapis lazuli for you?"" The at- torney said: ""Bring it so we can seal the lapis."" Ennam-Assur answered: ""I shall personally bring it to the City. Question my brother Ali-ahum about 28 kutdnu-textileš and let him either confirm or deny that to you."" The Kanesh colony gave us for these pro- ceedings and we gave our testimony before d A ssur vv , s agger. Witnessed by Ennam-Assur son of Ahiya, by son of Assur-bani; Ali- ahum son of Su-Kubum was our absent partner.",AKT 6a.pdf
270. kt 94/k 1241,"A-la-hu-um A-ba-ba e-pu-ul um-ma -la-hu-um-1 ma uš-ka-in a-tup-pi-lim At- ki , b. / , . ša v - tm u ra- t-/ ša be-li-a al-kam ba-a-am u4-ma-ma a-ma-Id i-na tup-pì-im KB a-bu-ni i/₅-pu-tu-ni-a-tí-[ ma] e. i-li-bi4-ni i-dí-u: al-k[am] r. ba-a-am ma-la KB a-na-ku ld-ap-t[a-ku-ni-ma] a-bi i-na li-bi4-[a] i-dí-u : u4-ma-ma KB ld-aš-qul-ma a-ma-la 1. tup-pz-zm , • ša v - zm ki a-na -lim{ki} lu ni-lik ta u-na-ah-ka Ši-bu-tum","Ali-ahum answered the attorney Ababa, saymg: ""I submit to the tablet of the City and the attorney of my lord. Come along, even today Qet me pay) as much as our father wrote concerning us in the tablet, what he set down as owed by us. Come along, let me pay even today what silver I was noted for that my father set down as owed by me, and let us go to the City in accordance with the tablet of the City. I shall not obstruct you."" Witnessed statement.",AKT 6a.pdf
271. kt 94/k 1264,"A-la-hu-um A-ba-ba e-pu-ul-[šu] um-ma -la-hu-um-ma r uš 1[ -ka ]-i-in a-tup-pi-im ša -lim{ki} u ša be-li-a ti-ma-li-ma ta-aš-aJ la-ni₁-ma a-pu-ul-ka um-ma a-na-ku-ma al-kam ba-a-am ma-la a.r bi₁ KB i-tup-pì-im e. i/5-pu-ti-ni ld-dš-qul-ma r. u a-na -lim{ki} lu ni-lik al-kam u₄-ma-ma KB la-aš-qul-ma u ba-a-ba-tim ša a-bi-ni lu-ka-li-ma i-ša-ha-ti-a i-zi-iz-ma KB lu nu-ša-dŠ-qí-il5-ma a-ma-la tup-pí-im ša -lim{ki} a-na -lim{ki} lu ni-lik tup-pa-am l. ki , b. ša v - tm u ra- ša be-li-ni ld nu-na-ah e. Ší-bu-tum","Ali-ahum answered the attorney Ababa, saymg: ""I submit to the tablet of the City and the attorney of my lord. Yesterday you questioned me and I an- swered you, saying: 'Come along, let me pay as much silver as my father noted me for in the tablet, and then let us go to the City.' Come, let me pay the silver even today and then show you the outstanding claims of our father, so you may assist me and we can have the silver paid and go to the City in accordance with the tablet of the City. We shall not obstruct the tablet of the City and the attorney of our lord."" Witnessed statement.",AKT 6a.pdf
272. kt 94/k 1614,[ša E Ša-lim-A-šur] a-na E[ n-u ]mJ -šur 1 u A-la-[ hi-im) me-er-e Ša-lim-A -šur ni-]/a-[ ti-ma] um-ma iŠ-tu ITI.[x]KAM a-li-kam-ma tu-na-a-[ni] u [iš-tu] riTJ1.2.KAM um-me-a-nu a-bi-[ ku-nu] rx₁ [x x x] na-aš-pe-er-tam i-[. .. ] ]a-šu-ri-im u-ka-[ ... ] [X X X W [ x x t ]u-na-ni-ma a-ta-r x 1[. .. ] [X X p ]i-a ša ni-iŠ -lim{ki} u ru-ba-im ta-mu-u lu u-ka-r 1[/] ba-a-nim {d}UTU 1 u4-ma-am a-nim a-šar URUDU u KB ša a-bi-k[u-nu] e. u-ka-lu-ni ka-li-ma-ni lu-še-ra-ku-nu-tí La tu-na-[ a-ni-ma] r. KB 12 ma-na ta tu-ša-ag-[me-ra-ni] ta ri-ig-ma-tum 5í-bu-tu[m] a-tí-ma] um-ma En-um-A -šur-ma uŠ-ka-[in] a-na 5í-par be-li-a ba-a-am mt[ ... ] Dur4-hu-mi-it lu nu-pa-hi-ir-[ma] lu ta₁ tu-na-ha-ni u[ m-ma] r -ta-h[ u-um-m ]a a-pu-tí-a -b[ a-ba] e-pu-u[l-ma a-]na Dur4-hu-[mz-it] U-ta a-l[ a-ak b ]a-a-am r X 1 [ tam-ka-ru [ e. ba-a-am [ r 1 -na [ a-wa-ttm - a-m-a-ttm - - ] ka-ru-um Ka-ni-iš i-di-ni-a-tí-ma i.e. IGI GIR ša -šur 5í-bu-ti-ni ni-di-in IGI Ku-zi-ta-nim IGI A-šur-GAL Ni-mar-diM tap-pa-i-ni,"The attorney of Salim-Assur's firm seized us against Ennam-Assur and Ali-ahum, Salim-Assur's sons, and the attorney said: ""I came here x months ago and you cheat me! Also, for 2 months your father's in- vestors the missive ... ... release ... Keep in mind what was sworn by the City and the king! Come, show me this very day where they keep your father's copper and silver! I shall release it for you. Do not cheat me lest I have an extra expense of at least 12 minas of silver."" This is not a formal lawsuit but a wit- nessed statement. The attorney seized us and Ennam-Assur answered: ""I submit to the messenger of my lord. Come, ... let us collect ... in Durhumit so let us leave! Do not obstruct me."" Ali-ahum said: ""I an- swered Ababa right away, and I shall not go to Durhumit. Come, ... customers ... Come, ... "" The Kanesh colony gave us for these pro- ceedings and we gave our testimony before Assur's dagger. Witnessed by KuziLinum, by Assur-rabi; Nimmar-Adad was our (ab- sent) partner.",AKT 6a.pdf
273. kt 94/k 1534,"[a-]na ša ti-tu-ri-im mz-ma a-ni[-im] r i₁-Ka-ni-iš-ma aš-qu-ul iš-tu Ka-[ni-išj [a-]di Wa-aš-ha-ni-a 10 GIN AN.NA rtu₁ [a-na] :E ub-ri lu a-na u-ku-ul-ti-ni [(..)J i-na Wa-aš-ha-ni-a 6 1/2 GIN AN.NA ni-iš-ha-tim e-kal-LAM il5-qe 3 GIN AN.NA ka-šu-um 1 1/2 GIN AN.NA ša ha-ti-šu 2 ma-na URUDU a-na E ub-ri 3 ma-na URUDU a-na št W]a-aš-ha-ni-[ a] 6 1/3 GIN AN.NA ni-(iš-Yha-tim i-na₁ [ba]-/te-e ša La-hu-ta r ilyqe₁ -u 1/2 ma-na URUDU a-na mu-qa-ri-bi-im mz-ma a-nim ša Wa-aš-ha-ni-a iš-[tu] Wa-aš-ha-ni-a a-di Ne-na-ša-ra₁ [x G]IN AN.NA ni-iš-ha-tim [i/yqi-u] 2 GIN [AN].NA e. ka-šu-um 1 ma-[na URUDU a-na Sja tí-tu-ri-[im] f1 1 ma-na URUDU [a-na E u]b-ri-ni 2 1/2 ma-na UR[UDU] r. ' . mz-ma a-nzm šaNe-na-ša-a i-n[a Wa]-ah-šu-ša-na v d ' DUMU Šu- EN .LIL a-[x xY iš.., x [x] x ki-/ni 1/3 ma-na rKB₁ La r rna 1 [x š1a ku-a-r tz₁ ša u il5-qe i-a-tí 1/3 rA-lu-1ld-a ma-na KB IGI IGI En-na-Šu-in DUMU [Šu-]A-nim il5-qe , d' , , . r ]a . u a- z u-mz-zm ša v šz- , x 1 [ x x t -nz 30 ma-na ruRUDU?₁ a-na r i-nu-mz i-na Du-ur-rhu-mz-it1 A-ba-ba MASKIM u-qd-i-u-ni 10 GIN KB 1-me-er a-na u-ku-ul-tí-ni r ga i-nu-mz a-na pd-ni qu-bu-ri-im ša a-šar a-bu-ni qd-db-ru-ni E-tdm e-pu-šu-ni GO ga-am-ri u ma-na 2 URUDU 15 URUDU ig-ri e-tì-nim [x I]GI Šu-ŠŠtar IG[I r 1 -nz - [ ... ] X X X X break [ ... ] 5 GIN KB ni-ša-qal-šu-um [ ... ]be i-dìr mz? (x)l tup-p[d-am] ša 10 [ma-na] 1-ku-/pz-a GO ma-na ša [En]-um-A-šur [ ... ] 5 20 a-na [ ... ]-d 10 URUDU dí-Šum u₁ 1-dì-A -šur r -ld-hu-um [ ... ]a-dì u₄-mz-im a-nim ipJ q(1 r x x 5""","for the bridge guard- all this I paid in Kanesh. From Kanesh to Washaniya: 10 shekels of tin both for the inn and for our food ... in Washaniya; the palace took 6 shekels of tin as im- port duty; 3 shekels of tin: the kaššum- official; 1 shekel of tin: hiš staff-bearer; 2 minas of copper for the inn; 3 minas of copper for the ""attorney"" of Washaniya; 6 1/3 shekels of tin as import duty they took at the border of Lahuta; mina of copper for the delivery agent - w all this concerning ashaniya. From Washaniya to Nenassa: they took x shekels of tin as import duty; 2 shekels of tin: the kaššum-oííicial; 1 mina of copper for the bridge guard; x mina of copper for our inn; 2 minas of copper: the ""attor- ney""- all this concerning Nenassa. In Wahsusana Su-Illil's son ... 113 mina of silver ... ... he took on his account and as for me, textiles for 1/3 mina of silver he took on my account. Witnessed by Alulaya, by Enna-Suen son of Su-Anum. And until the day when ... 30 minas of copper for our food when they waited in Durhumit for the attorney Ababa; 10 shekels of silver was spent on our food. When they built a house in front of the grave where our father is buried, my ex- pense was 2 talents of copper, and 15 mi- nas of copper was the wages of the builder. Witnessed by Su-IStar, by ... ... we shall pay him 5 shekels of silver. ... we shall pay him 5 shekels of silver ... when a tablet of 10 minas Ikiin-piya 5 talents 20 minas belonging to Ennam- Assur for ... give to him on top of the copper. Iddin- Assur and Ali-ahum ... until today.",AKT 6a.pdf
274. kt 94/k 572,12 ma-na URUDU SIGs a-šu-mz v ' : šu-e-zm / . ša La-ba-ar-ša a-na ša-pa-ar-tim i-dì-a-5í-ni : u šu-am A-la-hu-um e-ri-šu-ma u-ha-li-qu-5í URUDU-am: dŠ-qul uKB a-na DUMU La-qe-ep DUMU {d}AB-ba-ni ciŠ-qui 10 1/2 GIN KB a-na a-lu-ra-ni 3 GIN a-na qa-at-nu-tim 3 GIN a-na ab-na-tim 2 GIN ig-ri i-d-ni-im mz-ma a-nim: a-[n]a E ša A.B[A] u-ša-qí-il5,"As to the 12 minas of good copper that Labarsa deposited for her as security be- cause of the mill-stone - when Ali-ahum demanded it from him and they had de- stroyed it, I paid the copper. Also, I paid silver to the son of Li-qep son of Illil-bani. 10 shekels of silver for the allurdnu; 3 shekels for the thin wood; 3 shekels for the stones; 2 shekels, the wages of a builder - all this I paid out for the expenses on the father's house.",AKT 6a.pdf
275. kt 94/k 1007,"2/3 ma-na 7 112 GIN KB 'r 1k--vd, r[ u-p ] a- am z-zš- a-tz-a :a-na 1-dí-rA-šur₁ DUMU Dan-A-šur t-ra-m - [' t-nt '] -a r aš -qu-u ll u a-na '!1 ' riJ ig-ma-tim 1 1-dí-A -šur . d' . r 1[ , -'] rl 1 , b. tr- t-nt- -tt-ní u a-na tup-pt ša v št- o t₄ i-ba-ab rDINGIR-lim 1 r u₁-ga-ri-mu-ni r 1₁ G 40 mz-iš-li-šu Ši-li-a i-dí-nam [x] 1/2 ma-na URUDU SIG₅ '] '<rv1 b' ,. [ u pu-ru-ša-e- ša ra- e. [i-]ra-mz-ni-a: aŠ-qu-ul u-ku-ul-ti MAS KIM a-na-ku-ma u-ša-qì-ií5 ṣì-li-a mi-ma a-na u-ku-ul-ti-šu u-ld i-dì-in r. r il-nu-mt : a-na-ku u A-ba-ba 1-U-dan e-ti-qu-ni [i-na h]a-ra-nim lu a-dì u4-mi-im [a-nim n]i-iš-hu-ru-ma: a-wa-šu [ni-i]b-tu-qu-ni u iš-tu Ku-bu-ur-na-at a-dì Dur4-hu-mi-it ni-tu-ru-ni 112 ma-na 4 GIN KB ga-me-er mz-ma a-nim : a-dì a-wa-tim ša :E a-bi-ni ka-ša-dim u-ga-me-er i-na KB ša :E a-hi-a gam-ri a-la-qe e.","I myself paid 2/3 mina 7 'l2 shekels of re- fined silver, my earnings, to Iddin-Assur son of Dan-Assur; I personally spent 1 talent 40 minas (of copper) both when Iddin-Assur led us to the court case and when they certiíied the tablet with witnesses in the gate of the God, and Silliya gave me half of that. I personally paid x 'l2 minas of good cop- decision₁ per, the and the of the attorney. I too paid for the food of the attorney. Silliya did not give anything for his food. When I and Ababa travelled to lli-dan we were delayed on the journey until this very day, and we dropped his case; then we returned from Kuburnat to Durhumit - 1-1 mina 4 shekels of silver was the ex- pense. All this I have paid in order to conclude the matter of our father's house. I shall take my expenses from the silver of my father's house.",AKT 6a.pdf
276. kt 94/k 1111,"[a-]na rsl ma-n[a tup-pa-am ša [x b]u-[ .. ]-l'""kumh u 1-li-dan Šu-d /EN .LIL ša 2 1/3 ma-na 4 1/2 I GIN KB SIG.HI.A 1 ma-na 10 GIN AN.NA 6 ANSE ' , u u-nu-šu-nu / mz-ma ' a-nzm . a-na -mur-ša-ra-ša a-di-in-ma e. a-na Ku-bu-ur-/na-at r. u-bi-il5 IGIA-di-da IGI A-ba-ba IGI Dam-qa-a 3 GINKB i-li-bi [Šu?-]li-i","for 5 minas ... a tablet ... Ili-dan and Su-Illil ... Wool worth 2 1/3 minas 4 of silver, 1 mina 10 shekels of tin, 6 black donkeys and their harness - all this I gave to Amur-sarrassa and he brought it to Kuburnat. Witnessed by Adida, by Ababa, by Dam- qaya. 3 shekels of silver is in the possession of Suli.",AKT 6a.pdf
277. kt 94/k 1011,A-ba-ba :ša Ša-lim-A -šur: En-urn-A -šur u Ši-li-a ša ki-ma -la-hi-im a-na a-na 1-di-A -šur rna um-ma A-ba-ba : a-na 1-di-A -šur-ma : tup-pa-am ki KB ša v - zm : ta-aš-me /V : -ap Ša-lim-A -šur u-pa-ha-ar u na-aš-pler-tam :ša um-me-a-ni Ša-lim-A-šur: iš-tu ITU.KAM bu-bu-ur li-mz-im A-šur-ma-lik: DUMU A-la-bi-im ub-La-kum: ša 40 GU URUDU SIGs ip-qi-du-ni-ku-ni : tu-še-ra-am u a-na me-er-e : Ša-lim-A -šur Ia ta-tu-ar: 40 GU URUDU SIGs ša um-me-a-ni: Ša-lim -A -šur ta-pu.r tu ₁-ni a-na ma-La : na-aš-pe-er-ti-Šu-nu iŠ-tu ITU.1.KAM bu-bu-ur li-mu-u[m] -šur-ma-lik D UMU -La-bi-im : UR UDU al-[ qe1 La tu-na-ba-ni : a-ma : a-wi-lu a-n[i-u-tum] lu i-de₈-u: na-aŠ-pe-er-tam ša [um-me-a-ni] IGI a-ni-u-tim: 5í-me-ma: a-[na me-er-e] Ša-lim-A -šur : La ta-tu-a[ r ... ] ma-la ga-me-er: a-wa-ti-ni [ ... ] t-na : na-aš-pe-er-tt- rv šu-nu 1 [ ... ] u-ša-bi-it-ka: 1-[dì-A-šur] ša E Š[a-lim-A-šur] e. rEn-um-A-šur₁ [u ṣì-li-a] [ša ki-ma -la-b ]i-im [ e-pu-ul] [um-ma 1-dì-A-šur]-ma [ ... ] [x x x x x] i-na[ ... ] r. [x x x x x] a-wa-ti-ni [ ... ] [X X X X] Ša qa-t[a-tim ... ] [ša En-u]m-r -šur₁ u A-la-bi-i[m ... ] [ um-m ]e-a-ni Ša-lim -A -šur : a-[ bi-ni] [ša] me-tu: rnUB 1 40 GU URUDU SIGs [ ... ] i-na ga-me-er a-wa-ti-ni : i[Š-tt1 um-me-a-ni: Ša-Lim-A-šur: a-bi-k[u-nu] tu-ša-ha-ta-ni: um-me-a-nu: [a-bi-ku-nu] ma-du: Kl 1-ku-pì-a: tu-ša-hi-[ta-ni-ma] um-me-a-nu : a-bi4-ku-nu : ma-du-tu-[um] a-hu-ru.r ma KP um-me-a-ni : a-bi-ku- [nu] ša-hi-ta-ni-ma : a-na ma-La ga-me-er a-wa-ti-ni : u-La a-tu-ra-ku-nu-tí u4-ma-am :a-ša a-dí-ni: La tu-ša-hi-[tu ]-ni um-ma a-tu-nu-ma : ša-hu-ta-tí a-na me-er-e: Ša-Lim-A-šur: La ta-tuJar₁ a-ni-i : ta-ar-ta-ag-ma-nim u gam-ra-am : ma-da-ma : tu-ša-ag-ma-/ra-ni ša mì-ma : a-na :E a-bi-a : La aL-qí-u a-na dí-tí-im u ma-na-ah-tim ta-aš-ta-na-pa-ra-ni : šu-ma i-na um-me-a-/ni a-bi-ku-nu : ma-ma-an : i-tu-ra-am u a-na-ku : a-tu-ra-ku-nu-tí a-n[ a]-wa-tim a-ni-a-tim ka-ru-um rDur4₁-hu-mì-it GAL i-dì-ni-a-tí-ma IGI GIR ša [A ]-Šur 5í-bu-tíJ ni₁ ni-dí-in IGI En-um-A-šur DUMU A-hi-a IGI Puzur4-lŠtar [DUMU] 1-dí-[Šu]-in IGI A-hi-a DUMU La-l[i-i]m,"Ababa, the attorney of Salim-Assur's firm, Ennam-Assur and Silliya, Ali-ahum's rep- resentative, seized us against Iddin-Assur and the attorney Ababa said to Iddin- Assur: ""You have heard the tablet from the City. I collect Salim-Assur's silver; also, I brought you a missive from Salim-Assur's investors from the month Hubur, eponymy of Assur-malik son of Ali-ahum, stating that you must release 40 talents of good copper that they entrusted to you, and you must not raise claim against Salim-Assur's sons. I have received the 40 talents of good cop- per about which you reached an agree- ment with Salim-Assur's investors, in ac- cordance with their missive dated month Hubur, eponymy Assur-malik son of Ali- ahum. Do not obstruct me. Indeed, may these men know - listen to the missive from the investors before these witnesses, and do not raise claim against Salim-Assur's sons. ... as much as those who settled our case ... I have cleared you with their missive ... "" Iddin-Assur answered the attorney of Salim-Assur's firm, Ennam-Assur and Silliya, Ali-ahum's representative, and Id- din-Assur said: "" . ... ln ... . . . of our case ... ... guarantors of Ennam-Assur and Ali-ahum ... The in- vestors of our father Salim-Assur who is dead ... a tablet of 40 talents of good cop- per .. . of those who settled our case ... you will clear me with the investors of your father, Salim-Assur. The investors of your father are many. You have cleared me with Ikiin- piya, but many investors of your father remain, so clear me with your father's in- vestors, and I shall raise no claim against you in accordance with those who settled our case. Today, not only have you not cleared me, but you say: 'You are cleared! Do not raise claim against Salim-Assur's sons!' Now, you have raised a complaint against me and you have burdened me with a lot of expenses. Although I have taken nothing for my father's firm, you keep writing to me about lawsuits and expenditure. If any of the investors of your father raises claim, then I too will raise claim against you."" The Durhumit colony in plenary session gave us for these proceedings, and we gave our testimony before Assur's dagger. Witnessed by Ennam-Assur son of Ahiya, by Puzur-IStar son of Iddin-Suen, by Ahiya son of Lalum.",AKT 6a.pdf
278. kt 94/k 1324,ša :E Šal-ma-A -šur En-um-A -šur ṣi-li-a ša ki-ma -la-hi-im [u] šd-na-A-šur [a-wa-ti-šu-]nu: nu-ga-me-er-ma GO [x x 40 URUDU] : SIG₅ break [ ... q]a-ta-ti-šu-nu r. [ ... ]a-na En-um-A-šur [u -la-]hi-im me-er-e [ Šal-m ]a-A -šur u-ta [i-]tu-wa-ar šu-ma GO ša hu-bu-ul 11 URUDU SIG₅ D 0 -šur ša tup-pu-šu ha-ar-mì-im Ma-ma-hi-ir i/₅-qe e. URUDU u[ ... ] Šal-ma-[A-šur ... ],"nam-Assur, Silliya, Al-ahum's representa- tive, and Iddin-Assur seized us and we concluded their case, ... 40 talents of good copper ... their shares . .. he will not raise claim against Ennam- Assur and Ali-ahum, Salim-Assur's sons. If Man-mahir has received 11 talents of good copper from debt as per his certified tablet, the copper and ... Salim-Assur ..",AKT 6a.pdf
278a. kt 94/k 744,40 GU URUDU SIGs l-dì-A -šur u-mz-a-ni sA.BA 2/3 ma-na -La-hu-um ki-ma : a-hi-šu 1-H-a il5-qe KB 8 1/3 ma-na En-nam-A -šur SUNIGIN KB 15 ma-na KB ha-ra-nam ba-la ₁-ka-at-ma KB-ap-šu ta ₁-ba IGI MAR.TU-ba-ni rDUMU 1 Ma-na-na Ma-nu-ki-A -šur < DUMU > r Št₁ -mz-be-li DUMU Su-{d}EN.LfL,"Of the 40 talents of good copper about which Iddin-Assur reached an agree- ment with the investors, of that Ali- ahum paid 6 2/3 minas of refined sil- ver, and Iliya received the silver on be- half of Su-Kubum, his brother. In addition to this silver Ennam-Assur will add 8 1/3 minas of silver, so in all there will be 15 minas of silver. Twice it will cross over in a caravan and Su-Kubum will be satisfied with his silver. Witnessed by Amurrum-bani son of Manana, by Mannum-ki-Assur son of Sime-beli, by Assur-malik son of Assur- taklaku, (grand)son of Su-Illil.",AKT 6a.pdf
279. kt 94/k 745,1-ku-pì-a a-na ša Šal-ma-A -šur um-ma 1-ku-pì-a-ma i-na 40 GU URUDU SIGs ša ap-qi-du sA.BA 10 GU URUDU a-na-ku al-qe 30 GU URUDU a-ta tal-qe e. um-ma a-na-ku al-qe r. um-ma u DUMU Šal-ma-A-šur iš-ti 1-di-A -šur-ma ša-aš-hi-< it-> ni-a-ti IGI En-um-A-šur IGI IGI Lu-lu,"Ikiin-piya seized us against the attorney of Salim-Assur, and Ikiin-piya said: ""Of the 40 talents of good copper that I entrusted, thereof I personally took 10 talents of copper and you took 30 talents of copper."" The attorney answered: ""I personally took it"" The attorney continued: ""And the son of Salim-Assur has been cleared for us viš-a-viš Iddin-Assur."" Witnessed by Ennam-Assur by Assur, by Lulu.",AKT 6a.pdf
281. kt 94/k 1370B,A-ba-ba ša Šal-ma-A -šur a-na En-um-A-šur DUMU Šal-ma-A-šur u ṣì-li-a ša ki-ma -la-hi-im a-hi-šu um-ma A-ba-ba u a-na En-um-A -šur ṣì-li-a ša ki-ma -la-/hi-im 22 GU URUDU SIGs i-na li-bi4-ku-nu um-ma En-um-A -šur-ma e. u ṣì-li-a ša ki-ma ke-na i-na li-bi4-ni i-na Ka-ni-iš a-na-ku u a-hi-i ni-za-ku-ma a-li URUDU i-na li-bi4-/ni i-bu-ra-ni KB-ap-šu ni-ta-dì-a-ku-um a-na a-wa-tim a-ni-a-tim ka-ru-/um Dur4-hu-mì-it i-dì-ni-a-/ti-ma IGI GIR ša -šur H-bu-d-ni ni-dì-in IGI IGI Šu-ki-tim e. IGI En-nu-um-Šu-in,"Ababa, the attorney of Salim-Assur, seized us against Ennam-Assur son Salim-Assur and Silliya, his brother Ali-ahum's repre- sentative, and the attorney Ababa said to Ennam-Assur and Silliya, Ali-ahum's rep- ₁₁22 talents of good copper are in your possession. 11 Ennam-Assur and Silliya, his brother Ali- ahum's representative, answered: ₁₁Y es, it is in our possession. In Kanesh I and my brother will make a settlement and wherever copper is shown as being owed by us, we shall deposit it for you. 11 The Durhumit colony gave us for these proceedings and we gave our testimony before Assur's dagger. Witnessed by by Sukku- tum, by Ennam-Suen.",AKT 6a.pdf
282. kt 94/k 1214,16 GU 13 ma-na URUDU SIG₅ SA.BA : GU 6 40 ma-na URUDU SIG₅ H-im KB is-ti 1-li-dan A-ba-ba e. u -la-hu-um r.,"The attorney Ababa and Ali-ahum received 16 talents 13 minas of good cop- per; thereof 6 talents 40 minas of good copper, the price of silver- from Ili-dan.",AKT 6a.pdf
283. kt 94/k 927,En-um-A -sur DUMU Sa-lim-[A -sur] a-na -gi-a D UMU 1-ku-[ nim] u[ m-ma En-um-A -sur] a-na -gi-a-ma [ ... tup-pt1 [ha]f ru₁-mu-tim [sa ... ] [a]-bi-ka i-n[a]Ka-n[i-is ... ] [xx]ku-a-ti-ma URUDU u[ ... ] [xx]na[xx]ir[ ... ] [xxx] bi zu [ ... ] [me-ra] me-tim [a-na-ku ... ] a-se-e[ ... ] a-wi-lu a-n[i-u-tum ... ] iš-tu ITU .l.[KAM ... li-mu-um] ša qa-tí -šur-m[ a-lik ... ] a-na ša-n[ a-at ... ] ha-ar-[ ... ] šaku[ ... ] e. [x]la[ ... ] [x]ld[ ... ] [a]-naa-[ ... ] r. ha-ru-m[u-tim ... ] a-tau a-[ ... ] u-la ta-t[ u-ar-ma] mz-ma Ia ta-na-pu-uš um-[ma] -gi-a-ma i-naKa-ni-iš tup-pi ša hu-bu-ul a-bi-a a-r ta lu ša-zu-uz-ta-ka [lu] r ₁-hu-ka : ka-li-ma-ni-ma [šu-ma] tup-pa-am ša ku-nu-uk r ₁-bi-ka u.r /d₁ Ši-bi : a-na ma-la U4-me-a u-ía UŠ-tlíi-a-ku-nu-tí a-na ma-Id tup-pi-a ša ku-nu-uk a-bi-ni hu-bu-li-ni u-la a-tu-ar-ma DUMU A-li-/li IGI BP lu-um ₁-ba-ni DUMU Ka-/ši-a IGIA -šur-ma-lik [xxxxxxxx]-i-li [xxxxxxxx] 14 GIN rhu₁-ša-rri₁-[xxxik]-ri-be rx1 10G[IN ... ] SIG₅ iš-ti[Be-lu-um-ba]-ni DUMU Ka-ši-a IGI -šur DUMU -li-[li],"Ennam-Assur son of Salim-Assur seized us against Agiya son of Ikiinum, and Ennam- Assur said as follows to Agiya: "" ... certified tablets of your father's in Kanesh ... for you and copper and ... I am an heir .... I sue ... these men ... reckoned from the month ... , eponymy after Assur-malik, within 1 year ... . .. certified tablets ... you and ... do not raise claim and do not complain at all."" Agiya answered: ""Show me, either you yourself or your agent or your brother, the tablets concerning my father's debt in Kanesh, and if I have not produced for you the tablet sealed by your father or the relevant witnesses within my stipulated term, then it is indeed our debt in accord- ance with my tablet sealed by our fathers, and I shall not raise claim and I shall not complain."" Witnessed by son of Alili, by Belum-bani son of Kasiya, by Assur-malik ... . .. 14 shekels of lapis lazuli ... votive offerings ... 10 shekels of ... of good quali- ty owed by Belum-bani son of Kasiya. Witnessed by son of Alili.",AKT 6a.pdf
284. kt 94/k 1192,11 i-U-tim ša URUDU ku-nu-ku ša En-nam-A -šur u 6 ta-ma-la-ku ša tup-pe ku-nu-ku ša En-nam-A -šur A-dí-da e. A-la-hu-um u r. ša a-na E-na-ah-DINGIR ni-ip-qí-du IGI A-šur-ba-ni DUMU Ku-ta-a IGI Be-lum-ba-ni DUMU -šur-be-el-a-wa-ltim e.,"containers with copper under the seal of Ennam-Assur and the attorney; (and) 6 boxes with tablets under the seal of Ennam-Assur, Adida, Ali-ahum and the attorney, which we entrusted to Enah-ili, we brought out. Witnessed by Assur-bani son of Kutaya, by Belum-bani son of Assur-bel-awatim.",AKT 6a.pdf
285. kt 94/k 1349,"a-na 1-na-ah-DINGIR um-ma -ba-ba-ma 8 ANSE 1 1/2 ma-na KB 6 GIN KU.GI ša En-um-A-šur a-mi-ša-am a-na Ši-a-ma-tim a-na SIG.HI.A ša-a-mì-im Ša-lim-a-ar-di u E-ni-ša-ru-/um ub-lu-nim a-ma-kam ANSE.HI.A u lu-qu-šu e-na-tim i-da-ma 'b- ta zš-tz ''t'd 1- z- •V a-wa-tdm ni-ib-tu-uq 5 ma-na KB iŠ-qu-ul-ni-a-ti 5 ma-na KB a-na 45 ha-am-ša-tim e. nu-ZA-mi-i/yšu-um 1 2/3 ma-na KB a-na 15 ha-am-ša-tim r. i-ša-qa/1 2/3 ma-na ša-ni-tam ma-aš-qa-al-tam a-na 15 ha-am-ša-tim i-ša-qal ta-aš-bi4-it KB a-na 45 ha-am-ša-tim i-ša-qal a.r hu-ka₁ i-na pu-uz-ri-im r iltí 1-lí-dan 1 ul-ta-hi-iš-ma gi 5-mi_r li i₁-na 1-tí-dan i-di-ma a-na-ku u-ta i-de8: 21 GU sfG.HI.A a-hu-ka a-na 1-lí-dan i-da-an-ma 6 ma-na KB i-na ri-iš ŠiG.HI.A-ma 1-lí-dan a-rna 1 a-hi-ka i-ša-qal a.ípu₁[-tum a]-ma-kam lu-qu-tdm e. a-na-kam a-dí lu-qU-tim a-mi-tim ša-he-er-ma u a-na ti-ir-ti I.e. u a-na-ku rdUTU a-nu-um-ma 1 ni-r x x₁ r r b k tš -""-'1 -tt-šu I v na 1 u-ta- I u","To Inah-ili and Ali-ahum from Ababa: 8 black donkeys, 1 mina silver and 6 shekels of gold belonging to Ennam- Assur Salim-wardi and Enisarum have brought there for purchases of wool. Pay close attention and seize the donkeys and his goods there when they leave. We have dropped the matter with lli-dan; he has paid us 5 minas of silver; we did him a favour (to lend him) 5 minas of silver to be paid in 45 weeks. He is to pay 1 2/3 mina in 15 weeks, 1 2/3 mina, his second instalment, he will pay in 15 weeks (after that), and the full amount of silver he will pay in 45 weeks. Your brother secretly whispered with IIi- dan and showed a favour towards Ili-dan, without my knowledge: your brother is to give 21 talents of wool to Ili-dan, and Hi- dan will pay 6 minas of silver immediately to your brother for the wool. Urgent, seize the goods there. Here he has been delayed because of those goods, and thus he does not pay heed to the orders of your father's house. And as for me, this very day ... I am engaged in a conflict with him.",AKT 6a.pdf
286. kt 94/k 1146A,[KISIB Ma-m ]a-hi-ir Dan-A -šur [DUMU P]uzur₄-A-šur A-la-hi-im a-hi-šu r u 1 Šu-Htar DUMU Šu-ki-tim a-na En-um-A-šur DUMU Ša-lim-A -šur,"Seal of Man-mahir, Dan-Assur son of Pu- zur-Assur, Ali-ahum his brother and Su- IStar son of Sukkutum; to Ennam-Assur son of Salim-Assur.",AKT 6a.pdf
287. kt 94/k 1146B,um-ma Ma-ma-hi-ir-ma Dan-A -šur -la-hu-um u Šu-Htar-ma a-na En-um-A-šur qí-bi-ma mi-Šu ša a-ma-kam a-šar La a-bi-im u um-mt-im na-la-tì-ni-ma u a-na tu-ra-du-u ki-ma a-na-kam a-na E DINGIR : tu-ru-du-ma iš-tì DINGIR : e-na-na-tim tlta-ri-šu u IGI i-li-ka tu-ta-na-nu-nu u a-hu-um u eb-ru-um li-ba-am i-da-na-ku-nu a-ta a-ma-kam ki-ma a-we-lim ra-qì-im ša-na-at ta-ta-ša-ab ša tt-ir-tam u hu-ša-ha-am e. Ia tí-Šu-u a-na-kam um-me-a-nu r. a-bi-ku-nu ša ki-ma i-na pa-ni-tim te-ta-ta(íor na)-ri-ša-ni a-na a-hi-ka u-ka-lu-ma u ki-ma a-hu-ka we-dì-ni-ma u a-šu-mì-ka ma-ga-ra-am u-la i-mu-a a-pu-tum i-na ša-am-H tup-pi-ni ta-ša-me-u d-ib-a-ma u a-tal-kam a-hi-u-tum i-ta-bu-lu-ka KB 10 GIN lu a-na ANSE.HLA lu a-na hi-ša-nim gu₅-mu-ur-ma d-ib-a-ma a-tal-kam: a-na-kam E a-bi-ku-nu za-ki-a ma-ma-an ša-li-um i-na Ia i-ša-la u-um-šu-ma e. be-eš a-wa-d< -ku > -nu i-na a-wa-d i-ra-de₈-u-ku-nu I.e.,"From Man-mahir, Dan-Assur, Ali-ahum and Su-IStar to Ennam-Assur: Why are you lying around there where there is no father and no mother, making the disease worse? Instead of going down to the temple here, asking mercy from the god, praying constantly to your god so that brother and friend could give you encouragement, you have sat there for a year as an empty man, without purpose or wishes. Your father's investors here offer those things to your brother which you earlier constantly asked me for, but, in fact, since your brother is alone he is of course un- willing to agree on your behalf. Urgent, set out and come here the very day you hear our letter! Also, strangers may carry you away all the time. Agree to some 10 shekels of silver either for donkeys or for a pole and set out and come. Clear up the affairs of your father's house here. No evildoer should harm you. Until now your accusers have been pester- ing you with lawsuits.",AKT 6a.pdf
288. kt 94/k 1606,um-ma -lu-la-a u -mur-ŠŠtar-ma a-na En-um-A -šur qí-bi4-ma ta-aš-pu-ra-am um-ma a-ta-/ma H-im URUDU KB Ma-ma-hi-ir li-dì-na-ku-nu-tí um-ma ne-nu-ma a-hu-um ku-a-tì a-wa-tum ša um-me-an a-biršu-nu ga-am-ra-at KB 10 ma-na u 20 ma-na še-bi4-il5-šu-ma IGI um-me-an a-bi₄-šu li-iŠ-ku-un-/ma li-ik-bi/-it um-ma šu-ut-ma u-la u-še-ba-al-šu-um e. a-dì i-a-tam i-du-nu-ni r. ni-ip-nu-šu-ma um-ma ne-nu-ma a-hu-ni a-ta a-ta u En-nam-A -šur za ša a-wa-tim šu-ma la qe-pu-tum hu-ša-ra-am ka-il5 .- u ne-nu lu ni-pu-ul-/ka a-ma-la DVMV-e Šal-ma-A-šur ta-še-e-u i-ba-ab ha-ra-nim nu-qí-ip-ma um-ma šu-ut-ma KB 10 ma-na u-še-ba-al wa-ar-ki-tam na-aš-pe-er-tum ša a-hi-ka i-li-ka-ma um-ma šu-ut-/ma i-a-tí a-na a-wa-tim e. i-tu-ra-am u-la 5í-ba-am? a-na URUDU u hu-ša-ri-im mz-ma li-ba-ka la i-pa-ri-id al-ka-ma a-ta u Ma-ma-hi-ir na-me-ra-ma za-ku-ša H-im AN.NA-ka 2 ma-na 22 1/2 I GIN KB Še-lu-um-ar-dì u Ší-pz-IŠŠtar na-aš-a-kum,"From Alulaya and Amur-IStar to Ennam- Assur: You have written and said: ""Man-mahir shall give you the silver proceeds from the copper."" We said (to him): ""He is a brother for you. The matter of the investors of their father has been cleared up. Send him some 10 or 20 minas of silver so he can place them before his father's investors and he will be respected."" He answered: ""I shall not send him anything until they sell my things."" We confronted him and said: ""Our dear brother, you and Ennam-Assur are not men of strife. If the things are not en- trusted goods, then keep the lapis lazuli. We shall then answer for you. We guaran- teed when the journey began for as much as you are suing Salim-Assur's sons for."" So he said: ""I shall send some 10 minas."" Later your brother's missive arrived, in which he said: ""It is against me he has raised claim."" (He has) no witness. Do not in any way worry about the cop- per and the lapis lazuli. Come so you and Man-mahir may meet and Salim-wardi and Sep-IStar bring the final account for the proceeds from your tin, 2 minas 22 1h shekels of silver to you.",AKT 6a.pdf
289. kt 94/k 1261,ra- qu-um ša v Ša v -ma-A -šur v' Ma-ma-hi-ir iŠ-al um-ma i-na dì-in -lim{ki} hu-ša-ru-um ša Šal-ma-A -šur ša i-na -lim{ki} i-H-ik-nu lu um-me-a-nu Šal-ma-A -šur lu a-na hu-bu-ul me-er-e Šal-ma-A -šur il5-qe-u lu KB lu hu-ša-ru-u r u₁-ta-ru-u ša la u-ta-e-ru-lu [i-š1a-ri-iq-šu-um [ Šal]-ma-A -šur i-bu-ul-ltí-Šu e. r hu-₁ša-ra-am a-na H-a-ma-tim r. i-dì-na-kum lu hu-ša-ra-lam dì-nam lu KB H-im hu-ša-ri-im dì-na-ma a-na -lim{ki} lu-bi-il₅ i-a-tí ša ni-iš -lim{ki} u ru-ba-im ta-mu-u lu u-ka-al ki-ma u-ni-hi-/ni hu-ša-ra-am lu H-im hu-ša-ri-im ta-da-nam La i-mu-u La ri-ig-ma-tum e. 5í-bu-tum IGI Šu-ŠŠtar I.e. DUMU E-ra-diiGI U-gi-eJ x 1 D UMU E-na-ma-A -šur,"Salim-Assur's attorney questioned Man- mahir. The attorney said: ""According to a verdict of the City the lapis lazuli of Salim-Assur that was depos- ited in the City - whether investors of Salim-Assur have seized it or have taken it to cover the debts of Salim-Assur's sons, they must return both silver and lapis laz- uli. He who does not return it will have it taken away by force. When Salim-Assur was alive he gave you lapis lazuli for purchases. Either give me the lapis lazuli or give me the price in sil- ver of the lapis lazuli, so I may bring it to the City. Do not create difficulties for me, the attorney! I shall indeed remember what was sworn by an oath by the City and the king - that he has obstructed me. He refused to give either the lapis lazuli or the price of the lapis."" This is not a formal court case, only a witnessed statement. Witnessed by Su-IStar son of Erradi, by U gi .. son of Ennam-Assur.",AKT 6a.pdf
290. kt 94/k 1168,2 na-ru-uq ŠE-am 1-dí-A -šur 2 na-ru-uq ŠE-am 1 na-ru-uq ar-ša-tum E-na-Šu-in D UMU 1-lí-a-lim 2 na-ru-uq ŠE-am Puzur4-e-nam 1 DUG ŠE-amA-dí-da 1 DUG ŠE-um Ili₅-ba-ni 1 na-ru-uq 1 DUG SE am-tim₁ a-na e. Ha-dí-tum um-mz-šu r. 2 DUG ar-ša-tim A-ba-ba ra-bi-r 1 mz-ma a-nim a-we-el-tum i-ta-dí-/in i-li-bi u-ti-tim a-ha-rna 1 na-ru-uq ar-ša-tim ša-da-ag-deš-e a-na D UMU 1-U-a-lim e. a-di-in 1 na-ru-uq ar-Ša-tim iš-tu Tu-um-/li-a I.e. a-na Puzur 4-e-nam u-še-bi4-ld-am,"2 sacks of barley: Iddin-Assur; 2 sacks of barley, 1 sack of wheat: Enna- Suen son of Ili-alum; 2 sacks of barley: Puzur-ennam; 1 jar of barley: Adida; 1 jar of barley: Ili-bani; 1 sack 1 jar of barley of the maid for her mother Haditum; 2 jars of wheat: Ababa the attorney - all this the lady has given. It will be deducted from the grain account. Further, I gave 1 sack of wheat last year to IIi-alum's son; I sent 1 sack of wheat from Tumliya to Puzur-ennam.",AKT 6a.pdf
291. kt 94/k 1346,"a-na ma-la dí-in [A-lim{ki}] lu ni-ta-la-ak[-ma ... ] qì-bi-ma: a-hi a-[ta (..)i-na] {d}UTU -si : tup-pí ta[ -ša-me-u] ti-ib-a-ma: a-ta[l-kam ... ] La a-[na ša ki-ma] i-a-ti: qí-bi-ma [ ... ] iš-ti: A-ba-ba : bu-la-ti-ni [ ... ] e. La i-mu-[a ... ] a-n[a ... ] break l / r b"" I.e. X l Šl v.-?1 [ ••• ] i-a-ti qi-bi <-rna> ih-da-ma r 1 [ •.. ]","let us go in accordance with the verdict of the City ... say. My dear brother, the very day you hear my letter set out and leave. I shall not seize. To my representatives: "" with Ababa ... our assets .. . he will not .. .",AKT 6a.pdf
293. kt 94/k 587B,um-ma En-um-A -šur-ma a-na En-na-Šu-in u DINGIR-ba-ni qí-bi-ma šal-ma-ku lu ha-dí-a-ni7 mz-ma Šal-ma-A-šur la il₅-qe u a-tu-nu na-am-ra-ni a-pu-tum tí-ib-a-ni-ma e. a-tal-ka-nim 1 GIN KB Ší-tam? r. ša DINGIR-ba-ni En-na-/Šu-in ub-lam ša 1-na-ŠU-in LUGAL-diM mz-ma la ub-lam u šu-ma be-u-la-tí-ku-nu ba-at-qa-tu-nu a-na-ku u₁-ša-ba iš-tí A-ba-ba e. ta-ma-ku,"From Ennam-Assur to Enna-Suen and IIi-bani: I am well. Let us be glad! Salim-Assur took nothing on my account. As for our paternal house, I and you are happy! Urgent, set out and come. Enna-Suen has brought 1 shekel of silver the rest that belongs to Ili-bani. Sar-Adad has not brought anything be- longing to Enna-Suen. Also, if you are in arrears with your work- ing capitals, I shall personally pay them. I have been sworn together with Ababa.",AKT 6a.pdf
294. kt 94/k 1133,"a-na 1-lí-e-mu-qì Šu-Ta-mu-zi -bi₄-a-a E-la-a it La-ma-šì qí-bi-/ma um-ma A-dí-da it A-la-hu-/um-ma iš-tit Ša-lim-A-šur: me-tit-/u DAM.GAR-ru-u: ša a-bi₄-ni ša a-ma-kam KB ša ha-bu-lu-ni i-a-tí it En-um-A -šur La-am-ni-/iš e-pu-šu-ni-a-tí-ma : ší-ku-ni it ba-a-ba-tit-ni a-tit-nu : ta-tiŠ-me-a-ma a-na -lim{ki} ta-li-ka-ma :A -lu-um : dí-nam i-dí-in-ma : šu-ma KB Ša-lim-A -šur i-na eq-lim : ha-bu-ul: i-na tup-/pi-šu it 5í-biršu : i-ku-an-ma i-na ša-bi-tí-Šu : KB-ap-šu i-La-qe: a-na hu-bu-ul Ša-lim-A -/šur ša i-na -lim{ki} ha-bu-lu ma-ma-an KB i-na eq-lim r /a₁ i-la-qe ma-ma-an e. ša r il₅-qtí-lu u-ta-ar [ša la u-ta-e-]ru i-ša-ri-iq-,1_5um] r. [ ... m ]e-er [ ... ] [ ... ] [ ... ]-ku-nimJ ma 1 [ ... ] [ ... šju A_rlam ha x lu₁ [ ... ] r li-mu-um : r ni-ta šu rna mz₁ [ ... ] Ša-lim-A-šur 3 r x x x x x xI x₁ i-za-zu : a-na r -lim x ta-li-kt/-ni₁ me-eh-ra-at tup-pz-im ša -lim{ki} A-ba-ba: [ub]-la-ma: KB ša : r u₁-še-ru-ma : r ší-ki-ni₁ u-ka-lu : iš-tu a-hi-i : me-tu-u i-a-tí U4-ma-am a-dì-ni u-ka-lur -ni₁ la li-bi DINGIR-ma a-hi-i-ma me-r et₁ ki-ma a-hi-i : me-tu-u tup-pa-r am 1 ša - l. zm ki : u À - b a- b ra- b. v ni-it-ru-dam a-hu-ni a-tu-nu tup-pa-r am 1 ša <A-> lim{ki} ša me-ha-ar-šu A-ba-ba ub-la-ni : li-ta-ki-ru-ma a-na -lim{ki} al-ka-ma ' l ki tup-pa-am -am ša-aš-me-a-rna v 'V tup-pa-am šu-a-tí le-qe-a-nim a-na 6 e. ITI.KAM la-li-kam-ma ší-ki u ba-a-[ ba-]tí-a I.e. ba-ab-tì lu-za-ki-ma ša-li-[ kam x x x x]","To Ili-emuqi, Su-Tammuzi, Abiya, Elaya and Lamassi from Adida and Ali-ahum: After Salim-Assur died our father's cus- tomers to whom he owed silver there treated me and Ennam-Assur badly, we were detained and our outstanding claims blocked, and you heard about it and went to the City assembly, and the City gave a verdict as follows: if Salim-Assur owed silver abroad, it must be proved with his tablet and witnesses and he (the creditor) may then receive his silver from the funds available; as for the debt that Salim-Assur owed in the City, noone could take any silver abroad. Whoever took any would have to return it; who did not return it would have it taken away by force. the eponym .. . Salim-Assur .. . they will stand ... To the City ... Ababa, the attorney brought a copy of the tablet of the City and they released all the silver that had been confiscated, but they detained us. After my brother died they still detain me today! Sadly, my brother died. As my brother died, we sent the tablet of the City and the attorney Ababa. Our dear brothers, they should annul the tablet of the City of which Ababa brought a copy, then go to the assembly and have the City hear the letter and take this tab- let. I shall come in 6 months and I and my outstanding claims shall be released(?). Let me clear my outstanding claims and come.",AKT 6a.pdf
295. kt 94/k 1217,iš-tu En-urn-A -/šur me-tit-u 2 ma-na 15 GIN KB A-ba-ba il5-qe ITLKAM Ku-zal-li li-mu-um e. En-na-Šu-in DUMU Šu-A-šur r. IGI E-na-ah-DINGIR DUMU Šu-A-šur IGI A-dí-da DUMU IR-ad-i-li-šu IGI šd-na-a,"After Ennam-Assur died the attorney Ababa received 2 minas 15 shekels of sil- ver. Month Kuzallu, eponymy Enna-Suen son of Su-Assur. Witnessed by Enah-ili son of Su-Assur, by Adida son of Warad-ilisu, by Idnaya.",AKT 6a.pdf
296. kt 94/k 753,a-na En-nam-A -šur qi-bi-ma um-ma -la-hu-um-ma a-hi a-ta a-ma-kam iš-tu : a-wa-tu-um i-ba-tu-qu-ni 5 act ti-ir-ta-ka li-li-kam-ma a-ma-la : ti-ir-ti-ka le-pu-uš a-ṣe-er ANSE 10 Dispatch a-ni-u-tim 3 ANSE u ṢU-ha-ri še-ri-a : a-ma-la I tìer-ti-ka : le-pu-uš tions.,"Ennam-Assur from Ali-ahum: dear brother, send me word there after matter has been dropped, then I shall in accordance with your instructions. 3 donkeys and servants in additi- on to these donkeys. shall act in accordance with your instruc-",AKT 6b.pdf
297. kt 94/k 1689'',a-na[ ... ] A-la-hi-im qi-bi-ma um-[ma] specifically En-um-A -šur-ma a-r na 1 -La-[ hi-im] [qzúbi-ma a-di ša um-r me₁[-a-ni ša] [a ]-bi-ni ti-ir-ti: a-di [ ma-la1 5 u šz-nz-šu 'l'k'[k a- um-ma ] 44 Letters - Family Correspondence [nu]-za-ka-nim₁ u a-na[ ... ] [x] ša qa-šu-nu iPku-nu-ni₁ [i-na] na-ap-tu ha-ra-[nim] u [x x] i-na wa-ar-ki-tim ki-ma iŠ-tu Ša-la-tu-[ ar J r im-qu-tu-ni-ni-ma KB mi-ma la ub-lu-ni-ni u r X X X 1 tu-ša-aí-/ni-U r x x x x ₁-ni um-me-r 1[-••• ] two lines broken two three lines illegible three lines illegible ' k' J u wa-ar- a-ša ša nt-ša-me- -v [' u ... \V URUDU i-ša-r rl₁-du-šu-ma aJ na₁₁ rKB₁ i-tu-ar a-wa-tum iš-tí Ma-ma-hi-ir i-bi-ti-iq KB f1 GIN₁ ša i-ma-ah-ri-šu-nu a-ša-kan URUDU ša rrzš šu₁₁ 2 ANSE.HLA r10₁ i-la-r tim 1 u r u-nu-šu-nu 1 Ši-ep-ŠŠtar z!₁-ra-di-a-ku-[nu-ttj r x 1 ma-na ša a-ma-[kam] r i-za-zu-ni₁ 3 GU URUDU KI₁ Ma-ma-hi-ir ša ku-a-ti r X SIGs ša e-₁-zi-ba-ku-nu[ -ti-ni] rest illegible,"... and Ali-ahum from Ennam-Assur; to Ali-ahum: messages have come to you a couple of times concerning the investors of our father, that we should clear (the matter); also, for--- on which they have laid claim, when the road opens ... Later, as the servants arrived from Salatuwar and did not bring any silver, and in addition to you repeated ... investors ... . .. and its resolution that we shall hear about ... as the copper, they will pack it to for him and it will be exchanged for silver. The matter with Man-mahir has been settled. Every shekel of silver that I have produced, I shall place before them. Sep-IStar leads the copper ... , 2 black don- keys, 10 bags plus their harness to you. In addition to x mina which stand there, 3 talents of copper, owed by Man-mahir, that he left with you ...",AKT 6b.pdf
300. kt 94/k 662,um-ma En-um-A _r šur ₁-ma a-na A-na-a-na qi-bi-ma a-na-kam a-ba-ru-um ša I-tur4-/DINGIR ih-li-iq-ma 1 GIN 15 SE KB a-na Ša-lim-be-li a-dí-in a-ma-kamKB Ša-lim-be-li li-di-na-/ki-im a-pu-tum a-ma-kam lu a-ba-ba-ti lu a-na E I be-ti-a ld ta-ša-li-ti a-wa-ti ša 1-li-dan u I-di-A -šur Šu-Htar al-/tìqe ha-ra-ni a-ta-ld-kam a-dì En-na-Šu-in ša-li-ma šu-ma iš-tit -lim{ki} uz-ni pìd-a 48 Letters - Family,"From Ennam-Assur to Anna-anna: Itur-ili's lead has been lost here, and I gave 1 shekel 15 grains of silver to Salim- beli, his servant. Let Salim-beli give you the silver there. Urgent, do not act rashly there with re- gard to either the outstanding claims or my house. I have accepted the proposal of Ili-dan, Iddin-Assur and Su-IStar. I shall come on my trip. Ask about Enna-Suen, and inform (plu- ral) me if he has left the City. Correspondence",AKT 6b.pdf
301. kt 94/k 642,"um-maA-šur-D""UG.rma₁ a-na -na-na rqí.lbi-ma 16 GIN rKB₁ ša tu-šlbi-ta-/ni šP im 1 li-bi4-šu šu-ut-ma iš-a-am Ia iŠ-e-li š?hi,p-tí-nu-um . ' . z-na ra-mz-m-a u-ba-la-am","From Assur-tab to Anna-anna: As to the 16 shekels of silver that you sent me, he made purchases after his own will without asking me. I personally bring you a šaptinnu.",AKT 6b.pdf
302b. kt 94/k 1488B,"a-na E[n-nam-A-šur qi-bi-ma] um-ma A-n[a-a-na-ma] 2 TUG Lci-qt-e[p ... ] 1 ma-na 10 G[IN ... ] wa-ta-ar-ta1m ... ] al-qri 1 ma-n[a ... ] Ha-ta-a-ah-šu: r x 1 [ •.• ] KB qa-at r x1 ... ] [ TUG ku-ší-tim [ ... ] al-qri: 12 GIN[ ... ] Ki-ka-ar-ša-a[n ... ] i-na KB a-[ ... ] 2/3 ma-na : r x 1 [a-na ma-lci] tí-ir-tí-ka a-n[ ... ] ni-dí-in [ ... J am-tam ' aš- ,. [ ... ] 10 GIN[ ... ] aš-qu[l ... J break tup-pí-šu-nu [ ... ] KB a-na 8 [ ... ] aš-qu/1112 GIN K[B a-na] lu-bu-Ší-šu ša E-[ ... ] aš-qul1 GIN KB a-[na ... ] 'h - ' šl'-na- vi a-m 2 GIN[ ... ] 11/2 GIN a-na ša-hi-[ir-tim] 2 2/3 GIN a-na rx₁ [ ... ] uša dí-du-ti[m ... ] 1/3 GIN a-na tí-ib-[nim] KB ša i-na-[. .. ] am-ta- h u-ru- ' a-n[a- ' ... ] zi-tí-ka u qa-[ ... J 1 ma-na KB : ah-[ ... ] tš-tu tt-tr-ta- [k'] •v ' '. i-li-ka-ni [ ... J 50 Letters - Family KI Ku-ša-ra a-n[a ... ] al-qi-ma [ ... ] i-na I[TI₁ ••• ] KB a-[ ... ] u ra-[. .. ] ša 1 r2/3 1 ma-na 5 GIN KB ni-ih-[bu-lu] KB KI pa-ni-im-ma še-bi4.r li₁-ma a-na Ku-ša-ra la-aŠ-qul la i-ma-id",To Ennam-Assur from Anna-anna: 2 textiles Li-qep ... 1 min a 10 shekels ... extra I received. 1 mina ... Hatahsu ... silver .. . a robe .. . I received. 12 shekels ... Kikarsan ... of the silver ... 2/3 min a ... in accordance with your message we gave to ... the maid ... 10 shekels ... I paid ... ... their tablets ... I paid ... silver for 8 ... 1 lh shekel of silver for the clothes of E ... I paid. 1 shekel of silver for two ... ; 2 shekels ... ; 1 lh shekel for small goods; 2 2/3 shekels for ... and of the fibula ... 1/3 shekel for straw ... The silver that I have received of ... ... of your share .. . 1 mina of silver .. . After your message arrived ... Correspondence I received from Kussara and ... in the month ... e. that we owe 1 2/3 mina 5 shekels of sil- ver; send the silver as soon as possible so I can pay to Kussara. The interest must not increase.,AKT 6b.pdf
303. kt 94/k 1668,"a-na r Ma-nu ₁-ki-A -šur u A-n[a-a-n]a qí-bi-ma um-ma En-[um-A-Yšur₁-ma 1 1/2 m[a-na KB] u 5 GIN GUSKIN ku-r nu ₁-ki-a: a-na l-tur4-DINGIR Ša-lim-ar-dì Letters- Family Correspondence na-H: a-na ma-Id[ ___ ] rša-lim-ar-d[₁ I-tur₄-DINGIR break e-[---] tu-ur-da-n[i-im ... ] u-qa-a ' ' u ' a-na [' u-p :1 rtt-a ' ih-da-ma ma-la [x t]a [ ... ] íu u-ta-tum e[-X x] r X 1 [---] uz-ni pe-tí-a; a-[na] [A-]na-a-na qz'-bi-r ma₁ ša-am-nam [t]a-i-bi: u a-na mz-ma ša aš-pu-ra-ki-ni ku-un-ki-ma iŠ-t[ Ša-lim-ar-/d[ še-birli-im u ' a- d'v z ša L' a-qe-ep ' [ ... ] šu -up-rz-tm a-ma-nu- k'[Av] z- -šur rv1 .. ""' [ q ]'b' z- z-ma šz-zm y,. 'b a-tt- 'k['] r -na a- l a- ' k. t-a u- , rb - l] t '1 1 [","To Mannum-ki-Assur and Anna-anna from Ennam-Assur: Salim-wardi brings 1 1;2 mina silver and 5 shekels of gold under my seal to ltur-ili. 51 In accordance with __ _ Salim-wardi ltur-ili ___ send to me ... I await it. Also take care with my grain and in acordance with ... both the grain ... Inform me. To Anna-anna: Make the oil sweet; also, seal all that I write you about and send it with Salim-wardi. Also, write me about the affair concer- ning La-qep. To Mannum-ki-Assur: I shall bring the proceeds from your tex- tiles when I arrive.",AKT 6b.pdf
304. kt 94/k 650,a-na Ma-nu-ki-A -šur 52 Letters- Family Correspondence u -na-na qi-bi-ma um-ma En-um-A-šur-ma 1 tup-pa-am :ša ba-ab I DINGIR ša 9 112 ma-na I 3 GIN KB ša Ši-bu-ti u -lu-la-a Lci-qi-ep u 1 tup-pu-um ša 5 GU URUDU ša hu-bu-ul r Ku-ra : ku-nu-ki-a -ka-li IR : ša -šur-/ma-lik na-aŠ-a-ku-nu-ti: a-ma-kam iš-ti: -na-na li-ib-H-u a-ma-kam Im-ra-mu-ša a-na ba-ab-tim ša Tu-um-li-a-/i-im li-hi-id,"To Mannum-ki-Assur and Anna-anna from Ennam-Assur: Akali, Assur-malik's slave is bringing you under my seal 1 tablet from the Ga- te of the God concerning 9 minas 3 shekels of silver, with the testimony of Alulaya and Li-qep, plus 1 tablet con- cerning 5 talents of copper from Kura's debt. Let them remain there with Anna-anna. There Ewarimusa should take care of the outstanding claims of the man from Tumliya.",AKT 6b.pdf
305. kt 94/k 1251,5 GU URUDU iJ-ti Ku-ur-zi-a u Šu-Ni-ša-/ba iš-tu ha-mu-uí.tim šaA-bi-i-H a-na 4 ha-am-ša-tim i-ša-qU-lu šu-ma ld ií.qu-lu ki-ma a-wa-at ka-ri-im ITI.KAM A-al-DUG 3 GU 23 ma-/na URUDU ií.ti 1-li-iš-ta-kdl 5 GU URUDU iš-ti Ku-ra u4-mu-šu 1 ITI.KAM e-ti-qu 4 GU URUDU KIA-šur-i-mi-/ti iš-tu ha-mu-uí./tim ša Ku-lu-uk-lu a-na 3 ha-am-ša-tim i-ša-qdl šu-ma l[ d i]š-qul ki-ma r a-wa-at 1 r ka ₁-ri-im ITI.KAM ša ša-ra-tim li-mu-um ša r i₁[-q]d-ti rA-al-DUG₁ il₅-qe-u ša mz-ma a-we-li a-ni-u-tim tup-pi-šu-/nu ha-ru-mu-tim a-na A-ta-ta DUMU LUGAL-Šu-/in e-zi-ib IGI A-šur-i-mi-/ti IGI -al-DUG IGI Ah-ša-lim 54 Letters- Family Correspondence DUMU 1-dí-Htar,"5 talents of copper is owed by Kurziya and Su-Nisaba. Reckoned from the week of Abi-ili they are to pay within 4 weeks. If they have not paid (in time) they are to add interest according to the rule of the colony. Month Allanatum, eponymy 3 talents 23 minas of copper is owed by IIis-tikai; talents of copper is owed by Kura. His terms are overdue by 1 month. talents of copper is owed by Assur- imitti. Reckoned from the week of Ku- luklu he is to pay within 3 weeks. If he has not paid (in time) he is to add interest according to the rule of the co- lony. Month Ša-šarratim, eponymy he who took over from Ali-tab. With respect to all these men I have left their certified tablets with Atata son of Sar-Suen. Witnessed by Assur-imitti, by Ali-tab, by Ah-salim son of Iddin-IStar.",AKT 6b.pdf
306. kt 94/k 1305,a-na[ ... ] um-ma -b[i-... J KI Ku-ra a[l-qe ... ] Ku-ur-zi-a [ ... ] [ 4] GU KI A-šur[-i-mi-tx1 [2 +] 1 GU 23 m[a-na URUDU iŠ-tx1 r íl-lí-iš-d-k[al ... ] [A-mu]r-A-šur u A-ta-ra 1 [ ... ] r ha ₁-bu-la-ZU-um 20 ma-na H-im ku-ta-nim ša A-bi-i-lí i-li-bi4-a 8 1/2 ma-na KIA -bi4-i-lt SUNIGIN 18 GU 50 112 ma-na ruRUDU₁ ba-a-ab₁-tam thi-ba-am sA.BA 2 112 GU KI Ku-ra al-qe 2 GU KIA -šur-i-mi-tí al-qe 2 GU 17 ma-na iš-ti 1-lí-iš-d < -kal> al-qe 0 -mur-A -šur al-qe 1 G KIA 1 GU 38 ma-na iŠ-ti e. Ku-ur-zi u Šu-Ni-ša-ba al-qe SUNIGIN 9 GU r25₁ ma-na URUDU ša [i-ba-]a-ab₁-ti-ka u al-qlu a-na-ku 36 ma-na u-ra-dì-ma 10 rc(J 11 ma-na a-na Pu-ru-[u]Š-h[a-d]í-e aŠ-qu-ul 35 m[a-na ... ] Šu-mi-a-bi-r 1 [ ... ] 30 ma-na[ ... ] a-E k.z[-ri-im ... ] ma-aš-hi-l[i ... ] i-li-[bi ... ] 2 ma-na[ ... ] three lines broken away ' [ ' . ] ša-nu- qz-zm ... a-na[-.. ] lax[ ... ] u [ ... ] a-[ ... ] r KB ša DAM.GAR-ri-im u-[ša-aŠ-qa-al]-ma H-tíVRVDV-ka a-KB [u-ta-ar] a-na URUDU ša Pu-šu-ki-in u r x x 1 tí-Šu a-KB a-da-an-ma a-ta-be-a-ma a-ta-la-kam,"To [Ennam-Assur] from Abi-... I received ... from Kura .... Kurziya .. . 4 talents owed by Assur-imitti. 3 talent 23 minas of copper owed by Ilis- rikal. ... Amur-Assur and Araya ... I owe to you. 20 minas, the proceeds from Abi-ili's kutdnu is in my posses- SlOn. 8 minas owed by Abi-ili. In all: you left me 18 talents 50 minas of copper as outstanding claims. Of that I received 2 talents from Kura, 2 talents from Assur-imitti, 2 talents 17 minas from Ilis-tikal, 1 talent from Amur-Assur, 1 talent 38 minas from Kurzi and Su-Nisaba- In all 9 talents 25 minas of copper that I received from your outstanding claims. Also, I personally added 36 minas and I paid 10 talents 1 mina to the men from Purushaddum. 35 minas ... Sumi-abiya ... 30 minas ... for the office of the colony _, I shall lead out and I shall have the silver of the merchant paid, and convert the rest of your copper to silver. As to Pusu- ken's copper and his ... I shall sell it for silver, set out and leave.",AKT 6b.pdf
307. kt 94/k 1269'',a-na Ma-nu-ki-A -šur Na-ab-/Šu-in -na-na u Da-ra-aš qi-bi-ma um-ma En-nam-A-šur-ma 1 ma-na KB ku-nu-ki-a 30 ma-na URUDU SIG₅ ku-nu-ki-a 2 Ši-ta a-ma-tim u 2 Ši-na i-na mz-ma a-nim : a-na hu-bu-li-im ša Da-ra-aš qa-ti: A-lu-la-a ša-ak-na-at KB u URUDU ku-nu-ki-a Ša-ta-na na-aš-a-ku-nu-ti a-ma-tim u šiu-/hu-ur-Ši-na a-na E be-ti-a : Da-ra-aš lu-še-ri-ib-ma KB iš-ti Ma-nu-ki-A-šur li-ib-Ši-ma a-ma-tim ba-ti-iq u-tu-ur di-na-ma 1 ma-na-am ša-ni-am KB Da-ra-aš li-iš-qu-la-ku-nu-ti-ma u KB ku-nu-ki-a Ma-nu-ki-A -šur i-na KB a-mu-ri-im lu-ka-in-ma iš-tli-ni-iš ša 2 ma-na KB Ši-ma-am ša ba-/la-ti-šu ša Ka-ni-iš a-tu-nu u Da-ra-aš Ši-ta-a-ma-ma pi-ri-ka-nu a-šar Ma-nu-ki-A-šur-/ma le-ru-bu u KB aŠ-ra-kam-ma ša< -aš> -qi-ld-- a-di pi-ri-ka-nu-um la e-ru-ba-ni KB 1 GIN a-na Da-ra-dš La tu-ša-ra pi-ri-ka-ni ša ta-ša-/a-ma-ni lu-ša₁-ni-iq-ma a-šar Ma-nu-ki-A -šur li-ib-Ši-u I.e. a-di a-ld-ka-n[i] lei tu-ša-ra-šum u-ku-r ul₁[-d] ₁-ma-d šu-a-tì r i-na di-r na ₁-ni Da-ra-dš lu-ma-li ih-da,"To Mannum-ki-Assur, Nab-Suen, Anna- anna and Daras from Ennam-Assur: As to the 1 mina of refined silver under my seal, 30 minas of good copper under my seal, 2 slave-girls plus their 2 children - Alulaya has laid claim to all this for Daras' debt. Sat-Anna brings you the silver and cop- per under my seal. Let Daras bring the slave-girls and their children into my house, and let the silver remain with Mannum-ki-Assur; sell the slave-girls at the best available price, and let Daras pay to you another mina of silver, and then Mannum-ki- Assur must confirm the silver under my seal among the checked silver; for in all 2 minas of silver you and Daras must make a purchase in Kanesh that will benefit him, and the pirikannuš (you buy) should enter Mannum-ki-Assur's (house). Then, have the silver paid in the same place. As long as a pirikannu has not en- tered, do not release a single shekel of silver Daras. to He must check he pirikannuš that you buy, and let them remain with Mannum- ki-Assur. Do not release them to him until I come. Also, I shall pay up the food of the slave- girls as a substitute for Daras. Take care!",AKT 6b.pdf
309. kt 94/k 1014,"um-ma En-um-A-[šur-ma a-na] U-qe-pi-im u A-[na-a-na] a-na A-na-a-na qí-bi₄-ma a-dì 10 iŠ-ri-šu aš-pu-ra-ki-im um-ma a-na-ku-ma ba-ab-ti za-ki-a-ma a-dí r a-la-Wt-ni Ší-la-tum la i-ba-Ši: u KB 1 GIN li-im-hu-ri a-ti ki-ma ša-pa-ri-rna uz-ni-/a pa-ta-im ti-ir-ti-ki ma-ti-ma u-ta i-la-kam 1 ma-na 15 GIN rK₁B u i-dí ša rHa₁-pi-ah-šu ma-na GIN u ba-tu-šu J iš-ti Ta-ar-hi-š1 ]r-an 1 [ •.. ] 1/2 ma-na 5 GIN K[B] u 18 GIN iŠ-tt1 Al-wa ša [ .. .i [xxxa]l[ ... ] [x x x x] KB 20 [ ... ] [ ... ] [xxxx]u7[ ... ] rKB₁ ... ] : [x] na-ru-uq SE [ ... ] e-zi-ib [ša] DUMU U[š-ha-ta] [x] da [x x] ti iš-ti[ ... ] [x x x d]a-tim [ ... ] [x x x] dí-na-šu b[i x x x] [a-na] r a]m-tí-a dŠ-ta-pd-ra-ni [ša li-bi] tdm-ka-ri-a lu KB '] 'r ' '1..., ?l' l' [l u u- ta- tam- ša-aš-qt- ša v a-a i-ša-r qu-lu ma-na-um 1/2 ma-na sd-r as₁-[ me-]ra-šu-nu-tí za-ku-ša ma-/ld KB ta-[am]-hu-ra-ni šu-up-ra-/nim-ma uz-ni pi-te-a : a-na Ld-qlep qi-bi-ma a-na-ku u a-ta a-ta-ah-wa-ni iš-tu ITI.KAM -la-na-tim KB ša i-šu-u iš-tu Pu-ru-uŠ-ha-dim i-na e-ra- b. k' a-ma tu-še- ' ., b a- l[ am šu-ma J tr v a-ta rKB₁ a-NIM u-lci a-ga-mi-iāka 15 112 ma-n[ ax] GIN KB a-ha-ma 1/2 ma-na 3 GIN i-[x x]-ma i-ri-ha gdm-r ra 1 J [ ... J a-na am-tt- 'r 1 [ ...","From Ennam-Assur to La-qepum and An- na-anna; specifically to Anna-anna: I have written you 10 times, saying: ""Clear my outstanding claims so there will be no wrongdoing until I come. So, every shekel of silver should come my way."" However, you, instead of writing and gi- ving me information - no message from you ever comes. 1 mina 15 shekels of sil- ver and its interest is the wages of Happi- ahsu; 1 mina 10 shekels and its interest is owed by T arhisan; ... 1h mina 5 shekels ... plus 18 shekels, his interest, owed by Alwa ... ... silver for their interest x sacks of barley ... apart from that of Ushata's son I have written repeatedly to my maid, that you should have the claims on my custo- mers, both the silver and the grain paid. Who does not pay, calculate for them 1/2 mina per mina and write me a report about how much silver you have received and inform me. To La-qep: I and you are indeed brothers. From the month Allanatum- as to the silver you owe me, when you arrive from Purushaddum you will send it to me. If you delay this silver, I shall not be le- nient towards you with the interest. 15 lh minas x shekels of silver, and further lh mina 3 shekels is left. ... to my maid ...",AKT 6b.pdf
310. kt 94/k 1390,um-ma En-urn-A -šur-ma a-na La-qe-ep u -na-na qi-bi-ma mì-šu ša a-dì urmì-im a-nim a-ma-kam wa-a[š-b ]u-ni u a-na-ku a-šu-mì-šu-nu a-na-kam ša-ah-ra-ku-ni a-pu-tum ih-da-m[a] tu-ur-da-nim a-na La-qíí-ep qi-bi-ma a-r hi ₁-/ta? i-na a-la-ki-a : li-bi La a-ma-la [ te-er- ' t' z-a ] ša v zš- -vt'r z 'h a-rt-a . l [ r x x KB 1 [xxxx]rxkuu₁ a-di a-la-ka-ni ku-nu-ku-ka-ma iš-ti-ša li-ib-H-u : u a-na KB ša ba-ba-ti-a ih-da-ma ba-ba-ti-a za-ki-a-ma KB lu ša-li-/it-ma iš-tUa-ma li-bi-Ši a-di a-la-ki-a lu u-ta-tam lu ša nu-a-e pa-hi-ra H-Id-tum la i-ba-Ši: a-ša-me-rna [E]n-na-Šu-in iš-tu A-lim{ki} [e]-li-am šu-ma ke-na-ma [e-]li-am za-ku-ša: a-na r mì-ma 1 e. [ttúir-ti-a iš-ti ba-ti-qi-im šu-up-ra-nim-ma uz-ni pe-tíí-a Letters- Family Correspondence it šu-ma I-tur₄-DINGIR e-ki-ip-ma ha-ra-šu a-na . ki - k - [A - ]l zm 1 z-na . 1. [ x x ] -rz - tm ki' - šu-up-ra-mm-ma • . la-tal-kam,"From Ennam-Assur to Li-qep and Anna- anna: Why have my servants stayed there until this day, so that I am delayed here because of them? Urgent, take care to send me my servants. To La-qep: My dear brother, so that I do not get angry at you when I arrive, ... in accordance with my message that arrives with my servants let them remain with her under your seal until I arrive; also, take care with the silver from my outstanding claims and clear my claims so that the silver is at hand and let it be with her. Collect both grain and firewood from the Anatolians before I come. There must be no misconduct. I hear that Enna-Suen has come up from the City. If he has really come up, send me a report concerning all my merchandise ordered with an express caravan to inform me. 61 Also, if ltur-ili is about to go or has alrea- dy gone to the City, then write me ... of the City so I can come.",AKT 6b.pdf
311. kt 94/k 633,a-na Ku-ku-zi-a La-qe-ep uA-na-a-na Ennam-Assur: qì-bi-ma um-ma En-urn-A -šur-ma a-ma-la u-ša-hi-zu-ku-nu-[ttú/ni 5 As šu-ma -lu-wa have itA-še-e iš-tit kannuš Ha-na-ak-na-ak ma-La KB r u-šhi-u-ni-ni₁ 10 e. pi-ri-ka-r ni₁ na-ar-bu-tim rev. u-ta Ši-ma-am ša ki-ma ta-da-ga-[la-ni-ma] realise 62 Letters - Family Correspondence KB 1 GIN e-li-/u ša-ma-ma a-dì a-ltiJ ka-ni₁ H-mu-um li-r ib?-š(₁ ha-ra-ni r hu ₁-ur-H-a e-ku-nu li-li-ik e.,"Kukuziya, La-qep and Anna-anna from I instructed you, if Aluwa and Ase'e left Hanaknak, then buy soft piri- for what silver they conduct; make the best purchase you can see will every shekel of silver, and until I come the purchase should remain. I am on my way. Keep an eye on my store-room.",AKT 6b.pdf
312. kt 94/k 1395,"[ um-ma 1-ku-ptVa-ma 1 a-na [En-nam-A-šur L]a-qí-ípì₁-im [x x x x A-na]-a-na r it Šu?-x (xúl [qì-bi-ma x x x] AN.NA [X X X X x] šu-íma₁ [(x x)] [x x x x x] AN.NA rx x₁ i-[x x] KB ša a-dì-[ ... ] X X u₁ 20 m[a-na AN.NA] ša-a-ma-[nim] r 40 ma-[na AN].NA ša l[i-bi-ka] ra-di-ma [iš-te-]ni-iš 1 GU [AN.NA] še-bi-[lam A]N.NA lu ru.1 [ ... ] 40 ma-na r ANl.NA ša li-bi-ka En-nam-A -šur li-ik-nu-uk AN.NA ša a-tu-nu ta-ša-a-ma-ni r iš""l-tí-šu ku-un-ka 15 personally Ši-tíKB-pí-a TUG.HI.A lo.e. Buy Ta-al-ha-at ša-ma-nim rev. silver. ša Ta-al < -ha > -at la-šu make ša ba-ld-tí-a ša-ma-/nim a-tu-nu 20 ih-da-ma diM-pí-ld-ah Adad-pilah. tur₄-da-nim a-na En-nam-A -šur a-na ša u-na.í hi-₁[du] Pay a-ta i-hi-id-ma turrdam 25","From lkiin-piya to Ennam-Assur, La-qep, ... Anna-anna and Su-... : ... tin ... tin ... silver ... buy 20 minas of tin for me and add 40 mi- nas of tin in your possession and in all of tin. send me 1 talent The tin should ... Ennam-Assur should seal the 40 minas of tin in your possession. tin that you purchase yourselves, you must seal it together with him. textiles from Talhat for the rest of my If there are none from Talhat, then a profitable purchase for me. dear brothers, take care to send me Ennam-Assur: heed to what I instructed you to do, dear brother, and send my servant.",AKT 6b.pdf
313. kt 94/k 1242,a-na A-bi₄-ba-a5-tí Ma-nu-rna Be.ší.a u En-urn-A -šur nam-Assur qí-bi-ma um-ma En-urn-A-šur anna; u A-na-na-ma a-na -bi-ba-aŠ-tí qí-bi-ma 5 specifically 2 Ši-ta i-la-tim ša ša-na : bi-la-tim leather u 9 i-la-tim ša bi-la-/a leather SUNIGIN 11 i-la-tum 13 GU URUDU ma-ši-um ša-pí-ik-ma 10 64 Letters- Family Correspondence ku-nu-ki-ša: A-na-a-na am-tí ta-ap-qì-id-ki-im a-ha-ma 1 iš-tí-et i-la-am ku-nu-ki-a wa-ar-ka-num lo.e_ ub-lu-ni-ki-im u 45 ma-na URUDU SIGs ša A-ba-ba i-dì-na-ni ku-nu-ki-a: a-na En-um-A-/šur e-zi-ib: a-na-kam KB-ap-šu ša-bu-u-at GU /ma-na URUDU-i-a 14 45 1/2 i-na 13 i-la-tim ku-nu-ki-ni a-na -birba-aš-tí u En-um-A -šur me-er-i-ki ne-zi-ib a-dì tu-a-ar te-er-tí-ni a-hu-a a-tu-/nu i-na ša-am-H e-ru-bu-ni-ni URUDU ša-ni-/qa-ma URUDU i-na i-la-tim ma-ah-ri-ku-nu li-iŠ-/ku-nu-ma a-na -bi-ba-aš-tí ku-nu-ki-ku-nu lu-ub-lu-nim u qu-ul-qu-li li-it-bu < -lu > -nim u₄-ma-kcilld i-bi₄-tu ih-da-ma tur-da-ni-šu-nu,"Abi-ba5ti, Mannumma, Beliya and En- from Ennam-Assur and Anna- to Abi-basti: leather bags of two talents each, and 9 bags of one talent each, in all 11 bags of (in all) 13 talents. washed copper had been packed, and my maid Anna-anna entrusted it to you (fern.) under her seal. Moreover, later they brought you one leather bag under my seal. Also, the 45 minas of good copper that Ababa gave me I left under my seal for Ennam-Assur. Here she has been paid its price in silver. We left my copper, 14 talents 45 1h minas in 13 leather bags, under our seals, for Abi-basti and your son Ennam-Assur. Until our message is answered- my dear brothers - the very day my servants enter, you must check the copper and they should place the copper in the bags in front of you, and my servants should bring it to Abi-basti under your seals. Also, let them take away the qulqulluš. They should not spend one night. Take care and send them!",AKT 6b.pdf
314. kt 94/k 682,"a-na Ša-at-A -na r Luh-lu-u (erašure) anna: u Na-zi qì-bi-ma um-ma A-na-na-ma šu-ma Lu-lu-u u 5 Na-bi-{d}EN.LfL lpa, iš-tu Za-al-pa i-li-ku-nim 2/3 ma-na 2 GIN 10 KB ša-aš-qi-la lo.e. la a-ka-ía-dam I li-bi₄ ld i-ld-mi-/in rev. šu-ma ša-ba-na-tum DAM Ku-zi-zi-a 15 leave a-na Wa-ah-šu-ša-[na] ta-ta-la-ak na-ru.r uq 1 after ŠE-am 1 UDU ta-di-na-í( P im 1 kels, iš-tu KB 2/3 [ma-]/ na?₁ price Lu-lu i-ša.r qu-lu 1 20 H-im UDU 3 rGfN₁ u.e. li-dì-nu-ni-lku-nu-ti l.e. 66 Letters - Family Correspondence","Sat-Anna, Lulu and Nazi from Anna- Lulu and Nabi-Illil have come from Za- then seize them and make (them) pay shekels of silver. should not arrive here and get angry. Sabanatum, Kuziziya's wife, wishes to for W ahsusana, (and) you have given a sack of barley (and) a sheep, (then) Lulu pays the silver, at least 40 she- they should give you 3 shekels, the of a sheep.",AKT 6b.pdf
315. kt 94/k 1116,"um-ma En-um-A -šur-ma a-na Ša-ta-na qí-bi-ma a-na-ku a-na 1-H-dan a-na Ku-bu-ur-na-/at e-tí-iq-ma wa-ar-ki-/tí-ma Ma-ma-hi-ir a-ša-tam e-ta-ha-az a-na Dur₄-hu-m""i-it: a-šu-m""i-ki e-ti-iq-ma : a-wa-tam ni-ka-ša-ad a-pu-tum e. a-pu-tum iš-tu qa-šu pa-ni-a-at-ni ih-dí-ma KB 1 GIN i-šu qa-tí-ki lu ša i-na qd-ti-ki-/ma li-ib-5í u-lu E-ra-dí KB-ap-šu 20 ma-na lu 30 ma-na BI-ZA-šu: ta-mi-i-ma u i-na a-lci-ki-a a-na-ku : a-ma-li-ki a-pu-tum u li-bir{ki} mz-ma la i-lci-mz-in a-na-/ku I.e. u-bi-i/5-ki X X-tl [t ]a-ha-5í-hi-šu-ma li-di-nu-ni-ki","From Ennam-Assur to Sat-Anna: I have personally travelled to Ili-dan in Kuburnat, and after I left Man-mahir has taken a wife in marriage. I shall travel to Durhumit for your sake, and we shall settle the matter. Urgent, urgent, since he is about to act, do take care and guard every shekel of silver that you have available, as well as those of the girl, and keep it in your own hand. Or, as to Erradi, seize his silver, whether 20 or 30 minas and make (him) swear in or der to bind him and then when I arrive I shall personally advise you. Urgent, guard it! Also, do not get angry in any way. I myself brought you ... If you need it they may give them to you.",AKT 6b.pdf
316. kt 94/k 666'',[a-n]a En-nam'-A-šu/ [qzúbi-ma um-ma Ša-ta-na-/ma 30 ma-na URUDU SIG₅ ku-nu-ki-a -lu-u-a na-aŠ.a-kuì um] a-ma-kam ma-La ta-le-e-u a-na KB ta-[eúer-ma,To Ennam-Assur from Sat-Anna: Aluwa brings you 30 minas of good cop- per under my seal. Convert it to silver there as best you can.,AKT 6b.pdf
317. kt 94/k 638,"qí-bi-ma um-ma Ša-ta-na-ma 2 ma-na 12 1/2 GIN KB ša a-dí-na-/ku-ni a-hi a-ta be-lí a-ta Ši-ma-am [e-]pu-uš-ma iŠ.tí [a-li- ]ki-im pa-ni-/im-ma [""'b""l] še- z- am-- [X] r /,;il ša ku-/u r. ša aq-bi4-a-ku-ni lu TVG-ba-ti lu AN.NA ša-dí-šu-ma še-bi4-lam","As to the 2 minas 12 }.2 shekels of silver that I gave you, my dear brother, my dear lord, carry out the purchase yourself and send it with the very first transport. which I promised you, have him sell the textiles and the tin and send (the silver).",AKT 6b.pdf
318. kt 94/k 718,"a-na En-um-A -šur it ŠIGš-pí-A-šur a-na ŠIG₅-pí-A-šur qí-bi-ma um-ma Ša-ta-na-ma 10 GIN KB a-na H-a-m[a-tim] a-dì-na-kum 3 ša-la-ší.Šu qa-dum ša : ha-r[ a-an] . ki h r ,, 1 / ' - l tm a-ra-nam u-- / qa a-ma-kam rKB 1 u I št-a-ma-tz-šu VI I Y a- [ na ] En-um-A-šur šu-[qul]",To Ennam-Assur and Damiq-pi-Assur; specifically to Damiq-pi-Assur from Sat- Anna: I gave you 10 shekels of refined silver for purchases. Three times I waited for the caravan to- gether with those on the road to the City. Pay the silver or the goods bought with it there to Ennam-Assur,AKT 6b.pdf
319. kt 94/k 1677,"a-na Dam-qšt-a qi-bi-ma um-ma Ša-at-A -na-ma 10 GIN KB ša a-di-na-/ku-ni ta-štš-pu-ra-ma um-ma a-ta-ma iŠ-ti ša bUt-lšt-/ti-a Ši-ma-am ,. aš-a-ma a-na Pu-ru-uš-ha-dim 1He-hi-il5 Ši-ma-am ša te-pu-šu a-na A-lim{ki} ta-ba-tum-/ma < u še-bi-lam >a-hi a-ta a-na-/ku ga-ma-al-ka a-le-e","To Damqaya from Sat-Anna: You wrote concerning the 10 shekels of silver that I gave to you, saying: ""I made purchases together with the mo- ney from my working capital and sent it to Purushaddum."" Be so kind as to send the purchase you made to the City, for you are my brother and I can do you favours.",AKT 6b.pdf
320. kt 94/k 1640,[KISIB La-]ma-šì Sealed [a-na En-n]am-A -šur for [it -]ld-h[i-im] Fragmentary envelope with one partly preserved sealing,by Lamassi; Ennam-Assur Ali-ahum in Old Assyrian style; the seal is found,AKT 6b.pdf
321. kt 95/k 397,um-ma La-[ma-šì-ma] From a-na En[-um-A-šur] qz- 'b' z-ma mz- '[v šu-um J Why na-aš-pe-ra-[tí-ka] sages a-na a-bi-ka [Ia ta-ša-pa-ar] 5 -la-hu-um [ ... ] Ali-ahum 72 Letters - Family Correspondence a-Ša-pu-r ru ₁-šu-n[i ... ] La i-mu-a: [šu-ma] ti-bi-k[ ... J u ma-la[ ... ] e. 2/3 GIN[ ... ] two lines missing mi-š1u ... ] ru-ta-p[í-ru ... J ša a-bi-k[u-nu ... ] a-na ... ] ša a-hi-bi-[lu ... ] r ta ₁-aì-ru-d[ u ... ] [x]-tim: tu-l[i-... ] [x X X] ša t[u-... ] [x x x K]B [ ... ] [x x]-nim š1a ... ] [ m ]i-šu-um i-na [x] r H-im 1 pu-ru-u : i ₁-bi-ni : ta-aš-ku-un [E] r [x x] a-bi₄-ka qa-ma ku-a-a-tum [(..)],"Lamassi to Ennam-Assur: is it that you do not send your mes- to your father? will not ... that I write to him. If you please, ... Why ... that you write ... concerning your (plur_) father ... to ... that I have become indebted for ... that you sent ... Why have you denounced our father's house in ... ? Is your father's ... your own affairs are so small!",AKT 6b.pdf
322. kt 94/k 1401,a-na En-nam-A-šur [u] A-la-hi-im qi-bi-ma u[m-ma] ŠIG₅-pi-A-šur-ma 10 ma-n[a AN.NA] ku-nu-ki-a : E-ni-iŠ-ta-ru-[ um] [ub-la-ku-]nu-ti1 TUG rsiGs₁ A_rlu₁-[a] ub-la-ku-[nu-ti a-h]u-a a-t[u-nu] KB Ši-im [AN.NA-ki] u rŠí-im₁ šìbi-[la-nim ]-ma gi-mi-la-am i-[ na] šu-uk-na mi-li-ik lu-qu-tim ša tam-ka-ri-/im mz-z ' -z k' r z-na . 1 {d}UTU -šz •. 5- e-ra-ba-ni na-aš-pha-tim Ši-ta-[me-a-ma] ru₁[-ma]-kalla i-ša-hu-u[r] iŠ-ti-in i-na a-ri-ku-nu] ša k' t-ma qa-qt- ' 'd'k t- u-nu zš-tt- '[v] šu v •v tu-ur-da-ni-ma a-ni-tam li-li-kam-ma u ti-ir-[ta-ku-nu] a-na tam-ka-ri-im li-l[i-]k[a-a]m tam-ka-ru-/um I.e. a-na pa-ni-a i-da-gal za ih-da ta-ša-la-ta,"To Ennam-Assur and Ali-ahum from Damiq-pi-Assur: Enistarum brought 10 minas of tin under my seal to you. Aluwa brought you 1 fine textile. My dear brothers, send me the proceeds in silver from the tin and my textiles and thus do me a favour. Take a decision concerning the merchant's goods. Hear the missives the very day IStar arrives, and without a single day's delay send with him one of your servants, whom you trust like yourselves, and write me whether it is so or not, and only then send word to the merchant. The merchant is relying on me. Take care, do not act rashly.",AKT 6b.pdf
323. kt 94/k 805,[a-na En ]-nam-A -šur [u A]-ld-hi-im qi-bi-ma [um]-ma ŠIGš-pi-A-šur-ma me-at 60 ša tam-ka-ri-im mi-li-ik lu-qu-tim tim mz-ilrka SIG₅ DIRI ša tam-ka-ri-im a-hu-a a-tu-nu e. KB H-im a-ni-ki-a ša E-ni-iš-ta-ru-/um ub-la-ku-nu-ti-ni a-na pa-ni-a še-bi4-ld-nim E-ni-iš-ta-ra-am la i-ša-hu-ur tu-ur-da-ni-šu-ma [u]z-ne-ka id-a [ša-he-e]r-tam ša 5 GIN [KB šri-b]i-la-ni-im 20 silver. [ E-ni-iš-ta ]-ra-am Enistarum [xxx-A]-Šur u.e. ... [x x x] x-im i-tal-kam l.e ... [x x x] ri-im-ni a-ar-ltam ... [X X ša-]he-er-tam še-bi4-ía-nim 25 ...,"To Ennam-Assur and Ali-ahum from Da- miq-pi-Assur: As to the 160 textiles belonging to the merchant, thereof 19 are your textiles. Take a decision concerning the goods. The textiles of extra-fine quality belong to the merchant. My dear brothers, send me the silver that was the proceeds of my tin which Enistiirum brought to you. Enistiirum should not be delayed, send him and listen closely. Send me small goods worth 5 shekels of -Assur has come of our ... cowrie-shell send me small goods.",AKT 6b.pdf
324. kt 94/k 645,[a-na] En-nam-A-šur [ u [um-m]a ŠIG5-pì-A-šur-ma [a-l]i-ku a-na Bu-h/.[tar] Travellers [i]k-šu-du-ni-a-tì-m[a] 5 questioned [a-šlu-mz DUMU Ša-da-a Sadaya. [u-]Ša-i/5 u-mu-[ ... ] [x]A-lu-um [ ... ] [x x] lu tF x₁ lo.e. [ ... ] [a-n]aA-li-zim ... ] 10 r. they [i-]li-ku-ma: š1u ... ] bind [a-n ]a 6 ITLKAM [ ... ] [u-]ka-šu-u-n[i ... ] l] [x Ša v -rna-A-šur v ... [x i-]li-ku-ni-im 15 ... [x x x]-im Ša-da-a ... [x x x]-ra-am 78 Letters- Damiq-pi-Assur [x x x] rx1 ik? ma-lti-šu [ ... ]rxxl [ ... ]-ma u [ ... ]-bu r x 1,Ennam-Assur and Ali-ahum from Da- reached us at Buhitar(?) and I (them) concerning the son of City ... went to the City and ... they will ... for 6 months ... Salim-Assur they came Sadaya,AKT 6b.pdf
326. kt 94/k 595A,tdm-ka-ri-[im] lo.e. rev.,...take a decision concerning the textiles belonging to the merchant.,AKT 6b.pdf
327. kt 94/k 595B,"En-nam-A -šur A-ld-hi-im qi-bi4-ma ŠIG₅-pi-A-šur-ma ma-na LA 1 GIN KB ša-hi-ir-tdm ku-nu-ki-ka ub-lam u₁ r10₁ ma-na rKB₁ A-ni-na r ta-ru ₁-um KB 80 Letters - Damiq-pi-Assur ša r tit-še-bi₁-ld-ni e. a-na ni-ipJ ld-tz₁ -a [a]Š-ta-qal u-mu-u er-ša-šu-ma ILLA T ka-al-a-at a-hu-a a-tu-nu i-na lu-qu-tim ša tam-ka-ri-im [ ]h - u-tu-um ' r-1b[ z- a-šz-u ""'] ih-da-ma mz-li-ik lu-qu-tí-im mz-i/5-ka a-hu-a a-tu-nu KB H-im AN.NA [x] še-bi-La-ni-ma rKB₁-p((x)1 i-na šu-uk-na a-dì tí-ir-ta-lak-nu i-la-ka-ni ri-iš lu-qu-tim u-ka-lal","To Ennam-Assur and Ali-ahum from Da- miq-pi-Assur: The nakirum brought me 29 shekels of silver and small goods under your seaL Annina and Enistarum brought you 10 minas of silver. The silver you sent me I have paid to co- ver my balance payments. The weather ... and the caravan has been stopped. My dear brothers, among the goods of the merchant there are some old textiles. Take care and decide about the goods. My dear brothers, send me silver, the pro- ceeds from the tin, and deposit my silver to my debit. I hold on to the goods until your orders arnve.",AKT 6b.pdf
328. kt 94/k 1317,[a-na En-nam]-A-šur u A-la-hi-im [qí-bi-ma um-m]a ŠIG₅-pì-A-šur-ma [a-dí ma-la u] H-ni-šu d-ir-tí [i-li-ka-ku-n]u-tí a-na En-nam-A-šur [ qì-bi-ma ta-dšlpu-ra-am um-ma a-ta-ma ša D]AM.GAR: i-na [Ma-a-ma] u i-na U-ni-ip-/šì-im [e-zi-ib-ma] ILLAT-tum [x x x š1u 1 GIN-im [i-nu-ml] ILLAT-tum: i-na Ur-šu [i-m ]a-ri-u _. tí-ir-ti [i-li-]ka-ku-nu-tí: um-ma a-na-ku-1 ma [x x-]ik: lu [x-i]n [xx] ša ml ri/51 [ti-ir-t]a-ku-nu-ma u-la [ ... ]-tí [ ... ]-u-tim [x x x š1a DAM. GAR [x x x ni]m ki-ma [hi-i]m-ta-tim ša DAM.GAR [aš-m ]e-u: a-H-a-d: na-aš-plí-ra-tim [ša] DAM.GAR: šaA-lim{ki}: ša na-dš-a-ku-1 nu-tí-ni [Pu ]zur₄-ŠŠtar: na-aŠ-a-ku-nu-ltí [a-hu-]u-a: a-tu-nu [i-ša-]am-5í na-aš-plí-ra-tim [ta-dš-]me-a-ni r ih-da ₁-ma: a-ma-Id [na-dš-pe-r]a-tim ep-ša-ma [uz-ni ša D]AM.GAR: pi-ti-a [x x x] tdm-ka-ri-im [x x x x [Ju-qu-tum [x x x x]-at be-lu-a 82 Letters - Damiq-pi-Assur [x x x x] la tit-ša-la [ x x x x x ]-ar- ' -ta-ma [ ... ]-Ša-ni break,"To Ennam-Assur and Ali-ahum from Da- miq-pi-As sur: Once or twice I sent word to you. Say to Ennam-Assur: You wrote me, saying: ""Leave the textiles belonging to the mer- chant in Mamma or in U nip sum, and ... the caravan ... 1 shekel. When the caravan was slowed down in U r5u, I sent word to you, saying: , your message and ... ... of the merchant ... As I heard the heated words of the mer- chant, that is why Puzur-IStar is bringing you the missives from the merchant in the City that I was to bring you. to My dear brothers, take care, the very day you hear the missives, you must act in ac- cordance with the missives and inform the merchant. ... of the merchant ... goods ... my lords ... do not question",AKT 6b.pdf
329. kt 94/k 113C,"um-ma En-urn-A -šur-ma a-na ŠIG₅-pi-i-A-šur: qi-bi-ma i-na pa-ni-tim-ma aš-pu-ra-kum um-ma a-na-ku-ma šu-ma ILLAT-at-ka i-ša-ri-dam it a-ta qa-di-rna: ILLAT-ti-ka ši-ir-dam-/ma lu-qu-tam ša DAM. GAR ša ta-ra-di-u TlJG.HI.A ŠIG₅-tim bi-ir-ma i-na Ma-a-ma u-La i-na u-na-ap-še e-zi-/ib-ma H-tíTUG.HI.A ma-ti-u-tim lui-naša DAM. GAR i-ba-Ši-u lu ša be-u-ld-ti-ka : it-lu i-na ša be-u-la-at i-ba-Ši-u qa-di-ma tap-pa-e-ka: a-na E./GAL-lim le-ru-bu-nim : a-ni na-ab-ri-tum i-na Ur-šu : ki-ma ku-pa-um ma-du-ni a-na lu-qu-ut DAM.GAR-ri-im ša ki-ma qa-qi-di-a u-la aš-tap-ra-am i-na na-ap-ti-ir: ku-nu-ti u a-na-ku u-la ša ki-ma qa-qi-di-a : a-ta-ra-dam-ma mi-li-ik lu-qu-tim ša DAM.š GAR a-ma-lik mi-Šu ša ta-aŠ-pu-ra-ni um-ma a-ta-ma ti-ir-ti DAM. GAR: hi-mi-tum: i-li-kam a-na-ku ša-ah-ra-ku-ma a-na lu-qu-tim ša DAM. GAR mi-li-ik-ša ma-la-kam : Ia a-aš-te-e : ba-a-nim i-a-ti: ta-ša-pa-ra-am : a-pu-tum ri-iš: lu-qu-tim ša DAM. GAR u a-ma-Id ti-ir-ti-ka [um]-ma a-ta-ma r lh 1 - u-tum- z-va-šz-u -1. .,, a-pu-tum z-na . {d}UTU -šz •- ša • tup-pz ' ta-ša-me-u y ' i-na hu-ur-Ši-im ša ib-ri-im a-[ta] u 1-li-aš-ra-ni TUG.HLA ka-ld-šu-nu-ma na-pi-ša-ma 3 urme-e u 5 urme-e li-ib-Ši-/u-ma šu-ta-ab-la-ki-da-šu-nu ma-ma-an ša-ni-am ta tu-ta-ha-a : a-di 10 u4""me-e lti ta-ha-ta-ar e. E-ni-ša-ri-im a-di AN.NA -ki-ka (hu₁-ur-Ši-ŠŠtar aŠ-ta-pa-ar iš-tu Za-al-pa i-tu-ru-nim-ma -la-ha-am 84 Letters - Damiq-pi-Assur a-ta-ra-dam 1/2 ma-na uša 3 GIN ša-hi-ir-tam ku-nu-ki-a Ili₅-tU-ra-am u-še-bi4-la-kum 15 GIN KB rH-im₁ TVG-ti-kcišd-na-a u A-lu-a na-ciš-u-ni-[kum e-]ma-ru-ka: lu ak-lu","From Ennam-Assur to Damiq-pi-Assur: I wrote to you earlier, saying: ""If your ca- ravan is being packed, then you too should pack together with your caravan, and choose textiles of good quality from the goods of the merchant that you are leading, and leave them in Mamma or in U napse, and the rest of the less good texti- les - both from what remains of the mer- chant's and from your own working capi- tal and from the working capital of the servants - should enter the palace together with your partners."" Now, winter has caught you in U rsu. Since there is a lot of snow I have not sent anyone on whom I could rely for the goods of the merchant. When you are released (from the cold), then I shall send either myself or someone I can rely on, and I shall take a decision about the merchant's goods. Why did you write, saying: ""A heated let- ter from the merchant came."" I have personally been delayed and been unable to take any decision about the merchant's goods. Come on, it is to me you write! Urgent, guard the goods of the merchant; and with regard to your message where you said: ""There are some old textiles"" - urgent, the very day you hear my letter you and Ili-asranni should air all of the textiles in the store-room of a friend, and leave them for 3 or 5 days before you turn them over. Do not let anyone else approach (them). Do not hesitate for 10 days! I have sent to Enisarum concerning your tin. When they come back from Zalpa, I shall send Ali-ahum. I sent Ili-tiiram to you with lh mina of refined silver and small goods worth 3 shekels under my seal. Idnaya and Aluwa are bringing you 15 shekels of silver, the proceeds from your textile. Your donkeys should be fed.",AKT 6b.pdf
330. kt 94/k 1106,"a-pu-tum ri-iš lu-qu-tim ša DAM. GAR u a-ma-Id tí-ir-ti-ka urn-rna a-ta-/ma 'b ,, h a-tu- an- u-tum i-ba-H-u : a-pu-tum i-na ša-am-Ší tup-pt-i ta-ša-me-u i-na hu-ur-Ší-/im ša ib-ri-im a-ta u 1-la-aš-ra-ni kcl-la-šu-nu-ma na-pi-ša-ma 3 U4-me-e u 5 U4-me-e li-bi-Ši-u-ma šu-ta-ab-ld-ki-ta-šu-nu ma-[ ma Fan 1 ša-ni-am ld r tu ₁-ta-ha-a a-dí 10 U4-me-e Ia ta-[ha-]ta-ar E-ni-ša-ri-im a-di AN.NA-ki-ka U' r v l:v ur-ša 1 - štar aš-ta-pa-ar /V "" iš-tu r Za-a/₁-pa i-tu-ru-nim -ta-r ha-am ₁-ta-ra-dam 112 [ ma ]-na KB r ₁-pa-am u [ša] 3 GIN ša-hi-ir-tam ku-nu-ki-a r Ili₅-tu ₁-ra-am U-še-bi₄-ld-kum-ma 17 GIN KB ku-nu-ki-a H-im e. šd-na-au A-lu-wa na-aš-u-ni-kum e-ma-ru-ka lu ak-lu I.e.","Urgent, guard the goods of the merchant; and with regard to your message where you said: ""There are some old textiles"" - urgent, the very day you hear my letter you and Ili-asranni should air all of the textiles in the store-room of a friend, and leave them for 3 or 5 days before you turn them over. Do not let anyone else approach (them). Do not hesitate for 10 days! I have sent to Enisarum concerning your tin. When they come back from Zalpa, I shall send Ali-ahum. I sent Ili-turam to you with mina of refined silver and small goods worth 3 shekels under my seal, and Idnaya and Aluwa are bringing you 17 shekels of silver under my seal, the pro- ceeds from your textiles. Your donkeys should be fed.",AKT 6b.pdf
332. kt 94/k 668,um-ma Bìli-a-ma a-na En-um-A -šur u Ld-qe-ep .- a-na Ld-qe-ep qì-bi-ma 8 ma-na KB ni-iš-ha-šu DIRI ša-du-a-šu ša-bu KB ša DAM. GAR ša a-na Ši-a-ma-tim IGI DlJG-a-hi u I[GI Ld-]qe-ep DUMU MAN_rša-du₁-e a-dí-na-ku-ni tam-ka-ru-um En-um-A -/šur lu-qU-tam ma-la ta-aŠ-a-ma-šu-ni a-na En-um-A-šur DUMU Ša-lim-A-šur dí-in-ma tí-ir-ta-ku-/nu le-zi-ba-am,"From Beliya to Ennam-Assur and Lii-qep; specifically to Li-qep: As to the 8 minas of refined silver - its import duty added, its transport tariff paid - silver belonging to a merchant, that I gave you for purchases with Tab-ahi and La-qep son of Puzur-sadu'e as witnesses- the merchant is Ennam-Assur. Any goods you have bought for him you must give to Ennam-Assur son of Salim- Assur, and let him leave me a message from you (plural).",AKT 6b.pdf
333. kt 94/k 1373,a-naA-mur-{d}UTU A-šur-DUG 90 Letters - u U-qe-pí-im qí-bi-ma um-ma En-urn-A -šur-ma 22 GU sfG.HI.A ku-nu-ki-a 94 maš-ki 10 ANSE.HI.A u u-nu-šu-nu ml-ma a-nim Ša-lim-ar-dí u Še-ep-Htar i-ra-dí-u-ni-ku-nu-tì a-ma-kam ša-ap-tam u maŠ-ki i-hu-ur-5í-im pí-ih-a-ma tu-ur-da-nim be-tam e-li-am ku-nu-ki-a pe-ti-a-ma i-na ta-ma-lci-ki-im 1/2 ma-na KB a-mu-ra-am u 1 ma-na URUDU SIG₅ ku-un-ka-ma u 1 TUG tì-ša-ba-am SIG₅ u-tu < ur- >tam ša a-na li-tab-Ší-a A-šur-DUG iq-bi-a-ni a-na 5í-mi-šu A-šur-DUG li-dí-na-ku-nu-tì-ma iš-tí KB a-na dì-na-ma lu-ub-lu-nim r u-ma-kal₁ lei i-bi-tu u du-ug-li bi-tam i-na ku-nu-ki-ku-nu ku-un-ka,"To Amur-Samas, Assuqab and La-qep Li-qep from Ennam-Assur: 22 talents of wool under my seal, 94 flee- ces, 10 black donkeys and their harness- all this Salim-wardi and Sep-IStar lead to you. Lock the wool and the hides in the store room there and send me the servants. Open the upper storey sealed by me, and seal in the tamalakku-container lh mina of checked silver and 1 mina of good copper; also, AssuHab should give you for sale 1 tišabu-textile of extra-fine quality which he promised me for my clothing, and then give it together with the silver to the ser- vants so they may bring it. They should not rest a single night. Also, as to the duglu-implementš, guard them. Seal the house with your own seals.",AKT 6b.pdf
334. kt 94/k 1101,"a-na En-urn-A -šur qi-bi-ma um-ma La-qe-ep-ma 22 GO sfG.HI.A Šlep-ŠŠtar u Ša-lim-ar-di u-ša-ni-qu-ni-a-tì u 94 maPki₁ im-nu-u [1/2] ma-na KB e. ku-nu-ki-ni a-ma-la '. 'k' tt-tr-tt- Še-ep-Ištar v, v u Ša-lim-ar-di na-aŠ-u-ni-kum u 10 ANSE u u-nu-šu-nu i-ra-di-u-ni-kum 1 ma-na <<na>> URUDU a-n[a] r qa₁-ti-šu-nu 92 Letters - Li-qep","To Ennam-Assur from Li-qep: Sep-IStar and Salim-wardi checked 22 ta- lents of wool for us, and they counted 94 fleeces. In accordance with your instructions Sep- !Star and Salim-wardi bring you 1/2 mina of silver. They also lead 10 black donkeys and their harness to you. We gave 1 mina of copper for their expen- ses.",AKT 6b.pdf
335. kt 94/k 1245,"22 GO sfG.HI.A 94 maš-ku 10 ANSE.HI.A a-ha-ma 12 u-ka-pu ša qa-ra-bi-tim "" , ' . s u u-nu-šu-nu ... mz-ma a-mm ku-nu-ki-a : a-na Ša-lim-ar-dì u še-ep-Htardp-qi-id a-ha-ma 8 GIN AN.NA 40 ší-pa-ra-tim 10 še-ni-in ša e. r lu 1 ša šì-ni-iš-tim 8 ma-ar-šu 10 mu-uŠ-ta-tum 2 ša ta-aš-ka-ri-ni SO ki-bu-na-nu 1S ša 1/3 G[IN] e-ba-du-ni 6 ku-li-ta-nu uša 1/3 GIN du-ug-li mz-ma a-nim a-na qa-ti-šu-nu a-di-in","talents of wool, hides, black don- keys, further 12 saddle-cloths from inside the house plus their harness - all this un- der my seal I entrusted to Salim-wardi and Sep-IStar. Further, 8 shekels of tin, 40 bronze pins, 10 pairs of shoes, for children and for women, 8 straps, 10 combs (2 of box- wood), SO kibundnuš, epattum worth 1/3 shekel, 6 kulitdnu-veššelš and for 1/3 she- kel duglu - all this I gave for them to di- spose over.",AKT 6b.pdf
336. kt 94/k 788,a-na -lu-ld-a Dan-A -šur it Ld-qìep qí.bi-ma urn-rna En-urn-A -šur-ma 1 1/2 ma-na KB 3 1/6 GIN KU.GI ša db-ni-šu ku-nu-ki-a 20 UDU.HLA 1 GUD.HLA it 1 mz-ma a-nim ša-lim-be-št it E-wa-ri-mu-ša i-ra-dì-a-ku-nu-tí KB iŠ.tí am-tí-a ku-nu-ku-a li-ib-Ší u e-me-ri u al-pd-am dí-na-ma KB-dp-šu-nu lu ša-li-it 1 ma-na 15 GIN KB u iŠ.tí En-na-nim mu-ša-ri-dim 3 GU 35 ma-na URUDU ma-ší.um iŠ.tí Be-lt-a ma-na GIN 2/3 5 KB KI Ha-ta-ah-šu GiN 10 iŠ.tí 1-ld-li-iš-kdn na-pd-hi-im a-hu-a a-tu-nu u4-mu-šu-nu e-ta-at-qu KB ša-dš-qí.ld-Šu-nu e. GIN Šu-ŠŠtar 9 KB KI ni-a-i[m ša] r ki-lma ṣí-ld-/bi4-im KB iš-tu Ha-na-ak-na-ak 94 Letters - La-qep uš-te-bi4-lam i-ku-nu-ki-/Šu li-ib-H ša 1 1/2 GIN KB ša-he-er-ttim li-ilyqlu-nim,"To Alulaya, Dan-Assur and Li-qep from Ennam-Assur: 1 lh mina of refined silver, 3 1/6 shekels of gold dust under my seal, 20 sheep, 1 ox and one slave - all this Salim-beli and Ewarimusa lead to you. Let the silver stay with my maid under my seal, but sell the sheep and the ox, and the silver for them should be available. 1 mina 15 shekels of silver plus its interest is owed by Enniinum, the mušaridu; 3 talents 35 minas of washed copper is owed by Beliya; 2/3 mina 5 shekels of silver is owed by Hatahsu; 10 shekels is owed by Ilaliskan, the smith. My dear brothers, their terms are overdue. Make them pay the silver. 9 shekels of silver is owed by our own Su- IStar, Sill-abum's representative; he has sent me the silver from Hanaknak. Let it stay under his seaL Let them take small goods worth 1 1h she- kels of silver_",AKT 6b.pdf
337b. kt 94/k 959,a-na En-urn-A -šur qi-bi-ma um-ma La-qe-ep-ma En₁-na-nu-um : u a-na-ku a-na hu-ur-H-ka ne-rur -rna 1 tup-pz-ka : u Ši-pa-ri-r ka 1 i-na E 1-turrDINGIR ne-zi-ib 1 1/2 ma-na rKB₁ u 3 GIN 22 1/2 SE GUSKIN ša i[š-t]u : Ka-tí-la E-r[a]-mu-ša: ub-ld-ni i-na r qt:íl-qi-dim ša a-bi4-ka En-na-ah-z-li u a-na rKB₁₁ ku?-nu-ki-ka .- niJ x ₁-ma 1 1/2 ma-na rKB₁ ni-i/₅-pu-ut 3 ša a-na ša-lim-be-li ta-di-nu-ni : SA.BA 1 a-šu-mz Ka-ti-La-i-im ka-ti-- u-mu-um li-ti-bu-ma : ra-di-a-am iš-ti: na-gi-ir a-lim a-lim lu : le-ri-iš-ma a-rna-at-ka : i-ta-ru-u-ni 1 : i-ha-ra-nim me-et : i-na ha-ra-nim : a-na 1/3 ma-na 4 GIN KB i-dí-šu 4 GIN KB i-li-bi4 Ša-lim-be-li : a-hu-ur ša 1 5/6 ma-na 2 GIN KB.BE 9 LA 1/4 GIN 96 Letters - Li-qep ni-iš-a-ma-ku < -um > 16 ma-na AN.NA na-dš-u-ni-kum a-ha-ma 1/2 ma-na KB u 4 na-ru-uq ar-ša-/tum ga-me-er I.e.,"To Ennam-Assur from La-qep: Ennanum and I entered your storeroom and brought out your tablets and your bronze (objects) and left them in Itur-ili's house. 1 Yz mina of silver and 3 shekels 22 Yz grains of gold that Ewarimuh brought from Katila from the capital of your father Enah-ili, also for the silver under your se- al, we have ... and we have booked 1 1/2 mina of silver. As to the three slaves that you gave to Salim-beli, of them one slave has been ta- ken as security because of the man of Kati- la. (When) the weather improves let him ask for a guide from the town herald so they will bring along your maid. Your one slave died on the road. He sold a slave on the road for 24 shekels of silver. 4 shekels remain in Salim-beli's possession. For 1 5/6 mina 2 shekels (of tin), in silver 8 ₃,4 shekels, we bought it for you. They bring you 16 minas of tin. Further, lh mina of silver and 4 sacks of wheat have been spent.",AKT 6b.pdf
340. kt 94/k 1387,"um-ma 1-ku-pi-a-ma [a-na] En-urn-A -šur [1-dzúa-bi-im u U-qi-ep [qzúbi-ma 10 ma-na KB ku-nu-ki-a En-urn-A -šur na-dJ-a-ku-nu-ti 40 ma-na AN.NA ša En-urn-A -šur u-ši-ba-ld-ni u r i-na 1 [K]B-pi-a ša rz₁ ma-na [AN].NA-ak-šu er₁ [m]a-na-im [ša]-a-ma a-di r x Ši-₁mì ta-ša-a-ma-ni AN.NA na-ši-ra-ma 102 Letters- Ikun-pi-IStarllkun-piya iŠ-tí pa-n[i-i]m-ma še-bi-la-ni[m] a-di r a-la₁-ak r Ši-tz₁ KB-pi-a š,ZJ ap ₁-ti-ni r x-b/₁ SIG₅ ša Tal-ha-a[t] rpì-ri-ka-ni₁ na-ar-buJ tim 1 ši-m[a-am] ša ba-ld-ti-a ša-ma-ni[m-ma] še- y'b""l'. z- a-nzm r1 e -ma-n-šlu ""'f] a-na [x (x)] i-r ša ₁-tim iš-ti tam-kaJ rl-a?₁ u [ ... ] a-n[ ... ] ih-da-[ma ... ]","From Ikiin-piya to Ennam-Assur, Iddin- abum and Li-qep: Ennam-Assur brings you 10 minas of silver under my seal. In addition to 40 minas of tin which En- nam-Assur will send, add my silver and buy worth 2 minas of his tin - in additi- on to the one mina, and until you will make purchases for me ... , set aside the tin and send it as soon as possible. Until my servant arrives, with the rest of my silver make a profitable purchase of good šaptinnuš from Talhat, (and) soft pirikannu and send them to me. His donkeys ... ... per year together with my customers",AKT 6b.pdf
341. kt 94/k 771 + 880,"um-ma I-ku-pì-a-ma a-na En-um-A-šur La-qe-pì-im I-di-/a-bi₄-im u 'diM -pz- 'l' a-a h qz- 'b. trma 10 ma-na KB En-um-A-šur: ub-la-ku-nu-ti ša 2 ma-na KB Letters- Ikun-pi-IStar/Ikun-piya SIG₅ ša-ma-nim-ma ku-un-ka-ni-šu 5í-tfKB: Ši-ma-am ba-la-tì-a : ša-ma-nim En-um-A -šur qi-bi4-ma ma-na AN.NA SIGs a-hi [a]-ta dci-m""i-iq-ma a-li-ki-im : še-bi4-la-nim : a-tu-nu : ih-da-ma : ld i-ša-hu-ur ma-na 3 GIN KB DUMU Šu-ki-tim ha-bu-lam ša ke-na-tim a-30 U4-me i-ša-lqal Bu-zu-ta-a : i-ld-ak-šu-lum ša 5í-bi₄-a ša ba-ldb DINGIR KB u : šu-ma m""i-ma u šu-ma i-ta-ah-ba-lam : pe-tla-ma < -ah > -ši-ša-tim extra šu-mz I-ri-H-im tablet šlbi4-la-nim ša I - k u-pz- ÌV štar ' v ? tup-pl-a šu-uk?-lna-ma 4 a-tu-nu : ku-un-lka 104 Letters- lkiin-pi-IStar/Ikiin-piya DUB ša 2 112 ma-na KB ša šu-mz tam-ka-ri-im wa-du-u En-um-A -šur er-ša-ma ší-bi4-la-nim","From Ikun-piya to Ennam-Assur, La- qepum, Iddin-abum and Adad-pilah: Ennam-Assur has brought you 10 minas of refined silver. Buy good tin for 2 minas of silver and 103 seal that separately. For the rest of the silver make a profi- table purchase for me. To Ennam-Assur: You owe 40 minas of good tin. My dear brother, send me the tin with the first transport as a favour to me. My dear brothers, take care that my ser- vant is not delayed. Susaya son of Sukkutum owes me 1/3 mina 3 shekels of refined silver; from the month Ša-kenatim he is to pay in 30 days; eponymy Buzutaya. It draws interest from him. I hold the tablet with my witnesses from the Gate of the God. Make him pay the silver and its interest. If there is any sil- ver and its interest then let him give it to you, even though he may raise objec- tions to you. If he (pretends that he) has not become indebted to me, then open my tablets and send me the memoranda written in the name of Erisum. Place the tablet of Ikun-pi-IStar among my tablets and after that you four must seal. Ask Ennam-Assur about a tablet con- cerning 2 'l:2 minas of silver where the creditor's name has been declared, and send it to me.",AKT 6b.pdf
342. kt 94/k 1302,a-na 1-ku-pì-a qì-bi-ma um-ma En-nam-A -šur J.dì-a- < bu- > um u La-qe-pu-ma a-na 10 ma-na KB-pí.ka :ša tu-ši-bi-lu-ni r2 2/3₁ ma-na 5 GIN K[B] a-na 9[0] pZ-ri-ka-n[i] na-ar-bu-tim : ni-i[Š-qu-ul] 2 5/6 ma-na LA 1 GIN KB <a-na> 28 ša-cip-tí-ni ni-iŠ-qu-ul1 ma-na 6 GIN KB a-na 2 ANSE.HI-e ni-iŠ-qu-r u/₁ 2/3 ma-na KB a-na ra-qí-tim : u a-bar-ni-/im ni-iŠ-qu-ul6 GIN KB a-na H-na : pa-li-le-/en 1/2 ma-na ša-du-at Letters- Ikiin-pi-IStar/Ikiin-piya KB-pí-ka : ka-ru-um i/yqe SUNIGIN 1 me-at 22 TUG.HI.A lu pí-ri-ka-nu : lu ša-ap-tí-ni a-bar-ni-am : u ra-qa-tam i ANSE.HI.A mì-ma a-nim ku-nu-ki-ni diM -pí-La-ah u.e. na-a5-a-ku-um r i₁-na 1/3 ma-na 25 KB ša < ta- > dí-nu-šu-ni sA.BA 18 GIN u-ta-ab-ni-a-tí GIN a-na ša-hi-ir-tì-šu 3 1/2 I.e. 1 112 GIN u-nu-ut ANSE.HLA 1/2 GIN a-na 5í-ta na-ru-qa-/tim 30 1 GIN a-dìUDU.HI.A ša ta-aŠ-pu-ra-ni,"To Ikiin-piya from Ennam-Assur, Iddin- abum and Li-qepum: Concerning the 10 minas of your silver that you sent, we paid 2 minas 45 shekels of sil- ver for 90 soft pirikannuš; we paid 2 minas 49 shekels of silver for 28 šaptinnuš; we paid 1 mina 6 shekels of silver for 2 donkeys; 2/3 mina of silver we paid for a thin textile and an Abarnian one; 6 shekels of silver for two paliluš; the colony took 'l:2 mina, the transport tariff 105 on your silver. In all: 122 textiles, pirikannuš, šaptinnuš, an Abarnian and a thin one, and 2 black donkeys- Adad-pilah is on his way to you with all this under our seal. Of the 1/3 mina of silver that you gave him, thereof he satisfied us with shekels, 3 shekels were for his small goods, 1 shekel for the donkey harness, 1h shekel for 2 sacks, 1 shekel concerning the sheep you wrote about.",AKT 6b.pdf
343. kt 94/k 620,[um-m]a 1-ku-pì-a-ma a-na [ Jb ]-ni-lí Bu-ur-A -šur u En-nam-A -šur qí-bi₄-ma 106 Letters- Ikun-pi-IStar/Ikun-piya 14 TUG ku-ta-ni -šur-ba-ni a-na a-ša-at Šu-Htar DUMU Šu-ku-tim ku-nu-ki-šu e-zi-ib-/ku-nu-ti-ma lu ta-dí-na a-ma-lci ta-le-e-a-ni di-na-šu-nu-ma KB le-qe-a-ma KB ku-un-ka-ma li-ib-H a-hu-a a-tu-nu [---] [---] a-na En-nam-A -šur qí-bi4-ma a-na 1/3 ma-na KB r e-mu-qu-um 1 na-dì a-na 13 GIN KB a-nu-qu-um ša KU.KI u 1 kaJ šu-um 1 ša KB na-di a-na 4 1/4 GIN KB šu-pci-nu-um na-dí [SUNIGIN] 1/2 ma-na 7 1/4 GIN KB [ša-ci]p-ra-tim a-ha-at-ka [x t]a-dì-na-ku-um-ma [ ... ]-tim KB ti-ri [ ... ]-kama-hi a-ta [ ... ]-ni-šu-ma i-na [ ... ] Sí ta ma a-ta lei Sf? na ax[ ... ] Da-na-a li-dìJ nu 1,"From Ikiin-piya to Ibni-ili, Biir-Assur and Ennam-Assur: Assur-bani left 14 kutanu-textileš for the wife of Su-IStar son of Sukkutum under his seal with you and you were to sell the textiles. Sell them as well as you can and take the silver, seal the silver and let it remain in a house belonging to one of you. My dear brothers, ... of my textiles ... To Ennam-Assur: For 1/3 mina of silver an emuqum was deposited; for 13 shekels of silver one gol- den ring and a cup of silver was deposited; for 4 1,4 shekels of silver a šupannum was deposited. In all mina 7 1,4 shekels of silver as sure- ties your sister gave to you, and tiri-šilver My dear brother,",AKT 6b.pdf
344. kt 94/k 1672,"urn-rna J.ku-pz-a-ma a-na Ib-ni-lí Be-ka-a u En-urn-A-šur qi-bi₄-ma a-na En-urn-A -šur qi-bi₄-ma 1 2/3 ma-na 6 GIN KB ha-bu-ld-ku-um ša 1 ma-na 7 I GIN u KB 9 GIN a-ha-rna ša-dp-ra-tim e-zi-ba-kum 8 GIN KB lu da-at A-bu-a lu gam-ru-um ša a-na-kam ma-na GIN SUNIGIN 1 1/3 4 KB tal-qe 1/3 ma-na 2 GIN KB H-tiKB-pz-ka 2 1/2 ma-na KB ša ha-bu-ld-ku-ni iš-ti A-šur-ba-ni u-še-ba-ld-lkum 1 GU AN.NA e-zi-ba-kum šu-ma ši-mu-um Ia Ša-im Ši-ma-am ša ba-ld-tí-a lu TUG ti-ša-pz ša Ha-hi-im lu ša-dp-ti-ni-ma ša Tal-ha-at a-hu-a a-tu-nu i-ša-ha-at En-urn-A-šur i-zi-za-ma rna ša-ma-nim ka-ni-ka-ma 108 Letters- Ikiin-pi-IStar/Ikiin-piya iš-ti -šur-ba-ni še-bi₄-ld-nim a-na En-um-A -šur qi-bi₄-ma šu-ma na-dš-pe-er-tum iš-tu -lim u-ub-lu-nim Ša-ilyma še-bi4-lam a-ma-ld na-aŠ-pe-er-ti-ka I-riJ šu ₁-um i-na Dur₄-hu-m1-/it u4""ma-am u-ra-am a-da-gat i-ld-kam-ma","From Ikun-piya to Ibni-ili, Bekaya and Ennam-Assur; specifically to Ennam-Assur: I owe you 1 2/3 mina 6 shekels of silver. I left surety worth 1 mina 7 shekels of silver plus 9 shekels with you. 8 shekels of silver was either Abuwa's fees or expenses here. In all you have received 1 mina 24 she- kels of silver. 22 shekels of silver was the rest of your silver; 2 lh minas of silver that I owe you I shall send with Assur- bani. I left 1 talent of copper with you. If the purchase has not been carried out, then make purchases profitable for me, either tišiipu-textileš from Hahhum or šaptinnuš from Talhat- my dear bro- thers, assist Ennam-Assur in this, seal it and send it to me with Assur-bani. To Ennam-Assur: Ask whether they have brought a missi- ve from the City and send it. In accordance with your missive I expect Erisum in Durhumit today or tomor- row. When he comes, I shall seize him.",AKT 6b.pdf
345. kt 94/k 1341,um-ma 1-ku-pì-a[-ma a-n]a Šu-ma-li-ba-A-šur En-um-A-š1ur] u Be-ka-a qi-bi₄-ma a-na En-nam-A< -šur> qi-bi₄-ma 1 2/3 ma-na KB ha-bu-ld-kum ša 1 ma-na 10 G[IN] KB ša-dp-ra-tim e-zi-ba-kum 1 GU rl/2₁ [ma-na URUDU e ]-zi-ba-kum [x x x x x] a-hu-bu-li-a [X X X X X] tl ša hu-bu-íi-a break reverse mtssmg A-la-na-tim ša-dŠ-q[i-i/5 ... ] la i-mu-a Ši-be-šu [ ... J break Letters- Ikun-pi-IStar/Ikun-piya,"From Ikun-piya to Summa-libbi-Assur, Ennam-Assur and Bekaya; specifically to Ennam-Assur: I owe you 1 2/3 mina of silver. I left sure- ty worth 1 mina 10 shekels of silver with you. I left 1 talent mina of copper with you. \-2 ... for my debt ... of my debt have it paid from? the month Allaniitum ... he refuses ... his witnesses ... 109",AKT 6b.pdf
346. kt 94/k 790,"a-na 1-ku-pi-a u E-ri-Ši-im qi-bi-ma um-ma En-urn-A -šur-ma a-na E-ri-H-im qì-bi-ma a-hi a-ta tí-ir-ti a-bi-/ni a-na KB 10 ma-na šlbu-li-im [i-l]i-kam ma-na KU 4 [i]Š-tu ha-muŠ-tim ša E-na-/ah-DINGIR ITU.l.KAM ma-hu-ur-DINGIR li-m l-im A-šur-na-da a-na a-di-na-kum-ma tup-pa-ka u-ka-a/1 GIN.TA [i]-na ITU.l.KAM-im a-na 1 ma-na-im 18 ha-am-ša-tum u4-mu-u [i]-li-ku-ni-kum :a-ha-rna 3 ma-na KB iš-tu ha-muš-tim ša {d}MAR.TU-ba-ni ITU.l.KAM ša ša-r ra ₁-tim a-na ṣí-ib-tim a-di-na-kum-ma 5/6 GIN.TA i-na riTU₁.KAM-im a-na 1 ma-na-[im] li-mi-im I-ku-p[ì-ŠŠtar] 5 [ + x ha-am ]-Ša-tum i-ta-al-ka-/kum r1113 ma-na 5 GIN₁ KB št-tm v, - [l u-qu-ttra ' n tu- ' k' a-a l 110 Letters- Ikun-pi-IStar/Ikun-piya u a-ha-[ ma] r ku-ta-ni-a 1 1/2 ma-[na KB-]ma? r a?₁-dì.r na-kum 1 a-hi a-ta be-H a-ta a-na [ ml]-ma a-nim KB u ṣì-ba-šu a-[x (x)]-ta KB ku-un-ka-ma a-ṣ[ler] ša{ki} ku-a-tl u a-ṣlr[i-a] šlbi₄-la-nim-ma KB r qci-dì₁ tup-pi-ka lu-še-er KB a-dì 10 u₄-me-/e ša-am-qì-ta-nim-ma e-te-[ me] a-bi-ni lu nP ha ₁-dì i-a-um a-bi-ma u ku-a-um ša a-bu-ka et-ra-ni","To Ikun-piya and Erisum from Ennam- Assur; specifically to Erisum: My dear brother, an order from our father arrived about sending some 10 minas of silver. I lent you 4 minas of refined silver against interest, from the week of Enah-ili, month Mahhur-ili, eponymy Assur-nada, and I have your tablet in my possession. You must pay interest at the rate of 1 she- kel per mina per month. 18 weeks have passed for you. Further, I lent you 3 minas of refined sil- ver against interest, from the week of Amurrum-bani, month Ša-šarriitim. You must pay interest at the rate of 5/6 shekel per month per mina; eponymy Ikun-pi-IStar. 5( +x) weeks have passed for you. You hold 1 1/3 mina 5 shekels of refined silver, the proceeds from my goods. Further, I gave you my kutanuš and 1/2 mina of silver. My dear brother and lord, for all this, the silver and its interest ... seal the silver and send it to your representatives and to me, so I may release the silver with your tab- lets. Make the silver arrive in 10 days so we can gladden our father's spirit. Is my father not also your father? Save me.",AKT 6b.pdf
347. kt 94/k 789,a-na I-ku-pì-a _.A -bu-a E-ri-H-im Ku-da-tim Šu-Htar it En-na-Šu-in qi-bi-ma um-ma En-um-A -šur-ma a-na En-na-Šu-in qi-bi-ma -šur it i-ld-a-bi-ni lu i-di-a-ka a-na ša i-ir-ti a-bi-a :a-na pa-ra-šì-a ta-zi-zi-ni 4 ma-na KB iš-tit ITU.KAM ša ke-na-tim li-mš-im A-šur-na-da DUMU Puzur₄-A-na ha-bu-la-ti-ma tup-pa-ka ha-ar-ma-am u-ka-al a-na 20 ha-am-ša-tim KB ša-qa-lam qa-bi-a-ti 1 1/2 GIN.TA i-na ITU.LKAM-im a-na 1 ma-na-im urmu-ka MU.4.SE e-ti-qu KB i-ti-zi-ba-am / a-ha-ma a-[na] 1 ma-na-im KB ša i-l[i-bi-ka] iz-ku-u: iš-tit I[TU.KAM] ša ša- ra -tzm l' z-mz- '[' zm ... ] v 'f 1 . 11/2 GINJTA₁ i-na rrTU.tl.[KAM] aJ na ₁-k[am tup-pa-am) r šah 5 Um-m[ e-a-ni X) r 1 [(. .. )) X X u-ka-al r1 ma-na-um [x] ía-na 1 3 1/3 ma-na i-[x x]-kum u 1/2 ma-na KB ma-na-ah-tam r ta-₁ša-/qa-lam e-zi-ib [x] ma-na KB ša DUMU I-ku-nim it ša-al-ta-ti-a 112 Letters- Ikun-pi-IStar/Ikun-piya ša r ₁-šrí-e-u-šu :a-na ša ki-ma i-a-ti qi-bi-ma a-na ml-ma KB a-nim KB u ša-ak-ni-ka-šu-ma a-na u ša ki-ma šu-a-ti šlbi-ša-nim-ma a-na-kam ša ki-ma šu-a-ti rKB₁ u li-iš-qu-lu-nim-ma tup-pi-šu a-na ša ki-ma šu-a-ti la-di-in a-na ša ki-ma i-a-ti qi-bi-ma a-hu-a a-tu-nu šu-ma En-na-/Šu-in I.e. x-a-tcim e-pci-al-ku-nu e-pa-a[tšu] r šu-up-ra-nim-ma le-ti-qam,"To Ikiin-piya, Abuwa, Erisum, Kudatum, Su-IStar and Enna-Suen from Ennam-Assur; specifically to Enna-Suen: May Assur and the god of our fathers reject you, since you stood ready to separate me from my father's breast! You have owed 4 minas of refined silver since the month Ša-keniitim, in the epo- nymy Assur-niidii son of Puzur-Anna and I hold your certified tablet. You promised to pay the silver in 20 weeks. You will have to pay interest at the rate 1 1h shekel per month per min a. Your terms are exceeded by 4 years. Has any silver been left for me? Further, for eve- ry mina of silver that they have cleared as owed by you - reckoned from the month Ša-šarriitim, eponymy ... you must pay interest at the rate 1 1h shekel per month. Here I hold a tablet of 5 investors per one mma ... 3 1/3 mina ... and you must pay 1h mina of silver as expenditures; apart from x minas of sil- ver from Ikiinum's son and my available goods for which I sue him, say to my representatives: ""Seize him for all this silver and have him seal the silver and the accrued interest and send it (the re- sulting document) to me and to his re- presentatives, so his representatives here may pay me the silver and the accrued interest; then I shall give his deed to his representatives. To my representatives: My dear brothers, if Enna-Suen answers you ... send me his answer soon and let him travel here.",AKT 6b.pdf
348. kt 94/k 1013,"um-ma 1-ku-pi-a Dan-A -šur Ša-lim-wa-ar-du u Šu-[Nu-nu-ma] a-na En-nam-A-šur qi-bi-[ma] 50 TUG.HI ku-ta-ni 25 ma-na AN.NA 1/3 ma-na 2/3 GIN KB 2 ANSE mz-ma a-nim tu-šrš-bi₄-lam SA.BA 25 ku-ta-nu 13 ma-na. T ta-ad-nu 25 ku-ta-nu 12 ma-na. T ta_r ad₁-nu 18 ma-na AN.NA 10 ma-na.TA 4 ma-na LA GIN 9 ma-na.T 15 ta-dí-in H-tí: AN.NA-ki-ka 3 ma-na 15 GIN na-aš-u-ni-kum 55 ma-na H-im ANSE./HI-ka 31 ma-na H-im KB e. ša li-bi₄ Dan-A -šur SUNIGIN URUDU-i-ka : 15 GU 24 I 2/3 ma-na URUDU ma-ší-um SA.BA 6 GU Šu-Nu-nu i-pa-ni-tim / ub-ld-kum 8 GU URUDU ma-ší-am Ša-lim-wa-ar-dì u Šu-Nu-nu ku-nu-ki-ni na-aš-u-ni-kum 18 ma-na SIG₅ ša-du-a-at u URUDU-i-ka ANSE.HI-ka ni-iš-JT qul₁ 1 GU-tum 1 ma-na.TA i-na ša-bu-ri-im im-tí 2 1/2 ma-n[ a] URUDU SIGs i-li-bi4 URUDU-i-ka ni-[dz1 a-na ta-H-a-at URUDU ša Ab-ša-/lim u Dan-A -šur a-na b-ša-lim m- ""d'""' gam-ra-am u ''k u- u-u !['] - tam t-tn ml-ma u-la ni-dì-šu-nu-tí URUDU-a-ka: r x x x x 1 [x x] H-tíURUDU-ri-ka₁ [ lu-ba-li-ta-kum hi-dam KU.GI ša a-na I.e. tu-šrš-bi₄-la-ni ma-šu-uh-ma u 114 Letters- Ikun-pi-IStar/Ikun-piya lci-qa-am la ta-mu-a ku-nu-ki-ni na-ciŠ-u-ni-kum","From Ikun-piya, Dan-Assur, Salim-wardi and Su-Nunu to Ennam-Assur: 50 kutdnu-textileš, 25 minas of tin, 1/3 mina 2/3 shekel of silver, 2 black donkeys - all this you sent. Thereof 25 kutdnuš were sold at 13 minas each, 25 kutdnuš were sold at 12 minas each, 18 minas of tin at 10 minas each, 4 minas less 15 shekels at 9 minas each were sold; the rest of your tin, 3 minas 15 shekels, they bring to you. 55 minas was the price of your donkeys, 31 minas the price of the silver in Dan- Assur's possession- the total of your copper: 15 talents 24 2/3 minas of washed copper. Thereof Su-Nunu earlier brought you 6 talents; Salim-wardi and Su-Nunu bring you 8 talents of washed copper under our seals. 18 minas good copper we paid as the transport tariff on your copper and your donkeys; 1 mina per talent was lost during the breaking up; 2 Y2 minas of good copper we deposited out of your copper and gave to Ab-salim for the carriage of Ab-salim's and Dan-Assur's copper. We did not give them anything for expen- ses and food. Your copper ... The rest of your copper ... I shall credit to you. The bead of gold you sent to the girl was broken and therefore she would not receive it. They bring it to you under our seals.",AKT 6b.pdf
349. kt 94/k 1536::-,[ ... ]-d{ [ ... ] r ₁-na En-um-A -[šur] break,... to Ennam-Assur,AKT 6b.pdf
350. kt 94/k 800,a-na r 1-r šur-iŠ-ti-kaJ₁ [1-ku-pzúa u '1d'r - t- 1 - b-[- tm qz- 'b' z-ma ] t- um-ma En-um-AJíur₁-[ma] ra-na₁ 1-ku-pì-a : qì-bi-ma r i-nu-ml i-na [ -kam] tu-uš-bu 5 rG(Jl [URUDU] ma-ši-am SIG₅ ša-bu-ra-am [x]í-ri-x₁ ah-bu-ld-kum ki-ma a-biJ 1 ta-ba-Ši-ma u-ld u-ba-dš-ka-ma qa-at-ka u-ld a-na-kam Puzur <r {d}UTU D UMU Šu-Nu-nu a-na 15 urme-e URUDU ša-qa-li-im tu-ša-zi-za-am-ma a-dí u₄-mz-im a-nim URUDU mi-ma u-ld iŠ-qu-lam u i-na ma-ha-ar a-dí ha-am-5í-šu u iŠ-ri-šu iš-ti-šu i-da-gu5-lu um-ma a-na-ku-ma URUDU Puzur₄-d/UTU lu-ša-aš-qí-i/5 -magi-mi-lam a-wi-LAM la-aŠ-ku-un-ma a-ša a-na-ah-ti ša 2 ma-na KB r. a-da-nu-šu-ni u a-ni-um lu gi5-mi-lam šu-a-ti-ma li-bu-šu-ma lu i-deš a-na-kam Puzur₄-{d}UTU u-ni-ha-ni-ma a-na ka-ri-im ir-di-a-ni-ma KB 5 GIN uŠ-ta-ag-me-ra-ni-ma tup-pa-am ša ši-bi-a al-te-qe [ša] r i-na 1 ld i-dí-im šu-um-ka IGI GAL a-[x x] r ru ₁-šu iq-bi um-ma šu-ut-ma a-u-um [KB] r I-ku-pí-a 1 i-na li-bi-a r i-ba-H₁ um-ma a-na-ku-[ ma] a_r pu-ul-ka 1 a_r šz₁-a-ti r tup-pa-am 1 ša Ši-be r al-qe₁ r a-dz₁ [ ... ] šu-ma [ ... ] iš-tu riTI.l.KAM₁ [ ... ] li-[ ... ] ... [ ] 116 Letters- lkiin-pi-IStar/Ikiin-piya r a-na u '? -x [ ... ] a-x[ ... ] a-na 1-ku-pi-a qi-bi-ma a-di lu-qu-ti-ka I.e. ša a-na it DUMU Šu-Nu-nu r ta ₁-di-nu li-bi ciš-pu-ra-kum mt-li-ik lu-qu-ti-ka mz-li-ik,"To Assuris-tikal, Ikun-piya and Iddin- abum from Ennam-Assur; specifically to Ikun-piya: When you stayed here I lent you 5 talents of washed, good, broken copper ... You are like a father me, I shall not put to you to shame and I have not refused you anything. Here you appointed Puzur-Samas son of Su-Niinu for me in order to pay the cop- per in 15 days, but until today he has not paid any copper me. to Also, in the presence of your own servants I have quarrelled with him five or ten ti- mes, and your servants observe this. I said: ""Let Puzur-Samas have the copper paid so I can do the man a favour, and since I shall give him the earnings from 2 minas of silver may this man indeed know about this favour!"" Puzur-Samas has troubled me here, led me to the colony and put me to an expense of at least 5 shekels of silver, so I got hold of a tablet with my witnesses, stating that without reason he spoke your name ... before the plenary assembly. He said: ""What silver does Ikiin-piya have as a claim on me?"" I said: ""I have answered you. Therefore I have taken a tablet with witnesses if ... from the month ... To Ikiin-piya: I was unhappy with respect to your goods that you gave to Adad- and the son of Su-Niinu, so I wrote you. You must decide yourself about your goods.",AKT 6b.pdf
351. kt 94/k 825,1-ku-pi-[ au En ]-um-A -šur um-ma 1-ku-pz-a-ma a-na Letters- Ikun-pi-IStar/Ikun-piya En-um-A-šur-ma rs G(Jl URUDU ma-ší-amša-bu-ra-am hu-ub-lam-ma Puzur4-{d}UTU li-pu-ul-ka 5 GO URUDU ma-ší-am _. ša-bu-ra-am En-um-A -šur a-na [1-ku ]-pi-a ih-bu-ul-ma Puzurr {d}UTU En-um-A -šur e-pu-ul um-ma Puzur4-{d}UTU -ma a-na u4-me-e GU URUDU-a-ka a-na-ku a-ša-qci-ld-ku-um um-ma En-um-A -šur-ma šu-ma-b[a] i-na 15 u4-me-e u4-mu-u mi-ma : e-ta-at-qu um-mal-ku-pí-a-ma rs₁ GU URUDU-a-ka ma-ší-am ša-b[u-ra-am] PuzurrdUTU : li-iŠ-qu-lci-r kum 1 a-na ma-la u4-mu e-tí-qu-ni-ni i-a-tiURUDU a-nima-na4 u4-[me] DINGIR : i-š1a-h ]i-it-ma [ ha-muš-]tum ša diM _r (x)l X X ITU .KAM ku-zal-li [li-mu-um] ṣí-lu-lu : um-ma 1-ku-pí-a-ma a-na En-um-A -šur-mar i₁-nu-mi a-naPu-ru-uš-ha-dim: tha-ba-ni r it 1 a-r ta 1 ša KB 1 ma-na [it] 2 ma-na a-na-ah-ta-ka [ta-lci-qti-ma] it a-na-r ku 1 [lci]-ag-mi-il₅-ka [a-na a-wa-tim] a-ni-a-tim [ka-ru-um Wa-ah]š1u-š1a-na [i]-dí-ni-a-tí-ma IGI GIRša A-šur 5í-bu-ltí-ni [ni-dzúin IGIA -šur-i-diiGIE-lci-lí l.e_ 118 Letters- Ikun-pi-IStar/Ikun-piya [Pu]zur4-i-liDUMU Ba-al-zu-e-nim tap-pa-i-ni,"Ikiin-piya and Ennam-Assur seized us, and Ikiin-piya said to Ennam-Assur: 117 ""Lend me 5 talents of washed, broken copper, and have Puzur-Samas reimburse you_"" Ennam-Assur lent 5 talents of washed, broken copper to Ikun-piya and Puzur- Samas should reimburse Ennam-Assur. Puzur-Samas said: ""Within 15 days I shall personally pay you your 5 talents of copper."" Ennam-Assur answered: ""What then if indeed on the 15th day your terms beco- me exceeded at all?"" Ikun-piya answered: ""Let Puzur-Samas pay you your 5 talents of washed, broken copper. As for the interest, as much as the term is exceeded this copper is my obliga- tion."" In 4 days the god will rise and it is the week of ___ ,month Kuzallu, eponymy Silulu. Ikun-piya continued saying to Ennam- Assur: ""When you arrive at Purus- haddum, then you will personally receive your earnings from 1 or 2 minas of silver, and thus I shall do you a favour myself_"" The W ahsusana colony gave us for these proceedings and we gave our testimony before Assur's dagger. Witnessed by Assur-idi, by Elali; Puzur-ili son of Balzuenum was our (absent) part- ner.",AKT 6b.pdf
352. kt 94/k 774,um-ma 1-ku-pí-a-ma u Dan-A -šur Ša-lim-wa-/ar-dí-ma a-na En-um-A -šur qí-bi-ma 2 GU URUDU SIG₅ Dan-A -šur iš-qu-ul-ni-a-tí 3 ša-ab-ra-tim la iš-bi-ir-ma 15 GIN ša-qa-l[a-am qa-bi] nu-ša-ah-li-[il/ip/iq] tup-pu-šu še-bi-lam Letters- Ikun-pi-IStar/Ikun-piya 3 GU URUDU SIG₅ i-H-im AN.NA-k[a] cu it TDG.HI-tí-ka 5 [URUDUJ SIGs ku-nu-ki-ni Šu-Nu-nu na-eiš-a-ku-um URUDU ša ki-ma Šei-li-a ntí.ri-iš-ma ta-dei-na-am lei i-mu-u a-du-um lu-lci-im ša ta-eiŠ.pu-ra-ni lu-lci-um : lei-šu a-dì 5 u₄-me Ša-lim-/wa-ar-di i-za-ku-ma ni-tei-ra-dam 3 ma-na URUDU ra-₁qei-tí.Šu ni-di-in,"From Ikun-piya, Dan-Assur and Salim- wardi to Ennam-Assur: Dan-Assur has paid us 2 talents of good copper. He did not break the 3 blocks, and he promised to pay 15 shekels. We .... e. Send his tablet. 119 Su-Nunu brings you 3 talents of good copper from the proceeds from your tin and your textiles, (in all) 5 talents of good copper under our seals. We asked for copper from Salliya's repre- sentatives but they would not give it. As to the lula ùrn you wrote about, there 1s no none. Within 5 days Salim-wardi will be cleared and we shall send him. We gave him 3 minas of copper to dispose of.",AKT 6b.pdf
353. kt 94/k 1252,a-na 1-ku-pì-a Dan-A -šur Ša-lim-ar-dì u Šu-Nu-nu qì-bi-ma um-ma En-urn-A -šur-ma td-aš-pu-ra-nim um-ma a-tu-nu-/ma 3 GU URUDU ma-šì-am i-H-im AN.NA-ki-ka r u ka₁ Šu-Nu-nu na-dš-a-kum a-na-kam u-ša-ni-iq-šu-ma 2 2/3 ma-na u 2 GU URUDU ša li-bi Dan-A -šur ša t[ u-šeúbi₄-r ld-ni₁-ni tup-pu-šu ha-ar-r rna ₁-am ša hu-bu-li-šu Šu-Nu-nu na-dŠ-a-ku-nu-tí a-hu-a : a-tu-nu a-ma-kam ih-da-ma H-im u r AN.NA ₁-ki-a pd-ni-im ŠaJ lim ₁-ar-dì u Šu-Nu-nu lu-ba-li-tu-/ni-ku-nu-tí-ma URUDU i-na ku-nuJki₁[-ku-]nu ku-u[n-ka-ma Kl a]-li-k/ pd-ni-[ e-ma še-bi-ld-nim] u E-w[a-ri-mu-ša] tu-u[r-da-nim x x]-tí-a be-lu-a: a[-tu-nu gi-im-ld-ni-ma] ih-da u a-n[a-ku a-we-el g]i-mz-LAM 25 TUG ku-t[a-ni x ma-]na AN .INA 15 GIN KB me-[ x x x] ax ir Šu-Nu-nu u E-wa-[ri-mu-šja r x x/x 1 i-ra-dì-a-ku-nu-tí r 1[ -pu-tum] e-ku-nu ha ₁-ri-a li-li-ik a-na Ša-lim-ar-/dì Letters- Ikun-pi-IStar/Ikun-piya qì-bi₄-ma a-na-kam-ma u-na-hi-id-ka um-ma a-na-/ku-ma e-ma-ru ša šri-pi-ku-nu li-zi-zu mi-šu ša a-H-mi.r im 1 u ta-dì-nu-šu-nu-ni mì-šu ša Šu-Nu-nu a-ni-ša-am ta-aŠ-pu-ra-ni-ni a-ma-kam ma-la ṣu-ba-tí-a ta-la-qe-/u ša? ta-ma-ha- < ra- > ni i-ku-nu-ki-ku-nu ki-la-la-ku-nu r ka ₁-ni-ka,"To lkiin-piya, Dan-Assur, Salim-wardi and Su-Niinu from Ennam-Assur: You wrote me and said: ""Su-Niinu brings you 3 talents of washed copper from the proceeds of your tin and textiles."" I checked it here and found 2 213 minas, plus 2 talents of copper owed by Dan-Assur which you sent. Su-Niinu brings you his certified tablet concerning his debt. My dear brothers, take care there to have Salim-wardi and Su-Niinu credit you with e. the proceeds from my previous shipment of textiles and tin. Then seal the copper with your own seals, and send it to me as soon as possible. Also, send me Ewarimuh. My dear lords do me a favour, and take care, for I too am a man of favours. 25 kutanu-textileš, x minas of tin, 15 she- kels of silver ... Su-Niinu and Ewarimuh ... will lead to you. Urgent, keep an eye on my servants. To Salim-wardi: 121 Even here I gave you instructions, saying: ""Let the donkeys from your transport remain."" Why is it that you have sold them? And why is it that you sent Su- Nunu here? There, as many of my textiles as you take, both of you must seal what you receive with your own seals.",AKT 6b.pdf
354. kt 94/k 941,um-ma Dan-A -šur Ša-lim-wa-ar-dì-e u Šu-Nu-nu-/ma a-na En-nam-A -šur qì-bi-ma 122 Letters- Ikun-pi-lstar/Ikun-piya i-na lu-qu-tim pa-ni-tim 3 rc0₁ URUDU SIG₅ Su-r Nu ₁-nu ub-ld-kum r1112 GU₁ URUDU SIG₅ SUNIGIN 4 [1/2] GU [xx x x x] mu-šu break [Ša ]-lim-wa-ar-[ di (...)] u Šu-Nu-nu i-ta-[x x] I nim [ ... ] a-di lu-qu-tim ša a-hi-ka a-na-kam Ša-li-a um-ma šu-ut-ma na-dš-prš-er-ta-am ra-₁la-hu-im bi-ld-nim-lma lu-qu-ta-am lu-še-ra-ku-lnu-ti a-na-kam a-di ša a-hi'-lka Ša-li-a um-m[a nìnu-ma] a-na Ka-ni-iš pa-x[ ... ] a-di 10 U4-me im-t[a₁ ... ] ra-ta ma-la₁-k[a],"From Dan-Assur, Salim-wardi and Su- Nunu to Ennam-Assur: In the previous merchandise Su-Nunu brought you 3 talents of good copper; (plus) 1 lh talents of good copper - in all 4 12 talents Salim-wardi and Su-Nunu ... We seized Salliya here concerning the goods belonging to your brother, and he said: ""Bring me a ... missive then I shall release the goods to you."" e. Here we seized Salliya concerning your brother and we said: ""To Kanesh ... within 10 days ... "" Make up your mind.",AKT 6b.pdf
355. kt 94/k 1311,urn-rna I-ku-pl-a-ma a-na En-nam-A -šur qì-bi-ma na-aš-par-tam ša -šur-ma-lik gu 5-ba-ab-tam ša ma-hu-ra-at E Ku-ra ša-aš-me-rna ta-aš-r ka₁-ri-/nam lu ta-dì-na-/H-ma a-ma-la ta-ah-šì-iš-tam a-dì-na-ku-ni uq-ru-a-tim e-pu-uš-ma na-/ aŠ-par-tum ša a-we-lim lu ša E ub-ri-ni i-li-kam a-ma-kam ša-il5-ma še-bi4-lam a-hi a-ta a-ti-ir-ti-a I.e. i-hi-id,"From Ikun-piya to Ennam-Assur: Make the priestess who lives opposite Kura's house hear the missive from Assur- malik; also, do give her the boxwood log; since I gave you a memorandum, make the jewelry and ask there whether the missive from the man or from our guest-house has come, and send it to me. My dear brother, pay heed to my message.",AKT 6b.pdf
356. kt 94/k 698,um-ma J.ku-pz-a-ma a-na En-nam-A-šur qi-bi4-ma šu-ma a-m-ša-am • v ha-ra-ka al-kam-ma lu ni-iz-ku šu-ma ša-ah-ra-tì ti-ir-ta-ka [ [Ji-li-r kam 1 a-mt-ša-am ' v ha-ra-ni,"From Ikun-piya to Ennam-Assur: If your journey takes you here, then come and let us clear accounts . If you are delayed, then send word. My journey will take me there.",AKT 6b.pdf
357. kt 94/k 930,um-ma [J.ku-Ypi-a-ma₁ r a-na 1 Jb.r ni-/ì1 u [ ... ] En-nam-A-šur qi-bi-rma₁ a-na rEn₁-n[am-JA-/íš1ur qì-bi-[ma] 1 TUG rku-ta-num₁ [a-]r na am-ti-ka₁ i-nu-mz [ a-n ]a a-lcP ni₁ ta-li-[ ku ... ] [x] r Ši-im-šu-m/₁ [x a-n]a Ší.mz.r im 1 Letters- Ikun-pi-IStar/Ikun-piya x x]-ma H-im-šu x x]-ka li-ib-[šz1 x] rIa ta-di-in 1,"From Ikun-piya to Ibni-ili, Ennam-Assur and ... ; (specifically) to Ennam-Assur: 1 kutdnu-textile for your maid when you went to the villages ... indeed its price ... for purchases 125 ... its price should remain ... . .. you have not sold",AKT 6b.pdf
358. kt 94/k 801,"J.ku-pi-a-ma From En-urn-A -šur pilah u ŠuRu-bur specifically a-na ŠuRu-bur qi-bi4""/ma GiN KB : a-na a-bi4-ka 5 I : a-na A-li-tim You GIN KB : tal-qe a-bu-ka Ali u DAM-d iR-dì claim i-da-ga-al : rna a-ta Indeed, : 10 ša ki i-a-ti qi-bi4-ma ša a-bi4-ka lo.e. J.ku-pz-a : KB Ikun-piya- ''[l 5 .. . ] rev. v ,. taU-[ ... ] 15 lu-ta-[x x x x]-nu na-Hpe-er-tam fy : hi-ir-ma : šu-ma - z- -z ' z-na - tm ki : t 5-qe 20 (for šu-ma: 10 GIN KB a-ta-ah-ba-[al] much ma-ld [x x x ]-am (back) 126 Letters- Ikun-pi-IStar/Ikun-piya i/5-qe-u [ ___ J li-iš-qu_r ša-am 1 e. a-pu-tum","Ikiin-piya to Ennam-Assur, Adad- and Su-Hubur; to Su-Hubur: owe 8 shekels of silver to your father. have received 10 shekels of silver for tum. Your father must not make any on my house, my wife or my slave. it is you who will seize my silver. my representative: missive from your father concerning have the silver paid ... it is not ... silver ... he has shown you the missive then certi- his tablet. he has received silver in the City or if some other reason) I am not indebted him for 10 shekels of silver, then as as .... he received ... he must pay to me. Urgent, show him no favours.",AKT 6b.pdf
359. kt 94/k 1121,10 GIN KB u ni-iš-ha-lšu wa-ta-ar ša-du-a-lšu ša-bu-u ša I-ku-pi-a a-na Puzur4-Htar i-na I A-lim{ki} ha-bu-lu-u a-na-kam Šu-Hu-bu-ur il₅-qe šu-ma I-ku-pi-a a-na Puzur4-Htar Ia i-ta-ha-ba-al a-na KB ša ilrqti-u r. ma-na-urn ma-na i-ša-qal ITI.KAM Hu-bu-ur li-mu-um Bu-zu-ta-la IGI Ši-lu-šu-Da-ga-lan IGI DINGIR-ma-A-šur Letters- Ikun-pi-IStar/Ikun-piya,"The 10 shekels of silver, its import duty added, its transport tariff paid for, that Ikun-piya owes to Puzur-IStar in the City- Su-Hubur has received that here. If lkun-piya did not owe anything to Pu- zur-Htar, he must pay (a fine oQ mina for mina the silver he received. Month Hubur, eponymy Buzutaya. Witnessed by Sillus-Dagan, by Ilima- Assur. 127",AKT 6b.pdf
360. kt 94/k 687,um-ma 1-ku-pì-/a-ma a-na Puzur4-ŠŠtar it En-um-A -šur qí-bi-ma i-na U4-mì-im [š1a tup-pí: ta-ša-me-a-/ni [a]-na URUDU : 2 ma-/na [it] 3 r ma-na 1 2 3 lines missing i-ka-šu-du En-na-/Šu-in šu-up-ra-ma li-tal-kam šu-ma DAM.GAR-šu ma-ma-/an u-ka-al-šu KB a-na DUMU um-me-a-nim ke-nim li-ip-r qt'l[-id-ma] lu-ši-bi-lam,"From Ikun-piya to Puzur-IStar and En- nam-Assur: On the very day you hear my letter ... for 2 or 3 minas copper ... ... they have arrived. Write to Enna-Suen that he should come. If any of his creditors holds him back, then let him entrust the silver to a trust- worthy affiliated trader and send it to me.",AKT 6b.pdf
361. kt 94/k 723,a-na Ku-zi-zi-a u Pi-la-ah-ŠŠtar qi-bi-ma um-ma En-um-A -šur-ma 2 TUG ra-qa-tim 1/2 ma-na 3 GIN hu-ša-< ru > -um Ša-[l]im-wa-ar-di u Še-ep-ŠŠtar Ku-zi-zi-a ub-lu-nim 3 TUG ša ma-e SIG₅-tum 1 TUG lu-bu-šu-am (sic) ku-nu-ki-a : er 1 Ku-zi-zi-a Šu-Be-[lum] ii -lu-a : na-aŠ-u u ml-šu :ša a-di Pi-la-ah-ŠŠtar aŠ-pu-ra-ni-/ku-nu-ti-ni ha ₁-ru-a .- a-di u4-mz-im a-nim wa-aš-bu-ni a-na ma-la ti-ir-ti-a ih-da-ma : KB li-di-/ku-nu-ti-ma KB ku-nu-ki-ku- < nu > iš-ti a-li-ki-im pa-ni-u-tim-/ma u še-bi4-la-/ma GANA-lam: a-šu-m/Au le-ti-iq : a-na-kam KB li-lš-qu-lu tup-pu-šu : a-na ša ki-ma šu-a-ti ta-di-in a-na Ku-zi-zi-a qi-r bi₄₁-/ma I.e. a-bi₄ a-ta : H-im 2 ra-qa-tim 132 Letters- Kuziziya,"To Kuziziya and Pilah-IStar from Ennam- Assur: Salim-wardi and Sep-IStar brought 2 thin textiles and 33 shekels of lapis lazuli to Ku- ZlZlya. Su-Belum and Aluwa bring 3 good water- proof textiles and 1 garment under my seal to Kuziziya. But why is it that although I wrote you to about Pilah-IStar, my servants have stayed until today? Pay heed to my instructions and let him give you the silver, send the silver under your seals with the very first transport and with my servants, and let it pass overland in his name. They can pay the silver here; I shall (then) give his tablet to his representatives. To Kuziziya: My dear father, the proceeds from the 2 thin textiles ...",AKT 6b.pdf
362. kt 94/k 974,"urn-rna Ku-zi-zi-a-ma a-na En-urn-A-šur qi-bi-ma : 2 TUG ra-qd-tim u hu-ša-ra-am Šri-ep-Htar u Ša-lim-IR-dt ub-lu-nim : TUG ra-qd-ti-ka -šur-e-mu-qi i-na Ma-ri-it-hi-im i-di-Ši-na-ma Ši-im-H-na : u-ld ub-lam : i-na a-ld-ki-šu : H-im-H-na u-še-ba-ld-kum KB a-na qd-ti-a ld ma-qi-it-ma me-eh-ra-tim : ld u-še-bi-/ld-kum hu-ša-ar-ka ku-nu-ki-a: u 4 1/3 GIN KU.GI ku-nu-ki-a-ma H-im : ra-qa-tim ša P(_r la₁-ah-Htar Ši-ep-r ŠŠtar 1 u Ša-lim-IIR -dì na-aš- ,.[, u-m- 'k] urn a-[x x x] na-ru-uq [x x x]-ru-tum e. x [x x x]-tam a-ma-kam a-na a-wi-i/₅-/tim [di-i]n KB-cip-šu i-na a-ld-ak u-še-ba-lci-r kum 1","From Kuziziya to Ennam-Assur: Sep-IStar and Salim-wardi brought me 2 thin textiles and some lapis lazuli. Assur-emuqi sold your thin textiles in Ma- rithum, but he has not brought the pro- ceeds from their sale. When he comes I shall send you the pro- ceeds from them. No silver has fallen into my hands, so I did not send you a corresponding amount. Your lapis lazuli is under my seal and Sep- !Star and Salim-wardi bring you 4 1/3 she- kels of gold, also under my seal, the pro- ceeds from the thin textiles belonging to Pilah-IStar. ... a sack give that to the lady there. I shall send you the silver for it when the servant comes.",AKT 6b.pdf
363. kt 94/k 856A-:-,KISIB Ku-zi-zi-[ a] a-na En-um-rA-šur₁ DUMU Šal-rna-A-šur [u] Šu-Be-lim,"Seal of Kuziziya; to Ennam-Assur son of Salim-Assur, and Su-Belum.",AKT 6b.pdf
364. kt 94/k 856B,"um-ma Ku-zi-zi-a-ma a-na En-nam-A -šur < u > Šu-Be-lim qí-bi₄-ma a-na En-nam-A -šur qì-bi4""ma šu-ma a-hi a-ta u₁ r me-er-Z a-ta a-na-ku a-na-kam r ki₁-ma ša a-na a-bi4-ka u₁ r a-nu-hu ku-wa-tì [lu] r an-ha-ku 1 r x 1 za kuJ x 1- a-im r x x (x)l-a-tim iš-tu Ma-ri-it-hi-im u-bu-lu-ni-ma u 10 GU u KB 10 GU URUDU SIG₅ u-še-ba-la-ku < -um > Šu-Be-lum a-ma-kam ld wa-ša-ab tu-ur-da-šu u šu-ma a-hi a-ta a-ma-kam a-na a-wi-il₅-tim [x] rx-da-am₁ H-ma [ ... ] r u₁-ul ša-la-aš I.e. r na-ru-uq ŠE-im 1","From Kuziziya to Ennam-Assur and Su- Belum; (specifically) to Ennam-Assur: My dear brother and son, I personally take responsibility here. Just as I toil for your father I also exert myself for you. they will bring ... from Marithum, and then I shall send you 10 talents of silver and 10 talents of good copper. Su-Belum should not stay there, send him. Also, if you are truly my brother, ... to the lady there. or 3 sacks of grain.",AKT 6b.pdf
365. kt 94/k 856c,ma-la u-ta-tam a-na a.í wi-il₅₁-tim li-li-kam-ma iš-d H-im ra-qa-d-[i]m ]-/u[m],"Send me word about how much grain you will give to the Lady, so I can send it to you with the proceeds from the thin les.",AKT 6b.pdf
366. kt 94/k 1323,um-ma a-na En-um-A -šur qi-bi-ma 4 TUG .HI. ša -ki-di-e : Šu-Be-íum u -lu-a ub-lu-nim a-šu-mt :A -lu-wa ša a-na ta-hi-tim: a-na Pu-ru-luš-ha-dim 136 Letters - Kuziziya ša-ap-ru (erašure) šì-hi-tum : i-na Pu-ru-uŠ-ha-dim haJ ra-₁/n[um] lu a-na r.Jta-ma lu a-na Ša-la-tu-ar lu a-n[ ]-/kam a-na Ša-ba-a (erašure) a-šar e-ra-bi-im u-la i-ba-H a-šu-mz ki-a-am -lu-wa a-na u-ta-e-ra-šu [š-la-ma : iš-te Pu- < ru- > uš-ha-dim : x-x-/tim 1 r a-tu- ša- ap - u i-na la ta-da-ni-/im 1 u₁ la-mu-tam ep-šuJ IGI A-lu-wa-ma: a-na aŠ-li-ki-im : a-ni e-pu-H-im a-di-šu-nu ma-la u-ta-tam a-na a-we-el-tim ta-dí-nu [šu-up-ra-am] r 4₁ na-ru-uq [lu] r iP-tí-H-ma tì-ir-tam li-li-kam-ma KB ta-šu KI H-im TUG-tí-ka lu-še-bi4-la-kum,"From Kuziziya to and Aluwa brought me 4 dian textiles. Concerning Aluwa who was sent to rushaddum to gather information - there is unrest in Purushaddum; there is no pos- sibility to enter the road to either Ulama or Salatuar or here to Sabaya. r. For that reason I have returned Aluwa to you. Ulama has ___ with Purushaddum. Your textiles were stored and as they were not sold they were treated badly. I gave them to a fuller for repairs with Aluwa as witness. Write how much grain you have given to the lady. 4 sacks should be in her possesion, so send me word for there is no silver. I shall send it to you with the proceeds from your textiles.",AKT 6b.pdf
367. kt 94/k 1376,"a-na Ku-zi-zi-a Tu-ra-am-DINGIR Ma-ma-hi-ir u Šu-Be-lim :a-na Ma-ma-hi-ir qi-bi-ma um-ma En-um-/ -šur-ma i-nu-m""i r i-₁a-ti eq-lu-um u-ka-iJ li-ni₁-ni 1 ma-na KB li-ti a-na Ha-pi-ah-šu ta-di-ma ram ₁-ti qa-ta-ti-šu ta-li-ip-ta-TUM -ma tup-pa-am ša am-ti-a ta-a[ l{l} --p ]u-ut-ma tu- 'k' a-a l' - a-na-kam ha-[x-]ul-ka ram-tz₁ u štu-a-t]i a-na a-wa-/tim ni-Jì.r ma 1 [um-ma] šu-ut-ma 138 Letters - Kuziziya [x] r nu₁ ki-ma 1 [x]-tum ma a-na-ku₁₁ rKB-₁d.pr -šu 1 [l]e-qe-a [x] r x x i GIN KB li-/ti 1 r iš-qu₁-ul-ni-a-ti-ma KB i-na ku-nu-ki-šu i-ba-Ši a-mi: a-wi-lu a-ni-u-tum r lu 1 Ši-bu-ni šu-up-ra-ma ša ki-ma ku-a-ti tup-pa-am ša am-ti-a I.e. li-di-r nu-nim ₁-ma KB la [x x x] ma-ld ta-aPpu ₁[-ru ... z-za- . r az ?1 [ ]","To Kuziziya, Tiiram-ili, Man-mahir and Su-Belum; specifically to Man-mahir from Ennam- Assur: When the land held me back, you gave 1 mina of litu-silver to Happi-ahsu, and my maid was written as guarantor for it on your behalf, and you wrote the tablet con- cerning my maid and hold it. Here ... we gave my maid and him to a lawsuit and he said: "" take the silver for it."" litu-šilver ... he paid 2 shekels of to us and the silver remains under his seal. Now, these men should be our witnesses. Write that they should give the tablet of the maid to your representatives, and the silver what you write ... will stand .",AKT 6b.pdf
368. kt 94/k 952,"a-na Ku.r zi-zi-a ŠŠtar-ld-ma-šz₁ r Na-ab-Šu-in 1 .rna-a-na 1 -mur-ŠŠtar Sa-r lim-ar-di u 1 Ma-nu-ki-rz-li-a qi-bi₁-ma um-ma En-um-rA-šur-ma 11/2₁ ma-na 5 GIN KB ku-nu-ki r ša Ku-ku-wa 1 u r ku-nu-ki-a 7 ANSE_HP u u-nu-šu-nu mi-ma r a-nim i-a-um Ma-nu-ki-i-li-a na-aš-a_r ku-nu-d KB a-nim 1 šaMa-nu-r{ki}-DINGIR-a .- na-aš-a-ku-nu ₁[-ti-ni] a-na 3 r ma-na KB u 1 ša Ku-ku-wa r a-na Ma-nu-ki-A -šur 1 D UMU MAN -ŠŠtar r ha-bu-lu-ni-ma 1 20 GU sfG_HI.A ra-na ša-par-tim 1 u-k?l-lu-ni r a-na ša ki-ma i-a-tz'l qí-bi-ma a_r ma-kam ma-la KB 1 Htar-la-ma-ši u Ma-nu-r ki-1-li-a 1 i-ha-šu-hu-ni KB lu i-na ša ba-ab-d-a ta-am-hu-ra-ni lu KB ša a-na -na-na ku-nu-ki-a u-še-bi4-[la-ni] a-na KB ki-ma a-wa-at ka-ri-im dí-na-šu-nu-d-ma SA.BA 1 ma-na KB 'h tz -? -z -a-šu-nu-tz-ma y / tup-pa-am , ša v hu-bu-Jí ul₁ ŠŠtar-la-ma-šì u Ma-nu-ki-1-li-a DVMV-i-ša: i-qa-qa-ad šal-mi-šu-nu hi-ir-ma-ma a-na am-ti-a tup-pa-am di-na-ma a-di a-ša-ka-ni iŠ-d-ša li-ib-ši u a-tu-nu i-na ša-ha-at ŠŠtar-la-ma-šì u Ma-nu-ki-i-li-a i-zi-za-ma KB a-na Ma-nu-ki-A -šur u-la a-ša ki-ma Ma-nu-ki-A-šur šu-uq-la-ma 20 GU SfG.HI.A u ši-ka-LVGAL ša a-ša-pa-ar-tim Ma-nu-ki-A -šur u-ka-lu ki-ma KB ta-ša-qa-la-ni a-šar SIG.HI.A ka-an-ku ku-nu-ki Ma-nu-ki-DINGIR-a lu-di-ma 140 Letters- Kuziziya u tup-rpa-am 1 ša 3 ma-na KB u tup-pa-am šu-a-ti u si-/kt-[LUGAL] a-na ŠŠtar-la-ma-ší pi-iq-da u i-ša-qa-al KB ki-ma ša-ap-tum i-a-tu-ni Hbe šu-uk-na u šiG.HI.A .-a-na Ša-lim-ar-di u Ma-n[u-k]i-DINGIR-a ša-ni-qa ma-la SfG.HLA i-za-ku-a-ni H-be šu-uk-na-šu-nu-ti I.e. ki-ma SfG.HLA u 7 ANSE.HLA ša En-um-A -šur-ni u SfG.HI.A ka-ni-ka ku-nu-ki-ku-nu iŠ- ti lu-qu-ti-a-ma pz-iq-da-ma li-ir-di-u-nim a-ma-la a-na-kam Ša-lim-ar-di na-hu-du le-pu-uš-šu-nu-ti","To Kuziziya, IStar-lamassi, Nab-Suen, An- na-anna, Amur-IStar, Salim-wardi and Mannum-ki-iliya from Ennam-Assur: 1 \.-2 mina 5 shekels of silver sealed by Ku- kuwa and by me, 7 donkeys and their harness - all this belonging to me, Man- num-ki-iliya brings to you_ In addition to this silver that Mannum-ki- iliya brings to you, for the 3 minas of sil- ver and its interest that Kukuwa owes to Mannum-ki-Assur son of Puzur-IStar, and for which he holds 20 talents of wool as security - say to my representatives: Whatever silver IStar-lamassi and Man- num-ki-iliya ask for there, lend them silver against interest according to the rate of the colony - from what silver you have recei- ved from my outstanding claims, or silver I sent to Anna-anna under my seal, and transfer 1 mina of refined silver thereof to them, write a debt-note for IStar-lamassi and Mannum-ki-iliya, her son, certify it with joint liability, and give the tablet to my maid so it may remain in her posses- sion until I come. Also, you must personally assist IStar- lamassi and Mannum-ki-iliya and pay the silver to Mannum-ki-Assur or to Man- num-ki-Assur's representatives, and as to the 20 talents of wool and the šikkan-šarru- stone that Mannum-ki-Assur holds as se- curity, when you pay the silver let him identify Mannum-ki-iliya's seal in case the wool is sealed, and then take out the tablet of the 3 minas of silver and its interest, entrust this tablet and the šikkan-šarru- stone to IStar-lamassi. Also, when the silver iš paid, set witnesses to prove that the wool iš mine. Also, check the wool for Salim-wardi and Mannum-ki-iliya, and set witnesses for them about how much wool you clear, namely that the wool and 7 donkeys be- long to Ennam-Assur; then seal the wool and entrust it under your seals together with my other goods so they may conduct it here. May Salim- wardi act for them as he was instructed here.",AKT 6b.pdf
369. kt 94/k 1266,"Ku-zi-zi-a IŠtar-la-ma-/šì -na-na na-anna, -mur-ŠŠtar Ša-lim-ar-dì Mannum-ki-iliya Ma-nu-ki-IDINGIR-a um-ma En-um-A-šur-/ma ma-na GIN 1/2 5 KB 5 u ša Ku-ku-wa kuwa","Kuziziya, IStar-lamassi, Nab-Suen, An- Amur-IStar, Salim-wardi (and) from Ennam-Assur: 1h mina 5 shekels of silver sealed by Ku- and by me plus 7 black donkeys",AKT 6b.pdf
370. kt 94/k 742,ŠŠtar-la-ma-ší u Ma-nu-ki-DINGIR i-zi-za-ma rKB₁ a-na Ma-nu-ki-A-šur u-La a-na ša ki-ma Ma-nu-ki-A -šur šu-uq-La-ma GU sfG.HI.A 20 u ší-ka-an-LUGAL ša a-na ša-pa-ar-tim Ma-nu-ki-A -šur u-ka-lu ki-ma KB ta-ša-qa-la-ni a-šar ša-par-tum ka-an-ku ku-nu-ki Ma-nu-ki-i-lí-a r lu ₁-dí-ma u tup-pa-am ša 3 ma-na KB u tup-pa-am šu-a-tí u ší-ka-LUGAL ku-un-ka-ma a-na Htalla-ma-šì pí-iq-da u i-r ša 1- < qa- > al KB ki-ma ša-ap-r tum i-a-tu-ni l Ši-be šu-uk-na u ša-ap-tam a-na Ša-lim-w[a-a]r-dì u Ma-nu-ki-i-lt-a ša-ni-qa-ma rna- l '.'['Jr-l ša-ap- tam z -za- k u-a-nz - Ší-be-e šu-uk-na-šu-nu-tí u₁ ki-ma ša-ap-tum r 7 ANSE.HI.A ša En-urn-A-šur Ša ša-ap-ltam ka-ni-ka-ma ku-nu-ki-ku-nu e. zš-tt 'v u-qu-tz-a-ma pz-zq- --rna li-ir-dì-u-nim a-ma-ld I.e. [a-n]a-kam Ša-lim-ar-dì nu-r na ₁-hi-du-ni le-pu-uŠ-Šu-nu-tì,"IStar-lamassi and Mannum-ki-iliya and pay the silver to Mannum-ki-Assur or to Man- num-ki-Assur's representatives, and as to the 20 talents of wool and the šikkan-šarru- stone that Mannum-ki-Assur holds as se- curity, when you pay the silver let him identify Mannum-ki-iliya's seal in case the security is sealed, and then take out the tablet of the 3 minas of silver and its inte- rest, and seal this tablet and the šikkan- šarru-štone and entrust it to IStar-lamassi. Also, when the silver is paid set witnesses to prove that the wool is mine. Also, check the wool for Salim-wardi and Mannum-ki-iliya, and set witnesses for them about how much wool is cleared, stating that the wool and 7 donkeys be- long to Ennam-Assur. Seal the wool and entrust it under your seals together with my other goods so they may conduct it here. Salim-wardi shall do for them what we instructed him to there.",AKT 6b.pdf
371. kt 94/k 824,"um-ma Ku-zi-zi-a-ma a-na Ku-ku-a u En-urn-A -šur 1 1/2 ma-na KB ša Ma-nu-um-ki-/z-lt ub-la-ni KB : ma-šu-uh 5 GIN im-tí-ma 1 tup-pu-um ša 2 2/3 ma-na KB 1 tup-pu-um ša 1/3 ma-na 2 1/2 GIN I KB 144 Letters - ša Ma-nu-um-ki-i-1í Ma-nu-um-ki-A -šur ld-šu-ma ša ki-ma šu-a-tí 113 ma-na 2 112 GIN I KB i/5-qe-u SUNIGIN 3 1/3 ma-na 5 GIN KB i-H-qí-i/₅ sA.BA 2 ma-na LA 5 GIN I KB A-na-na: a-ma-at En-um-A -šur ta-aš-qu-ul sA.BA 516 ma-na KB a-na ma-la : tí-ir-tí-ku-nu tup-pu-um ša ŠŠtar-la-ma-šì u Ma-nu-um- < ki > -'i-lf ni-i/ypu-ut iš-tu ha-mu-uš-tim ša I-na-a DUMU A-mu-ra-a ITU.1.KAM a-/a-na-tim tup-pu-um a-na -na-na a-dì-in 20 bi4-ld-tim SIG.HI.A a-na ma-la tí-ir-tí-ku-nu a-mì-Ša-am na-[ aš-u]-ni-ku-nu- < tì> tup-pu-um u š[zúka-an-LUGAL E'M. k"" v' v,' a-nu- t-A -šur: a-na [lštar]-la-ma-šì ni-di-in a-na En-um-A-šur qí-bi4-ma ha-ra-lni a-na Wa-ah-šu-ša-na a-ta-la-ak : wa-dì: a-hi a-ta me-er-i a-ta : a-na tì-ir-tí-ka ša ta- <aš> -pu-ra-ni um-ma a-ta-ma (erašure) a-na Wa-ah-šu-ša-na a-ša-par-lra-ma URUDU u-šu-ru-ni-kum U4-ma-ma tì-ir-ta-ka li-li-kam-ma URUDU lu-šìru-nim: a-na KB lu-ta-e-ler-ma ma-ah-ri-ka la-[ ašlku-un-ma a-ta-ma _. a-l[i ma-la-ki]-im mz-íiJ ik 1 [X X X X] ha-íi-i[qìJ URUDU d[a- X X X X X b]u u-ka-al lei i-[x x x x x x] a-na-kam tup-pu-[um x x x x r]i-im e. r ša-hi-ir-₁[ X X X tup-pa-am] u-ka-a[ l] ša UR UD U i-ša-qu-lu-ni-ni i-hi-id-ma ti-ir-ta-ka li-li-kam u En-um-A-šur ši-ri-a-am pi-ri-ka-ni a-na nu-a-im .- i-di-in-ma šu-ma i-ti-ki-ir","From Kuziziya to Kukuwa and Ennam- Assur: Concerning 1 1;2 mina of silver that Man- num-ki-ili brought- the silver was of infe- rior quality. We melted it down and 5 shekels were lost, and the tablet about 2 2/3 minas of silver and a tablet about 1/3 Kuziziya mina 2 lh shekels of silver belonging to Mannum-ki-ili - Mannum-ki-Assur was 10 absent so his representatives took as inte- rest 113 mina 2 lh shekels of silver; in all3 1/3 minas 5 shekels of silver was paid. Thereof Anna-anna, Ennam-Assur's maid, 15 paid 2 minas less 5 shekels of silver. Of that we wrote a debt-note for IStar- lamassi and Mannum-ki-ili for 516 mina of refined silver in accordance with your 20 e. instructions - from the week of Innaya son of Amuraya, month Allanatum. rev. I gave the tablet to Anna-anna. 25 We brought out 20 talents of wool from Mannum-ki-Assur's house, and following your instructions they bring it you the- to re. We brought out a tablet and some šikkan- šarru-štone from Mannum-ki-Assur's 30 house and gave it to IStar-lamassi. To Ennam-Assur: I have left on a journey to W ahsusana. Know, my dear brother and son, as the to message you sent me, saymg: ""I shall write to W ahsusana that they shall release the copper to you."" Send word even today, so they release the copper to me and I can convert it to silver, and place it before you so you yourself may decide what is to be done. is lost ... copper ... ... here the tablet ... ___ I hold a tablet stating that they must pay the copper to me. Take care to send word to me. Also, conduct Ennam-Assur to me. He gave the pirikannuš to the Anatolian, and if he denies ...",AKT 6b.pdf
372. kt 94/k 1145A'',"[KISIB Ku-k ]u-a-ma [KISIB] Šu-ŠŠtar a-na En-um-A-šur Two seals; one Old Assyrian style without inscription, 146 Letters - Kuziziya inscription: ša Ku-ku-wa. first seal belonged archive; CS 228 Teissier 156.",Seal of Kukuwa and seal of Su-IStar; to Ennam-Assur. and one in indeterminate style with to Su-IStar and is attested on other tablets in,AKT 6b.pdf
373. kt 94/k 1145B,"um-ma Ku-ku-a u [Šu-ŠŠtar-ma] a-na En-um-A -[šur qi-bi-ma] a-na ma-la ti-ir-[ti-ka] vk- k ,. r''""l ša z-ma : u-a-tz : z-na qa- -tr 1 ma-na KB a-mu-ra-am 5/6 ma-na KB a-na ŠŠtar-La-ma-šì u Ma-nu-ki-/e-li-a a-na : i-di-in a-na-kam 2 ma-na 4 GIN KB Ku-ku-a : iŠ-qu-ul-ma : ku-nu-ki-šu a-na Šu-ŠŠtar: ip-qí-id a-na Ka-ni-iš: ni-La-ak-ma tup-pa-am : ša ku-nu-ki-šu i-ma-ar-ma: KB u a-na ša < ki- > ma DAM.GAR-ri-im i-ša-qu-lu-ma tup-pa-aŠ-nu nu?-ša-ar : KB a-šu-ml-Šu-nu-ma GAN-lam5 i-ti-iq 5/6 ma-na 3 GIN KB a-ha-ma ša tup-pi-Šu ša-al-tim KB iŠ-qu-ul-ma ku-nu-ki-šu a-na Šu-Htar ip-qí-id um-ma šu-ut-ma ša-ap-ra-ti-a : u-qa-ma a-na Ka-ni-iš: a-na ša ki-ma : ku-a-ti li-li-/kam ša-ap-ra-ti-Šu u tup-p1Au lu-šhu-u 15 GU SIG.HI.A u 7 ANSE.HI.A: i pa-li-lu A-ba-ba Ša-lim-wa-ar < -dì> u ŠC-ep-Htar i-ra-dí-u-ni-kum : a-ma-kam lu-qu-ut-ka Ša-lim-wa-ar-dí l. ' k k "" ,, ' l u- b a- t-ta- um: i/₅-mì-nu-ma: a-dì ur[mì-i]m a-/ni-im iš-hu-ru: a-na E[n-u]m-/A-[Šur] qí-bi-ma: um-ma Su-r Htar₁-ma tí-ir-ta-ka a-na K[a-]ni-iš li-li-kam-ma: ra₁[-dt] URUDU-i a-šar ka-šu-dim lu [ ... ] i-na Ka-ni-iš ld-[šu]","From Kukuwa and Su-IStar to Ennam- Assur: In accordance with your instructions your representative ... gave 1 min a of checked silver and 5/6 mina of refined silver to IStar-lamassi and Mannum-ki-iliya against interest. Here Kukuwa paid 2 minas 4 shekels of silver and entrusted it to Su-IStar under his seal. We shall go to Kanesh and he will see the tablet with his seal, they will pay the silver and its interest to the representatives of the merchant, and we shall release their tablet. The silver will then travel overland in the- 1r name. He further paid 5/6 mina 3 shekels of sil- ver from his valid tablet, and entrusted it under his seal to Su-IStar. He said: ""I am waiting for my surety,"" so let him go to Kanesh to your representatives, so they may release his surety and his tablet. Ababa, Salim-wardi and Sep-Istar lead 15 talents of wool, 7 black donkeys and 7 paliluš to you. Have Salim-wardi credit your goods to you there. The winter has become bad and until today they are delayed. To Ennam-Assur from Su-IStar: Send your instructions to Kanesh and with respect to my copper - where it may be reached ... is not in Kanesh.",AKT 6b.pdf
374. kt 94/k 1447,"um-ma Ku.í zi-zi-a ₁-ma a-na r En-um ₁-A -šur qi-bi-ma a-na ma-la 148 Letters- Kuziziya tí-ir-tí-ka hu-ur-Ší_r ka 1 ša tup-pe.e Pí-la-ah-Htar i-dì.r nam?₁ hu-ur-H-a-nu-um u 1 r ku-nu-ku-ka r ku-nu-ku 1 ša -lu-la-a um-ma Pí-la-ah-Htar-ma tup-pa-am ša r ₁-a-kam-ma ni-il5""qe-ma u a-na hu-ur-Ší-/a-nim ni-iJ.ku-šu-ma hu-ur-Ší-a-nam ša tup-/pí-ka Eb-ri-mu-ša na-aJ.a-kum u a-ma-la tí-ir-tí-ka tup-pí-ka : a-na Pu-ru-uŠ-/ha-dim nu-u5-te-bi-il5 dš-pu-ra-kum um-ma a-na-/ku-ma U-ta-ta[m x]-a-ku-ma X X a-we-el-tim r dí-in 1 u tí-ir-ta-r ka 1 li-li-kam I.e. ta-aš-pu-ra-am um-ma a-ta-ma a-da-[ an] a-hi a-ta dí-[in]","From Kuziziya to Ennam-Assur: In accordance with your message Pilah- IStar gave me (accesss to) your store-room with the tablets - the container and your seal, sealed by Alulaya. Pilah-IStar said: ""We have taken the tablet of his harnessor somewhere, and then we placed it in the container and Alulaya sealed it."" Ewarimusa brings you the container with the tablet; also, as you instructed, we have sent your tablets to Purushaddum. I wrote to you and said: ""Give the grain ... to(?) the lady. So, send word. You wrote, saying: ""I shall give it."" My dear brother, give it!",AKT 6b.pdf
375. kt 94/k 589B,a-na E-na-ah-DINGIR Šu-A-šur En-urn-A -šur qi-bi-ma um-ma u Ma-ma-hi-ir Šu-ku-tum-ma 2 ma-na 15 GIN KB ša Šu-ku-tum a-na DAM.GAR ha-bu-lu ša tup-pì-šu ha-ar-mì-im KB ku-nu-ki ša Šu-ki-tim En-urn-A -šur na-aŠ-a-ku-nu-ti tup-pa-am ša hu-bu-li-šu am-ra-rna ma-la u4-mu-šu : e-ti-qu-ni 2 ta-ah-ši-iš-te-en₆ pa-ti-te-en₆ lu-up-ta-ma iš-ti-it E-na-ah-DINGIR lu-ka-i/5 iš-ti-it Šu-A -šur lu-ka-i/5 i-nu-mì Šu-ku-tum iŠ-ti tam-ka-ri-im i-na-mu-ru-u šu-ma li-bu-šu DAM.GAR ma-la u4-mu-šu e-ti-qu-ni šu-ki-tim li-ilrqe šu-ma la i-la-qe gi-mz-li a-na Šu-ki-tim li-di-ma li-ig-mì-i/5./Šu KB ša ki-ma DAM.GAR li-i/5-qi-u-ma tup-pa-am ša hu-bu-ul Šu-ki-tim u Šu-A -šur En-urn-A -šur li- < il5 > -qe-u 154 Letters - Man-mahir,"To Enah-ili, Su-Assur and Ennam-Assur from Man-mahir and Sukkutum: As to the 2 minas 15 shekels of silver that Sukkutum owes to the merchant, according to his certified tablet - Ennam- Assur brings you the silver sealed by Sukkutum. Look at his debt-note and write two open memoranda about how much his terms are in arrears, and Enah- ili should keep one while Su-Assur should keep the other. When Sukkutum meets with the mer- chant, the merchant may, if he wishes to do so, charge interest from Sukkutum in accordance with how much his terms are overdue. If he does not charge interest he will do Sukkutum a real favour. The representatives of the merchant should receive the silver, and Su-Assur and Ennam-Assur must take Sukkutum's debt-note.",AKT 6b.pdf
377. kt 94/k 601B':-,um-ma Ma-ma-hi-ir-ma a-na r En-nam ₁-A -šur qí.bi₄-ma 1 GU ma-na URUDU ma-ší-am 20 [SIG₅] A-ni-na DUMU rub ₁-lam tup-pu-šu a-na a-bi4-ka u [e-]zi-ib a-na-ku 1 ma-na 10 GIN KB ha-bu-ld-ak-/šu-um 1 ma-na 10 GIN KB ku-nu-ki-a Še-lu-um-ar-di na-{d}Š.a-kum a-ma-kam A-ni-na URUDU u liJ iŠ.qu-ld-kum ₁-ma [x x x] KB u ršu?-qU-ul-ma URUDU₁₁ [x] ma-na /[x] GIN rKB₁ [x] ŠIG₅-pi-I[A-šur] um-ma rA-mur-ŠŠtar₁-ma 1 TUG [x] rma-na TA ku x₁ ka X rni-di-ina-ma-kam₁ URUDU ršiG₅-pi-A-šur₁ li-iš-qu-ld-/kum ri-na {d}UTU-si₁ tup-pl r ta-ša-me-u₁ ti-ib-a-ma a-tal-kam u lu ni-iz-ku ša r11₁ GU URUDU SIGs tup-pu-šu ha-ar-ma-/am ša -šur a-na a-bi4-ka [x x x x] ti ka ta ni ... ] [,"From Man-mahir to Ennam-Assur: Annina son of Assur-bel-awatim brought 1 talent 20 minas of washed fine copper. He left his tablet for your father. Also, I personally owe him 1 mina 10 she- kels of silver. Salim-wardi brings you the 1 mina 10 shekels of silver under my seal. Have Annina pay you the copper and its accrued interest there, and pay the ... silver and its accrued interest, and ... the copper ... x minas x shekels of silver Damiq-pi-Assur __ _ Amur-IStar said: ""We sold 1 textile worth x min a ... "" Let Damiq-pi-Assur pay you the copper there. The very day you hear my letter you should set out and come and then let us settle ac- counts. For 11 talents of good copper ... the certi- fied tablet that ... to your fa- ther __ _",AKT 6b.pdf
378. kt 94/k 1384,um-ma Ma-ma-hi-ir-ma a-na En-urn-A -šur u Lu-lu qi-bi-ma [a]-na Lu-lu qi-bi-ma [x] ma-na KB [s1a Ku-ul-ma-ku-ul-ma a-na šhi-a₁ u-še-bir/la-r kašiq_ni 156 Letters - Man-mahir KBa-na En-um-A -šur šu-qul-ma u tup-pa-am ša ku-nu-ki-šu li-/dì-na-kum a-ša ki-ma a-na Ku-ul-ma-ku-/ul-ma KB ku-nu-k(ic-šu-ma iš-tí En-um-A-šur li-ib-H a-na a-na En-um-A -šur qì-bi-ma 2 ANSE u ' u-nu-šu-nu ' ' Lu-lu li-dì-na-kum u 1 ANSE Ar-H-ah li-dì-na-kum En-na-ŠU-in ša-al-ma šu-ma KB [(x)] qa-tí il5-qe I.e. e-ri-šu-ma: ma-li-a-/šu-nu šu-ma ld-šu ANSE.HLA a-na 1/2 ma-na TA,"From Man-mahir to Ennam-Assur and Lu- lu; specifically to Lulu: x minas of silver that I sent to you with Kulma-kulma, pay that silver to Ennam- Assur. Then let him give you a tablet with his seal to the effect that I shall not raise claim against Kulma-kulma. Seal the silver and let it remain with En- nam-Assur. There is a complaint against the City. To Ennam-Assur: Have Lulu give you 2 black donkeys and their harness; also, have Arsi-ah give you 1 donkey. Ask Enna-Suen and if he has received silver for expenses demand it from him and load them (the donkeys). If he is not there (sell) the donkeys for 1;2 mina each.",AKT 6b.pdf
379. kt 94/k 920,"a-na En-na-nim Ku-ku-u-a Ma-ma-hi-ir u Ha-dì-tim qí-bi-ma um-ma En-nam-A-šur-ma a-na Ha-di-tim qi-bi-ma i-na pa-ni-tim-ma iš-ti Ma-ma-hi-ir ti-ir-ti i-[li-ka]-l{ki}-[im] um-ma a-na-ku-ma u-ta-t[am] ša a-na a-wi-ld-tim ša KB 2 ma-na a-na u₄-[me] ,., k ,,• u-še-ru-ma u-a-tz u Ša-x[ ... ] KB ši-im u-ta-tim[ ... ] ' . ' [ ] ta-u- ... ra₁-na-ku ra₁-n[a ... ] a- d' ma- [l' u ' št-m-šu ., . t v ] KB [ ... ] a-na Ld-[qe-ep ... ] di-ni u x [ ... ] a-ha-ma li-bi-ši a-dì ha-ra-ni i-na a-ld-ki-[a] li-bi mi-ma ld tu-ša-n[i] u u-ta-tam ša rru₁-um-[li-a-im] uša DUMU UŠ-h[a-ta (x) m]a-ld i-ša-nim ni-[. .. ] 158 Letters- Man-mahir l z. 'b'""fl[] z-šz ... a-na Ku-ku-[a qì-bi-ma] um-ma E[ n-um-A -šur-ma] H-im e-[. .. ] tup-pa-ka [ ... ] U4-me-e aŠ-( ... ) um-ma Šu-Be-[lum-ma u4-mu-ka] ma-al-u KB r ša X X 1 1/2 ma-na KB Ši-im TUG.HI.A iš-tí Wa-al-dí-lim I.e. KB ša-dŠ-qí.ld-šu 25 na-ru-uq GIG Ka-ar-H-ni er-ša-ma i-be-et En-na-nim li-bi4-H","To Ennanum, Kukuwa, Man-mahir and Haditum from Ennam-Assur; specifically to Haditum: Earlier I sent word to you with Man- mahir, saying: ""The grain that I released on terms to the ladies for 2 minas of silver ... and which ... for you and Sa ... , the silver, the price of the grain ... to me."" I ... both once and twice ... the silver ... give to La-qepum . .. and ... let it remain apart until the journey. Do not alienate me when I arrive. Also, the grain from the man from Tumliya and from Ushata's son in the second ... it should remain ... To Kukuwa from Ennam-Assur: The price of .. . your tablet .. . terms ... e. Su-Belum said: ""Your term is up. Have him pay the silver."" 1h mina of silver, the proceeds from the sale of my textiles is in Waldi-ilum's pos- session, so seize him and make him pay. Demand 25 sacks of wheat from Karsini, and let them be kept in Ennanum's house.",AKT 6b.pdf
381. kt 94/k 657,a-na Ha-nu-nu En-nam-A-šur qi-bi-/ma um-ma Ma-ma-hi-ir-ma a-ma-kam a-na qa-ra-bi-tim er-ba-ma tup-pa-am ša be-u-la-at Da-ra-aš En-um-A -šur na-Ši i-na li-bi Letters- Man-mahir tup-pi-a šu-uk-na [_ u ta-ah-ši-iš-tam ša a-na En-um-A-šur u-ša-qi-lu am-ra-/ma i-na na-aš-pler-ti-ku-nu u-di-a-nim u ta-ah-ši-iš-tam En-nam-A -šur lu-ka-i/5-Ši,"To Hanunu and Ennam-Assur from Man- mahir: Enter the interior of the house there, and place the tablet (that) Ennam-Assur carries concerning the working-capital of Daras among my other tablets. 161 Also, look at the memorandum stating that he paid for Ennam-Assur's various expenses, and make it known me in to your m1ss1ve. Also, Ennam-Assur should keep the me- morandum.",AKT 6b.pdf
382. kt 94/k 980,um-ma Ku-da-tum u Ma-ma-hi-ir-ma a-na E-nam-A -šur qi-bi₄-ma 1 ma-na KB ša Da-ra-Ši u l-li-di-na₁ H-im e-ma-ri ku-nu-ki-šu-nu Ma-nu-um-ki-A -šur DUMU -hu-wa-qar na-aš-a-kum e. 162 Letters - Man-mahir a-ma-kam KB li-iš-qu-ld-ku-ma u tup-pa-aš-nu dì-in,"From Kudatum and Man-mahir to Ennam- Assur: Mannum-ki-Assur son of Ahu-waqar brings you 1 mina of silver from Darasi and Ili- iddina, the price of donkeys, under their seals. Have them pay the silver there to you and then give them their tablet.",AKT 6b.pdf
383. kt 94/k 1004,"a-na I-di-a-bi-im I-tur,.DINGIR En-na-nim -la-hi-im qi-bi-ma um-ma En-nam-A -šur-ma a-šu-mzlu-qU-tim ša a-bi-/ni a-na ša-ld-hi-ša ta-aš-pu-ra-ni-ni a-na-kam A-da-da iš-tiA-šur-DUG DUMU A-zu-za-a i-Ša-la-ah-šu-wa i-mz-ig-ru-ma a-na Ku-ša-ra -da-da a-na a-wi-lim ta-mu-im r e ₁-ti-ti-iq ma-mz-tam iš-ti a-wi-lim i-ld-qe-r rna 1 u lu-qu-tam ša DUMU A-zu-za-a-ma ha-ra-an šu-qa-ni-ma i-ša-ld-ah a-ba-u-a be-lu-a : a-tu-nu šu-ma a-ma-kam a-wa-at ka-ri-im u e-kal-lim da-na-rna lu-qu-tum a-mi-ša-am la nu-šha-ba-H KB 1 ma-na ti-ri i-na KB-ap a-bi-ni le-qla-ma iŠ-ti ba-ti-qi-im u-ta iš-ti še-bi4-la-nim-ma lu-qu-ut a-bi-ni a-šar šu-ul-mz-im I.e. li-H-li-ih be-lu-a a-tu-nu ih-da-ma tu-ur-da 166 Letters - Itur-ili","To Iddin-abum, Itur-ili, Ennanum and Ali-ahum from Ennam-Assur: You have written me about dispatching our father's goods. Here Adada agreed with son of Azuzaya in Salahsuwa, and Adada has travelled to Kussara to have the man swear an oath. He will get an oath from the man and then he will dispatch the goods of Azu- zaya's son on the Narrow Track. My dear fathers, if the orders of the co- lony and the palace are strict there, then we shall not let the goods enter for that destination. Get every mina of tiri-šilver from our father's silver and send it here with an express caravan or with my servant, so our father's goods may be dispatched safely. My dear lords, take care to send my ser- vant.",AKT 6b.pdf
384. kt 94/k 786,a-na I-dì-a-bi-im I-[tur4-DINGIR] Ku-ku-wa -dì-da -lei-[ hi-im J qí-bi-ma um-ma En-um-A -šitr-m[ a] a-šu-mzlu-qu-tim ša a-bi-ni a-šar ša-la-mi-Ša ša ki-ma a-bi-ni it a-dí ma-la u 5í-ni-šu aš-pu-ra-ku-nu-tì i-na tí-ir-tí-/ku-nu ha-ra-an šu-qì-ni-ma a-šhu-ub lu-qu-tim ta-aš-ta-na-pa-ra-nim um-ma a-tit-nu-ma a-šar ša-lei-am lu-qu-tim ša a-bi-ka mi-li-ik u a-na-kam a-wa-at e-kal-li ša ša-la-ša-at šu-nu-ti da-na-ma a-šar iš-te-en₆ a-wa-šu-nu ša-ak-na-at r D UMU -zu-za-a tu ₁-ma a-di u₄-mi-im a-nim ka-li-i a-di KB ša a-di Ši-ni-šu aš-pu-ra-ku-nu-ti-ni-ma [šu-ut] u-la e-zi-ba-ni [a-ba-u-a] be-lu-a : a-t[ u-nu] a-ma-la lu-q[u-tim ša a-bi-ni] Ša-lcl-ml-Ša ša i-X X 1-[ r ... ] i-na KB-ap a-bi-a iš-ti ba-lti-qi-[ im] še-bi-la-nim-ma lu-qu-tam lcl-aš-lu-uh ih-da-ma La a-ša-hu-lur u a-ta mi-nam ša a-ma-kam ta-ta x i ha ri u,"To Iddin-abum, Itur-ili, Kukuwa, Adida and Ali-ahum from Ennam-Assur: Once or twice I have written to our father's representatives and to you about how to deal with our father's goods in a safe manner. In your instructions you keep writing to me about bringing the goods on the N ar- row Track. You wrote: ""Decide about the safety of your father's goods!"" However, here the orders of the palaces, three of them, are strict, and they have made common cause. So, they have seized Azuzaya's son on the narrow track and he is detained until this day. As to the silver that I wrote you about twice, and which he has not left for me, my dear fathers, every mina of tiri-silver as saving our father's goods Send me some of my father's silver with an express caravan so I can dispatch the goods. Take care so I am not delayed and indeed, why is that there you have ...",AKT 6b.pdf
385. kt 94/k 694,um-ma I-tur4-DINGIR-ma a-na En-um-A -šur qi-bi-ma 5 rGU₁ [UR]UDU ma-aš-a-am [X] X 1-bi4 ša-ni-a-r am r 1 [i-]na ha-ra-ni-a [š1a-a-ma a-ma-kam ríi-ni-dì₁ r t-na - 1 [ ... ] r e-ma-1[. .. ] r u-ští-ra-a-ma?₁ [i-t ]a-pu-lu-ni-šu,"From Itur-ili to Ennam-Assur: Buy 5 talents of washed copper another ... on my journey, and let it be deposited there. I shall release, and they will balance it with him.",AKT 6b.pdf
386. kt 94/k 1374,"um-ma l-tur4-DINGIR-ma a-na En-um-A -šur qi-bi4-/ma a-na u-uh-šu-ša-na ti-ir-ta-ka li-li-ik-/ma H-im 30 TUG i-a-u-tim li-iš-lu-tu-ma lu-še-bi4-lu-ni-kum Ši-im 1 TUG a-bar-ni-im ša DUMU -luJ x ₁-nim li-iš-lu-tu-ma lu-še-bu₁šic_lu-ni-kum T ""' , u , šz-zm VI' • UG L , ša u₁ li-iš-lu-tu-ma : lu-še-birlu-ni-kum otes: 1. 8: I cannot offer convincing restoration","From ltur-ili to Ennam-Assur: Send word to W ahsusana that they should take control of the proceeds from my 30 textiles and send it to you. They should take control of the proceeds from 1 Abarnian textile belonging to Alu ... num's son and send it to you. Also, they should take control of the pro- ceeds from the textiles belonging to ahum and Ennanum and send it to you. name.",AKT 6b.pdf
387. kt 95/k 394,[a-n]a I-turrDINGIR [ um-m ]a En-urn-A [ a-rna- ]l ' tt-tr-tt- ' . 'k' [ta-]dŠ-bi-it rKB₁₁ [x ma]-na 15 GIN [x x š1a-zu-uz-t[a-ka [ ... š1í-ml break r x₁ die[ ... ] [x] r x₁ i-na e-ld-i-[a] [Šu-]ma ma-ma-an[(. . .)] [x]-ku-ra-am na-[ ... ] r li-ba-ka 1 J [ ••• ra-bi a-l[ta ... ] ša v r x 1 [ ... ] 2 m[a-na ... ] 2 m[a-na ... ] 2 m[a-na ... ] [x]rxx₁ [ .•• ] [x]a-na rx₁ [ .•• ] 170 Letters u₁ [x x] tam a-le-e-r [ ... ] rx x x₁ [ ... ] [ ... ] ša e-ka i-[. .. ],"To from In accordance with your instructions ... your representatives ... the final payment of the silver, x minas 15 shekels ... when I come up. If anyone ... my dear father ... - Itur-ili",AKT 6b.pdf
388. kt 94/k 621,a-na I-tur₄-DINGIR qí.bi-ma um-ma -lu-la-a u tam-ka-ru-um-r ma 1 16 2/3 ma-na ri-ik-/ša-am ku-nu-ki r ša 1 -lu-la-a ša [Ša]-lim-ar-dt u E-wa-ri-mu-ša ub-lu-ni-ku-n[ i-m ]a šu-mi DAM.GAR u-du-u-ma r a- ₁na na-ab-H-im nu-šC-bi-ld-ku-ni DAM. GAR En-um-A-šur a-ma-kam ri-ik-ša-[am] a-na En-um-A.r šur₁ u r dì₁-in-ma te-er-ta-/ka r le ₁-zi-ba-am a-di AN.NA SJ:a] ta-di-nu-/ni-ma 27 ma-na AN.NA i(ti-ka-ma i-ba-H 30 ma-na AN.NA ta-di-na-ma [iŠ]-ti Pi-la-ah-ŠŠtar i-ba-/Ši a-bi a-ta a-šu-mi-ka₁₁ I.e. r ša r ₁-ah-ra-ku-ma li-bi4 la [x x] dí-in H[x x] rzu tadaa₁,"To ltur-ili from Alulaya and the mer- chant: The bundle of 16 2/3 minas, sealed by Alulaya, that Salim-wardi and Ewarimuh brought to you and for which the name of the merchant was made known, and which we sent you for safe-keeping - En- nam-Assur was the merchant. e. Give the bundle to Ennam-Assur there and then let him leave a message from you for me. With respect to the tin you sold, 27 minas of tin are in your possession; You sold 30 minas of tin and that is with Pilah-!Star. My dear father, because of you I am de- layed and my heart ...",AKT 6b.pdf
389. kt 94/k 819,a-na J.dí-a-bi-im I-tur4-DINGIR En-na-ni[m] u I-na-ah-DINGIR qí-b[i-ma] [u]m-ma En-nam-A-šu[r-ma] GU ru₁ 4 AN.NA [ ... ] ša a-bi-ni a-ma-ka[m ... ] e-zi-bu-ma a-r x 1 [ ••• ] a-na Ha-na-a: a-[ ... ] ta-dì-r na ₁-ni-ma [ .. ] iš-tu Pu-ru-u[ š-ha-dim] u-ší-ba-ld-ku-n[ u-tz1 a-na-kam i-nu-mi e-r[i-qa-tim] a-na Pu-ru-uš-ha-di[m] iš-ti Dan-A-šur DUMU Pu[zur4-A-šur] a-bu-ku d-ir-tì a-na Ha-na-a I-dì-Ku-bi-im u Dan-r ₁-[šur ... ] aš-pu-ur-ma 25 ma-[na ... ] U-Ša-ak-ni-ku-ŠT.u-nu ... ] iš-ti I-di-Da-gan [ ... ] u ša ki-[ma ... ] 172 Letters - Itiir-ili u ti-ir-ti ša k[i-ma ... ] um.r rna šu-nu ₁-ma [ ... ] iš-t[ì wa-]ar-k[i-u-tim ... ] [nu ]-še-ba-al-[šu-um be-lu-a] a-tu-nu KB li-iŠ-[ ... ] šu-ma ta-da-ga-la-ma ha-ra-num a-n[ U-š1a pa-ti-at-ma [a-pu]-tum KB ší-bi-la a-ma-kam a-tu-nu mi-il5-ka -lu-wa tu-ur-da la i-ša-hu-ur,"To Iddin-abum, ltur-ili, Ennanum and Inah-ili from Ennam-Assur: 4 talents of tin and ... belonging to our father they left there and ... to Hanaya ... you gave to me and ... I shall send it to you from Purushaddum. Here, when I shipped the wagons to Pu- rushaddum with Dan-Assur son of Puzur- Assur, I sent my instructions to Hanaya, Iddin-Kubum and Dan-Assur, and they made them seal 25 minas of ... ... with Iddin-Dagan ... and to the representatives of ... also, the instructions of the representatives ... They said: ""We shall send it to him with the next transport."" My dear lords, let the silver ... If you observe that the road to Ussa is open, then please send silver. I You yourselves make up your minds the- re! Send Aluwa. he should not delay.",AKT 6b.pdf
390. kt 94/k 604::-,a-na N-la-ah-Htar DUMU -šur-ŠIP u KISIB En-um-A -šur DUMU Ša-lim-A-šur,To Pilah-IStar son of Assur-re'i and our own Amur-Istar; seal of Ennam-Assur son of Salim-Assur,AKT 6b.pdf
391. kt 94/k 637::-,a-na N-ld-ah-ŠŠtar u -mur-ŠŠtar a-na Pí-la-ah-ŠŠtar qi-bi-ma um-ma En-um-A-šur-ma 1 TlJG ra-qa-tcim SIGs ša a-na Ši-mi-im a-di-na-ku-/ni a-hi : a-ta : a-na ma-la a-we-lu-ti-ka ra-qci-tcim di-in-ma KB ku-nu-uk-ma : KI A-mur-ŠŠtar šìbi-lam : u šu-ma ra-qa-tum la ta-ad-na-at-ma a-di-ni : i-ba-Ši ki-ma 176 Letters - Pilah-Istar a-5í-mi-ša : u-bu-lu KB i-ra-ma-ti-ka r i-dz₁ -ma ku-nu-uk-ma A-mur-Htar lu-ub-r lam 1 u lu gi₅-mi-lum _- i-a-ti ha-ra-ni a-na A-liml{ki} u a-na-ku a-we-eš gi₅-mi-lim A-mur-Htar šu-a-ti: u-qd-a-šu,"To Pilah-IStar and Amur-IStar; specifically to Pilah-IStar from Ennam- Assur: As to the one thin textile of good quality that I gave you to sell, my dear brother, sell the thin one acting as a true gentle- man, seal the silver and send it with Amur-IStar. But if the thin textile has not been sold and is still there, put down silver yourself as much as it will fetch when sold, seal it and let Amur-IStar bring it. So let it be a favour to me - I am going to the City; I too am a man of favours. Amur-IStar should not delay, send him. It is him I am waiting for.",AKT 6b.pdf
392. kt 94/k 626*,um-ma Pi-La-ah-Htar-ma a-na u En-urn-A -šur a-na En-urn-A -šur qi-bi-ma dŠ-ta-na-/me-ma a-na -li-im ha-ra-ka a-di tup-pi-im ša šu-mi DAM. GAR ld-ap-tu-ni-ma iš-ti-ka i-ba-Ši-/u rup-pd-am šu-a-ti a-šar a-na ša [Ša]-zu-uz-ti-ka thi-bu-šu ša-hi-/iz-ma [it šu]-mi ša-zu-uz-ti-ka i-/na [li-bi t]ì-ir-tí-ka lu-up-ta-ma šu-ma l '] šu-wa-tt-mz-tn KB [ v v ' ' . [x x]-la-kum a-ta u-la [ta-ašúta-na-me ki-ma i-na [Ša- l' a-]tu-ar ' šz- 'k' a-tu-m-ma ' . v [ u i-na] qha-ab a-li-ma [i-na pu-il]h?-ri-šu-nu šì-hi-tu-/ni-ma [ x x x (x) ih pta-na-ta a-na 1 hi-tim [x x x x x x (x)] i-[tu]-ru-ma [x x x (x) a-n]a-kam m[u-hu]-ur-šu-nu-ma [ ... ] tí-ni [ ... ]-na [u-]la[xxx] rhi₁ [x] rta₁ nam u-ŠJ. [X X x]-mz a-na-ku u a-ta [x x x] i-na tup-pi-i[m ša š1u-mz DAM. GAR la-ap-t[ii 1] ITLKAM iŠ-tí-in u-la H-na wa-ar-hu e e-d-qu-ma -tum> [ ... ] i [x] ša ki-ma [ ... ] [x u4-m]z-im iš-tí-in Ia ttí-pa-/aš I.e.,"From Pilah-Htar to Assur-taklaku and En- specifically to Ennam-Assur: I keep hearing that you are going to the City. With respect to the tablet that was written in the name of a merchant and is with you, point out where you left this tablet with your representatives and then write the names of your representatives in your message, and if it was not for him the sil- ver ... to you. Do you not keep hearing that there is war- fare in Salatuwar and within the city itself there is a revolt in their assembly, and he keeps committing sins ... they have come back to sin ... ... approach them there I and you ... in the tablet that was written in the name of a merchant, not a single or two months must be overdue so interest ... he hit do not make in a single day.",AKT 6b.pdf
393. kt 94/k 1379,urn-rna N-la-ah-Htar-rna a-na En-urn-A -šur qi-bi-rna a-šu-rni KB ša DAM. GAR ša a-na-karn a-na A-lu-la-a tu-ša-zi- < za- > -ni A-lu-la-a wa-ar-ki-ka-/ma ha-ra-šu : i-ta-ld-/ak iŠ-tu 45 u4-me KB im-qu-ta-rna i-ba-Ši šu-ma ša-ah-ra-/ti ti-ir-ta-ka li-li-karn-/rna a-šar ta-ša-pa-ra-ni KB ta-aš-qu-ul u-la a-na hu-ša-/hi-a KB lu-pa-ni KB Ia,"From Pilah-IStar to Ennam-Assur: Concerning the merchant's silver for which you made me guarantee here to Alulaya, Alulaya later went on a trip after you. 45 days ago the silver arrived and is ready. If you are delayed, send word and I shall pay the silver where you write. Otherwise let me set it aside for my own needs. The silver should not be idle.",AKT 6b.pdf
394. kt 94/k 1277,um-ma Pi-la-ah-ŠŠtar-ma a-na En-um-A -šur qí-bi4-ma a-na 6 5/6 ma-na KB ša a-na DAM. GAR ha-bu-la-ku-/ni a-na-kam-ma tu-na-hi-da-/ni um-ma a-ta-ma KB ša i-ma-qU-ta-ku-ni a-na ša-nim ta tu-pa-na a-na A-lu-ld-a ki-ma DAM.GAR šu-qu-ul15 u4-me e. ta i-li-ik KB im-qu-ta-ma -lu-la-a a-na-kam la-šu-ma KB a-dì u₄-mt-im a-nim i-ku-nu-ki-šu i-ba-5í a-dí H-ni-šu u 3 Šdl-H-šu tí-ir-tí i-li-ka-kum u i-pz-a tí-ra-tim : aš.r ta ₁-pa-ra-/kum ta-aŠ-pu-ra-am um-ma a-ta-ma KB iš-ti-ka-ma li-bi4-/Ší li-ba-ka [lu] i-deš ki-ma iš-tu 4 ITI.KAM KB a-šu-mi-ka 180 Letters - Pilah-IStar u₄-ra-ni a-ta-ld-ak KB a-ša ki-ma i-a-tì e-zi-ib,"From Pilah-IStar to Ennam-Assur: Here you instructed me about the 6 5/6 minas of silver that I owe to the merchant, and you said: ""Whatever silver falls to you, do not set that aside to any other person; pay it to Alulaya on behalf of the merchant."" Before 15 days had gone by silver fell into my hands, but Alulaya was not here, so the silver remains to this day under his seal. 2 or 3 times I have sent word to you, and I have sent you oral messages, and you answered: ""Let the silver remain in your possession."" You certainly know that the silver has been held up for 4 months in your name. Tomorrow I shall leave. I have left the silver with my representative_",AKT 6b.pdf
395. kt 94/k 803,um-maA-la-a-ma Šlep-IŠtar-/ma a-na tdm-ka-ri-im qí-bi4-ma 6 5/6 ma-na KB 5í- < im- >tam ni-il₅-qe a-ha-ma 2/3 ma-na 1 GIN KB ša 4 ha-am-ša-tim 12 GIN ki-ib-ša-tim ša ša 6 ma-na KB 5 1/4 GIN rsA ab-num ša E ka-ri-im ₁.BA : SUNIGIN 5/6 ma-na 8 1/4 GIN KB H-im-tim it-hi-i : i-na ke-ni-im a-na KB ša li-birka lo.e_ 1/3 ma-na 4 112 GIN KB Pi-ld-ah-IŠtar DUMU A-šur-ŠIPA ik-la um-ma A-ld-a-ma 1/3 ma-na KB a-na hu-bu-li-ka a-na En-um-A -šur DUMU Su-{d}EN.LIL aš-qul5 GIN Šlep-Htar KB ilš-qe a-ma-kam lu-ba-li-td-ku-/um Letters- Pilah-IStar 7 ma-naKB ku-nu-ki-ni -šur-e-nam DUMU {d}UTU-ba-ni na-JJ-a-ku-lum a-hi a-ta ki-ma KB ta-al-qC-u-ni rup-pa-am ša hu-bu-li Pz-la-ah-ŠŠtar a-na -šur-e-nam dt-in-ma rup-pa-am šu-up-ra-nim-ma tup-pu-u KI ki-la-la-r 1 X li-mu-tu u KB a-šu-mz Pi-ld-ah-Htar GAN-lam e-ti-iq,"From Alaya and Sep-IStar to the mer- chant: We took the agreed amount of 6 5/6 mi- nas of silver. Further, interest of 2/3 mina 1 shekel of silver; for 4 weeks 12 shekels: deductions; on 6 minas of silver: 5 1,4 she- kels. Specified with the colony's weight stone. In all, 5/6 mina 8 \4 shekels of silver he transferred to the agreed amount. Truly, Pilah-IStar son of Assur-re'i held 1/3 mina 4 lh shekels back on the silver in your possesswn. From Alaya: I have paid 1/3 mina of silver on your debt to Ennam-Assur son of Su-Illil. Sep-IStar took 5 shekels of silver. Let him make it up to you there. 181 Assur-ennam son of Samas-bani brings you 7 minas of silver under our seals. My dear brother, when you have received the silver give the tablet concerning the debt of Pilah-IStar to Assur-ennam, send the tablet to me so I can nullify the tablet with them both; also, the silver passed overland in the na- me of Pilah-IStar.",AKT 6b.pdf
396. kt 94/k 750,KISIB En-na-ŠU.in DUMU I-dí.a-bi-im KISIB A-šur-ta-ak-ld-ku DUMU I-ku-nim KISIB Pi-la-ah-ŠŠtar DUMU -šur-ŠIP 182 Letters - Pilah-IS 6 5/6 ma-na KB Pí-la-ah-Htar DUMU A-šur-ŠIP DAM.GAR i-šu-u iš-tit ha-mu-uš-tim ša En-na-Šu-in DUMU Ku-ra-ra a-na 7 ha-am-ša-tim KB i-ša-qal šu-ma i-na ma-la u₄-me-šu KB Ia iŠ-qu-ulll/2 GIN.TA i-na ITU .l.KAM a-na 1 ma-na-im ITU.1.KAM ab-ša-ra-ni li-mu-um Šu-Šu-in DUMU Ba-bi-lim uninscribed space 3 GIN KB a-na Šu-Htar DUMU Ma-li-ki-i/5-šu aŠ-qul 2 1/2 GIN KB a-na a-la-ni ša-ar-ša-ra-ni aŠ-qu-ul-ma a-na Mu-za a-di-in 2 GIN KB Ši-im 2 iš-ra-tim a-na -šur-ma-lik DUMU Lu-zi-na mì-ma a-nim a-šu-mì Ku-da-tim u-ša-qi-i/5,"Seal of Enna-Suen son of Iddin-abum, seal of Assur-taklaku son of Ikunum, seal of Pilah-IStar son of Assur-re'i. tar Pilah-IStar son of Assur-re'i owes 6 5/6 minas of refined silver to the merchant. Reckoned from the week of Enna-Suen son of Kurara he will pay back the silver in 7 weeks. If he has not paid back at the completion of his term, he will add interest at the rate 1 lh shekel per month per mina. Month Ab-šarrani, in the eponymy Su- Suen son of Babilum. I paid 3 shekels of silver to Su-IStar son of Malik-ilisu. I paid 2 lh shekels of silver for a šaršaranu- measure of acorns and gave them Muza. to 2 shekels of silver, the price of 2 belts for Assur-malik son of Luzina. All this I paid on behalf of Kudatum.",AKT 6b.pdf
397. kt 94/k 1406,a-na En-urn-A -šur qì-bi-ma [urn-rna] -mur-ŠŠtar[ -rna] a-na-kam [(. . .)] a-na Ša-l[d-tit-wa-ar] a-li-kum ka-ld: i-na Wa-ah-šu-ša-na wa-dš-ba-ku a-dì a-wa-tum ša ša-ld-t[u-wa-arJ i-za-ku-a-n[i] Wa-ša-na-[lam] a-na Ša-la-[tu-wa-ar] ttl -ir-ta-ka] li-li-k[ am-rna] a-šar ma-ld-k[i-im] mi-i/5-ka-ni šu-ma a-wa-tum i-za.r ku-wa 1 a-na ma-Id d-ir-d-ka e-ra-db,"To Ennam-Assur from Amur-IStar: Here ( ... ) the traveling party has been stopped on the way Salatuwar. to I am staying in W ahsu5ana. Until the matter of Salatuwar has been cleared up, w asanalam has left for Salatuwar. Send me word and decide what there is to decide for me. If the matter is cleared up, I shall enter in accordance with your instructions.",AKT 6b.pdf
399. kt 94/k 596B,a-na En-nu-um-A -šur qí.bi-ma um-ma A-mur.JŠtar-lma a-ma-la te.er-ti-ka ša r ta-dŠ-pu ₁-ri-ni a-na-kam Ma-ma-hi-ir a-dì ma-la r u Ši-ni-šu u-pa-tí.Šu-ma um-ma šu-ut-ma me-er-u r a-we-lim 1 ma-da-tu-nu r En ₁-nu-um-A-šur le-tí-qd-ma Letters- Amur-IStar rKB ₁-ku-nu le-qe-a-ma u tup-pei-am r ša?₁ ku-nu-ki-ku-nu [a-Y En?-ni-nim 1 ša ki-ma u r x ₁-šu-ba-ì-lt a-na ri-a-tim a-tei-hi-ma 1 [x x]-ka-ni rna-lei r lei₁ a-ša.r x x 1 1/3 ma-na I 3 GIN KB r ku-nu-ki-a 1 Šu-lu-um-ur-1 dì rna ₁-eiŠ-a-kum 3 GIN KB i-li < -bi > -lei-hi-im 2 112 ma-na ma-šì-am Dam-qei-a a-bi a-ta be-lt a-ta šu-ma lei ku-a-ti a-bi4 ša-ni-am [ u ']l''V - z-šu et-qam-ma ' [K]B 1 ma-na bu-lei-ti-ka: a-ni qei-at-ka 10 ma-na URUDU a-na Ha-nu a-H-a-rna-tim a-di-in a-na-kam URUDU lei ak-šu-dam um-ma šu-ut-ma i-Du-ur-hu-mì-it I.e. rta-di-in₁ 10 ma-na ruRUDU₁ ma-šì-am ... ] [,"To Ennam-Assur from Amur-IStar: In accordance with your instructions that you sent me I have here once or twice in- formed Man-mahir, and he said: ""You are many sons of the man. Let En- nam-Assur come, take your silver and then I shall transfer the tablet with your 187 seals to Ennanum, the representative of ... - ili ... and to what is mine and ... 23 shekels of silver Salim-wardi brings to you under my seal. 3 shekels of silver, owed by Ali-ahum; 2 \--2 minas of washed (copper): Damqaya. My dear father and lord, if it were not for you I would have no father. Travel here so you personally now may seize hold of every mina of silver of your assets. I gave 10 minas of copper to Hanu for purchases. I did not obtain copper here. He said: ""I shall sell it in Durhumit. 10 minas of washed copper ... """,AKT 6b.pdf
400. kt 94/k 592A':-,a-na En-na[rn-A-šur] I-ku-nirn DUMU E-[la-ltj u Arnur-Htar DU[MU ---J KISIB -šur-[ rna-lik] DUMU I-ku-p[Z-a],"To Ennam-Assur, Ikunum son of ELili and Amur-Htar son of ... ; sealed by Assur-malik son of Ikun-piya.",AKT 6b.pdf
402. kt 94/k 977,[a]-na E[n-um-A]-Šur qí-bi₄-ma um-ma -mur-Htar-ma a-na-r kam 1 DAM.GAR-ru ša A-bu-ša-lim i-li-bi4 -šur-i-dí a-hi-šu 11/2 ma-na 6 GfN KB u a-na-ku KB IGI 2 qd-dí-ma DAM.GAR-ri u a-na ka-ri-im u- tdm-ka-ru-šu i-Ii-< >rna um-ma šu-nu-ma KB a-na-kam-ma ni-ld-qe 190 Letters- Amur-IStar i-na di-in ka-ri-im KB a-na Ka-ni-iš KB iš-ti -šur-i-di i-la-ak-ma a-na tup-pi-Šu e-ta-u u i-a-ti 2/3 ma-na 5 GIN KB ha-bu-lam KB le-qe a-na-kam tup-pa-am ša Ši-bi4-a ha-ar-ma-am [u-k]a-al a-na [ ŠJa-la-tu-ar [x x x x x]-nu [u4]-ma-kalld a-ša-hu-lur [i]š-ti a-ta-la-kam,"To Ennam-Assur from Amur-IStar: Abu-salim's customers have seized llh mina 6 shekels of silver from his brother Assur-idi here. And I have personally seized silver before 2 witnesses together with the customers. Then his customers went up to the colony and said: ""We shall take the silver here."" According to the verdict of the colony the silver will go to Kanesh with Assur-idi and they will discuss on the basis of his tablet. Also, to me he owes 2/3 mina 5 shekels of silver. Take the silver on your own responsibili- ty. I hold a certified tablet with my wit- nesses here. ... to Salatuwar I must not be delayed a single day. I shall come with the servants.",AKT 6b.pdf
403. kt 94/k 1180A,KISIB ša ki-m[ ku-a-tt1 a-na En-um-[A-šur] um-ma -šur-ma-[šu-i-m ]a aš-ku-ma a-la-ni-[ ... ] Ia tu-ši-ba-la-[am ... ] še-bi4-lam ha'-ra-[ ... ],Sealed by your representatives; to En- nam-Assur. From Assur-massu'i: ... I set ... and you do not send ... send .. .,AKT 6b.pdf
404. kt 94/k 1180B,um-ma ša ki-ma ku-wa-ti-ma a-na En-um-A -šur qí-bi4-ma 21 GU 40 ma-na URUDU 1 GU 28 ma-na URUDU SIG₅ ku-nu-ki-ni Ša-lim-wa-ar-dim i-ra-dí-a-kum 21 GU 30 ma-na URUDU i-na 3 GU URUDU H-kam Ša-lim-wa-ar-/dim i-dì-ni-a-tí ma-la i-na ba-ab-tí-ka il5-ta-qe-u a-ma-kam lu-ba-li-ta-kum a-ma-la na-aš-pe-er-ti-ni pa-ni-tim URUDU ša 20 ma-na i-ti-ir₁ 194 Letters- Assur-massii'i a-ma-la ti-ir-tí-ka ni-iš-ta-al-ma na-dŠ-ME-er-ta-ka ša <a-> ka-ri-im tit-še-bi4-la-ni ki-ma i-na tup-pz-ka u a-wa-tum 2 H-ta 3-aš da-na-tim ta-al-pu-LA-ni ta nu-uŠ-ta-aš-me-5í um-ma ne-nu-ma šu-ra-am e nu-ša-al-qe-šu-nu na-aš-pe-er-ta-ka i-ba-H i-na a-la-ki-ka e-na-na-tim e-ri-iš-ma e-nu-nu-ni-kum ša-ap-ra-tum ša DUMU Puzur 4-A -na a-šar Šu-Htar i-ba-Ší-a tí-ir-ta-ka li-li-kam qa-tum a-na GU ma-na ta-dì-in 1 10,"From your representatives Ennam- to Assur: Salim-wardi leads 21 talents 40 minas of copper and 1 talent 28 minas of good copper under our seals you. to We brought out 21 talents 30 minas of copper from the safe. Salim-wardi gave us 3 talents of šikku-copper. He will cre- dit you there with as much as he recei- ved from your outstanding claims. In accordance with our previous missive about the copper from the safe 20 minas were m excess; in accordance with your instructions, we took counsel, and as for your missive that you sent to the colony, since you wrote 2 or 3 harsh words in your letter, we have not let it be heard. We thought: ""We must not allow them to take offense!"" Your missive is still here. When you come, ask for clemency, and they will be lenient with you. The pledges from Puzur-Anna's son are with Su-IStar. Send word. The share has been sold for 1 talent 10 mmas.",AKT 6b.pdf
405. kt 94/k 1190,"u[m-m ]a A-šur-ma.r šu₁-wi-ma a-na [A-šu]r-na-da r u En-nam ₁-A -šur qi-bi4""ma a-na En-nam-A -šur qi-bi4-ma rDAM?₁ A-šur-na-da íu.r ta₁-ib-ka 5 GINKBa-na lu-bu-Ši-ša r u 1 [e]p-ri-ša a-na r. [M]u-la i-ta-di-Ši-lim [a]-ma ša ší.bu-lim u-še-ba-lr:i-ku-um-ma Ku, G'' --ap- k' šu-ta- b' v Z4 tup-pi-a tí.er-ta-ka r za-ku ₁-tam iŠ.tu [A-li]m a-ša-pr:i-ra-kum r x 1 [ ... ] e-ni-[ ... ]","From Assur-massu'i to Assur-nada and Ennam-Assur; specifically to Ennam-Assur: Assur-nada should satisfy you with re- gard to the wife. Give regularly 5 shekels of silver for her clothes and her provisi- ons to Mula. I shall send what there is to send to you, so you can be satisfied with the silver you are entitled to. Guard my tablets. I shall send you a complete report from the City.",AKT 6b.pdf
406. kt 94/k 684,5 GINKB 1 na-ru-uq ŠE-am a-na Mu-la: GEME ša A-šur-ma-šu-i En-um-A -šur i-dí-in um-ma En-um-A -šur-ma KB it u-ta-tam ta-al-qì-i a-dì: mu-ut-ki i-la-ka-ni a-na E bhí-Šu u a-ma-tí-šu šu-ma a-na be-tí-šu u am-tí-šu : ta-ta-li-hi-i 5 GINKB u na-ru-uq rsE₁[-am] um-mz-ki: it a-h[u-ki] KB u ŠE-a[m] u-ta-ru-ni[m] u₁ um-ma um-ma-ša r [a-hu-ša] nu-ta-ra-[ kum] IGIA-šur-na-da I.e. IGI -šur-i-dí-in IGI Ta-ar-hu-a-ld IGI Ší-li-u-ma-an,"Ennam-Assur gave 5 shekels of silver and 1 sack of barley to Mula, Assur- massu'i's maid. Ennam-Assur said: ""You have received the silver and the grain. Until your husband arrives you are not to touch his house and his slave- girls. If you have touched his house and his slave-girls, your mother and your bro- ther must return the 5 shekels of silver and the sack of barley."" Her mother and her brothers said: ""We shall return it to you."" Witnessed by Assur-niidii, by Assur- iddin, by T arhuala, by Siliuman.",AKT 6b.pdf
407. kt 94/k 746,a-na -šur-ma-šu-i Šu-Ku-bi-im u A-lu-wa a-n[ a] A-šur-ma-šu-i qí-bi-ma um-ma En-um-A -šur-ma a-na-/kam ta-aq-bi-am um-ma a-ta-ma i-na na-ba-tí-a 5 GIN KB a-na Ší-im a-na Mu-la am-tí-a iš-tí u-še-ba-la-kum TUG ša-am-Ší-im u a-dì a-lci-ka-ni ep-ri-ša i-ta-dí-H-im -lu-wa ta-aš-pu-ra-am um-ma a-ta-ma 5 GIN KB i-na ra-mz-ni-ka dí-Ší-im 5 GIN KB a-ma-la ta-aš-pu-ra-ni r. i-ra-mz-ni-a a-da-ši-im 5 GIN KB ša -šur-/DUG u H-im ša ta-al-ta-ab-šu ma-la b ' ' ' t-šHm ' VI • / a-u-a: a-wer 5 GIN tu-ra-du-u IGI Šu-Ku-bi-im a-na A-lu-wa wa-dí-ma r dì-l[in-Y ma?₁ iš-tí Hu-du-be-lí li-[li-kam] ra-qa-tam SIG₅ iŠ-tírA ₁[-lu-wa] še-bi-lam u ma-la[ ... ] a-na rMu-la-₁a t[u-... ] [x x x x x] a-n[a ... ] u[m x x x x] rha₁ [---] 198 Letters- Assur-massii'i uuš-[xxxx] u šu ra/[x x x] ri₁ [ ... ] ša-hi-ir-tam ki e ta rna ša /t{ X a-na a-wa-tum- I mHu ša la ta-ap-ti-a-ni um-ma a-na-ku-ma li-bi₄-ki la i-la-mi-i[n] lu-bu-ša u ep-ri-ša a-ta-na-/di-na ti-ir-ta-ka r li-li₁-kam-ma,"To Assur-massu'i, Su-Kubum and Aluwa; specifically Assur-massu'i to from Ennam-Assur: You spoke to me here, saying: ""In my ... I shall send you 5 shekels of sil- ver for the price of your textile my to maid Mula with your servant. Buy her a textile, and until I come give her provisi- ons regularly."" You wrote with Aluwa, saying: ""Give her 5 shekels of silver of your own money."" I shall give her 5 shekels of silver of my own money, as you wrote me. In addition to the 5 shekels of silver from plus the price of my textile that she put on, announce to Aluwa with Su- Kubum as witness how much you will add the 5 shekels for the price of my textile, to and give it, so it may come with Hudu- beli. Send me a fine thin textile with Aluwa and as much ... Mula ... to small goods ... why have you not informed me? I said: ""He must not make you (fern.) angry."" I keep giving her clothes and pro- visions. Send me word, and ...",AKT 6b.pdf
408. kt 94/k 1123,a-na Šu-Ta-mu-zi E-la-a -šur-ma-šu-wi u En-urn-A -/šur a-na -šur-ma-šu-wi qi-bi₄-/ ma um-ma En-urn-A -šur-ma a-na-kam : a-di 5-Ši-šu u iš-ri-šu ta-ap-nu-a-ma um-ma a-ta-ma r a- ₁hi a-ta i-na qa-tim e-ri-tim la wa-aš-ba-ku-ma ld a-ha-li-iq KB 2 ma-na KB u e-li-iš [ dzúna-ma e-in -šur u e-in Letters- Assur-massu'i a-ha-d-a ka-li-mt-ma u a-dì ba-al-ta-[ ku-]ni u-la a-ma-H-k[a ke-]na: a-wa-tum ía IGI A-íur u i-li a-ba-e-ni ta-ta-ma-a-ni-1 ni i-na ku-uqí-im ap-tu-ur-ma u i-a-d r ií•-d 5 u e-li-ií tu-uš-ta-ar-H-a-ni-ma [a-]ma um-me-a-ni a-bi-a ši-ki u-ka-lu-u a-na E be-tt-ka u-lci u-ta-H-ru-ni ía a-dì be-d-lka KB a-dí-na-ku-ni-ma e-ni-ka ap-ti-u : a-ta ti-ta-ap-ía-ni-ni DINGIR-lum lu i-dea ía i-na u-tì-i-tim e-ti-ru-ka-ni : a-ta gi-mz-li tu-ta-er a-ha-ma 1 ma-na KB H-im Tt-il₅-d-d-ií u me-er-i-d-ía a-H-d ta-di-na-kum : Tí-il₅-d-d-ií i-na E be-d-a : ta-qa-nam lei ta-mu-a u iš-ka-ra-am e-pa-ía-lam ld ta-mu-a u ía-ba-aš pa-ni pi-ša-ti-ka tit-ma-na : a-ha-ma 5 GIN KB u 2 na-ru-uq GIG a-na Mu-lci-a : a-H-ti-ka a-di-in u a-ma-at a-bi-ka a-dì u₄-mz-ía-ma i-a-tì u ku-a-ti ta-na-za-am um-ma a-ta-ma mi-ma pu-ru-i lei ta-ša-r kan 1 šrJ-bu-la-tim U-šti-ba-la-H-im 3 GIN KB u 1 na-ru-uq GIG a-di-H-im i-ía-at-ka e ta-lì/ ak tl-ir-ta-ka li-li-kam-ma Ti-ilrti-ti-ía u-ld IR-a-a a-íi-mz-im la-di-H-ma KB-pz 200 Letters- Assur-massu'i ld-al-qe lu-mu-un li-bi-im ša-ni-am GAL ld ta-ra-Ham ša ki-ma ku-a-ti ti-ir-ta-ka li-li-kam-ma a-be-ti-ka / lu-šhu-ni,"To Su-Tammuzi, Elaya, Assur-massu'i and Ennam-Assur; specifically to Assu::--massu'i from Ennam-Assur: Here you confronted me five or ten times, and you said: ""My dear brother, let me not stay with empty hands and perish! Give me at least 2 minas of silver, preferably more, show me Assur's eye and the eye of my sister, then 199 as long as I live I shall never forget you."" Yes, these were the words you swore to me before Assur and our fathers' god. I released you from your bonds, but then it was me you made to suffer with 5 men or more, and now, my father's investors detain me! They have not granted me access to your house. While I gave you silver for your house and opened your eyes, you have done this to me! May the god know that I saved you from darkness and you repaid me thus! Moreover, my wife gave you 1 mina of silver as the price of Tiltitis and her daughter, but you refused to let Tiltitis be installed in my house and carry out the work load; instead, with an angry face you recount your calumnies. Also, I gave 5 shekels of silver and 2 sacks of wheat to your wife Mula, and your fa- ther's maid rages against me and you every day over the girl. You said: ""Do not abuse me! I shall send her the shipments."" I gave her 3 shekels of silver and a sack of wheat. Do not lick your fire! Send word so I can sell Tiltitis or my slave and collect the silver. Do not become very angry with me again! Send word to your representatives, so they grant me access to your house.",AKT 6b.pdf
409. kt 94/k 727,"a-na DINGIR-mu-ta-bi-i/5 -lu-a qi-bi-ma Assur; um-ma En-um-A-šur-ma specifically a-na DINGIR-mu-ta-bi4-il5 qí-bi-ma : iš-tit ha-muš-tim 5 ša I-tur₄-DINGIR DUMU A-mur-Htar month ITU.KAM: a-ría₁-na-tim Assur a-na-ku: it Lci-qhp DUMU Šu-A-šur official, i-na E ka-Ši-im kels ni-ka-ši: ni-ši-ma 10 12 1/2 ma-na 7 GIN KB : i-na li-bi Ld-qe-ep a-di-ma a-na KB ku-a-tì zHa-zi-za-ku-šu-ma 15 designated iŠ-tit Pu-ru-uš-ha-dim lo.e. from i-na e-ra-bi-šu-ma KB ki-ma i-a-ti ga ma i-ša-qa-ld-kum rev.","Ili-mutabbil and Aluwa from Ennam- to Ili-mutabbil: the week of ltiir-ili son of Amur-IStar, Allanatum, I and La-qep son of Su- settled accounts in the house of the and I set down 12 Vz minas 7 she- of refined silver as owed by La-qep; with respect to the silver it was you I for him, so when he arrives Purushaddum he will pay the silver you as my representative.",AKT 6b.pdf
410. kt 94/k 1231,"a-na DINGIR-mu-ta-bi-il5 qi-bi-ma um-ma En-um-A-šur-ma a-na-kam : a-na-ku u La-qe-ep DUMU Šu-A-šur: i-na ma-ah-ri-ka u IGI Ld-qe-ep DUMU Puzur4-/ša-du-e i-na E ka-Ši-im ni-ka-ši: ni-ši-ma 12 1/2 ma-na 7 GIN e-zi-ib KB e-li-r tí-nl₁ i-na li-bi Ld-qlep iš-tu ha-muš-tim ša 1-tur.,DINGIR Letters - La-qep a-na KB ku-a-tì u-ša-zi-r i/₁ i-na Pu-ru < -uš> -ha-dim i-na e-ra-bi-šu-ma rKB₁ u-še-ba-lam KB i-na Pu-ru-uŠ-ha-dim : i-na e-ra-bi-šu-ma : a-na ma-la a-wa-tí-ni : a-na KB ša u-ša-zi-za-[ ku-ni-ma] KB lei iš-ta-raq₁[-lu] a-ta : tup-pu-šu ta-al-pu-ut-ma U4-me-e ""k r ', , ta-aš- u-šu-um v u ? ša ki-ma: i-a-tì: u ku-a-[tz1 a-na ša-aš-qu- [l"" zm ] KB Y fY f cí.Š-ta-pd-ra-šu-ma rKB₁ [a-na] ša ki-ma: < i-a-tí> u ku-a-tí[a-dz1 u4-mì-im a-nim ta iŠ-ta-qa-la-lni u iš-tu a-na-ku : a-la-lka-ni KB i-ta-ri-šu-ma i-ta-ri-šu-ma KB ta-da- < nam > u-ld i-mu-a um-ma šu-ut-ma tup-pì DINGIR-mu-ta-bi-il> [il>]-pu-ut : a-na tup-pl.-a [šu-]pu-ur-ma tup-pì lu-ub-lu-nim-lma KB-dp-ka le-qe a-šu-mì tup-pí-Šu i-ta-na-lpa-la-ni u KB ta-da-nam: u-la i-mu-[a] a-hi a-ta ib-ri a-ta ld ša a-wa-[tim] u a-na-ku a-ta : tup-pu-šu IGI 3 DUMU um-me-a-ni šu-ba-al-ki-it-ma","To Ili-mutabbil from Ennam-Assur: Here I and Li-qep son of Su-Assur settled accounts in the house of the official with you and U.-qep son of Puzur-sadu'e as witnesses, and 12 lh minas 7 shekels of refined silver - apart from the silver of our caravan - is owed by Li-qep. Reckoned from the week of Itur-ili. Su-Assur 205 With respect to the silver it was you I de- signated. On his arrival in Purushaddum, he should send the silver. When he arrived in Purushaddum in ac- cordance with our agreement you wrote a tablet for him for the silver for which I had designated you and which he did not pay, and you set a term for him. Also, I kept writing to my representatives and you to have the silver paid, but until this day he has not paid the silver my to representatives or to you. Also, after I personally arrived, he deman- ded and demanded the silver repeatedly, but he would not pay the silver. He said: ""Ili-mutabbil wrote my tablet. Send for my tablet, let them bring my tablet and then take your silver."" He keeps answering about his tablet and refuses to pay the silver. My dear brother and friend, I and you are not men of strife. Have his tablet copied with 3 affiliated traders as witnesses, and",AKT 6b.pdf
411. kt 94/k 826,"KISIB Ld-qe-ep DUMU Šu-A-šur KISIB Ku-ra DUMU 1-[dí-A-šur] KISIB A-šur-la-ma-ši[ ... ] 12 1/2 ma-na 5 GI[N KB u-qe-ep [DUMU Šu-A-šur] DAM.GAR-ru-um < i> -šu iŠ.tu h[ a-muŠ.tim] ša Ku-da-tim ITU.KAM te.i-[na-tim] li-mu-um -šur-ma-lik DUMU r 1[ -la-hi-im] DINGIR ša-pa-tam i-li-ik-ma i-r e-ra ₁-bi₄-/šu-ma i-Ka-ne-eš ITU.2.KAM i-la-ak-ma Letters- La-qep i-ša-qal šu-ma la iš-qU-ul ma-na-im 1 GIN. TA ITU.KAM-im Š[a]-ni-um KISIB DINGIR-mu-ta-bi4-il₅ DUMU A-mur-IŠŠtar Ld-qe-ep DUMU 15 Puzur₄- <ša> -du-e Ld-qlep DUMU Šu-A-šur ma-na KB Ld-qlep DUMU Šu-A-šur i-šu iš-tu ša I-tur₄-DINGIR 20 e. A-mur-ŠŠtar ITU.KAM li-mu-um rev. ša qa-tí Šu-Šti-in a-na 12 ha-am-ša-tim ŠU-ma i-ma-la U4-me-šu 25 la iš-qu-ul r ki-ma 1 a-wa-at a-na ITU.KAM-im me-eh-ra-at rup-pe-e ha-ru-mu-tim r ne-nu 1 nu-ka-lu KISIB Ma-ma-hi-ir 30 A-mur-ŠŠtar KISIB En-na-Šti-in I-dí-a-bi₄-im 18 2/3 GIN 15 SE šaa-r mu-tim 1 I-turrDINGIR : En-um-A -šur i-dí-in a-na-num u a-la-num 35 En-um-A-šur-ma eq-lam a-mu-tam i-da-ma 1/2 ma-na KB ša Ld-qlep DAM.GAR-ri-im ha-bu-lu-ma DAM.GAR wa-du-ti En-um-A-šur 40 e. GAR a-mu-tum i-na-dí-in-ma 22 1/2 ma-na KB En-um-A-šur 208 Letters - La-qep i-la-qí-ma u Ku-ra KB 1-tur.,-DINGIR i-la-qe šu-[ma] a-mu-tum ld i-ta-an-dt-in a-mu-tam En-um-A -šur a-n[ a] r Jl-tur4-DINGIR u-ta-ar-ma 1-tur.,-DINGIR KB-su a-na r En-um-A -šur 1 i-ša-qal u 1/3 ma-na H-k?i-tam? 2 ku-ta-ni I-tur4-DINGIR a-na En-um-A-šur","Seal of Li.-qep son of Su-Assur, seal of Ku- ra son of Iddin-Assur, seal of Assur- lamassi ... L:i-qep son of Su-Assur owes 12 \6 minas 5 shekels of refined silver to a merchant. Reckoned from the week of Kud:itum, month Teìndtum, eponymy Assur-malik son of Ali-ahum, when the (moon-)god reached the fifteenth day, he will pay the silver 2 months after his arrival in Kanesh. Su-Assur 207 If he has not paid in time, he must add interest at the rate 1 shekel per mina per month. His second tablet: Seal of Ili-muttabbil son of Amur-IStar, seal of Li-qep son of Puzur-sadu'e, seal of La-qep son of Su-Assur. La-qep son of Su-Assur owes 10 minas of refined silver to a merchant. Reckoned from the week of Itur-ili son of Amur-IStar, month Belat-ekallim, epony- my after Su-Suen, he must pay the silver within 12 weeks. If he has not paid the silver within his stipulated term, he must add interest in accordance with the rule of the colony per mina per month. These are copies of the certified tablets that we have. Seal of Man-mahir son of Amur-IStar, seal of Enna-Suen son of Id- din-abum. ltur-ili gave rings of iron weighing 18 2/3 shekels 15 grains to En- nam-Assur. They will pass overland from here and from there in the name of En- nam-Assur. He will sell the iron and for the 22 1h minas of silver that Li-qep owes to a merchant, the name of the merchant has been announced: Ennam-Assur is the merchant. The iron will be sold and Ennam-Assur will receive 22 1h minas of silver, and then son of Su-Assur Kura will receive ltur-ili's silver. If the iron has not been sold, Ennam-Assur will return the iron to ltur-ili, and Itur-ili will pay his silver to Ennam-Assur. 1/3 mina of ___ and 2 kutanuš ltur-ili has ... to Ennam-Assur.",AKT 6b.pdf
412. kt 94/k 588A'f,KISIB Tu-ra-mi-[li] a-na En-um-A-šur DUMU Ša-lim-A -šur u Šu-Ku-bi-im DUMU E-na-ma-nim,Sealed by Turam-ili; to Ennam-Assur son of Salim-ahum and Su-Kubum son of En- nam-Anum.,AKT 6b.pdf
413. kt 94/k 593A,[KISIB Tu-ra-mi-ili₅] [a-na En-um-A-šur] it Šu-Ku-bi-im DUMU En₁-na-ma-nim,Sealed by Tiiram-ili; to Ennam-Assur and Su-Kiibum son of Ennam-Anum,AKT 6b.pdf
414. kt 94/k 593B,um-ma Tu-ra-mi-ili₅-ma a-na En-um-A -šur it Šu-Ku-bi-ma qi-bi-ma 35 ma-na AN.NA i-li-bi -šur-ma-lik it a-ha-ma 27 ma-na AN.NA i-li-bi -šur-ma-lik u Šu-Ku-bi-im r i-ba-šz₁ SUNIGIN 1 GU 2 ma-na AN.NA -šur-ma-lik rí-ih-a-ma AN.NA lu-šìbi-lu-nim,"From Tiiram-ili to Ennam-Assur and Su- Kiibum: 35 minas of tin is in the possession of Assur-malik, and, further, 27 minas of tin is in the possession of Assur-malik and Su- Kiibum- e. in all: 1 talent 2 minas of tin. Approach Assur-malik and have them send me the tin.",AKT 6b.pdf
415. kt 94/k 629,"[um-ma Šu-]IŠtar-ma From [a-]na E[n-na ]mJ -šur 1 qí-lbi₄-ma [ ... ]AN.NA ... [x x] ra1 iS[ ... ] [x x x] rGfN 1/3₁ [x x] rd{ ku₁₁ 5 [ ... ] 9 G[IN ... ] r AN.NA-ka₁ na-dí [ ... ] ... r lu H-im 1 [AN.NA]-ki_r ka₁ lu H-im URUDUr-ka₁ 17 [x x] KB-ap-ka: 17 GIN 10 you. KB A-bu-ZA: ha-bu-ld-ni have tup-pu-šu h[a-ar-ma-am u-ka-al] lo.e. [š1a-aš-qì-i[l5-š1u-ma KB le-qe rev. a-hi a-ta gi5-im-la-lni 15 u a-na-ku : a-we-el also gi5-mz-li-im šu-ma -bu-SILIM la-šu tt-ir-d-ka : li-li-kam-ma KB-ap-ka : a-ša ki-ma ku-la-d-ma 20 ves. l' a- r aš '""' -qu-u ' /1 tup-pu-šu v r x x x 1 a-niJ im 1 [x X]; Šu-ma X [x x] r ta ₁-ak-la [(. . .)] u.e. [ ... ]a-na 25 [ ... ]-ma tup-p[u l.e. [xx] rxx₁ 216 Various Correspondents","Su-IStar to Ennam-Assur: tin your tin is set down ... proceeds both from your tin and from copper were 17 minas₁ of silver for Abu-5alim owes 17 shekels of silver; I his certified tablet; make him pay take the silver. dear brother, do me a favour for I am a man of favours. Abu-salim is absent, send me word so I may pay your silver to your representati- tablet ...",AKT 6b.pdf
416. kt 94/k 569,"a-na Šu-Htar [qi-bi-ma um-ma] u En-um-A-[š""ur x x-r]i[-ma] ta-aš""-pu-ra-am um-ma a-ta-ma 50 ma-na AN.NA ku-nu-ki-a {d}UTU -ba-ni na-aš""-a-ku-nu-ti 1 š""u-uq-lam AN.NA-ka ni-ip-tur₄-ma 22 1/2 ma-na ni-iš-ni-iq š""a-ni-tdm š""u-qd-al-ka {d}UTU-ba-ni i-na ha-ra-nim ip-tu-ur-ma 1/2 ma-na a-na gdm-ri-šu i/₅-qe [šlì-ti AN.NA-ki-ka 23 ma-na ni-iš-/ni-iq [SUNIG]IN AN.NA-ki-ka r45₁ ma-na AN.NA-ka [iz-k]u-am 10 LA 1/4 GIN.TA 1/2 m]a-na LA 1/6 GIN lS [4 7 [KB-dp]-š""u 4 ma-na 13 1/2 I GIN [KB ]-pa-am ku-nu-ki-ni [{d}UTU-ba]-ni na-dš""-a-kum [H-tt1 KB lu H-im URUDU SIG5 [ ]-š""u qì-iš"" a-na / /] -ra-tzm • e-pa- -št-tm VI' • [ [ig]-mu-ru i-na sA.BA "" 1 m [ e-at ] F-pa-ra- ? -tzm • a-na qa-tz-šu / /V 4 1/2 [GIN] KB a-ša-ha-ar-ti-Šu 5 1/3 [m]a-na [AN].NA ga-am-ri-šu ni-dí-i[n mt-m]a a-nim a-na {d}VTU-ba-[ni (..) ni]-dí-in 6 GIN K[B i-na H-im] u-tí-tim a-na ba-a[r-... ] GIN 3 Ta-r[ì ... ] e. ta-al-qe","To Su-IStar from Ennam-Assur and ... ri: You wrote me, saying: ""Samas-bani is bringing you 50 minas of tin under my seal."" We unpacked 1 package of your tin and found there to be 22 lh minas. Samas- bani opened your second bundle during the trip and took lh mina for his expen- ses. The rest of your tin we checked as 23 minas. Total of your tin: 45 minas; your tin was cleared. At 9 Y4 shekels per mina its value in sil- ver was 112 minas shekels. 4 6 5/6 Samas-bani brings you 4 minas 13 lh shekels of refined silver under our seals. As to the rest of the silver, either as the price of good copper or ... they spent (it) quickly on the production of nails. Of that we gave 100 nails for his dispo- sal, 4 1/2 shekels of silver for his small goods, 5 1/3 minas of tin for his expen- ses. All this we gave to Samas-bani. 6 shekels of silver, the price of grain, for T ari ... took 3 shekels.",AKT 6b.pdf
417. kt 94/k 816,um-ma Ili₅-ba-ni -šur-ma-šu-i En-na-nim u Šu-IŠtar-ma a-na En-um-A -šur qí-bi4-ma ltam ni-ip-te-ma a-ma-la tí-ir-tí-ka URUDU nu₁-ša-ni-iq-ma 51 GU 50 ma-na URUDU Ší.kam nu-ša-ni-iq 1 GU 5 1/2 ma-na SIG₅ ki-ma 28 GU URUDU H-kam ku-nu-ki-ni i-ra-dí-u-ni-KAM 26 mu-ta- <tum> 4 e-li-a-tum 2 GU 22 ma-na URUDU H-kam 35 1/2 ma-na URUDU SIG₅ 218 Various Correspondents rí₁ ka-ri-im il5-qe [ ... ] ru [ ... ] [x x] r it KB-ka₁ [ ... ] [x x] r x x x i-dì-ka-ma 1 [ ... ] [x x]rda-ma x x x ba x 1 [ ... ] [x] ma-na [K]B r x x 1 [ ... ] r ie-₁ri-r bi₁ ni [ ... ] ršt.tíURUDU-i-ka₁ [ ... ] ruRUDU H-ku-um ku-nu-ku₁ [ ... ] ri-d( Ša-lim-ar-dì ka 1 [ ... ] r30 ma-na URUDU SIG₅ lu₁ [ ... ] [x] r ki-ma 1 [ ... ] [x] rKB₁ [ ... ] [ x x x] r bu-ni-a-tì₁ [ ... ] [xxxxx]du[ ... ] [x x x x] nu-ša-ni-iq um-ma šu-nu-ma v 3 GU URUDU-k[a] li-mzl 10 ma-na r x x Ša-lim-Hta/₁ [ ... ] [ ... ],"From Ili-bani, Assur-massu'i, Ennanum and Su-Istar to Ennam-Assur: We opened the house and checked the copper in accordance with your orders, and we found 51 talents so minas of šik- ku-copper (and) 1 talent 5 'h minas of good copper. As your servants led 28 talents of šikku-copper under our seals, (it was) in 26 half-packs and 4 top-packs. 2 talents 22 minas of šikku-copper and 35 'h minas of good copper the colony offi- ce took. e. the rest of your copper .. . šikku-copper under seal .. . ... Salim-wardi 30 minas of good copper ... ... to us ... ...we checked They said: 3001 talents 10 minas of your copper ... n Salim-IStar ...",AKT 6b.pdf
419. kt 94/k 1181B,En-um-A-šur-m[a] Ma-num-ba-lum-r ₁[-šur] En-um-A-šur qì-bi₄-ma ra ₁[-na] tup-pu-[um] 5 ma-na KB Puz[ur₄-]/A-[na] -šur-ta-/ak-la-ku • v ' l-SU-U i-ba-H tup-pì-a bi-ri-ma šu-ma e. tup-pu-um i-ba-H En-um-A-šur ka-li-im-šu-ma it iš-ti-ka-ma tup-pu-um u li-bi₄-H tì-ir-ta-lak-nu ' . li-li-kam,"From Ennam-Assur to Mannum-balum- Assur and Ennam-Assur; specifically to Ennam-Assur: A tablet stating that Assur-taklaku owes 5 minas of silver to Puzur-Anna is in your house . Look at my tablets there, and if the tab- let is indeed there, show it to Ennam- Assur and then let the tablet be in your possesswn. Also, send word to me.",AKT 6b.pdf
420. kt 94/k 1207,5 ma-na rKB₁ KIA -šur-ta-[ ]k-la-ku iš-tu : ha-mu-uš-/tim ša -mur-Htar u A-šur-be-el-a-wa-/tim [x x x]-i [ITI.KAM tC-i-]na-tim [l]i-mu-um DUMU Ka-ri-a 1112 GINTA i-na ITI.LKAM-im a-na ma-na-zm,"5 minas of silver is owed by Assur- taklaku. Reckoned from the week of Amur-IStar and Assur-bel-awatim ... month Te'- inatum, eponymy of Amur-Assur son of Karriya, he will pay interest at the rate of 1 1/2 shekel per month per mina.",AKT 6b.pdf
421. kt 94/k 828,"ša ni-iš -lim{ki} u ru-ba-[im] ta-mu-u ka-i-ta Ma-nu-ba-lu-um-A -šur a-r ša-a-a/₁-ka tup-pa-am ša 5 ma-na KB u :ša -šur-tak-la-[ ku] a-na Puzur₄-A -na a-hi-šu ha-bu-lu-u : tup-pa-am Puzur₄-A -na: a-na na-aP H-lim 1 r lu 1 a-na a-bi-ka e-zi-ib lu ku-a-tí: e-zi-ba-ku-um ik-re-e : u-la ka-i-ni u-la ri-ig-ma-tu-um H-bu-tu-um En-um-A -šur KB tam-ka-ri-šu i-ši-e : Ma-num-ba-lum-A -šur ša ki-ma En-um-A-šur e-pu-ul um-maMa-num-ba-lUm-A-šur-lma a-na ša ki-ma En-um-A -šur-ma 4ma-naKB d ' Puzur₄-A-naDUMU Šu- ENJLIL ha-bu-lam tup-pu-šu ha-ar-ma-am u-ka-al Puzur ₄-A -na GA.N -lam i-la-ak-ma um-ma a-na-ku-ma KB '. k'' ša-zt-za-am v • ša v -pt-z- a- um-ma Puzur₄-A -na-ma ma-nam lu-ša-zi-za-ku-um : a-ma tup-pu-um ha-ar-mu-um ša 5 ma-na KB ša hu-bu-ul :A -šur-tak-ld-ku v d ' DUMU Šu- EN.LIL le-qe-ma qa-at-ka lu ša-ak-na-at-ma [A -šur-ta "" 'kl'k -a- u ]v ša-aš-qt-t "" '""[ rma [KB u [Je-qi-ma [u K]B a-n[a-ku [Jd-al-qe [(x)YKB₁ um-maa-ta-ma tup-pa-am [a ]-na-ab-Ši-im a-na a-bi-ka r u-u/₁ ku-a-tí: Puzur₄-A-na: e-zi-ib a-nadi-NAM lri a-la-ak En-um-A -šur GfR ša -šur li-it-ma-a-ma tup-pa-am 222 Various Correspondents PuzurrA -na :a-na a-hi-a u-ul i-a-tí _. a-na-cib-Ši-im lu e-[zi-bu-ma] a-na qci-tim ša-ka-ni-im lei e-zi-ba-ni : li-bu-šu lai-di-u ki-ma a-na 4 ma-n[ K ]B na-r ad₁-a-ni li-it-ma i-na tup-pi-i[ m ]-ri-bi iš: Šu-ma lei X X i-ta-ma v d , v ' ma-ma-an [x x x x Š]u- EN .LIL ša KB-pz [x x] ni-[xxxx]-ar","""Keep in mind what was sworn by the City and the king! Mannum-balum-Assur, I question you: The tablet concerning 5 minas of silver and its interest that Assur-taklaku owes to his brother Puzur-Anna, did Puzur- Anna leave the tablet for safekeeping with your father, or did he leave it with you yourself? Deny or confirm it!"" This is not a formal lawsuit but a witnessed statement. Ennam-Assur sues for the silver of his merchant. Mannum-balum-Assur answered, saying to Ennam-Assur's representative: ""Puzur-Anna son of Su-Illil owes me 4 minas of silver. I have his certified tablet. Since Puzur-Anna would go overland, I said: 'Appoint someone responsible to me for your silver.' Puzur-Anna answered: 'Who shall I ap- point for you? Here, take a certified tab- let worth 5 minas of silver, the debt of Assur-taklaku son of Su-Illil, lay claim to it and make Assur-taklaku pay, take the silver and the accrued interest paid, and then I personally shall take the silver.' ... you say: 'Did Puzur-Anna leave the tablet for safe-keeping with your father or with you?' I do not seek litigation or strife. Let Ennam-Assur swear on Assur's dag- ger that Puzur-Anna left the tablet with my father or with me for safe-keeping, and that he did not leave it with me for me to lay claim. Let him swear that he did not personally know that it was deposited for 4 minas of silver. ... in the tablet ... If he does not swear, noone ... Su-Illil ... """,AKT 6b.pdf
422. kt 94/k 616,a-na u En-um-A-šur Ib-ni-[dlM] qi-bi-ma um-ma Ši-la-/tiM-ma] Ibni-Adad GU lu-la-am 5 a-ld-ni Ib-[ni-diM] u₁-[ a-huJ a] lu-la-am u a-nz ' . a-šz-mz-zm v' ' ' d' t-n [ ] Ib-ni-d[IM] i-ša-hu-ur tur4-da-ni-šu KB Ši-im u a-ld.-ni H-im 10 GU SIG.HLA : KB lu-ra-di r. : ša En-um-A -šur _. a-Ší-mì-im di-na-Ši-ma < li-i/5- qe> -ma tup-pe-a : ki-ld.-li-ma hu-bu-li-a _. a-na di-na-ma a-na En-um-A -šur a-hi a-ta a-na-k[am] e-ne-[ka] ' ta-na-šz-ma v' z- . d' z-tz-šL ' u J ta-ta-ra-da-ni a-na-ku a-we-el g[i-mz-lim] [ ... ] ar-za-li [ ... ] -kum] [ ... ] ... ],"To Ennam-Assur and Ibni- Adad from Sill-Adad: brings you 2 Vz talents of lulaum and 9 jars of acorns. My dear brothers, offer the lulaum and the acorns for sale. Ibni-Adad must not tarry 5 days, send him. If the silver, the proceeds from the sale of the lulaum and the acorns does not cover the price of 10 talents of wool, Ib- ni-Adad shall add the (missing) silver. The grinding-stone that Ennam-Assur has, offer that for sale and let him take the silver for it, and give both of my tab- lets concerning my debt to Ibni-Adad so he can bring them. To Ennam-Assur: My dear brother, do not covet interest there and do not send me to court with him. I too am a man of favours. They bring you 2 arzaluš .. they bring you.",AKT 6b.pdf
423. kt 94/k 634,um-ma Šii-l]d-diM-ma a-na En-um-A -šur qi-bi/ma a-na-kam Be-lu-ba-ni a-šu-mi I KB um-ma šu-ut-ma ha-ra-ni a-Ka-ni-iš a-ld-ak-ma u-ta-ab-šu a-šu-mì : ša-he-er-ltim um-ma šu-ut-ma šu-ma Ia KB : ša-he-er-tam mì-ma : ša ha-bu-la-ku a-ta .- ma-la-ka ra-mì-ni: ta ta-ab-lma ṢU-ha-ri-a: la-at-ru-ldam,"From Sill-Adad to Ennam-Assur: I seized Belum-bani here because of the silver, and he said: ""I am on my way to Kanesh so I shall satisfy him."" I seized him because of the small goods and he said: Apart from the silver I do not owe him small goods."" Make up your mind. I am not feeling well myself, so I shall send you my servants.",AKT 6b.pdf
425. kt 94/k 594B'},a-na En-nam-A < -šur> qi-bi-ma um-ma -mur-A -šur-ma a-di: KB-ka ša ta-aš-pu-ra-ni tap-pa-i : KB uš-t[ ]-par-ki a-r dt₁ [ITI.1 ].KAM iš-ti-lin [x x x x]-ni 226 Various Correspondents šu [x x x]-ma a-t[a-l]ci-kam u u₄-mu-a 2 ITI.KAM a-hu-ru,"To Ennam-Assur from Amur-Assur: Concerning your silver that you wrote me about, my partner has allowed the silver to stop. Within a single month rev. I shall leave. Also, my term still runs for 2 months",AKT 6b.pdf
426. kt 94/k 913,[u ]m-ma -šur-UTU -ši-[ma] a-na r En ₁-nam-A-[Šur] rqz₁ -[bi-m]a ra₁-[na] ma-l[a] [u H-ni-šu] aŠ-pu-ra-k[um] [um-ma] ra-na₁-ku-ma [tu ]p-pa-r am 1 ša še-bi-[la]-am a-ta ti-ir-ta-r ka ₁-ma lei i-rta₁-kam [ma-]la-ma KB 10 GIN ba-aš-tam u-lci r ar ₁-ta-aš-a-kum u gi5-mz-lci-ka ta-u-ra-am u-la al-te-e -šur u i-lu-u e-ba-ru-tim Li-tu-lci a-na KB a-mz-im ša KB 5 ma-na a-wa-at-ka ša-ma-a-am lu a-/le-e u gi5-im-mz-la-ka rta₁-u-ra-[am ... ] break [ki-ma] tupJpz₁ [ ... ] [a-nim t]a-ša-me-u tup-pa-am [x x Š]a [a-na] DUMU U-li-im di-i[n-ma] [lu ]-ub-lam a-wi-lu-tum-ma,"From Assur-samsi to Ennam-Assur: Once or twice I wrote to you, saymg: ""Send me tablet."" But as for you - you do not send me word. Have I not acquired dignity for you worth just 10 shekels of silver, and have I not been able to return your favours? r. May Assur and the gods of friendship be my witnesses: For that silver, for at least 5 minas of silver I was able to listen to your words and I was able to return your favours! When you hear this letter ... , the tablet ... of the servant give it to Lalum's son so he may bring it. That is indeed gentlemanly behaviour.",AKT 6b.pdf
427. kt 94/k 823,um-ma Bu-zu-a u A-la-bu-um-ma a-na En-um-A -šur u -la-hi-im qi-bi-ma a-ma-lci ti-ir-ti-ku-nu TUG nu-na-pi-iš-ma: TUG < ku > -nu W-mu 4 ku-ta-ni 12 ša -ki-di-e ku-nu-ki ša Šal-ma-A -šur na-aš-u-ni-ku-lnu-ti ku-ta-ni ša -ki-di-e 228 Various Correspondents 1 ra-qa-tam a-ma-Id ti-ir-ti-ka a-na -la-bi4-im it I-di-A -šur ni-ip-qi-id Ši-ti TUG-ba-ti-ka 14 mu-ta-tum 2 e-li-te-len ku-nu-ki ša še-ep-ŠŠtar it Ša-lim-wa-ar-dì DINGIR-pi-ld-ah: ld-šu-ma a-na DAM DINGIR-pi-ld-ah IGI 3 me-er-e [um-mi-a-ni] ni-ip-qi-[id-ma] i-na 1 ma-n[ KB] ša tit-še-bir[ld-ni] SIG.HI.A ni-i[Š-a-ma-kum] 2/3 ma-na 4 1/4 GIN [it-ba-al] s pa-li-lu 10 2/3 GIN [KBJ it-bu-lu 5í-tiKB-p[l-ka 5 GIN KB] a-ma-kam lu pa-li-[li lu] SIG.HI.A na-dš-U-ni-kum [ ... ] a-šar: TUG-tit-ka 5a-r ak ₁-nu- < ni > a-di ma-la it Ši-ni-š1u] a-pa-la-Ši-im: i-z[i-iz-ma] a-ta : ma-la-ka [ ... ] i-hi-id-ma mi-[li-ik J qi-ip-ti-ka: mi-[li-ik],"From Buzuwa, and Ali- abum to Ennam-Assur and Ali-ahum: In accordance with your instructions we aired your textiles and your textiles are in order. Your servants are bringing you 4 kutdnuš and 12 Akkadian ones sealed by Salim-Assur. We entrusted 2 kutdnuš, 1 Akkadian one and 1 thin textile to Ali- abum and Iddin-Assur in accordance with your instructions. The rest of your textiles: 14 half-packs and 2 top-packs sealed by Sep-IStar and Salim-wardi. Ili-pilah is not here so we entrusted them to Ili-pilah's wife witnessed by 3 affilia- ted traders. For 1 mina of silver that you sent we bought wool for you. It cost 2/3 mina 4 shekels. 1,4 5 paliluš cost 10 2/3 shekels of silver. The rest of your silver is 5 shekels of sil- ver. Your servants there bring you both the paliluš and the wool. Wherever your textiles were placed, he stood ready once or twice to make a break-in. Make up your own mind. Take care and make a decision concer- ning your entrusted goods.",AKT 6b.pdf
428. kt 94/k 624,"um-ma r En ₁-na-Šu-in-ma a-na En-urn-A-šur qi-bi4-[ma] a-hi a-ta : a-ma-kam ti-ir-ti a-?e-er I-tur .;[DINGIR] i-li-kam: a-di a-w[a-tim] ša ma-šu-ha-ku-ni u a-ta a-na J.f tur₄₁-[DINGIR] pu-nu-ma u i-na ša-h[a-ti-šu] i-zi-iz-ma šu-ma u₁ a-wa-t[um] i-ši-r i-rzi₁ [x]fx₁ šu-ma V l'""[]V' x- šz t- rx1 me-ret₁ ni [ ... ] um-ma [ ... ] r le-qe-a-ma 1 [ ... ] l 'fl1 -na [] ... va- z a-tz ' ' . . r x 1. 1 t - [ ... ] gi-mz-lam r x 1 [i-na ]ri-a šu-ku-un","From Enna-Suen to Ennam-Assur: My dear brother, my message came to ltiir-ili there concerning the matter where I have been treated badly. You too should turn to ltiir-ili and assist him, and if they have called a lawsuit ... Do me a great favour.",AKT 6b.pdf
429. kt 94/k 938,[a-n]a E-ša-ra it [A]b-ša-lim qì-bì-ma um-ma En-nam-A -šur-ma rt0₁ GIN KB u 5í-it-ra-/am ku-nu-ki-a a-na E-ša-ra 10 GIN KB u 2 pci-ar-H-ke a-na Ab-ša-lim u 2 GIN KB ra₁-na r Htallci-ma-lšì a-ha-tP x 1 break,To ESarra and Ab-salim from Ennam- Assur: 10 shekels of silver and an undergarment sealed by me is for Esarra. 10 shekels of silver and 2 sashes are for Ab-salim and the girl. 2 shekels of silver is for ... sister IStar- lamassi,AKT 6b.pdf
430. kt 94/k 1678,"a-na En-nam-A-šur qi-bi-ma um-ma Ib-ni-diM-ma a-dtKB-pi-ka r2₁ ma-na Š[a] r ha ₁-bu-l(i-í ku-ni₁ ITt l.KAM iš-tí-in la ta-ha-ta-ar a-dì a-lu-ku-ni-ma ,, b ' ' fk' .,, a-tt-a u-za- a-nt"" e. u iš-tí a-we-el-/tim a-za-zu-ma u KB-ap-ka r ₁-ni-ir-tí-ka u-qa-ra-ab a-di-i KB-pz-i[ m] a-ni-e-em a-na-kam ša-ah-ra-a-ku u tup-pa-r am ta₁-hu-ma / u.e- ša a-na_r kam i-ba_r Ši-u₁ l iš-tí a-li-ki pa-ni-e-ma ti-ir-ta-ka li-li-kam-m[a ... ] la-di-rin₁ [x] ma","To Ennam-Assur from Ibni-Adad: With respect to your silver, the 2 minas that I owe to you, do not worry about a single month('s delay). Before I leave and clear my textiles and also stand by the lady, then I shall have your silver delivered directly to your per- son. Because of this silver I have been delayed here. Check(?) the tablet and then send me word with the first transport about what is here, so I can give it ....",AKT 6b.pdf
431. kt 94/k 1419A,a-na En-nam-A -šur KISIB ŠŠtar-ra-bi4-a-at,To Ennam-Assur; seal of IStar-rabi'at,AKT 6b.pdf
432. kt 94/k 1419B,a-na En-nam-A-šur qi-bi-ma um-ma ŠŠtar-ra-bi4-at-ma a-dt KB-pi-ka ša ha-bu-la-ku-ni DUMU a-ta li-ba-ka la i-pa-ri-id um-ma a-na-ku-ma : ma-ti-e : ṣí-ta_diM : la-mz-id a-ta ṣi-la-diM u4-mì-im ša i-šu-u : la a-dì: e-tì-i : ha-ra-nim u-za-ka-ma : a-ni-ir-ti-ka a-na-kam rev. ki-a-am ša ki-ma ku-a-ti 15 i-zi-zu-ma a-di: li-bi-lka u lu-qu-tdm e-ma-re-e qd-at-ka ša-ki-in 1 tup-pu-um ša Be-lum-ba-ni DUMU Na-ra-am-ZU 20 u Ši-na tup-peša DAM. GAR ša E-ti-ka -bi-A -nu-um e-zi-bu i-na a-ld-ak tup-pe lu-šri-ti-qu u.e. i-a-am: a-diKB-pì-lka 25 li-ba-ka ld i-pd-ri-id,"To Ennam-Assur from Istar-rabi'at: With respect to your silver that I owe you, my dear son, do not worry! I said: ""When will Sill-Adad be informed?"" As for you- thinking of Sill-Adad- are not the servants I have to-day (also) your ser- vants? When the road (opens) I shall clear my textiles and have your silver delivered di- rectly to your person. Here your representatives acted like this, so for as long as you wish your claim has been placed on the goods and the donkeys. As for the tablet concerning Belum-bani son of Naram-Sin and two tablets concer- ning customers, which Abi-Anum left in your house, when the servants arrive they will transport the tablets. As for mine - do not worry about your silver.",AKT 6b.pdf
433. kt 94/k 1008,a-na I ' u ' 234 Various Correspondents En-nam-A -šur qì-bi-ma um-ma IŠtar-ra-bi4-at-ma a-na En-nam-A -šur qì-bi₄-ma a-ma-la d-ir-d-ka ša -lu-wa .- ta-aš-pu-ra-ni wa-ar-ha-am iš-te-en u 2 wa-ra-am e-ri-iŠ-ka-ma ld ta-dš-me-a-ni KB 2 ma-na i-na be-et DAM.< GAR> -ri-im a-šì-ma i-na IGI me-ra St um-me-a-nim KB i-ku-nu-uk be-d-a-rna i-ba-H me-er- < i > a-ta lu tup-pu-um ša hu-bu-ul ${-!a-diM? lu tup-pu-um iŠ-tlí-en u H-na lu tup-pu-um ša Be-lu-ba-ni i-ba-H a-ma-kam IGI (hu-ra-nim tup-pì a-na Pu-zu-ur-ku-nu u -lu-wa pì-iq-da-ma lu-ub- < lu > -nim,"To and Ennam-Assur from IStar-rabi' at; specifically to Ennam-Assur: In accordance with your message which you sent with Aluwa I asked you for one or two months, but you did not listen to me. 10 I have borrowed some 2 minas of silver in a merchant-house and the silver was sealed with Aluwa's seal with an affiliated trader as witness, and it is in my own house. My dear son, the tablet concerning Sill- Adad's debt as well as one or two other tablets, and the tablet concerning Belum- bani are available - entrust those tablets there with l.e. as witness to Puzurkunu and Aluwa so they may bring them. 25",AKT 6b.pdf
434. kt 94/k 1735,[um-ma 1-li-]dan-ma [a-na En-nam-]A-šur qi-bi-lma [x x x x] a-na E-ra-di [x x x TUG.]HI.A [(x) Šu-zu-]zu DUMU E-ra-di [x x x ]-ma TUG.HI.A [x x x]-nu : KB ma-la ta-aš-u-mu a-na Šu-zu-zu : di-in TUG.HI.A ša LUGAL-diM na-aš-u-ni sA.BA i TUG a-na A-šur-i-mì-lti rDUMU ₁[-mur-]DINGIR i-a-u-ltum a-na da-ml-iq-tim ka-an-ku 3 1/3 TUG.HI ku-wa-ti ka-an-ku 1 TUG pa-ni-am: ša ku-lwa-ti a-di-na-ku-ni : u a-ni-u-tim ba-ti-r iq 1 u wa-tu-ur r dz₁-ma : Ši-im-šu-nu še-bi-lam i-na ANSE ša LUGAL-diM 1 ANSE i-a-um uša A-šur-i-mì-ti e. a-na ŠE-im ša pa-i 236 Various Correspondents a-di-na-ku-ni KB še-bi-lam-ma ŠE-amš la-dŠ-a-ma-kum it a-šar i-ša-pu-ku wa-di,"From Ili-dan to Ennam-Assur: ... for Erradi ... textiles Su-Zuzu son of Erradi ... The textiles ... Give what silver you have bought to Su- Zuzu. As to the textiles that Sar-Adad brings, of those 2 textiles for Assur-imitti son of Amur-ili, belonging me, have been sea- to led as a favour. 3 1/3 textiles have been sealed for you. 1 previous textile that I gave to you plus these - sell them for any price and send me the proceeds. Of the donkeys of Sar-Adad 1 donkey be- longs to me and to Assur-imitti. With respect to the grain that I promised you, send me silver so I can buy grain for you, and explain where it is stored.",AKT 6b.pdf
435. kt 94/k 1411,"[um-ma] 1-li-dan-m[a] [a-na] En-nam-A -šur r qz₁-bi₄-/ ma a-hi a-ta be-lt a-[ta ... ] ta-li-kam-ma [ ... ] tit-ša-[. .. ] ma-la[ ... ] break r d' XX 1 ttS -v [ •.. ] li-mu-tu [ ... ] a-di-i tup-p[u] la i-mu-tu-u girm""i-li-ka-a ld a-ga-mz-il₅-ka-a it KB maŠ-qd-a[l-]ta-[k]a mš-ma r u-la 1 [a-]Ša-[ qa-la-]kum","From Ili-dan to Ennam-Assur: My dear brother and lord, ... you came ... . .. let (the tablets) be invalid. As long as the tablets have not been inva- lidated at all, I shall by no means show you any favours and I shall not make any payments in silver to you.",AKT 6b.pdf
436. kt 94/k 817,"a-na Ku-ku-a LUGAL-Su-in -gi-a u En-nam-A -šur qi-bi-ma um-ma 1-li-[dan-ma] a-na En-nam-A-šur qi-bi-[ma] a-hi a-ta mi-šu ša ta-[aš-pu-ra-ni] um-ma a-ta-ma SIG.HI.[A ... ] ša v gz-mz- - '/"" t u-še- ' v' [ ... ] um-mt ' tup-pt-t ' '[ m ... ] rup-pa-am ša a-[ ... ] ša i-a-t[i ... ] m[a ... ] x lines lost i-tu-ar [ ... ] a-wa-ti-ni a-di [tup-pu-um] ša 45 ma-na KB [Ia i-mu-tu] mi-ma gi-ml-li-ka Ia [u-ta-ar] iŠ-tu tup-pu-um ša 45 [ma-na KB] i-mu-tu u gi-mì-li-ka a-[da-an-ma] u SIG .HI. a-na Tu-ku-ub-r tu 1 Šdl-ma-am u-ba-lam qa-ti a-di-ma [ ... ] Tal-ha-at ma-ma-an iš-tu Ša-da-ha-ar a-Ha-ra-be-et u-ra-da-am lei i-le-e a-šu-ri e ta-at-/ru-da-šu-ma 238 Various Correspondents i-li-bi4 ma-tim m1-ma e < i- > ni-pi-Šu-ma li-ba-ka e a-na-ku la ta-hu-a-ku a-ma-a .- a-wi-/lu a-ni-u-tum lu i-de₈-u otes: l. 7': Tukubtu seems here geographical","To Kukuwa, Sar-Suen, Agiya and Ennam- Assur from Ili-dan; specifically to Ennam-Assur: My dear brother, why have you written as follows: ""Wool ... who ... a favour ... "" The original tablet ... the tablet ... will return ... of our case. As long as the tablet concer- ning 45 minas of silver has not been inva- lidated I shall not show you any favours. After the tablet concerning 45 minas of silver has been invalidated I shall show you my favours, and then I shall bring the wool safely to Tukubtu. I deposited my share, and ... Talhat. No-one can go down from Sadahar to Harabet. God forbid that you should send your servant and that you should be angry be- cause something was done in the central e. country. I am personally not involved. May these men know this indeed! name, but in the related document no. 488 it",AKT 6b.pdf
437. kt 94/k 625,"[a-]na rMAR. ₁T[U-ba-ni] [En-]na-nim u En-um-[A-šur] [qí-b]i-ma: um-ma Ku-ku-wa-ma [a-na-k]am: ha-ra-ni ra-ta ₁-be-a-ma : a-ta-lci-kam I-dí-Htar: u : KB-ap Ma-num-ba-lum-A -/šur ""We li-bi4-ka Mannum-balum-Assur : a-pu-tum 10 possession."" ₁-hu-u-a : be-lu-a : a-tu-nu lords, E be-TIM u-pa-ri-id lo.e. ]-tu-šu a-na ša ki-ma 15 tatives, ld-tal-kam rx₁ ta rxaš'l x t]a azš ta zi I it x x] a-ša-ka-ku-ni ... ]a-na na [x x] me-ma ... ] me r x 1 zu- ' ... ]TUG[ ... ] ... m]e-a[t ... ]","To Amurrum-bani, Ennanum and Ennam- Assur from Kukuwa: Here I would set out on a journey and come, (but) Iddin-IStar and on their own responsibility said: have seized all the silver belonging to that was in your Urgent, my dear brothers and he terrified the house there ... message should come to my represen- so I can set out and come.",AKT 6b.pdf
438. kt 94/k 692,um-ma 1-dì-a-bu-um-ma a-n[ a] From 240 Various Correspondents Šu-ma-li-ba-A-šur u En-urn-A-šur qi-bi-ma 1 ma-na 2 GIN KB li-tle : hi-la-ti-šu ku-nu-ki-a : Šu-ma-li-ba-A -šur na-Ši a-ma-kam 1 ma-na KB Šu-ma-li-bi-A -šur 1 ma-na-im KB lu-ra-di-ma 2 ma-na KUG ku-un-ka-ma Ku-lu-ma-a : a-na a-li-ki pci-ni-u-tim-ma di-na-rna : lu-ub-lu-u H-ta a-na wa-BI-im KB šu-uk-na a-na Šu-ma-li-bi-A -šur qi-bi-ma 1 ma-na KB i-na ra-mt-ni-ka di-in-ma ša ITI.KAM-im iŠ-ti-in le-qe: šu-ma KB a-qci-ti-ka : u-la ma-qi-it EDAM. GAR le-qi-a-lnim a-dí: a-la-ki-a ša ITI.KAM iš-ti-lin la-aš-qul a-hu-u-a a-tu-nu ih-da-ma I.e. KB še-bi-lci : lu-mu-un li-bi-im a-Ku-lu-ma-a la a-ra-H,"Iddin-abum to Summa-libbi-Assur and Ennam-Assur: 1 mina 2 shekels of litu-šilver, with exuda- tions, Summa-libbi-Assur brings under my seal. Let Summa-libbi-Assur add 1 mina of refi- ned silver to the one mina of silver there, seal 2 minas of silver and give them to the first travellers so they may bring them to Kulumaya. Set silver ... two ... for ... To Summa-libbi-Assur: Give 1 mina of silver of your own and take interest for a single month. If no silver has fallen into your hands, then take some at interest from a mer- chant-house. I shall pay interest for a single month until I arrive. My dear brothers, take care send the to silver. Let me not have to face Kulumaya's anger.",AKT 6b.pdf
440. kt 94/k 688,um-ma lli₅-ba-ni-ma a-na En-nam-A -šur qí-bi-ma H-im KB 411/2 ma-na URUDU te-zi-ba-am _. be-eš KB i-ša-am-H ta-ta-al-ku i-li-kam-ma um-ma šu-ut-ma URUDU 45 1/2 ma-na um-ma a-hu-um eb-ru-lma iš-tu-ma a-we-lum i-tal-ku : a-wa-tum la e-ri-ik ta-ml-Šu u-ta-mi-šu-ma 4? ma-na URUDU a-na-lku a-dì a-hi a-ta KB-ap-šu a-na Ma-ma-hi-ir dí-in-ma KB ša be-u-la-tì-a li-dì,"From IIi-bani to Ennam-Assur: You left the price in silver for 41 lh minas of copper. The owner of the silver came here the ve- ry day you had left, and he said: ""It was 45 Yz minas of copper."" Brother and friend answered: ""Since the man has left, the matter should not be long-drawn-out_ Make him swear."" I made him swear and I personally deposi- ted 4 minas of copper. My dear brother, Give the silver for it to Man-mahir so he can add it to the silver of my working ca- pital.",AKT 6b.pdf
441. kt 94/k 862A+,[a-na Ku-da-tim J [KISIB Na-ab-Šu-i]n [u En-um-A]-šur,To Kudiitum; seal of Niib-Suen and Ennam-Assur,AKT 6b.pdf
443. kt 94/k 1316,um-ma Ku-zi-a-ma a-na En-nam-A-š1ur] qi-bi-ma URUDU ku-nu-ki ša Šu-Zu-zu ni-ip-tu-/ur 51 1/2 ma-na URUDU SIG₅ ni-iš-ni-r iq-₁ma URUDU SIG₅ ku-n[u-ki-]ka ni-ip-t[u-ur-m ]a 46 ma-n[a] ni-iš-/ni-iq URUDU ld-mu-nam 37 rma-na₁ m-tš-m-tq SUNIGIN URUDU-i-ka lu SIGs lu la-mu-[nu]m 2 GO r14₁ 1/2 ma-na ku-nu-ki-a Ša-lim-wa-/ar-di na-aš-a-kum SIG.HLA lu gam-am-ru-ma lu ni-iš-ha-tum lu mu-ta-u 4 GO LA 5 ma-na iz-ku-a-am tup-pi ku-nu-ki-ka na-aš-u-ni-kum Le_,"From Kuziya to Ennam-Assur: We broke open the copper sealed by Su- Zuzu. We checked (the copper): Sllh minas of good copper, and we broke open the good copper under your seal and checked 46 minas; as for the bad copper we checked it (and found) 3 7 minas - total of your copper, both good and bad: 2 talents 14 1h minas; Salim-wardi brings that to you under my seaL The wool - both expenses, import duty and deficit - has been cleared as 4 talents less 5 minas. They bring you my tablet with your seaL",AKT 6b.pdf
444. kt 94/k 1522,"a-na Ku-zi-a u Še-ep-ŠŠtar qi-bi-ma um-ma En-um-A-šur-ma a-na Še-ep-ŠŠtar qi-bi-ma -- a-ma-kam-ma u-na-hi-id-ka um-ma a-na-ku-ma : a-na ba-ab-ti-/a i-hi-id-ma : a-di-i : a-la-ka-ni ba-ab-ti .- za-ki-ma URUDU pa-ni-a-ma ma-la ta-ma-hu-ru _. a-na qa-te-e am-ti-a : di-in-ma : i-na E be-ti-a li-ni-di: u me-eh-ra-am ša ba-a-ba-ti-a : a-[na PN] u Še-ep-ŠŠtar e-[zi]-ib 1 GU 4 1/2 ma-na URU[DU ... ] 26 ma-na URUDU ma-ršìl[-am] ršt₁-im ku-ta-nim : a-ha-ma 6 ma-na 10 GIN URUDU ma-ši-um pa-ni-um mz-ma a-nim i-li-bi-i Ma-ru-ša-la 27 ma-na URUDU ma-ši-um 9 ma-na URUDU la-mu-num : mi-ma a-nim i-li-bi₄ En-um-A -šur DUMU 8 2/3 ma-na 5 GIN URUDU la-m u-num i-li-bi₄ ṣi-li-a 30 ma-na URUDU ma-ši-um iš-ti rš;u?₁-A-šurDUMU Ši-ip-ri-im sA IM [(x-)x-]na i-di-in-ma: i-ma-nu-ma [i-]ba-Ši Si-tiURUDU ša-aŠ-qi-ld-Šu a-hu-u-a: a-tu-nu me-eh-ri: am-ra-/ma a-ma-la me-eh-ri-a : ba-a-ba-ti-a za-ki-a : ba-a-ba-ti-a: Ši-ep-Htar i-de₈-e: ma-la URUDU iš-tí Be-li-a u < > ta-am-hu-ra-ni -- ma-la i- ba- ab-tí-a tu-še-F-a-m : tš-tt 'Jb -m- -diM ' v' ' - -v ti-ir-ta-ku-nu li-li-kam a-H-tfURUDU ša ra₁-hu-ru Šíí-ep-ŠŠtar na-hi-da-ma: ba-ab-tam ld a-[ka-]ša-dam: šu-ma A-bu-ša-lim r-""'lt[' u Šv a- l'] -tu-ar , , zš - [ ... ]-i-a-ni","To Kuziya, and Sep-IStar from Ennam-Assur; specifically to Sep-!Star: I instructed you there, saying: ""Pay attention to my outstanding credits, clear my credits before I come, and give at once the copper you receive to the care of my maid, and let it be deposited in my house."" Also, I left a copy of my outstanding cre- dits to PN and Sep-IStar. 1 talent 4 12 minas of copper ... , 26 minas of washed copper, the price of a kutdnu, further, 6 minas 10 shekels of prime was- hed copper - all this is owed by Marusala. 27 minas of washed copper and 9 minas of bad copper - all this is owed by Ennam- Assur son of Assur-bel-awatim. 8 2/3 minas 5 shekels of bad copper is owed by Silliya. 30 minas of washed copper owed by Su- Assur, the messenger ... ; ... gave it and (when they have) counted it, it will be available. Make him pay the rest of the copper. My dear brothers, look at the copies and clear my outstanding cre- dits in accordance with my copies. Sep- !Star knows about my outstanding credits. Send me word with Ibni-Adad about how much copper you have received from Beliya and what credits you have produ- ced. Instruct Sep-IStar about the rest of the copper that remains and I shall not obtain the outstanding credits. If Abu-salim lea- ves Salatuwar, let him leave ---",AKT 6b.pdf
445. kt 94/k 1426,[u]m-ma Bíí-lí-a-ma a-na 248 Various Correspondents En-nam-A -šur u ŠŠtar-ba-aš-/ti qi-bi-ma 2 pa-li-/li 2 šu-ru-ku u SfG.HI.! [sja qa-ra-bi-tim iš-te-ni-iš GU I ma-na 9 40 a-na En-nam-A -šur qi-bi-ma : a-hi a-ta e. i-ha-ra-nim-ma ta-aq-bi-am um-ma a-ta-ma : ANSKHLA lu-qu-tim a-ra-di-/am tup-pa-am a-na am-ti-ka : u i-a-ti la-pz-tam-ma ŠíG.HI-at-ka r lu ₁-ša-Ši-a-kum a-hi [a-]ta SIG.HLA ša-5í-/a-ma r ₁-na-r ku 1 ta-5í-a-/tim e. ha-bu-la-kum [(x)] šu-ma na-ru-qa-tim [ša URU]DU di-in [x x] KB [x x x] i-ra-mz-ni-ka di-ma [(x x) p ]a-li-lam ša-am,"From Beliya to Ennam-Assur and !Star- basti: Two paliluš worth x talents (of copper) each, two šuruk(k)u and wool from within the house- in all 9 talents 40 minas of wool are avai- To Ennam-Assur: My dear brother, when we were on the journey you said as follows to me: ""I shall lead the donkeys with the goods. Write a tablet to your maid and me so I can have your wool carried to you."" My dear brother, have the wool carried here, and I personally will be in your debt for the cost of carriage. If the sacks with copper ... give ... silver . .. give of your own funds, and buy a pali- lu.",AKT 6b.pdf
446. kt 94/k 630,"um-ma Ku-du-du-ma a-naMu-za u En-nam-A-šur qi-bi₄-ma 17 ma-na URUDU Ši-kam TOG, a-na Ka-na-a ,. , ' a- d z-zn-ma pu-uz-ra-am- a-ma-kam 2 1/2 ma-na T a-KB KB ša-aš-qi-i/5-šu 1 ma-na ni-ga-li ku-nu-ki-a a-na Mu-za A-šur-GAL na-Ši 2 GIN KB ku-nu-ki-a Pz-it-ha-na ub?-ía.r ku-um?₁ a-ha-ma 5 2/3 ma-na URUDU SICs ig-ri-šu šu-a-ti-ma a-di-šu-um a-na En-nam-A -šur qi-bi₄-ma r AN?.NA-ki-ma 1 7 ma-/na KB nu-ša-ak-ni_r ik?₁ a-na _r lu-a ₁-ma ni-ip-qi-id u a-r št₁-bu-ti KB a-ma-kam i-ri-ií tup-pz-[a] rx x x 1","From Kududu to Muza and Ennam-Assur: I gave 17 minas of šikku copper to our harnessor Kanaya but he has gone into hiding. Seize him there and take hold of 2 II.! mi- nas of silver (per talent) and make him pay the silver. Assur-rabi brings 1 mina of sickles under my seal for Muza. Pithana has brought you 2 shekels of silver under my seal; further, I gave 5 2/3 minas of good copper as his salary to him as well. To Ennam-Assur: We seized my own tin and had 7 minas of silver sealed. We entrusted it to Aluwa; for you and for the witnesses the silver there ... as soon as you have my tablet",AKT 6b.pdf
447. kt 94/k 1219'',"um-ma En-um-A -šur-ma a-na Ku-ra qi-bi-ma ha-ra-ni a-na -lim{ki} 3 GU 35 ma-na URUDU šz- ""k am ša tup-pz- 'k' v ša-ni-im e-li-im U4-mU-ka 2 Ša-na-at e-ti-qu i-na tu-wa-/ar iš-tu Pu-ru-uš-ha-dim URUDU-rUu ma-šl-a-am a-na Ah-ša-lim u a.r na 1 ša ki-ma i-a-ti šu-qu-ul-ma tup-pa-ka : iŠ.ti Ah-ša-/lim le-qe: šu-ma URUDU ta ta-ka-ša-ad 1 GU URUDU SIG₅ šu-qu-ul-/ma ta-ah-ši-iš-tdm pd-ti-tdm id-a-ma i-na hu-bu-li-ka u URUDU na-am-a-dam ša tup-pz-/ka a-dì tu-wa-ri-a ni-šì 1 ma-na URUDU a-na qa-te dì-in","From Ennam-Assur to Kura: My journey goes to the City. As the 3 talents 35 minas of šikku cop- to per from your second, upper tablet, your term is exceeded by 2 years. When my servant returns from Purus- haddum pay his washed copper to Ah- salim or to my representatives, and get your tablet from Ah-salim. If you do not acquire enough copper, then pay 1 talent of good copper and set down in an open memorandum that it will be deducted from your debt. Then we have settled the majority of the copper from your tablet until my return. Give 1 mina of copper to my servant to dispose of_",AKT 6b.pdf
448. kt 94/k 627,"[a-na Lu-lu] r En-um-A-[šur] [qí-bi-ma a-n]a Lu-lu [qi-bi-ma ... ] [ ... ] [x ma-na K]B ni-iš-ha-šu DIRI ša-du-a-šu ša-bu-u IGI Tu-ra-am-z-H ' šv k"" . ') u u-Ištar v a-na ( erasure: m- 5í-a-ma-tim i-nu-mz a-na -lim{ki} ta-li-ku a-dì-na-kum a-hi a-ta šu-ma AN.NA u-la TUG.HI.A tu-še-li-am a-na En-um-A-šur 252 Various Correspondents dì-in-ma ku-un-ka-ma še-bi-la-nim : a-ha-ma 6 GIN KB-pì iS-tf [En-]um-A-šur tal-qe [x x š1a KB šu-a-tì [ x x x ]-Ju a-pa-ni [x x x Ji-]bi₄-lci-nim","specifically to Lulu from ... I gave you x minas of refined silver, its import duty added, its transport tariff paid for, with Turam-ili and Su-IStar as witnes- ses, for purchases when you went to the City. My dear brother, if you have brought up tin or textiles, give them to Ennam-Assur, seal them and send them to me. Further, you received 6 shekels of silver from Ennam-Assur. --- of this silver ... before ... send it to me.",AKT 6b.pdf
449. kt 94/k 1763,um-ma Ša-lim-IŠtar-[ma a-na] A-šur-na-da u E[n-nam-A-šur] a-na En-nam-A-šur [qì-bi-ma] 20 ma-na KB ku-nu-ki[-ka] Da-da-a-a u Lci-dì-[ a] ub-lu-nim sA.BA 50[+ 4 TUG šu-ruhum₁ [ ••• ] KB it-b[u-lu ... ] AN.NA 16 [GIN TA] 9 5/6 ma-[na KB ... ] 1 ma-na[ ... ] 7 GIN K[B ... ] break,From Salim-!Star Assur-nada and En- to nam-Assur; specifically to Ennam-Assur: Dadaya and Ladiya brought 20 minas of silver under your seal. 4 black textiles cost ... silver; tin at the rate 16:1 cost 9 5/6 minas of sil- ver; 1 mina ... 7 shekels of silver ...,AKT 6b.pdf
450. kt 94/k 1610,"a-na En-umA -šur [uJ A-la-hi-im [qi-b]i-ma um-ma Su-{d}DUMU.IZI-ma [šu úrna a-hu-u-a a-tu-nu-ma : ta-ra-a-ma-ni ki-ma a-na-ku a-na-kam ki-ma ku-nu-ti ,, am-ta- h a-na a-wa-ti-ku-nu a.r za ₁-zu 26 ma-na KB r ,f, - [ ] u a-nt- ... 2 ne-nu: n[a-a]l-pu-lta-ni a-ša-me-rna v e-pi-iš-ti a-we-lim ša-ah-l.i-[ ]t : šu-ma a-we-lum : E-tam i-šu-ma na.r ru-qu₁-šu : šal-rna-at [a-ni-t]um: ta a-ni-tum [ti-ir-]ta-ak-nu za-ku-tum li-li-kam : šu-ma a-we-lam₅ ta-da-ga-la-ma ta i-dum : ki-ma I i-a-ti ša[ ... ] ku [ ... ] I.e. 254 Various Correspondents","To Ennam-Assur and Ali-ahum from Su- Tammuzi: If you are my brothers and love me, since I here fight for you and take care of your affairs, 26 minas of silver ... I gave and ... the two of us have been booked. I hear that the man's actions are in disor- der. Send me a clear report whether it is so or not that the man has a house and his joint- stock capital is safe. If you observe that the man has no sense, then do your very best, acting for me, and",AKT 6b.pdf
451. kt 94/k 618,a-na En-um-A -šur qí-bi4-ma um-ma Tu-ta-a-ma iš-ra-am ša a-na Um-ma-za' ta-dì-na-ni-ni a-na-ku u šu-ut i-na ga-bar-tí ha-ra-nim ni-mì-hi-ir-ma iŠ.ra-am la a-dí-šu-um tri-er-ta-ka li-li-kam-ma a-šar pa-nu-im pa-ni-5í a-hi a-ta ar-Ia-tim ka-ar-pa-at a-na qa-tí-im dí-in,"To Ennam-Assur from Tutaya: As to the belt you gave me for U mmaza, when I and he met at the conclusion of 5 the journey, I did not give him the belt. Send me word and dispose of it wherever possible. 10 e. My dear brother, give a pot of wheat to dispose over. I.e.",AKT 6b.pdf
452. kt 94/k 1616,"[x x IV dt₁-A-š1ur ... [qi-bi-ma] um-ma En-u[m-A-šur-ma] [x x G]U URUDU SIGs ša ki-m[ a] x [a-b]i-ni a-ma-kam ta-puJ lu?₁-ni [ ... ] there 9 GU 20 ma-na URUDU SIG₅ 5' a-na 1-di-A-šur u Li-l[a1 nally a-na-ku-ma qa-dum ša-hi-r[i-i]m with e-zi-ib-šu-nu-ti-ma: a-[ ... ] ahum URUDU 20 GU 40 ma-na URUDU minas r ₁-ld-hu-um 1-dì-A -šure-[ zi-ib-ma] 10' [u-]?a-hi-ir-šu i-na ma-?a-a[r-tim] It [na-]di i-na sA URUDU ša e-z[i-bu] Of [x G]U 5 ma-na URUDU SI[G₅ x ... ] [x Ma-]ma-hi-ir a-na a-[ ... ] lo.e. Man-mahir break [ ... ]rtax₁ [ ... ] [ ... ]a-na[ ... ] [ ... ] -am a-x[ ... ] -v - r 1 [ ] [ ... ] lŠ-rt X ... [ ... ] r x₁ URUDU [ ... ] 5"" re₁ [xx] rx₁ [xxx]a [ ... ] ru ?U-₁ha-ru-a [ ... ] [x] tì a-na ša[ ... ] [x] ri bu ma [ ... ] 256 Various Correspondents [x x] URUDU ka rxl [ ... ] 10"" [x x š1aMa-ma-[hi-ir ... ] break","and Iddin-Assur from Ennam-Assur: talents of good copper that you balanced on behalf of our father ... talents 20 minas of good copper I perso- left to Iddin-Assur and Lila together the šahhiru-copper, and ... copper, Ali- (with) Iddin-Assur left 20 talents 40 of copper and he debited him for it. is deposited in the safe. the copper that he left ... talents 5 minas of good copper ... ...",AKT 6b.pdf
453. kt 94/k 806,"[a-na En ]-um-A -šur qi-bi-ma [ um-ma] Šu-Nu-nu-ma a-rna 1 ma-la [ na-aš-p ""]' e-er-tl- 'k'v ša a-na < -a> u [A-šu]r-ka-5í-id tu-La-pz-ltu [x x] um-ma [šu-ut-ma] e-la-an KB 1 1/2 m[a-n]a [x x x]-ra-di ku-nu-ki-šu [x x x]-hi-im a-di-in [KB mi-ma] la i-di-na-am [x x x um]-ma a-na-ku-ma [X X X X] še-ší-am [x x x x] x il5-ka [x x x x] rma1 URUDU [X X X x] um-ma ŠU-Ut-ma [x x x] i-di-nim [um-ma a-na]-ku-ma a-ša-ar-ba [KB KB-ba [ke-]na-ti-ma la-dì-šu-um [um-ma] šu-ut-ma a-ša-qal [IGI] I-ku-pz-a DUMU A-rda-ta-at₁ [IG]I Šu-ŠŠtar DUMU Šu-ku-tí-im","To Ennam-Assur from Su-Nunu: in accordance with your missive which you wrote to me and to Assur-kasid we have seized him ... and he said: ""Apart from some 1 ),2 mina of silver ... under his seal ... I gave."" He did not give me any silver! ... I said: ""Produce for me ... "" ... copper."" ... He answered: "" ... in court."" I answered: ""In case I did give you the silver, should I in fact also give that very silver it to him?"" He answered: ""I shall pay""_ Witnessed by Ikun-piya son of Adallal, by Su-IStar son of Sukkutum.",AKT 6b.pdf
455. kt 94/k 1148,[a-na E]n-um-A -[šur] [KISIB xúna [ ... ],To of Ennam-Assur ... seal of ...,AKT 6b.pdf
457. kt 94/k 798,"[a-n]a ša 2 112 ma-na [(x)] rKB₁ u [ša] -da-da ha-bu-ld-[ ku-ni] [ ni-k ],1-šì ni-ší.ma [x] ma-na KB [u] 1 ku-ta-nam i-na [p ]I tup-pí-šu a-na A-ld-hi-im i-da-[ an] a-ha-ma a-na 1 ma-na 7 GIN ša H-ta : ta-ah-ší-ša-tl-a a-za-ka-ar-šu-ma i-ša-qa-lam IGI l-tur₄-DINGIR DUMU A-mur-Htar IGI A-ta-ta ha-pu-dim IGI -lu-la-a DUMU J.ša-li-a empty space ma-na GIN iŠ.tí 1 10 KB A-lu-la-a u <X-> {d}UTU al-qe-u 6 TUG.HI.A qa-dum 1 TlJG ša E-na-ah-DINGIR i-dí-nu-ni a-na E ka-ri-im a-na mì-iŠ.li ša a-bi-ni a-dì-i ma-ld ta- < az > -me-ru-ni šu-mi a-bi-ni i-na E ka-ri-im lu-up-ta-ma u mi-iš.li u ša a-bi-a 1-dí-ŠŠtar En-na-num li-ta-dí-u a-ba-u-a be-lu-a a-tu-nu u Ši-tí KB ša i-E ka-ri-im i-Ši-tu ih-da-ma ša-dí-na-šu-nu empty space I.e. 4 ma-na KB a-ha-rna 1 tup-pu-um ša 1? ma-na KB i-na E i-[. .. ]","Concerning the 2 1h minas of refined silver and its interest that Adada owes to you, we settled accounts and he must give x mina refined silver and 1 kutanu in accordance with the text of his tablet to Ali-ahum. Further, I shall formally state to him the 1 mina 7 shekels from my two memo- randa, and he must pay. Witnessed by ltiir-ili son of Amur-IStar, by Atata the blind one, by Alulaya son of lsalia. l received 1 mina 10 shekels of silver from Alulaya and ... -Samas. I deposited at the office of the colony as a half-share of our father 6 textiles, including Enah- ili's textile. Write our father's name in the office of the colony for what you account for them, and then Iddin-lstar and Ennanum may deposit my father's (other) half- share. My dear fathers and lords, also, the remainder of the silver, whatever is left in the office of the colony -take care to make them pay that! 4 minas of silver, further, 1 tablet con- cerning 1 mina of silver in the house of",AKT 6b.pdf
458. kt 94/k 1218,"z-šu-šu-um . v v um-ma 1-na-ah-DINGIR-ma KB šu-qu-ul a-we-lum KB u-ša-aš- ''""( erasure )'l'' qa- a-nz a-na-kam Šu-ŠŠtar u ŠŠtar-la-r ma 1-sí ik-ta-na-lu-u-ni um-ma šu-nu-ma KB a-hi-ka r lci₁ ta-ša-qa-al-ma lu-mu-ul-li-bi₄-im e. a-na a-hi-ka 262 Various Correspondents la ta-ra-Ši um-ma I-na-ah-DINGIR-ma KB 10 ma-na tìpu-uŠ-ma tu-ub-lam KB a-na ma-la tup-pt-ka ha-ar-mz-im šu-qu-ul šu-ma a-dì 10 u4-me-e Ia ta-tal-kam u-la tí-ir-ta-ka a-na ša ki-ma ku-wa-tí Ia i-tal-kam KB a-na I-na-ah-DINGIR a-ša-qal","... he has against him. lnah-ili said: ""Pay the silver!"" The man wants to make me pay the sil- ver. Su-IStar and IStar-lamassi keep holding me back here, saying: ""Do not pay your brother's silver and incur his anger!"" Inah-ili said: ""You have made and brought here some 10 minas of silver. Pay the silver in ac- cordance with your certified tablet."" If you have not come within 10 days or have sent word to your representatives, I shall pay the silver to Inah-ili.",AKT 6b.pdf
459. kt 94/k 779,La-qe-ep DUMU Šu-A-šur a-dì-in a-ša-me-ma ma-aš-ka-tu-šu u-še-bi-lam a-ma-kam DUMU Puzur₄-ša-du-e ša-lci-ma : lu KB ša-al-/tam lu H-im pì-ri-ka-ni u-še-bi-lam KB ma-lci u-še-bi4-la-ni i-ku-nu-ki-šu-ma i-qa-d am-tì-a li-ib-H a-hu-a : a-tu-nu : a-ma-kam GEME? u E-wa-ri-mu-ša na-hi-da-ma ba-ab-tt lu-pa-hi-ru-ma KB ma-la i-na ku-nu-ki-ku-nu a-dì a-la-ka-ni i-be-tí-a li-ib-H u na-hi-da-ma u-ta-tam u lu-pa-hi-ru-nim u-ta-tam lu ŠE-am lu GIG ša u-ší-ru-bu-ni-ni-ma a-na KB am-tum lu ta-ta-di-in-ma KB E-ti-ša li-ib-št a-dt a-la-ka-ni 12 GIN KB iŠ-ti < PN > 6 e-ri-qa-tum iš-tí I.e. -H-u-ma-an a-hu-a a-tu-nu ba-ab-ti za-ki-a,"... I gave to Li-qep son of Su-Assur. I hear that he sent his deposit. Ask the son of Puzur-sadu' e there whether he sent ready cash or the pro- ceeds from the pirikannuš. What silver he sent should remain in the hands of my maid under his own seal. My dear brothers, instruct the maid and Ewarimusa there to collect my outstan- ding claims, and the silver you produce (plural) should remain in my house un- der your seals until I arrive. Also, instruct my servants to gather grain and firewood. The maid should sell the grain, whether barley or wheat, that they bring in, for silver and the silver should remain in her house until I come. 12 shekels of silver is owed by PN. 6 wagons are owed by Asi-uman. My dear brothers, clear my outstanding claims.",AKT 6b.pdf
460. kt 94/k 1636,KISIB -lu-la-a a-na En-nam-[A-šur],Sealed by Alulaya; to Ennam-Assur.,AKT 6b.pdf
462. kt 94/k 1639,a-na Ma-r nu-ki-A ₁[-šur] break,To Mannum-ki-Assur ...,AKT 6b.pdf
463. kt 94/k 877,a-na ša ki-ma /-a-tl u r 1 Be-la-nim?₁ KISIB₁ En-um-A-šur,To my representatives and Belanum; seal of Ennam-Assur.,AKT 6b.pdf
464. kt 94/k 1177,"16 ma-na KB 1-ku-nim DUMU 1li5-ba-ni ITLl.KAM ab-ša-ra-ni li-mu-um Šu-Hu-bur DUMU E-la-lí a-na MU.10.SE KB i-ša-qal a-ha-ma 11/3 ma-na K[B iì-tí-Šu-ma a-na ba-ab ha-[ra-n]i-a i-ša-qal 12 ma-na KB A-ta-a-a DUMU Šu-Htar En-um-A-š1u]r i-šu-u u Ša-lim-A-šur qa-ta-[t]um ITI.l.KAM ša k[e-n]a-tim li-mu-um ša qa-ti Puzur₄-Ni-r[a-ah] a-na 46 ha-am-ša-tim i-ša-qal a-ha-rna 1 1/2 ma-na KB A-ta-a-a-ma a-na 20 ha-am-Š(a-tim] i-ša-qal u 2/3 ma-na KB be-u-la-t[u₁-šu] [i]ì-tìKB-pì-ma uk-ta-al12 ma-[na KB] 1-ri-H-im a-n[a] 16 ha-am-ša-tim i-ša-qal a-ha-rna 2 1/2 [m]a-na KB 1-ri-H-im-ma a-na 12 ha-am-ša-tim i-ìa-qal 1 1/2 ma-na KB E-ri-H-im u Ili5-ba-ni a-hi-šu a-na 4 ha-am-ša-tim i-ša-qu-lu 1/3 ma-na KB iš-ti Ili5-ba-ni iš-tu -lim i-[tit-]a-ri-lšu i-ša-qal10 1/2 ma-na KB N-la-ah-ŠŠtar ITI.l.KAM tí-i-na-t[im] li-mu-um 1-dí-A-šur a-na 46 ha-am-ša-tim 270 Contracts i-ša-qa/9 ma-na 112/3 GIN KB A-šur-e-mu-qi a-16 ha-am-ša-tim i-ša-qal 4 ma-na KB iš-ti -šur u -šur-DUG a-na 6 ha-am-ša-tim i-ša-qu-lu KUG i-qd-qa-ad Šdl-m1-šu-nu ra-ki-iš 5 ma-na KB Du-du DUMU Ba-zi-a ITL 1.KAM ša ke- < na- > tim li-mu-um ša qa-tí I-di-A -šur 4 ma-na KB i-na li-bi4 -šur-ma-lik a-na 20 ha-am-ša-tim i-ša-qal 2 GU 30 ma-na URUDU SIG5 1-U-e-mu-qi DUMU -mur-{d} /UTU a-na 20 ha-am-ša-tim i-ša-qal 2 ma-na KB Ld-qlpi-im DUMU 1-zi-za-am-DINGIR a-na 3 ha-am-ša-tim KB i-ša-qal 2 ma-na 10 GIN KB Ša-gi-im u Šu-ma-bi-a me-er-i-šu KB i-qd-qa-ad Šdl-m1-šu-nu ra-ki-iš 1 1/3 ma-na 4 GIN KB A-šur-na-da u Ša-ha-ar-DINGIR KB i-na qa-qa-ad Šdl-mi-šu-nu ra-ki-iš a-na 6 ha-am-ša-tim i-ša-qu-lu 2 GU 2 ma-na URUDU Ši-kam Zi-ki-ki ITI.1.KAM ma-hu-ur-1-li li-mu-um A-mur-A-šur a-na ITL2.KAM i-ša-qal u 2/3 ma-na KB be-u-ld-at Zi-ki-ki-ma iš-ti KB šu-ma a-e-ma u-da-pì-ir ITI.l.KAM a-ld-na-tim Šu-Hu-bur 1 2/3 ma-na KB diM-GAL ITL1.KAM ti-i-na-tim Šu-da-a a-na 8 ha-am-ša-tim A-šur-dan DUMU U-ku KISIB Ši-lu-lu a-hi-šu Bu-zi DUMU Šu-A-nim ša ŠE-am ša-< a-> mz-im i-naA-lim{ki} a-na A-šur-dan DUMU I U-[ku] ša-lim-A-šur i-du-nu-ma SIG₅ ma-hi-ir bi-ri i-na A-li[m{ki}] i-ma-da-ad 6 ma-na KB u 1-Šar-ki-ma-ta-an a-hi-šu line erased 2 ma-na 10 GIN KB Ku-zi-a DUMU Bu-zi-zi ITI.l.KAM ma-hu-ur-DINGIR li-mu<-um> ša qa-tz 'diM - b a-m . v ' DUMU PuzurrE-a 5 ma-na KB Ga-al-ga-li-a uA-lu[-u D]UMU A-du-du 3 ma-na KB Šu-Ld-ba-[an] I.e. DUMU Ba-ziA-šur-DUGDUMU En-na-nim u Ha-nu-nu a-na 10 ha-am-ša-tim i-ša-qu-lu 15 GIN KB Šu-Šu-in DUMU Zu-ku-a a-na 3 ha-am-ša-tim KB i-ša-qa[l] šu-ma l ' r zš -, -qu 'l F-t ' -b -tam ' [ ' ']b v 272 Contracts r it 1 1/3 ma-na r2₁ GIN KB ]r En-na-r Šu₁-in li-mu-um _r šur ₁-SIG₅ 1 ITI.[KAM] ku-zal-li","minas of refined silver owed by Ikunum son of Ili-bani. Month Ab- šarrdni, eponymy Su-Hubur son of Elali. He will pay in 10 years. Further, 11/3 mina of refined silver is owed by him as well; he will pay at the start of my jour- ney. Ataya son of Su-IStar owes 12 minas of refined silver to Ennam-Assur, and Salim-Assur is guarantor. Month Ša- kendtim, eponymy after that of Puzur- Nirah. He will pay in 46 weeks. Further, 1 1h mina of refined silver is owed by Ataya as well; he will pay in 20 weeks. Also, 2/3 mina of silver is his working-capital; he is held in service by the silver. 12 minas of refined silver is owed by Erisum. He will pay in 16 weeks. Further, 2 1h minas of refined silver is owed by Erisum as well; he will pay in 12 weeks. 1 1h mina of refined silver is owed by Erisum and his brother Ili-bani; they will pay in 4 weeks. 1/3 mina of refined sil- ver is owed by Ili-bani; he will pay on his return from the City. 10 1h minas of refined silver is owed by Pilah-IStar. Month Teìndtum, eponymy Iddin-As sur. He will pay in 46 weeks. 9 minas 11 2/3 shekels of refined silver is owed by Assur-emuqi. He will pay in 16 weeks. 4 minas of refined silver is owed by Usur-sa-Assur and Assur-tab. They will pay in 6 weeks. They are jointly respon- sible for the silver. 5 minas of silver is owed by Dudu son of Baziya; month Ša-kenatim, eponymy after Iddin- Assur. 4 minas of silver is in the possession of Assur-malik. He will pay in 20 weeks. 2 talents 30 minas of good copper is owed by Ili-emuqi son of Amur-Samas. He will pay in 20 weeks. 2 minas of refined silver is owed by La- qep son of lzzizam-ili. He will pay in 3 weeks. 2 minas 10 shekels of refined silver is owed by Sagum and his son Sumi-abiya; they are jointly responsible for the silver. 1 1/3 mina 4 shekels of refined silver is owed by Assur-nada and Sahar-ili; they are jointly responsible for the silver. They will pay in 6 weeks. 2 talents 2 minas of šikku-copper is owed by Zikiki. Month Mahhur-ili, eponymy Amur-Assur. He will pay in 2 months. Also, 2/3 mina of refined silver is the working-capital of Zikiki as well; he is held in service by the silver. If he runs away somewhere, he will pay interest. Month Allandtum, eponymy Su-Hubur. 1 2/3 minas of silver is owed by Adad- rabi. Month Teìnatum, eponymy Sudaya. It runs for 8 weeks. Sealed by Assur-dan son of Uku, by his brother Silulu, by Buzi son of Su-Anum. They will give the copper in the City to Assur- dan son of Uku, Salim-Assur's represen- tative, for buying barley, and he will measure out good barley in the City ac- cording to the rate of the biru-officials. 6 minas of silver owed by Hubazi and ISar-ki-matan, his brother. 2 minas 10 shekels of refined silver is owed by Kuziya son of Buzizi. Month Mahhur-ili, eponymy after Adad-bani son of Puzur-Ea. 5 minas of refined silver is owed by Galgaliya and Alu son of Adudu. 3 minas of refined silver is owed by Su- Laban son of Bazi, Assuqab son of Ennanum and Hanunu. They will pay in 10 weeks. 15 shekels of refined silver is owed by Su-Suen son of Zukuwa. He will pay the silver in 3 weeks; if he has not paid, he will add interest. Also, 1/3 mina 2 shekels of refined silver is owed by Enna-Suen. Eponymy Assur- damiq, month Kuzallu.",AKT 6b.pdf
465. kt 94/k 1407,14 mu-ta-tim 2 e-li-ta-an še-ep-ŠŠtar ku-r nu ₁-ku r ša 1 it Ša-lim-wa-ar-dì a-na DAM [Še'-e]p-ŠŠtar r it 1 Ša-lim-wa-ar-dì ip-qi-du IGt I-di-A-šur DUMU Ku-zi-ld-r nim 1 riGI DVG₁-a-hi-e₁ [DUMU Ir]-bi4-cliM [x x mu-ta]-bi4-il5 [IGI Puzur4-ša]-du-e [a-hi] r ₁-la-hi-im,"half-packs and 2 top-packs sealed by Sep-IStar and Salim-wardi Sep-IStar and Salim-wardi entrusted to the wife of IStar-pilah. Witnessed by Iddin-Assur son of Ku- zil:inum, by Tab-ahe, son of Irbi-Adad, ... -muttabbil, by Puzur-sadu'e brother of Ali-ahum.",AKT 6b.pdf
466. kt 94/k 737,a-na H-im 17 ma-na AN.NA 8 1/2 GIN.TA 2 ma-na KB-ap-lšu ša -di-da i-di-na-ni-ma a-na-ku a-na Ti-me-el-ki-a -la-hi-im u-še-bi-lu-šu a-na-kam ni-ka-ši a-na-ku u -ld-hu-um ni-ši-ma iš-tit H-im 3 TUG ku-ta-ni ša be-u-la-at -šur-ka-H-i[ d] i-di-na-ni-ma 8 GIN.TA aš-ku-nu-šu-ni lu Ši-im 5 ma-na AN.NA-ki-šu ša tš-tt 'D an- -šur ... v -v v [ ] u mu-ta: Š[a ... ] 4-hi-ir-ma 9 GI[N ... ] 274 Contracts lu KB 4 GIN ša a-šu-mi [ ... ] [x x) ŠU-Um-ŠU X 1 r rna ₁-na 7 1/2 GIN K[B] i-li-bi -la-hi-im E[ n-n ]am-A _r šur 1 i-dt-i IGI 1-ri-H-im DUMU A-mur-{d}UT[U] IGI Šu-A-šu[r x x x]-A-šur IGI Šu-ŠŠtar [DUMU Šu-ki]-tim,"I and Ali-ahum settled accounts here concerning the price of 17 minas of tin at the rate 1:8 1h (its value in silver is 2 mi- nas) that Adida gave to me and which I personally sent to Timelkiya to Ali- ahum: after he gave me the proceeds from 3 kutanu-textileš as Assur-kasid's working capital and I set down 8 shekels per piece for him, then both the proceeds from his 5 minas of tin that ... with Dan-Assur ... the deficit ... was deducted and ... 9 shekels ... and some 4 shekels of silver that he de- ducted---- Ennam-Assur set down 1 mina 7 she- kels of refined silver as owed by Ali- ahum. Witnessed by Erisum son of Amur- Samas, by Su-Assur son of ... -Assur, by Su-IStar son of Sukkutum_",AKT 6b.pdf
467. kt 94/k 639,"2 ma-na 10 rGIN KB₁ H-im AN.NA ša DAM. GAR a-na Tu-ra-am-i-H D UMU E-dí-A -šur En-urn-A -šur i-dí-in GAN-lam₅ a-na-nu-um a-šu-mi DAM.GAR AN.NA e-tí-iq u a-lci-nu-um KB a-šu-mi DAM. GAR-rna e-tl-iq a-ha-rna 1/2 ma-na KB ša DAM. GAR-ri-ma En-um-[A-šur] a-na rTu₁-ra-am-DINGIR ih-bu-ul rsUNIGIN₁ 2 2/3 ma-na [KB] iš-tu ITI.[l.KAM ... ] i-na e-[la-i-šu] zš-tu [A - í"" tm ki] -v ' Tu-ra-am-[DINGIR a-na] 1/2 ma-na[ ... ] rcAN₁-lam₅ e-tí-iq IGI I.e. I-ku-pí-a Ab₁-ša-lim IGI rsi-x-/x₁ DUMU A-šur-ŠIP","Ennam-Assur has given 2 minas 10 she- kels of refined silver, the price of tin be- longing to a merchant, to Turam-ili son of Eddin-Assur. 5 From here the tin will cross overland in the name of a merchant, and from there silver will cross overland in the name of lo.e. the merchant again. 10 Further, Ennam-Assur borrowed \-2 mi- rev. na of silver belonging to a merchant, from Turam-ili. In all: 2 2/3 minas of silver. 15 Reckoned from the month ... Turam-ili will ... when he comes up from the City ... the merchant will cross overland. Witnessed by Ikun- piya, Ah-salim's packer, by Sa ... son of Assur-re'i.",AKT 6b.pdf
468. kt 94/k 670•:-,"[ x p J a-šu-ru ša IGI z- . -šu v v z"" 1 ku-šì-um ša IGI A-šur 1 ka-šu-um ša IGI Ša-ru-ma₁-te-en 2 ha-we-ru ša ta-ab-te-en 1 ka-šu-um ša KB u H-ku-tu-um ša IGI U-qu-ur s ka-ku-u 2 qa-cib-li-a-tum 1 li-bu-um ša KB 1 ni-ka-šu u 1 tup-pu-um ša iš-ku-ri-im r ml-ma a-nim 1 ša DUMU Ku-ra r i-nu ₁-ml e-kcil-lu-šu [En ]-urn-A -šur ip-tlu [x x x] r ta ₁-at Ku-ra 276 Contracts [e-zi]-ib [IGI] Ku-ku-wa [IGI Ma]-nu-ki-1-H-a","x tables that were in front of his gods; 1 chair that was in front of Assur; 1 goblet that was in front of Sarru- maten; 2 šalt-hawiru, 1 silver goblet and a flask that was in front of Uqur; weapons, qablitu-containerš, heart of silver, 1 nikkaššu-emblem and 1 wax tablet- all this, belonging to Kura's son. When Ennam-Assur opened his main house he left Kura's ... Witnessed by Kukuwa, by Mannum-ki- iliya.",AKT 6b.pdf
469. kt 94/k 677,1 1/2 ma-na KB En-um-A-šur DUMU Ša-lim-/ A-šur a-na Šu-Htar DUMU Šu-ki-tim i-nu-mz a-na -lim{ki} i-lu-ku i-da-šu-ma 3 ma-naKB i-[ na] lo.e_ tu-wa-r[i-šu] Šu-IŠtar a-na En-um-A-šur i-ša-qal IGI Šu-ma-bi-a DUMU -mu-ra-a IGI La-qi-ep DUMU Šu-A-šur,"Ennam-Assur son of Salim-Assur will give 1 lh mina of silver to Su-IStar son of Sukkutum when he goes to the City, and on his return Su-IStar will pay 3 minas of refined silver to Ennam-Assur. r. Witnessed by Sumi-abiya son of Amu- raya, by Li-qep son of Su-Assur.",AKT 6b.pdf
470. kt 94/k 689,2 me-at 70 ab-na-am e-pì-iq ša u-nu-qì-im ra-bi-tam i-ṣi-er Ha-bu-a-la: Bu-li-na ii Ka-lu-a En-nam-A-šur u i-šu ab-na-am a-na be-tí-Šu i-ša-du-du-nim IGI Ni-ki-li-it UH.ME DUMU A-ra-wa IGI Puzur4-ŠŠtar DUMU A-šur-ta-ak-ld-ku IGI Du-li-a IGI Ku-ku-wa na-pa-hi-im,"Habuala, Bulina and Kaluwa owe 270 stones ... large, to Ennam-Assur and they must drag the stones to his house. Witnessed by Nikkilet, the priest, son of Arawa, by Puzur-IStar son of Assur- taklaku, by Duliya, by Kukuwa, the smith.",AKT 6b.pdf
471. kt 94/k 693,[ x] pi-ri-ka-ni šaA-na-na 1 lu-bu-ša-am 1 TUG ra-qd-tdm a-na A-bu-ša-lim DUMU $(-lei-diM [a-]di-in [IG ]I Ma-nu-ki-A -/šur IGI Ku-zi-zi-a,"x pirikannuš belonging to Anna-anna, 1 dress (and) 1 thin textile I gave to Abu- salim son of Sill-Adad_ Witnessed by Mannum-ki-Assur, by Kuziziya.",AKT 6b.pdf
472. kt 94/k 701,3 GIN KB Tu-ur-ha-ld En-nam-A-šur i-šu-u u 30 ri-ik-ši ša qd-nu-we ra-bi-u-tim a-di 5 u4-me-e iš-tu ha-mu-uš-tim ša Ma-nu-ba₁-lu-A -šur a-na ha-mu-uŠ-tim r. ša i-ld-ka-ni KB-pí i-ša-qa-lam šu-ma La iš-qu-lam 1/2 GIN TA i-na ITI.KAM-/im IGI Ld-ma-s{,"Turhala owes 3 shekels of silver to En- nam-Assur, and he will add 30 large bundles of reeds within 5 days_ 5 Reckoned from the week of Mannum- balum-Assur he will pay my silver in the next week. If he has not paid (in time) he will continue add interest every month at to the rate 16 shekel (per mina). Witnessed by Lamassi daughter of Ah-",AKT 6b.pdf
473. kt 94/k 704,1 TUG ra-qa-tam SIGs a-na En-um-A-šur iŠ-til -limk; i-na e-la-i-šu A-šur-DUG u-še-Id-a-am IGI En-um-A-šur DUMU Na-ra-am-ZU 3 GINKB me-eh-ra-tim ša ka-ku-uš al-ma-tim iš-tí -lu-wa 280 Contracts En-umA-šur U-Še-ba-al-šum,"Assuqab will bring thin textile of fine quality for Ennam-Assur up here when he comes up from the City. Witnessed by Ennam-Assur son of Naram-Suen. Ennam-Assur will send him 3 shekels of silver, the corresponding amount for the kakkušu-ílour of the widow, with Aluwa. l.e.",AKT 6b.pdf
474. kt 94/k 709,11 GIN KB ša -mur-Htar KI En-um-A -šur i-ba-Ši,shekels of silver belonging to Amur- IStar is owed by Ennam-Assur. lo.e. 5 r. Witnessed by Assur-bani.,AKT 6b.pdf
475. kt 94/k 710,GU ma-na u SIG.HI.A 1/3 ma-na AN.NA En-umA-šur a-na Ša-ah-ri-li e-zi-ib e-zi-ib 1 iš-ti-in e-li-tam ša ša e-zi-bu-šu-ni IGI Šu-Ku-bi-im,1 talent 25 minas of wool and 1/3 mina of tin Ennam-Assur left with Sahar-ili. e. Apart from one single top-pack with textiles that he left with him. Witnessed by Su-Kiibum.,AKT 6b.pdf
476. kt 94/k 733,"URUDU rsiG₅ Ši-im₁ KB-ap_r šu 1? ša Ili5-ba-ni ša a-na I-di-A -šur DUMU Dan-A-šur mt-iŠ-li-šu En-urn-A -šur iš-qu-lu URUDU 1-li-ba-/ni ša-bu a-na En-um-A-šur 1-li-ba-ni u-ta i-tu-a-ar IGI En_r na-nim 1 DUMU x [x] x x IGI Be-li-a I.e. IGI Šlep-/ŠŠtar m)c.r -šur -pa- ,,? -šu-nu v ta- 282 Contracts","per, the price of his silver, belonging to IIi- bani, of which Ennam-Assur paid half to Iddin-Assur son of Dan-Assur - IIi-bani has been paid the copper in full. IIi-bani must not raise claim against En- nam-Assur. Witnessed by Ennanum son of ... , by Beliya, by Sep-IStar. was their (absent) partner.",AKT 6b.pdf
477. kt 94/k 734,4 ku-ta-ni [s1a qa-tim 3 TUG ti-ša-b[i] ša Na-ah-ri-a 5 TUG ni-ib-ra-ru ša Za-al-pa 3 ma-na AN.NA 1 pì-ri-ka-nu-um šaKa-ni-iš [m ]i-ma a-r nim 1 tam-ka-ru-um [a ]-na Šu-I[ štar ... ] two three lines missing u x [x x] x IGI Ku-ra IG I -šur-{d}UTU -si a-ha-rna 2 H-it-ru 4 1/2 TUG r wa ₁-dì-u-tum ša -na-na : a-na Šu-IŠtar a-na H-a-ma-tim ta-dì-[i]n IGI a-wi-li a-ni-u-tim,"4 kutiinuš of ordinary quality, 3 tišiibu- textiles from N ahria, 5 nibriiru-textileš from Zalpa, 3 minas of tin, 1 pirikannu from Kanesh - all this the merchant gave to Su-IStar. Witnessed by Kura, by Assur-5amsi. Further, 2 undergarments, 4 Vz wadiu- textiles belonging to Anna-anna were given to Su-IStar for purchases. Witnessed by these men.",AKT 6b.pdf
478. kt 94/k 738,ma-rna 11₁ 1/2 GIN ku-nu-ki ki-ma r šu-a ₁-tf u ku-nu-ki-a ne-pí-[šu] a-ha-rna ma-na 1 GIN KB mi-ma a-nim Šu-Nu-nu it 1-U-aš-ra-ni ap-qi-id-ma Ša-lim -A -šur r. a-na -lim{ki} ub-lu a-ha-rna 5 GiN KB a-na u-ku-ul-tí-šu-nu a-di-šu-nu-ti IGI A-hu-wa-qar DUMU Šu-Htar IGI Ba-zi-a DUMU DINGIR-ku-ru-ub IGI -šur-ta-ak-la-ku DUMU Qar-da-a a-ha-rna 10 GIN KB a-be-a-lli-im a-na Šu-Nu-nu 7 GIN KB a-na 1-lt-aš-ra-ni ma-ah-ri-šu-nu-ma a-dì-in,"sealed by his representatives and by me - in 3 packages; further, 2/3 mina 1 shekel of silver, its transport tariff - all this I entrusted to Su-Nunu and Ili- a5ranni, and they brought it to Salim- Assur in the City. Furthermore, I gave them 5 shekels of silver for their food. Witnessed by Ahu-waqar son of Su-IStar, by Baziya son of Ili-kurub, by Assur- takLiku son of Qardaya. Furthermore, I gave 10 shekels of silver as a working-capital to Su-Nunu and 7 shekels of silver to Ili-asranni witnessed by the same men.",AKT 6b.pdf
479. kt 94/k 1468,ma-na GIN r41 1 111/2 KB ku-nu-ki [š1a ki-ma ku-a-d u ku-nu-r ki-a 1 3 ne-pt-Šu a-ha-ma [2/3] ma-na 1 GIN ša-du-a-šu mz-ma [a-nim] a-na r Šu ₁-Nu-nu u 1-la-aš-ra-ni ap-qi-id-r ma 1 a-na Ša-tim-A -šur a-bi4-ni a-na ma-la d-ir-d-šu ub-lu a-ha-ma 5 GIN KB a-na u-kul-ti-Šu-nu a-dí-šu-nu-d IGI -hu-qar DUMU Zu-ur-zu-ur IGI A-šur-tak-ta-ku DUMU Qar-du-um-diM a-ha-ma 10 GIN KB [a-]na be-a-lim a-na [Šu-N]u-nu a-dí.in [7] GIN KB be-a-lim a-na l.e. capital a-di-in 25 men.,"minas 11 1/2 shekels of refined silver, sealed by your representatives and by me - in three packages; I 2/3 1 further mina shekel, its transport tariff- all this I entrusted to Su-Nunu and Ili-a5ranni, and they have brought it to Salim-Assur, our father, in accordance with his orders. Furthermore, I gave them 5 shekels of silver for their food. Witnessed by Ahu- waqar son of Zurzur, by Assur-taklaku son of Qardum-Adad. Furthermore, I gave 10 shekels of silver for a working-capital to Su-Nunu. 7 shekels of silver I gave as a working- to 11-asranni witnessed by the same",AKT 6b.pdf
480. kt 94/k 1236,ma-na 111/2 [GIN] ku-[nu-ku] ša ki-ma šu-a-tí u [ku-nu-ki-a] 3 ne-pí-Šu a-ha-ma 2/3 ma-na 1 KB] G[IN ša-du-a-šu mz-ma a-lnim [a-n]a Šu-Nu-nu u r 1 1-li-r aíl[-ra-]ni rap-qi-idl-ma a-[na] I Ša-lim-A -šur a-na -lim{ki} r. ub-lu a-ha-ma r5₁ /[GIN] rKB₁ a-na [u-ku-ul-tí-šu]-nu a-di-šu-nu-ti IGI -h[u-wa-qar] DUMU Šu-ŠŠtar IGI r Ba-zi₁[-a] [DUMU] rmNGIR ₁-ku-ru-ub IGI [DUMU Qar ]-da-a a-ha-ma 10 GIN KB a-be-[a-lim] ra-na Šu-Nu-nu₁ [7 GIN] KB a-na rJl[.lí-aš-ra-ni] ma-ah-ri-šu-nu [a-d]i-in,"minas 11 1/2 shekels of refined silver, sealed by your representatives and by me - 3 packages; further, 2/3 mina 1 shekel of silver, its transport tariff - all this I entrusted to Su- Niinu and Ili-asranni, and they brought it to Salim-Assur in the City. Furthermore, 5 shekels of silver I gave them for their food. Witnessed by Ahu-waqar son of Su-IStar, by Baziya son of Ili-kurub, by the son of Qardaya. Furthermore, I gave 10 shekels of silver to Su-Niinu as a working capital and 7 she- kels of silver to Ili-asranni witnessed by them.",AKT 6b.pdf
481. kt 94/k 1700,[x x x x x] ma-na KB [x x x x x] Puzur₄-A-šur [x x x x ma-]na KB [X X X X šijì-/i-JŠtar [x x x x iŠ-]tu ha-mu-uŠ-/tim ru₁ [ša U-ra-a] Kur-ub-/ŠŠtar [a-]na ša-na-at i-ša-qal [š1u-ma i-na ma-la u₄-me-šu la iš-qul ki-ma a-wa-at ka-ri-im ITI.KAM ša ke-na-tim li-mu-/um A-al-DUG DUMU Ša-ša-tim IGI Puzuraštar DUMU A-šur-ma-/lik IGI En-nam-A-šur DUMU l].;t tah-a 1/2 ma-na KB i-še-er Šu-ma-bi₄-a En-um-/ -šur i-šu iš-ti KB a-nim uk-ta-al IGI A-ta-dì-a DUMU En-na-nim IGIA-šur-ni-/šu rnuMU₁ A-mu-ra-[a x+] 5 GIN [K]B K]l Šu-ma-bi4-a r iš-tu -limkh [i-]na e-[lci-]i-šu [i-]Ša-qal r šu-ma 1 [/a] r iš-qu/₁ [ki-]ma aJ wa ₁[-at ka-]ri-[im] ITLKAM [be]-íeí-ltí-E.GA[L-lim [Ji-mu-um rša qa-tì₁ DINGIR[-šu-]rra-bi₄₁ riGIA-ta-di-a IGIA-na-lt₁ [x x x x x x] r 1 [ ... ] DUMU Du-/dí-ki [ ... rpuzur4-A-šur₁ i-šu iš-tu [ha-]mu-uš-t[im š1a A-šur-ma-llik [u] rduTU-ba-ni₁ [a-n]a [x ha-am-š1a-tim [i-ša-qu-lu šu-]ma Ia iŠ-qu-llu [ ... ] i-na ITI.KAM [ ... ] [a-n]a ma-na-im [ITLKAM qa-]ra-a-tim [li-mu-um ... ] qa-at [ ... ] r x da 1 [ ... ] r X X 1,"... minas of silver ... Puzur-Assur ... minas of silver 10 Sill-IS tar owes; he will pay within 1 year reckoned from the week of Uraya and Kurub-IStar. If he has not paid at the completion of 15 his term, he will add interest in accor- dance with the rule of the colony. Month Ša-kenatim, eponymy Ali-rab son of Sassatum. Witnessed by Puzur-IStar son of Assur- 20 e. malik, by Ennam-Assur son of Utaya. Sum-abiya owes lh mina of refined silver to Ennam-Assur; he is being held in ser- rev. vice with this silver. Witnessed by Atadiya son of Ennanum, 25 by Assur-nisu son of Amuraya. Sum-abiya owes x+5 shekels of refined silver; he will pay when he comes up from the City. If he has not paid, he will add interest in accordance with the rule of the colony. Month Belat-ekallim, eponymy after IlSu- rabi. Witnessed by Atadiya, by Annali. ... mina of refined silver owed by ... son ofDudiki. Puzur-Assur owes ... ; they will pay within x weeks reckoned from the week of Assur-malik and Samas-bani. If they have not paid, they will add inte- rest at the rate ... per month per min a. Month Qarraàtum, eponymy after ...",AKT 6b.pdf
482. kt 94/k 1452,"2 ne-pi-šu 15 ma-na TA KB šu-qu-ul-ta-aŠ-nu [ a-h ]a-ma 2 ne-pi-Šu 13 1/4 [ma-na T]A KB šu-[qu-u]l-ta-/aš-nu it [išlti-in ne-p[i-šu]-um 3 ma-na KB ]m ni-iš-ha-šu DI[RI ša-du-]a-šu ša-bu SUNIGIN [59 1/2 ma-na] KB ru ₁-pa-am ku-nu-ki-a a-na šu.JŠtar ap-qi-id KB a-na Ša-lim-A-šur u DAM.GAR ku-nu-ki-a U-Še-bi-il,-šu ša-du-a-at KB a-nim Šu-Htar ša-bu-u KB ša En-um-A-šur IGI J.df-diM DUMU A-šur-IDUG IGI Tu-ur-a-a DUMU Me-na-a IGI Kur-ub-A-šur DUMU ṣ1-li-a","2 packages of refined silver, 15 minas each was their weight; further, 2 packages of refined silver, 13 1/4 minas each was their weight; 5 plus one package with 3 minas of refined silver, its import duty added, its transport tariff paid for - 10 in all: 59 1/2 minas of refined silver under lo.e. my seal I entrusted to Su-IStar. rev. I sent the silver under my seal with him to Salim-Assur and the merchant. 15 Su-IStar has been paid the transport tariff for this silver. The silver belongs to En- nam-Assur. Witnessed by Iddin-Adad son of Assur-rab, by Turaya son of Menaya, by 20 Kurub-Assur son of Silliya. u.e.",AKT 6b.pdf
483. kt 94/k 829,"1 me-at : ku-ta-nu dam-qu-tum 10 GO it it-ra-šu AN.NA 10 ku-ta-nu: qa-ab-li-u-tum li-we-šu 7 1/2 ANSE mz-ma a-nim ša DAM.GAR-ri-im 1 me-at 17 TUG ku-ta-nu qa-dum li-we-tim 5 GO AN.NA it it-ra-šu 5 1/2 ANSE 3 TUG Ši-li-ip-ki-e-u u 2 TUG lu-bu-šu: a-na ša ki-ma i-a-d: a-ha-am-ma 1 TUG lu-bu-šu-um 2 TUG ra-qa-ta-an a-na Bu-ur-A-šitr 2 TuG Št-li-ip-ki-u 2 TUG lu-bu-šu a-na DINGIR-ba-ni a-ha-ma ša a-we-el-tim 2 TUG lu-bu-šu a-na Bu-ur-A-šitr 2 TUG št-li-ip-ki-u a-na DINGIR-ba-ni SUNIGIN 15 TUG.HI.A 22 ku-ta-nu ša kcqa-re-e a-ha-ma 6 TUG ku-ší-a-tum dam-qa-tum 2 ma-na KB H-im-H-na : a-na qa-d En-um-A -šur: a-d""i-in 40 ma-na ni-ga-lu 30 ma-na ša-am-ru-a-tum 290 Contracts 3 1/2 ma-na KB 30 ma-na AN.NA : mi-ma a-nim a-na qa-tí: En-um-A -šur a-dì-in mz-ma a-nim ša In-na-a u DAM.GAR En-um-A-šur i-ra-dl IGI Ba-ba-li IGI Pí-ld-ah-ŠŠtar IGI Bi-ta-a","fine kutiinuš, 10 talents of tin and its extras, 10 kutiinuš of medium quality for the packing, 7 black donkeys - all this, belonging to a merchant; 117 kutiinu-textileš including for the packing, 5 talents of tin and its extras, 5 black donkeys, 3 Silipkian textiles and 2 garments for my representatives; further, 1 garment and 2 thin textiles for Bi.ir-Assur; 2 Silipkian textiles and 2 garments for IIi- bani; further - belonging to the lady- 2 white garments for Bi.ir-Assur; 2 Silipkian textiles for IIi-bani; in all: 15 textiles; 22 kutdnuš belonging to the packers; further, 6 fine robes -their price in sil- ver was 2 minas - I gave into the care of Ennam-Assur; 40 minas of sickles, 30 minas of nails, 3 minas of silver and 30 minas of tin - 30 all this I gave into the care of Ennam- Assur. All this - belonging to Innaya and the merchant - Ennam-Assur will lead. 35 e. Witnessed by Babali, by Pilah-IStar, by Bitaya. I.e.",AKT 6b.pdf
484. kt 94/k 936,"[x] r ma-na 1 [ ••. ] ša iš-tu [ ha-muš-tim] ša -šur-ma-lik DUMU A-la-hi-im li-mi-im I-na-a ša En-um-A-[šur] DUMU Ša-lim-A-šur Dan-A -šur DUMU Ša-li[ m Va ₁-hi-im i-šu-u KB u En-um-A -šur a-hu-šu ki-ma Dan-A-šur ša-bu-u tup-pu-lum ha-ar-r mu ₁-um r ša 1 r hu-bu-ul En-um-A -šur 1 DUMU rša-lim-A ₁-šur ša e- rz- t-a-nz ša-a r v ""1 [ ' ] IGI K[u-ku]-wa DUMU Bu-[da]-tim IGI rA-šur-d₁UTU-ši DU[MU ... ] rrGP [Pu]zur4-A-š1ur ... ] [xxxx]dan[ ... ] break","x minas of ... which Ennam-Assur son of Salim-Assur owed to Dan-Assur son of Salim-ahum from the week of Assur-malik son of Ali-ahum, eponymy lnnaya, that silver and the accrued interest his brother Ennam-Assur has been paid in full on be- half of Dan-Assur. e. A certified tablet concerning the debt of Ennam-Assur son of Salim-Assur that may appear will be invalid. Witnessed by Kukuwa son of Budatum, by Assur-samsi son of._,, by Puzur-Assur",AKT 6b.pdf
485. kt 94/k 1005,1 ma-na KB En-um-A -šur DUMU Šdl-ma-A-šur a-na be-a-lim a-na I-tur4-DINGIR u E-la-li: DUMU me-er-e Puzur₄-A-na i-di-in KB šal-ma-am i-na e-ra-bi-šu-nu-ma i-na -lim{ki} i-ša-qu-lu-u KB i-qd-qa-ad Šdl-ml-Šu-nu u i-naA-lim{ki} GANA-lim ra-ki-iš ITU.l.KAM ša ša-ra-tim li-mu-um ša qa-ti 292 Contracts DUMU Ili5-bi-na-ni IGI Šu-Bii-lim DUMU Šu-ŠŠtar IGI Zu-ku-a DUMU A-šur-i-di,"Ennam-Assur son of Salim-Assur has given 1 mina of refined silver as a working- capital to ltiir-ili and Elali, sons of Puzur- Anna. They will pay the correct amount in silver when they arrive from the City. They are jointly responsible for the silver, both in the City and abroad. f Mont h Ša-šarratim, y eponymy a ter Assur- vv nada son of Ili-binanni. Witnessed by Su-Belum son of Su-IStar, by Zukuwa son of Assur-idi.",AKT 6b.pdf
486. kt 94/k 995,i-na 1 me-at 30 TUG ku-ta-ni e-zi-ib u ša ta-ad-mš-qa-tim ša iš-tit e-kal-lim ur.r da ₁-ni-ni-ma 65 TUG.TA qa-ta-tim ik-šu-ud-ni-a-ti sA.BA 43 TUG ku-ta-ni a-na En-urn-A-šur a-di-i[n] e. a-di-in Ši-ti 22 TUG a-hu-ru i-na 10 ku-ta-ni SIGs [š1a ba-ri-ni sA.BA 4 TUG En-urn-A-šur i/5-qe 2 TUG.HLA: a-na ba-ri En-na-nim u En-um-A -šur i-za-zu IGI Tu-ur-a-a IGIU-qe-ep DUMU Šu-A-šur,"Of the 130 kutdnu-textileš - minus those of the packers and the tadmiqtu-loanš - that came down from the palace 65 textiles re- sulted for each of us as shares; thereof I gave 43 kutdnu-textileš to Ennam- Assur. The rest of your textiles: 22 textiles remam. Of the 10 fine kutdnuš that are owned jointly by us, of that Ennam-Assur has received 4 textiles; 2 textiles stand as joint property of Ennanum and Ennam-Assur. Witnessed by Turaya, by Li-qep son of Su-Assur.",AKT 6b.pdf
487. kt 94/k 996,šu-ma um-[me]-a-a[n] -št Ša-tim-A ur a-na] ru₁ AN.NA [xxxn]aŠiTUG ša En-n[a-nim X z]u u En-um-A .r šur 1 a-na En-na-nim i-tu-ru ma-La A[N.NA u] TUG /Ša qd-tim i-na ba-rab DINGIR-lim 1 i-za-ku-u iš-ti e. um-mt-a-an Ša-lim-A -šur En-na-nam DUMU Am-ri-a En-um-A -šur u-ba-ab IGI Tu-ur-a-a IGI Ld-qi-ep 294,"If Salim-Assur's investors raise claim against Ennanum concerning tin ... textiles belonging to Ennanum ... and Ennam- Assur, then Ennam-Assur will release Ennanum son of Amriya with Salim- Assur's investors for as much tin and or- dinary textiles as they clear at the gate of the God. Witnessed by Turaya, by La-qep. Contracts",AKT 6b.pdf
488. kt 94/k 1024,"KISIB Da-da-a DUMU Šu-Ku-bi-im KISIB 1-li-TAB.BA DUMU A-šur-DUG KISIB -šur-ŠIP D UMU -šur-iŠ-tí-kal 1 ma-na KB -šur-ŠIP DUMU A-šur-iŠ-ti-kal A-la-hu-um < i-šu > ITI.1.KAM ša ša-ra-tim li-mu-um ša qa-tí A-šur-i-mì-ti ma-la-hi-im 1/3 ma-na T i-na ša-tim i-ša-qaí šu-ma i-na rna-ía U4-me-šu 1/3 ma-na KB la i5-qu-ul112 GIN a-na 1/3 ma-na-im i-na ITI.l.KAM KISIB Ku-ku-a DUMU Ma-nu-ki-ì-li-a KISIB Da-da-a DUMU Bu-zi KISIB 1-li-dan DUMU 1-di-/A.ršur, GU ša-ap-tam ša Ka-ne-eš 21 ša E.GAL-lim En-um-A.ršur₁ DUMU Šal-rna-A-šur a-na i[-li-dan] i-na Ku-bur-na-at i-š1a-qal-ma] ša En-urn-A-šur Ša-lim-ar-/dì 21 GU SIG.HI.A i-na Ku-bur-na-at u-ša-na-aq-šu-ma ANSE.HI.A ša En-nam-A-šur SIG.HLA a-na Tit-ku-ub-tit u-še-ru < -u > i-na ri-iš SIG.HLA ša i-ša-qU-lu-šu-ni 6 2/3 ma-na KB li-tì SIGs 1-H-dan DUMU I-di-A -šur a-na En-urn-A -šur i-ša-qal šu-ma i-na ri-iš ša-ap-T AM a-na ša ki-ma En-urn-/A -šur l-U-dan ta iŠ-qu-ul 1 1/2 GIN T i-na ITI.l.KAM a-na 1 ma-na-im KISIB Šu-knim DUMU A-ku-[za] KISIB En-urn-A -šur DUMU MAN-ŠŠtar KISIB {d}UTU-ba-ni a-hi-šu KISIB -šur-i-mz-ti KISIB -la-hi-im DUMU En-nu-Da-gan 2 ma-na I 15 GIN KB SIGs rdUTU₁-ba-ni DUMU Puzur₄-ŠŠtar 1-dt-A -šur i-šu ITI ku-zal-li li-mu-um -ld-hu-um 1 ma-na 7 1/2 GIN KB a-[na] ITI.8.KAM i-ša-qal it 1 m[a-n]a I 7 [1/2 GIN] a-na ITL 14.KAM i-ša-qal šu-ma ld iš-qu-ul ki-ma a-wa-at ka-ri-im 4 2/3 rna-Ina 5 GIN KB hu-bu-ul I-ti-ib-H-na-ti it tap-pa-e-šu tup-pe ha-ru-mu-tim i-na Ku-bu-ur-na-at 296 Contracts","Seal of Dadaya son of Su-Kubum, seal of Ili-tappa'i son of Assur-rab, seal of Assur- re'i son of Assuris-tikal. Assur-re'i son of Assuris-tikal owes 1 5 mina of silver to Ali-ahum. Month Ša-šarratim, eponymy after that of Assur-imitti the skipper. He will pay 1/3 mina per year. If he has not paid 1/3 mina of silver when his 10 term is up, he will add interest at the rate \12 shekel per 1/3 mina per month. Seal of Kukuwa son of Mannum-ki-iliya, seal of Dadaya son of Buzi, seal of IIi-dan son of Iddin-Assur. 15 Ennam-Assur son of Salim-Assur shall give 21 talents of wool from Kanesh, from the palace, to IIi-dan in Kuburnat, Ennam-Assur's servant Salim-wardi shall check the 21 talents of wool in Kubur- nat, and on Ennam-Assur's donkeys they will have brought the wool to Tukubtu. From the capital on the wool that they are going to pay to him, Ili-dan son of Iddin-Assur shall give 6 2/3 minas of good litu-šilver to Ennam-Assur. If Ili-dan has not paid Ennam-Assur's representatives from the capital on the wool, he shall add interest at the rate 1 Yz shekels per month per mina. Seal of Su-Anum son of Akuza, seal of Ennam-Assur son of Puzur-IStar, seal of Samas-bani his brother, seal of Assur- imitti, seal of Ali-ahum son of Ennam- Dagan. Samas-bani son of Puzur-IStar owes 2 minas 15 shekels of good silver to Iddin-Assur. Month Kuzallu, eponymy Ali-ahum. He will pay 1 mina 7 Yz shekels of silver in 8 months and 1 mina 7 Yz shekels in 4 months. If he has not paid he will pay interest in accordance with the rule of the colony. 4 2/3 minas 5 shekels of silver is the debt of Irib-sinati and his partners. I left the certified tablets in Kuburnat.",AKT 6b.pdf
490. kt 94/k 1380,"i-li-bi I-ku-pí-a En-urn-A -šur u : i-šu iŠ-tu H-im r2 ma-na₁ 2[ +x G]IN AN.NA-ki-/šu KB-dp-šu GU AN.NA [x] [I-]ku-pí-a: a-na [En ]-urn-A -šur e-zi-r ib 1 r i₁-ta-dd-an [A]N.NA-ki-šu KB-dp-šu [E]n-um-A-šur i-ld-qe u 1 šu-pd-nu-um ša KB a-na 1 ma-na 7 GIN a-ha-rna ša 9 GiN i[š-x]/hu-M-im₁ [a]-na En-urn-A-šur r Jl-ku-pí-a e-zi-ib [IGI] Kur-ub-A-šur IGI GU-tim DUMU A-ld-hi-im [IG]I Ma-ri-ih-šu a-ha-rna [a-]na 1 ma-na-im KB a-šu-mi 1-ku-pì-[ a-n ]a I-na-a DUMU [A-mu-r]a-a: a-pu-ul ""b a-a 'brh a-ra-m-a - 1 .. t- [ [ ... ] rx₁-iriGI rx1-[ .. [ ... ]a-hi[ ... [ ... ] li-[ ... ]","refined silver to Ennam-Assur; also, after the price in silver of his 2 mi- nas 2 + x shekels of tin has been deducted Ikiin-piya will leave x talents of tin for Ennam-Assur. When the tin is sold, Ennam-Assur will receive its value in silver. Also, 1 šupannu-container of silver for 1 mina 7 shekels; further, Ikiin-piya will leave for Ennam-Assur worth 9 shekels of ... Witnessed by Kurub-Assur, by Biltum son of Ali-ahum, by Marihsu. Further, I balanced for 1 mina of refined silver because of Ikiin-piya with Innaya son of Amuraya. When I shall leave on my journey",AKT 6b.pdf
491. kt 94/k 1605'',"[ša 4] ma-na KB ša En-na-Šu-in [a-na] a-bi-ni i-hi-ib-lu-ni 2 1/2 ma-na [KB] 112 ma-na ma-na-ah-tam [ša] 5 ma-na KB iš-d En-na-Šu-in [a]l-qe 1 ma-na KB: a-ha-rna ša E-num-diM [ha-]bu-lu-ni [iš-tt1 En-na-Šu-in qa-ta-ma [a]l-qe: i-[nu-mi a-]na IR-z-U [a-]na Ku-b[u-ur-n]a-at: a1í-pu-ru]-ma [x] r x 1 ]-ki-ni [ ... [x xY5 GIN₁ i-nu-mi [ •.. ] [a-na] Ka-t[ì-la a-na] A-mur-d[x (x)] [aš-pu-]ru-ma [x x m]a-na 4 GIN K[B ... ] [x x] ki lu šu [x x] GIN KB ga [ ... ] [x] ma-na KB [x ŠJa₁-da-ah-štu ... ] [ ... ] ib ri [ ... ] 1 ma-na r5 GIN KB₁ i[š-ti ... ] : 1/3 ma-na KB : iš1-d ... ] < l < rx₁ ma-na KB: a-rx₁ rna- a- rx₁ [ ... ] [i]š-d: Tu-LA-li-i-a-r im 1 : a[l-qe ... ] 1 ma-na KB: iš-d: DUMU uš.rha₁-ta 2 1/2 ma-na KB iŠ-tì: I-ku-pì-a DUMU ... [ ] 1 GU URUDU H-kam _. iš-ti: Ku-ru-u u : am-tam : Ku-ru-ma : i-di-na-ma a-na Ah-ša-lim : e-zi-ib Ši-ma-H-ti-ša a-di-ni: u-la al-qe SUNIGIN 30 ma-na 3 GIN rKB e-zi-ib₁ URUDU-im i-na ba-ab-tim ša [a-bi]-a: al-ta-qe: 6 ma-na 15 GIN i-[x x]r tz₁-zi: pa-ni-u-tim : 1/2 ti li [ ... ] ra-na E₁ [k.:l-r]i-im aš-qu/1112 ma-na KB ku-nu-ki-a: li-im 60 ši-pa-[ra-tim] [x x] GIN KB ku-nu-ki-a 15 ma-na URUDU u 1 ma-na ni-ga-li : me-at 20 ši-[pa-ra-tim] mì-ma a-nim : ku-nu-ki-a :a-na A-šur-iš-ta.r kal₁ ap-qi-id-ma a-na pa-ni A-la-hi-im u-bi-i/5 [IGI] En-urn-A-šur DUMU Bu-[ ut-ki]-im IGI I-li-d[an₁ DUMU 1-d]i-A-šur 3 ma-na KB a-na r i/5₁[ ]-a-a a5-quí-ma .' U -X X X X tup-pa-am l. ki . ' . [ ... ] - zm : zt-mu-u-nz [ ... ] i-na li-bi tup-pe-e [x x x x] ni iŠ-ku-šu i-[na] KB i-še-ep [x x x] r nu-še₁ -bi-la-ku-ni 1 ma-na KB [x x x] a.r x x 1 [x x x] r x 1 a-na Šu-ŠŠtar a-di-in [x] ma-na K[B] ra₁-na 3 rsa₁ a-birni [t]a-aq-bi4-a-nim-ma a-na be-u-ša-ti-ma u KB šu-r a-tt₁ a-bu-ni il5-qe r 1 GIN KB : X a-ha-ma a-na ša-he-er-ti-šu-nu 10 1/2 302 Contracts GINKB a-na lu-bu-5í-šu-nu 1/3 ma-na 3 GIN KB a-na Pi-ld-ah-[ A-]šur ciš-qul1 0 GIN KB a-na DUMU A-ku-a 10 GINKB r213 ma-na₁ URUDU SIG₅ 3 GIN a-šci-he-er-ti-šu-nu i-nu-mi -dì-da .- a-na -lim{ki} i-li-ku-u a-dì-šum : i-nu-mi :A -bu-a : a-na-kam uš-bu it Hu-du-be-li .- iš-ti-šu : a-na -lim[ki] aš-pu-ru : íu a-na-kam /u ša ha-ra-ni r X 1 [(--)] 2/3 ma-na KB ga-me-er 7 ma-na [URUDU] 3 GIN KB a-šci-he-[er-]tt-Šu 3 GIN KB [ ... ] a-na A-lu-wa: a-dì-in : 4 112 GIN KB da-[tcim] [iš-t]i:t -lim{ki}: i-ti:t <-a> -ri-šu ciš-qul [ ... ] [x ma-n]a ni-ga-li 3 GIN KB a-qci-[tt-Šu] [ x K]B r ₁-ša-he-er-tt-Šu-nu a-na _r x-[. .. ] [x x x] [a-dì]-in 10 GIN KB i-nu-mi [ ... ] [ ... ] r ga-me-er₁ 1/2 ma-na KB [ ... ] [ša] 3 GIN rKB₁ ša-he-er-tcim: a-na[ ... ] [a-]dì-ma: a-na r x x₁ IGI SIG₅-pì-[A -šur] DU[MU ... IGI] Šu-Htar IGI Lci-qi-ep DUMU Šu-A-šur a-[x x] rí₁ ub-ri 11/2 GiN KB a-ka-Him [x x x]-ma [x] ma-na KB :a-na 1-H-ku-li 5 GIN rKB₁ rí₁ ub-ri 1 GIN KB a-na ka-H-im ri₁[-na] [x] Ku-ša-ra šu-a-tí-ma: a-di-in š1a ... ] [ša-he-]er-tdm 11/2 GIN KB Šdl-ma-A -[šur ... ] [x ma-n]a KB: a-na ANSE aš-qul-ma: a-na[ ... ] x x t-nu- - ] mt ' um-mt ' a- r na- a- b. z-m - [ '1 A-mur-A-šur [a-Du-ur-hu-]mi.-it iŠ-pu-ru-ni-ni 10 GIN [ ... ] r ig-₁ri-šu : a-di-in : i-nu-mi. iŠ-tu ša-la-tu-[ ar ... J [ E-]ni-ša-ra-am : u -lu-wa : a-?i-er a-bi-[ni] [dŠ-]pu-ru 13 ma-na URUDU rx x₁-šu u 5 GIN K[B] [a]-na gam-ri-šu-nu: a-di-in i-nu-mi. Ša-a[t-A-na] [a]-na mu-tim a-di-nu: [x] ma-na KB ša-wi-ri-ša 5/6 ma-na 5 GIN[ ... ] [a-]na 5 ku-ta-ni sA.BA 3 ku-ta-ni 11 GIN T[A] [iš-]ti Šu-ma-li-birA-šur: al-qe 15 GIN KB 3 ša-ap-ti-ni 7 112 GIN a-na Ši-it-ri-im 1/2 ma-na KB lua-na ni-qe lua-na gam-ri-r im 1 i-n[ u-m ]t a-na Ti-me-el-ki-a lu-qu-tim e-ti-qu 1/3 ma-na KB a-ša-he-er-tim 10 GIN KB a-E. ub-ri 5 E wa-a1b-r]i i-na Ša-Li-ah-šu-/a GIN KB GIN E u[b-ri] i-Hu-ra-ma GIN/ 5 KB 6 KB a-na ka-H-im i-H[u-r]a-ma 1/2 GIN KB 304 Contracts u-qa- ' ' t-' l' a-m . : z-nu-mt . ' : -a- l' h a-am a-na t""- Lu-hu-za-di-a dš-pu-ru 6 GI[N] KB a-na E/ [ub]-/ri [x x] rKB₁ a-šd-he-er-ti-šu 10 [ +x] GIN KB a_r na₁ [x x x x] rna 8 ANSE.HI.A lu DUMU 1-šu-ah [ ... ] 2/3 ma-na K[B x x x] rx₁ ur [ ... ] [ ... a-]na Te-ga-ra-[ma dš-pu-]ru [ ... ]: ra-na₁ ku-r x₁[x x] ša a-bi-a I.e. 2 Ši_r ni₁ [x x x xA-]šur-ld-ma-[ši] [ ••• ] ša E [ ... A-š1ur [x x] en X ni-še-i r Šu-ma-li-bi4-A -šur X l [ ... ] X [ ... ]-Šu-nu-ti","As to the 4 minas of silver that Enna-Suen owed to our father, 2 Y2 minas of silver, interest, Y2 mina, expenses on the 5 minas of silver, I received from Enna-Suen. 1 mi- na of silver furthermore that Ennam-Adad owed I received at the same time from Enna-Suen. When I wrote to W arad-ili in Kuburnat and ... When I wrote to Katila(?) to Amur-... and ... 4 shekels of silver ... x mina silver ... Sad-ahsu ... 1 mina 5 shekels of silver owed by ... ; 1/3 mina of silver owed by ... x mina of silver ... I received from the man of Tumliya; 1 mina of silver owed by Ushata's son; 2 Y2 mina of silver owed by Ikun-piya son of ... ; 1 talent of šikku-copper owed by ""Shorty""; also Shorty gave me a slave-girl and left her with Ah-salim. I have not yet received Simasitisa. In all: 30 minas 3 shekels of silver apart from the copper I received from the outstanding claims of my father. 6 minas 15 shekels ... the previous ... 'h ... I paid to the office of the colony; 1 'h mina of refined silver under my seal, 1060 bronze pins, x shekels of silver under my seal, 15 minas of copper, 1 mina of sickles and 120 bronze pins, all this I entrusted under my seal to Assuris-tikal and he brought it to Ali- ahum. Witnessed by Ennam-Assur son of But- kum, by Ili-dan son of Iddin-Assur. 3 minas of silver I paid to ... and a tablet ... what they swore by the City ... ... among the tablets ... he placed it. Of the silver that we sent to you transpor- ted by ... I gave 1 mina of silver to Su-IStar. Y au promised x mina of silver to the 3 servants of our father for working capitals, and our father took this silver. x shekels of silver furthermore for their small goods; 10 'h shekels of silver for the- their clothes; I paid 1/3 mina 3 shekels of silver to Pilah- Assur; 10 shekels of silver for Assur son of Akuwa; 10 shekels of silver and 2/3 mina of good copper, 3 shekels for their small goods I gave him when Adida went to the City. When Abuwa lived here and I sent Hudu- beli with him to the City, both here and on the journey ... 2/3 minas of silver was spent. 7 minas of copper and 3 shekels ofsilver for his small goods, 3 shekels of silver ... I gave to Aluwa. I paid 4 'h shekels of silver, the fees from the City when he returned. x minas of sickles, 3 shekels for his expen- ses ... for their small goods I gave to A ... 10 shekels of silver was spent when ... 'h mina of silver ... small goods worth 3 she- kels of silver I also gave ... Witnessed by Damiq-pi-Assur son of ... , by Su-!Star, by L:i-qep son of Su-Assur. inns; 1 'h shekel of silver for the official ... x mina of silver for Ili-kulli; 5 shekels of silver: inns; 1 shekel of silver for the offi- cial in Kussara I gave to him as well. Small goods worth 1 \6 shekel of silver Salim-Assur ... I paid x mina of silver for donkeys and for When Amur-Assur sent my mother to our father in Durhumit, I gave 10 shekels for his wages ... When I sent Enisarum and Aluwa to our father from Salatuwar, 13 minas of copper ... and 5 shekels of silver I gave for their expenses. When I gave Sat-Anna to the husband, x mina silver, rings worth 5/6 mina 5 she- kels ... for 5 kutiinuš; thereof I received 3 kutiinuš for 11 shekels a piece from Summa-libbi-Assur. 15 shekels of silver: 3 šaptinnuš; 7 \6 shekels for an undergarment; \6 mina of silver either for sacrifices or for expenses. When I crossed overland to Ti- melkiya for the goods: 1/3 mina of silver for small goods; 10 she- kels of silver for inns; 5 shekels of silver: inns in Salahsua; 5 shekels of silver: inns in Hurama; 6 she- kels of silver for the official in Hurama; he shamed me(?) for \6 shekel of silver. When I sent Ali-ahum to Luhuzaddiya, 6 shekels of silver for inns, ... for his small goods, lO+x shekels of silver for ... ... 8 donkeys, either ISuah's son ... ... 2/3 mina of silver .. . ... I sent to Tegarama .. . ... of my father Two ... Assur-lamassi from the house of ... -Assur --- ... Summa-libbi-Assur --- them.",AKT 6b.pdf
492. kt 94/k 703,KISIB -šur-i-mì-ti DUMU Du-dt-ki KISIB -šur DUMU A-ku-a KISIB A-šur-ba-ni ka-al-bi4-im 15 ma-na URUDU H-kam a-na šu-mi empty space En-urn-A -šur DUMU Šdl-ma-A-šur a-na ta-dp-hi-ri-im aŠ-qul,"Seal of Assur-imitti son of Dudiki, seal of Usur-sa-Assur son of Akuwa, seal of Assur-bani, ""the dog"". I paid 15 minas of šikku-copper to the temple-funds on behalf of Ennam-Assur son of Salim-Assur.",AKT 6b.pdf
493. kt 94/k 729,8 ma-na KB ni-iš-ha-šu DIRI ša-du-a-šu ša-bu-u KB ša DAM. GAR a-na A-lim{ki} a-na H-a-ma-tim ki-ma DAM. GAR Bi-H-a DUMU DINGIR-ku-ru-ub 306 Contracts a-na U-qi-ep DUMU Šu-A -šur r i₁-dì-in-ma SkBA ša [1] ma-na KB H-ma-am ša -ki-dí-e SIG₅ a-na H-tí ma-na 7 KB ku-ta-ni KB TUG SIGs DIRI-tim iš-tit ša it 12 GIN.TA KB ša-ap-li-iš U-qi-ep [ i]š-tit -lim{ki} i-na Ka-ni-iš u-ši-la-a-ma a-na DAM.GAR U-qe-ep DUMU Šu-A-šur i-da-an GANA-lam₅ a-na-nu-um it a-la-nu-um iš-tí tí-ir-d-šu-ma ša U-qi-ep a-šu-mi DAM. GAR e-ti-iq IGI DUG-a-hi DUMU Ir-bi-diM IGI U-qe-ep DUMU Puzur₄- <ša> -du-e IGI En-um-A-šitr DUMU Ša-lim-A-šur,"8 minas of refined silver - its import duty added, its transport tariff paid for - silver belonging to a merchant - Beliya son of Ili-kurub gave that on behalf of the mer- chant to La-qep son of Su-Assur; out of that La-qep must bring up from the City to Kanesh for 1 mina of silver a pur- chase of good Akkadian textiles, for the rest, 7 minas of silver, extra-fine kutanu- textiles from 12 shekels of silver per piece or less, and La-qep son of Su-Assur must give the textiles to the merchant. From here and from there (the shipment) goes overland in the name of the merchant together with La-qep's own orders. Witnessed by Tib-ahi son of Irbi-Adad, by e. La-qep son of Puzur-hdue, by Ennam- Assur son of Salim-Assur.",AKT 6b.pdf
494. kt 94/k 76f',um-ma En-nam-A -šur-ma a-na A-šur-DUG-ma iš-tu -lim{ki} -šur u-ta iš-d-ka u-ta a-wi-it-ni iš-te-ni-iŠ ni-wi-ma a-hu-um a-na a-hi-šu H-bi iŠ-ku-un u-la i-ka-ri-im iš-te-ni-iš u-la i-di-ka a-na ma-la tlem -lim -šur DUMU A-šur šu-um-šu a-Jar ba-la-tí-Šu i-ld-ak a-ta : a-íar ba-la-ti-ka ta-li-ik u a-na-ku a-ma-La te-em a-li-a a-íar ba-lci-ti-a : a-li-ik u u-lci tap-pci-i a-ta u-lci ri-ig-ma-tum H-bu-tum IGIA-na-ah-z-liDUMU Puzur₄-A-/na IGIA-du-du-wa DUMU En-na-ma-nim IGI En-na-Šu-in DUMU 1-tur.r-DINGIR IGI Šu-A-nim DUMU Šu-Šu-in,"Ennam-Assur said to Assur-tab: ""I did not leave the City of Assur together with you; we shall not declare our consignment jointly but one has set witnesses for the other; we did not leave the colony together, I do not know you; in accordance with the policy of the City of Assur any Assyrian will go where it is profitable for him; you too went where it was profitable for you, and I as well went where it was profitable for me in accor- dance with the policy of my city; so, you are not my partner."" This is not a formal lawsuit but a witnes- sed statement. Witnessed by Anah-ili son of Puzur-Anna, by Aduduwa son of Ennam-Anum, by Enna-Suen son of Itur-ili, by Su-Anum son of Su-Suen.",AKT 6b.pdf
495. kt 94/k 784,En-nam-A -šur a-na A-šur-DUG at-ni₁-[a-t]í-ma um-ma En-nam-A -šur-ma a-na -šur-DUG-ma a-na a-i-tim ta-ša-a-ld-ni it ší-ki : tu-ka-al lu a-bi: ha-bu-[ld-ku]-um lu a-na-ku : ha-bu-lci-ku-um lu tup-p[ ha-ar-ma-am tit-ka-al : H-bi-ka ri-i[d]-a-ma IGI a-ni-u-/tí-ma lu-ša-bi-ka um-maA-šur-DUG-ma GU ha-bu-ld-t[ 1 KB : u-ka-al-/ka um-ma En-nam-A -šur-ma ša ni-iš -lim{ki} u ru-ba-im ta-mu-u lu u-ka-al ki-ma ša lei ha- < bu > -ld-ak-šu-ni-/ma ší-ki u-ka-lu a-na a-wa-tim a-ni-a-tim ka-ru-um Hu-ra-ma i-dí-ni-a-d-ma IGI GfR ša -šur H-bu-d-ni ni-d[-in IGI A-šur-r e₁?-/nam DUMU₁ Lci-qe-pí-im IGI Šu-Htar DUMU A-šur-i-mz-d DUMU E-ta-a I.e.,"Ennam-Assur seized us against Assur-tab, and Ennam-Assur said Assuqab: to ""For what do you question me and de- tain me? If either my father owes you anything, or if I owe you anything, or if you have in your possession a tablet cer- tified by me, then bring forth your wit- nesses and let me satisfy you with these men as witnesses!"" Assur-tab answered: ""You owe 1 talent of silver. I take responsibility for holding you."" Ennam-Assur said: ""Do keep in mind what was sworn by the City and the king - that he detains me although I do not owe him anything!"" The Hurama colony gave us for these proceedings and we gave our testimony before Assur's dagger. Witnessed by Assur-ennam son of La- qep, by Su-Istar son of Assur-imitti, (grand)son of Etaya.",AKT 6b.pdf
496. kt 94/k 768,40 ma-na KB ni-iš-ha-šu DIRI ša-du-a-šu ša-bu En-urn-A-šur a-na A-lu-a u E-ni-ša-ru-um i-na Ša-la-tu-ar ku-nu-ki ip-qi-id um-ma šu-ut-ma a-na -lim{ki} a-na Ša-lim-A -šur a-bi-a: bi-ld: u 5 GIN KB a-na qa-ti-šu-nu i-d[ì-i]n a-na a-wa-tim a-ni-a-r tim 1 kd-ru-um Wa-ah-šu-ša-na i-di-in-ni-a-ti-ma IGI GfR ša dA-šur Ši-bu-ti-ni ni-di-in IGI Ili₅-ba-ni DUMU A-mur-A-šur IGI A-hu-wa-qar DUMU Šu-ŠŠtar Tu-ra-am-1-li D UMU E-di-in-A -šur tap-pa-i-ni,"minas of silver, its import duty added, its transport tariff paid for, Ennam-Assur has entrusted to Aluwa and Enisarum in Salatuwar under seal. He said: ""Bring it to the City to my fa- ther Salim-Assur!"" He also gave them 5 shekels of silver for their expenses. The Wahsusana colony gave us for these proceedings and we gave our testimony before Assur's dagger. Witnessed by IIi-bani son of Amur- Assur, by Ahu-waqar son of Su-IStar; Tiiram-ili son of Eddin-Assur was our (absent) partner.",AKT 6b.pdf
497. kt 94/k 1615,[40 ma-na] KB ni-iš-ha-šu [DIRI ša-]du-a-šu u₁ [Ša-bu-Y En-um-A-šur •- [a-na]A-lu-a: it [ E-ni-]Ša-ri-im r i-na 1 [Ša-La]-tu-ar [ku-nu-ki ip-qWid₁ um-ma šu-ut-ma [a]-na A-lim{ki} a-naŠa-lim-A-šur a-bi-a bi-La-a: it 5 GIN KB a-na qa-d-šu-nu i-dí-in a-na a-wa-ltim a-ni-a-tim ka-ru-um Wa-ah-šu-ša-na i-dí-ni-a-d-ma IGI GIR rsa1 A-šur [H-bu-d-ni] ni-dí-in [IGI 1-lí-ba-ni DUM]U A-mur-A-šur [IGI -hu-wa-q]ar [DUMU Šu-Htar Tit V ra ₁-mi-ili₅ [DUMU E-dí-inA-]Šur r tap?-pah-i-/ni,"minas of silver, its import duty added, its transport tariff paid for, Ennam-Assur entrusted to Aluwa and Enisarum in Salatuwar under seal. He said: ""Bring it to my father Salim- Assur in the City!"" He also gave 5 shekels of silver for their expenses. The W ahsusana colony gave us for these proceedings and we gave our testimony before Assur's dagger. e. Witnessed by IIi-bani son of Amur- Assur, by Ahu-waqar son of Su-IStar; Turam-ili son of Eddin-Assur was our (absent) partner.",AKT 6b.pdf
498. kt 94/k 767,40 ma-na K[U.BAB]BAR ni-[iš-ha-šu] DIRI ša-du-a-šu ša-bu r En-urn ₁-A -šur a-na -lu-a u E-ni-ša-ru-um i-[ na] Ša-la-tu-ar ku-nu-[ ki] ip-qi-[id urn ]-rna r šu-ut₁-[ma] a-na _r limkh [a-na Ša-lim-A -šur] a-bi-a [bi]-la u [5 GIN] KB r a-na 1 qa-ti-[šu-nu] i-di-[i]n a-na [a-wa-tim] e. a-ni-a-tim r ka-ru-um 1 Wa-ah-šu-ša-na i-di-in-ni-a-ti-ma IGI GfR ša dA-šur Ši-bu-ti-ni ni-di-in IGI Ili₅-ba-ni DUMU A-r mur₁-A-Š(ur] IGI A-hu-wa-qar DUMU Šu-Iš1tar] Tu-ra-am-i-li DUMU E-di-i[n-A-šur] tap-pa-i-ni e.,"minas of silver, its import duty added, its transport tariff paid for, Ennam-Assur has entrusted to Aluwa and Enisarum in Salatuwar under seaL He said: ""Bring it to the City to my fa- ther Salim-Assur!"" He also gave them 5 shekels of silver for expenses. The Wahsusana colony gave us for these proceedings and we gave our testimony be fore Assur's dagger. Witnessed by Ili-bani son of Amur- Assur, by Ahu-waqar son of Su-IStar; Tiiram-ili son of Eddin-Assur was our (absent) partner.",AKT 6b.pdf
499. kt 94/k 1451,2 mi-pUu 15 ma-na T u iŠ-d-in : ne-pí-Šu-um 10 ma-na ni-iš-ha-šu DIRI ša-du-a-šu ša-bu-u SUNIGIN 42 1/3 ma-na KB ku-nu-ki-a : a-na -lu-wa u E-ni-ša-ri-im ap-qz-z ' ''d -rna a-na At- - zm ki a-ma-la tí-ir-tí-Šu ša-lim-A-šur u-še-bi-il5-šu-nu a-ha-rna 13 1/3 ma-na URUDU SIG₅ a-na ga-am-ri-šu-nu u 5 GIN KB a-na u-ku-ul-tí-šu-nu a-di-in IGI Ilirba-ni DUMU Ba-H-lam IGI A-hu-qar DUMU Zu-ur-zu-ur IGI Tu-ra-am-z-li DUMU E-di-na-A-šur space a-ha-rna 10 rl/3 1 ma-na 3 1/2 GIN /KB x tu]m? n[i x x x] 112 GIN šta i-na il₅-qe-u-ni a-n[a h ]u-bu-li-šu a-na ka-ri-im Le_ Wa-ah-šu-ša-na aš-qul GUSKIN ša H-ip-ka-at -šur-be-lel-a-wa-tim i-H-tu,"2 packages of 15 minas each plus a single package of 10 minas, its import duty ad- ded, its transport tariff paid - in all 42 1/3 minas of refined silver under my seal, I entrusted to Aluwa and Enisarum, and I sent them the City Salim-Assur in to to accordance with his orders. Furthermore, I paid 13 1/3 minas of good copper for their expenses and 5 shekels of silver for their food. Witnessed by Ili-bani son of Basi-ilum, by Ahu-qar son of Zurzur, by Tiiram-ili son of Eddin-Assur. Furthermore, 10 1/3 minas 3 1/2 shekels of refined silver ... , ... 1/2 shekel interest that they took on my account, I paid for his debt to the W ahsu8ana colony. The interest on the gold that remained of Assur-bel-awatim's investment.",AKT 6b.pdf
500. kt 94/k 1018,"a-na Ennam-Assur irba-a[t-ni-a-ti-ma] En-um-A -šur- rna ili: 1-na-ah-DINGIR-ma -la-hi-im a-hi-a [(x)] 5 ""In a-hi-a lu ta-za.za-a[m] u ta ₁-du-ki la ta-x[ ... ] Do u-la ha-bu-ta-kum / u-l[ a] owe : a-d[ t1 esteem l ' : u 'v' št-nt- '[v šu .. . ] 10 ... ] x] r ra-bi₄₁ rev. [ ... ] [ ... ] la a.rbi a-t[ ... ] ma rx₁ a-we-lu: a-n[i ... ] X X X U; ' tS-tU •V ' ] [x x x] rnim₁ x x x] ma rx₁ 316 Judicial i-na rx₁ [xx] im ... ] da-mu-ka [ ... ] ša ni-iš: -l[im{ki}] ka < -i > -la : a-na [A -lim{ki}] u be-li-a a-wa-tí bi-la IG I -šur-iš-tí-kal DUMU Šu-ka-li-r I.e. IGIA-ta-ta: DU[MU ... ]","seized us against Inah-ili, Ennam-Assur said as follows to Inah- front of Ali-ahum, my brother, yes, front of my brother you must stand. not kill me(?) and do not ... I do not you anything; I am not held in by you. Once or twice ... Texts ... your blood-money ... Keep in mind what was sworn by the City! Bring my case before the City and my lord. Witnessed by Assuris-tikal son of Sukalliya, by Atata son of ...",AKT 6b.pdf
501. kt 94/k 1166,ka-ru-um Dur4-hu-/mz-it GAL dì-nam i-dì-in-ma i-na u4-ml-im ša En-urn-A -šur A-ni-na iš-d-šu : i-ld-ak-ma i-na ka-ri_r im 1 Ka-ni-iš H-bu-tU.Šu ma-la i-dea-u iš-d: ta-pa-i-šu i-da-šu-um,"The plenary assembly of the Durhumit colony gave a verdict: On the day that Ennam-Assur leaves, Annina must go with him and give him his testimony in the Kanesh colony, to the best of his knowledge, together with his co-witnesses.",AKT 6b.pdf
503. kt 94/k 1246,Ir-ma-A-šur DUMU Ni-dì-ba-/ni Puzur₄-A-šur um-ma Puzur₄-A -šur-/ma a-na Ir-ma-A -šur-ma a-ma a-wi-lu-u a-ni-u-tum lu i-de₈-u a-na 1 ma-na KB ša i-Tt-me-el-ki-a En-nam-A -šur qa-ta-at e. [A-mu]r-Htar il5-tap-tu-/ni [a-na] En-nam-A-šur [ld t]a-tu-wa-ar [um-ma] Ir-ma-A-šur-ma [fa a-]tu-wa-ar [IG]I Šu-ŠŠtar DUMU Da-da-nim [I]GI Šu-Ku-bi₄-im DUMU U-zu-u-/a,"Puzur-Assur seized Irma-Assur son of Nide-bani and Puzur-Assur said to Irma- Assur: ""Look, may these men know that you must not raise claim against Ennam- Assur for the one mina of silver for which Ennam-Assur was booked as guarantor in Timelkiya for Amur-IStar."" Irma-Assur answered: ""I shall not raise claim."" Witnessed by Su-IStar son of Dadanum, by Su-Kubum son of Uzuwa.",AKT 6b.pdf
504. kt 94/k 1315,En-um-A -šur A-šur-ba-ni DUMU 1-du-a a-na 18 GIN KB ša i-na li-bi-ka i-šu-u KB šu-uq-la-am um-ma -šitr-ba-ni-ma KB a-na ša ki-ma ku-a-tì aš-qu-ul-ma šu-um-ka az-ku-ur um-ma En-um-A -šur-/ ma a-šar KB a-na ša ki-ma i-a-tì lei ta-aš-qu-lu-ma it šu-mila ta-az-ku-ru šu-ša-[a]l-ša-am a-na KB-pì-a lei ta-ša-qa-lam um-ma -šitr-ba-ni-/ma a-ša-qa-la-kum IGIA-ni-na DUMU A-šur-be-el-a-lwa-tim IGI -šur-ba-ni DUMU I-di-/a-bi₄-r im 1 uz-na-ti-ni I.e.,"Ennam-Assur (said to) Assur-bani son of Iduwa: ""With respect to the 18 shekels of silver that you owe to me -pay me the silver!"" Assur-bani answered: ""I have paid the silver to your represen- tative and I mentioned your name."" Ennam-Assur said: ""In case you have not paid the silver to my representative and have not mentio- ned my name, will you then not pay three times the amount of my silver?"" Assur-bani answered: ""I shall pay you."" Witnessed by Annina son of Assur-bel- awatim, by Assur-bani son of Iddin- abum. He touched our ears.",AKT 6b.pdf
505. kt 94/k 1328,En-um-A -šur ša ki-ma 1-ku-pí-a DUMU A-šur-ba-ni e-pu-ul um-ma En-um-A -šur-ma a-na ša ki-ma 1-ku-pì-a-ma 5 ma-na KB 1-ku-pì-a i-hi-ib-la-m[a a-n]a DUMU I Šu-Ku-[ bi-im] [x x x] ga bi [ ... break [u] r ha-l[. .. [x] TUG ku-ta-ni u 6 rTUG₁ [ ... ] ša 1-turrDINGIR i-na Wa-ah-š1u-ša-na] a-di-šu-um : tup-pa-am rsa1 1 ma-na 5 GIN KB ša [hu-]bu-ul En-nu-rqì-im re-₁zi-ib-šu-um a-ha-ma 13 1/2 ma-na URUDU En-nu-rqa-ma ap-qì-šu-um 1 GU 46 1/2 ma-na URUDU-i H-kam :E ka-ri-i[ m ... 1 I.e. a-ha-ma mi-[ ... ] KB-pì[ ... ] [x] x ma [ ... ] 322 Judicial,"Ennam-Assur answered the representati- ves of Ikun-piya son of Assur-bani, say- ing to Ikun-piya's representatives: ""Ikun-piya has become indebted to me for 5 minas of refined silver, and to Su- Kubum's son ... ... the silver and its interest ... x kutanu-textileš and 6 ... -textiles belon- ging to Itur-ili I gave him in Wahsusana. I left him a tablet concerning 1 mina 5 shekels of silver, of debt; further, I entrusted 13 1;2 minas of cop- per to(?) 1 talent 46 1;2 minas of šikku-copper ... in the office of the colony ... Texts",AKT 6b.pdf
506. kt 94/k 1427,18 GINKB ša En-um-A-štur] i-li-bi -šu[ r ]-ba-ni 13 1h ma-na URUDU Ši-ku-um ša En-um-A -šur i-li-bi4 ša 1 ma-na 5 GIN KB tup-pci-am ha-ar-ma-am ša hu-bu-ul E-nu-rqi-im a-na I-ku-pi-a e-zi-ib,shekels of silver belonging to Ennam- Assur is owed by Assur-bani. 13 1h minas of šikku-copper belonging to Ennam-Assur is owed by Concerning 1 mina 5 shekels of silver he has left a certified tablet about the debt of to Ikun-piya.,AKT 6b.pdf
507. kt 94/k 679,10 GU 10 ma-na AN.NA ku-nu-ki ša -lim{ki} 2 me-at 23 TUG.HI.A 24 ANSE.HI.A ' . mt-maa-mm En-urn-A-šur ilrqe reverse uninscribed,"talents 10 minas of tin sealed in the City, 223 textiles and 24 black donkeys -all this Ennam-Assur received.",AKT 6b.pdf
508. kt 94/k 712,ta-la-nìen a-na 2 Ši-ni-šu ŠIGš-tim DIRI I-tur₄-DINGIR a-na En-urn-A -šur i-tu-a-ri-lšu u-ba-lam,"2 pairs of tallanu, of extra-fine quality, ltur-ili is to bring to Ennam-Assur when he returns.",AKT 6b.pdf
509. kt 94/k 722,5/6 ma-na 3 1/2 GIN hu-ša-ra-am a-na 2 2/3 ma-na 1/2 GIN I-tur.-DINGIR a-na me-er-[e] Ša-ak-ri-u-ma-an i-di i-na 2 ma-na 15 [GIN] hu-ša-ra-am ša iš-tí šu-ŠŠtar u-še-bi-lu sA.BA H-im 1/2 ma-na 7 1/2 GIN hu-ša-ri-im 1 1/2 ma-na 2 GIN KB u-ši-bi-lam KB ku-nu-ki a-na dA v' -šur aš- /V ì u-ut št-tl v' ' hu-ša-ri-im i-li-[bi] Šu-ŠŠtar a-hu-ur a-na mì-ma KB-pi-[ ... ] NIG.KA-ši: ni-š[i-ma] iŠ-tu KB ša i-li-bi-a i-[šu-u-ma] U-Ša-bi-u [ ... ] KB ku-nu-ki [(x)] lu [ ... ] r2/3 GIN 9 1 hu-ša-ru-um e-la-num iŠ-tí En-num-A -šur I.e. i-ba-Ši Varia,"Itiir-ili deposited 5/6 mina 3 Y,. shekels of lapis lazuli worth 2 2/3 minas Y,. she- kel with the sons of Sakri-uman. Of the 2 minas 15 shekels of lapis lazuli that he sent with Su-IStar, thereof he sent 1 Y2 mina 2 shekels of silver, the price of Y,. mina 7 Y,. shekels of lapis. The sealed silver I placed under Assur's authority. The rest of the lapis lazuli remains in Su-IStar's possession. We made an accounting for all the sil- ver, and after I have paid in full the sil- ver that I owe ... the sealed silver ... 9 2/3 shekels of lapis lazuli, an extra, is in Ennam-Assur's possession. 327",AKT 6b.pdf
510. kt 94/k 932,36 GU SIG.HI.A ša 1-U-dan ša i-na En-urn-A -šur um-ma šu-ut-ma la tu-šar tu-šar-ma i-na :E-ti[ ... J,"Ennam-Assur has seized 36 talents of wool belonging to Ili-dan that was in He said: ""You must not release it. If you release it, in the house ... """,AKT 6b.pdf
511. kt 94/k 1182,[x x En-]nam-A-šur a-[ ... ] [i-]du-nu a-na a-wa-[ ... ] [tup Y -pi-im 1 i-[ .. ],Ennam-Assur ... they gave .... of the tablet ...,AKT 6b.pdf
512. kt 94/k 1189,20 ma-na En-nam-A -/šur DUMU 1-šu-ri-ik 14 hi-dim Šu-ša-a-a DUMU Na-ap-ra-ka 1-zi-MI.IZ-šar,"minas: Ennam-Assur son of Issu-arik. 14 beads: Susaya son of N apraka. 2 minas, 2 \12 beads: lzziz-misar.",AKT 6b.pdf
513. kt 94/k 1197,1 me-at 6 1/2 I ma-na URUDU ša En-um-A-šur i-li-bi4 ka-ri-im Ší-im URUDU a-nim i-na KB ša wa-bar-tim ša ša-la-tu-ar ki-ma En-um-A-/šur Ku-da-tum i-ta-qe,minas of copper belonging to En- nam-Assur is owed by the colony_ Kudatum will receive the price of this copper in silver from the station at Salatuwar on behalf of Ennam-Assur_,AKT 6b.pdf
514. kt 94/k 1270,"10 GIN KB a-na ni-qUu a-na I-ku-pí-a GIN 2 a-na me-er-l-Šu a-dí-in 5 GIN a-naA-šur-na-da 2 GIN a-naA-ta-ta DUMU A-mur-/ŠŠtar 1 GiN a-me-er-ì-šu 2 GiN a-na Šu-Ld-ba-an 3 GiN a-na En-na-Šu-in 2 112 GiN a-na -šur-ni-šu 1 GIN a-Šu-A-nim DUMU Šu-ŠŠtar 330 Varia 1 1/2 GIN a-na A-ša-bi-im DUMU Ma-nu-/a 11/2 GIN a-na Puzur₄-A-šur DUMU Šu-U-ba-an 2 GIN a-na A-mur-IDINGIR 1 1/2 GIN a-na Ld-di-a 2 ma-na URUDU SIG₅ a-na Ša-ha-ar-li 1 GIN a-na Puzur₄-A-šur DUMU Šu-Be-lim 2 GIN a-naA-ld-hi-im a-hu-ka 1 GIN a-na U-di-a-ma 1 GIN a-na En-urn-A-šur DUMU Šu-A-šur 10 GIN KB a-na Pu-šu-ki-in 11/2 GIN a-na me-er-ì-šu GIN 1 1/2 a-na En-nam-A -šur DUMU Šu-ka-li-a 2 GIN a-na Ili5""ba-ni DUMU Puzur₄-A-šur 2 GIN a-na U-qìpì-im I-di-Šu-in 15 GIN KB i-nu-mì li-ta-ti-šu a-na Pu-šu-ki-in a-di-in 2 GIN a-na I-na-a 2 GIN a-na Im-di-DINGIR i-nu-mì li-ti-Šu-nu a-di-šu-nu-ti-ni 3 GIN a-naA-ni-nim 3 GIN a-naA-rmur₁-DINGIR","shekels of silver for his sacrifices, to I lkun-piya; gave 2 shekels to his son; 5 shekels to Assur-nada. 2 shekels to Atata son of Amur-IStar; 1 shekel to his son. 2 shekels to Su-Laban. 3 shekels to Enna-Suen. 2 shekels to Assur-nisu. 1 shekel to Su-Anum son of Su-IStar. 1 \12 shekel to Ali-abum son of Mannu- wa. 1 \12 shekel to Puzur-Assur son of Su-Laban. 2 shekels to Amur-ili. 1 \12 shekel to Ladiya. 2 minas of good copper to Sahar-ili. 1 shekel to Puzur-Assur son of Su- Belum. 2 shekels to Ali-ahum, your brother. 1 shekel to Ladiya as well. 1 shekel to Ennam-Assur son of Su- Assur. 10 shekels of silver to Pusu-ken; 1 \12 shekel to his son. 1 \12 shekel to Ennam-Assur son of Sukalliya. 2 shekels to IIi-bani son of Puzur-Assur. 2 shekels to La-qep, Iddin-Suen's packer. 15 shekels of silver when I gave his litu- garments(?) to Pusu-ken. 2 shekels to Innaya. 2 shekels to Imdi-ilum when I gave them their litu-garments(?). 3 shekels to Anninum. 3 shekels to Amur-ili.",AKT 6b.pdf
515. kt 94/k 1381,ki-ma Nu-uh-ša-ti[m] u En-um-A-šur !-[. .. ] it Puzur₄-ŠŠtar uŠ-bu ki-ma -mur-A -šur Šu-Hu-bur it diM.r x₁-[x] uš-bu a-wi-lu a-ni-U-r tum 1 a-ti-r ir-tí₁ am-tim ša -mur-r -šur 1 a-wa-tim u-ga-me-r ru ₁-ma iš-tit ha-muš-tim ša -šur-i-mz-ti a-na 6 ITLKAM a-na A-mur-A-šur i-ša-pu-ru-lma a-di: ti-ir-tum ša -mur-A .r šur 1 i-ba-ta-ka-lta-ni r 1.[d-an 6 GIN KB mz-ma ' ša-m-am y • ta e-zi-ib,"On behalf of Nuhsatum and Ennam- Assur, 1... and Puzur-IStar sat down; on behalf of Amur-Assur Su-Hubur and Adad-... sat down. These men concluded the matter of Amur-Assur's maid, so that they will write to Amur-Assur within 6 months after the week of Assur-imitti, and until Amur-Assur's answer is sent across, he will leave nothing else apart from 6 she- kels of silver.",AKT 6b.pdf
516. kt 94/k 1483,4 me-at ší-pa-ra-/tum 18 še-na-tum 34 še-na-tum ša a-na 15-šhi-šu ma-ar-šu y a-na 2 H-ni-šu ša za-ak-ri-im 10 ku-li-ta-nu 30 mu-uš-ta-tum 1/2 QA ša-ar-dum ' . mz-ma a-mm a-na a-bi-ni En-um-A-šur u A-la-hu-um i-dí-nu,"bronze pins, 18 shoes, 34 children's shoes, 5 15 sets of straps, twice for men, lo.e. 10 kulitdnu-veššelš, 10 30 combs, rev. 11 litre of olive oil - all this Ennam-Assur and Ali-ahum gave to our father.",AKT 6b.pdf
517. kt 94/k 911,[x x]-A-šur X [x K]B ša Še-ep-Htar a-na Šu-Išttar] [x E]n-um-A-šur il₅-qe 1 GU 20 ma-n[a ... ] u [x] TUG ku-ta-ni 2 ma-na AN.NA rqa-tim₁ [x En]-um-A-šur il₅-qe 1 ma-na 8 GIN KB [x AN]SE.HI.A En-um-A-šur ilTqe H-im 9 ku-t[a'-ni ... ] [x x] 4 Ši-it-ri En-um-A-šur ilTqe i-na [mt]-ma a-nim ša i-na ma-ah-ri-ni i-Ši-ik-[nu-ni] [x] ma-na KB i-li-bi Šu-Htar [En]-um-A-šur i-di-ma a-na 5 ha-am-ša-tim [Šu-Htar D]UMU Šu-ki-tim a-na En-um-A-šur i-ša-[qal] u [x x x x] r x x 1 5 ku-ta-ni 30 ma-na AN.NA [i-na li-bi] šu-Htar šu-ma i-na 40 ha-a[ m-ša-tim] [x x x x x x] la-ap-tu a-na wa-šu-[ ... ] [x x x x x x x] Šu-ŠŠtar DUMU Šu-k[i-tim] [x X X X X X] i-ša-qa/ ŠU-ma i-[ ... ] [x x x x x x] x K.ISIB U-bi-[. .. ] u [x xxx xx] a-na[ ... ] [x X X X X X] da [ ... ] e. break,"... -Assur and Saha ... x silver belonging to Sep-IStar Ennam- Assur received for Su-[IStar]. 1 talent 20 minas of tin ... x kutanu-textileš and 2 mi- nas of tin of hand tin Ennam-Assur recei- ved. 1 mina 8 shekels of silver and x don- keys Ennam-Assur received. The proceeds from 9 kutanuš and 4 undergarments En- nam-Assur received. Of all this that was placed before us Ennam-Assur noted x mina of refined silver as owed by Su-IStar, and Su-IStar son of Sukkutum must pay within 5 weeks to Ennam-Assur. ... 5 kutanuš and 30 minas of tin ... ... Su-IStar. If he has not paid within 40 weeks as no- ted down ... Su-IStar son of Sukkutum must pay .. .",AKT 6b.pdf
519. kt 94/k 755'',"ik-ri-bi ša -šur iš-ti Ma-ma-r hi₁-ir i-na am-hu-ru rskBA 1 10 1/3 r ma ₁-na hu-ša-ra-am ik-ri-bi ku-nu-ki DAM.GAR ki-ma tam-ka-ri-[im] Ku-da-ti[m] DUMU A-mur-ŠŠtar [a ]-na H-a-ma-tim um-ma a-na-ku-ma ₁-ma-la na-aŠ-pe-er-tíDAM.GAR a-na Dan-A -šur a-aLY-tu KB r it 1 [ ••. ] ., l u gz-mz- . ' l am- ' [ ... ] r. u-me 'l''Vr[] tu-ša- a-ma pa-ni-u-tì-ma še-bi-ld-mim] Ku-ku-wa DUMU Bu-da-tim Ld-q.?-ep DUMU r x-(xúša-ša KB m""i-ma rw A?₁ H-im a-H-im am-hu-ru 10 [ma]-na KB ni-iš.r ha-šu₁ DIRI ša-du-a-šu b • , drA' • nu' G (:-I u a-šu-mz --šur ?' - a-na x₁ . È s'- - zm ki a-šz-a-ma-tzm ., - [-n tšrtl n-na- u-tn a-na m""i-ma r a-nim ₁-ma 5/6 ma-na rp GiN hu-ša-ri-im 5/6 ma-na 3 [ +x GIN K]B iš-d [x x x]-ma 2 ma-[na x GI]N hu-ša-lri-im a-na[ ... ] ma-na GIN al-qe 2/3 8 ma-na hu-ša-ra-am r ki-ma 1 ma-na KB I-tur4-DINGIR i/5-qe i-ni-ka-ši x x 336 Varia","the votive offering to Assur that I received from Man-mahir in Salatuwar, thereof I entrusted 10 1/3 minas of lapis lazuli from the votive offering under the seal of the merchant and on behalf of the merchant to Kudatum son of Amur-Htar, and I sent him away to make purchases. I said: ""Act in accordance with the missive of the merchant that was written to Dan-Assur and to you and ... silver and ... iron; do not release it on credit but send it as soon as possible."" Witnessed by Kukuwa son of Budatum, by Laqep son of .. sasa. Before I received the silver, the proceeds from this iron, I sent 10 minas of refined silver - its import duty added, its trans- port tariff paid for - in the name of Assur- rab to the City for purchases with Enna- Suen. For all this - I sent(?) the proceeds from 5/6 mina 1 shekel of lapis, 1 5/6 mi- nas 3 + x shekels of silver with Ali-abum, and I received the proceeds from 2 minas x shekels of lapis that ... , 3 2/3 minas 8 she- kels. Itur-ili took \6 mina of lapis lazuli worth 1 mina of silver. The rest ...",AKT 6b.pdf
520. kt 94/k 878,tup-pu-a [ha-]ru-mu-tum me-eh-ru-a u ta-ah-ši-ša-ltum,"My certified tablets, my copies and me- moranda.",AKT 6b.pdf
521. kt 94/k 903,2 Ši-ta ša-ma-l[ a-tim] ra-bi₄-a-tim a-[. .. ] ša ba-ab ni X [ ••. ] a-di-šu-um 1/2 GI[N ... ] 4 ša-ma-la-tim [ ... ] la i-ha-l[i-qu ... J,2 big šamalu-cupš ... ... of the gate ... I gave to him. \12 shekel ... 4 šamalu-cupš ... ... should not be lost.,AKT 6b.pdf
