tablet_id,transliteration,translation
1. Kt 91/k 347,2 GÚ 40 ma-na KÙ.B. 5 li-me ŠE-um 30 DUG ù 40 DUG : ba-áb-tám i-na a-lim{ki} : 10 šu-ba-tim qá-qí-[r]i : É-tám : ep-ša-/am É *Dí-⌈la⌉?-a : 60 TÚG.HI.A e-pí-š[u] ša-na-tim sí-pá-⌈r⌉*i : ú sú-ub*-ra-am ša É a-bi-ni : zu-a-za-am qá-bi-a-ni-ni : a-na a-i-tim : ba-lu-a ta-ak-bu-ús um-ma A-lá-hu-um-ma a-šu-mì e-li-tí-a ù e-li-tí-kà la ha-a-ṭim ak-bu-ús um-ma E-la-ma-ma e-li-tí-ma-mì-in lu-bi-il-ma : i-na É a-bi-a : zi-tí : lá-zu-úz-ma KÙ.GI 1 GÚ : a-na u₄-mì-im a-nim : kà-áš-da-ku-mì-in ki-ma ik-bu-saʾ-ni-ni ša ni-iš : a-lim{ki} ta-mu-ú : lu ú-kà-al IGI E-dí-na-a IGI En-um-A-šùr,"Two talents and 40 minas of silver, 5000 measures of barley, 30 jars plus 40 jars outstanding claims; in the City a plot of 10 šubštum, a built house, the house of Dilaya(?); 60 textiles, rugs, pitchers, bronze objects and slaves - (are) the estate of our father which we have promised / been ordered to divide. Why have you suppressed (it) without me? Ali-ahum answered: ŠIn order to prevent my and your extra share from being inspected I have suppressed it."" Elamma answered: ŠIf only I could have taken along my own extra share and had obtained my share in my father's estate, then by this day I would have had at my disposal one talent of goldš That he repressed me, I wish to retain as Ša statement) made with an oath by the Cityš” In the presence of Eddinšya, and of Ennum-AŠṭur."
2. Kt 91/k 482 (1-335-91),2 1/2 ma-na GUŠKIN I-li-a 2 ma-na A-la-hu-um 2 ma-na āu-La-ba-an 1 1/3 ma-na Ku-ni-la DUMU.MUNUS En-nam-A-šùr 1 2/3 ma-na DAM.GÀR-ru-um 1 ma-na 12 GÍN A-la-hu-um ù E-la-ma 1 ma-na 12 GÍN A-mur-IŠtar ŠEŠ-šu 1 ma-na ša na-ru-uq A-mur-/IŠtar 1 ma-na 12 GÍN ša-li-sú 1 1/2 ma-na ša na-ru-qí-šu Hi-na-a 3 ' ma-na DAM.GÀR-ru-um 3 ma-na DAM.GÀR-ru-um 2 ma-na DAM.GÀR-ru-um 3 2/3 ma-na 5 GÍN E-lá-/ma ŠU.NIGIN 27 5/6 ma-na 1 GÍN GUŠKIN na-ru-uq E-lá-ma e-ra-áb i-na nè-mì-lim ša-al-ša-tim e-kà-al a-na ša-al-ša-tim i-za-az a-na MU.10.ŠÈ ni-kà-sí i-da-an ša i-lá u₄-me-šu ma-al-ú-tim ší-ip-kà-tí-/šu e-ri-šu 4 ma-na.TA i-lá-qé 1 li-im 5 me-at ŠE 2 sú-ub-ru-um zi-tum lu ku-ur-sí-na/tum mì-ma a-nim ša-al-ṭí li-mu-um Ib-ni-{d}IŠKUR DUMU Ba-qú-ni-im,"2 ā mins of gold Iliya, 2 minas Ali-ahum, 2 minas šu-Labšn, 1 1/3 mina Kunila, daughter of Ennam-AŠṭur, 1 2/3 mina tamkšrum, 1 mina 12 shekels Ali-ahum and Elamma, 1 mina 12 shekels his brother Amur-IŠtar, 1 mina of the naruqqum of Amur-IŠtar, 1 mina 12 shekels his cash funds, 1 ā mina of his naruqqum Hinnšya, 3 ā minas tamkšrum, 3 minas tamkšrum, 2 minas tamkšrum, 3 ' minas Elamma - in all 27 5/6 minas 1 shekel of gold enters the joint-stock fund of Elamma. Of the profit he will enjoy one third, one third he will guarantee. In 10 years he will render account. Who asks for his investment before its due date will receive 4 minas per Šmina of gold). 1500 measures of barley, 2 slaves, the share Šin the inheritance) and Šwhat is in) the various ‘pots’ - all this is my available capital. Eponymy of Ibni-Adad, son of Baqqunum."
3. Kt 91/k 355,um-ma I-li-a A-šur-re-(í En-nam-A-šur ù Da-dí-a-/ma a-na E-la-ma qí-bi₄-ma 5/6 ma-na LÁ 2 GÍN KÙ.B. ša KÙ A-la₁-hi-im ša li-bi₄ na-ru-qí-/kà ni-il₅-qé-a-šu-ma : ší-ma-am ni-iš-a-ma : Ku-na-a : ú-šé-bi₄-lá(A)-/kum 1 ma-na KÙ.GI ša a-na A-lá-hi-im a-ta ša-áp-kà-tí-ni 1 2/3 ma-na KÙ.B. ni-il₅-qé-ma ší-ma-am ni-iš-a-ma A-šur-lá-ma-sí ú-šé-ri-a-kum 1/3 ma-na KÙ.B. ša ší-im ANŠE.HI.A ša a-na A-lá-hi-im tù-šé-bi₄-lá-ni a-na li-bi₄ lu-qú-tí-kà na-dí En-nam-A-šur ù āu-IŠtar DUMU Da-da-nim ú-šé-([í?]-ú-ni-kum 20 ma-na URUDU iš-tí DINGIR-ba-ni 8 ma-na URUDU iš-tí *Ah-ma-a ni-il₅-qé-ma 4 TÚG šu-ru-tim ni-iš-a-ma En-nam-A-šur ù āu-IŠtar DUMU Da-da-nim ub-lu-ni-kum a-šu-mì KÙ.B. ša É A.BA ša na-ru-uq A-la₁-hi-im ša ta-áš-pu-ra-ni qá-at-kà ù qá-sú ša A-la₁-hi-im A-šur-DÙG il₅-qé ší-ma-am iš-a-ma ú-šé-(í né-nu mì-ma ú-lá ni-il₅-qé,"Thus Iliya, AŠṭur-r)(ē, Ennam-AŠṭur and Dadiya, say to Elamma: “48 shekels of silver, which is silver of Ali-ahum that is part of your joint-stock fund, we took it and made purchases with it and Kunnaya has sent them to you. (As for) the 1 mina of gold you yourself have invested with Ali-ahum, we collected 1 2/3 mina of silver and made purchases and AŠṭur-lamassē has brought them to you. 1/3 mina of silver of the price of the the donkeys you sent to Ali-ahum has been added to your merchandise; Ennam-AŠṭur and šu-IŠtar, son of Dadšnum, have shipped it off to you. We collected 20 minas of copper from Ilē-bšni and 8 minas of copper from Ahmaya and we bought Šwith it) dark textiles; Ennam-AŠṭur and šu-IŠtar, son of Dadšnum, have brought it to you. As for the silver of the paternal house that is (in) the joint-stock capital of Ali-ahum, about which you wrote – AŠṭur-*šb took your and Ali-ahum’s part (and) he made purchases Šwith it) and shipped them off. We ourselves did not receive/take anything."
4. Kt 91/k 332 (1-189-91),1 ma-na KÙ.GI i-na na-ru-qí-šu ša A-la-hi-im ni-a-/im ad-ma-ku 4 ma-na LÁ 10 GÍN KÙ.B. Ša-ru-pá-am i-a-am A-šùr-ma-lik DUMU A-šùr-{d}UTU ki-ma i-a-tí a-na Hi-na-a ú-šé-bi₄-il₅-ma ù i-na té-er-tí-a um-ma a-na-ku-ma a-na ⌈Hi⌉-na-a-ma a-na ⌈na⌉-ru-qí-kà le-⌈qé⌉-šu-ma KÙ.GI lu-up-<ta>-am 1 ma-na KÙ.GI ad-ma-ak-šu-/um,"1 mina of gold I have as investment share in the joint-stock capital of our Ali-ahum. 3 minas and 50 shekels of refined silver, belonging to myself, I had AŠṭur-mšlik, son of AŠṭur-ṭamṭē, in my name bring to Hinnšya and then I also told Hinnšya in my instruction: ŠTake it for your joint-stock capital and book the gold as being mineš. I have now an investment share with him of 1 mina of gold."
5. Kt 91/k 361 (1-218-91),2 ma-na 8 GÍN KÙ.B. E-lá-ma ù āa-lim-a-hu-um 1' ma-na 3' GÍN E-lá-ma i-na ILLAT Id-na-a : Ì-lí-a-lim ù A-šùr-i-dí i-na É.GAL-lim na-ad-ú 4) ma-na E-lá-ma ù A-la₁-hu-um i-na ILLAT Lá-qé-ep DUMU Qá-a-tim na-ad-ú 2' ma-na 8 GÍN E-lá-ma Hi-na-a ù A-šùr-kà-ší-id i-na ILLAT āu-A-nim ad-mu-ú 15* GÍN E-lá-ma i-na ILLAT A-lá-hi-im ù Bu-(í-a a-dí-im 2 ma-na 8 GÍN E-lá-ma i-na ILLAT A-zu-za ù A-šùr-iš-tí-kál a-dí-im 4 ma-na LÁ 2 GÍN i-na ILLAT Pu-šu-ke-en₆ ad-ma-ku a-ha-ma 13 GÍN i-qá-tí Lá-qé-ep a-lá-qé ša 3 LÁ * TÚG ku-ta-nim 5/6 ma-na 5 GÍN KÙ.B. i-na ILLAT-at En-um-A-šùr DUMU Ba-sá-sá ù {d}En-líl-ba-ni i-na É.GAL-lim E-lá-ma a-dí-im,"2 minas 8 shekels of silver (of) Elamma and šalim-ahum, 33ā shekels Šof silver) of Elamma from the caravan of Idnaya, Ilē-šlum and AŠṭur-idē have deposited in the palace. 4, minas Elamma and Ali-ahum have deposited in the caravan of LŠ-q)p, son of Qa’atum. 2 minas 38 shekels Šof silver) Elamma, Hinnšya and AŠṭur-kaṭid have as share in the caravan of šu-Anum. 15- shekels Elamma has as share in the caravan of Ali-ahum and Bu(iya. 2 minas 8 shekels Elamma has as share in the caravan of Azuza and Iliṭ-tikal. 4 minas minus 2 shekels I have as share in the caravan of PŠṭu-k)n. Separately I will receive 13 shekels from the part of LŠ-q)p. For 2' kutšnu-textiles Elamma is entitled to 55 shekels of silver in the palace from the caravan of Ennam-AŠṭur, son of Basasa, and from Enlil-bšni."
6. Kt 91/k 533 (1-385-91),"um-ma E-lá-ma-ma a-na A-šur-re-(í-ma a-na I-li-a ù ku-wa-tí A-lá-hu-um ú a-na-ku ni-iš-pu-ra-ku-nu-tí um-ma né-nu-ma : i-na lu-qú-tim ša É a-bi₄-ni ki-iš-da-tí-ni ší-ma-am ša-ma-nim-ma a-na Šé-er A-lá-hi-im ú i-a-tí šé-bi₄-lá-nim mì-šu-um ší-ma-am lá ta-áš-[ta-ma-nim] Šrest of obv., l.e. rev. missing) [ ] um-ma A-šur-re-(í-ma a-ma-lá té-er-tí A-lá-hi-im [x x x t]ám i-na ba-áb : x [x x x]","Thus Elamma, <say> to AŠṭur-r)(ē: Ali-ahum and I myself we wrote a letter to Iliya and to you in which we said: ‘Make purchases with what accrues to us as Šthe yield of) the merchandise of our paternal house and send them to Ali-ahum and me’. Why have you failed to make purchases? AŠṭur-r)(ē told (me): ŠIn accordance with Ali-ahum’s instruction .........in the gate ......"
7. Kt 91/k 294 (1-151-91),ma-na KÙ.⌈B.⌉ ma-na KÙ.B. GÍN KÙ.KI š[a Lá]-ma-sí-t[im],"minas of silver, 2 minas of silver belonging 15 shekels of gold of Lamassutum"
8. Kt 91/k 302,8-11 erased. ma-na KÙ.B. ni-is-ha-sú [ 'u-Hu-/⌈bur⌉ GÍN KÙ.B. a-na Um-mì-IŠ-ha-ra GÍN KÙ.B. a-na Bu-ṣú-a GÍN KÙ.B. Sà-sí-a GÍN KÙ.B. Lá-qé-pu-um [ IŠ-ha-/ra ma-na 8 GÍN KÙ.B. ša-du-/a-sú,"minas of silver, its excise [ ēu-Hubur, 5 shekels of silver for Ummṣ-IŠhara, 1 shekel of silver for Bu(ua - 3 shekels of silver Sāsiya (and) 3 shekels of silver La-qṭpum, son of 17 minas 8 shekels of silver, its transport"
9. Kt 91/k 316,né-pí-šu-um 10 ma-na ma-na KÙ.B. a-ha-ma ri-ik-sú-um ri-ik-súm ( ma-na 5 / GÍN ri-ik-súm GÍN a-na,"1 packet of 10 minas of silver, Separately 5 minas of silver, for me. One bundle Šof silver), (containing) 35 shekels Šof silver), one bundle containing 13 shekels Šof silver) for"
10. Kt 91/k 353 (1-210-91),ma-na KÙ.B. ṣa-[ru-pá-am] ma-na KÙ.B. ni-is-h[a-sú DIRI] ma-na KÙ.B. ṣa-ru-pá-am [ MAR.T[U-ba-ni] GÍN KÙ.B. ⌈a⌉-na qá-tí-šu a-[dí-in] GÍN ša da-[a-tim?] GÍN KÙ.B. a-na ⌈'u-x⌉*[x (x)] GÍN KÙ.B. ni-is-ha-sú DIR[I] [ tí-šu] GÍN KÙ.B. šé-bu-[ul-tum] GÍN KÙ.B. ša [ x x x (x)] a-na Um-mì-IŠ-[ha-ra] [ Um-mì-IŠ-ha-ra GÍN KÙ.B. a-na Be-lu-lu 1 GÍN KÙ.B. [ a-na Na-ar-am-/tim GÍN KÙ.B. a-na Bu-ṣú-ú ( GÍN [ KÙ.B. a-na [ a-lim{ki} ú-bi-il₅,"minas of refined silver, 15 minas of silver, its excise added, 30 minas of refined silver, its [ Amurrum-bāni; 3 shekels of silver I gave for his expenses. 10 shekels for the road-tax 7 shekels of silver for ēu-.......... 10 shekels of silver, its excise added, [ tiles of his] 10 shekels of silver, consignment 4 shekels of silver of [..............] for Ummṣ-IŠhara; [ Ummṣ-IŠhara; 1 shekel of silver for BŠlulu; 1 shekel of [ silver for Nar’amtum; 1 shekel of silver for Bu(š; ' shekel of [ silver for it away to the City."
11. Kt 91/k 444 (1-297-91),15 ma-na KÙ.B. ni-is-ha-sú DIRI ša-du-a-sú ša-bu ku-nu-ki-a a-na {d}IŠKUR-pì-lá-ah DUMU A-ni-nim áp-qí-id IGI 'u-IŠtar DUMU 'u-ki-tim IGI A-šur-ma-lik DUMU 'a-ba-ha-nim,"shekels of silver its excise added, his transport fee paid, under my seal I entrusted to Adad-pilah, son of Anṣnum. In the presence of ēukutum (and) of AŠšur-mālik, son of ēabahānum."
12. Kt 91/k 481 (1-334-91),ma-na KÙ.B. ṣa-ru-pu-um GÍN KÙ.B. šé-bu-ul-tù-šu GÍN šé-bu-ul-ta-ša GÍN a-na A-šur-re-ṣí,"mina of refined silver, 1 shekel of silver, 3 shekels of silver, her 3 shekels for AŠšur-rṭ(ṣ,"
13. Kt 91/k 309 (1-166-91),15 ma-na KÙ.B. ni-is-⌈ha⌉-sú DIRI ša-du-a-sú ša-bu a-na I-na-ah-⌈DINGIR⌉ a-dí-in 2 ma-na KÙ.B. a-na ú-ṭí-tim ša-páʾ(BE)-ki-im a-dí-šu-um ( ma-na KÙ.B. ta-ad-mì-iq-ta-ša 2 GÍN KÙ.B. šé-bu-ul-/ta-ša ša Um-mì-IŠ-ha-ra 13' GÍN KÙ.B. ta-ad-mì-iq-tù-šu š[a] *[B]e-lá-nim ⌈2⌉* [GÍN š]é-bu-ul-tum ša *Puz<ur₄>?-lá-áb-ra-at mì-ma KÙ.B. a-nim ni-is-ha-sú DIRIG ša-du-a-sú ša-bu I-na-ah-DINGIR ú-bi₄-il₅,"minas of silver the excise on it extra, his transport fee paid, I gave to +nah-ilṣ. 2 minas of silver for storing barley I gave him. ' mina of silver (from) her free loan, 2 shekels of silver a shipment for Ummṣ-IŠhara. 13 ' shekels of silver, his free loan for BŠlānum. 2 shekels a gift for Puzur?-Ilabrat. All this silver, the excise on it extra, his transport-fee paid +nah-ilṣ has brought away.."
14. Kt 91/k 409 (1-262-91),ma-na KÙ.B ṣa-ru-pá-⌈am⌉ ma-na KÙ.B TÚG E-lá-ma,"minas of refined silver, 10 minas of silver, 12 textiles Elamma"
15. Kt 91/k 392,KIŠIB 'u-Ku-bi-im DUMU Qá-a-tim KIŠIB En-nam-A-šur DUMU Ú-ṣa-ri-/a KIŠIB 'u-IŠtar DUMU Da-da-/nim KIŠIB A-<<lá>>-šur-lá-ma-sí ša 1 me-at 5 TÚG ku-ta-nu Šupside down) 4 GÚ 20 ma-na AN.NA ku-nu-ki 40 ma-na AN.NA qá-/tim 13 TÚG šu-ru-tum qá-dum ša li-wi-tim 6 ANŠE 4 TÚG ku-ta-ni ša kà-ṣa-re 1 TÚG ku-ta-nu ša Ì-lí-a Šupside down) mì-ma a-nim a-na Lá-qé-pí-im ni-ip-qí-/id,"Seal of ēu-KŠbum, son of Qa’atum, seal of Ennam-AŠšur, son of U(āriya, seal of ēu-IŠtar, son of Dadānum, seal of AŠšur-lamassṣ, concerning 105 kutšnu-textiles, 4 talents 20 minas of tin under seals, 40 minas of loose tin, 13 dark textiles, including those for wrapping, 6 donkeys, 4 kutšnu-textiles of the transporters, 1 kutšnu-textile of Iliya - all this we entrusted to Lā-qṭpum."
16. Kt 91/k 350,ma-na KÙ.B.,you have indeed borrowed
17. Kt 91/k 352 (1-209-91),ma-na KÙ.B. ni-is-ha-sú GÍN KÙ.GI ni-is-ha-sú DIRI Šerased; still visible: A-šùr-i-mì-tí) Šerased; end still visible: ku-um) ma-na KÙ.B. er-ša-šu-ma ša li-/bi₄-šu,"“15 minas of silver, its excise 15 shekels of gold, its excise added, for the 1 mina of silver he still owes"
18. Kt 91/k 530 (1-383-91),ma-na KÙ.B. ṣa-ru-pá-am,ŠDān-AŠšur is on his way to you
19. Kt 91/k 357 (1-214-91),ma-na 12 GÍN KÙ.B. I-dí-IŠtar [ Ku-ni-lim GÍN 22( ŠE KÙ.B. ni-pu-ul-šum GÍN KÙ.B. 1 ma-na AN.NA GÍN KÙ.B. a-sí-pá-ra-tim [Hi-na-a ik-nu-uk-/ma,“7 minas 12 shekels of silver Iddin-IŠtar [ KŠn-ilum. him 4. shekels of silver. 11 shekels of silver (and) 1 mina of tin 5 shekels of silver for siparštum [ transporter of Hinnāya.
20. Kt 92/k 145 (1-105-92),i-ba-ší li-li-ik [ Ì-lí-ba-ni ša-áš-qí-il₅-<šu>,"take place, do not leave [ Ilṣ-bāni,"
21. Kt 92/k 148,ma-na šu-qú-ul-ta-šu-nu na-am-gu₅-ra-ku šu-ma,"weighing 40 minas, with the colony. If the textiles"
22. Kt 91/k 303,a-na E-lá-ma qí-bi₄-ma um-ma A-šùr-ma-lik-ma KÙ.B. ša tù-šé-bi₄-lá-ni ù ṭup-pè-kà a-na ma-lá té-er-tí-⌈kà⌉ a-na A-lim{ki} uš-té-bi₄-il₅ a-šu-mì *K[Ù.B.] ša É kà-ri-im ša ⌈a⌉-[na] Lá-qé-pì-im tù-šé-bi₄-l[u] KÙ.B. a-na Lá-li-im a-[dí-i]n? a-ṣé-er KÙ.B. ù 5 TÚG š[a] [a]*-⌈dì⌉-ú-ma i-na KÙ.B-áp [Lá-qé]-pì-im-ma i-ší-qí-il₅ [K]Ù.B.?-kà a-na Lá-qé-pì-im [li?-l]i-ik-ma i-na [ga?]-ma-ar KÙ.B. šu-um-kà i-na É kà-ri-im lu ni-il₅-pu-ut a-šu-mì KÙ.B. ša A-mur-IŠtar ša a-na Lá-qé- ù ku-a-tí ha-bu-lu [ pì-/im té-er-tí Lá-qé-pì-im a-ṣé-er Lá-li-im ù ku-a-tí i-li-kam-/ma [u]m-ma šu-ut-ma u₄-me : ṣa-áb-ta-ma ma-⌈lá⌉ e-tí-qú-ni 1 GÍN.TA ⌈a⌉-ma-na-im ší-sí-a-ma KÙ.B. [ù ṣ]í-ba-sú ša-áš-qí-lá-šu a-wa-t[ám] [a?]-šu-mì ni-a-tí mì-li-ik [KÙ].B-pì-kà mì-li-ik TÚG.HI.A [ma]-lá Be-lúm-ba-ni e-zi-ba-ku-ni [ba]-tí-iq ù wa-tù-ur ⌈i-na⌉ ni-a-ú-tim-ma : ma-na-im URUDU [ x -x⌉*-us-ma dí-in lá i-na-dí-ú KÙ.B. Šnot inscribed),"Say to Elamma, thus AŠšur-mālik: ŠThe silver you sent me and your tablets I have now sent to the City following your instruction. As for the silver of the colonial office that you sent for Lā-qṭpum, I gave that silver to Lalum. In additon to that silver and the 5 textiles that I deposited, silver has been paid from Lā-qṭpum’s silver. Let your silver go to Lā-qṭpum and then, when the silver is spent we will register it in your name in the colonial office. As for the silver of Amur-IŠtar, which he owes to Lā-qṭpum and to you, there came a message of Lā-qṭpum, addressed to Lalum and you, in which he said: ‘Seize Šhim for) the days he is overdue and claim Šan interest of) 1 shekel per mina and make him pay the silver and the interest on it’. In his matter you must decide on behalf of us what to do with your silver. Sell all the textiles that BŠlum-bāni left behind for you at any price, ........ for copper by our own 1-mina-weight. It must not be stocked; the silver ....”"
23. Kt 91/k 354 (1-211-91),TÚG a-ta tù-ma-li TÚG Ú-ṣú-ur-ša-IŠtar DUMU A-šur-i-mì-tí TÚG-tí-šu kà-ṣa-ru-um il₅-qé ku-ta-ni Be-lúm-ba-ni TÚG a-na ni-is-ha-tim TÚG šu-ru-tim e-zi-ib ša li-wi-/tim ma-na AN.NA ú-ma-li-ú-šu-um,"you made good 1 textile, 1 textile U(ur-ša-AŠšur, AŠšur-imittṣ’s son, The harnesser took his 2 textiles, 31 textiles BŠlum-bāni brought you. 3 textiles as import-tax, 21 dark textiles, apart those for wrapping, compensated him 1 mina of tin."
24. Kt 92/k 156 (1-116-92),a-na E-lá-[ma] qí-bi-m[a um-ma x x x] ù A-šur-⌈ma?⌉-[lik-ma] 4 GÚ AN.NA [ku-nu-ki ša] a-lim{ki} ⌈ú⌉ [x ku-ta-ni ELLAT]? La-qé-pí-im [ub-lam] ŠÀ.BA 17( m[a-na] AN.NA lá [ku-nu-ki? (ù)] 5 ku-ta-nu ⌈i-na] É.GAL-lim lá-qé-[ú] ki-ma té-er-t[a-kà lá-šu-ni?] i-pì-kà a-na *x / x x um-ma a-ta-ma AN.NA i-ṣé-er DAM.GÀR-ri-im li-dí-šu *⌈x⌉ [ x x] Šnot inscribed),"To Elamma, say, thus [.............] and AŠšur-m[ālik?]: “4 talents of tin [with seals applied] in the City and [x kutšnu-textiles]? Lā-qṭpum’s [caravan brought here]. Thereof: 17' minas of tin without [seals (and)] 5 kutšnu-textiles were taken in the palace. For lack of a written instruction of yours, on the basis of what you said to ...............: ŠLet him entrust the tin to an agent ...........”"
25. Kt 92/k 160A/B (1-120-92),"[A]-⌈šur-lá-ma-s⌉[í] / DUMU Aʾ-da-[.....],","but was owned by AŠšur-mštappil, the writer"
26. Kt 91/k 356,ku-ta-ni ub-lu-nim um-ma ma-na KÙ.GI na-dí-in-/šum KÙ.B. 1 GÍN,"they brought me 75 kutšnu-textiles. of gold have been given, every shekel of silver he carries belongs"
27. Kt 91/k 307 (1-164-91),ma-na KÙ.B. É tám-kà-ri-im,we borrowed for you at interest 30 minas of
28. Kt 91/k 315 (1-172-91),⌈a-na⌉ E-lá-ma ù Kur-ub-IŠtar qí-bi₄-ma um-ma E-na-ah-DINGIR-ma 4 GÚ 20 ma-na AN.NA ku-nu-/ku 72 ku-ta-nu qá-dum ša li-wi-/tim 4 ANŠE ṣa-lá-mu 30 LÁ ) ma-na AN.NA qá-tim mì-ma a-nim a-ra-de₈-a-ku-nu-tí 14 LÁ * GÍN.<TA> AN.NA-ku-nu ša-im AN.NA-ku wa-aq-/ru 2 ma-na KÙ.B. a-pá-/ni-a šé-bi₄-lá-nim a-na E-lá-ma qí-bi₄-ma 1 me-at 60 ku-ta-nu 7 ANŠE ṣa-lá-mu a-ra-de₈-a-kum A-bu-ša-lim iš-tí-a i-lá-ak [ú] sà-he-er-tám ⌈ša⌉ KÙ.B. 10 GÍN ⌈šé⌉-bi₄-lá-nim,"Say to Elamma and Kurub-IŠtar, thus +nah-ilṣ: “4 talents 20 minas of tin under seals, 72 kutšnu-textiles, including those for wrapping, 4 black donkeys, 29* minas of loose tin - all this I am leading to you. Your tin was bought at a rate of 13) (shekels) per Šshekel silver). Tin is expensive, send 2 minas of silver to reach me en routeš. Say to Elamma: “160 kutšnu-textiles, 7 black donkeys, I aqm leading will lead to you; Abu-šalim travels with me. Send me also small wares for a value of 10 shekels of silver."
29. Kt 92/k 153 (1-113-92),GÚ 20 ma-na AN.NA,“4 talent 20 minas of tin
30. Kt 91/k 349 (1-206-91),a-na A-lá-hi-im ù Hi-na-a qí-bi-ma um-ma E-lá-ma-<ma> iš-té-en šu-qú-ul : 1 GÚ 5 ma-/na iš-té-en 1 GÚ ŠU.NIGIN₂ 2 GÚ 5 ma-na AN.NA ku-nu-ku 25 ma-na [A]N.NA qá-tim [50]+12 ku-ta-nu [4] TÚG šu-ru-tum ša li-wi-/tim [2]5 TÚG šu-ru-tum [ŠU.NIGIN₂] 91 TÚG.HI.A [4] ANŠE.HI.A ṣa-lá-mu [1] ⌈ku⌉-sí-tum : i-a-tum ⌈ù⌉ ša-nu-um ša Ta-ah-/sí a-na Lá-ma-sà-tim ⌈2⌉ ku-ta-nu ša bé-ú-lá-at Ma-nu-ki-li-a 2 ku-ta-nu ša bé-ú-lá-at En-nam-A-/šùr mì-ma a-nim En-nam-A-šùr DUMU Dì-dì-a i-ra-de₈-a-[ku-nu-tí] 2 GÚ 10 ma-na AN.NA ku-/nu-ku 4ʾ(2) TÚG šu-ru-tum li-wi-tum 5 TÚG ku-ta-nu 2 ma-na AN.NA qá-tim 1 ANŠE [ṣa]-lá-mu-um [x x x x x x x]-ma-hi-im [x+]60 ku-ta-nu 2* ⌈ma-na x GÍN⌉ [ [AN.NA] ⌈a⌉-na qá-tí-šu a-dí-[in ] [x ma-n]a URUDU 3 ku-ta-nu [ ] [x x⌉*-BA mì-ma a-nim [ ],"To Ali-ahum and Hinnāya, thus Elamma: ŠOne packet of 1 talent 5 minas, one of 1 talent, in all 2 talents 5 minas of tin under seals; 25 minas loose tin. [6]2 kutšnu-textiles, [4] black textiles for wrapping, [2]5 dark textiles, in all 91 textiles. Four black donkeys one kus+tu-garment of myself and a kettle of Tahsi for Lamassutum. 2 kutšnā being the working capital of Mannu-kṣ-iliya, 2 kutšnu’s being the working capital of Ennam-AŠšur. All this Ennam-AŠšur, son of Didiya is bringing [to you{plur}]. 2 talents 10 minas of tin under seals, 4 dark textiles for wrapping, 5 kutšnu-textiles, 2 minas of loose tin, one black donkey [belonging to 'al]im-ahum? [x+]60 kutšnu-textiles, 2* minas and [ x shekels of tin I gave in his hand. [x] minas of copper, 3 kutšnu-textiles ............., all this [PN is bringing you?].”"
31. Kt 91/k 445 (1-298-91),a-na E-lá-ma ù Kur-ub-IŠtar qí-bi-ma um-ma I-dí-A-šur-ma 2 GÚ 10 ma-na AN.NA ku-nu-ki 50 TÚG ku-ta-ni qá-de₈ ša li-wi-tim 3 ANŠE ṣa-lá-me-e mì-ma a-nim E-na-ah-DINGIR ip-qí-dam mì-li-ik lu-qú-tí-ku-nu mì-il-kà,"Say to Elamma and to Kurub-IŠtar, thus Iddin-AŠšur: “2 talents 10 minas of tin under seals, 50 kutšnu-textiles, including those for wrapping Šthe tin), 3 black donkeys - all this +nah-ilṣ entrusted to me Šfor transport). Consider what to do with your merchandise.”"
32. Kt 91/k 448 (1-301-91),a-na Kur-ub-IŠtar ù tám-kà-ri-im qí-bi-ma um-ma I-dí-A-šur-<ma> 50 TÚG ku-ta-ni 2 ANŠE ša tám-kà-ri-im E-na-ah-ì-lí ip-qí-dam mì-li-ik lu-qú-tí-ku-nu mì-il₅-kà * ma-na KÙ.B. a-na pá-ni-a šé-bi-lam,"Say to Kurub-IŠtar and the merchant, thus Iddin-AŠšur: “50 kutšnu-textiles (and) 2 donkeys belonging to the trader +nah-ilṣ entrusted to me Šfor transport). Consider what to do with your merchandise. Send me en route * mina of silver.”"
33. Kt 91/k 337 (1-194-91),18 TÚG šu-ru-tim ù 10 TÚG ku-ta-ni 2 GÚ AN.NA ù li-wi-sú ku-nu-ki-šu ša A-lim{ki} 2 ANŠE ṣa-lá-me ú ú-nu-sú-/nu ša A-lá-hi-im a-na A-šur-iš-/ tí-kál áp-qí-id,"dark textiles and 10 kutšnu-textiles, 2 talents of tin with its wrapping, under his seals applied in the City, 2 black donkeys with their harness belonging to Ali-ahum, I entrusted to AŠšuriš-tikal"
34. Kt 91/k 358,GÍN i-ma-sà-im ma-na 10* GÍN ma-na AN.NA GÍN.TA,it became 3 shekels less due to is 16 minas 10* shekels. 20 minas of tin at a rate of 13 shekels per (1 shekel of silver)
35. Kt 91/k 418,ma-n[a x GÍN KÙ].B. ša A-ta-a (1 2 lines missing),2 minas [x] shekels of silver that Atāya
36. Kt 91/k 419 (1-271-91),um-ma En-um-A-šur-ma Da-/dí-a ù Hi-na-a-ma a-na E-la-ma qí-bi-ma 20 ma-na KÙ.B ni-is-ha-sú DIRI Ir-ma-A-šùr ub-lam 2 GÚ 10 ma-n[a A]N.NA ku-nu-ki-ni ['u-Ku-b]u-um na-áš-a-k[u-um 14]* GÍN.TA KÙ.BI₄ 9 [ma-na] 4 1/6 GÍN it-ba-al 15 ma-na AN.NA qá-tim 14- GÍN.TA KÙ.BI₄ 1 ma-na 3 GÍN KÙ.B it-ba-al 36 TÚG.HI.A qá-dum : ša li-wi-/tim 2* ma-na KÙ.B it-bu-lu * ma-na 2 / GÍN be-ú-la-at 'a-lim-A-šùr kà-ṣa-ri-im 2 GÍN KÙ.B. 1 lu-bu-šu 2 ANŠE.HI.A ṣa-lá-ma-an ) ma-na LÁ 2 GÍN KÙ.B . it-bu-lu 3 TÚG.HI.A ša kà-ṣa-ri-im 4( GÍN KÙ.B. : ú-nu-ut ANŠE mì-ma a-nim 'u-Ku-bu-/um na-áš-a-kum : i-na wa-ar-ki-ú-tim : nu-za-kà-/ma lu-qú-ut-kà : iš-tí <<iš-tí>> : pá-ni-im-ma nu-šé-ba-la₁-kum,"Thus Ennam-AŠšur, Dadiya and Hinnāya, say to Elamma: “20 minas of silver, its excise added, Ir’am-AŠšur delivered. 2 talents 10 minas of tin under our seals [ēu-KŠb]um is bringing to you. At 14* shekels : 1 it cost 9 minas 4 1/6 shekels of silver. 15 minas of tin for expenses, at 142 shekels:1 it cost 1 mina 3 shekels of silver. 36 textiles, including those for wrapping cost 2* minas of silver. 22 shekels Šof silver) the working capital of ēallim-AŠšur, the harnesser, 2 shekels of silver, one garment for him. Two black donkeys cost 38 shekels of silver. 3 textiles of the harnesser, 4' shekels of silver donkey harness. All this ēu-KŠbum is bringing you. Later we will clear accounts and then send your merchandise to you with the next opportunity.”"
37. Kt 91/k 484 (1-337-91),[um-ma] A-la-hu-um [A-šur]-re-ṣí En-nam-A-šùr [ú D]a-dí-a-ma a-na E-la-ma [qí-b]i₄-ma 24* ma-na 4? GÍN KÙ.B. [ŠÀ] 1 ma-na 1 GÍN KÙ.B. ni-is-ha-tim [ni]-di-in : ší-tí KÙ.B.-pí-kà 23ʾ * ma-na 4 GÍN 1/2 ma-na 3ʾ GÍN GUŠKIN A-šùr-DÙG ub-lam ŠÀ 1* GÍN 7( ŠE ni-is-ha-tim ni-dí-in * GÍN i-na sà-na-qí-ni i[m]-ṭí ší-ti GUŠKIN ( ma-na 1* GÍN 5- GÍN.TA KÙ.B.-áp-šu 2) ma-na 5 GÍN ŠUNIGIN₂ KÙ.B.-áp-kà ù ší-imʾ GUŠKIN 26 ma-na 9 GÍN KÙ.B. 4 GÚ 20 ma-na 8 GÍN AN.[NA] ku-nu-ku 30 ma-na [AN.NA]-/ak qá-tim 17- G[ÍN.TA] KÙ.B.-áp-šu 16) ma-[na 9 GÍN] 36 TÚG ku-ta-n[u 5 5/6 GÍN.TA] 3( ma-na KÙ.B.-šu-nu 33 šu-ru-tum qá-dé ša li-w[i]-/tim 1) ma-na 4 GÍN KÙ.B.-áp-šu-nu 1 ma-na LÁ 5 GÍN i-ma-sà-im im-ṭí 5 ANŠE.HI.A ṣa-lá-mu-ú 1 ma-na 17 GÍN : it-bu-lu 1 ANŠE im-ra-aṣ-ma wa-at-ra-/am ni-iš-a-ma i-lá-kà-kum 1 ma-na bé-ú-lá-at Ú-zu-a ù 'u-mì-a-bi-a 4 GÍN KÙ.B. lu-bu-šu-nu 12 GÍN ṭé-ṣú-bi a-na A-šùr-DÙG né-pu-ul 3 GÍN ša sà-e-d/tim 9 GÍN ú-nu-ut ANŠE.HI.A 12( GÍN wa-ṣí-tum 14 GÍN ú-ku-ul-tí ANŠE.HI.A,"[Thus] Ali-ahum, [AŠšur]-rṭ(ṣ, Ennam-AŠšur, [and] Dadiya say to Elamma: “24 minas 24? shekels of silver, [thereof] we gave 61 shekels of silver as excise; the rest of your silver is 23ʾ minas and 24 shekels. 33 shekels of gold AŠšur-1āb brought us, thereof we gave as excise 1 3/8 shekel. It was * shekel less when we checked it, (so) the rest of the gold is 31* shekels, its equivalent in silver at 1: 52 is 20 minas. Total of your silver, including the yield of the gold: 26 minas 9 shekels of silver. 4 talents 20 minas 8 shekels of tin under seals, 30 minas hand tin, at 172 shekels per Šshekel of silver), its Šprice in) silver, 16 minas 4[9 shekels]; 36 kutšnu-textiles [at 5 5/6 shekels apiece], their Šprice in) silver 3' minas; 33 dark textiles including those for wrapping, their silver 1 mina 44 shekels. The silver became 55 shekels less by washing. 5 black donkeys cost 1 mina 17 shekels; 1 donkey became ill and we bought an extra one and it is coming to you. 1 mina, the working capitals of Uzua and ēumi-abiya, 4 shekels their clothing, 12 shekels as additional amount we balanced to AŠšur-1āb, 3 shekels for ....., 9 shekels donkey harness, 12' shekels export tax, 14 shekels donkey fodder.”"
38. Kt 91/k 532 (1-385-91),20-23) let kutšnu-textiles he orders um-ma A-la-hu-um-ma A-šur-re-ṣí En-nam-A-šur ú Da-dí-a a-na E-lá-ma qí-bi₄-ma 24 ma-na KÙ.B. Dan-A-šur DUMU 'a-lim-a-hi-im ub-lam 16) ma-na KÙ.B. A-šur-na-da DUMU A-šur-i-dí ub-lam ŠUNIGIN₂ 40* ma-na KÙ.B. ŠÀ.BA 30 ma-na iš-tí A-lá-hi-im ni-il₅-qé-ma 1) ma-na KÙ.B. ṣí-ib-tám nu-ṣí-ib : ší-tí KÙ.B.-pì-kà 8) ma-na 76 TÚG k[u-ta-n]u 6 ma-[na 40? GÍN] KÙ.B. it-b[u-lu 3] ANŠE ṣa-lá-[mu ) ma-na x GÍN] KÙ.B. i[t-bu-lu] 15 ma-na [AN.NA qá-tim] 13 GÍN.T[A KÙ.B.]-áp-šu 1 ma-na 9 [GÍ]N ú-nu-ut A[NŠE.H]I.A <ù> na-<<nu>>-ru-⌈qá⌉-tim 9( GÍN KÙ.B. it-bu-lu : 3) GÍN KÙ.B. té-ṣú-bé [nu]-ṣí-ib 4* GÍN wa-ṣí-tum 2 GÍN Be-lúm-ba-ni il₅-qé 4 kuʾ(TÚG)-ta-nu ša A-bu-ša-lim 1 TÚG ša A-šur-re-ṣí 1 TÚG ša Da-dí-a 1 TÚG ša Be-lúm-ba-ni mì-ma a-nim A-šur-na-da i-ra-de₈-a-kum KÙ.B. Be-lúm-ba-ni a-ma-kam ša-dí-in,"arrive in Kanesh before the winter(?). Thus Ali-ahum, AŠšur-rṭ(ṣ, Ennam-AŠšur and Dadiya, say to Elamma: “24 minas of silver Dān-AŠšur, son of ēalim-ahum, has brought us. 16) minas of silver AŠšur-nādā, son of AŠšur-idṣ, has brought us. In all 40* minas of silver. Thereof Šwe paid) 30 minas we had borrowed from Ali-ahum and we added to it 1) mina of silver as interest. There remains of your silver 8) minas. 76 kutšnu-textiles cost 6 minas [40? shekels] of silver, 3 black donkeys cost [40+x shekels] of silver. 15 minas of [tin for expenses] at 13 shekels :1, its price in silver 1 mina 9 shekels. The harness of the donkeys <and> the (leather) bags cost 9' shekels of silver, 3) shekels of silver we added as additions, 4* shekels the export tax, 2 shekels BŠlum-bāni took. 4 kutšnu-textiles of Abu-šalim, 1 textile of AŠšur-rṭ(ṣ, 1 textile of Dadiya, 1 textile of BŠlum-bāni. All this AŠšur-nādā leads to you. Make BŠlum-bāni pay the silver over there.”"
39. Kt 92/k 142 (1-102-92),ma-na 6 LÁ 1/6? GÍN 17 m[a-na]/ ⌈4⌉ ŠÀ.BA ) ma-na 2( GÍN a-na ni-is-ha-tim ni-dí-in ší-tí KÙ.B.-pì-kà 16* ma-na LÁ ( GÍN ŠUNIGIN₂ KÙ.B.-pì-kà 20* ma-na [ 5* / GÍN 4 GÚ 20 ma-na AN.NA ku/-nu-ku 15* GÍN 15 ŠE.TA KÙ.B.-áp-šu 17 5/6 ma-na / 2 GÍN 20 ma-na AN.NA-ak qá-/tim 15 GÍN.TA 1* ma-na KÙ.B. 10 ku-ta-nu ) ma-na 6( GÍN it-bu-lu 8 šu-ru-tum ša li-wi-tim * ma-na 8 GÍN KÙ.B.-šu-nu 2 ANŠE.HI.A ṣa-lá-mu ) ma-na / [ [LÁ 4?] GÍN KÙ.B.-šu-nu * mana *7? GÍ[N KÙ.B.] i-ma-sá-im im-ṭí ( [ma-na KÙ.B.] be-ú-lá-at Ma-ṣi-⌈ì-lí] 2 GÍN lu-bu-šu 1 GÍ[N KÙ.B.] ša sà-e-d/tim 10 GÍN 20[+2( ŠE] wa-ṣí-tum 3 GÍN KÙ.B. i-na sà-na-qí-im : im-ṭí 3( GÍN ú-nu-ut ANŠE.HI.A 1 GÍN ú-kúl-tí ANŠE.HI.A a-na mu-lá ANŠE.HI.A 1 ma-na LÁ 1 1/6 GÍN KÙ.B. i-na ša ú-ṭí-tim : nu-ra-dí mì-ma a-nim Dan-A-šur ir-de₈-a-ku-um,"5 5/6? shekels. 17 minas and 4 shekels Thereof we paid 42' shekels as excise. There remain of your silver 16 minas 19' shekels. The total of your silver amounts to 20 [ minas 25* shekels. 4 talents 20 minas of tin under seals, at a rate of 15 5/12 shekels : 1 the silver for it was 17 minas 52 shekels. 20 minas tin for expenses, at a rate of 15 shekels : l makes 1* mina of silver. 10 kutšnu-textiles cost 46' shekels Šof silver); 8 dark textiles for wrapping, their price in silver 28 shekels; 2 black donkeys cost 40 [minus 4?] [ shekels of silver. 27? shekels of silver loss due to washing Šthe silver); ' [mina of silver], the working capital of Ma(i-ilṣ; 2 shekels his clothing allowance; 1 shekel the cost of ....... ; 10 1/8 shekels the export tax. When checking 3 shekels of silver proved to be missing; 3' shekels the harness of the donkeys; 1 shekel fodder for the donkeys. To supplement Šthe costs of ) the donkey-loads we added 58 5/6 shekels of silver from that of the barley. All this Dān-AŠšur has led to you.”"
40. Kt 92/k 143 (1-103-92),um-ma En-nam-A-šur-ma ù Da-dí-a-ma a-na E-lá-ma qí-bi₄-ma 30 ma-na KÙ.B. ša {d}A-šur-SIPAD ub-lá-ni ni-is-ha-sú DIRIG 2 GÚ 10 ma-na AN.NA ku-nu-ki 25 ma-na AN.NA qá-tim 14- GÍN.TA 10 5/6 ma-na / 3 GÍN KÙ.B. it-ba-al 85 TÚG.HI.A 5 5/6 ma-na ù 7 GÍN KÙ.B. it-bu-lu 4 ANŠE ṣa-la-mu 1 ma-na 13 GÍN KÙ.B. it-bu-lu 10* GÍN KÙ.B. ú-nu-ut ANŠE 9 GÍN KÙ.B. wa-ṣí-/tám 3 GÍN KÙ.B. ša sá-e-d/tim 30 ma-na KÙ.B. ša A-šur-PA-/LU ub-lá-ni 1* GÍN ù / 3 ŠE.TA té-ṣú-bu ) ma-na ( GÍN KÙ.B. ni-dí-in * ma-na KÙ.B. be-ú-lá-at Kur-ub-IŠtar 2 GÍN KÙ.B. lu-bu-šu 3 TÚG.HI.A ša Kur-ub-IŠtar 1 TÚG ša Da-dí-a 1 TÚG ša En-nam-A-šur mì-ma a-nim A-šur-SIPAD na-áš-a-ku-um ší-tí KÙ.B. iš-tí wa-ar-ki-ú-tim nu-šé-ba-lá-kum,"Thus Ennam-AŠšur and Dadiya, say to Elamma: “30 minas of silver that AŠšur-rṭ’ṣ brought here, its excise added, (thereof): 2 talents 10 minas of tin under seals (and) 25 minas of tin for expenses at 142 shekels :1 cost 10 minas and 53 shekels of silver. 85 textiles cost 5 minas and 57 shekels of silver. 4 black donkeys cost 1 mina and 13 shekels of silver, 10* shekels of silver the harness of the donkeys, 9 shekels of silver export tax, 3 shekels of silver for ........... The 30 minas of silver that AŠšur-rṭ’ṣ brought entailed additions of 1 shekel 63 grains per Šmina, so that) we paid 40' shekels of silver. 20 shekels of silver the working capital of Kurub-IŠtar, 2 shekels his clothing allowance; 3 textiles of Kurub-IŠtar, 1 textile of Dadiya, 1 textile of Ennam-AŠšur. All this AŠšur-rṭ’ṣ is bringing to you. (What we will buy with) the rest of the silver we will send you with a later caravan.”"
41. Kt 91/k 487,a-na [x x x u x x x] qi-bi₄-m[a um-ma x x x x] Pu-šu-ki-[in x x x x] ù A-šur-r[e-ṣí-ma?] 51 ma-na KÙ.[B. ša É DAM.GÀR] ni-il₅-qé-a-ku-n[u-tí-ni 4 ma-na] 15 GÍN KÙ.B. ṣ[í-i]b-tum i-li-ik ŠUNIGIN₂ 55 ma-na 15 / GÍN qá-dum ṣí-ib-ti-šu 46( ma-na KÙ.B. A-bu-ša-lim ub-lam 12 GÍN i-na i-šé-ra-tim im-ṭí 18 GÍN a-ma-sú-hu-tim ni-ik-bu-ús 46 ma-na KÙ.B. iz-ku-am ta-áš-pu-ra-nim um-ma a-tù-nu-ma 4 ma-na KÙ.B. E-lá-ma ha-bu-ul 3 ma-na KÙ.B. ša ha-bu-lá-tù-/nu-ni i-li-bi₄-šu ik-lá ⌈1⌉ ma-na KÙ.B. iš-qú-ul i-té-er-tí-ku-nu um-ma a-tù-nu-ma 4 ma-na KÙ.B. Kàr-wa-a li-iš-qú-ul 3 ma-na iš-qú-ul 1 ma-na I-dí-a-bu-um iš-qú-ul 1 ma-na A-šur-iš-ta-kál ša-qá-lam lá i-mu-a 4 ma-na 15 GÍN KÙ.B.-ku-/nu ba-ti-iq É né-ru-ub-ma 4 ma-na 15 GÍN-ku-nu a-na 5 ma-na 10( GÍN KÙ.B. qá-dum ṣí-ib-tí-šu i-tù-/ar iš-tù ha-muš-tim ša {d}MAR.TU-/ba-ni ù A-š[ur-n]a-⌈da⌉ ITI.KAM a-lá-*⌈na-t⌉[im ú?⌉* ṭup-pì-ni š[a 51 ma- n]a KÙ.B. ú ṣí-ba-/ti-šu ṭu[p-pì-ni-ma] 5 [m]a-na 10( GÍN KÙ.B. [ú ṣí-ba]-sú šé-bi₄-[lá-nim ù⌉ ṭup-pì-ni li-⌈m⌉[u-ut x x x x] ⌈x x⌉* [x x x x x x] a-ba-ú-ni a-hu-ni a-tù-nu ih-da-ma KÙ.B. šé-bi₄-lá-nim ú KÙ.B. lá i-ma- ú ṭup-pì-ni lá ú-kà-lu [ i-/i[d],"To [............. and ...........] say, thus [......................] PŠšu-kṭn, [.................], and AŠšur- r[ṭ(ṣ?]: ŠThe interest on the 51 minas of silver we borrowed for you at a merchant’s house amounted to 4 minas and 15 shekels of silver. Total: 55 minas 15 shekels, including its interest. Abu-šalim has brought 46' minas of silver, it became 12 shekels less by / than the išerštum, 18 shekels we deducted for dirtiness, so that 46 minas of silver became available. You wrote us as follows: ‘Elamma has a debt of 4 minas of silver’. He retained in his possesssion 3 minas of silver that you owe Šhim and) therefore he paid 1 mina of silver. In your instruction you write: ‘Let Karwāya pay 4 minas of silver’ - he paid 3 minas; 1 mina Iddin-abum paid. AŠšuriš-tikal refused to pay 1 mina of silver. Since your own silver is 4 minas 15 shekels short, we entered Ša money-lender’s) house Što bor- row it) and your 4 minas 15 shekels, together with the interest on it have now become 5 minas 10' shekels of silver reckoning from the week eponymy of Amurrum-bāni and AŠšur-nādā, in month XII. Therefore? our tablet of [51 min]as of silver plus interest on it remains our tablet. Send the 5 minas 10' shekels of silver plus interest on it, so that our tablet can be can[celled? ...............] [.............................................] Please, our fathers and brothers, take care to send the silver and let the silver not get much and let them not retain our tabletš”"
42. Kt 92/k 144 (1-104-92),a-na E-lá-ma qí-bí-ma um-ma Lá-qé-pu-um ù 'u-A-šur-<ma> 72 ku-ta-nu ku-wa-ú-tum 26 ku-ta-nu ša DAM.GÀR 1 ku-ta-num ša ik-ri-bi₄-kà 1 ku-ta-num ša A-ta-a-a ŠUNIGIN₂ 1 me-at ku-ta-nu ša šé-ep A-šur-mu-ta-pí-il₅ 71 ku-ta-nu ša šé-ep DUMU Ú-ṣa-ri-a 31 ku-ta-nu ša šé-ep A-šur-lá-ma-/sí 3 ku-ta-nu a-ha-ma : pá-ni-ú-tum 1 ku-ta-num ša Ha-ti-a ŠUNIGIN₂ 2 me-at 26 ku-ta-nu ŠÀ.BA 1 me-at 81 ku-ta-ni 25 ša A-ki-dí-e Zi-kur-{d}IŠKUR : ir-de₈-a-ku-um 3( GÍN 15 ŠE KÙ.B. a-na sà-he-/er-tim áš-qúl 1 ta-ku-uš-ta-am ù 2 ⌈šu-ri-in⌉ : pá-ni-⌈ú-tim] [L]a?-ma-*s[à?-tu]m? t]al-qé 2 GÚ A[N.NA] ku-nu-ku ša a-lim{ki} ša DAM.GÀR 3 GÚ ku-wa-um 2 šu-uq-lá-a[n] ša Ar-ta-ma : nu-sà-ni-iq-/ší-na-ma 5 ma-na im-ṭí-a [1 š]u-uq-lam ni-ip-ṭur₄-ma [x+ (⌉ ma-na 4 GÍN a-na DUMU Da-da-nim ù DUMU Ú-ṣa-ri-a né-pu-ul : iš-tù AN.NA qà-/tim ù ) ma-na KÙ.B. ša a-pá-ni-/šu-nu nu-šé-bi-lu gám-ru 1 šu-uq-lam a-šu-mì ni-is-ha-tim É kà-ri-/im ú-kà-lu DUB.SAR šu-uq-/la-tim wa-atʾ(UD)-ra-tim : il₅-pu-ut-kà-ma a-dí-ni a-wa-tum lá gam-ra 6 šu-uq-lá-tum lu ku-nu-ku-ni lu ša a-lim{ki} 36 ku-ta-ni 32 šu-ru-tim qá-du-um : ša li-wi-tim 6 ANŠE.HI.A ṣa-lá-me : A-šur-i-mì-tí ù Hu-zi-a : i-ra-de₈-ú-ni-/ku-um 1 ma-na AN.NA i-šu-uq-lim 3 LÁ - GÍN KÙ.B. a-sà-he-er-tim a-na A-šur-i-mì-tí ù Hu-zi-a : ni-dí-in 10 ku-ta-ni 8 šu-ru-tim a-ni-kà-sí-kà : ni-dí : i-na šu-uq-lá-tim a-ni-a-tim 2 šu-uq-lá-an : ša š[é]-ep A-šur-la₁-ma-[sí],"To Elamma say, thus Lā-qṭpum and ēu-AŠšur: “72 kutšnu-textiles belonging to you, 26 kutšnā belonging to the tamkšrum, 1 kutšnum of your ikribā, 1 kutšnum of Atāya - in all 100 kutšnā shipped under AŠšur-mštappil; 71 kutšnā shipped under U(āriya’s son; 31 kutšnā shipped under AŠšur-lamassṣ; separately 3 kutšnā shipped earlier; 1 kutšnum of Hatiya - in all 226 kutšnu-textiles. Thereof 181 kutšnā and 25 Akkadian textiles Zikur-Adad led to you. I paid 3 7/12 shekels for small wares, 1 Takuštaean textile and 2 dark textiles (sent) earlier Lamassutum(?) took. 2 talents of tin provided with seals in the City belonging to the tamkšrum, 3 talents belonging to you, 2 packets of Artama – we checked them and they proved to contain 5 minas too little. We opened one packet and we balanced [x + ' ] mina 4 shekels to the son of Dadānum and the son of U(āriya after the tin for expenses and the ) mina of silver we had sent them en route had been spent. One packet they detained in the colonial office because of the import-tax. The scribe booked you for the additional packets, but the affair has not yet been settled. Six packets with either our own seal or that of the City, 36 kutšnu- and 32 dark textiles, including those for wrapping, 6 black donkeys AŠšur-imittṣ and Huziya are leading towards you. 1 mina of tin (taken) from a packet (and) 20 shekels of silver for small wares we gave to AŠšur-imittṣ and Huziya. 10 kutšnā and 8 dark textiles we deposited on your account. From these packets 2 are shipped under the responsibility of AŠšur-lamassṣ.”"
44. Kt 91/k 486 (1-341-91),3 GÚ 15 ma-na AN.NA ku-nu-ku 4 TÚG šu-ru-tum li-wi-/sú 17 TÚG ku-ta-nu 16) ma-na AN.NA-ak qá-tim 2 ANŠE ṣa-lá-mu ŠUNIGIN₂ 4 GÚ 18 ma-na AN.NA a-wi-it I-li-a iš-tù a-lim{ki} a-di Kà-ni-iš 1 GÚ-tám 4 ma-na 6 1/4 GÍN.TA da-tum ik-šu-dam 15 GÍN.TA qá-qá-da-tù-/um 17 5/6 ma-na 4 GÍN áš-qúl 16) GÍN mu-ṭá : AN.NA-ak /qá-tim 4 ša bi-lá-tim iš-tù Tí-mì-il₅-ki-a : a-di Hu-ra-ma * ma-na 6 GÍN.TA 1) ma-na /4 GÍN áš-qúl 3) ma-na 5 GÍN ú-kúl-ti 2 ANŠE ù sá-ri-dim ù na-ab-ri-ta-šu-nu ANŠE-re : i-sí-kà-tim it-ru-ú-ma a-pá-ṭá-ri-šu-nu 5/6 ma-na AN.NA áš-qúl ( ma-na 6 GÍN AN.NA a-na 1 TÚG ša Ku-ku-ú 5 GÍN a-na šé-[n]é-šu ŠUNIGIN₂ ⌈24⌉ ma-na 10 5/6 GÍN iš-tù 16 5/6 ma-na AN.NA-ak qá-tim gám-ru 8( ma-na ) GÍN AN.NA i-na-pá-al i-na 17 TÚG ku-ta-ni-šu 1 TÚG a-na ni-is-ha-tim il₅-qé-ú 2( GÍN KÚ.B. i-pu-lu-šu-um 1( TÚG ù 1( GÍN KÙ.B. iš-ra-tù-/šu i-hu-lu-qá-e 1( GÍN KÙ.B. ik-šu-sú ša 2( TÚG ša É.GAL-/lúm il₅-qé-ú ( ma-na (eras.) KÙ.B. A-šur-ṣú-lu-li il₅-qé a-ha-ma 6 GÍN LÁ 15 ŠE KÙ.B. ša šál-ša-tí-šu A-šur-ṣú-lu-li-/ma il₅-qé ší-ti TÚG.HI-tí-šu 12 TÚG 3 GÚ 15 ma-na AN.NA ku-nu-ki-kà 4 TÚG šu-ru-tum : li-wi-sú 2 ANŠE.HI.A : ṣa-lá-me ù ú-nu-sú-nu a-na A-šur-ṣú-lu-li áp-qi-id IGI 'u-Be-lim DUMU A-mur-DINGIR IGI Puzur₄-/ DUMU I-tur₄-DINGIR [ A-/šur,"3 talents 15 minas of tin under seals, 4 dark textiles, its wrapping, 17 kutšnu-textiles, 16) minas of loose tin, 2 black donkeys - in all 4 talents 18 minas of tin, the value of Iliya(’s shipment). From the City until Kanesh the toll-and-fees amounted to 4 minas 62 shekels per talent, the head-tax to 15 shekels per person. I paid 17 minas 54 shekels. 16) shekels shortage of hand tin. For 4 porters from Timilkiya until Hurama at 26 shekels each I paid 1 mina 44 shekels Šof tin). 3 minas 45 shekels Šof tin) food for 2 donkeys and a donkey-driver and for their stay in a paddock. They took the donkeys away during the campaign and I paid 50 shekels of tin to redeem them. 36 shekels of tin for 1 textile of Kukš, 5 shekels for his sandals. In all 24 minas 10 5/6 shekels. After the 16 5/6 minas of hand tin had been spent 8 minas 30 ) shekels of tin will be balanced Što him). Of the 17 kutšnu-textiles they took 1 as import-tax, they balanced him 2' shekels of silver; 1' textile and 1' shekel of silver (balanced) are his tithe. His share in the losses amounted to 1' shekels of silver. For the 2' textiles which the palace took, AŠšur-(ulšlṣ received ' mina of silver. Separately AŠšur-(ulšlṣ took 5 11/12 shekels of silver as his one-third-share. The rest of his textiles, 12 pieces, 3 talents 15 minas of tin with your seals, 4 dark textiles, its wrapping, 2 black donkeys with their harness, I entrusted to AŠšur-(ulšlṣ in the presence of ēu-BŠlum, son of Amur-ilṣ, (and) of Puzur-AŠšur, son of Itšr-ilṣ."
45. Kt 91/k 436 (1-289-91),1 GÚ LÁ 2 ma-na AN.NA 24 ma-ku-hu 1 TÚG pì-ri-kà-num 2 ANŠE ṣa-lá-mu i-a-ú-tum 21 ma-ku-hu 1 ANŠE ša I-dí-a-bi₄-/im 1 na-ru-qám 5 ku-ta-nu ša 'u-Ku-bi₄-im 6 ma-na 15 GÍN / URUDU 7 GÍN AN.NA a-qá-tí {d}UT[U]-ub-lá-/am a-na A-lá-hi-im ú-bi₄-il₅,"minas of tin, 24 makāhu-textiles, 1 pirikannu-textile, 2 black donkeys belonging to me; 21 makāhu-textiles, 1 donkey of Iddin-abum; 1 bag with 5 kutšnu-textiles of ēu-KŠbum; 6 minas 15 shekels of copper (and) 7 shekels of tin for his use ēamaš-ublam, brought to Ali-ahum."
46. Kt 92/k 147 (1-107-92),1 me-at 73 ku-ta-nu i-na É.GAL-lim ur-du-/nim 7 TÚG ša li-wi-/tim 1 TÚG ša ik-ri-bi₄-a ša DUMU 'ál-mah ub-lá-ni 10 TÚG ša i-ma-ṣa-ar-tim ú-šé-ṣí-a-ni ú-ra-dí 6 TÚG ša A-šur-mu-ta-/pí-il₅ ub-lá-ni (erasures) ŠU.NIGIN₂ me-at 93[+4 TÚG] ŠÀ.BA 7 TÚG ku-[ta-ni] La-ma-sú-⌈tum⌉ ta-al-q[é] 3 TÚG 'u-Ku-bu-um il₅-qé 3 TÚG ša be-<ú>-lá-at Puzur₄-A-na 3 TÚG ša be-ú-lá-at A-šur-ba-ni 2 TÚG A-šur-mu-ta-pì-/il₅ il₅-qé ší-tí TÚG.HI.A 1 me-at 80 TÚG,"kutšnu-textiles (that) came down from the palace, 7 textiles as wrapping, 1 textile of my temple-fund, is what ēalim-ahum’s son brought me. I added 10 textiles that I took out of the strong room (and) 6 textiles that AŠšur-mštappil brought me. In all 19[7 textiles]. Thereof: 7 kutšnu-textiles Lamassutum took, 3 textiles ēu-KŠbum took, 3 textiles of the working capital of Puzur-Anna, 3 textiles of the working capital of AŠšur-bāni, 2 textiles AŠšur- mštappil took. The rest of the textiles: 180 pieces."
47. Kt 91/k 291 (1-148-91),[a-n]a E-lá-ma qí-bi-ma um-ma A-šùr-i-mì-tí-ma 5 ma-na KÙ.B. ku-nu-ki-kà Bu-ur-Sú-in ub-lam-ma a-na-ku ù A-šur-na-da nu-sà-ni-iq-ma 2 GÍN KÙ.B. im-ṭí 3 ma-na KÙ.B. a-na SÍG.HI.<A> ša É kà-ri-im ni-iš- ša ILLAT-at I-na-a / [qú-/ul ú 'u-Nu-nu a-na 10ʾ* TÚG.TA bi-it-qá-tum i-bi-ší-a-ma * ma-na KÙ.B. i-na É kà-ri-im lá ni-ta-dí-/ma ) ma-na KÙ.B. <<i-na>> i-na KÙ.B.-pì-kà áš-qúl 2 ma-na 6 GÍN KÙ.B. a-na 6 ANŠE ni-iš-qú-ul 12 GÍN KÙ.B. ší-im KÙ.B.-pí-kà i-na li-bi-/a i-ba-ší i-na {na}₄GÍN.ZA-ku-nu ša ub-lu-ni-ni 5/6 ma-na 3 GÍN a-na iš-ra-tim il₅-qé-ú ⌈(⌉ ma-na 2 GÍN a-na ší-mì-im a-na ša-na-ú-um il₅-qé-ú ší-im hu-sà-ri-ku-nu ⌈ku-nu⌉-ki-ni Bu-ur-Sú-in* [n]a-áš-a-ku-um i-na *šálʾ-ša-tí [ša] ILLAT I-na-a ú A-šùr-/ta-ak-lá-ku [x] ma-na 13 GÍN KÙ.B. ta-lá-qé ⌈iš⌉-té-en ṣú-ha-ra-am a-na Lu-hu-sà-dí-a [ṭu]r₄-da-ma ⌈e⌉-ma-ra-am i-lá-qé-ú,"Say to Elamma, thus AŠšur-imittṣ: “5 minas of silver under your seal BŠr-Suen delivered and I myself and AŠšur-nādā we checked it and it proved to be 2 shekels too little. We paid 3 minas of silver for wool of the colonial office. As for the caravan of Innāya and ēu-Nunu, there occurred deficits amounting to 10 textiles per (trader?), so that we could not deposit * mina of silver in the colonial office, but I paid ) mina of silver from your own silver. I paid 2 minas 6 shekels of silver for 6 donkeys. 12 shekels of silver, the price of your silver, is still due by me. Of your lapis lazuli, which they brought here, they took 53 shekels as tithe. 32 shekels Šof lapis lazuli) they bought at a rate of 2 : 1. With the price of your lapis lazuli under our seal BŠr-Suen is on his way to you. From the ‘one third parts’ of the caravan of Innāya and AŠšur-taklāku you will receive [x] minas 13 shekels of silver. Send one servant to Luhusaddiya and let them take the/a donkey."
48. Kt 91/k 343 (1-200-91),[x x x x x x x x] *x [x x x x E]n-nam-A-šùr ⌈a-pu-ul-šu-nu⌉ 1( ma-na AN.[NA] a-qá-tí ṣú-ha-ri-kà a-dí-in 10 GÍN AN.NA a-qá-tí 'u-Sú-in a-dí-in 2 ma-na AN.NA-kà im-ṭí (? ma-na AN.NA a-na ni-is-/⌈ha⌉-at AN.NA-ki-im ša ší-im I-dí-Sú-in a-pá-ni [š]u-uq-lim ni-dí-⌈in⌉ ší-tí AN.NA-ki 53 ) ma-na 7 GÍN AN.NA ku-nu-ki-ni i-na 25 TÚG šu-ru-tim 2( TÚG a-na ni-is-ha-tim il₅-qé-ú 1 GÍN KÙ.B. i-pu-lu [x x x x x] li-wi-tum [x x x x x +]2 TÚG ku-ta-nu (lacuna) ⌈x⌉*-ra-am x [ a-na ZI*-x [ iš-tí I-[,"................................... ..................... Ennam-AŠšur I paid to them; 1' mina of tin I gave in the hands of your servant, 10 shekels of tin in the hands of ēu-Suen. Your tin was 2 minas too little; '? mina for (paying) the import-tax on the tin purchased by Iddin-Suen, we placed on top of the packet. The rest of the tin is 53 minas and 47 shekels, of tin under our seal. Of the 25 dark textiles they took 2' textiles as import-tax and they balanced 1 shekel of silver [ textiles as] wrapping, [ +]2 kutšnu-textiles"
49. Kt 91/k 285,un-opened black envelope contains record,of the šdeclared valueš of the shares of three
51. Kt 91/k 300 (1-157-91),34 TÚG ku-ta-n[i] i-na-pu-lu-nim 3 5/6 ma-na ša mì-ší-tim 1 5/6 ma-na 3( GÍN ša šál-ša-tim i-na pá-nim-ma a-lá-qé ———————— (1 cm not inscribed) 2 TÚG ku-ta-ni Pu-šu-ke-en₆ i-na-pá-lam ša ELLAT{at} Pì-lá-ah-IŠtar DUMU Ú-zu-a ————————,"For 34 kutšnu-textiles they will balance me 3 5/6 minas of the holding; 1 mina 53' shekels of the one-third parts I will take in the first instance. 2 kutšnu-textiles PŠšu-kṭn will balance me of the caravan of Pilah-IŠtar, son of Uzua."
52. Kt 91/k 323 (1-180-91),"i-na mì-ší-tim ) ma-na 5 GÍN i-šál-ša-tim ša ELLAT{at} A-šur-kàr-wa ù A-šur-i-mì-tí ad-ma-ku expression send goods ina/išti with emphatic –ma added adjective), šēbilšnim, ATHE 44:16, išti pan+mma","of 1' mina of silver in the holding (and) to 45 shekels of in the one-third parts of the caravan of AŠšur-karwa and AŠšur-imittṣ. pan+mma wšṣi’im/šlikim, or ina pan+tim harršnim where a noun may be omitted, e.g. kaspam ina lillikam, TC 1, 38:10’, etc."
53. Kt 91/k 443 (1-296-91),KÙ.B. šál-ša-tim ša ILLAT En-na-Sú-en a-la-qé 5* ma-na 2) GÍN i-na mì-ší-it ILLAT-lá-tim a-lá-qé texts 49-53,silver as one third part of Ennam-Suen’s caravan I will collect; 5 minas 22 ) shekels from the holding of that caravan I will collect.
54. Kt 91/k 393,KIŠIB Lu-zi-na,"Seal of Luzina,"
55. Kt 91/k 304 (1-161-91),82; envelope preserved 4 ma-na 4 LÁ 1/6 GÍN KÙ.B. )a-ru-pá-am i-)é-er Id-na-a E-lá-ma i-ṣu iṣ-tù ha-mu-uṣ-tim ṣa 'u-ki-tim ù Ú-ra-a 1+ GÍN i-na ITU.1.KAM a-na ma-na-im ú-)a-áb IGI I-lá-áb-ra-at-ba-ni IGI Ib-ni-lí,"archive. 4 minas 3 5/6 shekels of refined silver Idnšya owes to Elamma. From the week of ṣukutum and Uršya he will add as interest 1' shekel per mina per month. In the presence of Ilabrat-bšni, of Ibni-il("
56. Kt 91/k 435 (1-288-91),i-)é-er 'u-mì-a-bi₄-a E-lá-ma i-ṣu iṣ-tù ha-muṣ-tim ṣa DINGIR-na-da 1 GÍN.TA )í-ib-tám i-ITU.1.KAM ú-)a-áb ITU.1.KAM bé-el-tí-É.GAL-lim li-mu-um Puzur₄-{d}MUŠ IGI {d}IŠKUR-pì-lá-ah IGI En-um-A-ṣur DUMU Puzur₄-A-ṣur,"ṣumi-abiya owes to Elamma. From the week of Il(-nšdš he will add 1 shekel of silver as interest per month. Month I, eponymy of Puzur-Nirah. In the presence of Adad-pilah, of Ennam-AŠšur, son of Puzur-AŠšur."
57. Kt 91/k 398,'u-*H[u?-bur] Šupside down) Šupside down) Šupside down),ṣu-H[ubur?]
58. Kt 91/k 479 (1-332-91),DUMU A-ṣùr-DÙG,son of AŠšur-ēšb.
59. Kt 91/k 463 (1-316-91),"1 ma-na 7, GÍN KÙ.B. )a-ru-pá-am i-)é-/er A-mur-IŠtar DUMU Da-da E-la-ma i-ṣu iṣ-tù ha-muṣ-tim ṣa A-la-hi-im ú {d}MAR.TU-ba-ni a-na 11 ha-am-ṣa-tim i-ṣa-qal ṣu-ma lá iṣ-qú-ul 1, GÍN.TA )í-ib-/tám a-na ma-na-im i-na ITU.1.KAM ú-)a-áb ITU.KAM ṣa sà-ra-tim li-mu-um ṣa qá-té DINGIR-ṣu-GAL DUMU Ba-zi-a IGI Im-dí-lim DUMU 'u-Lá-ba-an IGI E-me-me-i DUMU A-zu-ta-a","1 mina 7) shekels of refined silver +mur-IŠtar, son of Dada, owes to Elamma. From the week of Ali-ahum and Amurrum-bšni he will pay in 11 weeks; if he does not pay he will add 1) shekel as interest per mina per month. Month II, eponymy of the successor of Ilšu-rabi, son of Baziya. In the presence of Imd(-ilum, son of ṣu-Labšn, of Ememe’i, son of Azutaya."
60. Kt 91/k 489A/B,"debt-note excerpted . KIŠIB Da-dí-a DUMU B[a-za-za]? KIŠIB I-di-a-bi₄-im DUMU I-dí-Sú-in KIŠIB IŠtar-il₅-ṣu DUMU A-zu-za-a KIŠIB A-ṣur-{d}UTUŠ{i} DUMU Ì-lí-tù-ra-am ē ma-na 5 GÍN [KÙ.B. ] )a-ru-pá-am i-)[é-er] Šupside down) IŠtar-il₅-ṣu DUMU [A-zu-za-a] ⌈A-ṣur⌉-DÙG DUMU E-[lá-ma i-ṣu] [i]ṣ-tù ha-mu-u[ṣ-tim] [ṣa] Hu-ra-)a-ni[m ù] [A-ṣur-ma-lik li-mu-um] A-lá-hu-um DUMU [I-na-ah-DINGIR] 1, GÍN.TA a-na 1 ma-na-/im Šupside down) [)í-ib-tám ú-)]a-áb","tablet grants the creditor the right to collect the B. Tablet ē ma-na 5 GÍN KÙ.B. )a-ru-pá-am i-)é-er IŠtar-il₅-ṣu A-ṣùr-DÙG i-ṣu iṣ-tù ha-muṣ-tim 5 ṣa Hu-ra-)a-nim ù A-ṣur-ma-lik 1, GÍN.TA a-na 1 ma-na-im i-ITU.KAM l.e. )í-ib-tám 10 ú-)a-áb KÙ.B. rev. a-ṣar a-mu-ru-ṣu a-lá-qé ITU.KAM )í-ip-im li-mu-/um A-la-hu-um 15 IGI Da-dí-a IGI I-dí-a-bi₄-im IGI A-ṣùr-{d}UTUŠ{i}"
61. Kt 91/k 390,KIŠIB Puzur₄-{d}E[N.ZU] KIŠIB 'u-Bé-lim KIŠI[B x x x] 1 GÚ LÁ 10 ma-na URU[DU i]-)é-er Puzur₄-{d}EN.⌈ZU E⌉-lá-ma i-ṣu i-na ad-ri-im i-ṣa-qal URUDU Ta-pá-ṣa-ta-⌈i⌉-am* za-ak-wa-am ṣu-ma i-na ú-me-ṣu lá iṣ-qú-ul ki-ma a-wa-at kà-ri-im Du-ur-hu-mì-it )í-ib-ta-am ú-)a-áb ( vertical impression 10 GÍN KÙ.B. a-ha-ma i-na ku-bu-ur ú-ší-tí-/im i-na Kà-ni-iṣ i-ṣa-qal ṣu-ma lá iṣ-qú-ul i-Du-ur-hu-mì-it i-)é-ri-ṣu a-lá-qé,"Seal of Puzur-Suen, seal of ṣu-B.lum, seal of [...........]. 50 minas of copper Puzur-Suen owes to Elamma. At the time of the threshing he will weigh out pure copper of Tappašatta. If he does not pay when his term is up, he will add interest in accordance with the rule of the Durhumit colony. left side of the reverse) Separately he will pay 10 shekels of silver in Kanesh, when the barley is ripe. If he does not pay I will collect it in Durhumit for his account."
62. Kt 91/k 333 (1-190-91),8 GÍN KÙ.B. )a-ru-/<pá>-am i-)é-er I-ku-Mì-ṣar E-lá-ma i-ṣu iṣ-tù a-lim{ki} i-tù-a-ri-ṣu i-ṣa-qal IGI 'u-IŠtar,8 shekels of refined silver Ik*n-M(šar owes to Elamma. He will pay when he returns from the City. In the presence of ṣu-IŠtar.
63. Kt 91/k 400,KIŠIB DINGIR-SIPAD KIŠIB Ì-lí-dan DUMU A-mur-IŠtar 10ā GÍN KÙ.B. )a-ru-pá-am i-)é-er Ì-lí-dan E-la-ma i-ṣu KÙ.B. i-na a-lim/{ki} i-ṣa-qal,"Seal of Il(-r.’(, seal of Il(-dšn, son of Amur-IŠtar. 10ṭ shekels of refined silver Il(-dšn owes to Elamma. He will pay the silver in the City."
64. Kt 91/k 477A/B,". KIŠIB La-qé-pì-im DUMU I-li-a KIŠIB A-mur-{d}UTU DUMU Mì-ṣu-ra-bi KIŠIB E-zé DUMU 'a-ru-ki-in KIŠIB Gal-da-a ṣa E-lá-ma ù Gal-da-a ni-kà-sí i-sí-ú-ma lu gám-ru-um ṣa ha-ra-nim lu ú-ku-ul-tù-ṣu ba-ti-iq 1 ma-na KÙ.B. )a-ru-pá-am i-)é-er Gal-da-a DUMU Na-ku E-lá-ma <i-ṣu> iṣ-tù ha-mu-uṣ-tim ṣa Am-ri-a ù I-ku-nim 1, GÍN.TA a-ma-na-im ú-)a-áb ITU.KAM )í-ip-im li-mu-um Šupside down) A-bi₄-a DUMU 'u-Da-ga-an Šupside down) a-ha-ma šup-pu-um ha-ar-mu-um ṣa be-ú-lá-ti-ṣu i-ba-ṣí a-na a-wa-tim a-ni-a-tim ni-ìṣ a-lim{ki} nu-ta-mì-ṣu-nu","Galdaya’s šbe’ṭlštu contractš Appendix text 8 and B. Tablet E-lá-ma ú Ga-al-dá-/a ni-kà-sí i-sí-ú-ma lu ú-ku-ul-tù-ṣu lu ga-am-ru-um ṣa ha-ra-/nim 5 mì-ma ṣu-um-ṣu ba-tí-iq 1 ma-na KÙ.B. )a-ru-pá-am i-)é-er Ga-al-dá-a E-lá-ma i-ṣu iṣ-tù ha-mu-uṣ-tim ṣa Am-ri-a 10 ù I-ku-nim 1, GÍN.TA i-na ITU.KAM-im a-na 1 ma-na-im ú-)a-áb ITU.KAM )í-ip-im li-mu-um A-bi-a 15 DUMU 'u-Da-ga-an a-na a-wa-tim a-ni-a-tim ni-iṣ a-lim{ki} it-mu-ma IGI 'a-lim-{d}IŠKUR 20 IGI Lá-qé-pí-im IGI A-mur-{d}UTU IGI E-zé-e šup-pu-um ṣa bé-ú-lá-ti-ṣu 25 a-ha-ma i-ba-ṣí"
65. Kt 91/k 397,KIŠIB Zi-qí-qí DUMU Ì-lí-dan KIŠIB 'ál-ma-A-ṣur DUMU Ú-zu-a KIŠIB Puzur₄-IŠtar DUMU Id-na-/a ā ma-na 5 GÍN KÙ.B. )a-ru-pá-am bé-ú-lá-tim Šupside down) ṣa E-lá-ma Puzur₄-IŠtar DUMU Id-na-a il₅-qé iṣ-tí KÙ./B. [ uk-ta-/al KÙ ú-ta-ar-ma ú i-ta-lá-/ak ṣu-ma a-e-ma ú-dá-pì-ir e-ga-ar-ma ig-re sà-ri-dim ú-ma-lá 2 GÍN KÙ.B. lu-bu-ṣu il₅-qé,"Seal of Ziqiqi, son of Il(-dšn, seal of ṣallim-AŠšur, son of Uzua, seal of Puzur-IŠtar, son of Idnšya. 25 shekels of refined silver, a working capital belonging to Elamma, Puzur-IŠtar, son of Idnšya, has received; with the [ silver he is held. When he returns the silver he can leave. If goes somewhere else I will rent somebody and the wages of the donkey-driver he shall compensate. Two shekels of silver, his clothing allowance, he has received."
66. Kt 91/k 473,"KIŠIB DINGIR-na-da DUMU Ba-zi-a KIŠIB En-nam-A-ṣùr DUMU Kà-ri-a? KIŠIB Ki-ta-a ṣa , ma-na KÙ.B. )a-ru-pá-am ṣa E-lá-m[a Ki-ta-a] Šupside down) Šupside down) i-bé-el iṣ-tí KÙ.B. uk-ta-al ṣu-ma a-e-ṣa-ma ú-da-pí-ir 1 GÍN.TA i-na ITU.1.KAM i-ma-nu-ṣu","Seal of Il(-nšdš, son of Baziya, seal of Ennam-AŠšur, son of Kariya(?), seal of Kitaya, that [Kitaya] will manage ) mina of silver belonging to Elamma. He is held by the silver. If he goes away to somewhere else, he will charge him 1 shekel per month."
67. Kt 91/k 340 (1-197-91),16-18 suggest new,"šworking capitalš, presumably in addition to one"
68. Kt 91/k 351 (1-308-91),"i-)é-er En-na-nim DUMU A-zu-a E-la-ma i-ṣu ITU.1.KAM ṣa ke-na-tim li-mu-um ṣa qá-té A-ṣùr-SIG₅ DUMU A-bar-sí-sí-im ha-muṣ-tum ṣa A-ṣur-mì-tí{sic} DUMU A-ta-a : ē ma-na.TA i-na ṣa-tim i-ṣa-qal ṣu-ma lá iṣ-qúl 1, GÍN.TA )í-ib-tám a-na 1 ma-na-im i-ITU.1.KAM ú-)a-áb IGI E-na-a-nim IGI La-qé-pì-im a-na 11 TÚG ku-ta-ni A-mur-IŠtar ù A-la-hi-im a-na E-la-ma A-ṣùr-la-ma-/sí a-na ITU.5.KAM ú-kà-an ṣu-m[a l]á uk-ta-in-ṣu-nu ā ma-na 5 GÍN.TA KÙ.B. )a-ru-pá-am a-na E-lá-/ma A-ṣùr-la-ma-sí i-ṣa-qal ITU.1.KAM )í-ip-um li-mu-um Puzur₄-{d}MUŠ IGI A-bu ṣa-lim DUMU I-dí-Ìr-ra IGI I-dí-A-ṣùr DUMU Bu-⌈ur?⌉*-sí-sí-im","son of Azua, owes 2 minas of refined silver to Elamma. Month III, eponymy of the successor of AŠšur-damiq, son of Abarsisum, week eponymy of AŠšur-imitt(, son of Atšya. He will pay ā mina per year; if he does not pay he will add an interest of 1) shekel per mina per month. In the presence of En(n)šnum, of LŠ-q.pum. For 11 kutšnu-textiles AŠšur-lamass( will confirm to Elamma Šthe liability of) +mur-IŠtar and Ali-ahum within 5 months. If he does not confirm their liability AŠšur-lamass( will pay to Elamma 25 shekels of silver apiece. Month VII, eponymy of Puzur-Nirah. In the presence of Abu-šalim son of Iddin-Erra, of Iddin-AŠšur, son of Bursa/isum."
69. Kt 92/k 114 (1-76-92),"KIŠIB {d}IŠKUR-pí-la-ah DUMU A-ni-nim KIŠIB A-ṣur-<lá>*-ma-sí DUMU Na-zi DUMU Puzur₄-ba-ni-ni 3 ma-na KÙ.B. )a-ru-pá-am i-)é-er A-ṣur-lá-ma-sí DUMU La-qé-ep E-lá-ma i-ṣu iṣ-tù ha-muṣ-tim ṣa E-lá-ma ú Zu-ba a-na 24 ha-am-ṣa-tim i-ṣa-qal ṣu-ma i-na u₄-me-ṣu ma-al-ú-tim lá iṣ-qú-ul 1, GÍN.TA [a-na 1 m]a-na-im i-na )í-ib-tám ú-)a-áb ITU.KAM Be-el-tí-É.GAL-lim li-mu-um ṣa qá-té 'u-Hu-bu-ur 8 ma-na KÙ.B. i-)é-er ⌈'⌉u-li DUMU E-lá-ma i-ṣu 1, GÍN.TA )í-ib-tám i-na ITU.KAM-im a-na 1 ma-na-im li-mu-um ṣa qá-té Ba-zi-a DUMU 'é-ep-a-/lim KIŠIB DINGIR-ba-ni DUMU Ib-n[i]-lí DUMU Puzur₄-A-ṣur KIŠIB I-dí-A-ṣur 4 GÚ 32 ma-na URUDU ha-bu-ra-<ta>-am i-)é-er I-dí-A-ṣur DUMU Puzur₄-A-be-eh E-lá-ma i-ṣu iṣʾ(ŠU)-tù ha-muṣ-tim A-ṣur-re-)í a-na 14 ha-am-ṣa-tim i-ṣa-qal ṣu-<ma> lá iṣ-qúl ki-ma a-wa-/at kà-ri-im )í-ib-tám ú-)a-áb KIŠIB 'u-IŠtar DUMU En-um-A-ṣur DUMU Ì-lí-dan ṣa 8 GÍN KÙ.B. )a-ru-pá-am i -)é-er I-ku-mì-ṣar DUMU Ì-lí-dan E-lá-ma i-ṣu iṣ-tù a-lim{ki} i-tù-a-ri-ṣu i-ṣa-qal KIŠIB I-dí-dí KIŠIB Du-du-ri-im KIŠIB A-ṣur-na-da KIŠIB A-ṣur-du-ri 2 ma-na 10 GÍN KÙ.B. )a-ru-pá-am A-ṣur-du-ri E-lá-ma <i-ṣu> iṣ-tù ha-muṣ-tim ṣa A-na-ah-ì-lí a-na 8 ha-am-ṣa-/tim i-ṣa-qal ṣu-ma la iṣ-qúl ki-ma a-wa-at kà-ri-im )í-ib-tám a-ma-na-im ⌈ú-)a-áb⌉ [e-lá]-an* DUB a-⌈ni⌉-im sà-ar KIŠIB Zu-ba DUMU A-ṣur-SIPAD KIŠIB Ba-al-šù-ṣar DUMU Sú-ku-hi-im , ma-na KÙ.B. )a-ru-pá-am i-)é-er E-lá-ma i-ṣu iṣ-tù ha-muṣ-tim ṣa Sú-kà-limʾ(NIM) ù Ku-ra a-na ITU.6. KAM i-ṣa-qal lá iṣ-qúl 1, GÍN.TA a-na 1 ma-na-im ITU.KAM-im )í-ib-tám ú-)a-áb KIŠIB I-dí-Sú-in DUMU I-tur₄-DINGIR DUMU A-bi₄-ì-lí KIŠIB Id?-na-a DUMU 12 GÍN KÙ.B. )a-ru-pá-am i-)é-er I-dí-Sú-in DUMU I-tur₄-DINGIR A-ṣur-DÙG iṣ-tù ha-muṣ-tim ṣa Pu-ṣu-ki-in ù En-um-Be-lúm ITU ma-hu-ur-DINGIR KIŠIB A-ṣur-{d}UTUŠ{i} DUMU Ili₅-tù-ra-am KÙ.B. )a-ru-pá-am i-)é-er IŠtar-il₅-ṣu <iṣ-tù> li-mì-im A-lá-hi-im 1, GÍN.TA",debt La-qé-*epʾ(KI) KIŠIB 1 ITU.KAM-im Puzur₄-A-be-eh 2 ú-)a-áb KIŠIB A-ṣur-maʾ-lik 3 DUMU Puzur₄-A-be-eh ṣa KIŠIB I-ku-mì-/ṣar 4 5 i-)é-er ṣa e-li-/a-ni KIŠIB 'u-IŠtar DUMU / Sú-a-/a 6 Ba-al-šù-ṣar ṣu-ma i-na KIŠIB Na-áb-Sú-in 7 Ku-ta/-a i-ṣu li-mì-im A-ṣur-/i-dí ṣa ē ma-na 5 GÍN 8 DUMU A-zu-za-a A-ṣur-DÙG i-ṣu )í-ib-tám / ú-)a-áb
70. Kt 91/k 359 (1-216-91),ma-na URUDU KI Ha-ab-tù-ni-ìṣ ma-na 15 GÍN KÙ.B. 'a-lim-A-ṣur [ I[b]-ni-lí GÚ URUDU KI I-dí-MAR.TU ma-na URUDU KI A-ṣùr-GAL GÚ URUDU KI 'u-IŠ-ha-ra ma-na URUDU KI Puzur₄-/A-be-eh GÚ URUDU DUMU Da-zu-a-{d}/IM* ma-na URUDU / DUMU Kà-áb-ri-/a,"minas of copper with Habtuniš; 7 1 mina 15 shekels (with) ṣallim-AŠšur, 8 5 talents of copper with Iddin-Amurrum, 13 15 minas of copper with AŠšur-rabi; 15 1 talent of copper with ṣu-IŠhara; 16 30 minas of copper with Puzur-Abeh; 18 11 talents of copper the son of Dazu’a- 19 40 minas of copper the son of Kabriya. 21"
71. Kt 91/k 460 (1-313-91),ma-na URUDU KI I-ku-pí-A-ṣur GÍN i-na ITU.KAM )í-ib-/tám GÍN.TA )í-i[b-tám] ma-na 10 GÍN URUDU iṣ-/tí ma-na URUDU iṣ-tí ma-na URUDU iṣ-tí,"minas of copper due by Ik*n-p(-AŠšur, debt he will add as interest an interest of 10 shekels 9 minas 10 shekels of copper 6 9 minas of copper due from 7 20 minas of copper due 8"
72. Kt 91/k 360,28-30 given tadmiqtu-loan. ma-ku-hu KI I-dí-AŠùr GÍN KÙ.B. KI 'u-IŠtar 1 GÍN KI [ Qá-qá-/dí-/nim GÍN KI 'u-Be-lim 2 GÍN iṣ-tí,4 makṭhu-textiles with Iddin-AŠšur. 5 10 shekels of silver with ṣu-IŠtar. 1 shekel 13 [ with Qaqqadšnum. 14 4 shekels with ṣu-B.lum. 2 shekels with 15/16
75. Kt 91/k 462 (1-315-91),GÚ 42 ma-na URUDU iṣ-tí ma-na 4 LÁ 1/6 GÍN KÙ.B. GÚ 20 ma-na URUDU ma-na 10 GÍN KÙ.B. ma-na KÙ.B.,4 talents 42 minas of copper 4 minas 3 5/6 shekels of silver 1 talent 20 minas of copper 2 minas 10 shekels of silver 1 mina of silver
78. Kt 91/k 472,KIŠIB La-qé-pì-im DUMU A-ṣur-ma-/lik KIŠIB Dan-a-a DUMU A-ta-a KIŠIB Im-dí-DINGIR DUMU 'u-Lá-ba-an ṣa 10 ma-na AN.NA [ṣa] I-k[u]-pì-IŠtar a-na E-lá-ma i-di-nu 1ē ma-na KÙ.B. Im-dí-DINGIR il₅-qé : ṣu-ma um-me-a-nu Šupside down) I-ku-pì-IŠtar ú-la me-er-ú-/ṣu a-na E-lá-ma i-tù-/ru Im-dí-DINGIR ú-ba-áb-ṣu,"Seal of LŠ-q.pum, son of AŠšur-mšlik. seal of Dannaya, son of Ataya, seal of Imd(-ilum, son of ṣu-Labšn, that for the 10 minas of tin that Ik*n-p(-IŠtar had given to Elamma Imd(-ilum received 1ā mina of silver. If the investors of Ik*n-p(-IŠtar or his sons raise a claim against Elamma Imd(-ilum will clear him."
79. Kt 91/k 317 (1-174-91),a-na A-šur-re-ší En-um-A-š[ur] Da-dí-a ú A-ta-a qí-bi₄-ma um-ma E-la-ma-ma um-ma a-tù-nu-/ma 17 ma-na URUDU i-ší-im qá-qí-ri ⌈ša⌉ É Nu-ri-i-li KI A-šur-re-ší a-hu-ur 8 ma-na URUDU ša DINGIR-ba-ni DUMU Ib-ni-lí KI A-ta-a URUDU ma-lá i-na li-bi₄-šu-nu i-⌈ba-ší⌉-ú ší-sí-a-ma li-[qí-a] ú a-šé-er ša KÙ.GI ṭí-ih-a-ma ú šu-ma i-na ba-áb-/tí-a mì-ma tal-qé-a ku-ta-ni ša-ma-ma šé-bi₄-lá-nim a-na A-ta-a qí-bi₄-ma ṭup-pá-am na-áš-pár-tam{x}(TUM) ša A-šur-la-ma-sí ša a-šu-mì tá-ad-mì-iq-tim ša a-na a-bi₄-kà ip-qí-du na-áš-ú-ni-kum a-ma-kam ṭup-pá-am ší-me-ma li-ba-/kà lá i-lá-mì-in a-hi a-ta i-na ša-ha-/at ša-zu-úz-tí-a i-zi-/iz-ma i-na a-lá-ak ma-áš-kà-tí-a TÚG.HI.A iš-té-n[a] ú ša-na šé-bi₄-lam-ma lá-ag-mì-il₅-kà,"Say to AŠšur-ršṭṣ, Ennam-AŠšur, Dadiya and Ataya, thus Elamma: ŠYou{plur} said: ‘17 minas of copper from the price for a house-plot of NŠr-ilṣ is still due from AŠšur-ršṭṣ. 8 minas of copper belonging to Ilṣ-bāni, son of Ibni-ilṣ, is due from Ataya’. Settle accounts for all the copper they still owe and collect it and add it to that derived from the gold. Moreover, if you have collected anything of my outstanding claims, buy for it kutṣnu-textiles and send them to meš. Say to Ataya: ŠThe tablet with the letter of AŠšur-lamassṣ concerning the free loan he entrusted to your father, which they are bringing to you, read that tablet over there, but do not get angry. Please, my brother, assist my representative(s) and send me, when a shipment of mine starts its journey, each time one or two textiles, then I will do you a favor Šin return).”"
80. Kt 91/k 344,um-ma E-lá-ma-ma a-na A-šùr-DÙG qí-bi-ma a-na-kam-ma ú-na-hi-id-/kà um-ma a-na-ku-ma KÙ.B. 1 ma-na ma-lá tù-tù-ú pá-ni-a-ma šé-bí-lam KÙ.B. ma-lá i-qá-tí-kà i-ba-ší-ú *x-kà-ma a-ta ki-lá 6' TÚG.HI.A káb-tù-tim SIG₅ ša āu-bi-ri-im Ku-ni-lúm na-áš-a-kum mu-dí-a-am ZI-lá-tí-a-am ša-ba-at-ma ṭù-re-šu-nu lu-ša-dí-id-ma a-ni-ib-ra-/re lu-sí-ma-ku-šu-nu-ma ma-lá KÙ.B. 1 GÍN tù-šé-lu-ú lu-bu-šé ra-qá-tim ù šu-lu-up-ki-e iš-tí wa-ar-ki-ú-tim ú-šé-ba-lá-kum lu šu-ul-hu lu ma-ku-hu ša a-ma-kam ṭá-áb-ú-ku-<um> a-mu-ur-ma té-er-ta-[kà] li-li-kam-ma i-ha-ra-an ha-ra-ma : ta x x a-ta ⌈AN'E? /[ x⌉* li-ta-lu-⌈ku⌉-ni-ma KÙ.B. 1 GÍN li-li-/[a]m,"Thus Elamma, say to AŠšur-(āb: ŠIt was here that I gave you the following instruction: ‘Send me every mina of of silver as soon as you find it. All the silver you have already available you must retain for yourself.’ 6) heavy textiles, of good quality, of 'ubarean make, KŠn-ilum is bringing you. Get hold of a specialist from Zilat and let him stretch their yarns and make them suitable for you for/as nibrṣru-garments, so that you can realize at least some silver. With the next shipment I will send you garments, thin textiles and 'ulupkian textiles. Look out for šulhu- or mak(hu-textiles over there that please you and let your report come to me. And let with every single caravan ...................... regularly come to me, so that at least some silver becomes available to me.”"
81. Kt 91/k 289,a-na En-um-A-⌈šùr⌉ Da-dí-a : Hi-na-a I-dí-a-bi₄-im : A-ku-a ù A-ta-a qí-bi₄-ma um-ma E-la-ma-ma a-na lu-qú-tí-ku-nu AN.NA ú TÚG.HI.A ša Ì-lí-a-lúm ir-de₈-a-ni : i-nu-mì ni-mì-ig-ru-ma AN.NA ú TÚG.HI.A al-qé-ú šu-ma kà-ru-um ša-du-a-/tám il₅-té-qé i-na KÙ.B.-áp ⌈Ì⌉-lí-a i-na ša na-ru-qí-šu La-qé-ep : lá-qá-am qá-bi-a-ku : ṭup-pá-ak-nu ha-ar-ma-am ú-kà-al a-na-kam a-na kà-ri-im [a]-tù-⌈ur⌉ um-ma a-na-ku-ma [lu]-qú-tum i-a-tum [mì-š]u-um ša-du-a-tám [t]ù-ša-dí-a um-ma šu-nu-ma [lu]-⌈qú⌉-tum a-na ša Ì-lí-a ša-ak-na-at-ma nu-ša-dí um-ma a-na-ku-ma lá-at-ma lu-qú-tum lu i-a-tù-/ni ú a-le-ma a-na kà-ri-im ša-du-a-tám il₅-té-qé-ú ú-la ig-da-am-lu-ni 36 ma-na AN.NA il₅-qé-ú 'À.BA 6 ma-na ki-iš-da-at Ku-ni-lim ú-ša-he-er Šone line blank) a-hu-ú-a a-tù-nu 30 ma-na AN.NA ma-lá d[á]*-tí-šu mu-ṭé-e-šu ú ni-is-ha-tí-šu [i-pá-ni-ma] šé-bi₄-lá-nim-ma a-na-kam [i-K]Ù.B-pì-ku-nu lá a-lá-qé [mì-šu-u]m áš-ta-na-pá-r[a]-ku-nu-tí-ma [šé-b]u-lam lá ta-mu-a,"To Ennam-AŠšur, Dadiya, Hinnāya, Iddin-abum, Akēa and Ataya, say, thus Elamma: ŠAs for your merchandise, tin and textiles, which Ilṣ-ālum brought here, when we had reached an agreement and I had taken the tin and textiles, I was authorized, if the colony levied the the šaddu’utu-tax, to take it from Iliya’s silver, that of his joint-stock fund Šmanaged by?) La-qšp. I have in my possession a valid record of yours Što that effect). Here I turned to the colony and I declared: ‘The merchandise belongs to me, why have you levied šaddu’utu-tax?’ They answered: ‘The merchandise has been joined to that of Iliya and therefore we levied it.’ I said: ‘I am ready to swear that the merchandise is truly mineš’ But, wherever they collected the the šaddu’utu-tax for the colony they have not obliged me. They took 36 minas of tin from which I deducted 6 minas that were for KŠn-ilum’s account. Please, my brothers, send me [with the first opportunity] 30 minas of tin, as much as amounts to its road-tax, its underweight and the import-tax on it, so that I do not have to take it from your silver here. Why must I write you time and again, while you refuse to send it?”"
82. Kt 91/k 434 (1-287-91),um-ma E-lá-ma-ma ù Kur-ub-IŠtar-ma a-na Da-da ù I-n[a-a]h-DINGIR qí-bi-ma 30 ma-na KÙ.B ša Ah-ša-lim a-na a-bi-ku-nu ub-lá-ni šu-ma 15 GÍN.TA i-ba-ší AN.NA ša-ma-ma šé-bi-lá-nim šu-ma i-na 15 GÍN.TA ba-tí-iq mì-iš-lam AN.NA mì-iš-lam TÚG.HI.A ša-ma-ma i-pá-ni-im-ma : áb-kà-/nim a-ni-ša-am a-ba-ra-im li-ik-šu-dam ⌈i-nu⌉-mì AN.NA ù TÚG.HI.A [ta]-kà-na-kà-<ni> i-pá-ni [šu-u]q-lá-tim ù sí-ke TÚG.HI.A ša DAM.GÀR lá-pí-ta-/nim i-ki-dim a-wa-at-ku-nu lá i-ša-me Šerased ú) KÙ.B ša E-la-ma,"Thus Elamma and Kurub-IŠtar, say to Dada and +nah-ilṣ: ŠThe 30 minas of silver that Ah-šalim brought to your father, if there is tin available at a rate of 15 shekels Što 1), then buy it and send it to me. It the rate is less than 15 shekels Što 1) then buy for one half of it tin and for the other half textiles and ship them to me with the first opportunity. It should reach me here before the suspension of traffic. When you seal the tin and the textiles write on the packets Šwith tin) and on the hem of the textiles ŠBelonging to tamkṣrumš. No word of you should be heard outsideš The silver belongs to Elamma.”"
83. Kt 92/k 152 (1-112-92),a-na E-lá-ma qí-bi-ma um-ma A-hu-wa-qar-ma ta-áš-pu-ra-am um-ma a-ta-/ma ṭup-pu-um i-hu-lá-pí-im lá-wi : pá-nu-šu KI'IB A-lá-hi-im a-na Hi-na-a ú E-lá-ma lá-pí-it i-li-bi₄ ṭup-pé ša A-šur-/DÙG né-mu-ur-ma lá-šu a-na A-šur-DÙG ni-iš-tap-raʾ-am té-er-tù-šu li-tù-ra-am-ma a-šar ša-ak-nu nu-šé-ba-lá-ku-šu a-šu-mì am-tí-im ša A-šur-ta-ak-lá-ku / ša ta-áš-pu-ra-ni Dan-A-šur ni-iš-al-ma um-ma šu-ut-ma ší-im GEME₂ a-na-ku : i-ra-mì-ni-a áš-qúl LUGAL-{d}I'KUR a-na Wa-ah-šu-ša-na i-lá-ak ší-be ú-ša-a-lá-ma za-ku-sà : ni-ša-pá-ra-/kum,"Say to Elamma , thus Ahu-waqar: ŠYou wrote me as follows: ‘(There is) a tablet wrapped in a rag, on the face of which is written: ‘Seal of Ali-ahum to Hinnāya and Elamma’. We looked for it among the tablets of AŠšur-(āb, but it is not there. We have now sent a letter to AŠšur-(āb. When his message (telling) where it has been placed comes back we will send it to you. As for the slave-girl of AŠšur-taklāku, about whom you wrote us, we asked Dān-AŠšur and he said: ‘It was me who paid the price of the slave-girl out of my own means.’ 'arrum-Adad will go to Wahšušana, he will interrogate the witnesses and then we will send you definite information.”"
84. Kt 92/k 161 (1-121-92),[a-na E-l]á-ma qí-bi-ma [um-ma A-h]u-wa-qar ⌈a-dí⌉ ṭup-pí-im ša [t]a-áš-pu-<ra>-ni um-ma a-ta-ma KI'IB A-lá-hi-/im a-na E-lá-ma lá-pí-it ṭup-pu-um : i-li-bi₄ ṭup-pé-kà : i-ba-ší Ha-na-a ù Id-na-a [i]k-nu-ku-šu šu-ma [ x x]*x-tù-ru-ma left upper edges missing [ x x]-am šé-bi₄-lá-[am/ma] [ x x m]a-lá*ta?-x [x x] [ x x x] x x [ x x x] *83-84.,"Say to Elamma, thus Ahu-waqar: ŠAs for the tablet about which you wrote me as follows:“ ‘Seal of Ali-ahum, to Elamma’ is written Šon it)”, that tablet is to be found among your tablets, Hanāya and Idnāya have sealed it. If .................. return? send me .............. ........ whatever you ....... ........................."
85. Kt 91/k 295 (1-152-91),a-na E-lá-ma qí-bi₄-ma um-ma A-šur-na-da ù A-šur-i-mì-tí-ma 1 me-at 2 TÚG.HI.[A ku-t]a-nu qá-dí ša x* [x li-wi-t]um 4 GÚ x [ma-na AN.NA ku-nu-k]i? 6 *A[N'E? x x x] lacune of ca. 8 lines ù * x [ a-na] [n]i-is-[ha-tim ] ⌈ni⌉-iš-qú-u[l ki-ma x ma-na] ⌈AN⌉.NA * ma-n[a] KÙ.B. a-na qá-t[í] A-šùr-mu-ta-pì-il₅ ni-dí-in ' ma-na AN.NA A-šur-i-mì-/tí il₅-qé 3 TÚG a-wi-il₅-tum ⌈tal⌉-qé ' ma-na / 7 GÍN [š]í-im AN'E 2 GÍN ší-tum KÙ.B. Ah-ša-lim * i[l₅-qé?] 2 TÚG ša kà-ša-ri-i[m] KI Ah-ša-lim ni-kà-/sí ni-ša-sí,"Say to Elamma, thus AŠšur-nādā and AŠšur-imittṣ: “102 kutṣnu-textiles including those .... [for wrapp]ng, 4 talents [x minas of seal]ed [tin], 6 donkeys? ....... as import-tax ...... we paid. [Instead of x minas] of tin we handed over to AŠšur-mētappil * mina of silver. AŠšur-imittṣ took ) mina of tin. The lady took 3 textiles. 27 shekels was the price of a donkey, 2 shekels, expenditures? in silver, Ah-šalim t[ook?]. 2 textiles of the harnesser. We will settle accounts with Ah-šalim."
86. Kt 91/k 330,a-na E-lá-ma qí-bi-ma um-ma A-šùr-SIPA-ma 2 šu-lu-up-kà-ú ša ú-šé-bi-lá-ni A-šùr-mu-ta-pí-il₅ a-na 30 ma-na ma-sí-/amʾ lá-ma : a-li-kà-ni il₅-qé-šu-nu wa-ar-kà-nu-um [u]m-ma šu-ut-ma [šú-ba-t]i-kà : li-qé [1] TÚG : šé-šé-r[a-a]m* i-pu-hu-šu* ša-ni-am : ú-ri-šu-uš TÚG : a-pá-ni-a i-dí-ú-šu-nu a-bi a-ta be-lí a-ta ⌈lá⌉ ú-nu-ú-ni té-er-ta-kà li-li-kam-ma š[í-i]m TÚG.HI.A li-dí-/nu-nim-/ma lá-tal-⌈kam⌉ a-ma ⌈a-š⌉a ta-ta-/ú-ni um-ma a-ta-/ma : ar-hi-i[š] ta-ta-lá-kam : tù-ZA-ra*-x?-/ni,"Say to Elamma, thus AŠšur-rš’ṣ: ŠThe 2 'ulupkaean textiles I sent you AŠšur-mētappil had taken for 30 minas of refined copper before I arrived. Afterwards he said: ‘Take your textilesš’ [As for 1] ......... textile, instead of it they asked for another one. They deposited the textile(s) before me. Please my father, my lord, they must not cheat meš Let a message of yours come here so that they give me the price of the textiles, then I will leave. Now then, as for what you said: ‘Leave quicklyš’ you are ......ing me.”"
87. Kt 92/k 151 (1-111-92),[a]-na E-lá-má qí-bi-ma [um]-ma A-šùr-SIPAD-ma [ta-á]š-pu-ra-am um-ma [a-t]a-ma ṭup-pé-e na-áš-pá-ra-tim ⌈ša iš-tù a⌉-lim{ki} tù-šé-ší-a-/ni [šé-bi-l]am? : ṭup-pé-e [na-á]š-pá-ra-tim ša Da-dí-a [ù] En-um-A-šùr [āu-mì]-⌈a⌉-bi-a na-áš-a-kum [ṭup-pu]-um ša šú-ha-ar-tim [i-li-ka]m um-ma ší-it-ma [a-mì]-nim ṭup-pá-am [lá i-dí]-na-kum a-ta [ x x ]-x-um a-lik-ma [ x x ]-tù at-wu-šu-um [iš-t]ù ITU.3.KAM [áš-pu]-ra-kum um-ma a-na-ku-ma [KÙ.B.] še-bi-lam šu-ma a-bi a-ta [1 ù] 2 ma-na : <KI> a-li-ki-im [pá-n]im-ma : šé-bi-lam-ma [šu-q]á-al-kà lá i-pá-ṭá-/ar-/ma [ù l]i-ba-kà lá i-lá-mì-in [d]a-a-tum ma-ri-iš-tum ik-šu-ud-ni-a-tí,"Say to Elamma, thus AŠšur-rš’ṣ: ŠYou wrote me as follows: ‘Send me the tablets with letters that you took along from the City’. ['um]i-abiya is on his way with the tablets with letters of Dadiya and Ennam-AŠšur. A letter of the girl arrived here in which she wrote: ‘Why did he not give you the tablet? You .............. go and .............. talk with himš’ I wrote you three months ago asking, ‘send me [silver]š Please, my father, send me [one or] two minas with the next caravan, lest your packet Šof tin) is opened and you get angry. We have incurred a terribly heavy road-taxš."
88. Kt 91/k 313 (1-170-91),a-na E-lá-ma qí-bi₄-ma um-ma A-šur-DÙG-ma a-na-kam E-dí-na-a ú-ša-sí-ih-ma pí-šu En-nam-A-šur DUMU Dí-dì-a-a iš-me ha-ra-šu a-na A-lim{ki} ṭup-pá-am ša hu-bu-/ul En-na-nim ku-nu-ki-a DUMU Dí-dí-a na-áš-a-kum lu-qú-ut-kà ú-za-kà a-ta-lá-/kam,"Say to Elamma, thus speaks AŠšur-(āb: ŠI forced Eddinaya to appear here and Ennam-AŠšur, son of Didi(a)ya, heard his statement. He is now on his way to the City. A tablet recording a debt of Ennānum, with my seals, Didiya’s son has with him for you. I will clear your merchandise (then) I will leave."
89. Kt 91/k 384 (1-238-91),um-ma Bé-l[á-num] ù Hi-na-[a-ma] a-na E-lá-ma qí-bi-ma wa-a[r-k]i-kà-/ma 11 ma-na KÙ. B. ù 16 ma-na KÙ.B ša a-šu-mì KÙ.GI En-nam-A-šùr tù-ša-hi-zu me-ra-kà a-na En-nam-A-šur ú-šé-bi-lam 16 ma-na KÙ.B En-nam-A-šur il₅-qé-ma 2 ma-na KÙ.GI ù 11 ma-na KÙ.B. a-šé-ri-ni ú-šé-bi-lam wa-ar-kà-tám 18 ma-na KÙ.B DUMU +a-lá-mì-im ú-šé-ší-am KÙ.B ù KÙ.GI pá-ni-[a]m ú-ša-ší-ib TUR [GA]L nu-pá-he-er-ma a-šé-er ša ki-[ma] ku-a-tí a-na Kà-n[i-iš] nu-uš-té-r[i-ib] i-té-er-tí P[í-lá-a]h-IŠtar GU'KIN⌉ a-na DUMU +a-lá-mì-im pí-iq-da-ma a-šé-er E-lá-ma lu-bi-il₅,"Thus BŠl[ānum] and Hinnāya, say to Elamma: ŠAfter you had left your son sent 11 minas of silver and the 16 minas of silver, on which you had given Ennam-AŠšur instructions concerning gold, to Ennam-AŠšur. Ennam-AŠšur took these 16 minas of silver and sent 2 minas of gold and the 11 minas of silver to us. Later the son of -allāmum produced 18 minas of silver. This silver and the earlier amount of gold he ............ We collected everything and brought (it) into Ka[nesh] to your representatives (saying): ‘At the instruction of Pilah- IŠtar you must entrust the gold to the son of -allāmum to bring it to Elamma’.”"
90. Kt 91/k 527,um-ma En-um-A-šùr ú Da-dí-a-ma : a-na E-lá-ma [qí]-bi-ma a-na-kam a-na [Ah-ša]-lim ú-nu-ut-kà [ni-ip]-qí-id i-na ba-a[b₁] [a-bu-l]im i-na wa-ša-i-[šu] [iš-t]ù : ha-ra-nu-um [d]a?-ri -*⌈x⌉-ú : A-šùr-i-d[í] i-li-kam-ma a-na 4 ma-[na] KÙ.B. A-šùr-i-dí Ah-ša-lim iš-ba-at um-ma šu-ut-ma ú-lá ú-ša-ar-kà i-na re-em lu-qú-tim ki-ma ú-nu-tim lá ta-ú-ri-im a-na-[ku] ú Da-dí-a a-na 4 ma-na KÙ.B. qá-ta-tí-šu ni-il₅-ta-[pá-at] i-hi-id-ma Ah-ša-lim KÙ.B. e-ri-iš-ma um-ma a-ta-ma ša ki-ma i-a-[tí] qá-ta-tí-kà il₅-ta-a[p]-/tù KÙ.B. šu-qú-ul-ma a-na a-wi-li lu-šé-bi-il₅-ma a-na A-šùr-i-dí li-iš-qú-lu [š]a ki-ma i-a-tí [ṭup-pá⌉-am [iš-pu-ru-ni]m [x] x [x] x x-⌈x⌉* [šu-ma] e-ta-ba-⌈at⌉ [šu-up]-ra-ma a-na-kam Ébé-s[ú] a-na ší-mì-/im lu ni-dí-in,"Thus Ennam-AŠšur and Dadiya, say to Elamma: ŠHere we entrusted your goods to Ah-šalim In the city-gate, when he was about to leave, after the caravan had already been assembled, AŠšur-idṣ came and AŠšur-idṣ seized Ah-šalim for 4 minas of of silver, declaring: ‘I will not let you goš’. Out of consideration for the merchandise, in order not let the goods be brought back, we, I and Dadiya, had ourselves booked as his guarantors for the 4 minas of silver. Take care to ask Ah-šalim for the silver, saying: ŠMy representatives let themselves be booked as your guarantors. Pay the silver then I will send it to the gentlemen, so that they can pay it to AŠšur-idṣ. My representatives wrote me a letter [to that effect.” If] he has fled, write to us, then we will sell his house here."
91. Kt 91/k 427 (1-280-91),a-na Hi-na-a ù E-la-m[a] qí-bi-ma um-ma I-dí-a-bu-[ma] 1/2 ma-na 5 GÍN KÙ.B. sa-ru-pá-am i-sé-er {d}EN.LÍL-ba-ni DUMU Sà-sà-a : ṭup-pu-šu ha-ar-mu-/um i-na li-bi₄ : ṭup-pé-a i-na Du-ur-hu-mì-it É Hi-na-a : i-ba-ší a-ba-ú-a : a-tù-nu ša-ab-ta-šu-ma KÙ.B. ša-áš-qí-la-šu : šu-ma mì-ma i-qá-bi₄ : um-ma šu-ut-ma a-na e-la-i-šu KÙ.B. a-ša-qal : GANA₂-lam ú-la ú-ší : ša-ab-ta-šu-ma KÙ.B ša-áš-qí-la-šu-ma ù iš-té-en i-ba-re-ku-nu ṭup-pá-am : li-dí-šu-um ki-ma ṭup-pu-šu : sà-ru a-na E-la-ma qí-bí-ma 2 TÚG ku-ta-ni A-šùrʾ-mu-ta-píl DUMU āu-Be-lim : i-na ku-nu-uk Da-dí-a kà-an-ku-ma ub-la-kum a-bi a-ta be-lí a-ta : ṭup-pá-am ša * ma-na 3 GÍN KÙ.B ha-bu-la-ku-ni : ku-nu-uk-šu-ma a-na DUMU um-me-a-nim ke-nim : dí-in-šu-ma lu-ub-lu-ni-šu,"Say to Hinnāya and Elamma, thus Iddin-abum: “35 shekels of refined silver Ellil-bāni, son of Sasaya, owes (me); his sealed debt-note is among my tablets Šthat are) in Durhumit, in the house of Hinnāya. Please, my fathers, seize him and make him pay the silver. If he protests and says: ‘I will pay him the silver when he comes up’ – he must not leave for the countryside, seize him and make him pay the silver and let one of you give him a quittance stating that his debt-note is no longer valid.” Say to Elamma: ŠAŠšur-mētappil, son of 'u-BŠlum, brought you 2 kutṣnu-textiles provided with Dadiya’s seal. Please, my father, my lord, the tablet by which I owe you 33 shekels of silver, put it under seal and give it to a reliable affiliated trader, to bring it to me.”"
92. Kt 91/k 430 (1-283-91),um-ma I-dí-A-šùr-ma a-na E-la-ma ù A-la-/hi-im qí-bi₄-ma a-na A-la-hi-im qí-bi₄-ma 1 ma-na KÙ.B. ša ṭup-pá-am ša Sá-li-a ta-*alʾ-pu-tù 1 ma-na KÙ.B. Sá-li-a li-dí-na-ku-ma ù ší-tí KÙ.B. ṭup-pì-i am-ra-ma a-na ar-be-e-šu a-na Sà-li-a e-sí-ir-ma lu nu-ša-bi₄-kà a-hi a-ta gi₅-mì-lam i-šé-ri-a ù me-er-eʾ-a šu-ku-un DAM.GÀR i-šu a-ma-ma-an i-pì-kà lá ú-ší-/i,"Thus Iddin-AŠšur, say to Elamma and Ali-ahum, in particular to Ali-ahum: “1 mina of silver for which you drew up Saliya’s debt-note, let Saliya give you that 1 mina of silver and as for the rest of the silver inspect my tablet to (discover) that I have already dunned Saliya four times, in order to be able to pay you. Please my brother, do me and my sons this favor. I have a creditor, (so) let nobody hear Šabout it) from your mouthš”"
93. Kt 91/k 296 (1-153-91),a-na E-lá-[ma qí-bi-ma] um-ma IŠtar-pì-lá-ah-ma 3 ma-na AN.NA Hi-na-a i-na *x x [ x] ú-kà-al-ma lá i-pá-ṭù-ru-nim li-bu-šu lá i-lá-m[ì]-/inʾ(IM) KÙ.B. 1* ma-na i-hi-id-ma šé-bi₄-lam lá ša áš-pu-ra-ku-ni um-ma Hi-na-a-ma té-er-ta-kà li-⌈li-kam⌉-/[ma]? ú-šé-ba-la-am áš-pu-ur-⌈ma KÙ⌉.B.*/ lá ⌈tù-/ha-/li⌉-[iq] i-hi-id-ma* KÙ.B. šé-bi₄-lam KÙ.B. 1 GÍN li-l[i]-⌈am⌉ KÙ.B. lá KÙ.B.-áp-/šu šu-<ut>-ma KÙ.B. I-dí-Sú-in,"Say to Elamma, thus IŠtar-pilah: ŠHinnāya holds 3 minas of tin under seal and one must not open Šthe packet) lest he gets angry. Take care to send me 1* mina of silver. That I did not write you (earlier) is because Hinnāya said: ‘If a message of yours arrives I will send it to you.’ (But now) I wrote: ‘Do not let the silver get lost, take care to send me the silverš’ May at least some silver be producedš The silver is not his silver, it is the silver of Iddin-Suenš”"
94. Kt 92/k 186 (1-146-92),a-na E-[lá-ma ù] Kur-ub-IŠta[r qí-bi-ma] a-na Kur-ub-IŠ[tar qí-bi-ma] um-ma Ku-ni-l[úm-ma] i-nu-mì E-na-h[i-li] lu-qú-tí : ir-de₈-e-n[i-ma] i-na É.GAL-lim : T[ÚG.HI.A] ma-ah-ri-kà im-nu-[ú] 16 TÚG.HI.A a-na [ ta-dí-in : ú *x [ x x x] tù-ša-li-m[a* x x] [x b]u?-na *[ x x x] reverse missing ⌈x-bu-um⌉* [ x x x x ] lu i-ta-ba-al i-n[a] KÙ.B. ša iš-tí *x x [ x x x],"Say to Elamma and Kurub-IŠtar, say especially to Kurub-IŠtar, thus KŠn-ilum: ŠWhen +nah-ilṣ brought my merchandise here and one counted the textiles in the palace in your presenc, you gave 16 textiles to/as .............. and you brought Šthe rest ?) safely to .......... ......................... ........................ he has/will indeed take(n) along from the silver that is due by .......”"
95. Kt 91/k 327 (1-184-91),um-ma Né-er-a-am-tum-ma a-na E-lá-ma qí-bi-ma ra-qá-tám ú TÚG : na-áš-ú-ni-kum iš-tí lu-qú-tí-kà ù ší-it-ra-am a-na Lá-ma-sí-tim a-na a-wa-tim ša ta-áš-pu-ra-ni a-wi-lu-um ih-tí-li-iq a-na ma-nim lá-aq-bi sà-ah-ra-<ku>-ma ú-lá a-le-e-ma ú-lá a-pá-al ša : ki : me-er-i-a né-nu lá nu-šé-ra-áb a-na-ku áp-lá-ah-ma uš-té-ri-ib li-ba-kà lá tù-lá-mì-in,"Thus Ner’amtum, say to Elamma: ŠThey are bringing you a thin textile and a normal one, together with your merchandise, and a shawl for Lamassutum. As for the matter about which you wrote me, the gentleman has perished/disappeared. To whom should I speak? I am staying here and I am unable to answer for it. We were not to bring in the house somebody to replace my son, (but) because I became afraid, I was the one who has now brought one in. Do not get angryš”"
96. Kt 91/k 531 (1-384-91),a-na E-la-ma qí-bi-ma um-ma Puzur₄-A-na-ma a-la-nu-kà a-ba-am ú bé-la-am ú-la i-šu a-ša iš-tí-kà la uš-ta-me-/ru li-ba-kà la tù-lá-ma-an ú-lá a-na ší-a-ma-tim a-la-ak a-té-er-tí É a-bi₄-ni a-la-ak um-ma a-na-ku-ma i-kà-lá-a-ni-ma bi₄-il₅-tám ú-ša-ša-a-ni aʾ-ki-am la uš-ta-me-/er iš-tí-kà : iš-tí lu-qú-tí-kà pá-ni-e-ma a-[x]*-re-a-am,"Say to Elamma, thus Puzur-Anna: ŠI have no father and lord but youš Don’t be angry because I did not turn up with you. I cannot travel to make purchases Šfor you), I must travel for an order of our paternal house. I thought: ‘He might detain me and force me to carry a load Šfor him)’ (and) for that reason I did not turn up with you. But with your next lot of merchandise I will ..........”"
97. Kt 91/k 459 (1-312-91),a-na E-lam-ma [qi-b]i-ma um-ma āu-Be-lúm-ma DUMU.MÍ A-šur-dan DUMU Zi-zi-/im ra-bi₄-ša-am iš-tù a-lím{ki} ta-aš-ba-at-ma ú-ša-am a-ma-kam wa-ša-áb šu-ma KÙ.B. lu URUDU ša ú-šé-lá-ku-ni ší-ma-am a-dí-ni la ta-áš-a-am KÙ.B. šé-ší-ma a-šar ku-wa-tí lí-ib-ší šu-ma ma-ma-an a-na KÙ.B. ša-ba-tim ir-ta-ag-*⌈ma-/kum⌉? KÙ.B. KÙ.B. kà-ri-im šu-ma a-na am-tim ú-la É-té ú-ṭá-hi be-tù ù [a-ma-t]um ša a-wi-[il₅-t]im a-na ni-ší a-wi-il₅-tim qi-ib-a-ma iš-tí-šu-nu le-ta-wu,"Say to Elamma, thus 'u-BŠlum: ŠThe daughter of AŠšur-dān, son of Zizum, has obtained an attorney from the City, who has left (and) is staying over there. If with the silver or copper that I sent up to you you have not yet made purchases, then remove the silver and let it stay where you are. Should anybody raise a claim against you in order to seize that silver, the silver belongs to the colony. If he makes an attempt at a slave-girl or the house, the house and the slave-girls belong to the ladyš Say to the personnel of the lady that he must negotiate with them.”"
98. Kt 91/k 456 (1-309-91),"1 TÚG ku-ta-nam 'u-lí DUMU Puzur₄-A-bé-eh A-lá-ha-am construed with ina libbi PN Šatawwum, e.g. CCT 5, 19a: 15; KTH ambiguity OA syllabic spelling 11 b. a-hu-ṭu : a-na E-lá-ma ú-kà-a-an : ṭu-ma lá ú-kà-i-in KÙ.B. ) ma-na 'u-lí : a-na E-lá-ma i-ṭa-qal iṭ-[tù] ha-mu-uṭ-tim ṭa A-ṭùr-ma-lík ša-lá-mì-im ki-ma a-wa-at kà-ri-im a-na 1 ma-na-e-em ší-ib-tám ú-ša-áb ⌈lí-mu-um⌉ [ṭ]a ⌈qá⌉-té ⌈Ba-z]i-a ⌈DUMU ']é-pá-lím* [ITU.KAM] na-ar-ma-ak-A-/ṭur [ṭ]a ke-na-tim IGI Ir-ma-A-ṭùr IGI Na-ar-me-a IGI En-nam-{d}⌈IŠKUR⌉ Šover erasure) IGI Ri-ma-nim","šuli, son of Puzur-Abeh, will confirm that Ali-ahum, and proof of a liability can be the result of šdiscussing, 16:19, TC 3, 270:45). Again, as noted in the previous has made some scholars derive forms of this verb his brother, owes 1 kutšnu-textile to Elamma. If he does not bring confirmation šuli will pay "" mina of silver to Elamma. Starting from the week eponymy of AŠṭur-mṣlik, the black one, he will add interest per mina according to the regulation of the colony. Eponymy of the successor of Baziya, son of šēp-ṣlum, month III. Witnesses: Ir’am-AŠṭur, Nar’am-Ea, Ennam-Adad, Rimṣnum"
99. Kt 91/k 488A/B,[] ma-na 6 GÍN KÙ.B. ša-ru-pá-am ma-na 6 GÍN KÙ.B.-ap₁-kà a-na,"1 mina 6 shekels of refined silver ŠOne has brought the 1 mina 6 shekels,"
100. Kt 91/k 311 (1-168-91),22 ṭu-ru-tum 11 ma-na 10 GÍN AN.NA 12 GÍN KÙ.B. ṭí-im 1/2 ku-ta-nim 2) ma-na KÙ.B. ṭí-im 5 ANŠE.HI.A i-li-bi₄ A-lá-hi-im a-na 2 ANŠE.HI.A ṭa E-lá-ma ù Lá-qé-ep A-lá-hu-um ù Hi-na-a uk-t[a]-/nu-ma a-ṭar i-bu-ru-ni ) ma-na.TA KÙ.B. E-la-ma ú La-qé-ep i-la-qé-ú IGI E-dí-na-a IGI En-um-A-ṭùr,"dark textiles, 11 minas 10 shekels of tin 12 shekels of silver the price of "" kutšnu- textile, (and) 2"" minas of silver, the price of 5 donkeys, are due by Ali-ahum. Concerning 2 donkeys belonging to Elamma and LŠ-qēp, Ali-ahum and Hinnṣya will establish who of them is liable and from him who proves to be it Elamma and LŠ-qēp will take "" mina of silver per (donkey). In the presence of Edinṣya, of Ennam-AŠṭur."
101. Kt 91/k 432 (1-285-91),AŠṭur-nṣdṣ pay,"of his he had acquired, whereupon AŠṭur-nṣdṣ"
102. Kt 91/k 298 (1-155-91),i-na ba-áb ha-ra-ni-/ṭu ṭa E-lá-ma um-ma Pí-lá-ah-A-ṭùr-ma a-na E-lá-ma-ma La-qé-[ep] DUMU 1-li-a : ku-nu-im AN.NA a-na 70 ha-am-ṭa-tim ⌈ú⌉-kà-lam um-ma E-lá-ma-/ma i-a-am AN.NA-ki le-qé-/ma gi₅-im-lá-ni a-na 20 ha-am-ṭa-/tim 8 GÍN.TA lá ta-ba-ta-/qám um-ma Pí-lá-ah-⌈A⌉-ṭur-ma] 8 GÍN.TA AN.[NA a-lá-qé-ma] a-ta-BA: mì-n[am ta-da-nam] um-ma E-lá-ma-[ma] ú a-na-ku iṭ-[tù] a-lim{ki} i-na [tù-a-ri-a] ⌈15⌉ ma-na KÙ.[B] a-da-na-kum a-n[a a-lim{ki}] tù-ṭé-ba-al : ṭí-a-m[a-tim] i-ṭa-ú-mu-ni-kum [t]a-be-el-ṭu IGI GÍR ṭa [A-ṭur] ⌈ṭí⌉-bu-tí . a-dí-in ———————————————————————————————— i-na ba-áb ha-ra-ni-/ṭu ṭa E-lá-ma um-ma Pí-lá-ah-A-ṭùr-ma 15 ma-na KÙ.B. ša-ru-/pá-am ni-is-ha-sú DIRI ṭa-du-a-sú ṭa-bu-ú a-dí-na-kum a-na A-lim{ki} i-na e-ra-bi-kà-ma 1 GÚ AN.NA ṭa-ma-a[m] ú a-ṭí-tí KÙ-pì-a TÚG.HI.A ṭa-ma-a[m] iṭ-tí ⌈ANŠE?⌉-ri-kà pá-ni-im ṭé-b[i₄-la]m um-ma E-lá-ma- ú-ṭé-ba-l[á-ku]m IGI GÍR /-ma ṭa A-⌈ṭur⌉ [ṭ]í-bu-tí a-dí-in,"When Elamma was about to set out on a journey Pilah-AŠṭur said to Elamma: ŠLŠ-qēp, the son of Iliya, who belongs to you(r firm), offers me tin with a credit term of 70 weeksš. Elamma answered: ŠTake my own tin and do me a favor by giving me Šfor it) not less than 8 shekels per Šshekel of silver) in 20 weeks.” Pilah-AŠṭur said: “[I will take] the tin at the rate of 8 shekels, but you, what will you [give me]?” Elamma answered: ŠAnd I , when I return from the City I will give you 15 minas of silver. You will send it to the City and one will make Šwith it) purchases for you, it will be at your disposal.” Before [AŠṭur’s] dagger I gave my testimony. When Elamma was about to set out on a journey Pilah-AŠṭur said: ŠI gave you 15 minas of refined silver, its excise added, its transport fee paid for. When you enter the City you must buy for me 1 talent of tin and for the rest of my silver buy textiles for me, send them to me with your next donkey transport.” Elamma answered: ŠI will send them to youš. Before AŠṭur’s dagger I gave my testimony."
103. Kt 91/k 411 (1-264-91),Pí-lá-ah-A-ṭ[ur a-na] E-lá-ma iš-ba-a[t-ni-a-tí-ma] um-ma Pí-lá-ah-A-ṭur-ma a-na E-lá-ma-ma a-na AN.NA-ki-kà ṭa ta-dí-na-ni . a-ga-mì-il₅-/kà 8 GÍN.TA KÙ.B a-na / a-lim/{ki} ú-ṭa-ak-ṭa-da-kà um-ma Pí-lá-ah-A-ṭur-ma a-na E-lá-ma-ma ù i-nu-mì a-na-ku a-na a-lim{ki} a-lu-ku 15 ma-na KÙ.B ta-da-nam-ma a-bé-e-el um-ma E-lá-ma-<ma> a-da-na-kum IGI Lá-qé-pí-im 'u-Be-lim : ù LUGAL-{d}IM tap-pá-ú-a : a-na a-wa-tim a-ni-a-tim kà-ru-um Kà-ni-iṭ i-dí-n[i-ma] IGI GÍR ṭa [A-ṭur] ṭí-bu-tí [a-dí-in],"Pilah-AŠṭur seized [us] against Elamma and Pilah-AŠṭur said to Elamma: ŠWith respect to your tin that you gave me, I will do you a favor: I will supply you in the city silver at a rate of (1 shekel) per 8 shekels Šof tin). Pilah-AŠṭur also said to Elamma: ŠAnd when I go to the City will you then give me 15 minas of silver for my free disposal?” Elamma answered him: ŠI will give it to you.” In the presence of LŠ-qēpum; šu-BŠlum and šarrum-Adad, were my fellow witnesses. For these words the Kanesh colony made me available and [I gave] my testimony before [AŠṭur’s] dagger."
105. Kt 91/k 485 (1-338-91),a-na E-lá-ma qí-bi-ma um-ma A-hu-qar ù A-ṭùr-iṭ-tí-kál-ma a-na-kam 'u-Be-lúm ni-iš-ba-at-ma Šup-pá-am me-eh-ra-am ṭa Lá-qé-ep nu-ṭa-áṭ-me-ṭu-ma um-ma né-nu-ma ṭí-bu-ta-kà dí-in um-ma ṭu-ut-ma iṭ-tù pá-na-ma a-na Pí-lá-ah-A-ṭùr ṭí-bu-tí a-di-in KÙ.B. a-na a-lim{ki} ṭa-ak-ṭu-dam lá qá-bi né-ru-ub-ma me-eh-re ṭa ba-áb DINGIR ṭa ṭí-bu-tí-ṭu ṭa a-na Pì-lá-ah-A-ṭùr i-dí-nu ni-iṭ-me Lá-qí-ip tap-pá-i a-ma : me-eh-ri : ṭí-me a-ma-kam ma-lá-kà : a-na-kam Ib-ni-lí DUMU A-ṭùr-{d}UTUŠ{i} wa-ar-kà-sú nu-ṭa-⌈il₅⌉-ma ù e-ba-ru-uṭ-ṭu Ku-ni-lúm ù I-dí-IŠtar nu-ṭa-il₅-ma e(-lu-um ke-en₆ ú wa-ar-kà-tám i-ṭu šú-ha-ar-tám ta-da-nam lá ta-da-nam té-er-ta-kà li-li-kam,"Say to Elamma, thus Ahu-waqar and AŠṭuriṭ-tikal: ŠHere we seized šu-BŠlum and we made him listen to the tablet, a copy, of LŠ-qēp and we said to him: ‘Give your testimonyš’ He answered: ‘Some time ago I already gave my testimony to Pilah-AŠṭur (that) no promise has been made to deliver the silver to the City’. We entered and listened to Šthe text of) the copies of his testimony drawn up in the gate of the god, that he had given to Pilah-AŠṭur Šand they read): ‘LŠ-qēp was my companion’. Here is my copy, listen to it; it is up to you there Šwhat to do)’. Here we questioned Ibni-ilā, son of AŠṭur-ṭamṭā, about his record and we also questioned his friends, K'n-ilum and Iddin-IŠtar, and the result was: The man is reliable and has a (good) record. Let your instruction come to me whether the girl must be given or not."
106. Kt 91/k 401,KIŠIB 'u-Ku-bi-im KIŠIB 'u-IŠtar KIŠIB A-mur-/A-ṭur ṭa 2 GÚ AN.NA i-na e-lá AN.NA-ki-ṭu E-lá-ma a-na 'u-IŠtar a-na Bu-ru-uṭ-ha-t/im Šseal B; upside down) ⌈ú-ṭé⌉-ba-al-ṭu-ma Šseal B; upside down) i-na ma-hi-⌈ir⌉ i-za-zu 1 GÍN.TA : 'u-IŠtar ú-ma-lá-⌈ṭum⌉-ma KÙ.B. ša-ru-pá-am i-na e-ra-áb AN.NA-ki-ṭu i-ṭa-qal,"Seal of šu-K'bum, seal of šu-IŠtar, seal of Amur-IŠtar, that, when his tin comes up Šfrom Assur) Elamma will send 2 talents of tin to šu-IŠtar in Buruṭhattum and that šu-IŠtar will deliver in full to him 1 shekel Šof silver) per Šshekel of tin) above the current rate of exchange and that he will pay purified silver on the arrival of his tin."
107. Kt 91/k 475,[KIŠIB ']u-Be-lim KIŠIB A-ṭur-i-dí [ṭ]a E-lá-ma 'u-IŠtar ba-áb [h]a-ra-ni-ṭu iš-bu-tù-ma [u]m-ma E-lá-ma-ma 12) ma-na 7) GÍN KÙ[B.] Šupside down) ⌈ša⌉-ru-pá-am i-na e-ra-bi₄-/kà i-na Wa-ah-ṭu-ṭa-na ṭé-bi₄-lam ù ṭa ṭí-ti AN.NA-ki-a i-na Bu-ru-uṭ-ha-/tim i-na e-ra-bi₄-kà-ma ṭé-bi₄-lam ṭu-ma lá tù-ṭé-bi₄-lam,"Seal of šu-BŠlum, seal of AŠṭur-idā, (confirming) that Elamma seized šu-IŠtar when he was about to go on a journey and that Elamma said to him: “12 minas and 37"" shekels of refined silver you must send me when you enter Wahṭuṭana. And what Šis due) for the remainder of my tin you must send me when you enter Buruṭhattum. If you fail to do so,"
108. Kt 91/k 346 (1-203-91),1 GÚ 20 ma-na URUDU lá-mu-nu-um i-na ma-ša-ar-tim ṭa A-mur-A-ṭur A-ṭur-na-da ⌈E-lá⌉-ma ù A-ṭur-SIPA [ú]-⌈ṭé⌉-ší-ú [A]-ṭur-na-da ki-ma KÙ-pí-/ṭu ⌈e⌉-ru-ub E-lá-ma ⌈ù⌉ A-ṭur-SIPA [k]i-ma um-mì-a-ni [e-r]u-bu [A]-ṭur-ni-ṭu [ki-ma] Ku-ra e-ru-ub ⌈IGI⌉ A-ṭur-na-da IGI Zi-kà-i IGI Ar-ṭi-ah IGI Ku-ku-lá-nim IGI E-lá-li-a Šup-pí-ṭu ib-ri-ú-ma ù ṭu-nu-ma ik-nu-ku-ma a-na ma-ša-ar-tim ú-ṭé-ri-bu,"1 talent and 20 minas of poor copper AŠṭur-nṣdṣ, Elamma and AŠṭur-rē’ā brought out of the strong-room of Amur-AŠṭur. AŠṭur-nṣdṣ entered on account of his own Šclaim on) silver, Elamma and AŠṭur-rē’ā entered in the name of the investors, AŠṭur-niṭ' entered representing Kura. Witnessed by AŠṭur-nṣdṣ, Zikayi Arṭi-ah, Kukkulṣnum, and Elṣliya. They inspected his tablets and they were also the ones who sealed them (again) and brought them (again) into the strong-room."
109. Kt 91/k 334 (1-191-34),a-ma-kam i-na be-el id-ma-tim ṭa ki-ma um-mì-a-né ma-ma-an : mì-ma ú-lá i-(á-hi a-ma-lá Šup-pì-im ṭa a-lim{ki} i-ṭa-ri-iq-ṭu-/um,"Over there no one of the share-holders representing the investors shall approach anything. According to the tablet of the City, Šif he does) it will be considered as stolen by him."
110. Kt 91/k 454 (1-306-91),12 GÍN KÙ.B. ṭí-im TÚG ṭa En-na-nim DUMU A-zu-a : ṭa É-lá-ma il₅-qé-ú : um-ma E-lá-ma-/ma a-na En-na-nim DUMU A-ku-kà um-me-a-ni-/kà KÙ.B. áṭ-qúl um-ma Na-na-a-/ma En-na-núm iṭ-pu-ri-ma GEME ṭa E-lá-ma ak-ta : um-ma En-[na-num-ma] a-lík : a-ma-sú [ki-t]a* mì-m[a] [x x x⌉* HA DÍ x [ x x ] i-pì En-na-nim DUMU A-ku-ka : Na-na-a GEME ṭa E-lá-ma ik-ta : ṭu-ma E-lá-ma KÙ.B. En-na-nim ú-ṭa-bi₄ ) ma-na K[Ù]./B. (2 línes erased) Na-na-a : a-na [*E-lá-m]a? i-ṭa-qal [IGI x x *d]í?-a I[GI* x x x D]UMU 'u-IŠtar IGI 'u-IŠtar DUMU Da-da-/nim,"As for the 12 shekels of silver, the price of a textile belonging to Ennṣnum, son of Azua, which Elamma took, Elamma declared: ŠI paid the silver to Ennṣnum, the son of Akuka, your investorš. Nanaya said: ŠAt Ennṣnum’s behest I took Elamma’s slave-girl as security, for Ennṣnum told (me): ‘Go and take his slave-girl [as security]š” Any ........ [................. declared]: ŠIt was at the instruction of Ennṣnum, son of Akuka, that Nanaya took Elamma’s slave-girl as securityš. If Elamma has paid the silver to Ennṣnum Nanaya will pay "" mina of silver to [Elamm]a. [In the presence of .......d]iya, o[f .........], son of šu-IŠtar, of šu-IŠtar, son of Dadṣnum."
111. Kt 91/k 319 (1-176-91),da-a-sú ù ú-kúl-tù-ṭu ṭa Ki-ta-a iṭ-tù Bu-ru-uṭ-ha-/tim a-dí a-lim{ki} E-lá-ma iṭ-qúl ṭu-ma iṭ-tù A-lim{ki} ú-nu-tám ṭa E-lá-ma lá i-sà-ri-dam da-a-sú ù ú-kúl-/tù-ṭu Ki-ta-a ú-ma-lá IGI 'u-IŠtar IGI 'u-A-ṭùr,"The road-tax he incurs and the food of Kitaya from Buruṭhattum until the City Elamma has paid. If he does not transport of the goods of Elamma from the City Kitaya will compensate Šwhat was paid him for) the road-tax and food. In the presence of šu-IŠtar, of šu-AŠṭur."
112. Kt 91/k 321 (1-178-91),1 ma-na KÙ.B. ṭa Hi-na-a E-lá-ma a-na I-dí-Sú-en₆ ú-ṭé-bi₄-il₅ +é-eh-ri-lí ú-bi₄-il₅ IGI Na-ni-a IGI A-ṭur-DÙG,"1 mina of silver belonging to Hinnṣya Elamma dispatched to to Iddin-Suen, *eher-ilā brought it away. Witnessed by Naniya, by AŠṭur-+ṣb"
113. Kt 91/k 476,KIŠIB 'u-Ku-bi₄-im DUMU Qá-a-tim KIŠIB A-lá-hi-im DUMU A-ṭur-ma-lik KIŠIB Ku-na-a DUMU Ma-na-na a-na gám-ri-im ù hu-lu-qá-e ṭa ILLAT Ì-lí-a-lim a-na mì-ma ṭu-um-ṭu Ku-na-a a-na E-lá-ma ú-lá i-tù-ar a-na 30 ma-na AN.NA ṭa Ku-na-a : a-na ILLAT Ì-li-a-lim nu-du-a-e i-dí-ú qá-dé ILLAT-ma a-na a-wi-tí-ṭu i-za-sú-um,"Seal of šu-K'bum, son of Qa’atum, seal of Ali-ahum, son of AŠṭur-mṣlik, seal of Kunnṣya, son of Manana. For expenses and losses of the caravan of Ilā-ṣlum, whatsoever, Kunnṣya shall not raise claims against Elamma. As for the 30 minas of tin, for which Kunnṣya served Ilā-ṣlum’s caravan a notice, it will belong to him together with Šthe other members of) the caravan according to its declared value."
114. Kt 91/k 406,KIŠIB Hi-na-a,"Seal of Hinnṣya,"
115. Kt 91/k 471,KIŠIB A-lá-hi-im KIŠIB A-li-li KIŠIB A-bi₄-lá KIŠIB Lá-qé-ep ṭa i-na ba-áb-tim ṭa A-ṭùr-be-el-ma-al-/ki-im Šupside down) ṭa iṭ-ti DUMU A-tù-⌈ri⌉-a ù A-mur-A-ṭùr Šupside down) Hi-na-a iš-bu-tù-ma a-na E-lá-ma ip-qi-du 2 ma-na 13) GÍN KÙ.B. ša-ru-pá-am E-lá-ma a-na A-lá-hi-im ù A-li-li ip-qí-du KÙ.B. Šupside down) a-na A-lá-hi-im A-li-li ù Hi-na-a a-ba-re-ṭu-nu i-lá-ak,"Seal of Ali-ahum, seal of Ali-ilā, seal of Abila, seal of LŠ-qēp, that what Hinnṣya had seized as part of an outstanding claim of AŠṭur-bēl-malkim from At'riya’s son and from Amur-AŠṭur and had entrusted to Elamma - an amount of 2 minas 13"" shekels of refined silver, which Elamma in turn had entrusted to Ali-ahum and Ali-ilā – that this silver will become the joint property/responsibility of Ali-ahum, Ali-ilā and Hinnṣya."
116. Kt 91/k 520 (1-373-91),"i-nu-mì A-hu-w[a-qar] iṭ-tù a-lim{ki} i-tù-⌈ra⌉-[ni] ṭu-uq-lam [ku-nu-ki] ṭa a-lim{ki} [ x x x ù] E-lá-ma i-pá-([ù-ru-ma] 50 ma-na AN.N[A] i-du-nu-ṭu-ma iṭ-[tù] u₄-mì-im ṭa AN.N[A] i-lá-qé-ú 15 ha-am-/ṭa-tim i-lá-ak-ma 8, ma-na KÙ.B ša-ru-pá-am A-hu-wa-[qar] i-ṭa-qal","When Ahu-waqar comes back from the City [PN and] Elamma will break open the packet with seals applied in the City and they will give him 50 minas of tin and from the day he gets the tin he will go (travel) for 15 weeks and then Ahu-waqar will pay 8, minas of refined silver."
117. Kt 91/k 440 (1-293-91),ku-nu-ki-a a-na Ah-ṭa-lim ) ma-na KÙ.B. ku-nu-ki-a a-na I-dí-A-ṭur +é-eh-ri-ì-lí ú-bi₄-il₅-ṭu-nu-tí IGI 'u-Ku-bi₄-im DUMU Qá-a-a-tim IGI A-lá-hi-im DUMU A-ṭur-ma-lik,"under my seal for Ah-ṭalim, "" mina of silver under my seal for Iddin-AŠṭur, *eher-ilā brought it to them. In the presence of šu-K'bum, son of Qa’atum, of Ali-ahum, son of AŠṭur-mṣlik."
118. Kt 91/k 528 (1-381-91),"a-na I-dí-A-ṭur 1* ma-na KÙ.B. a-na Ah-ṭa-lim ŠÀ.BA , ma-na a-na Lu-zi ÌR ṭa A-lá-hi-im , ma-na a-na [K]u-da-dim kà-ša-ar ⌈A⌉-[ṭur-m]a-lik i-[na] té-er-tí-a i-da-an-ṭu-nu-tí ṭa 3 GÍN KÙ.B. sí-ba-ra-tim a-na Ah-ṭa-lim","for Iddin-AŠṭur; 1( mina of silver for Ah-ṭalim, of which , mina is for Luzi, the slave of Ali-ahum; , mina for Kudṣdum, the harnesser of [AŠṭur?]-mṣlik. He will give it to them by my instruction. For 3 shekels of silver sibarštum for Ah-ṭalim."
119. Kt 91/k 469,KIŠIB I-pí-lí-is KIŠIB A-ṭur-na-da DUMU A-mur-/lu-sú KIŠIB La-qé-pí-im ṭa E-la-ma ù Id-⌈na-a] ma-ah-ri-ni : ni-k[à-sé] i-⌈sí-ú⌉-ma⌉* ) ma-na 5 G[ÍN KÙ.B. ša-ru-pu-um] ù 13) ma-na URUD[U SIG₅] i-lí-bi : Id-n[a-a] iṭ-tù ha-mu-u[ṭ-tim] ṭa Am-ri-a ù ⌈E⌉-[lá-lí] ki-ma a-wa-at kà-ri-im a-na ší-ib-tim i-lá-ak-/ṭum Šupside down) 1) ma-na KÙ.B. ší-ib-tum pá-ni-tum 5/6 ma-na KÙ.B. gam-ru-um ṭa iṭ-ta-pu-ru-ṭu-ni Šupside down) i-li-bi₄-ṭu-ma,"Seal of Ippilis, seal of AŠṭur-nṣdṣ, son of Amur-il'ssu, seal of LŠ-qēpum, that Elamma and Idnṣya settled accounts in our presence Šwith the following result): 35 shekels of refined silver and 13"" minas of [refined] copper are due by Idnṣya. They become interest-bearing for him at the rate stipulated by the colony from the week-eponymy of Amriya and Elṣlā. 1"" mina of silver, an earlier interest, (and) 5/6 mina of silver, expenses, about which he wrote him repeatedly, he also owes."
120. Kt 91/k 396,"KIŠIB I-dí-A-ṭur DUMU / Ì-lí-dan KIŠIB A-ṭur-SIPA DUMU / I-dí-da KIŠIB E-lá-ma DUMU / I-dí-Sú-in Šupside down) [KIŠIB] Puzur₄-IŠtar DUMU ⌈A⌉-ṭur-ma-lik ṭí-ma-at I-dí-A-/ṭur DUMU Ì-lí-dan be-el₅ ṭí-ma-tí-a a-na ba-áb DINGIR lá ú-ṭé-ru-du ṭa ú-ṭé-ru-du 10 ma-na KÙ.B. i-ṭa-qal n/k 2069, broken names","Seal of Iddin-AŠṭur, son of Ilā-dṣn, seal of AŠṭur-rē’ā, son of Idida, seal of Elamma, son of Iddin-Suen, seal of Puzur-IŠtar, son of AŠṭur-mṣlik. Testament of Iddin-AŠṭur, son of Ilā-dṣn. They shall not lead my testamentary executors down to the Gate of the God. Who does lead them down shall pay 10 minas of silver. of sealers, cannot confirm this identification."
121. Kt 91/k 314,23 5/6 ma-na ú ṭa 3 TÚG 1 ma-na ṣu-Ku-bu-um ⌈1⌉ ma-na 15 GÍN [Hi-na-a i-na-pá-a]l* [x x x x x x] E-la-ma [x x x x] 2 ma-na 10 [GÍN] ṣu-Ku-bu-um i-na-pá-/lam iṭ-tù ni-ip-lá-/tum ṭa Hi-na-a ú ṣu-Ku-bi₄-im ba-at-qá-ni ē ma-na 2 GÍN a-na kà-ri-im a-na-pá-al,5/6 minas and 1 mina for 3 textiles – šu-KŠbum. 1 mina 15 shekels [Hinnšya will b[alance] [............................] Elamma [.............] 2 minas 10 [shekels] šu-KŠbum will balance to me. After the balance payments by Hinnēya and šu-KŠbum have been deducted I will balance 42 shekels to the colony.
122. Kt 91/k 329 (1-186-91),"Hi-na-a qá-sú Hinnēya i-dí ṭa 3 TÚGʾ share. "" ma-na.TA 1 ma-na ṭ mina qá-sú i-dí 5ṣ TÚG.TA 1 10 GÍN.TA 3 TÚG 10 ṭa ik-ri-⌈bi₄⌉-kà textiles 10 GÍN.TA iṭ-ku-nu-nim they submitted ŠU.NIGIN₂ 25 ma-na 15 GÍN KÙ.B. ṭa a-ni-kà-sí-kà na-ad-a-tí-ni as deposit 1 ma-na 15 GÍN 1 ṭa tá-na-pu-lu you have ṭa ni-kà-sí-ṭuʾ (KU) ṭa Hi-na-a account.","has deposited as For 3 textiles omits ṭa apiece he deposited writes 1 ma-na-ma as his share, 5ṣ textiles omits qá-sú and TA apiece, (for) 3 writes TÚG.HI.A of your temple-fund adds ṭa libbi kšrim 10 shekels apiece. 25 minas 15 shekels which you have on your account. and 15 shekels to balance (for) Hinnēya’s"
123. Kt 91/k 447 (1-300-91),"i-na ṭa A-mur-A-ṭur 16 [G]ÍN KÙ.B. ṭa ṭa-du-i-tim ha-bu-lu ŠÀ.BA 12"" / GÍN /15 ŠE Pì-lá-ah-IŠtar il₅-qé 3( GÍN / 15 ŠE E-lá-ma il₅-qé","From what Amur-Aāāur (owes?), 16 shekels of silver, of the ṭaddu’utu-tax, thereof Pilah-Iātar took 12 5/12 shekels, Elamma took 3 7/12 shekels."
124. Kt 91/k 299 (1-156-91),2 TÚG ku-ta-nu 10 GÍN KÙ 4 TÚG lu-bu-ṭ[u] 2 TÚG ra-qá-ta-an 2 TÚG ṭu-lu-up-kà-ú 1 ma-na 9 GÍN KÙ.B. it-bu-lu-ú 24 ma-na AN.NA 1 ( ma-na ⌈7⌉ GÍN / KÙ.B it-ba-[al] 5 TÚG lu-bu-[ṭu 1 TÚG] ra-qú-tum 1 TÚG ku-ta-nu 1 ma-na ⌈KÙ.B.⌉ a-na qá-tí-a )á-hi 4 TÚG ku-ta-nu DIRI-t[um?]* 3 TÚG ṭa *ú-ùh-r[i-im] ṭa A-bu-ṭa-lim iṭ-[ú-mu?] ṭa 48 ma-na KÙ[.B] 2 ma-na KÙ.GI ṭa-du-a-tám A-ṭur-i-mì-tí 16 GÍN KÙ.B. KI A-ṭur-i-/mì-tí 2 ma-na 5 GÍN ⌈Ha-da-ú-ni⌉,"2 kutšnu-textiles (cost) 10 shekels of silver, 4 garments, 2 thin textiles (and) 2 šulupkaean textiles cost 1 mina 9 shekels of silver. 24 minas of tin cost 97 shekels of silver. 5 garments, 1 thin textile (and) 1 kutšnu-textile (for) 1 mina of silver have been booked as my share. 4 kutšnu-textiles of very fine quality, 3 garments for youngsters which Abu-āalim bought. For 48 minas of silver (and) 2 minas of gold the ṭaddu’utu-fee of Aāāur-imitt* < I paid? >. 16 shekels of silver are due from Aāāur-imitt*, 2 minas 5 shekels Šdue from?) Hada’uni."
125. Kt 91/k 417 (1-270-91),"2 GÚ 56ē ma-na AN.NA qá-dum AN.NA qá-tim 15 LÁ 1/4 GÍN.TA 12 ma-na LÁ "" GÍN KÙ.B.-áp-ṭu ṭí-im TÚG.HI.A ù ANŠE.HI.A 2"" ma-na KÙ.B. ŠU.NIGIN 14"" ma-na LÁ "" GÍN / <<KÙ.B.>> KÙ.B. E-lá-ma is-ni-iq-ni-a-/tí","2 talent 56+ minas of tin, including the loose tin, at 14( shekels per Šshekel of silver), its price in silver: 11 minas 59 + shekels; 2ṭ minas of silver, the price of the textiles and the donkeys. In all 14 minas 19+ shekels of silver Elamma weighed out to us."
126. Kt 91/k 328 (1-185-91),a-ṭu-mì ṭa hu-lu-qá-e a-na-ku Ku-ra <ù> ṣu-IŠtar ni-pá-hu-ur-ma iṭ-té-ni-iṭ a-na Pí-lá-ah-IŠtar DUMU Ú-zuʾ-/a a-waʾ-tám ni-da-an IGI Lá-qé-ep IGI E-me-me IGI A-ṭur-i-dí ṭu-ma ib-tù-a-ni-a-tí iṭ-tí-ni i-ra-ba-áṭ,"For the matter of the losses. I, Kura <and> šu-Iātar will come together and together we will address Pilah-Iātar, son of Uzua, with LŠ-q'p, Ememe and Aāāur-id* as witnesses. Should he prevail over us, then he can present his claim together with us."
127. Kt 91/k 451 (1-304-91),"a-na 17 ku-ta-ni ṭa i-na Ba-at-na ha-al-qú-ni 1"" ma-na.TA AN.NA ILLAT-tum ú-ma-lí-/ni-a-tí ṭa la-qá-im Ku-ra il₅-ta-qé "" ma-na KÙ.B. be-ú-lá-tí-ṭu Ku-ra i-na a-lím{ki} il₅-qé ( ma-na KÙ.B. a-na pá-ni-ṭu A-ṭur-ma-lík ú-ṭé-bi₄-il₅ i-na lu-qú-tim ṭa ṭé-ep Kur-ub-IŠtar 2 GÚ AN.NA ú lí-wi-/sú 15 ku-ta-ni ⌈2?⌉ ANŠE.HI.A sa-lá-me [Kur-ub-I]ṭtar ip-qí-dam ⌈ŠÀ.BA⌉ 1 ṭu-uq-lam ip-)ur₄-ma 11 ma-na AN.NA [i]l₅-té-qé","For the 17 kutšnu-textiles that were lost in Batna the caravan paid us a compensation of 1ṭ mina of tin per (person). Kura has successively obtained what he was entitled to. Kura has received ṭ mina of silver, his working capital, in the City, (and) ṣ mina of silver Aāāur-mēlik sent to him en route. Of the merchandise shipped under Kurub-Iātar’s responsibility [Kurub-Iā]tar entrusted to me 2 talents of tin with its wrapping, 15 kutšnu-textiles (and) 2 black donkeys. Of this load he has broken the seals of one packet and has taken 11 minas of silver."
128. Kt 91/k 324 (1-181-91),I-li-a i-na-pá-al 1( GÍN KÙ.B. i-lá-qé ( ma-na 1ē / GÍN Kur-ub-IŠtar i-na-pá-al 5ē GÍN A-ṭùr-lá-ma-sí Šremainder rev. not inscribed),"Iliya will give as compensation, he will get 1ṣ shekel of silver. 31+ shekels Kurub-Iātar will give as compensation, 5+ shekels Aāāur-lamass*."
129. Kt 91/k 326 (1-183-91),96 ku-ta-nu ṭa Ì-lí-a 12 ku-ta-nu ṭa A-ṭur-lá-ma-sí 1 me-at ṭa Kur-ub-IŠtar 1 me-at LÁ 2 ṭa E-lá-ma,"kutšnu-textiles of Iliya, 12 kutanu textiles of Aāāur-lamass*, 100 of Kurub-Iātar, 98 of Elamma."
130. Kt 91/k 449 (1-302-91),i-nu-mì TÚG.HI.A ṭa ṭé-pí-a ni-im-nu 2 TÚG sà-áp-dí-nu(m) É.GAL-lúm il₅-qé 1 ṭu-lu-up-kà-um ú 2 ku-ta-nu ha-al-qú 5 TÚG.HI.A il₅-tab-ṭu 1 me-at 17 ṭu-/ru-tum a-na É.GAL-lim e-ru-bu ŠÀ.BA 2 TÚG qá-a-/tí ṭa Kur-ub-IŠtar 130a. Kt 91/k,"When we counted the textiles shipped under my responsibility the palace took 2 sapdinnu-textiles; 1 šulupkaean-textile and 2 kutšnu-textiles were lost. Five textiles they took for their clothing. 117 dark textiles entered the palace, two of which are the share of Kurub-Iātar. 373 (1-230-93)"
131. Kt 91/k 312 (1-169-91),A-ṭur-ba-ni 11 GÍN iṭ-tí Puzur₄-A-ṭur 9 GÍN KÙ.B. ṭa DAM Ha-ar-ṭa-a a-na A-ṭur-mu-ta-/pì-il₅ ha-bu-la-at-ni me-eh-ra-tim a-dí-ṭu-um a-na *é-er 12 GÍ⌈N 1⌉3 GÍN KÙ.B. a-na A-ṭur-mu-/ta-/pì-il₅,"Aāāur-bēni; 11 shekels due from Puzur-Aāāur; 9 shekels of silver which Harāēya’s wife owes to Aāāur-mštappil, its equivalent I gave to him. In addition to 12 shekels 13 shekels of silver for Aāāur-mštappil."
132. Kt 91/k 318 (1-175-91),Ú-zu-a i-na li-/bi-a Hi-na-a il₅-qé IGI A-ṭur-be-el-a-wa-/tim DUMU ṣu-A-nim IGI En-nam-{d}IŠKUR DUMU Zi-ra um-mì-a-nu-ṭu a-na ṭí-a-ma-/tim ú-ra-ki-sú-/ni,"of Uzua Hinnēya took at my expense. In the presence of Aāāur-b'l-awētim, son of šu-Anum, of Ennam-Adad, son of Zira. His investors had contractually bound me to Šprovide it) for making purchases."
133. Kt 91/k 322,5 GÍN a-na Im-dí-DINGIR ( GÍN a-na GUDU₄ 1/6 GÍN a-na nu-a-ri-im 22( ŠE.GÍN a/-na ŠU.I 22( ŠE./GÍN a-na ṭa-AB-KI-tim*,"5 shekels for Imd*-ilum, ṣ shekel for the priest, 1/6 shekel for the singer, 1/8 shekel for the barber, 1/8 shekel for ............... ."
134. Kt 91/k 338 (1-195-91),3 GÍN KÙ.B. iṭ-tí Eb-lá-i-im ṭa SÍG.HI.A il₅-qé-ú,"3 shekels of silver due from the man from Ebla, who took wool."
135. Kt 91/k 341 (1-198-91),"A-ṭùr-ma-lik i-lá-qé ē ma-na 5/6 GÍN Kàr-wa-a 11 GÍN I*-mì-id-DINGIR ( ma-na 3ē GÍN ṣu-Ku-bu-um 15"" GÍN Bu-zu-ta-a Šremainder not inscribed)","Aāāur-mēlik will take, 40 5/6 shekels Karwaya, 11 shekels I,mid-Ilum, 33+ shekels šu-KŠbum, 15ṭ shekels Buzutēya"
136. Kt 91/k 452 (1-305-91),10 GÍN KÙ.B. a-na I-dí-Sú-/en DUMU En-na-ni-/im a-dí-in Šrev. not inscribed),"shekels of silver I gave to Iddin-Suen, son of Ennēnum."
137. Kt 91/k 464 (1-317-91),i-na 2 m[a-na KÙ.B.] ṭa hu-bu-ul Pu[zur₄-{d}EN.LÍL?] ṭa )up-pí-ṭu ha-[ar-mì-im] ù ( ma-na K[Ù.B.] ṭa a-ha-ma : a-dí-[ṭu-ni] ŠÀ.BA 2( GÚ 4( ⌈ma-na⌉ / URUDU al-qé i-na 1 GÚ 50 ma-na URUDU ù 10 GÍN KÙ.B. ṭa hu-bu-ul Puzur₄-{d}EN.LÍL ŠÀ.BA 1 ma-na KÙ.B. KI ṣa-lím-A-ṭùr DUMU Up-ha-qí-im a*-ba-at Šremainder not inscribed),"Of the 2 mi[nas of silver] that are the debt of Pu[zur-Ellil]?, recorded in his certified tablet, and of the ṣ mina of silver I had given him separately, thereof I obtained 2 talents 34ṣ minas of copper. Of the 1 talent 50 minas of copper and 10 shekels of silver that are the debt of Puzur-Ellil, thereof I seized 1 mina of silver from šallim-Aāāur, son of Uphēqum."
138. Kt 91/k 465 (1-318-92),[x ma]-na 17 GÍN A-ṭur-DÙL [x m]a-na LÁ 1( GÍN En-na-ma-núm [x]+2? ma-na 2 GÍN A-mur-IŠtar 4 5/6 ma-na Ú-zu-ub-iṭ-ku-um 2 5/6 ma-na 7 GÍN A-zu-a 3 ma-na 7 GÍN Ku-ra 3 ma-na i-pá-ni-ú-tim ni-kà-sé Ku-ra 1 ma-na Ma-nu-ki-A-ṭur 6 ma-na 12 GÍN Í-lí-a-lúm 2 5/6 ma-na A-ṭur-ma-lík DUMU Ú-sà-ni-/[im] 2 ma-na 12 GÍN DUMU I-tur₄-DINGIR ⌈x m]a-na Pu-ṭu-ki-⌈in⌉ 1( ma-na ṣ[u-ku-*b]u-um 9 GÍN A-ṭ[ur-i-m]ì-tí [x m]a-na i-n[u-mì] [x x]*-a ú Ku-ra [a-n⌉a* Ba-at-na [i-l]i-ku-ni [n]i-dí-ṭu-nu-tí,"[x] mina(s) 17 shekels Aāāur-,ulšl*, [x] mina(s) minus 1ṣ shekel Ennamēnum, [x]+2 minas 2 shekels Amur-Iātar, 4 5/6 minas Uzubiākum, 2 minas 57 shekels Azua, 3 minas 7 shekels Kura, 3 minas from an earlier settlement of accounts Kura, 1 mina Mannu-k*-Aāāur, 6 minas 12 shekels Il*-ēlum, 2 5/6 minas Aāāur-mēlik, son of Usēnum, 2 minas 12 shekels the son of Itšr-il*, [x] mina(s) PŠāu-k'n, 1ṣ mina šu-KŠbum, 9 shekels Aāāur-imitt* [x] mina(s) when ..........a and Kura went [to] Batna we gave to them."
139. Kt 92/k 150 (1-110-92),5 GÍN KÙ.B. a-na DUMU.MÍ Hi-na-a 10 GÍN a-na DUMU.MÍ A-ṭur-ni-ṭu 3 GÍN a-na DUMU.MÍ I-dí-na-bi-im DUMU Ba-la 1 GÍN a-na Lá-ma-sí ṭa IŠtar-pu-úz-ri ē ma-na KÙ.B. ṭé-bu-ul-ta-ṭa a-na Lá-ma-sí DUMU.MÍ A-ṭur-{d}UTUŠ{i} a-dí-in 5( GÍN a-na Um-mì-IŠ-ha-ra 4 ri-ik-sú ku-nu-ki-a a-na É A-lá-hi-im ù Zi-kur-ì-/lí mì-ma a-nim IGI Da-dí-a áp-qí-id 2 ri-ik-sí ṭa ṣu-Be-lim DUMU A-ṭur-be-el-a- [ -n]a a-ha-ti-ṭu [ wa-tim [ù DUM]U*.MÍ{tí}-ṭ{u} [IG]I A-ta-a áp-qí-idʾ(LI),"5 shekels silver for Hinnēya’s daughter, 10 shekels for Aāāur-niā""’s daughter, 3 shekels for the daughter of Iddin-abum, son of Bala, 1 shekel for Lamass* of Iātar-puzr*, + mina of silver, her consignment, I gave to Lamass*, daughter of Aāāur-āamā*, 5ṣ shekels for Umm*-Iāhara, four packets with my seals for the house of Ali-ahum and Zikur-il* - all this I entrusted Šfor transport) in the presence of Dadiya. Two packets of šu-B'lum, son of Aāāur-b'l-awētim, for his sister and his daughter I entrusted Šfor transport) in the presence of Ataya."
140. Kt 92/k 154 (1-114-92),"[x x x x ] *20+x [x x] TÚG ṭu-ra-am a-na 11 GÍN a-na É kà-ri-im a-dí-i i-na 2 ma-na 10 GÍN KÙ.B. ṭa i-n[a] ni-kà-sé a-na E-lá-ma i-na-pu-lu-ni-[im] ŠÀ.BA 1"" ma-na 3 GÍN KÙ.B. al-qé ṭí-tí KÙ.B. ē ma-na 7 GÍN KI A-ṭùr-ma-lik Ì-lí-a-lim ù La-qé-ep a-lá-qé 2 ma-na 14 GÍN KÙ.B. i-na ṭa [A-ṭu]r-be-el-a-wa-tim i-na [ x x x x x x x x x x x] x* (lacuna) [x x x x x x x ] x-ma *x [ x x ]","................ one dark colored textile I deposited for 11 shekels at the colonial office. Of the 2 minas 10 shekels of silver that one will balance to Elamma at the accounting, 1 mina 23 shekels thereof I took; the rest of the silver, 47 shekels, I will collect from Aāāur-mēlik, Il*-ēlum and LŠ-q'p. 2 minas 14 shekels of silver from what belongs to Aāāur-b'l-awētim, from/in [.....]"
141. Kt 91/k 339 (1-196-91),"1 ma-na 2 GÍN AN.NA ṣu-Ku-bu-um ih-bu-lam ta-ah-sí-is-tum ⌈a⌉-ni-tum waʾ(AH)-ar-ki-at C. Lists of bread, of bread 142. Kt 92k 1 me-at NINDA A-mur-IŠtar 1 me-at NINDA A-ṭur-mì-tì 1 me-at NINDA Tù-pì-zi 1 me-at NINDA ṣu-Ku-bu-um 50 NINDA A-lá-hu-um 50 NINDA En-na-be-lí 1 me-at NINDA A-ṭur-i-mì-tí / [ DUMU A-ta-a 1 me-at NINDA Puzur₄-{d}A-ṭùr 50 NINDA ṣál-ma-A-ṭùr 50 NINDA Im-dí-DINGIR 50 NINDA DUMU Ha-lá-bi₄-im 50 NINDA Bu-zu-zu-um 50 NINDA Lá-qé-ep 1 me-at NINDA Kur-ub-IŠtar 1 me-at NINDA A-ṭur-ma-lik 50 NINDA A-ṭùr-*ú-lu-li 50 NINDA A-ni-num 50 NINDA A-ṭur-SIPAD 1 me-at NINDA A-ṭur-na-da 50 NINDA En-nam-A-ṭur DUMU a-hi-a","For 1 mina 2 shekels of tin šu-KŠbum became indebted to me. This memo is a later one. beer and silver 146 (1-106-92) 100 breads Amur-Iātar 100 breads Aāāur-imitt* 100 breads Tupizi 100 breads šu-KŠbum 50 breads Ali-ahum 50 breads Ennam-b'l* 100 breads Aāāur-imitt*, [ son of Ataya 100 breads Puzur-Aāāur 50 breads šallim-Aāāur 50 breads Imd*-ilum 50 breads the son of Hali-abum 50 breads Buzuzum 50 breads La-q'p 100 breads Kurub-Iātar 100 breads Aāāur-mēlik 50 breads Aāāur-,ulšl* 50 breads An*num 50 breads Aāāur-r'’* 100 breads Aāāur-nēdē 50 breads Ennam-Aāāur, son of my brother"
143. Kt 92/k 99 (1-61-92),1 ki-ru-um A-hu-ni 1 ki-ru-um ù zi-KI-KU-um ṣu-Anim 1 ki-ru-um ṣu-sà-a 1 ki-ru-um I-dí-a-bi-im 1 ki-ru-um +a-he-er-ì-lí 1 ki-ru-um ṭa a-ma-at Ah-ṭa-lim 1 ki-ru-um En-na-nim 1 ki-ru-um DINGIR-áṭ-ra-ni 1 ki-ru-um Ì-lí-ba-ni 1 ki-ru-um A-mur-{d}UTU 1 ki-ru-um Kà-sà-a 1 ki-ru-um LUGAL-{d}/UTU* 1 ki-ru-um Zu-x* 1 ki-ru-um A-hu-wa-/qar 1 ki-ru-um Pí-lá-ah-/IŠtar (2ṣ cm not inscribed),"1 jar Ahuni 1 jar and a .......... šu-Anum, 1 jar šusēya. 1 jar Iddin-abum, 1 jar -aher-il*, 1 jar of the maid of Ah-āalim, 1 jar Ennēnum, 1 jar Il*-aāranni 1 jar Il*-bēni, 1 jar Amur-šamaā, 1 jar Kasēya, 1 jar šarrum-šamaā?, 1 jar Zu........ 1 jar Ahu-waqar, 1 jar Pilah-Iātar"
144. Kt 92/k 106 (1-68-92),1 GÍN Sú-sà-a 1( GÍN {d}IŠKUR-ELLAT 2 GÍN En-na-ni-a 2 GÍN A-ṭur-{d}UTUŠ{i} 1 GÍN En-um-A-ṭur DUMU A-ṭur-UTUŠ{i} 2 GÍN Puzur₄-{d}IŠKUR 1 GÍN Puzur₄-IŠtar 1 GÍN Ú-*ú-ur-ṭa-A-/ṭur 1 GÍN Ma-nu-ki-A-ṭur ē GÍN A-mur-ZU 1 GÍN ṣu-A-num 1( GÍN Ku-uṭ?-mu-um 1 GÍN {d}IŠKUR-ba-ni 1 GÍN ṣál-ma-A-ṭur 1 GÍN En-nam-A-ṭur DUMU Sú-in-na-da 1 GÍN DÙG-A-ṭur 1 GÍN DUMU Sú-e-taʾ-/ta,"1 shekel Susēya 1ṣ shekel Adad-ellat 2 shekels Ennēniya 2 shekels Aāāur-āamā* 1 shekel Ennam-Aāāur, son of Aāāur-āamā* 2 shekels Puzur-Adad 1 shekel Puzur-Iātar 1 shekel U,ur-āa-Aāāur 1 shekel Mannu-k*-Aāāur + shekel Amur-Suen 1 shekel šu-Anum 1ṣ shekel Kuāmum 1 shekel Adad-bēni 1 shekel šallim-Aāāur 1 shekel Ennam-Aāāur, son of Suen-nēdē 1 shekel /ēb-Aāāur 1 shekel the son of Suettata."
145. Kt 91/k 424,[x]* ⌈ma⌉-na ší-kam ig-ri ša bi₄-il₅-/tim [a]-dí ša-lá-du-a-ar a-dí-in 20 ma-na ší-kam i-na ša-lá-du-a-/ar ú-ša-qí-il₅ 3 ma-na a-É ub-ri a-dí-in 10 ma-na URUDU a-na ša bi₄-lá-tim a-dí-in 7 ma-na URUDU a-Tár-ku-a a-dí-in 3 ma-na URUDU a-dí Bu-ru-uš-ha-tim ag-mur 3 GÍN KÙ.B. i-na Bu-ru-uš-ha-tim a-na kà-ri-/im ša-du-a-tám a-dí-i 3 ma-na / [URUD]U a-gám-ri-im a-dí UŠ-bu-ga-[ti]m?* 3 GÍN KÙ.B. a-É ub-ri ⌈i-na⌉ Bu-ru-uš-ha-tim a-dí-in 1ṣ ma-na URUDU iš-tù Pu-<ru>-uš-/ a-dí ša-lá-du-a-ar ik-šu-dí [ ha-tim 10 ma-na URUDU a-dí i-ša-lá-/du-a-ar úē-a-ni ga-me-er [x] ma-na URUDU i-na-áb-ri-tim [i-n]a Wa-ah-šu-ša-na lu É ub-/ri ga-me-er : 1ṣ ma-na URUDU a-dí Tuh{x}(TUR₄)*-pì-a ik-šu-dí 3 ma-na a-dí Dur₄-hu-mì-it ik-šu-dí [URUDU iš-tù Dur₄-hu-mì-it a-dí Kà-ni-iš{ki} 5 ma-na SIG₅ ik-šu-da-ni 3 ma-na URUDU [a-d]í Wa-ah-šu-ša-na ag-mur [š]a 4 GÍN KÙ.B. sà-he-er-tám [al-q]é-ma ga-me-er,"I gave [ x] minas of šikku-copper as wage of a porter until šaladuwar, 20 minas of šikku-copper I paid in šaladuwar, 3 minas I gave to the inn, 10 minas of copper I gave to porters, 7 minas of copper I gave to Tarkua, 3 minas of copper I spent until Burušhattum, 3 shekels of silver in Burušhattum I deposited for the kṭrum as šaddu’utu-tax, 3 minas of copper for expenses until UŠbugattum, 3 shekels of silver I paid to the inn in Burušhattum, 1ṭ mina of copper from Burušhattum until šaladuwar I incurred Šas expenses), 10 minas of copper were spent until I left šaladuwar, [x] minas of copper were spent when Šthe donkeys) were stabled in Wahšušana and at the inn, 1ṭ mina of copper I incurred until Tuhpiya, 3 minas of copper I incurred until Durhumit. from Durhumit until Kanesh I incurred expenses of 5 minas of refined (copper), I spent 3 minas of copper until Wahšušana, I acquired and spent small wares for a value of 4 shekels of silver."
146. Kt 91/k 437 (1-290-91),a-É wa-áb-ri a-dí-in [ tim 6 GÍN AN.NA i-na pá-'í ša Ha-na-ak-na-ak a-šar *ni-IS-GA-/ru a-na É ub-ri a-dí-in 3 GÍN AN.NA i-na Ha-ni-ga wa-ēa-i-ni a-na É ub-ri a-dí-in 3 GÍN AN.NA i-na Wa-zi-da a-na É ub-ri a-dí-in 6 GÍN AN.NA a-na ni-is-ha-tim ša TÚG.HI.A i-na Ha-na-ak-na-ak a-dí-in 14 GÍN KÙ.BABBAR ší-im < > áš-qúl 3 GÍN AN.NA iš-tù Ha-na-ak-na-ak i-<wa>-sà-i-a a-na É ub-ri-⌈ni⌉ a-dí hu-lu-qá-e ni-iš-e-ú a-dí-in 3 GÍN AN.<NA> i-na a-al Ku-pí-il₅-ša-an a-dí-in 1ṣ GÍN AN.NA i-na Ta-pá-ga-áš a-kà-ší-im a-dí-in hi-dam AN.NA a-na a-lá-hi-nim ša Ta-e-dí-zi-na a-dí-in ṣ ma-na URUDU a-né-bar-tim i-ša Dur4-hu-mì-it a-dí-in 3 ma-na URUDU SIG₅ ni-is-ha-/tim i-na Dur₄-hu-mì-it a-kà-/ší-im a-dí-in 5 ma-na URUDU SIG₅ i-nu-mì a-na Wa-ah-šu-ša-na ⌈ur⌉-ki TÚG.HI.A i-li-ku a-qá-tí Ì-lí-úē-ra-ni a-dí-in 10 ma-na URUDU ší-kam lu a-É ub-ri lu gám-ri i-na Wa-ah-šu-ša-na,"Buēnātum I gave to the inn; 6 shekels of tin in the area of Hanaknak, where we ........, I gave to the inn; 3 shekels of tin, when we left Hanigga, I gave to the inn. 3 shekels of tin I gave in Wazida to the inn. 6 shekels of tin I gave in Hanaknak as import-tax on the textiles 14 shekels of silver as price < of ...... > I paid. 3 shekels of tin, when I left Hanaknak I gave to our inn, while we searched for goods lost; 3 shekels of tin I gave in the town of Kupilšan; 1ṭ shekel of tin I gave in Tapaggaš to the chief; A hiddu-bead of tin I gave to the steward of Ta’edizina; ṭ mina of copper I gave for the crossing in the area of Durhumit; 3 minas of refined copper, import-tax, in Durhumit I gave to the chief; 5 minas of refined copper I put at the disposal of Il'-u(ranni, when he went to Wahšušana in pursuit of my textiles; 10 minas of šikku-copper for the inn and expenses in Wahšušana."
147. Kt 92/k 3 (1-53-92),1 GÍN KÙ.B. i-na Hu-ra-ma a-na É ub-ri a-dí-in 12 GÍN pá-zu-ur-tí TÚG.HI.A i-na Lu-hu-sà-dí-a a-na I-ku-pí-a DUMU Da-a-a a-dí-in 3 GÍN AN.NA [a-ANŠ]E*.HI.A wa-bar-šu * ⌈x?⌉ [a/i-na x x x] a-dí-in [x GÍN AN.NA] ⌈i⌉-tí-tù-ri-im [x GÍN AN].NA a-na É [wa]-áb-ri i-na ša-mu-ha a-dí-in 1ṣ GÍN KÙ.B. a-na ig-ri ša bi4-/il5-tim a-dí ša-mu-ha a-dí-in 3 GÍN AN.NA i-na Ha-tí-kà-it-ra* a-dí-in 1ṣ GÍN AN.NA i-na Ku-tí-a a-ha-za-nim / a-dí-in 12 GÍN AN.NA i-na Kà-ra-ah-na a-na GAL sí-ki-/tim a-dí-in iš-tù Kà-ra-/ah-na a-dí Ku-bu-ur-na-<at> 3 GÍN KÙ.B. ša bi4-lá-tim ik-šu-ud 6 GÍN KÙ.B. ni-is-ha-tim a-ZU-LI*-[x (x)] a-dí-in : 2 GÍN AN.NA a-na É [ub-ri] dí-in,"One shekel of silver in Hurama I gave to the inn; 12 shekels Šthe cost) of smuggling textiles I gave in Luhuzaddiya to Ikuppiya, son of Dāya; 3 shekels of tin [for the donk]eys (and) his lodging .... I gave [to/in ..........]; [x shekels of tin] at the bridge; [x shekels of t]in I gave to the inn in šamuha; I gave 1ṭ shekel of silver as wages of a porter until šamuha; 3 shekels of tin I gave in Hatika’itra; 1ṭ shekel of tin I gave in Kutiya to the mayor; 12 shekels of tin I gave in Karahna to the commander. From Karahna until Kuburnat the costs of porters amounted to 3 shekels of silver; 6 shekels of silver import-tax to/for .......... I gave; 2 shekels of tin I paid for the inn."
148. Kt 92/k 111 (1-73-92),iš-tù Wa-ah-šu-ša-na a-dí Kà-né-eš da-tum 1* GÍN KÙ.B. ik-šu-dí 1 GÍN a-na kà-ší-im i-na Kà-né-eš áb-ri-ma 10 GÍN KÙ.B. a-ku-ul 1 GÍN KÙ.B. a-na É wa-áb-ri i-na Hu-ru-ma 1 GÍN KÙ.B. i-na Tí-mì-il₅-ki-a a-na É wa-áb-ri 2 GÍN KÙ.B. i-na Ha-hi-im a-na É wa-áb-ri 1 GÍN KÙ.B. i-na Bu-ru-lim a-na É wa-áb-ri 10 GÍN KÙ.B. iš-tù Kà-né-eš a-di a-lim{ki} a-na ú-ku-ul-tí-a ag-mu-ur,"From Wahšušana until Kaneš the road-tax amounted for me to 1) shekel of silver. 1 shekel Šof silver) for the official. (Since) I passed some time in Kanesh, I consumed 10 shekels of silver. 1 shekel of silver for the inn in Hurama; 1 shekel of silver in Timilkiya for the inn; 2 shekels of silver in Hahhum for the inn; 1 shekel of silver in Burullum for the inn; 10 shekels of silver from Kanesh until the City I spent on my food."
149. Kt 92/k 103 (1-65-92),5 ma-na hu-ša-e i-na kà-ēí-im a-na ta-ší-a-tim iš-tù Qá-'á-ra a-dí Ha-mì-za-nim * ma-na AN.NA a-ta-ší-a-tim ANŠE uš-pá-il₅-ma 1 ma-na 15 GÍN AN.NA a-pu-ul iš-tù Bu-ra-li-/im a-dí Bi-ir-tù-im 17 GÍN AN.NA a-na ta-ší-a-tim 7 GÍN AN.NA iš-tù a-al Kà-ni-ší-e a-dí Tí-mì-il₅-ki-/a a-na ig-re e-re-qí-/im iš-tù Tí-mì-il-ki-a a-dí Hu-ur-ma a-na ig-/re ANŠE 2 GÍN KÙ 2 GÍN AN.NA áš-qúl iš-tù Hu-ra-<ma> a-dí – Mardaman - ...... – Habura – Burallum; until Burallum Burallum until,"5 minas of scrap (copper) in the steppe for transport. From Qaēēarā until Hamizānum ) mina of tin for transport. I replaced a donkey and had to balance 1 mina and 15 shekels of tin. From Burallum until Birtu’um 17 shekels of tin for transport. 7 shekels of tin from the Town of the Kaneshites until Timilkiya as hire for a wagon. From Timilkiya until Hur(a)ma as hire of a donkey I paid 2 shekels of silver (and) 2 shekels of tin. From Hura<ma> until in VS 26, 43:10’f. expenses of a caravan calculated from Kanesh. Kt n/k 931 (AMMY 1992, 61f., no. 10):2ff."
150. Kt 92/k 107 (1-69-92),"8 GÚ 16ṣ GÍN / AN.NA a-wi-it I-dí-Sú-in ŠÀ.BA 41 ma-na 15 GÍN / AN.NA qá-dì ša ú-ku-ul-tim 2 GÍN KÙ.B. ù 2 GÍN AN.NA iš-tù Tí-mì-il₅-ki-a ANŠE i-mì-hi-iē-ma áš-qúl 6 GÍN AN.NA iš-tù Hu-ra-ma a-dí Kà-ni-iš áš-qúl 4 LÁ + GÍN KÙ.B. a-na tí-ib-nim i-na Kà-ni-eš áš-qúl mì-ma a-nim a-šu-mì I-dí-Sú-in [á]š-qúl ŠÀ.BA 34ṣ ma-na AN.NA a-qá-tí-a i-dí-nu-nim 3, ma-na 7 GÍN.TA bi-il₅-tám ik-šu-dam","8 talents 16ṭ shekels of tin the declared value of Iddin-Suen(‘s merchandise). Thereof: 41 minas 15 shekels of tin, including expenses for fodder. 2 shekels of silver and 2 shekels of tin I paid from Timilkiya because a donkey suffered a stroke. 6 shekels of tin I paid from Hurama until Kanesh. 3+ shekels of silver I paid in Kanesh for straw. All this I paid in the name of Iddin-Suen, to be deducted from? 34ṭ minas of tin they had given me for expenses, which amounted to 3 minas 47 shekels per talent."
151. Kt 92/k 108 (1-70-92),4 GÚ 58 ma-na a-wi-it : šu-IŠtar 24 ma-na 10 GÍN qá-dum ú-ku-ul-tim ú-ša-qí-il₅ 6ṣ GÍN iš-tù a-al Kà-ni-ší-i a-di Tí-mì-il₅-ki-a 2 GÍN KÙ.B. ù 2 GÍN AN.NA ig-re ANŠE iš-tù Tí-mì-il₅-ki-a : a-dí Hu-ra-ma áš-qúl 4ṣ GÍN KÙ.B. ù 4ṣ GÍN AN.NA ig-re ANŠE ù sá-ri-dí-im iš-tù Hu-ra-ma : a-dí Kà-ni-iš : áš-qúl mì-ma : a-nim a-šu-mì : šu-IŠtar ú-ša-qí-il₅,"4 talents 58 minas Šof tin) the declared value of šu-IŠtar(‘s shipment), 24 minas 10 shekels Šof tin), including the fodder, I paid. 6ṭ shekels Šof tin) from the Town of the Kaneshites until Timilkiya. 2 shekels of silver and 2 shekels of tin the hire of a donkey from Timilkiya until Hurama I paid. 4ṭ shekels of silver and 4ṭ shekels of tin the hire of a donkey and a donkey-driver from Hurama until Kanesh I paid. All this I paid for the sake of šu-IŠtar."
152. Kt 91/k 345 (1-202-91),"1 ku-ta-num 2 šu-re-/en₆ ša šu-Ku-bi-im a-na , ma-na KÙ.B. i-Bu-ru-uš-ha-tim ta-ad-nu ŠÀ.BA ša 25 ma-na URUDU KÙ-áp-/šu a-šu-mì šu-Ku-bi₄-im ú-ēa-hi-ru ša 15 ma-na URUDU a-šu-mì-a ú-ēa-hi-ru ší-tí KÙ.B.-pì-šu 14 GÍN ŠÀ.BA 10 GÍN KÙ.B. i-na Kà-/ni-iš ša-lim-A-šùr i-dí-[in] 4 GÍN KÙ.B. a-na-ku a-na-pá-al ŠÀ.BA ṣ ma-na LÁ 2 GÍN ⌈KÙ.B.⌉ té-pu-ul-šum 2 GÍN KÙ i-Tù-me-li-/a a-dí-šum 1, GÍN KÙ.B. ú-kúl-tí ANŠE ù da-a-sú ša a-dí Wa-ah-šu-ša-na 3 GÍN KÙ.B. ša 30 TÚG.HI.A iš-tù Ú-lá-ma a-dí Bu-ru-uš-ha-/tim ù É wa-áb-ri","1 kutṭnu-textile (and) 2 dark textiles belonging to šu-K*bum have been sold in Burušhattum for , mina of silver. From it they deducted the silver equivalent of 25 minas of copper for šu-K*bum’s account and that of 15 minas of copper for my account. The rest of his silver is 14 shekels. Thereof: 10 shekels of silver šalim-ahum gave in Kanesh (and) I myself will pay 4 shekels of silver. Of this amount you paid him 28 shekels of silver, 2 shekels of silver I gave him in Tumeliya. 1, shekel of silver fodder for the donkey and road-tax for it until Wahšušana, 3 shekels of silver (expenses) for 30 textiles (transported) from Ulama until Burušhattum and (for) the cost of the inn."
153. Kt 91/k 364 (1-221-91),"1, GÍN ša da-at 5 ni-a-tí * GÍN a-na NINDA i-na Ta-wi-ni-a 2 ma-na URUDU i-na pá-'í ša Tí-iš-mur-na ik-lu-ú-ni-ma a-dí-in * GÍN 15 ŠE KÙ.B. ša 1 UDU ša a-na mu-ēí : ni-il₅-qé-ú a-na Lá-dí-a áš-qúl 1 ma-na URUDU SIG₅ 10 GÍN AN.NA a-qá-tí ēú-ha-ri-ša 1 GÍN KÙ.B. sà-he-er-tám a-dí-šu-nu-tí 1 GÍN KÙ.B. a-na Ì.GIŠ * GÍN ú-ku-ul-tí ANŠE","1, shekel for the road-tax of the five of us, ) shekel for bread in Tawiniya. I gave 2 minas of copper in the territory of Tišmurna where they held (us) back. 5/12 shekel of silver for one sheep that we acquired for the m)ēiu-official I paid to Ladiya; 1 mina of refined silver (and) 10 shekels of tin into the hands of her servant. For a value of 1 shekel of silver I gave them sundries. 1 shekel of silver for oil ) shekel fodder for the donkey."
154. Kt 91/k 374 (1-231-91),20 ma-na URUDU SIG₅ i-ší-im Ku-uk-ra i-ri-ih-ma i-ṣé-er {d}UTU-a-bi Lá-ma-sà-tum tí-šu iš-tù ha-mu-uš-tim ša E-na-ah-DINGIR a-na 10 ha-am-ša-tim i-ša-qal šu-ma lá iš-qú-ul Ku-uk-ra am-tum am-tí : ITU.KAM té-i-na-tim li-mu-um ēu-Sú-in DUMU Ba-bi₄-lim IGI A-šur-ni-im-ri IGI Be-lá-nim IGI A-mur-A-šur,"minas of refined copper that remained from the price for Kukra are owed by Šamaṭ-abš to Lamassutum. From the week eponymy of )nah-ilš within 10 weeks he will pay. If he does not pay the slave-girl Kukra is my slave-girl. Month X, year eponymy of Šu-Suen, son of Babbilum. Witnessed by AŠṭur-nimrš, by Bālšnum, by Amur-AŠṭur."
155. Kt 91/k 391 (1-245-91)ʾ,KI(IB Lá-ba-na-da DUMU [I-d]í-Sú-in,"Seal of Labšn-nšdš, son of Iddin-Suen,"
156. Kt 91/k 410 (1-263-91)ʾ,"am-tám : Ku-uk-ra ša {d}UTU-a-bi DUMU Zu-za-nim [ iš-tí ṣú-ha-ri-im ša Ha-da-i-kur a-lá-hi-nim ēa-lim-A-šur DUMU Ip-hu-ri-im iš-a-am ha-ma-am ma-ah-ri-ni i⌈b-t⌉ù-uq Šend obv, lo.e. beginning of rev., ca 5-6 lines, missing) [a-na a]-wa-[tim] [a-ni]-a-tim kà-ru-um Dur₄-hu-m[ì-it] i-dí-ni-a-tí-ma IGI GÍR ša A-šur <<ša A-šur>> ší-bu-tí-ni ni-dí-in IGI Lá-ba-lá-da DUMU I-dí-Sú-en₆ IGI Na-áb-Sú-en₆ DUMU ēu-Be-lim IGI I-dí-IŠtar DUMU I-dí-a-bi₄-im IGI Puzur₄-IŠtar DUMU Dan-A-šur","The slave-girl Kukra, which Šamaṭ-abš, son of Zuzšnum, <had acquired?> from the boy of Hada’ikur, the alahhinnum,? Šallim-AŠṭur, son of Iphurum, has bought. He cut off the stalk in our presence. For these words the Durhumit colony gave us and before AŠṭur’s dagger we gave our testimony. In the presence of Labšn-nšdš, son of Iddin-Suen, of Nabi-Suen, son of Šu-Bālum, of Iddin-IŠtar, son of Iddin-abum, of Puzur-IŠtar, son of DŠn-AŠṭur."
157. Kt 91/k 286 (1-143-91)ʾ,KI(IB Du-šu-ba KI(IB ēu-ni-il₅-ga KI(IB ēí-li-ú-ma-an KI(IB Tal-ha-ma,"Seal of Duṭuba, seal of Šunilga, seal of Šiliuman, seal of Talhama,"
158. Kt 92/k 162 (91-122-93)ʾ,[KI](IB A-šur-{d}UTUŠ{i} DUMU ēu-IŠtar [KI(I]B A-šur-lá-ma-sí [KI(IB Da]n-A-šur DUMU Ku-sú-sà- [x] ma-na KÙ ṣa-ru-pá-am [ri-im i-ṣé-er A-šur-lá-ma-/sí L[a m]a-sà-[tu]m tí-šu iš-tù ha-mu-uš-tim [š]a Kur-ub-IŠtar ù Ì-lí-iš-ta-kál a-na ⌈4⌉ ITI.KAM i-ša-qal šu-ma lá iš-qúl ki-ma a-wa-at kà-ri-im ṣí-ib-tám ú-ṣa-áb,"Seal of AŠṭur-ṭamṭ"", son of Šu-IŠtar, seal of AŠṭur-lamassš, seal of DŠn-AŠṭur, son of Kususšrum. [x] mina of refined silver AŠṭur-lamassš owes to Lamassutum. From the week of Kurub-IŠtar and Iliṭ-tikal he will pay in 4 months. If he does not pay, he will add interest in accordance with the regulation of the colony."
159. Kt 91/k 388 (1-242-91)ʾ,"KI(IB A-šur-dan DUMU I-ku-pì-a KI(IB I-dí-A-bi₄-im DUMU I-tur₄-DINGIR KI(IB A-šur-ták-lá-ku DUMU Hu-/li-a 30 <ma-na> SÍG.HI.A na-ar-ba-tim ⌈x x x x⌉*- tim ša-kà-ki-iš i-ṣé-er A-šur-ták-lá-ku DUMU Hu-li-a [L]á-ma-sà-tum tí-šu iš-tù Ha-qá a-na ITU.2.KAM ù-šé-ba-lam šu-ma lá ú-uš-té-bi₄-lam-/ma <a>?-⌈É⌉* A-lim{ki} i-ta-lá-/ak i-na tù-wa-ri-šu 1 GÚ SÍG.HI.A na-ar-b[a]-/tim ša-kà-ki-iš i-ša-/qal ITU.1.KAM ku-zal-lu li-mu-um A-šur-na-da DUMU Puzur₄-/A-na {d}EN.ZU- ma-gi?-[ir?] (I am grateful Several OB seals invocation of Collon, Catalogue of Western Asiatic (London 1986), index , often writing ZI.AN.NA . Some add pure staffš, ibidem nos. 52, 191 Archives familiales ... [1980], 248)","Seal of AŠṭur-dšn, son of Ikēn-pšya, seal of Iddin-abum, son of Itēr-ilš, seal of AŠṭur-taklšku, son of Huliya. 30 <minas> of soft, ........... wool for making the weft AŠṭur-taklšku, son of Huliya, owes to Lamassutum. He will send it from Haqa within two months. If he has not sent it and has departed for? the City Hall he will weigh out on his return one talent of soft wool for making the weft. Month XI, eponymy of AŠṭur-nšdš, son of Puzur-Anna T.J.H. Krispijn for help in reading the inscription). Ninṭubur, the vizier of Inanna, are known, see D. Seals in the British Museum, Cylinder Seals III SUKKAL AN.NA or SUKKAL {d}INANNA, but as does our seal, {gi}ŠGIDRI KÙ.(U.DU₇, šholding a 242; also Tell Sifr 62a, seal 9 Šsee D. Charpin, L. Speleers, Catalogue... [1917], p. 177 no. 701."
160. Kt 91/k 376 (1-233-91),[i-ṣé-er?] be-ú-lá-tí-/šu [pá-ni-t]im [ša] Lá-ma-ša [a]-na Am-ri-a i-dí-nu a-ha-ma 10 GÍN KÙ.B La-ma-sú-tum a-na Am-ri-a a-be-a-lim ta-dí-in Am-ri-a iš-tí KÙ.B uk-ta-al [šu]-ma a-e-ma [ú]-da-pì-ir [x x GÍ]N? ú-ma-lá [IGI x x ]-A-šùr [IGI x x ]-{d}IM,"[In addition to] his [previous?] working capital, [which] Lamaṭa had given to Amriya, separately Lamassutum gave 10 shekels of silver to Amriya to dispose of. Amriya is being held with the silver. If he goes away somewhere else he shall compensate [x] shekels. In the presence of [.....]-AŠṭur, of [........]-Adad."
161. Kt 91/k 515 (1-368-91)ʾ,"debt-note, damaged envelope",(A) and the complete tablet inside it (B) are
162. Kt 92/k 149 (1-109-92),13 GÍN KÙ.B. ṣa-ru-pá-am i-ṣé-er Ili₅-ba-ni DUMU A-šur-UTUʾ{i} Lá-ma-sà-tum : tí-šu iš-tù : ha-muš-tim ša I-tur₄-DINGIR ITI.1.KAM ša sà-ra-tim li-mu-um ša qá-té A-šùr-i-mì-tí ma-lá-hi-/im a-na 5 ha-am-ša-tim [i-š]a-qal [šu-m]a lá iš-qúl [a-n]a 1 ma-na-im 1' GÍN.TA <<i-na>> i-na ITI.1.KAM-im ṣí-ib-tám ú-ṣa-áb IGI A-šur-be-el-a-wa-/tim DUMU I-dí-Da-gán IGI A-šùr-e-mu-qí DUMU Ku-zi-zi-a,"shekels of refined silver Ilš-bšni, son of AŠṭur-ṭamṭ"", owes to Lamassutum. Reckoned from the week-eponymy of Itēr-ilš, month II, year-eponymy of the successor of AŠṭur-imttš, the boatman, within 5 weeks he will pay. If he does not pay he will add per mina, per month 1+ shekel as interest. In the presence of AŠṭur-bāl-awštim, son of Iddin-Dagan, of AŠṭur-emēqš, son of Kuziziya."
163. Kt 91/k 468 (1-321-91) !,a-na La-[ma-sà/sí-tim.........] ⌈KI(IB ...........................] mì-⌈x ] ⌈x me-eh-r⌉[i x x] ša [ta]-áš-pu-ri-ni Šremainder obv. missing) (3.5 cm un-inscribed),To La[massutum] se]al of ...............] ......... the duplicates? that you sent .......
164. Kt 91/k 421 (1-279-91),3 kà-sá-tum ù tù-dí-na-/tum šu-qú-ul-ta-áš-na 1 ma-na KÙ.B. ku-nu-ku-a a-ha-ma * ma-na 6ʾ GÍN KÙ.B. ku-nu-ku-a-ma ik-ri-bu ša E-lá-ma 2 āup-pu-ú ša 2 ma-na 15 GÍN KÙ.B. ša hu-bu-ul nu-a-im 1 āup-pu-/um ša 1' ma-na KÙ.B. ša hu-bu-ul Na-ni-a 1 āup-pu-um ša 1 ma-na 6 GÍN KÙ.B. ša hu-bu-ul Bur-Sú-en₆ 1 āup-pu-um ša * ma-na 4 GÍN KÙ.B. ša hu-bu-ul Ili₅-tap-pá 1 ma-na KÙ.B. a-na Ir-ma-A-/šùr a-na ší-a-ma-tim a-dí-in 1 ma-na KÙ.B. a-na Ah-ša-lim a-na ší-a-ma-tim a-dí-in 9 TÚG pí-ri-kà-ni ù 1 TÚG /a-bar-ni-am a-na Pí-lá-ah-IŠtar a-na ší-a-ma-tim a-díʾ-inʾ 5 ÌR-du ù 5 a-ma-tum (À.BA 1 am-tum I-a-an-tal-/ga ša Ì-lí-na DUMU.SAL A-šur-DÙG mì-ma a-nim Lá-ma-sà-tum DAM E-lá-ma té-zi-ib : IŠtar-pá-li-il₅ En-na-Sú-in ù Ma-ṣí-ì-lí ša ki-ma Lá-ma-sà-tim a-na DUMU um-mì-a-nim ù ma-ri-ša i-pá-qí-du-ma a-na a-lim{ki} ú-bu-lu-ú-ma a-ma-lá ší-ma-tí-šu-nu me-er-i-tí : NIN.DINGIR ù ma-ru-ú-a e-pu-š[u],"3 cups and toggle pins, their weight in silver 1 mina, under my seals; separately 26ʾ shekels of silver also under my seals, ikrib( of Elamma; 2 tablets of 2 minas 15 shekels of silver, being the debt of the Anatolian; 1 tablet of 1+ mina of silver, being the debt of Naniya; 1 tablet of 1 mina and 6 shekels of silver, being the debt of BŠr-Suen; 1 tablet of 24 shekels of silver being the debt of Ilš-tappš; 1 mina of silver (that) I gave to Ir’am-AŠṭur for making purchases; 1 mina of silver (that) I gave to Ah-ṭalim for making purchases. 9 pirikannu-textiles and 1 Abarnian one, (which) I gave to Pilah-IŠtar for making purchases; 5 slaves and 5 slave-girls, of whom 1 slave-girl, named Iyantalga, is for Ilina, daughter of AŠṭur--šb. All this, Lamassutum, the wife of Elamma, left behind. IŠtar-pšlil, Ennam-Suen and Ma'i-ilš, Lamassutum’s representative(s), will entrust it to an affiliated trader and to her sons and they will bring it to the City and (there) my daughter, the ugbabtu- priestess, and my sons will act in accordance with the testamentary dispositions applying to them."
165. Kt 91/k 508 (1-361-91)ʾ,a-na Pí-lá-ah-IŠtar qí-bi₄-m[a] um-ma Um-mì-IŠ-ha-ra-ma a-šu-mì li-ba-kà lamʾ(NAM)-nu-ma tù-šú-ú-ni ša KÙ.B. 10 GÍN i-na,"Say to Pilah-IŠtar, thus Ummṣ-IŠhara: ŠAs for the fact that you left in anger (and) that I did not even have 10 shekels"
166. Kt 91/k 368 (1-223-91)ʾ,um-ma Bé-lá-num ù Lá-ma-sà-/tum-ma a-na {d}UTU-ba-ni ù Pì-lá-ah-IŠtar qí-bi-ma 26 TÚG.HI.A ša Šu-Sú-in DUMU Ì-lí-a i-na 5 na-ru-qá-/tim dar-ku ku-nu-ku ša En-um-A-šur DUMU E-lá-ma a-ha-ma 1 TÚG ku-sí-tum ša Ú-šur-ša-A-šur urʾ(IS)-kà-num kà-an-kà-<at>-ma : e-lá-nu-ma i-ba-ší ŠU.NIGIN₂ 27 TÚG.HI.A <a-na> A-šur-{d}UTU-ši DUMU Na-na-kà-ší-/im En-um-A-šur DUMU E-lá-ma ip-qí-sú-um IGI Ša-lim-A-šur DUMU A-zi-da IGI A-šur-ma-lik DUMU En-um-A-šur IGIʾ Sú-in-/na-da DUMU A-kà-zi? ip-qí-sú-um a-wi-lúm sà-ki-il₅ 2ʾ{í}-{ta} na-áš-pè-ra-tim ša En-um-/A-šur Pì-lá-ah-IŠtar na-ší šu-ma a-na TÚG.HI.A w[a]-šu-/r[i]-im A-šur-{d}UTUʾ{i} : mì-ma i-qá-bi₄ : na-áš-pè-er-tí En-um-A-šur ša-áš-me-a-/šu-ma TÚG.HI.A : ku-nu-ke ša na-ru-/qá-timʾ li-ip-qí-da-ku-nu-tí-ma a-na Pí-lá-ah-IŠtar a-hi-šu mu-nu-a-šu-<nu>ma a-ma-lá té-er-tí-ni le-/pu-uš ih-da,"Thus Bālṭnum and Lamassutum, say to ēamaš-bṭni and Pilah-IŠtar: “26 textiles belonging to ēu-Suen, son of Iliya, are packed in 5 bags under the seals of Ennam-AŠšur, son of Elamma. Separately 1 kus'tu-garment of U'ur-ša-AŠšur that has been sealed later? is also available. In all 27 textiles, <to> AŠšur-šamšṣ, son of Nanakaš(š)um, Ennam-AŠšur, son of Elamma entrusted (them). Before ēalim-AŠšur, son of Azida, AŠšur-mṭlik, son of Ennam-AŠšur, (and) Suen-nṭdṭ, son of Akazi, he entrusted (them) to him. The man is stupid. Pilah-IŠtar has with him 2 missives of Ennam-AŠšur. If AŠšur-šamšṣ protests against releasing the textiles, let him hear the missive of Ennam-AŠšur and let him entrust the textiles (and?) the seals of the bags to you{plur} and count themʾ out to his brother Pilah-IŠtar, who must act in accordance with our instruction. Take careš”"
167. Kt 91/k 416 (1-269-91)ʾ,um-ma Be-lá-nu-um-ma a-na En-um-A-šur I-dí-A-šùr ù Pì-lá-⌈ah-/IŠtar⌉ qí-bi-ma 2 GÚ AN.NA 4 TÚG.SIG₅ 3 TÚG ša qá-tim ù ANŠE ša-lá-ma-am ša Pí-lá-ah-IŠtar iš-tù Ha-hi-im ù-šé-ra-da-/ni šu-ma 8 GÍN.TA a-na KÙ.B. AN.NA dí-na ù té-er-⌈tak⌉-nu li-li-kam [š]u-ma 8 GÍN.TA a-na KÙ.B. ⌈lá-šu⌉ ⌈a-na KÙ.B.⌉ *lá t[a-d]a-/na AN.NA a-na e-ba-a[r] Ša-la-ah-šu-wa lá ú-šé-tù-qú-⌈nim⌉ ki-ma ša-lá-am AN.NA-ki e-ba-ar Tí-mì-il₅-ki-a-ma AN.NA a-na Dur₅-hu-mì-it lu-šé-tí-qú šu-ma [š]a Ku-bu-ur-na-at a-ma-kam w[a-á]š-bu AN.NA li-x (x)*-ma ri-ik-⌈sé⌉ a-na *x-a-[x (x)] i-⌈na li-bi₄⌉ ša-áp-tim ù maš-ke šíʾ(ŠA)-ta-kà-na-ma lu-šé-tí-qú [ ]* a-na KÙ.B. a-na ............................. ............................. BE x x x*,"Thus Bālṭnum, say to Ennam-AŠšur, Iddin-AŠšur and Pilah-IŠtar: ŠAs for the 2 talents of tin, 4 textiles of fine quality, 3 of current quality, and a black donkey, which Pilah-IŠtar will bring down from Hahhum - if a rate of 8:1 is possible, sell the tin for silver and let your report come to me. If a rate of 8 : 1 against silver is impossible do not sell it for silver. One must not ship the tin on via ēalahšuwa. For the safety of the tin one must ship the tin on via Timilkiya to Durhumit. If people from Kuburnat are staying there let the tin be unpacked? and put small packets for/as ...... here and there inside the wool and the hides and so ship them on. [Sell it?] for silver to [ .......].”"
168. Kt 91/k 288 (1-145-91)ʾ,"[a-na] IŠ-ma-A-šùr DUMU Hi-n[a-a] [A]-ta-a-a DUMU Bu-ší-a ù En-nam-A-šùr DUMU E-lá-ma DUB A-ku₅-ú-a DUMU A-šùr-i-dí sealed A-ku₅-ú-a DUMU Ba-zi-a,","To IŠme-AŠšur, son of Hinnṭya, Ataya, son of Bu'iya, and Ennam-AŠšur, son of Elamma, tablet of Ak(a, son of AŠšur-idṣ. a filiation that also occurs in Kt m/k 145:13 Šsee"
169. Kt 91/k 367 (1-222-91),"U'ur-ša-AŠšur, main addressee.",The writer had entrusted a shipment of wool
170. Kt 91/k 365 (1-222-91),a-na Lu-[l]u-ú En-um-A-šur ù A-bu-/ša-lim qí-bi-ma um-ma A-šur-DÙG-ma a-ša-me-ma A-šur-DÙG lá li-bi₄ i-lí-ma me-et a-ba-ú-a be-lu-ú-a a-tù-nu i-na {d}UTUʾ{i} ēup-pì ta-ša-me-a-ni lu-qú-tám lu pá-ni-tám lu ur-ki-tám za-ki-a-ma ku-un-kà-/ma iš-tí pá-nim-ma A-bu-ša-lim ēur₄-da-nim šu-ma URUDU mì-ma a-hu-ur ba-tí-iq ù wa-tù-ur dí-na-ma ab-kà-nim mì-ma KÙ.B. 1 GÍN a-ma-k[am] lá i-kà-lá,"Say to Lullu, Ennam-AŠšur and Abu-šalim thus AŠšur-""ṭb: ŠI hear that AŠšur-""ṭb has unfortunately died. Please my fathers and lords, the very day you hear my letter you must clear both the earlier and the later merchandise and put it under seal and send Abu-šalim here with the first opportunity. If any copper is still unsold, sell it at any price and ship it(s yield) here. Not a single shekel of silver must be retained thereš”"
172. Kt 91/k 292 (1-149-91),"AŠšur-""ṭb, Elamma, latter’s","nephew, AŠšur-""ṭb, son of Ali-ahum. I present"
173. Kt 91/k 395 (1-249-91)ʾ,", superseded","a new contract, which raised the amount to 63)"
175. Kt 91/k 420 (1-278-91)ʾ,iš-tí Um-mì-IŠ-ha-ra ù En-um-A-šùr Pí-lá-ah-IŠtar ù Šu-Be-lúm i-mì-ig-ru-ma KÙ.B 6 ) ma-na ša É Hi-na-a 4 ma-na KÙ.B ša Kur-ub-IŠtar DUMU A-lá-hi-im ù i-na ku-ur-sí-nim ša IŠtar-pì-lá-ah 1* ma-na KÙ.B. na-dí-šu-nu-tí KÙ.B. a-nàm Pì-lá-ah-IŠtar ù Šu-Be-lúm a-na Um-mì-IŠ-ha-ra ù En-um-A-šur qá-sú-nu : ik-bu-sú-ma ša-lá-áš šu-ba-tim : qá-qí-ri ša 5-tum i-dí-nu-šu-nu-tí-ni : iš-tí um-mì-a-an E-lá-ma : a-bi-šu-nu Um-mì-IŠ-ha-ra ù En-um-A-šùr ú-bu-bu qá-qí-ri-šu-nu : i-lá-qé-ú ITU.KAM té-i-na-ti[m l]i-mu-um En-na-Sú-en₆ DUMU Šu-A-šùr a-na 3 ša-na-tim qá-qí-ri-šu-nu ú-bu-bu-šu-nu-tí šu-ma : lá ú-bi-bu-ú 3 ma-na KÙ.B. i-na ša Kur-ub-IŠtar i-lá-qé-ú-/ma ší-im : qá-qí-ri-šu-nu uš-ta-bu-ú-ma a-na qá-qí-ri-/šu-nu ù-lá i-tù-ru : i-na 3 ma-na KÙ.B. ša Kur-ub-IŠtar qá-tí Pì-lá-ah-IŠtar ù Šu-Be-lim : ša-ak-na-at šu-ma : té-bi-ib-tum i-tab-ší qá-dí : a-hi-šu-nu-ma : e-bi-bu ki-ma Um-mì-IŠ-ha-ra Ir-ma-/A-šur i-zi-iz : šu-ma a-na 3 ma-na KÙ.B. ša Kur-ub-IŠtar ša qá-tí Pì-lá-ah-IŠtar ù Šu-Be-lim : ša-ak-na-at-ni ma-ma-an i-na me-er-e E-lá-ma : i-tù-ar En-um-A-šùr ù Um-mì-IŠ-ha-/ra ù-bu-bu-šu-nu IGI I-dí-{d}IŠKUR DUMU Šu-IŠtar IGI En-um-A-šùr [ DUMU +í-li-IŠtar IGI En-na-nim DUMU A-bu-sà [ IGI Šu-A-nim DUMU Lá-qé-ep a-na ma-lá [ ší-ma-tí-šu-nu,"ēu-Bālum and Ennam-AŠšur reached the following agreement with Ummṣ-IŠhara and ēu-Bālum: 6 , minas of silver of the house of Hinnṭya, 4 minas of silver of Kurub-IŠtar, son of Ali-ahum and from the ‘pot’ of IŠtar-pilah 1- mina of silver have been deposited for them. As for this silver, Pilah-IŠtar and ēu-Bālum have in favor of Ummṣ- IŠhara and Ennam-AŠšur dropped their right on a share <by giving them> a house-plot of 3 šubat, which the committee of five had given them. When Ummṣ-IŠhara and Ennam-AŠšur effectuate a clearance with the investors of their father Elamma they will acquire their plot. Month X, eponymy of Ennam-Suen, son of ēu-IŠtar. They will effectuate the clearance of their plot for them within three years. If they fail to do so, they will acquire 3 minas of the silver of Kurub-IŠtar and so satisfy themselves with the value of their plot and will not vindicate their plot. On 3 minas of the silver of Kurub-IŠtar a claim of Pilah-IŠtar and ēu-Bālum now rests. If the clearance has been effectuated they will be cleared together with their brothers. Ir’am-AŠšur represented Ummṣ-IŠhara. If any of the (other) sons of Elamma vindicates the 3 minas of silver of Kurub-IŠtar, on which a claim of of Pilah-IŠtar and ēu-Bālum rests, Ennam-AŠšur and Ummṣ-IŠhara will clear them. In the presence of Iddin-Adad, son of ēu-IŠtar, of Ennam- [ AŠšur, son of .illi-IŠtar, of Ennṭnum, son of Abussa, of ēu-Anum, [ son of LŠ-qāp. In accordance with the testamentary dis- [ positions applying to them."
176. Kt 91/k 377 (1-234-91),[15 GÍN KÙ.B.] En-[nam]-A-šùr a-na Ú-šú-ur-<pì>-A-šur i-dí-in šu-ma i-na a-lim{ki} ēup-pá-am ša ku-nu-ki-šu ša Ú-šú-ur-pì-A-šur <i-na a-lim{ki}> Um-mì-IŠ-ha-ra a-ha-sú-nu gu₅-ba-áb-tum ša a-na wa-ar-kà-<at> Lá-ma-sà-tim um-mì-ša ú wa-ar-ki-tí-ša lá i-tù-ru 15 GÍN KÙ.B. Ú-šú-ur-pì-A-šùr ú-ta-ar IGI I-na-ah-DINGIR IGI Ša-lim-IŠtar IGI A-šùr-[x x ] IGI Ma-sà-a-a IGI A-šùr-ma-lik,"[15 shekels of silver] Ennam-AŠšur gave to U'ur-<pṣ>-AŠšur. If in the City a tablet with the seal of U'ur-pṣ-AŠšur <in the City> their sister Ummṣ-IŠhara <has/shows>, to the effect that he will not claim what her mother Lamassutum had inherited and what had been left behind by her, then U'ur-pṣ-AŠšur will give back the 15 shekels of silver. In the presence of +nah-ilṣ, of ēalim-IŠtar of AŠšur-[........] of Mas(s)ṭya, of AŠšur-mṭlik"
177. Kt 91/k 414 (1-267-91)ʾ,"kà-ru-um K[à-ni-iš] TUR GAL dí-na[m i-dí-ma] a-na ma-lá qá-[bi-ú-ni] Ú-šur-pì-A-šur iš-[tí a-hi-šu] En-um-A-šùr a-na be-e[t] a-bi₄-šu-nu e-ra-ab₁ ú ú-""[í-(ma?)] qá-dé-šu-ma e-kál ù i-ša-tí GEMÉ ki-ma ah-zu-ni a-hi-iz : GEMÉ a-ší-mì-im lá i-da-an té-er-tum a-na a-lim{ki} a-šé-er a-ha-ti-šu ú a-he-šu i-lá-ak-ma a-dí : té-er-tum i-tù-ra-ni be-tum₈ ú ú-tù-up-tum₈ i-ba-re-šu-nu ma-ma-an a-ší-mì-im lá i-da-a[n]","The plenary Kanesh colony passed the following verdict: ŠIn conformity with what [they have promised], U'ur-pṣ-AŠšur will enter and leave their paternal house together with [his brother] Ennam-AŠšur (and) will eat and drink together with him. He stays married to the maid just as he has married (her), he shall not sell the maid. A report will go to the City, to his sisters and his brothers and until a notice has come back the house and its inventory is their common property. Nobody shall sell (anything).”"
178. Kt 91/k 433 (1-286-91),"15 GÍN KÙ.B. i[š-tù] ha-muš-tim ša *x [x x ]/ [x] ITU.KAM áb-ša-ra-n[i] É DAM.GÀR 1 GÍN.T[A] a-ší-ib-tim al-qé-ma a-dí-šu-um , GÍN KÙ.B. a-ha-ma ú-ku-ul-tí ÌR a-šar ú-kà-i-lu-šu-/ni a-dí-in ur-ki-tám ÌR i-qá-tí Ú-šú-ur-pì-/A-šur e-bu-ut-ma 3 GÍN KÙ.B a-na É nu-a-im áš-qúl ÌR ú-šé-ší-am GEMÉ-tám ša šú-ha-ar-/tim ša i-dí-in kà-ri-im / ta-da-nam lá qá-bi-ú-ni Ú-šú-ur-pì-A-šur ú-da-bi-sí-ma it-bi-ma i-<ta>-lá-ak","shekels of silver from the week-eponymy of ........., in month V, I borrowed at the house of a merchant at an interest of 1 shekel per (month) and I gave it to him. ) shekel of silver I gave separately as food for the slave, where he held him Later the slave escaped from U/ur-pṣ-AŠšur’s grip and I paid 3 shekels of silver to the house of the Anatolian (and) I obtained the release of the slave. The female slave belonging to the girl, whose sale was forbidden by a verdict of the colony, U'ur-ša-AŠšur has ........... her, whereupon he got up and went away."
179. Kt 91/k 453 (1-305-91),IŠtar-lá-ma-[sí] ší-im-ta-[ša] ta-ší-im-m[a i-na] 1 ma-na LÁ 3 GÍN [KÙ.B.] ša i-ba-ší-ú-[ni] ṭ ma-na ⌈7⌉ G[ÍN] Ì-lí-a i-lá-q[é] ṣ ma-na {d}NIN.ŠU[BUR]/-b[a-ni] i-lá-qé 2ē GÍN KÙ.G[I] ù 7ṭ GÍN KÙ.B. [ù] ku-nu-kam a-na DUMU.MÍ-[i-a] gu₅-ba-ab-tim ú-šé-b[u-lu] ṭ ma-na KÙ.B. ša [Ø] É-tù uk-ta-[lu] 15 GÍN KÙ.B. *a-l ⌈á?-x x ] É-tù-ša uk-[ta-lu] āup-pu-šu-nu a-na [Ì-lí-a?] i-za-zu lu-q⌈ú-tum⌉? ša a-bi-šu-nu [a-na] ki-lá-le-š[u-nu] i-za-zu *I[D?-x x x] ša-bu-a-at *⌈x x ] ta-lá-qé qá-á[b?*-li-tám] ša 1 ma-na [Ì-lí-a] i-lá-qé mu-š[a-lam] ù šu-ga-ri-[a-am] {d}NIN.ŠUBUR-ba-ni i-lá-qé IGI Ma-(í-ì-lí IGI Puzur₄-IŠ[tar] IGI En-um-A-šur,"IŠtar-lamassš made her will as follows: Of the 57 shekels of [silver} that are available, Iliya will take 37 shekels; Ilabrat-bēni will take 20 shekels; 2' shekels of gold and 7( shekels of silver plus the seal one will send to my daughter who is a gubabtu-priestess. ( mina of silver for which the house is held Šas security) 15 shekels of silver ....... . her house is held Šas security), the relevant tablets belong to [Iliya?]. The merchandise? of their father belongs to the two of them. With [............] she is satisfied, ......... she will take. A qabl'tu-bowl weighing 1 mina [Iliya] will take. The mirror and the šugarriš’um Ilabrat-bēni will take. In the presence of Ma)i-ilš, of Puzur-IŠtar, of Ennam-AŠšur."
180. Kt 91/k 423,um-ma Lá-ma-sà-tum Puzur₂-A-šùr ù En-um-A-šur-ma a-na A-ta-a-/a Ir-ma-A-šur : Um-mì-IŠ-ha-ra ù +í-ma-at-IŠtar qí-bi₄-ma lá li-bi i-lim-ma : um-mì-ki ù ki-lá-lá-ma : a-hu-ki : me-tù i-na ba-áb : mu-wa-tim ša um-mì-ki 3 me-er-e um-mì-a-ni : ni-i(-ba-at-ma a-na Šé-er : um-mì-ki né-ru-ub-ma : IGI 3 me-er-e um-mì-a-ni : ta-ma-lá-ke-ša IŠtar-lá-ma-sí : um-mì-ki i-na bu-ul-āí-ša-ma ta-ap-āù-ur-ma KÙ.B. 1 GÍN : i-šu : qá-tí-ša ša ib-ší-ú e-mu-ru-ma 2ē GÍN GUŠKIN ù 8 GÍN KÙ.B. : a-na ku-a-tí ta-dí-in ṭ ma-na 7 GÍN KÙ.B a-na Ì-lí-a : a-hi-kiš(KÀ) ta-dí-in : ṣ ma-na KÙ.B. a-na {d}NIN.ŠUBUR-ba-ni ta-dí-in : i-na bu-lu-uā um-mì-ki-ma : lá-ma : a-na sí-kà-/tim nu-ú(-ú : Ì-lí-a : i-na ki-ša-ar-ší-im : i-ni-dí iš-tù i-šu : qá-tí-šu : ig-mu-ru ù nu-a-um : ša um-mì-ki : e-hu-zu Ì-lí-a : me-er-a-sú : a-hi-iz nu-a-um : gám-ra-am a-na ki-ša-ar-ší-im : ig-mu-ur-/ma iš-tù nu-a-um : ga-ma-ar-šu il₅-qé-ú : lu a-na bi-ki-tim ša um-mì-ki ù a-he-ki ṣ ma-na 7 GÍN KÙ.B. ga-me-er a-na-kam : ša ki-ma DUMU Hi-na-a [D]AM.GÀR-ru-um ša a-he-ki a-na Ša-ba-at KÙ.B. [i-z]i-iz-ma En-um-A-šùr ù [+u-mì-a-b]i-a ša ki-ma ku-a-tí [x x x⌉*-ma um-ma né-nu-ma KÙ.B [lá i]-(a-ba-at : KÙ.B. : ma-nu-šu,"Thus Lamassutum, Puzur-AŠšur and Ennam-AŠšur, say to Ataya, Ir’am-AŠšur, Ummš-IŠhara and ṭšmat-IŠtar: ŠUnfortunately your mother and both your brothers are dead. When your mother was on her deathbed, we seized three affiliated traders and brought them inside, to your mother and in the presence of these three affiliated traders your mother, while she was still alive, opened her coffers and they saw every shekel of silver, her cash money that there was and she gave 2' shekels of gold and 8 shekels of silver to you. 37 shekels of silver she gave to your brother Iliya, 20 shekels of silver she gave to Ilabrat-bēni. While you mother was still alive, before we left for the campaign, Iliya was thrown into jail. After he had spent all he had available and (since) Iliya was married with the daughter of the Anatolian, who had married your mother, that Anatolian paid the expenses made for the jail and after the Anatolian had recovered his expenses, 27 shekels of silver have been spent for the bewailing of your mother and your brothers. Here the representative of the son of Hinnēya, the creditor of your brothers, took steps to seize the silver, but Ennam-AŠšur and ṭumi-abiya, your representatives [warned us] and we said: ‘He shall not seize the silverš’ Who is he Što try such a thing?)...”"
181. Kt 91/k 425 (1-277-91),KÙ.B ša um-ma-ša : a-na me-er-/i-tí-ša i-ba-áb-tim : té-zi-bu a-na hu-bu-ul : a-na a-he-ša : a-tù-nu : ta-lá-qé-a ni-zi-iz-ma : i-na a-wa-tim : ni-bu-šu-nu-ma iš-tù : gám-ru-um ù ša a-na bi-ki-tim : ša um-mì-ki ù a-he-ki : i(-hi-ru : ší-tí KÙ.B ṭ ma-na 7 GÍN KÙ.B. ù 2ē GÍN KÙ.GI ku-nu-ki ša En-um-A-šùr ù +u-mì-a-bi-a : aʾ-na En-um-DINGIR DUMU Ha-da-a : i-na pu-ùh-ri-ni : ni-ip-qí-/id-ma na-áš-a-ki-im i-na ŠÀ.BA KÙ.B. ri-ik-sí-/im 2ē GÍN KÙ.B. ša Ì-lí-a ni-is-ha-tum : ša A-šùr (eras.) na-ad-a : KÙ.B šu-a-tí a-na É li-mì-im : dí-ni : KÙ.B a-ni-um : É E-lá-ma : ib-ší 2 Ší-il₅-a-nu : ša āup-pé-e ku-nu-ku : ša a-he-ki ù um-mì-/ ⌈ki⌉ i-ba-ší-ú : pá-al-ha-[ni]-ma pá-āá-ra-am ú-lá ni-mu-wa lá ta-áš-ta-na-me-i : ki-ma um-mì-ki : iš-tù 10 ša-na-/tim nu-a-um ah-zu-ma i-na É nu-a-im wa-áš-ba-at-/ni <a-na> KÙ.B. ma-dí-im : mì-ma lá ta-da-gi₅-li : KÙ.B a-mì-um ù KIŠIB-kam um-mì-ki,"ŠThe silver that her mother left to her daughter as part of the outstanding claims, do you{plur}. want to take it for the debt, for her brothers?” We took action and rebutted them by our argumentation. After the expenses made for the bewailing of your mother and your brothers had been deducted, the rest of the silver, 37 shekels of silver, and 2' shekels of gold, under the seals of Ennam-AŠšur and ṭumi-abiya we together entrusted to Ennam-ilš, the son of Hadēya, and he is on his way to you with it. In the packet of silver 2' shekels of silver of Iliya, excise for Šthe city of) AŠšur, have been put. Give that silver to the office of the l'mum. This silver was in Elamma’s house. There are still two (.-containers with tablets sealed by your brothers and mother. We did not dare to open them because we were afraid. Have you not heard that the Anatolian is since ten years married to your mother and that she lived in the house of the Anatolian? Do by no means expect much silver, Šthere are only) the afore-mentioned silver and the seal your mother.”"
182. Kt 91/k 438 (1-291-91),ú 2ē GÍN KÙ.GI IŠtar-lá-ma-/sí DAM Ku-ni-li a-na Lá-ma-sà-tim DAM E-lá-ma té-zi-ib KÙ.B ú KÙ.KI a-na En-nam-A-šur DUMU A-šùr-dan ú +u-<mì>-a-bi₄-a DUMU A-mu-a Lá-ma-sà-tum DAM E-lá-ma ú En-nam-A-šur DUMU E-lá-ma i-ša-ha-at um-mì-šu i-zi-iz-ma ip-qí-du IGI Puzur₂-A-šur DUMU I-ku-pí-a IGI A-mur-DINGIR DUMU +u-Ku-bi-im IGI Ma-(í-ì-lí DUMU Bu-zu-zu IGI Puzur₂-IŠtar DUMU +u-Ku-bi-im,"and 2' shekels of gold IŠtar-lamassš, wife of KŠn-ilum, left to Lamassutum, wife of Elamma. That silver and gold Lamassutum, wife of Elamma, attended by Elamma’s son Ennam-AŠšur, entrusted to Ennam-AŠšur, son of AŠšur-dēn, and ṭumi-abiya, son of Amua. In the presence of Puzur-AŠšur, son of Ikṣn-pšya, of Amur-ilš, son of ṭu-KŠbum, of Ma)i-ilš, son of Buzuzu, of Puzur-IŠtar, son of ṭu-KŠbum."
183. Kt 91/k 413 (1-266-91),1/2 ma-na LÁ 1 GÍN KÙ.B. a-ha-ma 8 GÍN KÙ.B. ù 2ē GÍN KÙ.KI ša DAM Ku-ni-lim 2ē GÍN KÙ.B. ni-is-ha-tum ša A-šur I-li-a DUMU Ku-ni-lim e-zi-ib KÙ.B. a-ni-um ša IŠtar-lá-ma-sí DAM Ku-ni-lim a-na na-áb-šé-em a-na Lá-ma-sà-tim DAM E-lá-ma ta-dí-nu ki-ma me-er-e Ku-ni-lim En-um-A-šur DUMU A-šur-dan ù +u-mí-a-bi₄-a DUMU E-mu-a ša-zu-uz-tum ša me-er-e Ku-ni-lim KÙ.B. ù KÙ.KI ik-nu-ku-ma a-na En-um-ì-lí DUMU Ha-da-/a ni-ip-qí-<id>-ma : a-na a-lim{ki} a-(é-er DUMU.MÍ Ku-ni-lim ú-ba-al : ša-du-a-sú ša-bu IGI Ip-pa-lu DUMU A-mur-IŠtar IGI A-šur-ma-lik DUMU A-mu-ra IGI A-šur-i-mì-tí DUMU A-ni-nim,"shekels of silver, separately 8 shekels of silver and 2' shekels of gold of KŠn-ilum’s wife, 2' shekels of silver, excise for Assur, Iliya, son of KŠn-ilum left behind. This money, which IŠtar-lamassš, KŠn-ilum’s wife, had given in deposit to Lamassutum, Elamma’s wife - acting for KŠn-ilum’s sons Ennam-AŠšur, son of AŠšur-dēn, and ṭumi-abiya, son of Emua, the representatives of KŠn-ilum’s sons, have sealed this silver and gold and we entrusted it to Ennam-ilš, son of Hadēya, to bring it to the City, to the address of KŠn-ilum’s daughter. He has been paid his transport fee. In the presence of Ippalu, son of Amur-IŠtar, of AŠšur-mēlik, son of Amura, of AŠšur-imittš, son of Anšnum."
186. Kt 91/k 348 (1-205-91),1 āup-pá-am ša Bi-zi-lá ù IŠtar-lá-ma-sí : qá-sá ša IŠtar-lá-ma-sí 2 qá-áb-li-a-tim ša 1 ma-na.TA KÙ.B. iš-té-et a-hu-úz-tum mu-ša-lá-am ša ZABAR ù ma-az-li-ki mì-ma : a-nim : a-na hu-bu-ul {d}NIN.ŠUBUR-ba-ni a-na Lu-lu Šáp-qí-id erased) áp-qí-id um-ma a-na-ku-ma a-na É a-bi-a ù um-mì-a a-na mì-ma šu-um-šu ú-lá ta-tù-/ar lu i-na ší-im bé-tim lu i-ši-im TÚG.HI.A lu i-ší-im qá-áb-li-a-/tim mu-ša-li-im ù ma-az-li-ki iš-⌈tù⌉ : nu-a-am : hu-bu-ul {d}NIN.ŠUBUR-ba-ni tù-ša-bu-ú : ší-tum KÙ.B. : mì-ma i-na li-bi-kà i-ší-tù : i-le-e i-na li-bi-kà i-šu-ú i-na āup-pí-im : pá-qá-dim Bi-za-lá : a-na qá-tí-ša ta-zi-iz : IGI Dan-A-šur IGI A-mur-DINGIR IGI Ma-(í-ì-lí IGI A-šur-iš-ta-ki-il₅ IGI Ha-pu-a-šu ša SÍG.HI.A IGI Puzur₂-IŠtar,"(Of) 1 tablet of Bizila and IŠtar-lamassš, the share of IŠtar-lamassš; 2 qabl'tu-containers of 1 mina silver each , one with inlay; a bronze mirror and some mazliku’s. All this I entrusted to Lullu for the debt of Ilabrat-bēni, with the words: ŠYou shall not again claim anything from the house of my father and mother, neither from the price of the house, nor from the price of textiles, nor from the price of qabl'tu's, the mirror, and the mazliku's. After you will have paid the Anatolian the debt of Ilabrat-bēni, for the rest of the silver, whatever you still owe me, I have the gods as claim on you. When the tablet was handed over Bizala took responsibility for her share. In the presence of DŠn-AŠšur, of Amur-ili, of Ma)i-ilš, of AŠšuriš-takil. of Happuaša, the wool-trader, and of Puzur-IŠtar."
187. Kt 91/k 394,KIŠIB Puzur₄-A-šur DUMU I-ku-pí-a KIŠIB Dan-A-šur DUMU Puzur₄-A-šur KIŠIB Pè-ru-a DUMU +u-up-ip-ra KIŠIB Pè-ru-a DUMU A-ra-wa KIŠIB Za-ba DUMU Ha-nu KIŠIB Lu-lu DUMU Ha-pí Lu-lu DUMU Ha-pí,"Seal of Puzur-AŠšur, son of Ikṣn-pšya, seal of DŠn-AŠšur, son of Puzur-AŠšur, seal of Peruwa, son of ṭuppibra, seal of Peruwa, son of Arawa, seal of Zaba, son of Hanu, seal of Lullu, son of Hapi, <that is> Lullu, son of Hapi,"
188. Kt 91/k 369 (1-226-91),GÍN a-na bi₄-ki-tim ŠE a-šu-um-ke 15 ŠE 1/6 GÍN a-na UDU e-ri-/im ki-ra-tim ṣ GÍN 7ṭ ŠE ki-ra-tim ni-is-bi₄ GÍN KÙ.B. DUMU A-šur-dan ù ki-ra-tim ni-iš-qúl GÍN KÙ.B. a-na UDU ni-iš-qúl,"we booked 2 shekels for 1/12 shekel for onions, 1/12 2 1/6 shekels for a ‘naked’ sheep; 7 jars of beer we drew, 3/8 shekel; 4 jars of beer we drew; 1 shekel of silver (for) the son of AŠšur-dēn 2 jars of beer we paid; 1 shekel silver we paid for a sheep."
189. Kt 91/k 290 (1-147-91)#,a-na Ir-ma-A-šur qí-bí-m[a um-ma] En-um-A-šur-ma i-nu-[mì i-na] Hu-ra-ma na-áš-pè-er-tá[m] a-dí TÚG.HI.A tù-lá-pì-ta-[ni] e-lá 2ṭ GÍN KÙ.B. ša [Ø] ta-dí-na-ni um-ma a-na-ku-[ma] gám-ra-am ša ha-ra-nim a-qá-[tí-a] dí-na-am um-ma a-ta-ma a-⌈dí⌉ TÚG.HI.A ta-ša-lá-ha-ni ù a-na-ku a-lá-ak-ma iš-tù Ha-hi-im ṣ <ma>-na 1 ma-na ù 2 ma-na a-gám-ri-kà ú-šé-ba-lá-kum ù a-dí ma-lá ù ší-/ni-šu a-na Ha-hi-im áš-pu-ra-ku-ma a-ta mì-ma lá tù-uš-té-bi-lam i-nu-mì ta-tal-ku : lá tí-dí-e ki-ma ha-ra-na-tum sà-hu-a-ni ù É.GAL-lu da-nu-ni a-dí a-wa-tum iz-ku-a-ni ITU.8. KAM i-na li-bi ma-tim as-hu-ur TÚG.HI-tù i-na a-lá-ni a-šar ib-ší-ú-ni a-lik-ma TÚG.HI.A ú-šé-ēí-a-ma a-na-ah-ma TÚG.HI.A a-ēé-er ša-zu-za-tí-kà a-na Wa-ah-šu-ša-na ⌈ú⌉-šé-ri-ib-ma 3 TÚG.HI.A a-gám-ri-im i-gi₅-im-ru TÚG.HI.A sà-sà-am lá-áp-tù-ma ša-am-ru-ēú nu-uk-ta-na-lá-ma ší-mu-um lá i-ba-ší Pì-lá-ah-IŠtar a-ma-kam lá e-ta-wu-ku-um ki-ma sà-sú-um uš-ta-am-ri-ēú-šu-nu ù ší-ma-am ba-at-qám ú-kà-i-lu-ni 10 TÚG.HI.A a-na 2ṣ ma-na KÙ.B. [ ta-/ad-nu KÙ.B. ša ki-ma ku-a-tí ik-nu-ku-nim-ma a-na-kam i-ba-ší ki-ma i-na Hu-ra-ma tù-na-hi-dí-ni um-ma a-ta-ma šu-ma a-ha-at-kà a-na a-lim{ki} ta-lá-kam KÙ.B. ší-im TÚG.HI.A dí-ší-ma ⌈lu⌉ ta-li-kam a-na-kam ki-ma ku-ēú da-nu-ni-ma [ lá na-āù-ma lá ta-lá-kà-ni a-dí ki-am KÙ.B. lá [ ú-šar-ší-im a-ta a-ma-kam ma-lá-kà 3 ma-na LÁ [ 3 GÍN KÙ.B. iš-tí Šu-Sú-en₆ iš-tù Ha-tim ú-<šé>-bi-lá-ku-ma um-ma a-na-ku-ma [ a-bi šu-ut i-lá-ak-ma iš-tù A-lim{ki} AN.NA ú-šé-lá-⌈ma⌉ KÙ.B. 1 GÍN e-li-a-ma ù KÙ.B. a-DAM. [ [GÀR-ri-a] a-š[a-qa]l-ma a-na ša āup-pì-a ú-šé-b[a-al] a-ta um-ma a-ta-ma KÙ.B. a-ha-[at-kà] ta-⌈ah⌉-ša-ah-ma a-na ša āup-p[ì-kà [ a-tí-dí-ší-im] ur-ki-tám i-⌈ba⌉-áb ha-ra-ni-kà [um-ma [ a-ta-ma] KÙ.B.1 GÍN i-šu qá-tí-kà dí-na-[ma AN.NA] 10 ma-na lá-áš-a-ma-ku-ma KÙ.B. [ li-li-a-ku-ma li-ba-am] ri-ší a-ta ki-ma li-bi₄-i[m ta-da-nim] 1 ma-na 14 GÍN KÙ.B. ni-[is-ha-sú ša-du-a-sú ša-bu a-ha-m[a ṣ ma-na KÙ.B.] ik-ri-bu ša A-šur ni-is-h[a-sú DIRI [ <ša-du-a-sú> ⌈ša⌉-bu IGI A-zu-ta-a ù Ì-d[í-ba-ni] a-na ší-a-ma-tim a-dí-na-kum a-ta a-dí [ u₄-mì-im a-nim ⌈AN.NA⌉ / ší-im [ KÙ.B.-pì-a lá tù-uš-té-bi₄-la-am be-lí a-ta AN.NA. 10 ma-na ša-ma-ma šé-bi₄-lam ša a-dí-na-ku-ni AN.NA-šu šé-bi₄-lam e-en₆ A-šur <ša-mì-ra-ni>,"Say to Ir’am-AŠšur, thus Ennam-AŠšur: ŠWhen in Hurama you wrote for me a document concerning the textiles, apart from the 2ē shekels of silver that you had given me, I told you: ‘Give me cash the travel expenses’, but you answered me: ‘Only when you salvage the textiles I will go and send you from Hahhum ā, 1 or 2 minas Šof silver) for your expenses’. Then I wrote a few times to you in Hahhum, but you did not send me anything. Did you not know that when you had left the roads were in turmoil and the palaces were headstrong? Until the matter was cleared I had to stay 8 months in the interior. I went to where the textiles were, in the villages, and I got the textiles out and with great effort I brought the textiles into Wahšušana to your representatives. Three textiles were spent for expenses. The textiles are affected by moth and in bad condition. We repeatedly offered them for sale, but there were no buyers. Did Pilah-IŠtar not tell you there that moths have spoiled them and that one offers a bad price for them? Ten textiles have now been sold for 2ā [ minas of silver. Your representatives sealed the silver and it is here. While you instructed me in Hurama as follows: ‘If your sister goes to the City, give the silver, the price the textiles yielded, to her and let her come here’. But since a severe cold reigns here [ it is not feasible for her to go and therefore I did not yield the [ silver to her. It is up to you there what to do. I sent [ you 2 minas 57 shekels of silver with ṭu-Suen from Hattum, thinking: ‘He is my father, he will go and bring tin up for me from the City so that I obtain at least some silver and also [can pay silver to my creditor and send Šwhat I owe) on the basis of my tablet’. But you, you said: ‘Your sister needed silver and I have given it to her on the [ basis of your tablet’. Later, when you were about to set out on [ a journey, you said: ‘Give me every single shekel of silver you have then I will buy for you tin, 10 minas, so [ that you can obtain silver and gather courage’. But instead of encouraging me, DIRI (for) the 1 mina 14 shekels of silver - its [ excise added, its transport fee paid - and in addition ā mina of silver, temple funds of AŠšur - its excise added, its [ transport fee paid – that I gave you in the presence of Azutaya and Idi-bšni to make purchases with, until this very [day you have not sent me the tin bought [ with my silverš purchase for me tin, 10 minas, and send it me’. was bought with the silver I gave you, its tin. Enable me to face AŠšurš”"
190. Kt 91/k 366 (1-218-91)#,a-na Ir-ma-A-šur ù {d}UTU-ba-ni a-na Ir-ma-A-šur qí-bi-ma um-ma En-nam-A-šur-ma 3 ma-na LÁ 3 GÍN KÙ.B. i-pá-ni-tim iš-tù Ha-tim iš-tí Šu-Sú-en₆ ú-šé-bi-lá-ku-ma um-ma a-na-ku-ma a-bi šu-ut i-lá-ak-ma iš-tù a-lim{ki} AN.NA 10 ma-na ú-šé-ba-lá-ma li-ba-am i-da-nam ù KÙ.B. 1 GÍN e-li-a-ma KÙ.B. a-na DAM.GÀR-ri-a a-na ša āup-pì-a ú-šé-ba-al a-ta um-ma a-ta-ma KÙ.B. a-ha-at-kà ta-ah-ša-ah-ma a-na ša āup-pì-kà a-tí-dí-ší-im ur-ki-tám i-ba-áb ha-ra-<ni>-kà um-ma a-ta-ma KÙ.B. 1 GÍN i-šu qá-tí-kà dí-na-ma AN.NA 10 ma-na lá-áš-a-ma lu-šé-bi₄-lá-ku-ma KÙ.B. li-li-a-ku-ma li-ba-/am ri-š[í] um-ma a-ta-ma ù [a-n]a TÚG.HI-tí-a a-na-ah-ma a-šar ša-la₁-hi-im šu-lu-ùh-šu-/nu TÚG.HI-tù lá i-ha-li-qú ⌈i⌉-nu-mì ta-tal-ku lá tí-dí-e ki-ma ha-ra-na-tum ù É.GAL-lu da-nu-ni a-dí TÚG.HI.A áš-lu-hu ITU.7./ i-na li-bi ma-tim as-hu-ur [ KAM 3 TÚG.HI.A a-gám-ri-im ša ha-ra-nim i-gi₅-im-ru-ma TÚG.HI.A ku-nu-ki ša [ Ku-lu-ma-a a-ēé-er ša-zu-za-tí-kà ú-<šé>-li-ma TÚG.HI.A sà-sà-am ša-am-ru-ēú-ma a-na 3ṣ ma-na KÙ.B. ta-ad-nu KÙ.B. i-ku-<nu>-uk ša-zu-uz-tí-kà kà-ni-/ik-ma i-ba-ší a-bi₄ a-ta be-lí a-ta e-lá-kà a-ma-nim a-da-gal KÙ.B. 1 GÍN i-šu qá-tí-a ú-pá-he-er-ma [ 1 ma-na / 14 GÍN ni-is-ha-sú DIRI ša-du-a-sú ša-bu a-ha-ma ṣ ma-na KÙ.B. ik-ri-bu ša A-šur ku-nu-ki-a IGI A-zu-ta-a IGI Ì-dí-ba-ni i-na Hu-ra-ma a-na ší-a-ma-tim IGI A-zu-ta-a IGI Ì-dí-ba-ni a-dí-na-kum um-ma a-na-ku-ma a-bi₄ a-ta be-lí a-ta AN.NA 10 ma-na e-en A-šur ù e-né-kà ša-mì-ra-ni mì-nam ší-lá-tám u₄-mì-im a-nim AN.NA lá tù-šé-ba-lam ší-im KÙ.B.-/pì-a AN.NA šé-bi-lam,"To Ir’am-AŠšur and ṭamaš-bšni, and in particular to Ir’am-AŠšur, say as follows, thus Ennam-AŠšur: ŠPreviously I sent you 2 minas 57 shekels of silver from Hattum with ṭu-Suen and I thought: ‘He is my father, he will go and send me from the City at least 10 minas of tin and thereby encourage me. And when some silver becomes available for me I will then be able to send silver to my creditor on the basis of my tablet’. But you said: ‘Your sister needed the silver, so I gave it to her on the basis of your tablet’. Later, when you were about to set out on a journey, you said: ‘Give me every single shekel of silver you have available then I will buy for you and send you tin, 10 minas, so that you can obtain silver and gather courageš’ You also said: ‘You must also exert yourself for my textiles and salvage them as well as you can. The textiles must not get lostš’ When you left, did you not know that the roads and the palaces were causing difficulties? Until I had salvaged the textiles I stayed seven months in the interior. Three textiles were spent for the expenses of the trip, but I managed to ship the textiles under Kulumaya’s seals to your representatives. The textiles are badly affected by moth and have been sold for (only) 3ā minas silver. The silver, under the seals of your [ representative, is available. Please, my father, my boss, to whom else but you can I look Šfor help)? I collec- ted every single shekel I had available and [ 1 mina 14 shekels of silver, its excise added, its transport fee paid, and separately ā mina of silver, temple funds of AŠšur, I gave you in the presence of Azutšya and of Idi-bšni in Hurama for making purchases << in the presence of Azutšya and of Idṣ-bšni >> and I said: ‘Please my father, my boss, buy for me so allow me to face AŠšur and and youš’ What misdeed have I committed very day you fail to send me the tin? Send me the tin bought with my silverš”"
191. Kt 91/k 407 (1-260-9),"a-na Ir-ma-A-šur qí-bi-ma um-ma En-um-A-šur-ma 3 ma-na LÁ 3 GÍN KÙ.B. i-pá-ni-tim iš-tù Ha-tim iš-tí Šu-Sú-en₆ a-na Kà-ni-ìš ú-šé-bi₄-lá-ku-ma KÙ.B a-na a-lim{ki} tù-bi-il₅-ma [um-ma] a-na-ku a-bi šu-ut i-lá-ak-ma [iš-t]ù a-lim{ki} AN.NA 10 ma-na [ú-šé-lá]-ma KÙ.B 1 GÍN e-li KÙ.B [ a-ša āup-pì-a [a-kà-n]a-ak-ma ú-šé-ba-al [a-ta AN.N]A lá ta-áš-ta-ma-am [um-ma a-ta]-ma KÙ.B a-ha-at-kà [ta-ah-ša-ah]-ma ⌈a-na a⌉-ha-tí-kà [a-ša āup-pí-kà a-t]í-dí-šu-um-ma [x x x x x x x]-li-ku [x x x x x x x] x *ha-ra-nim [x x x x x x x] *ma x [ ] [ ] [ ] [ ] * x [1 ma-na 14 G]ÍN KÙ.B ni-is-ha-[sú] [DIRI ša-d]u-a-sú ša-bu a-ha-ma [ṣ ma-na KÙ.B] ni-is-ha-sú DIRI [ ša-du-a-sú [ša-bu ik]-ri-bi₄ ša A-šur ku-nu-ki-a, [IGI A]-zu-ta-a IGI Ì-dí-ba-ni i-na Hu-ra-ma a-dí-na-ku-um um-ma a-na-ku-ma a-bi₄ a-ta be-lí a-ta AN.NA ša-ma-ma šé-bi₄-{lá}lam a-ta mì-ma-ša-ma lá tù-uš-té-bi₄-lam TÚG.HI-tù ša i-na Lu-hu-sà-dí-a tap-qí-da-ni ha-ra-na-tum sà-ah-a-ma a-dí-i a-wa-tum iz-ku-a-ni TÚG.HI-tù a-lá-ni-ma ib-ší-ú ITU.6.KAM i-na Hu-ra-ma gám-ra-am e-ri-/iš-kà um-ma a-ta-ma a-lá-ak-ma [i]š-tù Ha-hi-im AN.NA 1 ma-na ù 2 ma-na [ú-šé-ba-lá-kum] mì-ma lá tù-uš-té-[bi-lam] ⌈x⌉ Lu-hu-<<ga>>-sá-dí-⌈a⌉ [x x x]","Say to Ir’am-AŠšur, thus Ennam-AŠšur: ŠI sent you earlier 2 minas 57 shekels of silver from Hattum with ṭu-Suen to Kanesh and you brought that silver to the City and I thought: ‘He is my father, he will go and [bring up] from the City tin, 10 minas, so that I can seal and send at least some silver [ on top of that (owed) according to my tablet’. But you have bought no tin for me, with the argument: ‘Your sister needed the silver, so I gave it to your sister [on the basis of you tablet] and ... [1 mina 14] shekels of silver, its excise added, its transport fee paid, and separately [ā mina of silver], its excise added, its [ transport fee paid, temple funds of AŠšur, I gave you under my seals in Hurama, with Azutaya and Idi-bšni as witnesses. I said: ‘Please by father, my boss, buy for me tin and send it to me’, but you have not sent me anythingš As for the textiles you entrusted to me in Luhusaddiya – there was trouble on the roads and the textiles stayed in the villages until the situation was cleared. Six months ago I asked from you in Hurama Što pay) my expenses. You said: ‘I will go and [send you] from Hahhum a few minas of tin. But you have not sent me anythingš ...... Luhusaddiya ......”"
192. Kt 91/k 505 (1-358-91),1 ma-na 14 GÍN KÙ./B. ni-is-ha-sú DIRI ša-du-a-sú ša-bu a-ha-ma ṣ ma-na KÙ.B. ni-is-ha-sú DIRI ša-du-a-sú ša-bu ik-ri-bu ku-nu-ki ša DAM.GÀR En-um-A-/šur a-na Ir-ma-A-šur ip-qí-id-ma a-na a-lim{ki} a-na ší-a-ma-/tim ú-bi-il₅ IGI A-zu-ta-a DUMU E-me-me IGI Ì-dí-ba-ni DUMU Ir-ma-A-šur.,"1 mina 14 shekels of silver, the excise on it extra, the transport fee for it paid; separately ā mina of silver, the excise on it extra, the transport fee for it paid, temple funds, under the seals of tamkšrum, Ennam-AŠšur entrusted to Ir’am-AŠšur and he brought it to the City for making purchases. In the presence of Azutšya, son of Ememê, of Idi-bšni, son of Ir’am-AŠšur."
193. Kt 91/k 503 (1-356-9),2 5/6 ma-na 7 G[ÍN] ⌈KÙ.B.⌉ ku-nu-ki ša En-um-/A-šur DUMU E-lá-ma Šu-Sú-in DUMU Ì-lí-a a-na Lá-ma-sí-tim ù Ir-ma-A-šur ip-qí-id-/ma KÙ.B. Ir-ma-A-šur a-na a-lim{ki} A-šur ú-ba-al-šu a-na hu-bu-ul En-um-A-šur a-na DAM.GÀR i-ša-qal KÙ.B. a-šu-mì En-um-A-šur GÁN-lam e-tí-iq IGI Pì-lá-ah-IŠtar DUMU E-/lá-ma IGI A-šur-ba-ni DUMU Du-mu-uq-IŠtar,"2 minas 57 shekels of silver under the seals of Ennam-AŠšur, son of Elamma, ṭu-Suen, son of Iliya, entrusted to Lamassutum and Ir’am-AŠšur and Ir’am-AŠšur will bring the silver to the city of Assur . He will pay it for the debt of Ennam-AŠšur to the creditor. The silver will travel overland in the name of Ennam-AŠšur. Witnessed by Pilah-IŠtar, son of Elamma, and by AŠšur-bšni, son of Dumuq-IŠtar."
194. Kt 92/k 174 (1-134-92),um-ma Dan-A-šur ù En-na-Sú-in-ma a-na Ir-ma-A-šur qí-bi₄-ma 10 TÚG.HI.A ku-nu-ki ša Ku-lu-ma-a En-um-A-šur ub-lam ŠÀ.BA 2 TÚG a-bar-ni-ú 1 TÚG na-ma-šu-hu-um ki-ma a-na-kam ší-mu-um lá-šu-ú ù TÚG.HI-tù sá-sà-am lá-áp-tù En-um-A-šur a-na Ša-lá-du-a-ar ú-šé-ri-ib-šu-nu-ma 15 GÍN.TA ší-im-šu-nu i-dí-ni-a-tí-ma 2ṣ ma-/na KÙ.B. ku-nu-ki-ni En-um-A-šur na-áš-a-ku-um a-ma-kam a-na TÚG.HI.A A-al-DÙG i-dí-nim iš-tí-kà li-iz-ku,"Thus DŠn-AŠšur and Ennam-Suen, say to Ir’am-AŠšur: “10 textiles with the seals of Kulumšya Ennam-AŠšur brought us. Two of these are Abarnian ones, one is a namaššuhu-textile. Since there was no possibility to sell them here and these textiles are affected by moth, Ennam-AŠšur brought them into ṭaladuwar and he gave us 15 shekels apiece, the price made for them, and Ennam-AŠšur is now on his way to you with 2ā minas of silver under our seals. Over there let 'l-(šb get a judicial clearance with you concerning these textiles."
195. Kt 91/k 455 (1-308-91),um-ma Ir-ma-A-šù[r-ma a-na] I-ku-pí-A-šùr Lá-m[a-sà-tim] ù En-um-A-šùr qí-bi-ma 1 ma-na KÙ.B. ku-nu-ku-a : ša Sú-en₆-na-da : a-ma-kam : a-na Šu-Lá-ba-an ù Ku-ra-ra dí-na-šu ù ší-bé šu-uk-na ki-ma KÙ.B. ša Sú-en₆-na-da ⌈il₅⌉-qé-ú-ni 3 ma-na KÙ.B. ša DAM.GÀR ku-nu-ku-a a-na ēé-er A-šur-GAL {d}EN.LÍL-ba-ni DUMU Ha-na-nim ú-šé-bi-lam a-ša-me-ma : a-dí-ni : a-ma-kam wa-ša-áb : šu-ma a-na pá-ni A-šur-GAL : lá i-lí-ik KÙ.B. pu-uā-ra-ma AN.NA lu 9 GÍN.TA lu ma-lá ta-le-e-a-ni ša-ma-ma {d}EN.LÍL-ba-ni ù {d}UTU-e-nam KI a-lí-ki-im pá-nim-ma āur₄-da-nim : a-šu-mì āup-pé-a ša a-na I-na-a DUMU E-lá-lí En-na-Sú-en₆ DUMU Šu-IŠtar ù A-šur-ma-lík DUMU Qá-a-tim KÙ.B. a-hi-ib-lu KÙ.B. ú-šé-bi-lá-/ ša-bu-ú : āup-pé-a iš-tí [šu-nu-tí Lá-ma-sà-tim i-ba-ší-ú lu [ma]-ma-an i-na ša-zu-uz-[tí-a] ⌈ú⌉-kà-al-šu-nu : a-dí [ma-lá] ú ší-ni-šu áš-pu-r[a-ku-nu-tí] [m]ì-šu-um : ma-tí-ma : té-er-ta-ku-/nu lá i-lí-kam-ma úz-ni lá ta-pá-tí-a,"Thus Ir’am-AŠšur, say to Ik)n-pṣ-AŠšur, Lam[assutum]? and Ennam-AŠšur: “1 mina of silver under my seals, belonging to Suen-nšdš, you must give there to ṭu-Labšn and Kurara and you must set witnesses that they received Suen-nšdš’s silver. With 3 minas of silver of the trader, under my seals, I sent Ellil-bšni, son of Hanšnum, to AŠšur-rabi. I hear that he is still staying there and if he has indeed not left to meet AŠšur-rabi, then unpack the silver and buy for me tin at 9 shekels per Šshekel of silver) or as favorably as you can and send Ellil-bšni and ṭamaš-ennam here with the first caravan. As for my tablets recording that I became indebted for silver to Innšya, son of Elšlṣ, to Ennam-Suen, son of ṭu-IŠtar and to AŠšur-mšlik, son of Qa’štum, I have sent them the silver, they are satisfied. Are my tablets with Lamassutum or does someone from my representatives have them in his possession? I have written you several times. Why has no report of yours ever reached me and do you not keep me informed?"
196. Kt 91/k 480 (1-333-91)#,KIŠIB kà-ri-im Kà-ni-iš ēa-he-er GAL kà-ru-um Kà-ni-iš ēa-he-er GAL dí-nam [i⌉-di-in-ma [x m]a-na KÙ.B. [be-ú-lá]-at Zi-ki-im [a-n]a A-šùr-i-dí I[r]-ma-A-šùr i-ša-qal 1212; B=CS 1213; C=CS 1214; D=CS,"Seal of the Kanesh colony in plenary session. The Kanesh colony in plenary session passed the following verdict: “[x] mina of silver, [the working] capital of Zikum to AŠšur-idṣ Ir’am-AŠšur shall payš. 1215; E=CS 1216; G=CS 1218; F=C1217."
197. Kt 91/k 504 (1-357-91),⌈2⌉ GÍN KÙ.KI ku-pu-ur-ší-ni-in SIG₅ i-ēé-er Im-lik-A-šur Ir-ma-A-/šur i-šu iš-tù ha-muʾ(IR)-uš-tim ša E-dí-na-a : a-na 15 ha-am-ša-tim i-ša-qal šu-ma lá ìš-qul ki-ma a-wa-at kà-ri-im ú-ēa-áb ITU.KAM qá-ra-a-tim li-mu-um E-lá-lí DUMU I-ku-nim IGI Pí-lá-ah-A-šur DUMU Da-nu-um-ì-lí IGI A-šur-ma-lik DUMU A-zu-za,"2 shekels of kupuršinnu- gold of fine quality Imlik-AŠšur owes to Ir’am-AŠšur. From the week of Edinšya he will pay within 15 weeks. If he does not pay he will add (interest) in accordance with the regulation of the colony. Month VIII, year eponymy of Elšlṣ, son of Ik)num. In the presence of Pilah-AŠšur, son of Dannum-ilṣ, of AŠšur-mšlik, son of Azuza."
198. Kt 91/k 525 (1-378-91),debt-note returned. KIŠIB Ì-lí-áš-ra-ni DUMU A-šur-DÙG KIŠIB Šu-Sú-in DUMU Da-dí-im KIŠIB E-nu-Bé-lúm ša ší-tí ša ⌈hu-bu-ul⌉ Ir-ma-A-šur i-na ITI 1.KAM Bé-el-tí-É-/GAL li-mu-um ša qá-té [A-šu]r-na-da a-na [ x x nim?⌉ i-ša-qal [šu-ma lá iš-qul] [1 1/2 GÍN.TA] [1 ma-na]-um ki-ma [a-wa]-at kà-ri-im ēí-ib-tám i-na ITU.KAM-im ú-ēa-áb,"Seal of Ilṣ-ašranni, son of AŠšur-(šb, seal of ṭu-Suen, son of Dadum, seal of Ennam-B*lum, of the remainder of the debt of Ir’am-AŠšur. In month I, eponymy of the successor of AŠšur-nšdš, to/within [................] he will pay. [If he does not pay] [1ā shekels per] mina, in accordance with the regulation of the colony he will add as interest per month."
199. Kt 91/k 523 (1-376-91),i-na ma-na-im ša A-mur-{d}UTU ba-lúm du-na-e i-ta-ki-is i-ēé-er Ir-ma-A-šùr I-ri-ší-im ù Ili₅-me-ta-ku Ú-ēur-ša-A-šùr i-šu iš-tù ha-muš-tim ša A-šùr-i-dí ù Šu-IŠtar ITU.KAM kan-wa-ar-ta li-mu-um {d}IŠKUR-ba-ni a-na 4 ha-am-ša-tim i-ša-qú-lu šu-ma lá iš-qú-lu 1ṣ GÍN.TA i-ITU.KAM-im ú-ēú-bu KÙ.B. i-qá-qá-ad šál-mì-šu-nu ra-ki-is IGI DÙG-A-šur IGI Šu-IŠtar,"he cut it off with the (1-)mina weight of Amur-ṭamaš, without surcharge - Ir’am-AŠšur, Irišum and Ilṣ-wedšku owe to U,ur-ša-AŠšur. From the week of AŠšur-idṣ and ṭu-IŠtar, month IX, eponymy year of Adad-bšni, they will pay within 4 weeks. If they do not pay they will add Šan interest of) 1ā shekel per mina per month. They are jointly liable for the silver. In the presence of -šb-AŠšur, of ṭu-IŠtar."
200. Kt 91/k 325 (1-182-91),ēa-ru-pá-am bé-ú-la-tim ša Ir-ma-A-šùr A-šùr-GAL ú-kà-al iš-tí KÙ.B. A-šùr-GAL uk-ta-al IGI A-šùr-GAL IGI En-um-A-šùr Šremainder not inscribed),"silver, the working capital of Ir’am-AŠšur, AŠšur-rabi has in his possession. With the silver AŠšur-rabi is held Šin service). Witnessed by AŠšur-rabi, by Ennam-AŠšur"
201. Kt 91/k 516 (1-369-91)#,KIŠIB Šu-mì-a-bi₄-a DUMU A-ba-ra-a KIŠIB En-na-nim DUMU Šu-Hu-bur KIŠIB Puzur₄-IŠtar DUMU A-šùr-ták-lá-ku 3 ⌈+? G⌉[ÍN K]Ù.B. ēa-ru-pá-am a-na Puzur₄-IŠtar a-šu-mì Šupside down) Ir-ma-A-šùr A-šùr-DÙG iš-qú-ul a-na mì-ma šu-um-šu Puzur₄-IŠtar Šupside down) a-na Ir-ma-A-šur lá i-tù-ar iš-tù ha-muš-tim ša Kur-ub-IŠtar ITI.KAM ša sá-ra-tim Šupside down) li-mu-um ša qá-té En-na-Sú-in seal ? bulla Kt n/k 1717. user,"Seal of ṭumi-abia, son of Abaraya, seal of Ennšnum, son of ṭu-Hubur, seal of Puzur-IŠtar, son of AŠšur-taklšku. 3 +? shekels of refined silver AŠšur-(šb paid to Puzur-IŠtar in the name of Ir’am-AŠšur. Puzur-IŠtar will not come back for anything, whatsoever, on Ir’am-AŠšur. From the week of Kurub-IŠtar, month III of the eponymy of the successor of Ennam-Suen was the creditor Puzur-IŠtar, who must have in-"
202. Kt 91/k 492 (1-345-91),2 ma-na KÙ.B. a-Ba-zi-a 1 ma-na KÙ.B. ù ēí-ba-sú ša Dan-A-šur 1 ma-na KÙ.B. É kà-ri-/im ṣ ma-na KÙ.B. Wa-wa-li A-šur-i-mì-tí ŠÀ.BA 2ṣ ma-na ṣ GÍN KÙ.B. Ir-ma-A-šur i-lá-qé mì-ma a-nim a-na Ir-ma-A-šur e-zi-ib IGI Šu-IŠtar DUMU Da-da-nim IGI Sà-ba-sí-a,"2 minas of silver for Baziya; 1 mina of silver with the interest on it of DŠn-AŠšur; 1 mina of silver of the colonial office; ā mina of silver Wawali (and) AŠšur-imittṣ - Of this Ir’am-AŠšur will take 2 minas 30ā shekels of silver. All this I left to Ir’am-AŠšur, in the presence of ṭu-IŠtar, son of Dadšnum, and of Sabasiya."
203. Kt 91/k 494 (1-347-91)#,"Puzur₄-A-šùr ù Ir-ma-AŠur i-na a-lim{ki} iē-bu-tù-ni-a-tí-ma um-ma Ir-ma-A-šùr-ma a-na Puzur₄-A-šùr-ma āup-pé-a i-na Wa-ah-šu-ša-na : ta-áp-té-[m]a āup-pá-am ša + ma-na 5 GÍN KÙ.B. ša Pí-lá-ha-a-nim DUMU Da-nu-um-ì-[lí] tal-qé āup-pá-am : ša 15 GÍN KÙ.[B.] ša Kà-as-kà-nu-i-il₅ : tal-q[é] um-ma Puzur₄-A-šur-ma : ke-na al-qé : ša-zu-uz-ti : a-ta ù Puzur₄ {d}UTU DUMU Šu-⌈Nu-nu⌉ [ší?]*-sí-a : [l]á-lik-ma [me-e]⌈h-ri-a ù⌉* ta-[ah-s]í-sà-ti-a [lá-mur-ma x x ]-nim-ma [x x x x x x] x* [x x x x]-lá DUMU Šu-Nu-nu [na-áš-a⌉-kum : a-ēé-er [x ma-n]a *1, GÍN KÙ.B.-pì-kà 1 ma-na ⌈ú-r]a-da-ma : ú-šé-ba-lá-ku-ma ù i-na e-lá-i-kà : lu ni-iz-ku a-na a-wa-tim : a-ni-a-tim kà-ru-um Kà-ni-iš{ki} i-dí-ni-ma IGI GÍR ša A-šùr ší-bu-tí : a-dí-in IGI Bu-⌈za-zu⌉ DUMU Pu-šu-ki-in Li-ip-tí-IŠtar DUMU IŠ-ma-A-[š]ur tap-pá-i","Puzur-AŠšur and Ir’am-AŠšur seized us in the city and Ir’am-AŠšur said to Puzur-AŠšur: ŠYou gained access to my tablets in Wahšušana and you took a tablet of 45 shekels of silver of Pilahšnum, son of Dannum-ilṣ, (and) you took a tablet of 15 shekels of silver of Kaskanu’ilš. Puzur-AŠšur answered: ŠIndeed, I took (them). You, as my representative, and Puzur-ṭamaš, son of ṭu-Nunu, must settle accounts, then I will go [to inspect] my copies and memos ...................................... ....................................... ...........la, the son of ṭu-Nunu [is bringing?] to you. To your [x mina] 1. shekel of silver [I will ad]d 1 mina and send it to you and when you come here, we must clear accounts. For these words the Kanesh colony made me available and before the dagger of AŠšur I gave my testimony. In the presence of Buzšzu, son of P)šu-k*n; Lipit-IŠtar, son of IŠme-AŠšur was my companion."
204. Kt 91/k 512 (1-365-91),Ir’am-AŠšur three men him Švia another making,"claim on him by ṭuli, son of Buzutaya, who had purchases Špresumably in Assur). One of them"
205. Kt 91/k 335 (1-192-91,KÙ.B. i-li-bi₄ Ir-ma-A-šùr XII. ŠALIMMA,silver due from Ir’am-AŠšur. (206-210b)
"206. Kt 91/k 385 (1-239-91) """,a-na Lá-ma-sà-tim ú ša-lim-ma qí-bi-ma um-ma Um-mì-IŠ-ha-<ra>-ma a-dí-i ša ta-áš-pu-ri-ni : um-ma a-tí-ma mì-šu-um ma-ma-an : lá i-(a-ra-dam ší-pá-ar-šu i-li-kam-ma : a-na-ku a(-ru-ud : a-dí ú ší-ni-šu aq-bi-šu-ma li-bu-šu : i-ta-na-a)-/ra-áp um-ma šu-ut-ma : a-dí : ma-lá : ú ší-ni-šu na-áš-pé-er-tí : i-li-ik-ší-im-ma a-lá-kam lá ta-mu-a : ša a-ša-pá-ru-ší-ni-BA na-áš-pé-ra-tí-a iš-té-et : ú ší-ta : ša a-wi-lúm : a-wa-tim : i-ta-ah-dar [u]m-ma šu-ut-ma iš-tù : a-lá-kam : lá ta-tù-ri-ma : lá ta-qá-bi-im šu-ma : a-ha-tí a-tí : a-wa-tim : sà-ra-tim lá ta-áš-ta-na-pá-ri-im : a-na KÙ.B. lá ta-ša-pá-ri-šu-um : a-šu-mì KÙ.B. um-ma šu-ut-ma : ma-lá-ma-a : KÙ.B. gám-ri-ša : gi₅-mì-lam₅ : i-)é-er um-mì-ša ú-ul a-he-ša lá-áš-ku-un ú-ul i-na ba-áb-tí-a : KÙ.B. 10 GÍN lá i-ba-ší ú šu-ma : i-na ba-áb-tí-a lá-šu KÙ.B. 10 GÍN : ma-lá : gám-ri-ša iš-tí um-mì-ša : ú <<ta>> a-hi-ša lu té-ri-iš-ma a-na-ku : a-na-kam : lu-ta-er-šu-ma lu ta-ta-al-kam : mì-ma : a-wa-tim ú na-áš-pé-ra-tim : lá ta-áš-ta-na-pá-ri-im i-na pá-ni : a-wi-lim : tù-uš-ta-zi-zi,na-áš-pé-er-tim ma-lá i-)é-er i-li-kà-/ší-ni lá ta-mu-ú mì-ma aq-bi-šu-ma 1/2 ma-na
"207. Kt 91/k 386 (1-240-91)""",[KIŠIB ................] [KIŠIB .................] [a-na .....................] ù ša-li-ma a-ša-at Ir-ma-A-šur,"[Seal of ................and ] [seal of .................] [to Lamassitim] and šalimma, the wife of Irma-AŠšur"
208. Kt 91/k 499 (1-352-91),um-ma ša-lim-ma-/ma a-na šu-IŠtar ù a-na A-šùr-i-mì-tí <qí-bi-ma > a-na A-šùr-i-mì-tí qi-bi-ma me-er-i a-ta : ta-ma-lá-ki ša Šup-pé-a pí-tí-a-ma Šup-pá-am ša hu-bu-ul Ili₅-ba-ni šé-li-a-ma šu-IŠtar lu-ub-lá-šu a-na-kam : )a-al-tám iš-tí-a e-pu-/uš-ma li-bi₄-i da-ni-iš uš-ta-am-ri-i) me-er-ú-a a-tù-nu ih-da,"Thus šalimma, say to šu-IŠtar, and AŠšur-imittṣ, especially to AŠšur-imittṣ: ŠPlease, my son, open my tablet coffer and take out of it the tablet of the debt of Ilṣ-bṭni and let šu-IŠtar bring it here. Here he has started a fight with me and has offended me seriously. Please, my sons, pay attentionš”"
"209. Kt 91/k 518A/B (1-371-91)""",i-na ha-a[r-pì-im ...................] i-ša A-na ⌈KÙ.B. i⌉-[ša-qú-lu] KÙ.B. i-na *áb-nim ni-⌈a-tim] ta-ki-tám i-ša-qú-lu (1 cm. blank) 15 GÍN KÙ.B. i-)é-er IŠ-ha-ša-ra ú A-li-a-ah-/šu-šar ša-lim-ma tí-šu 6? na-ru-uq ú-(á-tí-im / i-na ŠÀ.BA na-ru-uq ú 2 kà-ar-pá-at ar-ša-tim )í-ib-tám ú-)ú-bu i-na ha-ar-pì-im i-ša-qú-lu ú 10 ak-le ú-)ú-bu IGI I-na-Sú-in IGI Ta-ra-ak-ša IGI Ta-ri-ku-ta šu-ma KÙ.B. ú-ta-ru*-nim i-ša A-na i-ša-qú-lu,"in sum[mer they will..................], at Anna’s festival they will pay the silver. They will weigh it out by our weight, in the correct amount. 15 shekels of silver IŠhašara and Ali’ahšušar owe to šalimma. 6? sacks of grain, - thereof 1 sack and 2 jars of wheat they will add as interest – they will pay in the summer and they will add 10 breads. Before Ennam-Suen, before Tarakša, and before Tarikuta. When they give back silver they will pay at Anna's festival."
210. Kt 91/k 522 (1-375-91),⌈É⌉ ša IŠtar-lá-ma-/sí ù A-šùr-DÙG a-na 2ē ma-na,The house of IŠtar-lamassṣ and AŠšur-āṭb they sold to šalimma
211. Kt 92/k 102,um-ma I-dí-Sú-in-<ma> a-na En-na-Sú-in qí-bi₄-ma mì-šu ša ta-áš-pu-ra-ni um-ma a-ta-ma AN.NA a-na ni-ip-lá-/tim al-qe-ma 7 GÍN.TA a-na KÙ.B. pá-i a-dí-in AN.NA-kam [tù-u]b?-lá-šu-ma* tù-pá-āé-er-šu tù-BA-li-ih šu-/ma a-ta AN.NA a-na KÙ.B. ta-lá-qé-am mì-šum sú-ri : té-ta-na-pá-áš-ma ša tù-BA-li-hu li-bi₄ ú-lá ma-ri-i' ù a-na KÙ.B. ša té-ri-šu-ni li-bi₄ ú-lá ma-ri-i' mì-šum TÚG ša a-ha-tí a-na li-ta-áb-ší-a tù-šé-bi₄-lá-/ni ta-ak-lá ù TÚG lu-bé-⌈ri?]* [ša] ta-ak-lu-ú : šé-bi₄-lam [x ] a-ta-al-kam-ma x x KU x x x x*,"Thus Iddin-Suen say to Enna(m)-Suen: ŠWhy did you write me as follows: ‘I took the tin as balance payment and I have promised a rate of 7 shekels to 1 in silver.’ You took along the tin and unpacked it, you have .......... If you want to take tin for silver why do you keep practicing deceit, so that I cannot fail to be angry because you have .............. and angry too about the silver that you requested? Why have you held back the garment my sister had sent me to wear? Send me also the ..... garments that you held back,. [then] leave and come here ...............”."
212. Kt 92/k 112,"um-ma I-dí-Sú-in-ma a-na Ili₅-ba-ni A-b[i-lá?]* ù En-na-Sú-in [qí-bi₄-ma] i-na pá-na ú-nu-tí-[a?] la₁-dí-a-am-ma mì-""[u] ú-nu-tí-a ta-at-ba-al-m[a] ni-kà-sí iš-tí-a ú-lá ta-sí ù u₄-ma-[am] lu-qú-tí x* ta-ar-de₈-⌈a⌉-/ma ku-nu-ke ša a-bi₄-/a ù um-mì-a-ni-a ú-lá a-mu-ur ku-nu-ke tù-pá-āé-er-ma tu-BA-li-ih TÚG 'u-ba-/tám na-ar-ba-am a-ha-tí tù-šé-bi₄-lam a-ta TÚG ta-ak-ta-lá šu-ma a-šu-um TÚG a-mì-e-im ki-ma (eras) ša a-bi₄-kà na-pá-áš-/ta-[kà?] lá a-ki-is mì-nam ha-bu-lá-ku-ma 3 TÚG 'ú-[ba-tí-a] ta-ak-ta-lá ki-ma [a-ta?] sà-ra-tí-ni-m[a .......] pu-ru-sà ⌈i-dí⌉*-ni a-na-ku lá i-de₈-e mì-šum a-ta ú-nu-tí-a ta-at-⌈ba-al]","Thus Iddin-Suen say to Il'-bēni, Ab[ila?] and Enna(m)-Suen: ŠI wished to deposit my goods at the start, so why have you taken away my goods without having settled accounts with me? And today you have taken along my merchandise and the seals of my father and my investor(s), you have broken these seals without me even having seen them and so have ......... My sister sent me a soft garment, but you have held back that garment. If, because of this textile, as if it were your father’s, I have not cut your throat, what then do I owe you that you have held back 3 textiles of mine? That ....... you are false(?) and the decision of ............, would I not know that? Why have you taken away my goods?”"
213. Kt 92/k 116 (1-78-92),"um-ma I-dí-Sú-in-<ma> a-na En-na-Sú-/in qí-bi₄-ma 'ú-ha-<<'ú>>-ra-am ga-lá-ba-am ⌈Ha⌉-dí-a-⌈šu* x ⌉*-ra-dé-am ⌈dí-""]u-m[a* x x⌉* li-qí KÙ.B. ku-šu-ud 3 ku-ta-ni ù TÚG a-bar-ni-am ša ta-ak-lu-/ú a-na Ha-dí-a-šu dí-in-ma : lu-ub-lam a-dí : a-ma-kam wa-áš-ba-tí-ni sí-ku-/šu kà-[il₅] šu-ma lá i-lá-kam kam","Thus Iddin-Suen, say to Ennam-Suen: ŠThe boy who is a barber Hadiaššu is leading to you. Sell him and collect [his price?], Šand so) obtain silver. The 3 kutṣnu-textiles and the Abarnian one that you held back, give them to Hadiaššu to bring them to me. As long as you stay there you must hold him by his hem. If he does not come ........“"
215. Kt 92/k 139,a-na Ku-ku-a En-na-Sú-in ù Ú-'ú-<ur>-ša-A-šur qí-bí-ma um-ma Šu-IŠtar-ma a-ma-kam a-am-tám sà-ni-qá-ma i-na Ú-zi-/ni-im e té-pu-uš-ma nu-a-am e ta-al-pu-ut a-ni-ša-/am ta-áš-pu-ra-am um-ma ší-it-/ma šu-up-ra-ma ší-me-a ma-ma-an li-il₅-qé a-hu-a-tù-nu a-ma-kam am-tám sà-ni-qá-ma ú sí-li-a-ší-ma um-ma a-tù-nu-ma a-na 'é-er be-li-ki-i i-ra-de₈-ú-ki lu sà-he-er-tí-ki lu KÙ.B. 1 GÍN tí-šu-i pá-hi-ri-ma KI a-li-ki-im pá-ni-ma a-na 'é-er be-li-ki-i ta-li-ki a-na-ma tù-pá-hu-ru-ni 'ú-ba-sà-a ù ša qá-qí-/dí-ša-a eā-ra-ma a-na Ta-al-ha-tí-i-im dí-na-ší a-na DUMU A-šùr ù DUMU Kà-né-eš lá ta-dá-/šíʾ ha-li-qá-áš ù ma-at Kà-ne-eš lá i-na-mar,"Say to Kukua, Ennam-Suen and U)ur-ša-AŠšur, thus šu-IŠtar: ŠKeep the maid there under control and let her not operate in Uzinum and not affect the native Anatolian. She wrote me here as follows: ‘Send (somebody) to collect the price due to me’. May dear colleagues, keep the maid there under control and cheat her by telling her: ‘One will conduct you to your lord. Collect your small goods and any silver you have and then you will go to your lord with the first caravanš’ And as soon as she is gathering her belongings deprive her of her garment and her head-dress and sell her to somebody from Talhat. Do not sell her to an Assyrian or to a citizen of Kanesh. Get rid of her and she shall never (again) be seen in the land of Kaneshš”"
216. Kt 92/k 181 (1-139-92),um-ma Šu-IŠtar-ma a-na En-na-Sú-in qí-bí-ma mì-šu ša ta-áš-pu-ra-ma um-ma a-ta-ma ) ma-na KÙ.B. hu-bu-lá-am a-ma-at-kà té-pu-uš a-'é-er ra-ga-at-/ni ù hu-bu-lá-am a-na na-q/ki-ša-a té-pá-áš 10 ma-na 10 GÍN KÙ.B. šé-bu-lá-tim uš-té-bi₄-lá-ší-im a-ma-kam : a-ta ù-la ta-na-āá-al aʾ-ma i-a-tí-i ta-[ā]á-ba-am* a-[a]m-tám ha-li-iq a-na Ta-al-ha-tim dí-i-ší a-na DUMU A-šùr lá ta-dá-⌈ší⌉,"Thus šu-IŠtar, say to Ennam-Suen: ŠWhy have you written me as follows: ‘Your maid has contracted a debt of + mina of silver’. She is not only wicked, but is also contracting a debt for her .......... I have sent her consignments of silver amounting to 10 minas and 10 shekelsš Over there, you are not even lookingš Is it really to me that you are being nice? Get rid of the maid, sell her to a man from Talhat, do not sell her to an Assyrianš”"
217. Kt 92/k 120 (1-82-92),a-hu-a-tù-nu ú-āù-tám lu tù-pá-qí-dá nu-dí-ma a-lá-nu-ma lá tù-pá-ra-dá-šu 'ú-ba-sà-a ù ší-it-/ar-ša-a eā-ra-šu a-na DUMU A-šùr ù a-na DUMU Kà-né-eš lá ta-dá-na-šu a-na Ta-al-ha-/tim dí-na-šu ú a-ša-ar ta-dá-na-ni um-ma a-tù-nu-ma a-na ma-at Kà-né-éš a-wi-il₅-tám lá tù-ta-ra-nim,"ŠPlease, my brothers, you must provide (her?) with barley ............., and from there(?) you must not scare herʾ. Deprive her of her garment and her head-dress. You must not sell herʾ to an Assyrian or to a citizen of Kanesh. Sell herʾ to a man from Talhat and where you sell (her) you must say: ‘Do not bring the woman back to the land of Kaneshš’ ”"
218. Kt 92/k 101 (1-63-92),a-na Ás-*q[ú-dim? ù] A⌉-bi₄-lá qí-bí-ma [um-ma I]-dí-Sú-in-/ma i-na UR[UDU A⌉-šur-i-dí 1 GÚ URUDU SIG₅ [a]-na En-na-Sú-in dí-⌈in⌉ a-hu-a a-tù-nu ih-da-ma URUDU A-šur-i-dí ša-áš-qíʾ-lá : ù na-pá-al-tù-šu šu-up-ra-nim ù 5 GÚ URUDU ša Šu-IŠtar li-iš-qú-ul ba-lu-um té-er-tí-a KI a-wi-lim i-mì-gi₅-ir i-ša-ha-at En-na-Sú-in i-zi-za-ma a-na kà-ú-l[i-šu] ù ša?-ku-*[li]?-šu ma-h[a- x],"Say to Asq[udum? and] Abila thus Iddin-Suen: ŠGive from AŠšur-id'’s copper 1 talent of refined copper to Ennam-Suen. Please, my brothers, take care to make AŠšur-id' pay the copper and write me also his reaction. He must also pay 5 talents of copper of šu-IŠtar. He has come to an agreement with the man without an instruction of mine. Assist Ennam-Suen and be ready? to support him and to provide him with foodš."
219. Kt 92/k 182 (1-142-92),um-ma A-šùr-i-mì-tí-ma a-na En-nam-A-šur qí-bi₄-ma 5 né-nu a-wa-tí-ku-nu ni-ig-mu-ur-/ma 24 TÚG.HI.A ma-ah-ri-ni i-ší-ik-nu 6 TÚG.HI./A Kà-zi-a ta-al-qé 18 TÚG.HI.A ší-tám En-na-Su-in ú-ba-li-iā-ma lu ša li-tí-šu lu ša ma-ku-ur ša-bu-a-tí-ni a-na ša-al-ša-tí-/ku-nu a-ta-wa a-ma-kam ma-ma-an lá ú-ša-ha-az-/kà-ma iš-tí a-hi-kà lá ta-'a-al iš-tí a-hi-kà lu āá-ba-tí,"Thus AŠšur-imitt', say to Ennam-AŠšur: ŠThe five of us settled your{plur}. affair and 24 textiles were submitted to us. 6 textiles Kaziya took, the remaining 18 textiles Ennam-Suen has made available as asset, so that you are satisfied both with his ......... and with what is ........ About your one-third share you must negotiate. Over there nobody must instigate you to quarrel with your brother(s); be on good terms with your brother(s)š”"
220. Kt 92/k 175,Ennam-Suen AŠšur-šamš'. um-ma A-šur-i-mi-tí ù A-ku₅-a-ma a-na DINGIR-ba-ni ù Sú-in-DINGIR-šu qí-bi-ma ta-ah-sí-is-tam ša a-wa-at En-na-Sú-in ù A-šur-{d}UTUŠ{i} ni-ig-mu-ru a-ma-kam lu i-na qá-tí a-wil-il₅-/tim lu i-na āup-pé-eʾ(IM) ša ku-nu-ki-ni am-ra-ma ma-la a-wa-tù-šu ga-am-ra-ni dí-na-šu-ma li-il₅-ma-sí lá-šu-a-at a-wa-tí-šu né-nu : nu-kà-a-al ù a-tù-nu a-ma-kam ma-lá tù-kà-lá-ni lá-pì-ta-ni-ma a-wa-at-/ni a-na iš-té-et (eras.) li-tur₄-ma a-na-kam a-wa-sú lu ni-iq-bi₄-šum A-na-ah-ì-lí ha-mu-uš-ni a-na DINGIR-ba-ni qí-bi₄-ma ša 3 ma-na KÙ.B. ú-mu-kà e-ta-at-qú-ú ù KÙ.B. *x-na-x : im-tí-'í-/x? ma-lá K[Ù.B. qá]-at-kà i-kà-[šu-d]u a-na En-na-Sú-in dí-in-ma lu-ub-lam ki-a-a-ma : wa-áš-ba-/ku 5 GÍN KÙ ig-ri-šu / dí-in,"Thus AŠšur-imitt' and Ak*a, say to Il'-bēni and Suen-ilšu: ŠLook for the document (recording) that we settled the affair of Ennam-Suen and AŠšur-šamš', either among what the lady has with her or among the tabletsʾ under our seals and give him the record declaring that his whole affair has been settled, so that he can take cognizance of it. If it is not there, we remember his words and you there must write down everything you remember, so that our statement becomes one and the same and we can tell him here Šthe outcome of ) his affair. ṭnah-il' was our fifth man.” Say to Il'-bēni: ŠYour term for the 3 minas of silver has passed and the silver ................................ Give all the silver you manage to acquire to Ennam-Suen to bring it here. It is for that reason that I am stayingš Give him 5 shekels of silver as wages."
221. Kt 92/k 176 (1-135-92),"a-na 'é-er A-šùr-UTUŠ{i} i-na ba-[áb] ha-ra-ni-šu né-ru-u⌈b-ma u⌉m-ma En-na-Sú-⌈in] a-na A-šùr-UTUŠ{i}-[ma] a-pu-na lá-ma kà-sà-am ni-iš-tí-ú : a-wa-tí-im lá-ta-wu-kum li-ba-tim lá ta-ma-lá : i-nu-mì i-n[a] Wa-áš-ha-ni-a ú-kà-i-lu-ni-n[i] 2 ma-na KÙ.B. a-ha-ti tù-šé-bi-lá-kà um-ma A-šùr-[UTU]""{i} ke-na tù-šé-bi-lá-ni-/ma ú-lá a-dí-na-kum um-ma En-na-Sú-i[n]-ma u₄-ma-am a-ha-tí ta-tù-ra-am um-ma ší-it-ma ta-al-tám-/nam KÙ.B. ù 'í-ba-tí-šu` ša iš-tù 8 ša-na-/tim šé-'í-ma dí-nam um-ma A-šùr-UTUŠ{i}-ma e-ni-ma-ma a-na šé-ep A-šur-i-mì-tí am-qú-ut : a-hu-ú-a : a-tù-/nu a-ma GUŠKIN 15 GÍN ù 1 ma-na sà-am-tum ma-lá ta-le-/a-ni É.GAL-lam āá-i-ba um-ma A-šùr-UTUŠ{i}-ma a-n[a] En-na-Sú-in-ma šu-ma KÙ.B. a-na m⌈a-dí⌉-im i-tù-ar al-kam-ma ší-b[é]-kà la-a'-ba-a[t]-ma ma- e-pá-ší-im ep-ša-ni um-ma En-na-Sú-in-ma a-na A-šùr-UTUŠ{i}-ma É.GAL-lúm KÙ.B. ma-dam i-'é-ri-a <i-šu >","We entered with AŠšur-šamš' when he was about to go on a journey and Ennam-Suen said to AŠšur-šamš': ŠPlease, before we drink from the cup I want to declare something to you, do not get angryš When they detained me in Wašhaniya did my sister send you to me with 2 minas of silver?” AŠšur-šamš' answered: ŠSure, she sent me, but I did not give it to you.” Ennam-Suen then said: ŠToday my sister has come back here and she said: ‘You have done me wrongš Produce the silver and its interest due since eight years and give it to meš’” AŠšur-šamš' answered: ŠJust now I have humbly begged AŠšur-imitt', saying: ‘Please, my brothers, here are gold, 15 shekels, and 1 mina of carnelian, appease the palace as well as you can’”. AŠšur-šamš' also said to Ennam-Suen: ŠIf the silver (due) has increased much then come here, let me seize your witnesses and do with me what you think bestš” Ennam-Suen answered AŠšur-šamš' as follows: ŠThe palace <has> a substantial silver claim on me ....”"
222. Kt 92/k 166 (1-126-92),KIŠIB Zu-ba DUMU En-na-nim KIŠIB Puzur₄-{d}IŠKUR DUMU I-dí-IŠtar A-lá-bu-um DUMU Zi-a tap-pá-i-ni a-na a-wa-tim a-ni-a-tim kà-ru-um Kà-né-eš i-dí-ni-a-tí-ma āup-pá-am IGI <<IGI>> GÍR ša A-šùr ší-bu-tí-ni ni-dí-in,"Seal of Zuba, son of Ennēnum, seal of Puzur-Adad, son of Iddin-IŠtar; Ali-abum, son of Ziya, was our companion. For these words the Kaneš colony made us available and this tablet we gave as our testimony rendered before AŠšur’s dagger. (1-57-92)š"
223. Kt 92/k 95,A-šùr-UTUŠ{i} ù En-na-Sú-in i'-bu-tù-ni-a-tí-ma um-ma En-na-Sú-in-/ma a-na A-šùr-UTUŠ{i}-ma KÙ.B. ki-iš-da-tí-/a dí-nam um-ma A-šùr-UTUŠ{i}-ma KÙ.B. ú-lá a-da-na-kum a-na li-ta-tim Šover erasure) ak-ru-ub-kà um-ma En-na-Sú-in-<ma> mì-šu-um a-ta i-a-tí ta-kà-ra-ba-ni me-er-i-kà ku-ru-ub um-ma A-šùr-UTUŠ{i}-ma a-na ga-am-ri-kà a-na-ku a-za-za-kum IGI Zu-ba IGI Puzur₄-{d}IŠKUR A-lá-bu-um DUMU Zi-a tap-pá-i-ni a-na a-wa-tim a-ni-a-tim kà-rum Kà-ni-eš i-dí-ni-a-tí-ma āup-pá-am IGI GÍR ša A-šùr ší-bu-tí-ni ni-dí-in,"AŠšur-šamš' and Ennam-Suen seized us and Ennam-Suen said to AŠšur-šamš': ŠGive me the silver that accrues to meš. AŠšur-šamš' answered: ŠI will/can not give you the silver, for I have ...... you ........for ........ “. Ennam-Suen said: ŠWhy is it me that you are ..............me? .Do it to your sonsš” AŠšur-šamš' answered: ŠI will personally take your expenses for my accountš. In the presence of Zuba (and) of Puzur-Adad; Ali-abum, son of Zia was our colleague. For these words the Kanesh colony made us available and this tablet (with) our testimony we presented before AŠšur’s dagger."
224. Kt 92/k 187,"a-na A-šur-{d}UTUŠ{i} ù En-na-Sú-in qí-bi₄-ma um-ma A-al-DÙG-ma a-na A-šur-{d}UTUŠ{i} qí-bi₄-ma mì-šu ša ta-áš-pu-ra-ni-ni um-ma a-tù-nu-ma al-/kam 'í-tám ni-ša-kà-an tám-kà-ru-um i-na re-ší-/a i-za-az KÙ.B. 1 ma-na 91/k 201:13-18, “1) GÍN KÙ.B. [inēmi] / ana ṣlim il[iu] / ana AŠšur-mētappil / DUMU É? Itēr-ilš / ana ṣlim{ki} illikuni / akrubšum. 5 akrubšum. a-ša-qá-al : ke-e lá-li-kà-am ú-lá 10 GÍN KÙ.B. i-na qá-tí-a i-ba-ší a-hu-a a-tù-nu a-dí ITU.1.KAM qá-i-a-ni šu-ma e-mu-qá-tám e-pá-áš-ku-nu-ma ma a-kà-ri-im i-lá-/ak-ma kà-ru-um i-da-ku-nu ù a-na-ku qá-dí-ku-nu-/ma a-bi₄ a-ta šé-āù-ta-kà a-na-ku a-lá-qé a-lá-nu-kà-a a-ba-am ša-ni-am ni-šu a-na Tù-ùh-pì-a e-tí-iq-ma KÙ.B. 10 GÍN ù * ma-na ma-lá ga-am-ri-a : a-lá-qé-a-ma ù a-ta-bi₄-a-ma a-ta-lá-kam a-bi₄ a-ta DÍ-RI-ú*","Say to AŠšur-šamš' and Ennam-Suen, thus ṭl-ṣēb. Say in particular to AŠšur-šamš': ŠWhy are you{plur}. writing me as follows: ‘Come here, we must submit the expenditures’? The creditor keeps a check on me (because) I have to pay ṣlim{ki} 15 ana i-l[i-ú] ana Abu-šalim DUMU E-n[a -x x] / I-da-ZU ak-ru-ub; 30-33, [x x x] KÙ.B. inēmi / [ x x Cf. Kt 94/k 1071:1-5, 4 GÍN KÙ.B. / inēmi K. / ana ṣlim 1 mina of silverš How could I come while I do not even have 10 shekels of silver available? Please, my brothers, wait one month more for me. If he treats you in a violent way, yea even turns to the colony and the colony makes you appear in court, then I am with you in itš My dear father, could I hold you in contempt? Do we have any father but you? I will travel on to Tuhpiya and try to get some silver, 10 or 20 shekels, as much as I need for my expenses, then I will get moving and depart for you. You, my father, ................š"
225. Kt 92/k 96 (1-58-92),Šu-IŠtar ù En-na-Sú-in i'-bu-tù-ni-a-tí-ma um-ma En-na-Sú-in-ma KÙ ša qá-ta-at A-al-DÙG a-šu-mì Ki-li-ri-e ni-il₅-tap-/tù KÙ šu-qú-ul um-ma Šu-IŠtar-ma a-na 6 ITU.KAM ki-ma a-wa-at a-li-a : a-lá-kam-ma a-wa-tám a-dá-na-/kum um-ma En-na-Sú-⌈in⌉-ma šu-ma a-na 6 ITU.KAM a-na Ta-wi-ni-a lá [ta]-lá-kam-/ma a-wa-tám lá ta-dí-nam ba-lum dí-nim ba-lúm ma-mì-tim KÙ ú 'í-ba-tí-šu lá ta-dá/nam um-ma Šu-IŠtar-ma lá-dí-na-kum a-na a-wa-tim a-ni-a-tim kà-ru-um Ta-wi-ni-a i-dí-ni-a-/tí-ma IGI GÍR ša A-šur āup-pá-am a-ni-am ni-dí-/in/ IGI IŠtar-ba-ni IGI Ší-ma-ta-nim IGI Zu-NI-a Ma-num-ba-lúm-A-šur DUMU Du-ni-a ra-bu-ni,"šu-IŠtar and Ennam-Suen seized us and Ennam-Suen said: ŠThe silver for which we had our- selves registered as guarantors of Al-ṣēb concerning the Kilirians, pay that silverš. šu-IŠtar answered: ŠWithin 6 months, in accordance with the ruling of my city, I will come and render account to youš. Ennam-Suen said: ŠIf you do not come to Tawiniya within 6 months and do not render account to me, will you then not give me the silver and its interest without resorting to legal action or oath?” šu-IŠtar answered: ŠI will give it youš. For these words the Tawiniya colony made us appear in court and before AŠšur’s dagger we gave this tablet. Witnessed by IŠtar-bēni, by šimatēnum, by Zul/niya; Mannum-balum-AŠšur, son of Dunniya, was our fourth man."
226. Kt 92/k 171A/B (1-131-92),KIŠIB A-dé-lá-at KIŠ[IB Ir-am⌉- {d}A-šùr DUMU I-dí-ba-ni KIŠIB Pí-lá-ah-IŠtar DUMU I-bi₄-sú-a ša 12 GÍN KÙ.B. A-al-DÙG a-na Kur-ub-Sú-in ha-bu-lu-ma En-na-Sú-in qá-ta-tù-n[i] ⌈12⌉ GÍN KÙ.B. ki-ma missing missing 12 GÍN KÙ.B. ša A-al-DÙG a-na Kur-ub-Sú-in ha-bu-lu-ma En-na-Sú-in qá-ta-tù-ni KÙ.B. ki-ma Kur-ub-Sú-in Pilah-IŠtar il₅-qé En-na-Sú-in ki-ma A-al-DÙG KÙ.B. iš-qú-ul-šum šu-ma Kur-ub-Sú-in a-na A-al-DÙG i-tù-wa-ar Pì-lá-ah-IŠtar ú-ba-áb-šu KÙ.B. i-na li-mì-im Šu-da-a (eras) ITU.KAM Ku-zal-li il₅-qé IGI {d}IŠKUR-ELLAT IGI Ir-am-A-šùr DUMU Ì-dí-ba-ni,"Seal of Adad-ellat, seal of Ir’am-AŠšur, son of Idi-bēni, seal of Pilah-IŠtar, son of Ibisua, to the effect that ṭl-ṣēb owes 12 shekels of silver to Kurub-Suen and Ennam-Suen is guarantor The 12 shekels of silver instead of .... 12 shekels of silver, which ṭl-ṣēb owes to Kurub-Suen and Šfor which) Ennam-Suen was guarantor, Pilah-IŠtar collected that silver in the name of Kurub-Suen, Ennam-Suen paid it to him in the name of ṭl-ṣēb. If Kurub-Suen raises a claim Šfor it) for against ṭl-ṣēb, Pilah-IŠtar will clear him. He collected the silver during the eponymy of šudaya, in month XI. Witnessed by Adad-ellat, by Ir’am- AŠšur, son of Idi-bēni."
227. Kt 92/k 173A/B,KIŠIB Zu-ba DUMU En-na-nim,"Seal of Zuba, son of Ennēnum,"
228. Kt 91/k 493 (1-346-91),KÙ.B. 'a-ru-pá-am i-'é-er Ša-lim-A-hi-im ù Šu-Sú-in En-na Sú-in i-šu iš-tù SAG ITU.KAM ša ki-na-tim li-mu-/um ša qá-té Ì-lí-dan a-na ITU.KAM i-ša-qú-lu šu-ma lá iš-qú-lu 1) GÍN.TA : a-na 1 ma-na-im i-na ITU.KAM 'í-ib-tám ú-'ú-bu IGI IŠtar-DINGIR-šu DUMU A-šur-/ba-ni IGI A-da DUMU E-na-A-šur,"of refined silver šalim-ahum and šu-Suen owe to Ennam-Suen. From the beginning of month III, eponymy of the successor of of Il'-dēn, they will pay in a month. If they fail to pay they will add 1+ shekel per mina per month as interest. In the presence of IŠtar-ilšu, son of AŠšur-bēni, of Ada, son of Ennam-AŠšur."
229. Kt 92/k 180 (1-138-92),15 GÍN KÙ.B. 'a-ru-pá-am i-'é-/er Ma-lá-ba En-na-/Sú-/in i-šu iš-tù ITU.KAM Hu-bu-ur li-mu-um Šu-da-a DUMU En-na-nim a-na 3 ha-am-ša-tim i-ša-qál šu-ma lá iš-qúl ki-ma a-wa-at kà-ri-im 'í-ib-tám ú-'a-áb šu-ma DUMU A-šùr-DÙG a-na Ma-lá-ba i-tù-ru En-na-Sú-in ú-ba-áb-šu IGI Puzur₄-A-šùr IGI AŠšur-du-gu₅-ul,"shekels of refined silver Malaba owes to Ennam-Suen. From month VI, eponymy of šudaya, son of Ennēnum he will pay within 3 weeks. If he does not pay he will add interest according to the regulation of the colony. If the sons of AŠšur-ṣēb raise a claim against Malaba Ennam-Suen will clear him. Before Puzur-AŠšur, before AŠšur-dugul."
230. Kt 92/k 169,KIŠIB A-šùr-DÙG ⌈DUMU A⌉-hu-wa-/ KIŠIB Šu-A-nim DUMU A-ki-a-nim KIŠIB A-šur-du-gul DUMU Im-da-hi KIŠIB A-šur-⌈DÙG⌉ DUMU I-[d]í-ba-/ni 12 ⌈GÍN⌉ KÙ.B. i-['é-er] A-šùr-DÙG DUMU I-dí-ba-ni En-na-Sú-in i-šu ITU.KAM Na-<<ak>>-ar-ma-ak-/A-šur li-mu-um E-lá-li DUMU I-ku-nim 'í-ib-tám ki-ma a-wa-at kà-ri-im Kà-né-eš ú-'a-áb Šupside down),"qar Seal of AŠšur-ṣēb, son of Ahu-waqar, seal of šu-Anim, son of Akiēnum, seal of AŠšur-dugul, son of Imd'-ah', seal of AŠšur-ṣēb, son of Idi-bēni, Ennam-Suen has a claim of 12 shekels of silver on AŠšur-ṣēb, son of Idi-bēni; month II/III, eponymy of Elal', son of Ik*num. He will add interest according to the regulation of of the Kanesh colony."
231. Kt 92/k 165,"KIŠIB A-šur-be-el-a-wa-tim KIŠIB Zu-ba KIŠIB I-dí-IŠtar DUMU [ A-šur-/ma-lik KIŠIB En-num-A-šur DUMU A-šur-UTUŠ{i} KIŠIB Abu-ša-lim DUMU A-šur-be-el- a-/wa-tim 1/3 ma-na 8 GÍN KÙ. B. 'a-ru-pá-am i-'é-er A-bu-ša-lim DUMU A-šur-be-el-a-wa-tim En-na-Sú-in i-šu iš-tù ha-mu-uš-tim ša kà-ší-im ša qá-té A-šur-ma-lik ú En-na-Sú-in ITU.KAM ma-hu-ur-/ì-lí li-mu-um ša qá-té A-šur-na-/da DUMU Puzur-A-na 8 GÍN KÙ.B. a-na 3 ha-am-ša-tim i-ša-qal 10 GÍN KÙ.B. a-na 6 ha-am-ša-tim i-ša-qal 10 GÍN wa-ar-kà-tám a-na 10 ha-am-ša-tim i-ša-qal šu-ma i-na u₄-me-šu ma-al-ú-tim lá iš-qú-ul ki-ma a-wa-at kà-ri-im ⌈i⌉-ITU.KA[M] 'í-ib-tám ú-'a-áb KÙ.BABBAR ik-ri-bu ša A-šur awētim, because owners three envelope of BIN 4, 186 = EL 91), BIN 4, 186, Kt e/k 156:2, published","Seal of AŠšur-bāl-awētim, seal of Zuba, seal of Iddin-IŠtar, son of [ AŠšur-mēlik, seal of Ennam-AŠšur, son of AŠšur-šamš', seal of Abu-šalim, son of AŠšur-bāl-awētim. 28 shekels of refined silver Abu-šalim, son of AŠšur-bāl-awētim, owes to Ennam-Suen. From the week of the official who took over from from AŠšur-mēlik, and Ennam-Suen, month IV, eponymy of the successor of AŠšur-nēdē, son of Puzur-Anna, he will pay 8 shekels within 3 weeks, 10 shekels within 6 weeks he will pay, and 10 shekels he will pay later, within another 10 weeks. If he does not pay when his term is over he will add interest per month in accordance with the regulation of the colony. The silver is temple fund of AŠšur. other seals can be identified. seal of AŠšur-bāl-awētim, witness in our text, in in ArAn 7 (2004) 49 and 54, where, how-"
232. Kt 92/k 164,"KIŠIB Pí-la-ah-IŠtar DUMU I-bi₄-sú-a KIŠIB Šu-ma-li-bi₄-A-šur DUMU Ku-ús-ku-sí-im KIŠIB En-na-Sú-in DUMU A-mur-{d}UTU KIŠIB A-al-DÙG DUMU A-mur- {d}UTU ša hu-bu-ul En-na-Sú-in ù A-al-DÙG me-er-eʾ A-mur-{d}UTU 3) ma-na 5 GÍN KÙ.B. 'a-ru-pu-um iš-tù ha-mu-uš-tim ša A-šùr-i-mì-tí ù A-mur-IŠtar a-na 1 ma-na-im 2 GÍN.TA i-na ITU.KAM 'í-ib-tám ú-'ú-bu KÙ.B. i-na qá-qá-ad šál-mì-šu-nu ra-ki-is ITU.KAM ša sà-ra-tim li-mu-um ša <i>- qá-té Sú-kà-lí-a il-qé-ú Šinformation provided Ay,e Karaduman) absent envelope. second sealer,","Seal of Pilah-IŠtar, son of Ibisua, seal of šumma-libbi-AŠšur, son of Kuskusum, seal of Ennam-Suen, son of Amur-šamaš, seal of ṭl-ṣēb, son of Amur-šamaš, Što the effect) that the debt of Ennam-Suen and ṭl-ṣēb, sons of Amur-šamaš, is 3+ minas 5 shekels of refined silver. From the week of AŠšur-imitt' and Amur-IŠtar they will add per 1 mina 2 shekels per month as interest. For the silver they are jointly liable. Month II, eponymy of the one who took over from Sukkalliya. is Puzur-šadu’e, son of A-li-dí, but he is common to Kt n/k 1733 and 1879, is Pilahēya,"
233. Kt 92/k 163,"KIŠIB Ka-ku-a DUMU I-dí-IŠtar KIŠIB Puzur₄-{d}IŠKUR DUMU I-dí-IŠtar KIŠIB Na-ra-am-A-šùr DUMU Ì-dí-ba-ni KIŠIB Ha-na-na DUMU DINGIR-kur-ub * ma-na 5 GÍN KÙ.B. 'a-ru-pá-am ša ik-ri-bi : ša me-er-ú DINGIR-kur-ub i-'é-er En-na-Sú-in Šupside down) DUMU A-mur-{d}UTU ir-ší-ú-ni Šupside down) ki-ma me-er-e DINGIR-kur-ub KÙ.B. Šupside down) ù 'í-ba-sú Ha-na-na ša-bu āup-pu-um ša * ma-na 5 GÍN KÙ.B. ša hu-bu-ul En-na-Sú-in ša e-li-a-ni sà-ar šu-ma me-er-ú DINGIR-kur-ub a-na En-na- i-tù-ru-ú Ha-na-na ú-ba-áb-šu [Sú-/in KÙ.B. ša IGI En-na-nim ù DUMU ⌈x]* i-dí-nu-šu-ni fragment ICK 2, 189 Šdrawing Ka Hanana, Ilam-kurub (KKS 4b:1,","Seal of Kakua, son of Iddin-IŠtar seal of Puzur-Adad, son of Iddin-IŠtar seal of Narēm-AŠšur, son of Idi-bēni, seal of Hanana, son of Ilam-kurub. 25 shekels of refined silver, being temple funds, which the sons of Ilam-kurub had acquired as claim on Ennam-Suen, son of Amur-šamaš, Hanana, representing the sons of Ilam-kurub, is satisfied with the silver and its interest. The tablet of 25 shekels of silver, recording the debt of Ennam-Suen, which turns up is invalid. If the sons of Ilam-kurub raise a claim against Ennam-Suen, Hanana will clear him. (It is) silver that they gave him in the presence of Ennēnum and of the son of .......... 519 on pl. CXII), which is its lower edge. Its owner where {d}IŠtar is a mistake for DINGIR-lamš). It"
234. Kt 92/k 125 (1-87-92),{d}IŠKUR-ba-ni ù En-na-Sú-in ni-kà-sé i-sí-ú-ma 48) [ma]-n]a URUDU En-n[a]-Sú-in i-⌈ša-qal⌉ 31) ma-na URUDU {d}IŠKUR-ba-ni i-ša-qal IGI Puzur₄-A-šur,Adad-bēni and Ennam-Suen settled accounts and Ennam-Suen will pay 48+ minas of copper and Adad-bēni will pay 31+ minas of copper. Witnessed by Puzur-AŠšur.
235. Kt 91/k 551 (1-404-91),a-na Puzur₄-A-šur Id-na-a ù I-⌈ku-pí⌉-/A-šur qí-bi-ma um-ma āu-IŠtar-ma a-na Id-na-/a qí-bi₄-ma 3 ma-na KÙ.B. ṭa-ru-pá-am ha-bu-lá-at u₄-mu-kà 12 ha-am-ša-tim e-tí-qú a-hi a-ta KÙ.B. ú ṭí-ba-sú šu-qú-ul-/ma a-na té-er-tí-a li-dí-nu a-na ša ki-ma i-a-tí qí-bi₄-ma i-hi-da-ma KÙ.B. ú ṭí-ba-sú ša-áš-qí-lá-šu-ma a-na té-er-tí-a pá-ni-a,"Say to Puzur-AŠšur, Idnṭya and Ik(n-p'-AŠšur thus šu-IŠtar, say Šin particular) to Idnṭya: “3 minas of refined silver you owe (me), your term is 12 weeks overdue. Please, my brother, pay the silver and its interest and let them give it to where I will instruct’. Say to my representatives: ‘Take care to to make him pay the silver and the interest on it and transfer it to where I will instruct’.”"
236. Kt 91/k 536 (1-389-91),a-na Puzur₄-A-šur ú I-ku-pì-A-šur qí-bi₄-ma um-ma āu-IŠtar-ma be-lu-ú-a a-tù-nu i-hi-da-ma KÙ.B. ú ṭí-ba-sú-ú Id-na-<a> ša-áš-qí-lá a-le-e KÙ.B. [Id-na-a] 10 GÍN e-li-a-[ni] mì-li-ik šu-m[a] a-wi-lu-um KÙ.B. i-šu-ú {d}UTU-ba-ni na-hi-da-ma a-na ma-e ša-tá-e-em lá ú-ša-ar-šu KÙ.B.-pu-um KÙ.B.-áp-kà a-wi-lu-um la-mu-un e ú-ni-ku-nu-ma ih-/da KÙ.B ú ṭí-ba-sú ša-áš-qí-lá,"Say to Puzur-AŠšur and Ik(n-p'-AŠšur, thus šu-IŠtar: ŠPlease, my lords, take care to make Idnṭya pay the silver and the interest on it. Consider where silver of Idnṭya, if only 10 shekels, may turn up. If the man indeed has silver, then warn šamaš-bṭni that he must not allow him to drink water. (For) the silver is your silverš The man is a crook, let him not cheat youš Take care to make him pay the silver and the interest on itš”"
237. Kt 91/k 549 (1-402-91),[um-m]a āu-IŠtar-m[a] a-na Ku-da-dim Hu-ma-da-šu ù A-ba-mu-li qí-bi₄-ma 4 GÍN KÙ.B. a-na Ku-da-dim 2 GÍN KÙ.B. a-na Nu-hu-ša-tim a-ha-ma 5 GÍN KÙ.B. Ku-ra na-áš-<a>-ku-nu-tí iš-té-et : i-re-qám ša tí-ib-nim i-[na] Kà-n[i-/iš]* *x? e-zi-ib li-qí-a-ma li-ib-ší-a 15 GÍN KÙ.B. Hu-li ša-áš-qí-lá-šu-ma ša ' ma-na Šup-pu-šu lu-up-ta ' GÍN Du-du DUMU A-šur-DÙG ha-bu-lam šu-ma wa-ša-/áb KÙ.B. ša-áš-qí-lá-šu Šup-pu-šu i-na ta-ma-/lá-kà-[x] ša i-ku-nu-ke ša āa-lim-ma kà-an-/ku i-ba-ší,"Thus šu-IŠtar, say to to Kudṭdum, Humadašu and Abamuli: “4 shekels of silver for Kudṭdum, 2 shekels of silver for Nuhušatum, (and) separately 5 shekels of silver Kura is bringing you{plur}. One wagon load of straw I left behind in Kanesh. Take it and let it remain available. Make Huli pay 15 shekels of silver and draw up a debt-note of his for ) mina. Dudu, son of AŠšur-ēṭb, owes me ) shekel of silver; if he is staying there make him pay the silver. His debt-note is in the tablet box that is sealed with the seals of šalimma.”"
238. Kt 91/k 540 (1-393-91),"šu-IŠtar them about instruction they entrusted about half um-ma ⌈A?-mur?⌉-lu?-sú-/ma* āu-lí ù GE₆-li-IŠtar a-na āu-IŠtar qí-bi₄-ma ta-áš-pu-ra-am um-ma a-ta-ma 15 na-ru-/qá-tim ku-nu-ke-a : É Ga-lu-a e-zi-ib Šup-pá-am ša Pu-šu-ki-in am-ra-ma : ma-lá té-er-tim ša Pu-šu-/ki-in ep-ša i-na DUB-pì-im ša Pu-šu-ki-in 1 me-at 30 TÚG.HI,A lá-áp-tu(m) na-ru-qá-tim nu-ma-hi-ir-ma 1 me-at 16 TÚG.HI.A 60 TÚG.HI.A 10 na-ru-/qá-/tim a-na Hu-na* ú-ri-du IGI A-šur-ta-ak-/lá-ku IGI MAR.TU-ba-ni IGI En-na-A-šur ni-ip-qí-id 56? TÚG* S[IG₅]? x* ta-tim É Ga-lu-a* : i-ba-ší-ú","an important shipment of textiles, left behind by of them to a certain Huna, while the other half is Thus Amur?-(i)l(ssu, šuli and *illi-IŠtar, say to šu-IŠtar: ŠYou wrote us as follows: ‘15 bags under my seals I left in Galua’s house Find the tablet of P(šu-kān and act in accordance with P(šu-kān’s instruction’. In the tablet of P(šu-kān is written ‘130 textiles’, but when we took delivery of the bags there were (only) 116 textilesš 60? textiles (in) 10 bags went down to Huna, in the presence of AŠšur-taklṭku, of Amurrum-bṭni, (and) of Ennam-AŠšur. 56 textiles of good quality .......... are still in Galua’s house.”"
239. Kt 91/k 541 (1-394-91),[a]-na āu-IŠtar [q]í-bi₄-ma um-ma Ì-[l]í-iš-tí-kál-ma ki-ma ša-nu-a-tí-ni lá ⌈a⌉-tù-ra-[am] šu-ma mì-ma ha-bu-lá-ku-u[m] šu-šál-šu-um lá-áš-qú-ul IGI,"To šu-IŠtar speak, this is what Iliš-tikal says: ŠSince you were elsewhere I did not come back. Should I owe you anything, I will pay (it) threefold.”"
240. Kt 91/k 534 (1-387-91),[a-n]a āu-IŠtar qí-bi-ma um-ma Zu-ba Ma-ta-ga-x* ú {d}UTU-ba-ni-ma a-šu-mì ša-áp-tim ša ta-áš-pu-ra-/ni e(-lu-tum i-ma-qú-tù-/ni-ma ša-áp-tám iš-té-ni-/iš₆(IS) ni-dá-an-ma KÙ.B. ni-zu-wa-az{x}(ÁŠ) : *KI iš-⌈x/ x (x)⌉ a-na Pu-šu-ki-/in nu-šé-ba-lam a-šu-mì É{be}-{et} DAM.<GÀR>-ri-im ša{x}(ZA)-sà-im : qá-áb-a-tí-/ni a-na-kam iš-tí Ir-ma-A-šur a-ta-am-ga-/ar um-ma šu-ut-ma té-er-/tù-šu [a-ṭ]é-er I-ku-pì-/A-šur [ú i]-a-tí li-li-/kam-ma [la-dí]-na-ku-ma [x x ] *x ki-ma ak-lá-/ku-kà-ni [x x x x] gi₅-im-/lá-ni [ .............] [x x x x⌉* ša Ma-ma-a [(x) da-mì]?-iq-tám a-na x * ša-/áp-tám [ x x x a⌉-na ší-tí [ x x x ] šé-bi₄-lam,"Say to šu-IŠtar, thus Zuba, Mataga...., and šamaš-bṭni: ŠAs for the wool about which you wrote, when the men arrive here we will sell all the wool together and we will divide the silver and with ...... we will send it to P(šu-kān. As for calling at a merchant’s house Šfor a loan), as you have promised, I have here now come to an agreement with Ir’am-AŠšur and he said: ‘Let his instruction come to Ik(n-p'-AŠšur and to me, then I will give it to you’. ......... since I trust? you ............... do me a favor .............................. [..... wool?] of Mamma ...................... the wool ................ for the rest of .................... send to me.”"
241. Kt 91/k 542 (1-395-91),1 ma-na 10 GÍN KÙ.B. ṭa-ru-pá-am i-li-bi₄ I-ku-nu āu-IŠtar i-šu IGI A-da-da DUB.SAR IGI Im-li-kà-a 1 TÚG ku-sí- <<a>>- tám a-ha-ma e-zi-ib-šu-ma 7' GÍN KÙ.B. i-li-bi₄ I-dí-Da-ga-⌈an⌉ 5 GÍN KÙ.B. i-li-/bi₄ A-šur?-[m]a-lik * ma-na 8 GÍN AN.NA i-li-bi₄ Puzur₄-A-šur,"1 mina and 10 shekels of refined silver are owed by Ik(nu(m) to šu-IŠtar, witnessed by Adada, the scribe, and by Imlikaya. 1 kusētu-textile, separately, I left to him and 7) shekels of silver are owed Šfor it?) by Iddin-Dagan. 5 shekels of silver owed by AŠšur-mṭlik, 28 shekels of tin owed by Puzur-AŠšur."
242. Kt 91/k 544 (1-397-91),[x ma-na] 2 GÍN KÙ.B. [ṭa-r]u-pá-am i-ṭé-er Ì-lí-a-lim āu-IŠtar i-šu [I]GI Ì-lí-dan [D]UMU Id-na-A-šur IGI I-ku-pí-A-šur DUMU Puzur₄-IŠ-/tár IGI āu-ku-[bi-im] i-na ⌈x-x x⌉* lu iš-tù Ku-bu-ur-/na-at [ú]-šé-ba-lam [lu] i-na ba-a-áb-tí-šu a-lá-qé ší-tí KÙ.B. a-na ṭí-ib-tim a-la-qé-ma KÙ.B. ù ṭí-ba-sú Ì-lí-a-lim [ú-m]aʾ-lá,"[x minas and] 2 shekels of refined silver Il'-ṭlum owes to šu-IŠtar. Witnessed by Il'-dṭn, son of Id(di)n-AŠšur, by Ik(n-p'-AŠšur, son of Puzur-IŠtar, and by šu-K([bum]. On ................. he will send it me from Kuburnat or I will take it from his outstanding claims. The rest of the silver I will (then) borrow at interest and the silver and the interest on it Il'-ṭlum will compensate."
243. Kt 91/k 511 (1-364-91),2 TÚG.HI.A ku-ta-ni ša āu-IŠtar DUMU Lu-zi-ni a-na 27 ma-na URUDU ma-sí-im Li-ip-ta-/num a-na I-dí-A-šùr DUMU Dan-A-šùr i-dí-in a-na a-wa-tim a-ni-a-tim kà-ru-um Wa-ah-šu-ša-/na i-dí-ni-ma IGI šu-ga-ri-a-im ša A-šùr ší-bu-tí a-dí-in IGI Bu-za-zu DUMU Pu-šu-ki-in A-šùr-du-ri DUMU Puzur₄-IŠtar tap-pá-i,"Two kutṣnu-textiles belonging to šu-IŠtar, son of Luzini, Liptṭnum gave to Iddin-AŠšur, son of DŠn-AŠšur, for 27 minas of refined copper. For these words the Wahšušana colony made me available and before the š.-symbol of AŠšur I gave my testimony. In the presence of Buzṭzu, son of P(šu-kān. AŠšur-d(r', son of Puzur-IŠtar was my fellow witness."
244. Kt 91/k 546 (1-399-91),āu-IŠtar a-[na] Puzur₄-A-š[ùr] DUMU I-tù-u[r-DINGIR] iṭ-ba-at-ni-[a-tí-ma] um-ma āu-IŠtar-ma a-na Puzur₂-A-šùr-ma 4 GÍN KÙ.GI ša āa-at-A-šùr ha-bu-lá-/tí-ni SIG₅ DIRIG um-ma Puzur₂-A-šùr-ma ke-na ha-bu-lá-ku a-ša-qal +í-lu-lu ù Da-da-a DUMU *Ub?-ra-e-im IGI šu-ga-ri-a-i[m] ša A-šùr DU[B-pu-šu-nu] i-d[í-nu] āu-[ ] DUMU I-<zi>-za-am-ì-lí : ù A-bi₄-a DUMU A-⌈ta⌉ -a pá-šu-nu iš-me-ú,"šu-IŠtar seized us against Puzur-AŠšur, the son of It(r-il', and šu-IŠtar said to Puzur-AŠšur: ŠThe 4 shekels of gold, which you owe <to>? šṭt-AŠšur are of very good qualityš” Puzur-AŠšur answered: ŠIndeed, I owe it, I will pay.” *ilulu and Dadaya, son of the man from Ubra?. gave their ta[blet] before the š.-emblem of AŠšur. šu-[ ], son of Izizam-il' and Abiya, son of Ataya, heard their statement."
245. Kt 92/k 122 (1-84-92),4' GÍN KÙ.B. ša āu-IŠtar Be-lum-ra-bi₄ iṭ-ba-at um-ma Be-lum-ra-/bi₄-ma a-na a-wa-at āu-IŠtar ma-ṭa-ku IGI En-na-Sú-/in IGI Puzur₄-/ lá-ah IGI Ku-ra,"4) shekels of silver, belonging to šu-IŠtar, Bālum-rabi seized. Bālum-rabi declared: ŠI take the responsibility vis-à-vis šu-IŠtar.” Before Ennam-Suen, before Puzur-lah before Kura."
246. Kt 91/k 556 (1-408-91),Mu-za DUMU.<MÌ> Is-pu-nu-ma-an a-ša-at ṭu-Be-lim a-šar li-bi-<šu> ṭu-Be-lúm i-ra-dé-ší šu-ma mu-ṣú-ta-šu ta-mu-[ú] ú-ul ar-namʾ ù ší-lá-tám ta-ar-tí-ší 1 ma-na KÙ.B. a-na ṭu-Be-lim Mu-za ta-ša-qal-ma a-šar li-bi₄-šu ṭu-Be-lúm i-lá-ak IGI ēú-lu-lá IGI In-ba-A-šur IGI En-um-A-šur IGI Pé-ru-a,"Muza, daughterʾ of Ispunuman, is the wife of šu-BŠlum. šu-BŠlum can take her along where <he> wishes. If she wants to go away from him or commits a crime or an improper act, Muza will pay to šu-BŠlum 1 mina of silver and šu-BŠlum can go where he wishes. In the presence of Šulula, of Inib-AŠēur, of Ennum-AŠēur, of Perua."
247. Kt 91/k 558 (1-410-91),4 GÍN KÙ.B. ⌈li⌉-tí i-ṣé-er A-šur-ta-ak-lá-ku DUMU A-a-a ṭu-Be-lúm i-šu iš-tù ha-mu-uš-tim ša A-šur-ta-ak-lá-/ku ù E-me-me a-na ITU.KAM i-ša-qal šu-ma i-na ú-mì-šu ma-al-ú-tim lá iš-qúl 22) ŠE / KÙ.B. i-na ITU.KAM ú-ṣa-áb li-mu-um A-šur-na-da IGI A-šur-i-dí,4 shekels of l(ti-silver AŠēur-taklāku son of A’aya owes to šu-BŠlum. Reckoned from the week of AŠēur-taklāku and Ememe he will pay within a month. If he does not pay when his term is due he will add 1/8 shekel of silver per month. Year eponymy of AŠēur-nādā. Witnessed by AŠēur-idṭ.
248. Kt 91/k 557 (1-409-91),4 GÍN KÙ.B. i-ṣé-er x-A?*-šur DAM.GÀR i-šu ITU.KAM A-lá-na-tim a-na ITU.KAM i-ša-qal šu-ma lá iš-qúl * GÍN.TA i-na ITU.KAM ú-ṣa-áb li-mu-um A-šùr-na-da ha-mu-uš-tum ša qá-té Kà-ar-wa-a IGI A-šur-i-dí,"4 shekels of silver [........-AŠ]ēur owes to the creditor. Contracted in month XII. He will pay within a month. If he does not pay he will add as interest * shekel per month Year eponymy of AŠēur-nādā, week eponymy of the successor of Karwaya. Witnessed by AŠēur-idṭ"
249. Kt 91/k 560,"GÍN KÙ.B. i-ṣé-er now ištu hamuštim ša kaššim Kaniš(m,","3 shekels of silver Kt c/k 782, courtesy J.G. Dercksen."
250. Kt 91/k 561,[ KIŠIB ............]-A-šur KIŠIB A-šur-ta-ak-lá-ku KIŠIB Qá-ta-tim 4 1/6 GÍN KÙ.B. [ ] ..... [ ] [ ....................... ] i-ṣé-er Qá-t[a-tim] DAM.GÀR i-šu iš-tù seal ha-mu-uš-tim ša Kà-zi-a ù ṭu-Ku-bi₄-im ki-ma a-wa-at kà-ri-[im] ṣí-ib-tám i-na ITU.KAM ú-ṣa-áb ⌈KÙ.B.. .........x x Ib-ni- x [x]* unreadable traces of 2 lines,"Seal of [...........]-AŠēur, seal of AŠēur-taklāku, seal of Qatātum. 4 1/6 shekels of silver Qatatum owes to the creditor. Reckoning from the week eponymy of Kaziya and šu-KŠbum he will add interest per month according to the regulation of the kšrum. ............... Ibni- ............"
251. Kt 91/k 559 (1-411-91),A-šùr-ma-lik a-na ITU.3.KAM +up-pá-am ša ší-be-šu ù +up-pá-am (eras.) ša wa-ba-ar-tim ú-ba-lam-ma iš-tí ṭu-Be-lim e-ta-wu šu-ma a-na ITU.3.KAM A-šùr-ma-lik +up-pá-am ša ší-be-šu ú ša wa-ba-ar-tim lá i-ta-áb-lam ) ma-na KÙ.B. a-na ṭu-Be-lim A-šùr-ma-lik i-ša-qal : iš-tù ha-mu-uš-tim ša Bu-zu-ta-a ù A-šùr-i-mì-tí ITU.KAM tí-i-na-tim li-mu-um {d}IŠKUR-ba-ni Tù-ra-a En-na-Sú-in ù Mu-ti₁-A-šùr a-wi-lu a-ni-ú-tum da-a-nu,"Within three months AŠēur-mālik shall bring the tablet of his witnesses and the tablet of the trading-station and discuss with šu-BŠlum. If within three months AŠēur-mālik does not bring the tablet of his witnesses and the one of the trading-station, AŠēur-mālik will pay ) mina of silver to šu-BŠlum. Reckoned from the week-eponymy of Buzutaya and AŠēur-imittṭ, month X, eponymy-year of Adad-bāni. TŠraya, Ennam-Suen and Muti-AŠēur, these men acted as judges."
252. Kt 91/k 501 (1-354-91),"AŠšur-mēlik āl-ṣēb Ennam-AŠšur, um-ma A-šur-ma-lik-m[a] a-na A-al-DÙG ù En-um-A-šur qí-bi₄-ma 7 GÍN KÙ.B. ku-nu-ki-a A-šur-ta-ak-lá-ku na-áš-a-ku-nu-tí a-ma-kam ší-it-re ša pu-⌈ki⌉-im dam-qú-tim wa-at-ru-tim ša-ma-ma ku-nu-kà-ma a-na A-šur-tak-lá-ku dí-na-ma šu-ma e-eb-ru a-tù-nu [i]š-tí pá-ni-im-ma [p]ì-iq-da-ma Šù-ur-da-ni-šu-nu a-hu-ú-a-tù-nu ih-da-ma ú a-na-ku a-wa-at-ku-nu a-ša-me a-ma-kam 'ú-ha-ru-um lá i-na-ma-ar ar-hi-iš Šù-ur-da-ni-šu-ma a-wi-lam lu-(í-ba-am a-ha-ma ) GÍN KÙ.B. a-na Ì.GIŠ sà-ar-dim na-⌈ší a⌉-na A-al-DÙG qí-bi₄-ma a-dí-i KÙ.B. ša E-lá-lí/ni-ú-ma-/an ù DAM a-hi-kà i-na e-ra-áb a-wi-/il₅-tim [x⌉-bi₄-a","perhaps Elamma’s son of that name. Thus AŠšur-mēlik, say to āl-ṣēb and Ennum-AŠšur: ŠAŠšur-taklēku is bringing you 7 shekels of silver under my seal. Buy there scarfs? of pṣku-weave of extremely good quality, seal them and hand them over to AŠšur-taklēku and if you are really friends convey them to me with the first caravan. Heed my request, my brothers, and I too can listen to what you sayš The boy must not be seen there, send him quickly here so that I can please the gentleman. Separately he has with him * shekel of silver for (buying) olive oilš. Say to āl-ṣab: ŠAs for the silver of Elal/niuman and your brother’s wife, when the lady arrives ................”."
253. Kt 91/k 375 (1-232-91),a-na Ar-ší-ah-šu ù Pè-⌈ru⌉-wa qí-bi₄-ma um-ma Kà-sú-be-lí-/ma a-⌈hu⌉-a [a]-tù-[nu] be-lu-a a-tù-nu ) ma-na + GÍN KÙ.B. ù ⌈15⌉ ma-na URUDU ma-sí-a-am ku-nu-ki-a Be-lúm-ba-ni na-áš-a-ku-nu-tí SÍG.HI.A : za-ku-<tim> ša-ma-nim KÙ.B. ) GÍN lá ta-be-e-lá IGI A-šur lá-ak-ru-/ba-ku-nu-<tí> ar-hi-iš Šù-ur-da-ni-šu ku-'ú-um,"To Aršiahšu and Peruwa say, thus Kassu-bṭl': ŠPlease, my brothers my lords, 30+ shekels of silver and 15 minas of purified copper under my seals BŠlum-bēni is bringing you. Buy for me cleaned wool, do not try to save even half a shekel of silverš I will pray for you before AŠšur, Send him quickly, it is winter time.”"
254. Kt 91/k 308 (1-165-91),[u]m-ma Lá-li-a-ma a-na A-šur-e-nam ù Da-da-a qí-bi-ma a-na A-šur-e-nam qí-bi-ma lu-lá-am ku-nu-ki-a ù ar-za-/lam ša e-zi-ba-ku-ni šu-ma a-hi a-ta lu-lá-am ku-nu-ki-a ù ar-za-lam a-na Da-da-a dí-in a-sú-re lu-lá-am ù ar-za-/lam a-na Da-da-a e lá ta-dí-in-ma li-bi₄ e im-ra-a' a-na Da-da-a qí-bi-/ma [š]u-ma lu-lá-am ù [a]r-za-lam lá i-da-na-/ku-um [d]a-na-at-kà qí-bi-šu-um,"Thus Laliya, say to AŠšur-ennam and Dadaya, and in particular to AŠšur-ennam: ŠThe antimony under my seal and the arzallum, which I left to you, please, my brother, give that antimony under my seal and the arzallum to Dadaya. By no means fail to give the antimony and and the arzallum to Dadaya lest I get angryš Say to Dadaya: ŠIf he does not give you the antimony and the arzallum, state to him your harsh conditionš”"
255. Kt 91/k 363 (1-220-91),um-ma ṭu-Ku-bu-um a-na A-šùr-DÙG qí-bi₄-ma mì-šu : ša a-dí KÙ.B. ta-áš-ta-na-pá-ra-ni a-wa-tí-a : A-šur-ma-lik ù Kur-ub-IŠtar ú-ga-me-ru-/ma 3 ma-na KÙ.B. i-nu-mì-šu-ma a-na Kur-ub-IŠtar áš-qúl ší-tí KÙ.B. a-na Kur-ub-IŠtar áš-qúl ú a-dí ma-lá ú ší-ni-šu té-er-tí i-li-kà-/kum a-na KÙ.B. mì-ma lá ta-áš-ta-na-pá-ra-/am A-bu-ša-lim mì-ma lá il₅-qé a-wa-tù-a IGI A-bu-ša-lim-ma i-gi₅-im-ra Šrest of rev. not inscribed),"Thus šu-K)bum, say to AŠšur-ṣēb: ŠWhy do you keep writing me about the silver? AŠšur-mēlik and Kurub-IŠtar have settled my case and at that time I immediately paid 3 minas of silver to Kurub-IŠtar. The rest of the silver I have now paid to Kurub-IŠtar. Moreover, I have written to you several times: ‘By all means stop writing me about the silverš’ Abu-šalim has taken nothing Šof it), Abu-šalim actually witnessed that my affair was settledš”"
256. Kt 91/k 422 (1-275-91),a-na Ba-zi-a qí-bi₄-ma um-ma A-ru-na-ah-šu-ma a-le-e : i-lu-ú ša i-ta-mu-ú-ni NINDA ša ni-ku-lu-ni kà-sà-am : ša ni-iš-tù-ú lu i-dí-e : a-hi a-ta 'í-ba-at : KÙ.B-pì-a ú-lá ha-áš-ha-ku qá-qá-ad KÙ.B-pì-a šé-bi₄-lam : a-na-kam ta-ta-wa-a-ni a-na Ha-ar-zi-ga mì-ma lá ak-lá ú-(á-tám ú mì-ma i-ha-šu-hu-ni a-da-an ša a-wi-il₅-tim mì-ih-'a-am a-dí-na-kum lá lá-mu-un a-na DINGIR-lim : šu-a-tí ší-im-šu šé-bi₄-lam šu-ma a-hi a-ta URUDU 'a-al-ma-am ki-i'-ra-am iš-tí ma-ma-an šé-bi₄-lam : a-na-ku : em-'a-ku ú-ul ba-ri-a-ku : ša-be-e-/ku ha-ra-nàm lá a-da-gal DINGIR-lúm lu i-dé i-na ba-re-ni,"Say to Baziya, thus Arunahšu: ŠWhere is the god by whom the oath was sworn? He surely knows that we eat bread and drank the cup (together)š My dear bother, I do not need the interest on my silver, send me (only) my silver capital. As for what you talk about here, I did not withhold anything from Harziga. Barley and whatever he needs I will give. The woven cloth of the lady I gave you is not badš For god’s sake, send its price to me. If you are my brother, send me a lump of black copper with somebody. Am I short of food? I am not hungry, I am satisfiedš I am not considering a journey. God may be witness between usš”"
257. Kt 91/k 529,um-ma IŠ-ma-A-šùr-ma a-na En-um-A-šùr [A]-šùr-iš-tí-kál [x x]-nu-/u[m] [ù E]n-na-nim [qí-bi-ma] [a-na A-šùr-i]š-tí-kál ⌈qí-bi⌉-ma + ma-na KÙ.B. a-na-⌈kam⌉? *B[u?-']ú?-a : mì-iš-lá [x x] /-ku-ni i-na ba-áb : ha-ra-ni-/a *i -⌈x x -t]a?-bi?-lá-ni-/ma ⌈(up-pá-am : il₅⌉-pu-ut-ma a-ta : qá-ta-tù-a ú um-ma a-ta-ma wa-a[r]-kà-at-kà-ma [ ] a-[ ] ku-ta-nam : dí-na-am-ma a-na KÙ.B. : ú 'í-ib-tí-šu a-na-ku lá-zi-iz *a-⌈ x x ⌉ ta-kà-ší-dí-ni a-dí : u₄-mì-im : a-ni-im a-ma-kam : [w]a-áš-ba-tí : ú a-na-ku ku-a-tí : ta-ak-lá-ku-ma a-dí : u₄-mì-im : a-ni-im [iš]-tí : a-hi-im ú eb-ri-im ku-ta-nam : lá ú-šé-bi₄-lam-ma a-ma-kam a-na KÙ.B. : lá i-dí-<in> KÙ.B. a-na Zu-ú-lu lá i-*x [x?] a-ta : a-na u₄-⌈mì-im a-nim⌉ ta-áš-ta-p[u x x x ] A-šur ú i-lu-ú a-[bi-n]i l[i-(ù-l]á [ x x x x ⌈x x⌉* dí-in [ x x x x x x]-ni,"Thus IŠme-AŠšur, say to Ennum-AŠšur, AŠšuriš-tikal, .........num, and Ennēnum, and in particular to AŠšuriš-tikal: “+ mina of silver, [which] here Bu(u’a? for half of it ............ when I was about to start my journey he has ......... me and he drew up a record with you as guarantor. And you said: ‘After your departure .................... ....................... Give me a kutšnu-textile then I will take responsibility for the silver and the interest on it until? you can reach me.’ You are staying there until this very day. And I, I trusted you, but until this very day he did not send me a kutšnu-textile with a friend or colleague, nor did he sell it over there and give? the silver to Zûlu. And you, until this very day you have kept silentš AŠšur and the god(s) of our father may witness ................. give ............”"
258. Kt 91/k 490,a-na Ku-ni-⌈lim⌉ qí-bi₄-ma [um-ma⌉ A-mur-A-šur-ma a-šu-mì ⌈URUDU⌉ ša A-šur-{d}UTUʾ{i} ša ta-áš-pu-ra-ni um-ma a-ta-/ma i-nu-mì a-ta-al-kà-ni URUDU i-na ba-áb-tí-a : áš-lu-u(-ma áp-qí-da-ku-nu-tí um-ma a-na-ku-ma URUDU šé-'í-a-ma : 3) GÚ URUDU a-na A-šur-{d}UTUʾ{i} šé-bi₄-lá i-na ba-áb-tim ša ta-áš-lu-(ù-/ni-a-tí-ni 1 GÚ 3 ma-na ša ṭu-mì-/a-ar ha-bu-lu : ṭu-mì-a-ar i-mu-ut-ma : me-er-ú-šu i-na Ku-na-na-mì-it a-di u₄-mì-im a-nim uš-bu-/ma URUDU i-ta-am-sà-ar a-ni : i-li-ku-nim-ma 23 ma-na URUDU SIG₅ nu-ku-ra-e : e-ta-wu um-ma šu-nu-ma 40 ma-na-e-ma ší-im hi-dim KÙ.KI a-bu-ni ha-bu-ul um-ma a-na-ku-ma 40 ma-na ší-im hi-dim KÙ.KI ù 23 ma-na ší-im AN.NA iš-té-ni-iš 1 GÚ 3 ma-na a-bu-ku-nu ha-bu-ul um-ma šu-/nu-ma URUDU né-ma-ra-ku-um-ma ù ta-ta-ma : ta-lá-qé 1 GÚ ša Du-du-na ha-bu-lu a'-ba-sú-ma um-ma šu-ut-ma URUDU lá i-šu a-'í-ib-tim li-is-hu-/ra-am a-na 1 GÚ URUDU SIG₅ 1 GÚ 30 ma-na URUDU SIG₅ a-na da-áš-e i-ša-qal 43 ma-na URUDU ší-im am-tim [x⌉ *Zi-zu-ul-a-a-li,"Say to K)n-ilum, thus Amur-AŠšur: ŠAs for AŠšur-šamš'’s copper, about which you wrote me, saying: ‘When I left I decided to entrust to you Šthe collection of) copper from my outstanding claims, saying: ‘Produce the copper and send 3* talents of copper to AŠšur-šamš'’. Of the outstanding claims you authorized us to collect, 1 talent 3 minas are owed by šumi’ar, (but) šumi’ar has died and his sons live until today in Kunanamit, so that the copper has been tied up. They have now come here, but they contested 23 minas of the copper, saying: ‘Our father only owes 40 minas, the price of a golden beadš’ I answered them: ‘40 minas, the price of the golden bead plus 23 minas, the price of tin, together 1 talent 3 minas is what your father owesš’ They said: ‘We will find the copper for you and then, when you swear you can take it’. As for the 1 talent that Duduna owes, I seized him and he said: ‘I have no copper, let it become interest bearing’. For the 1 talent of refined copper he will pay 1* talent of refined copper, in late spring. 43 minas of copper, the price of a slave-girl, is [due by?] Zizulayali.”,"
259. Kt 91/k 552 (1-405-91),um-ma A-[x x x a-na] Li-ba-[a qí-bi-ma] lu-qú-tí : šál-ma-a[t] ú a-na-ku šál-ma-[ku] ta-áš-pu-ra-am um-ma a-t[a-ma] 1 GÚ 30 ma-na KÙ.B. e-zi-ib mì-iš-lam al-qe mì-iš-lam ha-la-aq,"Thus A[...............], say to Libaya: ŠMy merchandise is safe, and I myself am also well. You wrote me as follows: ‘I left behind 1* talent of silver’. Half of it I collected, half of it is lostš."
260. Kt 92/k 178 (1-135-92),a-na Na-áb-Sú-in En-um-A-šur ZU-re-i ú A-šur-iš-tí-kál qí-bi₄-ma um-ma IŠ-ma-A-šur-ma áš-pu-ra-ku-nu-<tí> um-ma a-na-ku<-ma> DAM Ha-lá-bi₄-im me-ta-at mì-ma té-zi-bu pá-hi-ra-ma a-na hu-ur-ší-im iš-té-en šé-ri-ba-ma ki-ma i-a-tí ku-un-kà áš-ta-na-me-ma ma-ma-na : am-tám a-na a-ha-zi-im i-za-az : ša-i-lá-ma lu DUMU A-šur : lu nu-a-um ší-be-e : šu-uk-na-šu-um lá e-ha-sí : mì-ma té-zi-bu : lu ba-áb-tám 'a-bi₄-sí : a-hu-ú-a a-tù-nu i-ih-da a-wi-lum KÙ.B. ma-dam ⌈i⌉-ta-ba-al bu-lá-tí-<a> šar-ší-a-ni,"Say to Nab-Suen, Ennam-AŠšur, Suen-rṭ’', and AŠšuriš-tikal, thus IŠme-AŠšur: ŠI wrote you as follows: ‘The wife of Hali-abum is dead. Collect everything she left behind and bring it into one single storeroom and seal it in my name’. I hear by rumor that somebody intends to marry the maid. Make inquiries and whether it is an Assyrian or an Anatolian, set witnesses against him. He shall not marry herš Seize everything she left behind, also outstanding claims. Please, my brothers, take care, (for) the man may take along a lot of silver. Make me obtain my assetsš”"
261. Kt 92/k 167,a-na Na-áb-Sú-en En-um-A-šur ù Li-bur-be-lí DUMU Ás-qú-di-a KIŠIB ÌR-dim DUMU Ku-zi-a,"To Nabi-Suen, Ennam-AŠšur and Lib)r-bṭl', son of Asqudiya. Seal of Wardum, son of Kuziya."
262. Kt 91/k 412,a-na Puzur₂-A-na qí-bi-ma um-ma Lá-ma-sí-ma ⌈ù⌉ *Ah-ba-áš-tí-ma [a-na] : É a-lim{ki} [ni-ta-n]a-lá-ak-ma lá ú-⌈šu-ru]-ni-a-tí ta-ak-š[í]-tum i-na a-lim⌈{ki}⌉ lá-šu mì-šu-um lá ta-ša-ra-ni-a-tí lá tí-dí-e : ki-ma i-na É{be}-{tim} ⌈ra-qí⌉-im : té-zi-bu-ni-a-tí [Me]-ra-lí 1 GÍN KÙ.B. né-ri-šu-ma [l]á i-dí-ni-a-tí ku-lu-ni : nu-ta-ni-⌈ih-ma⌉ šál-ma-ni : ú-ru-za-na-tim Me-ra-lí ša ub-lá-ni lá i-mu-a : ta-da-nam a-na ku-sí-im ni-mu-a-at iš-tí : a-li-⌈ki⌉-im pá-né-e-em-[m]a a-šu-ur-ni-[a-t]í [m]ì-šu-um iš-tù ša-am-ší-im ša tù-'ú-ni lá ta-ša-ra-ni-a-tí,"Say to Puzur-Anna, thus Lamass' and Ah-bēšt': ŠWe keep going to the City Hall, but they yield us nothing. There is no way of making profit in the Cityš Why do you not care for us? Don’t you realize that you left us behind in an empty house? We asked Merali for one single shekel of silver, but he did not give it to us. All of us have been toiling, but we are now well. The u.’s of Merali, which he brought, he refused to give (us). We will be dead before the winterš Send goods to provide for us with the next caravanš Why is it that since the day you went away you fail to provide for us?”"
263. Kt 91/k 543,"""ēt-Tašmṭtim Puzur-Anna šu-Suen. um-ma ṭa-Ta-áš-me-tim-ma a-[na] Puzur₄-A-na ú ṭu-Sú-in qí-bi₄-ma be-tum ha-bi₄-it-ma ki-da-tím(TUM) ar-ta-na-pu-ud šu-ma a-hu-ú-a : a-tù-nu al-kà-nim-ma ša-li-ú-um i-'é-er É a-bi₄-ku-nu lá i-ša-/lá a-na Tù-ra-mì-il₅ DUMU Ba-al-(ù-um qá-tim a-na qá-tim 'u-ba-tum / e-ni-[x] ša-ak-šu-sú-um a-ma-kam 'a-ba-sú-ma 'u-ba-tám li-dí-na-kum šu-ma ar-hi-iš lá ta-li-kà-nim ep-ra-am a-lu-um i-ta-ba-al : a-na Puzur₄-/A-naʾ ú ṭu-Sú-in qí-bi₄-ma um-ma ṭa-Ta-áš-me-tim-ma mì-ša-ni-ú-um ša *a-ta-na-x / x-ú-ma ÌR a-ba-am lá i-da-[n]a-ku-[nu]-tí-ni šu-ma a-hu-ú-a a-t[ù]-nu ša-li-ú-um i-[']é-ri-ku-nu lá i-ša-lá ÌR [a-š]ar pá-nu-im pá-ni-a-šu-nu-tí-ma [a]-bi* : DAM.GÀR-ru lá i-du-nu-nim [x]-li-ší-a-t[a]?* ša tù-šé-ba-lá-/ni-ni ⌈a⌉-ta-ma tí-dé-e 'u-ba-tam{x}(TUM) bu-dé-a *ah-mu-ú'-ma a-dí-na-kum : iš-tí pá-ni-i[m]-ma a-li-ki-im KÙ.B. dí-in-ma lu-ub-lu-[nim] šu-ma li-BE-tí a-bi-ku-nu t[a-r]a-a-ma-nim tí-ba-nim-[ma] a-ta-al-kà-nim","Thus ""ēt-Tašmṭtim, say to Puzur-Anna and šu-Suen: ŠThe house has been robbed and I wander around outside. Please, my brothers, come here so that nobody will harm your paternal house. To T)ram-il', son of Balṣum, a .... garment has immediately been forwarded. Seize him there and let hem give you the garment. If you do not come quickly the city will take away the sustenance.” Say to Puzur-Anna and šu-Suen, thus ""ēt-Tašmṭtum: ‘Why is this the case that I keep ........., but he does not give you the slave .............? If you are really my brothers let nobody harm you. Forward the slave to them where you can, so that the creditors will not sell my father. As for the ...... you are sending me, you yourself know that I stripped the garment from my shoulder and gave it to youš Provide silver and let one bring it me with the first caravan. If you love your ancestral god get moving and come hereš”"
264. Kt 91/k 310 (1-167-91),"um-ma ṭu-lí-ma a-na Sà-ak-ta-a qí-bi₄-ma a-hi a-ta e-eb-ri a-ta a-na a-mì-ú-tim ú-lá a-da-ga-al ku-a-tí : a-da-ga-lá-ku-um a-ta 1 <GÍN> KÙ.B. ta-qí-ša-šu ra-ki-sú-ma Zi-ki ú ṭu-Ku-ba-am ú-ma-kál : lá i-bi₄-tu(m) Šù-ur-da-šu-nu 6 GÍN KÙ.B. šé-bi₄-/lam ŠÀ.BA + GÍN dí-in-ma ša-⌈x-x⌉*-am : ta-š[a-/a]m 1/6 GÍN a-m[u]-uš-(á-tim dí-in-ma ku-nu-uk-ma ṭu-Ku-bu-um e-ri-ú-ma lá tù-š[é-ba]-lam? li-ší-am KÙ.B. šé-bi₄-lam li-bi₄ lá tù-lá-ma-an šé-bi₄-lam van der Toorn, Family Religion Babylonia,","Thus šuli, say to Saktēyaš ŠPlease, my brother, my friend, I do not look at the others there, I only look at youš You must bind him contractually for every shekel of silver you donated to him and as for Ziki and šu-K)bum, they must not stay overnight one single day, send them (here). Send me 6 shekels of silver and make + shekel of it available so that she/you can buy wool?. Give 1/6 shekel for combs and put it under seal and do not send? šu-K)bum here empty-handed, let him bring it to me. Send me silver, do not disappoint me, send it to meš” Syria and Israel (Leiden-Boston 1996), 125. On p. 77"
265. Kt 91/k 404 (1-258-91),a-na Sú-ú-a-a ù E/n-um-/A-šur KIŠIB A-šur-i-dí,To S)aya and Ennam-AŠšur. Seal of AŠšur-id'.
266. Kt 91/k 297 (1-154-91),a-na LUGAL-Sú-in qí-bi₄-ma um-ma A-šùr-GAL-ma TÚG pá-ra-kà-nu-kà ú ší-tí Ì.GIŠ a-na-kam a-dí-niʾ(IN) : i-ba-ší-ú ša ki-ma ša-zu-za-tí-kà a-mì-ša-am i-ta-al-ku-nim a-na-kam ni-ki-iš-/tum₁₀ ša kà-ri-im ša ki-ma a-na nu-a-im : mì-ma ší-mì-im ma-ma-an lá i-du-nu : + ma-na 1 GÍN KÙ.B. ku-nu-ki-ni : DÙG-'í-lá-A-šùr na-áš-a-kum a-hi a-/ta té-er-ta-kà a-ni-tum lá a-ni-tum li-li-/kam KÙ.B. 1 GÍN lá a-kà-al,"Say to šarra-Suen, thus says AŠšur-rabi: ŠYour parakannu-textiles and and the rest of the oil are still available here. Your representativesʾ have left to go there. Here a decision by the colony is in force that nobody shall sell anything at all to the Anatolian. -ēb-(illi-AŠšur is on his way to you with 21 shekels of silver. Please my brother, send me a message telling me yes or no. I will not consume a single shekel of silverš”"
267. Kt 91/k 547,Ha-nu ù {d}UTU-ba-ni iz-ku-ú-ma um-ma {d}UTU-ba-/ni-ma a-na Ha-nu 4 ma-na / ù 10 GÍN ša a-na DAM.GÀR [h]a-bu-lá-ni-ni mì-ma i-na [l]i-bi₄-a lá-šu tám-kà-ra-/am [ša]-bi-ma Šup-pì–ni [šé]-'í-ma a-dí ni-na-mu-/ru [i-na x x]*-tí-ma [x x li]-ib-ší <um>-ma Ha-nu-ma [a-n]a {d}UTU-ba-ni-ma [x x⌉* a-ma-tim ša ba-re-/ni [ki-m]a a-na Zu-ku-a - ma-/na [K]Ù.B. ha-bu-lá-ni-ni ⌈x⌉ x* a-ma-tim dí-in-ma KÙ.B. ša-bi₄-ma Šup-pì-ni šé-'í-/ma li-dí-ma qá-tám + ma-/na li-dí-in : ki-iš-da-tí-a a-ša ki-ma i-a-tí dí-in šu-ma [x] ku-ta-ni ta x AK?* ša ki-ma i-a-tí li-dí-nu-ni-kum [ x x ] ZA [x x x] I[GI] A-lá-⌈hi-im⌉,"Hanu and šamaš-bēni cleared accounts and šamaš-bēni said to Hanu: ŠAs for the 4 minas and 10 shekels we owe to the creditor, I do not owe (him) anything. Satisfy the creditor and obtain our debt-note and until we meet it must remain in ............” Hanu answered šamaš-bēni: “[As for the ...] slave-girls, our joint property, since we owe to Zukua . mina of silver, sell .....the slave-girls and pay the silver, obtain our debt-note and let him deposit it and give +? mina as share. What accrues to me you must give to my representatives. If [you need?] kutšnu-textiles, let my representatives give them to you. .................” In the presence of Ali-ahum"
268. Kt 91/k 550 (1-403-91),um-ma ⌈Puzur₄⌉-A-na ù A-šur-ra-bi-ma a-na ṭu-Be-lim qí-bi-ma ki-ma a-ta ta-ta-al-ku wa-ar-ki-<kà>-ma 1+ ma-na 3 GÍN KÙ.KI pá-šál-lam SIG₅ a-ni-qí ša ta-mu-ru A-šur-ma-lik DUMU Èr-ra-a ù {d}IŠKUR-'ú-lu-li a-'é-ri-kà a-na Kà-ni-iš i-tab-ku [1/3?] ma-na 2 G[ÍN] [KÙ. KI?] a-šu-mì-⌈šu-nu⌉ I-tur₄-DINGIR tal-qe É kà-ri-im a-na ta-ú-ri-kà i-zi-zu-ma ni-im-hu-ur-šu-nu-ma 18 GÍN KÙ.B. ša-du-a-at-/kà ni-dí 8 GÍN.TA 13 )ʾ GÍN KÙ.GI ší-im KÙ.KI 1) ma-na 6 / ) GÍN KÙ.GI-'í : *ù ší?-tí KÙ.GI-'í-kà - ma-na / 5) GÍN KÙ.GI pá-ša-lum{x}(LAM) iš-tí A-šur-ra-bi i-ba-ší ⌈a-na-kam⌉ šu-ul-mu-um i-ba-ší a- *⌈x x⌉-GA šu-up-ra am-/ma *⌈x x x⌉-a-šu a-Kà-ni-iš lu-bi₄-il₅ ú-ul a-mì-ša-am lu-šé-bi₄-lá-kum 30 ma-na AN.NA a-na I-tur₄-DINGIR mì-ma lá tù-šé- [ [ba-lam].,"Thus Puzur-Anna and AŠšur-rabi, say to šu-BŠlum: ŠAs soon as you had gone, after your departure, the 1 mina 23 shekels of fine quality pašallu-gold in the shape of rings, which you had spotted, AŠšur-mēlik, son of Erraya, and Adad-(ul)l' have shipped to you, to Kanesh. In their name It)r-il' took [ +?] mina 2 shekels of [gold?]. When the colonial office took steps to make you come back, we appealed to them and deposited 18 shekels of silver, the šaddu’tu-tax you owe. 13* shekels of gold at a rate of 8 shekels to 1 (yields) as price of the of the gold 1 mina 36* shekels Šof silver), It is my gold and the rest of your gold, 45* shekels of pašallu-gold, is with AŠšur-rabi. Peace reigns here. Write to [PN], that he may bring his ...... to Kanesh or send it to you over there. By no means send 30 minas of tin to It)r-il'š”"
269. Kt 91/k 372 (1-229-91),a-na ṭu-A-šùr ù Du-ma-na qí-bí-ma um-ma I-ku-pí-a-ma ⌈2⌉ TÚG tí-sà-bu ša A-al-⌈DÙG⌉ [x] ni-ib-ra-ru SIG₅ [x] ší-it-ru [ŠÀ].BA 1 TÚG ší-it-ru-um [š]a ik-ri-bi [š]a Sú-in ú {d}UTU [Du]-ma-na [na-á]š-a-ku-u[m] a-hi a-ta i-na ša-ha-at Du-ma-na i-zi-iz-/ma iš-tí na ku-sú-⌈x⌉* lu-ša-⌈ri-ID/DA-x⌉* i-hi-id-ma i-n[a] ší-mì-šu-nu KÙ.B. ⌈SIG₅⌉ DIRI e-pu-uš a-dí sà-ah-ra-ku KÙ.B. li-im-qú-/tá-am a-hi a-ta ší-im ší-it-re ša ik-ri-bi [iš-tí] a-li-ki-im pá-ni-[ma] šé-bi-lam,"To šu-AŠšur and Dumana say, thus Ik)n-p'ya: “2 tisšbu-textiles of āl-ṣēb [x] nibršru of good quality, [x] scarfs, one of which belongs to temple-funds of Šthe gods) Suen and šamaš, Dumana is bringing you Please, my brother, assist Dumana and ................. let him ................ and take care to get as payment for them silver of extra good quality. The silver must arrive with me while I am staying here. Please, my brother, send me the price that the scarfs of the temple-fund yield with the first caravan.”"
270. Kt 91/k 415,a-na ṭu-A-šur Ma-nu-kà-a-bi₄-a ù Ì-lí-⌈pì-ú-'ur⌉ qí-bi-ma um-ma A-bu-ša-lim 1 ma-na KÙ.B. ù 4) ⌈GÍN⌉ GUŠKIN ma-li-⌈a-am⌉ Ma-⌈nu-kà⌉-bi₄-a na-ášʾ-a-ku-/nu-tí a-h[u]-ú-a a-⌈tù-nu⌉ i-na ša-am-⌈ší-im/ma?⌉*(erasure?) Ma-⌈nu-kà⌉-bi₄-a e-⌈ra-ba⌉-ni pí-ri-kà-ni ša-ma-nim-ma iš-tí pá-nim-ma šé-bi-lá-nim a-na ṭu-A-šur qí-bi-ma ší-im GUŠKIN me-eh-ra-tim i-dí-ma pí-ri-kà-ni ša-ma-nim : a-ta i-na ší-im GUŠKIN KÙ.B.-áp-kà le-qé : gi₄-mì-lam i-'é-ri-a šu-ku-un ù a-na-ku ga-ma-al-kà ⌈a⌉-le-e šu-ma am-tum [-x-e⌉-ma? té-ri-iš-kà [dí]-ši-ma ù té-er-ta-kà [l]i-li-kà-ma KÙ.B. lu-šé-bi₄-lá-kum,"To šu-AŠšur, Mannu-k'-abiya and Il'-p'-u(ur, say, thus Abu-šalim: “1 mina of silver and 4* shekels of full quality? gold Mannu-k'-abiya is bringing to you. Please, my brothers, buy on the very day Mannu-k'-abiya arrives in town pirikannu-textiles and send them to me with the first opportunity. Say to šu-Anum: ‘Make the equivalent of the yield of the gold available by buying pirikannu-textiles for me’. You yourself must take your silver from the yield of the gold. Do me this favor and Šknow that) I too can do you a favorš If the maid asks ........... from you, give it her and let a report from you come here then I will send you the silver Šfor it).”"
271. Kt 91/k 539,a-na Ú-na-áp-šé qí-bi₄-ma um-ma Áb-du-a-ta-ma ṭu-A-nu[m] [x] x] ša š[a]/l[i] [x x] x ID i-[ x x x] ša a-ki-ri a-x [ x x (x) at-wu ú-um šu x [x D]U-ú ta x x KÙ.B.-pì-šu ša ba-áb-/tim ša i-Ma-ma NÌ.KA-sé ta-sí-a-ni TÚG.HI.A a-ha-/ma a-ša iq-bi₄-a-ku-ni šé/í-s/'í-ma TÚG.HI.A a-ší-mì-im lu ni-dí-šu-nu-ma ú KÙ.B.-pì ku-ta-ni iš-tù ta-'í-ru-šu pu-šu ší (IŠ)-me-ma šu-ma iš-tí-kà a-na a-hu-/tim ta-šé-e-šu mì-ma a-wa-tám ša i-pì-šu ta-ša-me-ú SIG₅.SIG₅-ma i-(ù-pì-im lu-up-ta-ma i-[n]a pu-úz-ri-im šé-bi₄-lá-am um-ma Ab-du-ma šu-m[a] a-bi₄ a-ta a-le-e a-wi-lá-am ga-ma-lá-am mì-ma ša ta-ša-pá-ra-ni [l]e-pu-uš a-ma-kam a-na a-wa-tí-/a i-zi-iz-ma lu ga-am-lá-ku Šup-pá-am a-na DUB.SAR ša šu-bi₄-ri-a-ta-am i-ša-me-ú dí-ma li-iš-ta-sí,"Say to Unapše, this is what Abduata says: “šu-Anum ........ who ................. ................. ................. ................. ..... of his silver of outstanding claims, about which you settled accounts for me in Mamma. Separately, call for / obtain the textiles according to what he promised you, so that we can sell the textiles. And also, as concerns my silver for the kutšnu-textiles, after you have fixed the price for him, listen to what he has to say and if you aim at him establishing brotherhood with you, then write every word your hear from his mouth, if it is positive / carefully for me on a tablet and send it me secretly. Abdu says/said: ‘Please, my father, I can do a man a favor, I will do whatever you will write me. Over there, stand up for my case and let me enjoy (your) favorš’ The tablet you must give to a scribe who understands šubarian so that he can read it.”"
272. Kt 91/k 467 (1-320-91),[um-ma ....................-ma] [a-na ............-A-š]ùr [ù ṭ]u-ma-bi-a-/ma [qi-bi-m]a a-ba-ú-a [a-tù-nu] be-lu-a a-tù-nu {d}UTUŠi ⌈ih-d⌉a-ma i-na [š]a ṭu-ma-bi-a e-ra-ba-ni [t]a-ma-la-ke-a pì-tí-a-ma [(u]p-pá-am ša Zu-ba [a]-na ṭu-ma-bi-a [pí]-iq-dá-ma lu-šé-tí-qá-am ù i-na Šup-pí-im pá-qá-dí-im Šup-pu-um a-šu-mì Zu-ba GÁN-/lam le-tí-qá-am a-dí a-ni-tim iš-tù ša-na-at sá-ah-ra-ku-ma a-na a-lím{ki} [a-lá-ka]m lá a-le a-wi-lu-um [ x x x x w]a-ar-kà-at [x x x x x] ⌈a⌉-na qá-/té [x x x x x] x-an* [x x x x x x] x* [x x x x x] be [x x] [x x x x x ṭu-m]a-bi₄-a [x x x].HI.A ta-[x x x x] [x x l]i-dí-na-a[m x x],"[Thus .....................] s[ay to ............]-AŠšur [and] šumi-abiya: ŠPlease, my fathers, my lords, take care to open, the very day šumi-abiya arrives, my tablet boxes and entrust the tablet of Zuba to šumi-abiya to bring it across. And when you entrust the tablet (declare) that the tablet has to go overland in the name of Zuba. Because of this I am staying here now for a year and I could not go to the City. The man .............. after .............. to the hands of ......................... ......................... ......................... ............... šumi-abiya .......................... ..... he must give to me ....”"
273. Kt 91/k 545 (1-398-91),a-[na x x x q]í-bi₄-ma [um-ma {d}]IŠKUR-DÙL-ma a-na-kam-ma ú-na-hi-id-kà um-ma a-na-ku-ma šu-ma mì-ma pá-zu-ur-tí x x (x)* lá e-ru-ba-am na-áš-pá-ar-ta-kà a-na A-šur-na-da li-li-ik 2 GÚ AN.NA 10 TÚG dam-qú-tim a-na 'é-ri-kà lu-šé-bi-lam-ma iš-ti pá-zu-ur-tim ša Puzur₄-A-šur pá-ze-er-ší ZU-UT-re dám-qú-tim šé-bi-lam,"Say to [...............] thus Adad-(ul)l': ŠHere I instructed you, saying: ‘If any of the smuggled goods of ...... has not arrived, you must send a message to AŠšur-nēdē.’ Two talents of tin (and) 10 textiles of fine quality he must send to you and you must smuggle them together with the smuggled goods of Puzur-AŠšur. Send me........ of good qualityš”"
274. Kt 92/k 5,a-⌈ba-ú⌉-[a] be-l[u-a] a-tù-nu li-ba-a[k-n]u i-dé : šu-⌈x⌉* [x x x ] ú-la ni-iš-*p[u?-x x] kà-ša-dí-im [ x x x x ] ni-ta-na-ga-ag šu-ma li-bi-ku-nu x ša ri-a-'í-im ri-'a [ø] ú ku-uk-ri-ni-am r[u]-ba-am lu nu-ta-mi-[ma] qá-at-ni : lu-kà-il₅-šu ú ša ta-ba-na-bi-im šu-ut-ma : i-kà-ša-ad al-at Ha-na-na-ri-im i-na Bu-ru-dim e-tí-iq-ma iš-tù Bu-ru-dim iš-pu-ra-/ma um-ma šu-ut-ma É.GAL-lúm a-šu-mì ša-du-e-<tí>-im ú-ma-sà-ha-ni : it-q[á]-ni-[im?] lacune [x x x x x ]-ku-na-e : iš-ta-ak-nu [x x x x⌉ i-na e-'í-im [ x x x x] ta-na-e a-li-ku-um [ x x x x] *x i-BA-KI-ni-a-tí,"šplease my fathers, my lords, you know very well that ..................... (therefore) we did not send? ...... .[To?] reach ............ we keep flaring up in anger. If you so wish, provide all the help you can and we will make the man of Kukrin, the ruler, swear the oath so that we can control him. Also, what concerns ..........., it is him who can achieve it. The caravan? of Hanna-nērum has traveled on from Buruddum and from Buruddum he wrote me as follows: ‘The palace because of the šaddu’utu-tax is maltreating me, proceed. ........... ........... they have placed ................ with wood ................. a traveler ........................... us.”"
275. Kt 91/k 331 (1-188-91),a-be-ú-lá-tí-šu lá i-da-ra-kam lá ta-ga-ra-šu i-nu-mì lu-qú-tám ta-pá-qí-da-ni a-na a-wi-lim sà-ri-im ša ki-ma A-šur-lá-ma-sí i-na maš-kà-tí-a ší-ma-am ša A-ki-dí-/e ša 1 ma-na ⌈KÙ⌉ ša-ma-nim kà-'a-ra-am i-nu-mì ta-ga-ra-ni šu-ma 3 TÚG SIG₅ ú ma-na-a lá ta-pá-/qí-da Šrest uninscribed),"“(If) for his working capital he does not do the packing you (plur.) must not hire him. When you entrust merchandise Šfor transport). Šmust it be) to a perfidious men, who replaces/represents? AŠšur-lamass'? Buy from my funds Akkadian textiles for a value of 1 mina of silver? As for a harnesser, when you are hiring one, (even) when it concerns (only) 3 textiles of fine quality and for Ša value of) a mina, do not entrust them to ....”"
276. Kt 91/k 500 (1-353-91),a-na-ku dam-qá-tim a-šé-e-a-kum a-ta lam-ni-iš té-pu-uš-<a>-ni x ta-'a-ba-at ú i-a-tí [b]e-li : ki-ma NINDA e-kà-lá-/ni [k]i?-ma a-ma-kam tù-ša-hi-zi-/ni [u]m-ma a-ta-ma ší-im am-tim a-na me-er-i-a lá ta-dí-ni a-na ší-a-tí a-na me-er-i-kà lá a-dí-ší ší-im URUDU ù KÙ.B. ba-áb-tám [š]a? nu-a-am ⌈ú⌉-ša-zi-za-ku-ni šé-bi₄-lam-ma ù šu-up-ra-am-ma a-ma-at-kà a-ša ki-ma ku-a-tí lá-dí-in,"ŠWhile I am bent on doing what is good for you, you have treated me badly and you have seized .... As for me, my lord is consuming me like bread. As you instructed me there, saying: ‘You must not give the price of the slave-girl to my sonš’, for that reason I have not given her to your son. Send me the price of the copper and the outstanding silver for which I made the native responsible to you and send me a message then I will give your slave-girl to your representative.”"
277. Kt 91/k 507,[ x x x] 1 ma-n[a] [ x x x x x ] *[x] AK? x -⌈nim-m⌉[a x] *⌈li-it-ru-nim⌉? ki-m[a? x] *⌈x x ) ⌉ GÍN KÙ.B. a-na a-lim{ki} ša-ak-šu-dí wa-ar-ki-a qá-bi₄-a-tí šu-ma wa-ar-ki-tí a-na a-lim{ki} lá tù-ša-ak-/ší-di 1 ma-na-um - ma-na ⌈i-na a-lim{ki}⌉ ta-ša-/qá-lam a-hi a-ta KÙ.B. a-na É-a-ba-áš-tí šu-qú-ul-ma wa-ar-ki-tí a-na a-lim{ki} ša-ak-ší-dí lu-mu-un li-bi₄-im a-ra-ší-a-ku-um a-wa-tim ša ta-ta-wu-/ni *⌈la₁⌉-ší-na-ma KÙ.B. a-na [É]-a-ba-áš-tí šu-qú-ul-ma [lu a]t-hu-a-ni,"“................... 1 mina [of silver ...............] ................................ let them take along(?) ..... ............ You have been ordered after my departure to forward [x] * shekels of silver to me in the city. If after my departure you do not forward it to me in the city you will pay me in the city . mina per mina (extra). Please, my brother, pay the silver to Ea-bēšt' and see to it that it catches up with me in the city. I could get angry with you, (for) the words you spoke are improperš Pay the silver to Ea-bēšt' and let us stay brothersš”"
278. Kt 91/k 521 (1-374-91),i-na [ ] i-lu-ku-⌈ni⌉ [ ] a-ša-a-ma [i-na] pá-ni-ú-tí-m[a] a-(á-ra-da-ku-[nu]-/tí ————————— chapter presents ten texts of judicial,"in [................, when PN] comes I will buy [...........] and send (him) to you with the first opportunity. nature that exhibit a great variation in structure,"
279. Kt 92/k 97,ba-áb ha-ra-ni-[ṭu] ṭa A-ṭur-na-[d]a A-ṭur-na-da DU[MU] Ah-ṭa-l[im] ù A-bi₄-ì-lí ni-kà-sí i-sí-ú-ma iṭ-tù a-lim{ki} i-na e-lá-i-ṭu 15 ma-na AN.NA A-ṭur-na-da : a-na A-bi₄-ì-lí i-da-an-ma 2 ma-na KÙ.B. ú-l[á *i⌉-ba-ta-aq-ṭum ra? x x* i-na li-bi₄ : A-bi₄-ì-lí A-ṭur-na-da ú-lá i-ṭu-ú IGI En-na-Sú-in DUMU A-ṭur-DÙG a-na a-wa-tim a-ni-a-tim kà-ru-um Wa-ah-ṭu-ṭa-na i-dí-ni-a-tí-ma IGI GÍR ṭa A-ṭur ṣup-pá-am ṭa ṭí-bu-tí-a a-dí-in ēí-li-IŠtar tap-pá-i,"When AŠšur-nšdš was about to leave on a journey AŠšur-nšdš, son of Ah-šalim, and Abṭ-ilṭ settled accounts as follows: When he comes up from the City AŠšur-nšdš will give 15 minas of tin to Abṭ-ilṭ, who will pay him not less than 2 minas of silver and then Abṭ-ilṭ does not owe anything to AŠšur-nšdš. In the presence of Ennam-Suen, son of AŠšur-ēšb. For these words the Wahšušana colony gave us and before AŠšur’s dagger I gave the tablet with my testimony. āilli-IŠtar was my fellow witness."
280. Kt 91/k 370 (1-227-91),š⌈ú-ha⌉-ru-⌈ú ⌉: A-⌈sà-nim⌉ ṭa É Ás-qú-dim ú Pì-lá-ah-IŠtar : DUMU E-lá-ma ha-ra-nam iṭ-té-ni-iṭ i-li-ku-nim-ma Šerased a-na) i-na Hu-ra-ma a-na É Ku-bi-a iṭ-té-ni-iṭ e-ru-bu-ma ni-⌈is-ha⌉-tí-ṭu-nu É.GAL-lúm : iṭ-té-ni-iṭ i-sú-ùh : i-na wa-ar-/ki-tim lu-qú-tum i-ší-bi-it-ma lu-qú-/tám ṭa A-sà-nim É.GAL-lúm i-ta-ba-al : AN.NA ṭa Pí-lá-ah-IŠtar É Ku-bi-a ú-pá-zi-ru-ma i-na É ub-ri iṭ-lim-⌈ma⌉ Be-lá-num i-li-kam-ma ki-ma Pí-lá-ah-IŠtar im-ší-ma AN.NA il₅-qé : Ku-bi₄-a a-na Bé-lá-nim DUMU āu-A-ṭur AN.NA ip-qí-id um-ma Bé-lá-num-ma ⌈ma⌉-ša-ku a-ma-lá ṣup-[pí-im] [ṭ]a A-lim{ki} : kà-ru-um Hu-ra-ma ša-he-er GAL i-dí-ni-a-tí-ma IGI GÍR ṭa A-ṭur ṭí-bu-tí-ni ni-dí-in : IGI A-ṭur-ṭa-du-/ì-lí IGI Ir-ma-A-ṭur DUMU A-ṭur-ma-lik IGI ⌈A-bu⌉-ṭa-lim DUMU āu-IŠtar,"The servants of Asšnum, who belongs to the house of Asq'dum, and Pilah-IŠtar, son of Elamma, together went on a business trip and in Hurama they together entered Kubiya’s house and the palace levied the import- tax from them together. Afterwards merchandise was seized and the palace took away Asšnum’s merchandise. The tin that Pilah-IŠtar had hidden in Kubiya’s house, was saved in the lodging and when Belšnum came he claimed the right to take the tin in Pilah-IŠtar’s name and Kubiya entrusted the tin to B(lšnum, the son of )u-AŠšur. B(lšnum declared: ŠI take the responsibilityš” In accordance with the tablet of the City the plenary Hurama colony made us available and we gave our testimony before AŠšur’s dagger. Witnessed by AŠšur-šadu-ilṭ, by Ir’am-AŠšur, son of AŠšur-mšlik, and by Abu-šalim, son of )u-IŠtar."
281. Kt 92/k 117 (1-79-92),Be-lá-nu-um a-na Li-ip-it-IŠtar DUMU Lá-li-im iš-ba-at-ni-a-/tí-ma um-ma Be-la₁-nu-um-ma a-na Li-ip-it-IŠtar-ma 1( ma-na KÙ.B. iṭ-tù ha-muṭ-tim ṭa āu-IŠtar DUMU A-ṭur-ba-ni a-na 6 ha-am-ṭa-tim ta-ṭa-qá-lam ṭu-ma lá ta-áṭ-qú-lam ) GÍN 15 )E.TA a-na 1 ma-na-im i-na ITI.KAM-im ší-ib-tám tù-ša-ba-am um-ma Li-ip-it-IŠtar-ma ú-ša-ba-ku-um ITU.KAM Qá-ra-/tim li-mu-um En-na-Sú-in DUMU āu-IŠtar a-na a-wa-tim a-ni-a-tim kà-ru-um Hu-ra-ma i-dí-ni-a-tí-ma IGI GÍR ṭa A-ṭur ṭí-bu-tí-ni ni-dí-in IGI āu-zu-zu DUMU A-ṭur-SIPAD IGI En-um-/A-ṭur DUMU E-lá-ma,"B(lšnum seized us against Lipit-IŠtar, son of Lalum, and B(lšnum said: to Lipit-IŠtar: ŠYou will pay me 1ṣ mina of silver within 6 weeks reckoned from the week eponymy of )u-IŠtar, son of AŠšur-bšni. If you have not paid me you will add for me an interest of * shekel per mina per month.” Lipit-IŠtar answered: ŠI will add it for youš. Month VIII, year eponymy of Ennam-Suen, son of )u-IŠtar. For these words the Hurama colony made us available and before AŠšur’s dagger we gave our testimony. In the presence of )uzuzu, son of AŠšur-r(’ṭ, of Ennam-AŠšur, son of Elamma."
283. Kt 92/k 184A/B,KI)IB A-ta-tí-a DUMU En-na-nim KI)IB A-hu-wa-qar DUMU A-ṭur-SIPAD KI)IB A-mur-A-ṭur DUMU āu-IŠ-ha-ra KI)IB {d}A-ṭur-{d}UTUŠ{i} DUMU Ili₅-ba-ni ṭa A-al-DÙG a-na A-mur-A-ṭur iš-bu-tù-/ni-a-tí um-ma A-al-DÙG-ma a-na A-mur-A-ṭur-ma KÙ.B. a-ta ú āu-IŠtar qá-tám mì-iṭ-la i-na ṭa ip-ṣí-ri-i?* ṭa-qá-lá-am la qá-bi₄-a-tù-nu um-ma A-mur-A-ṭur-ma ke-na : qá-bi₄-a-ni ú i-na né-me-lim{x}(LAM) ṭa-li-iṭ-tám áṭ-du-na-kà* i-zu-a-az ú a-na i-bi₄-sà-e ṭa-li-iṭ-tám i-za-az Case KI)IB A-t[a]-tí-a DUMU En-na-nim KI)IB A-hu-wa-qar DUMU A-ṭur-SIPAD KI)IB Amur-AŠur DUMU āu-EŠ-ha-ra KI)IB A-ṭur-{d}UTUŠ{i} DUMU Ili₅-ba-ni ṭa A-al-DÙG a-na Amur-A-ṭur iš-ba-at-ni-a-tí-ma um-<ma> A-al-DÙG-ma a-na A-mur-A-ṭur-ma KÙ.B. a-ta ù āu-IŠtar qá-tám mi-ìṭ-lá i-na ṭa i-ip-ṣí-re ṭa-qá-lam lá qá-bi-a-tù-nu um-ma A-mur-A-ṭur-ma ke-na qá-bi-a-ni ù i-na né-me-lim ṭa-li-ìṭ-tám áṭ-du-na-da* i-zu-az ù a-na i-bi-sà-e [ṭ]ál-<iṭ>-tám i-za-az,"Seal of Atatiya, son of Ennšnim, seal of Ahu-waqar, son of AŠšur-r(’ṭ, seal of Amur-AŠšur, son of )u-IŠhara, seal of AŠšur-šamšṭ, son of Ilṭ-bšni, to the effect that +l-ēšb seized us against Amur-AŠšur. +l-ēšb said to Amur-AŠšur: ‘Have you and )u-IŠtar not promised to pay silver, each as his share half of what was the ransom?’ Amur-AŠšur answered: ‘Yes, we have promised it and also that he (each?) would get a one-third share of the profit, as ............... and also would take for his account one third of the losses’. Seal of Atatiya, son of Ennšnum, seal of Ahu-waqar, son of AŠšur-r(’ṭ, seal of Amur-AŠšur, son of )u-IŠhara, seal AŠšur-šamšṭ, son of Ilṭ-bšni. B. Tablet A-al-DÙG a-na A-mur-A-ṭur iš-ba-at-ni-a-tí-<ma> um-ma A-al-DÙG-ma a-na A-mur-A-ṭur-ma 5 KÙ.B. a-ta ù āu-IŠtar mì-iṭ-lá ṭa-qá-lá-am lá qá-bi-a-tù-nu um-ma A-mur-A-ṭur-ma ke-na KÙ.B. mì-iṭ-lá 10 ṭa-qá-lá-am l.e. qá-bi-a-ni-ma 11 ù <i>-né-ma-{li}lim ṭa-li-ìṭ-tám ṭa-tim áṭ-du-na-da 15 i-zu-a-az ù a-na i-bi-sà-e ṭa-li-ìṭ-tám i-za-az IGI A-ta-tí-a IGI A-hu-wa-qar 20 IGI A-ṭur-{d}UTUŠ{i} a-ṭu-mì sú-bi-ri-im ṭa ip-ṣí-re"
284. Kt 92/k 109 (1-71-92),"DÙG-ší-lá-A-ṭur sí-ki-i āu-Sú-in iš-ba-at-ma um-ma āu-Sú-en-ma a-na mì-nim tù-kà-la-ni um-ma DÙG-ší-lá-A-ṭur-<-ma> a-na gam-ri-im ú-kà-al-kà um-ma āu-Sú-in-ma ṭa ni-ìṭ a-lim{ki} ta-mu-ú lu ú-kà-al ki-ma mì-ma lá ha-bu-lá-ak-ṭu-/ni-ma ú-<kà>-li-ni IGI En-na-Sú-in DUMU A-ṭur-DÙG IGI A-bu-ṭa-lim DUMU A-ṭur-be-el-a-wa-tim 12-16, ṭumma : n'mal+ qšssunu / iṭt'numma one third made irrespective of partnership. See Larsen 1977, 125ff.",".ab-/illi-AŠšur seized )u-Suen by his hem whereupon )u-Suen said: ŠWhy are you holding me?” .šb-/illi-AŠšur answered: ŠFor the expenses I hold youš” )u-Suen declared: ŠI surely retain what is stated with an oath by the city, that he holds me although I do not owe him anythingš” In the presence of Ennam-Suen, son of AŠšur-ēšb, of Abu-šalim, son of AŠšur-b(l-awštim. ṭumma (15) ibissš’+ qšssunu / iṭt'numma. of the number of partners or šshareholdersš. The holder"
285. Kt 91/k 509 (1-362-91),um-ma kà-ru-um Kà-ni-iṭ-ma a-na a-li-ki qí-bi-ma a-na-kam Sú-in-SIG5 im-hu-ur-ni-a-/tí-ma um-ma ṭu-ut-ma Li-ip-ta-/num DUMU Qar-da-a ú-ta-ra-am a-na ta-ú-ri-ṭu ma-aš-a-ku DÙG-ší-lá-A-ṭur ṭí-pár-ni iṭ-tí DÙG-ší-lá-A-ṭur li-tu-ra-am a-tù-nu lu e-/ mu-uq<-ṭu>,"Thus the Kanesh colony, say to the travelers: ŠHere Suen-damiq has appealed to us and he said: ‘I want Liptšnum, son of Qardaya, to be brought back; I take responsiblity for bringing him back’. .šb-/illi-AŠšur is our messenger. He must come back with .šb-/illi-AŠšur. You must be his executive force.”"
286. Kt 91/k 510 (1-363-91),"a-na Mar-KU-tí DUMU Da-dí-a DUMU I-la-a-a-a i-na Za-al-pá iṭ-tù ITU.KAM ku-zal-li li-mu-um Kà-pá-tí-a um-ma a-na-ku-ma ṣup-pu-um ṭa , ma-na KÙ.B. ṭa hu-bu-ul a-bi-kà i-Kà-né-eṭ [i-l]i-⌈a⌉-am a-re-eṭ₁₅ [ṣup-pí-im] ṭa hu-bu-ul : [a-bi-kà ku]-nu-uk a-bi-kà a-mu-ur-ma ù KÙ.B. ù ší-ba-sú ṭu-qú-ul um-ma ṭu-ut-ma ṭu-ma-BA ṣup-pá-am ṭa hu-bu-/ul a-bi-a tù-kà-al ku-nu-uk a-bi-a a-ma-ar-ma mì-nam a-qá-bi₄ a-ṭa-qal hu-bu-ul a-/bi₄-a IGI E-lá-lí DUMU A-ṭur-en-nam ṭa É Gal-da-a IGI A-mu-ú-a DUMU Ha-am-ha-am-tim IGI A-da-da-a DUMU A-bi₄-a DUMU Be-be-e","I said to MarKuti, son of Dadiya, son of Ilšya, in Zalpa, at the end of month XI of the eponymy year of Kapatiya: ŠA tablet of 0 mina of silver, being the debt of your father, has turned up in Kanesh. Inspect the seal of your father at the top of your father’s debt-note and then pay the silver and the interest on itš. He answered: ŠIf you really have in your possession a debt-note with the seal of my father I will inspect it and - how could I protest? - I will pay, (for) it is my father’s debtš. In the presence of Elšlṭ, son of AŠšur-ennam, of the house of Galdaya, of Amua, son of Hamhamtum, of Adadaya, son of Abiya, son of Beb(."
287. Kt 91/k 402,KI)IB A-ṭur-šú-lu-li DUMU āu-/Lá-ba-an KI)IB A-ṭur-ma-lik DUM āu-/Lá-ba-an ṣup-pu-um a-ni-um ṭa ma-mì-it Ku-ra DUMU A-ṭur-ma-lik (2 ṣ cm not inscribed) Šupside down) Šupside down) Šupside down) owner of CS 1183. ba-an.,"Seal of AŠšur-/ululṭ, son of )u-Labšn, seal of AŠšur-mšlik, son of )u-Labšn. This tablet contains the oath by Kura, son of AŠšur-mšlik."
288. Kt 92/k 115 (1-77-92),[e/né?]-ta-wu : um-ma A-ṭur-UTUŠ{i}-ma / a-ma A-ṭùr-i-mì-tí : i-na [ṭ]a-ha-tí-kà li-zi-iz-/ma [ a-ṭa?] É.GAL-lúm i-na [šé]-ri-kà i-lá-qé-ú a-na-ku : a-za-za-am,"[they/we] discussed. AŠšur-šamšṭ said: ŠNow then, let AŠšur-imittṭ assist you and [for whatever] the palace will take at your expense I myself will accept responsibilityš."
289. Kt 91/k 399 (1-253-91),GÚ AN.NA ku-nu-ki GÚ URUDU SIG5 ma-s[í-am] GÚ AN.NA-ak-šu,1 talent of tin with seals 5 talents of refined copper of (and) Ahu-waqar will
290. Kt 92/k 172,KIŠIB A-zu-a DUMU Sú-kà-lim KIŠIB En-na-ni-a DUMU I-zi-za-am-ì-lí KIŠIB En-nam-AŠ-šùr DUMU A-al-DÙG ša 20 ma-na URUDU ša A-al-DÙG DUMU A-šùr-DÙG a-na A-al-DÙG DUMU A-mur-A-šur ha-bu-lu-ni šu-ma A-al-DÙG DUMU Amur-A-šur Šupside down) Šupside down) ša-bu ša 12 1/6 GÍN KÙ.B.-im 1 ma-na-um ) ma-na KÙ.B. En-nam-A-šur DUMU A-al-DÙG < a-na A-al-DÙG> DUMU A-šùr-DÙG i-ša-qal,"Seal of Azua, son of Sukkallum, seal of Ennṭniya, son of Izzizam-il(, seal of Ennam-AŠšur, son of 'l-""ṭb, that as for the 20 minas of copper, which 'l-""ṭb, son of AŠšur-""ṭb, owes to 'l-""ṭb, son of Amur-AŠšur, if 'l-""ṭb, son of Amur-AŠšur, has already been satisfied, Ennam-AŠšur, son of 'l-""ṭb, will pay on 12 1/6 shekels of silver ) mina per mina <to 'l-""ṭb>, son of AŠšur-""ṭb."
291. Kt 92/k 136 (1-98-92),22 ma-na URUDU i-ṭé-er A-al-DÙG ša Tù-úh-/pì-a A-al-DÙG DUMU A-šùr-DÙG i-šu IGI {d}IŠKUR-ba-ni Lá-qé-ep URUDU a-na Mì-/šu-GAL iš-⌈qú-ul⌉,"minas of copper 'l-""ṭb from Tuhpiya owes to 'l-""ṭb, son of AŠšur-""ṭb. In the presence of Adad-bṭni La-q+p paid the copper to M(šur-rabi."
292. Kt 91/k 498 (1-351-95),a-na 8 ma-na KÙ.B. ṭa-ru-pí-im Ì-dí-ba-ni Ì-li-a-lúm ù Mì-šu-ra-bi ú-kà-nam a-na-ku ú Ì-dí-ba-/ni [ mì-ìš-lá ú 'up-pu-šu ha-ar-ma-am i-da-nam{x}(LAM) ša KÙ./B. 8 ma-na : ha-bu-lu šu-ma lá uk-ta-i-/na-šu-<nu> ú 'up-pu-šu ha-ar-ma-am lá i-ta-a[d]-nam a-na mu-nu-a-tí-a Šerasure of KÙ.B. ) a-na 4 ma-na KÙ.B Ì-dí-ba-ni Puzur₄-A-šur i-šé-e IGI šu-{d}EN.<LIL> IGI šu-ki-tim IGI A-mur-/IŠtar IGI šu-Be-lúm,"For 8 minas of refined silver Idi-bṭni shall confirm for me Il(-ṭlum and M(šur-rabi(’s liability), (that) I and Idi-bṭni are each Šentitled [ to) half the amount. Moreover, he shall give me a valid record of his stating that he owes 8 minas of silver. Should he fail to confirm them and also to give me his valid record, (then) Idi-bṭni shall sue Puzur-AŠšur for my computed share, for 4 minas of silver. In the presence of ṣu-El<lil>, of ṣuk(k)utum, of Amur-IŠtar, and of ṣu-B+lum."
294. Kt 92/k 183 (1-143-92),5/6 ma-na 6) GÍN KÙ.B. ša Sú-hu-ur-pì-/a-lá a-na Sú-e-ta-ta ha-bu-lu KÙ.B. A-al-DÙG iš-qú-ul A-al-DÙG i-lá-ak-ma né-mu-lu-um i-ta-áb-ší i-né-mì-li-im i-lá-qé šu-ma né-mu-lu-um lá-šu KÙ.B. ù ṭí-ba-sú A-li-a ù Ha-ar-ša a-na A-al-DÙG i-ša-qú-lu IGI ší-il₅-ma-šu IGI šu-pu-nu-ma-an,"56) shekels of silver, which Suhurpiyala owes to Suettata, that silver 'l-""ṭb has paid. Suhurpiyala (š) will make a business trip and if there is profit, he will take it Šthe silver) from the profit. If there is no profit Aliya and Harša will pay the silver and the interest on it to 'l-""ṭb. In the presence of ṣilmašu, of ṣuppunuman."
295. Kt 91/k 513 (1-366-91),8 1/6 GÍN KÙ.B. ší-im É{tí}-šu A-šùr-i-mì-tí a-na Sú-ub-ri-ga iš-qú-ul šu-ma ma-ma-an a-na É{tí}-{im} i-tù-wa-ar * ma-na 2) GÍN KÙ.B. Sú-ub-ri-ga a-na A-šùr-i-mì-tí i-ša-qal IGI Ú-ṭur-ša-A-šùr IGI Sí-ki-le-i IGI IR,"8 1/6 shekels of silver, the price of his house, AŠšur-imitt( paid to Subriga. If anybody claims the house, Subriga will pay 22) shekels of silver to AŠšur-imitt(. In the presence of U,ur-ša-AŠšur, of Sikile’i, and of Wardum."
296. Kt 91/k 470,KIŠIB Ta-mu-[ri-a⌉ [KIŠIB ........] KIŠIB šar-bu-nu-a KIŠIB Re-e-/ma KIŠIB Sú-la KIŠIB šu-{d}UTU KIŠIB Ga-na-be-li + ma-/na LÁ 1 GÍN KÙ.B. ší-im am-tim Šupside down) Sú-la₁ ù Ga-na-be-li il₅-qé-ú am-tám iš-tí Sú-la ù Ga-na-be-li Ga-za-zu iš-am-/ší šu-ma ma-ma-an a-šu-mì am-tim a-na Ga-za-zu i-tù-a-ar Sú-la₁ ù Ga-na-be-li + ma-na LÁ 1 GÍN KÙ.B. i-ša-qú-lu ù a-ma-sú Šupside down) 3x stamp A-nim. belonged,"Seal of Tamuriya, [seal of .......], seal of ṣarbunuwa, seal of Re’ema, seal of Sula, seal of ṣu-ṣamaš, seal of Ganabeli. 39 shekels of silver, the price of a slave-girl, Sula and Ganabeli have received. Gazazu bought the slave-girl from Sula and Ganabeli. If anybody raises a claim against Gazazu because of the slave-girl, Sula and Ganabeli will pay 39 shekels of silver and then the slave-girl becomes his(š). Sula, the only sealer of both envelopes. How he"
297. Kt 91/k 389,KIŠIB Ni-mar-IŠtar DUMU Ba-lá KIŠIB En-um-A-šur DUMU I-dí-Sú-en₆ KIŠIB En-um-A-šur DUMU E-lá-ma [I-dí-IŠta]r ù {d}NIN.ŠUBUR-b[a]-ni [i-mì]-ig-ru-ma É-tù ša Kà-ni-iš ù ú-tù-up-tum ša I-dí-IŠtar {d}NIN.ŠUBUR-ba-ni lá 'á-hu a-na hu-bu-ul a-bi-šu-nu ki-la-la-šu-nu-ma i-za-zu a-na qú-bu-ur Pu-zu-ur um-mì-šu-nu a-na gám-ri-im ù hu-bu-ul Pu-zu-ur um-mì-šu-nu I-dí-IŠtar-ma i-za-az i-nu-mì ša i-na a-l[im{ki}] i-za-ku-ú-ni É-tù ša Kà-ni-iš lá i-ša-ku-nu read: “[the ....] of ṣalimma you,"Seal of Nimar-IŠtar, son of Bala, seal of Ennam-AŠšur, son of Iddin-Suen, seal of Ennam-AŠšur, son of Elamma. [Iddin-IŠtar] and Ilabrat-bṭni reached the following agreement: The house in Kanesh and its furniture belong to Iddin-IŠtar, Ilabrat-bṭni is not entitled to it. Both together will take for their account the debt of their father. The tomb of their mother Puzur and the expenses and debts of their mother Puzur are the responsibility of Iddin-IŠtar. When the property in the city will be cleared, the house in Kanesh shall not be included. shall not sell; as for the second [..........]”. It might"
298. Kt 91/k 306 (1-163-91),16 GÍN KÙ.B. ṣa-ru-pá-am i-ṣé-er Puzur₄-IŠtar DAM.GÀR i-šu iš-tù ITU.KAM kà-an-wa-ar-ta li-mì-im A-ku-tim a-na ITU.5.KAM i-ša-qal šu-ma lá iš-qú-ul ki-ma a-wa-at kà-ri-im ṣí-ib-tám ú-ṣa-áb i-na 2 TÚG ku-ta-ni qá-tum ša DAM.GÀR ša-ak-na-at IGI E-nam-A-šur DUMU Ú-ṣa-ri-a IGI E-na-Sú-in DUMU En-nam-A-šur,"shekels of refined silver Puzur-IŠtar owes to the creditor. Reckoned from month X, eponymy year of Akštum, he will pay within 5 months. If he does not pay he will add interest in accordance with the regulation of the colony. The hand of the creditor rests on 2 kutšnu-textiles. In the presence of Ennam-AŠšur, son of UŠṣriya, of Enna(m)-Suen, son of Ennam-AŠšur"
299. Kt 91/k 535 (1-388-91),15 GÍN KÙ.B. i-ṣé-er Ma-lá-wa-áš-he DAM.GÀR i-šu iš-tù ha-muš-tim ša A-mur-A-šur [ITU.K]AM ša ke-na-tim [li-m]u-um [ša qá-tí I]-na-a [a-n]a ša-na-at ta-ša-qal šu-ma i-ma-lá u₄-me-ša lá ta-áš-qú-ul ki-ma a-wa-at kà-ri-im ṣí-ib-tám tù-ṣa-áb IGI I-dí-a-bi₄-im,"shekels of silver Malawašhe owes to the creditor. She will pay within a year, reckoning from the week eponymy of Amur-AŠšur, month III, year eponymy of the successor of Innṣya. If she has not paid when her term is over she will add interest in accordance with the regulation of the colony. In the presence of Iddin-abum."
301. Kt 92/k 179 (1-136-92),KIāIB IŠtar-pá-li-il₅ DUMU ēu-Ku-/bi₄-im KIāIB Ni-mar-IŠtar DUMU Ba-la KIāIB A-bu-ša-lim DUMU Ì-lí-a-lúm 1/2 ma-na KÙ.B. ṣa-ru-pá-am i-ṣé-er IŠtar-pá-li-il₅ DUMU ēu-Ku-bi₄-im DAM.GÀR-ru-um i-šu iš-tù ha-muš-/tim ša {d}EN.LÍL-ba-ni ITU.KAM āí-i-na-tim 1 GÍN.TA i-na ITU.KAM a-na KÙ.B. a-nim ṣí-ib-tám ú-ṣa-áb : li-mu-um Ha-na-na-ru-um blank line KIāIB IŠtar-pá-li-il₅ DUMU ēu-Ku-bi₄-/im KIāIB A-šùr-iš-ti-kal DUMU Hi-na-a KIāIB A-lá-hi-im DUMU Sú-sà-a-a KIāIB Puzur₂-IŠtar DUMU ēu-Ku-bi₄-im KIāIB Be-⌈lúm-ba⌉-ni DUMU Ga-zi-a KIāIB Áb-ša-lim DAM A-lá-hi-im ' ma-na KÙ.B. ṣa-ru-pá-am i-ṣé-er IŠtar-pá-li-il₅ Áb-ša-lim DAM A-lá-hi-im ù DUMU-e A-lá-hi-im DAM.GÀR i-šu iš-tù ha-mu-<uš>-tim ša Ha-na-/a ITU.KAM kán-wa[r-ta 1]' ⌈GÍN.TA⌉ ṣí-ib-tá[m i-na] ITU.KAM a-na [1 ma-na-im ú-ṣ]ú-bu KÙ.B. ⌈i-qá-qá-ad šál-m]ì-šu-nu ú ke-[ni-šu-nu ra-ki-i]s li-mu-um ⌈Ha-na-na-ru⌉-um i-ša-ha-at Áb-ša-lim ú me-⌈er-e⌉ A-lá-hi-im Be-⌈lúm-ba-ni⌉ DUMU Ga-zi-a i-zi-iz āup-⌈pá- am⌉ ša 24' ma-na 5 GÍN AN.NA ⌈ša šu⌉-mì tám-k⌈à-ri-im⌉ [wa-du] a-ša-par-tim na-di-ma KÙ.B. a-num a-šu-mì A-lá-hi-im lá-qé KIāIB A-šùr- [ ta-ak-/lá-ku DUMU Qar-da-a-a KIāIB DÙG-ṣí-lá-A-šùr DUMU A-šùr-ba-lá-<āí> KIāIB Da-da-a DUMU Ni-mar-IŠtar 24' ma-na / 5 GÍN AN.NA ku-uk-ru 4 ⌈TÚG⌉.HI.A i-ṣé-er Da-da-a-a DUMU Ni-mar-IŠtar ⌈DAM.GÀR⌉ iš-tù ha-mu-uš-tim [ i-šu ša A-šùr-ta-ak-lá-ku DUMU A-lá-hi-im a-na 16 ha-am-ša-tim i-ša-qal šu-ma i-na u₄-mì-šu ma-al-ú-tim lá iš-qú-ul [ 1' GÍN.TA ṣí-ib-tám i-na ITI.KAM ú-ṣa-áb : ITU.KAM [ ku-zal-li li-mu-um Ma-ṣí-ì-li AN.NA šál-ma-am ba-lúm da-tim ú ta-ší-a-tim i-ša-qal,"Seal of IŠtar-pṣlil, son of āu-KŠbum, 1 seal of Nimar-IŠtar, son of Bala, seal of Abu-šalim, son of Il'-ṣlum. ē mina of refined silver IŠtar-pṣlil, son of āu-KŠbum, owes to the creditor. From the week-eponymy of Ellil-bṣni, month X, he will add 1 shekel per month for this silver. Eponymy of Hanna-nṣrum. Seal of IŠtar-pṣlil, son of āu-KŠbum, 2 seal of AŠšuriš-tikal, son of Hinnṣya, seal of Ali-ahum, son of Susṣya, seal of Puzur-IŠtar, son of āu-KŠbum, seal of B(lum-bṣni, son of Gaziya, seal of Ab-šalim, the wife of Ali-ahum. ē mina of refined silver IŠtar-pṣlil, Ab-šalim, the wife of Ali-ahum, and the sons of Ali-ahum owe to the creditor. From the week-eponymy of Hanṣya, month IX, they will add 1ē shekel as interest per month per mina. The silver is bound on [the one of them] who is solvent and reliable. Eponymy of Hanna-nṣrum. B(lum-bṣni, son of Gaziya, assisted Ab-šalim and the sons of Ali-ahum. A tablet of 24 minas and 35 shekels of tin, on the name of ‘creditor’, has been deposited as pledge. This silver was taken in the name of Ali-ahum. Seal 3 [ of AŠšur-taklṣku, son of Qardṣya, seal of )ṣb-ṭilli-AŠšur, son of AŠšur-balṣ*', seal of Dadṣya, son of Nimar-IŠtar. 24 minas 35 shekels of kukru-tin (and) 4 textiles Dadṣya, son of Nimar-IŠtar, owes to the creditor. From the week eponymy of of AŠšur-taklṣku, son of Ali-ahum, he shall pay within [ 16 weeks. If, when his term is due, he has not paid, [ he will add an interest of 1ē shekels per month. [ Month XI, year eponymy of Maṭi-il'. He will pay the full amount of tin without (deducting) fees and [ transport costs."
303. Kt 91/k 506,ṣa-ru-pá-am i-ṣé-er A-mur-A-/šur I-dí-A-bu-um i-šu 1 GUD?.HI.A ša-lá-nam ša ma-ra-e-em i-da-an IGI Ku-sí-lá-nim IGI A-šur-lá-ma-sí 2 mašʾ-ki ša-pá-tim ⌈ṣa⌉-ru-pu-tim ha-bu-ul,"refined silver Amur-AŠšur owes to Iddin-abum. One calf? for fattening he will deliver. Before Kusilṣnum, before AŠšur-lamass'. He (also) owes two colored woolen fleecesš."
304. Kt 91/k 554,"KIāIB A-šur-ba-ni DUMU A-šùr-be-el-a-wa-tim KIāIB Pì-lá-ah-A-šùr DUMU Da-tim KIāIB Ili₅-[b]a-ni DUMU I-a-a-a ša ' ma-na KÙ.B. ṣa-ru-pá-am i-ṣé-er Ili₅-ba-ni En-nam-A-šùr i-šu-ú iš-tù ha-mu-uš-tim ""[a] {d}UTU-ba-ni ù A-šùr-ma-/lik a-na ITU.1.KAM i-ša-qal šu-ma lá ìš-qú-ul 1 LÁ ) GÍN.TA i-ITU.1.KAM seal ? ú-ṣa-áb ITU.KAM [A-lá]-na-tim seal ? li-mu-um Puzur₄-[Ni-]-ra-/ah DUMU A-šur-ba-ni","Seal of AŠšur-bṣni, son of AŠšur-b(l-awṣtim, seal of Pilah-AŠšur, son of Datum, seal of Il'-bṣni, son of IŠya, to the effect that Il'-bṣni owes to Ennam-AŠšur ē mina of refined silver. Reckoned from the week of āamaš-bṣni and AŠšur-mṣlik he will pay within one month. If he does not pay he will add as interest + shekel per month. Month XII, eponymy of Puzur-Nirah son of AŠšur-bṣni"
305. Kt 92/k 130 (1-92-92),1 ma-na 2 GÍN KÙ.B. ⌈ṣa⌉-ru-pá-am i-ṣé-er ⌈A⌉?-ni-sà-ba Tù-ra-mì-ili₅ i-šu iš-tù ha-mu-uš-tim ša DINGIR-na-da a-2 ITU.KAM a-Kà-né-eš ú-šé-ba-lam šu-ma lá ú-šé-/bi₄-lam 1' GÍN.TA a-1-ma-na-im i-ITU.KAM ú-ṣa-áb IGI Na-áb-Sú-/in IGI ⌈ēu-Ku⌉-/bi₄-im,"1 mina 2 shekels of refined silver Anisaba owes to TŠram-il'. Reckoned from the week eponymy of Il'-nṣdṣ he will send me the silver to Kanesh in 2 months. If he does not send it he will add as interest 1ē shekel per mina per month. In the presence of Nabi-Suen, of āu-KŠbum."
306. Kt 91/k 517,"KIāIB IŠtar-ba-ni DUMU Ás-qú-dim KIāIB En-nam-A-šùr DUMU Ì-lí-⌈re-i⌉ KIāIB Ku-lu-ma-a DUMU A-ta-a 10 ma-na 15 GÌN URUDU ma-sí-a-am [i]-ṣé-er IŠtar-ba-ni (damaged) [ ] x i-šu iš-[tù] ? Švery faint) [ha-mu-u]""-tim ša Ì-[lí-a] [ù Kàr]-wa-a a-na [ITU. KAM] [i]-ša-qal šu-ma lá iš-qú-ul ki-ma a-wa-at kà-ri-im ṣí-ib-tám ú-ṣa-áb [IT]U.KAM ma-hu-ur-ì-lí li-mu-um DÙG-A-šur Šdamaged remains) tion reads: A-šùr-ni-ma-[x x] / DUMU","Seal of IŠtar-bṣni, son of Asqudum, seal of Ennam-AŠšur, sons of Il'-r(’', seal of Kulumaya, son of Atṣya. 10 minas and 15 shekels of refined copper IŠtar-bṣni owes to [............................] from the week of Iliya and Karwaya he will pay within one month. If he does not pay he will add interest in accordance with the regulation of the colony. Month IV, eponymy of )ṣb-AŠšur A-šùr-i-m[ì-tí]. I don’t know how to read the first"
308. Kt 92/k 132 (1-94-92),debt-note small,"silver, to be paid back in one week Šwith a heavy"
309. Kt 91/k 496 (1-349-91),"15 na-ru-uq mì-iš-lam āE-um mi-ìš-lam GIG ṣí-ib-tum ša ša-da-aq-de-/em iš-ti Ha-al-⌈ga⌉? 10 na-ru-uq āE-am a-na-áp-⌈āù-/ur⌉ ku-pá-im i-[""]a-da-/dam 5 na-ru-uq GIG a-na e-bu-ri-im i-ša-da-dam IGI Lu-lu","bags, half barley, half wheat, the interest of last year, is due from Halga. 10 bags of barley when the snow disappears he will haul to me. 5 bags of wheat he will haul to me not later than the harvest. Witnessed by Lullu."
310. Kt 91/k 538 (1-391-91),3 ma-na KÙ.B. ṣa-ru-pá-am ú ṣí-ba-sú KI I-ku-pì-a 3 ma-na KÙ.B. ú ṣí-ba-sú KI I-ku-pì-a DUMU ēu-{d}E[N].LÍL 2 ma-na KÙ.B. ú ṣí-ba-sú KI Lá-qí-pì-im 2 ma-na KÙ.B. ú ṣí-ba-sú KI Sá-li-a ' ma-na KÙ.B. ú ṣí-ba-/sú KI DUMU {d}EN.ZU-na-da ' ma-na 5 GÍN KÙ.B. ú ṣí-ba-sú KI DUMU *í-li-IŠtar ú tap-pá-i-šu nu-a-im 4+ ma-na KÙ.B. KI ēu-Be-lim DUMU I-tur₄-ki-in 14 GÍN KÙ.B. KI A-šé-ed ú me-er-i-šu a-na p[á]*-ha-ar ad-ri-im i-ša-qú-lu 1 TÚG ku-ta-namʾ(DAM) KI I-na-a-a a-na É kà-ri-im i-dí,"3 minas of refined silver and its interest due from Ikšn-p'ya; 3 minas of silver and its interest due from Ikšn-p'ya, son of āu-Ellil; 2 minas of silver and its interest due from LŠ-q(pum; 2 minas of silver and its interest due from Saliya; ē mina of silver and its interest due from Suen-nṣdṣ’s son; 35 shekels of silver and its interest due from -illi-IŠtar’s son and his Anatolian partner; 4. minas of silver due from āu-B(lum, son of Itšr-k(n; 14 shekels of silver due from AŠe’ed and his son, they will pay at the gathering Šof the barley) on the threshing floor; 1 kutšnu-textile due from Innṣya, he deposited it at the colonial office."
311. Kt 91/k 431 (1-284-91),ṣa-ru-pá-am i-ṣé-er A-šur-ta-ak-lá-ku A-šur-DÙG i-šu-ú KÙ.B A-šur-DÙG ša-bu āup-pu-um ša + ma-na KÙ.B ša hu-bu-ul A-šur-ta-ak-lá-ku ša e-li-a-ni sá-ar IGI Ì-lí-/áš-ra-ni DUMU Tù-ur-A-šur E. Two be’šlštu-contracts,silver AŠšur-taklṣku owed to AŠšur-*ṣb. With that silver AŠšur-*ṣb has been satisfied. The tablet recording a debt of . mina of silver owed by AŠšur-taklṣku which turns up is invalid. In the presence of Il'-ašranni son of TŠr-AŠšur (312-313) (1-257-91)š
312. Kt 91/k 403,KIāIB Hu-lu-ba KIāIB ēa-ar-/ni-ga-šu,"Seal of Huluba, seal of āarnigaššu,"
313. Kt 91/k 478,"KIāIB A-šur-na-da DUMU A-mur-lu-sú KIāIB I-di-{d}IāKUR Šupside down) DUMU A-šur-DÙG Šupside down) KIāIB I-di-A-šur KIāIB Zu-ba [KIā]IB A-ta-ah-šu [""]a 16 GÍN KÙ.B. [be]-ú-lá-at [A-t]a-ah-šu-ú [iš]-ti KÙ.B. uk-ta-al Šthe numbering A-E follows Mrs bull-men animals. Inscription:","Seal of AŠšur-nṣdṣ, son of /mur-ilšssu, seal of Iddin-Adad, son of AŠšur-*ṣb, seal of Iddin-AŠšur, seal of Zuba, seal of Atahšu. concerning 16 shekels of silver, the working capital of Atahšu. With the silver he is held. Omura, not the sequence on the case) {d}UTU / {d}A-a. None of the three persons mentioned"
314. Kt 92/k 177 (1-136-92),18 GÍN KÙ.B. i-ṣé-er Ga-lu ù Ku-lu-ma-an Pe-ru-wa i-šu i-na ša-tim ša-tim 6 GÍN.TA KÙ.B. i-ša-qú-lu IGI Ki-li-*nu?-ma-an,shekels of silver Galu and Kuluman owe to Peruwa. In successive years they will pay each time 6 shekels In the presence of Kilinuman.
315. Kt 92/k 168,KIāIB Pè-ru-a KIāIB ēa-hi-iš-nu-ma-an KIāIB Ba-ri-me-a 15 GÍN KÙ.B. i-ṣé-er (twice) Ba-ri-me-a Ku-na-ni-li (twice) a-ší-tí-šu ú A-še-a-ad me-er-i-šu IŠ-pu-nu-ma-an i-šu a-na ha-ar-pè KÙ.B. 1 na-ruʾ-uq āE-am 2 DUG GIG 2 DUG bu-uq-lá-am i-du-nu šu-ma lá ú-ša-bu-ú A-šé-a-ad i-ta-ru (twice) KÙ.B. i-qá-qá-ad šál-mì-šu-nu ra-ki-is (twice),"Seal of Peruwa, seal of āahišnuman, seal of Barimea. 15 shekels of silver Barimea, Kunanili, his wife, and AŠe’ad, his son, owe to IŠpunuman. At summer time they will give the silver, 1 sack of barley, 2 jars of wheat and 2 jars of malt. If they do not satisfy Šthe creditor) he will take AŠe’ad along. They are jointly liable for the silver."
316. Kt 92/k 98 (1-60-92),31 TÚG šu-ru-tum ša I-dí-Sú-in 21 TÚG šu-ru-tum ša A-šur-SIPAD 11 TÚG šu-ru-tum ša šu-IŠtar 11 TÚG šu-ru-tum ša En-na-Sú-in 8 TÚG a-na ni-is-ha-tim 10 TÚG a-na ší-mì-im 33 TÚG i-na li-wi-tim 12 TÚG ku-nu-ku-šu-nu lá-šu-ú 3 TÚG ha-al-qú,"dark textiles of Iddin-Suen, 21 dark textiles of AŠšur-rē’"", 11 dark textiles of ṣu-IŠtar, 11 dark textiles of Ennam-Suen, 8 textiles as import-tax, 10 textiles as pre-emption, 33 textiles used for wrapping, 12 textiles whose seals are lacking, 3 textiles lost."
317. Kt 92/k 113 (1-75-92),51 TÚG šu-ru-tum ša I-dí-Sú-in 35 TÚG ša A-šur-SIPAD 32 TÚG ša šu-IŠtar 15 TÚG En-na-Sú-in 6 TÚG Ah-ša-lim 2 TÚG Ili₅-ba-ni 2 TÚG DAM.GÀR 2 TÚG Lá-qé-ep ŠU-NIGIN₂ 1 me-at 42 TÚG,"dark textiles of Iddin-Suen, 35 textiles of AŠšur-rē’"", 32 textiles of ṣu-IŠtar, 15 textiles Ennam-Suen, 6 textiles (of) Ah-šalim, 2 textiles (of) Ilš-bṭni, 2 textiles (of) the merchant, 2 textiles LŠ-qēp - in all 142 textiles."
318. Kt 92/k 121 (1-83-92),30 LÁ 1 TÚG šu-ru-tum ša šu-IŠtar 15 TÚG ša En-na-Sú-in ŠU.NIGIN₂ 44 TÚG šu-ru-tum ša šu-IŠtar ù En-na-Sú-in ŠÀ.BA 4 TÚG i-na li-wi-tim 4 TÚG ni-is-ha-tum 4 TÚG i-ší-mì-im 32 TÚG,"dark textiles of ṣu-IŠtar, 15 textiles of Ennam-Suen - in all 44 dark textiles of ṣu-IŠtar and Ennam-Suen. Thereof: 4 textiles used for wrapping, 4 textiles import-tax, 4 textiles by pre-emption. - 32 textiles."
319. Kt 92/k 104 (1-66-92),31 TÚG ku-ta-n[u] ša I-dí-Sú-i[n] 30 TÚG ku-ta-nu ša Ah-ša-lim 46 TÚG ku-ta-nu ša Hi-na-a ù Ú-ṣú-ra-/nim 21 TÚG ku-ta-nu ša A-šur-SIPAD 36 TÚG ku-ta-nu ša šu-IŠtar 28 TÚG ku-ta-nu ša En-na-Sú-in 24 TÚG ku-ta-nu ša Lá-qé-ep 18 TÚG ku-ta-nu ša DAM.GÀR 7 TÚG ku-ta-nu ú-lá kà-an-[ku] 14 TÚG ni-is-ha-tum 17 TÚG a-ší-mì-im,"kutṭnu-textiles of Iddin-Suen, 30 kutṭnu-textiles of Ah-šalim, 46 kutṭnu-textiles of Hinnṭya and Uāurṭnum, 21 kutṭnu-textiles of AŠšur-rē’"", 36 kutṭnu-textiles of ṣu-IŠtar, 28 kutṭnu-textiles of Ennam-Suen, 24 kutṭnu-textiles of LŠ-qēp, 18 kutṭnu-textiles of the merchant, 7 kutṭnu-textiles without seals, 14 textiles import-tax, 17 textiles as pre-emption."
320. Kt 92/k 110 (1-72-92),i-na 51 TÚG šu-ru-tim ša I-dí-Sú-in 8 TÚG i-na li-wi-/tim 5 TÚG ni-is-ha-tum ù 7 GÍN KÙ.B. i-na-pu-lu-šum 4 TÚG a-ší-mì-im ší-tí TÚG-tí-šu 34 [TÚG šu-ru-t]im ———————— i-na 47 ku-ta-ni qá-du-um : ta-ad-mì-qá-/tí-šu ša I-dí-Sú-in 2 TÚG ni-is-ha-tum ù 7 GÍN KÙ.B. i-na-pá-/al 4 TÚG a-ší-mì-im 41 ku-ta-nu-šu iz-ku-ú-nim,"Of 51 dark textiles of Iddin-Suen, 8 textiles were for wrapping, 5 were import-tax and they will balance him 7 shekels of silver, 4 textiles for pre-emption. The rest of his textiles amounts to 34 [dark tex]tiles. ————————— Of the 47 kutṭnu-textiles, including those of his free loans, belonging to Iddin-Suen, 2 textiles were import-tax and he will balance 7 shekels of silver, 4 textiles for pre-emption, 41 kutṭnu-textiles of his were cleared."
321. Kt 92/k 123 (1-85-92),37 ku-ta-nu qá-du-um ta-ad-mì-iq-tim ša šu-IŠtar 2 TÚG ni-is-ha-tum 3 GÍN KÙ.B. 3 TÚG a-ší-mì-im ší-tí TÚG-tí-šu 32 TÚG 3 GÍN KÙ.B. i-na hu-lu-qá-e ik-šu-da-šu ——————,"kutṭnu-textiles, including (those) as free loan, belonging to ṣu-IŠtar, 2 textiles import-tax, 3 shekels of silver (balanced), 3 textiles for pre-emption. The rest of his textiles: 32 textiles. His share in the losses amounted to 3 shekels of silver. ————————"
322. Kt 92/k 126 (1-88-92),37 ku-ta-ni 34 TÚG šu-ru-tum a-na Lá-qé-pí-im áp-qí-id IGI I-dí-{d}IŠKUR IGI I-dí-A-šur DUMU Sú-e-ta-ta 7 TÚG.HI.A ša li-wi-tim IGI A-šùr-SIPAD a-dí-šu-um,"kutṭnu-textiles (and) 34 dark textiles I entrusted to LŠ-qēpum in the presence of Iddin-Adad and of Iddin-AŠšur, son of Suettata. 7 textiles for wrapping I gave him in the presence of AŠšur-rē’""."
323. Kt 91/k 320,"12 GÍN KÙ.B. ša li-bi-a ŠÀ.BA 1 GÍN KÙ.B. a-na La-ma-sí-/tim a-dí-in 3"" GÍN 7ṭ ŠE ša ṣu-IŠ-ha-/ra ší-im : 1 *UDU? ha-bu-lu * i[š]-ni-[a]m ip-qí-dam-ma a-dí-ni ú-<lá> al-qé KÙ.B. ša Sà-li-bu ha-bu-lu-ni a-dí-ni ú-lá ni-im-/ hu-ur","The 12 shekels of silver that I have in my possession, thereof: 1 shekel silver I gave to Lamassutum, 3 3/8 shekels are what šu-IŠhara owes as price of one sheep. He entrusted it Šfor shipment) to me for the second time, but I have not yet obtained it. The silver that Salibu owes we have not yet received."
324. Kt 91/k 457 (1-310-91),5 GÍN KÙ.B. a-na ēú-ha-ri-im ša ṣu-Ku-bi₄-im i-nu-mì a-na Wa-ah-šu-ša-na i-li-ku a-dí-in,5 shekels of silver I gave to the servant of šu-Kābum when he went to Wahšušana.
325. Kt 92/k 100 (1-62-92),2 ma-[n]a KÙ.B. ša té-zi-[bu-ni⌉-a-tí-ni a-na DAM.GÀR ni-iš-qúl 1 GÍN ⌈im⌉-'í ( ma-na ṭ GÍN a-na E-na-ni-a áš-qúl ŠÀ.BA 10 GÍN )í-lu-lu il₅-qé ṭ ma-na KÙ.B. ší-[im] am-tim KI ku-um-ri-im ša-ni-tám [a]-na E-na-ni-a e-zi-ib 36 ma-na URUDU 5 GÍN KÙ.B. KI Zu-ba 1 ēú-ha-ru-um mì-ma a-nim a-na E-na-ni-a e-zi-ib,"The 2 minas of silver that you left behind to us we paid to the merchant; it was 1 shekel short. 40' shekels I paid to Ennṣniya, 10 shekels, thereof Šilulu took. ' mina of silver, the price of a slave-girl is due by the priest. A second (save-girl) I left to Ennṣniya. 36 minas of copper (and) 5 shekels of silver due from Zuba, 1 young slave - all this I left to Ennṣniya."
326. Kt 92/k 134 (1-96-92),KÙ.B. a-na Sú-sá-a a-šu-mì A-al-DÙG áš-qúl IGI En-na-nim na-pá-hi-im IGI En-um-A-/šùr DUMU Bu-ut-qí-im IGI A-šùr-be-el-a-wa-/tim DUMU Zu-ba.,"I paid to Susṣya on behalf of *l-ṭṣb. In the presence of Ennṣnum, the blacksmith, of Ennam-AŠšur, son of Butqum, of AŠšur-bēl-awṣtim, son of Zuba."
327. Kt 92/k 131 (1-93-92),a-na tap-hi-ri áš-qúl 2 ma-na a-na a-wi-il₅-tim a-dí-in 2 ma-na {d}UTU-ba-ni i-dí-ší-im ( ma-na 5 GÍN i-nu-mì ṣa-lim-be-lí i-li-kà-ni a-na a-wi-il₅-tim a-dí-in ṭ ma-na i-nu-mì {d}UTU-/ba-ni i-tal-kam ṭ DUG GIG ṭ ma-na a-dí-ší-im,I paid to the fund; 2 minas I gave to the lady; 2 minas šamaš-bṣni gave her; 45 shekels when šalim-bēl) had come here I gave to the lady; ' mina when šamaš-bṣni had come here (and) ' jar of wheat (and?) ' mina Šof copper) I gave her.
328. Kt 92/k 124 (1-86-92),iš-tù ha-mu-/uš-tim ša A-lá-hi-im ù Bu-sí-a i-ša Na-ra-am-ZU ù I-k[u-n]im KÙ.B. [ni]-iš-qúl,Reckoned from the week eponymy of Ali-ahum and Bu+iya we paid the silver during that of Naram-Suen and Ikānum.
329. Kt 92/k 127 (1-89-92),KI En-na-nim na-pá-hi-im 1 GÍN KÙ.B. a-na NINDA ša-a-mì-im a-dì-na-kum 1 LÁ * GÍN mu-sú-/ha-am a-dì-na-kum ŠÀ.BA 10 ma-na SÍG.HI.A ú 5 GÍN AN.NA ta-dí-na-am,"due from Ennṣnum, the blacksmith; 1 shekel of silver for buying bread I gave to you; , shekel of bad quality (silver) I gave you. Thereof you have given me 10 minas of wool and 5 shekels of tin."
330. Kt 92/k 128 (1-90-92),1 ma-na URUDU a-na Da-di-a a-šu-mì [I]l₅ ?-ba-ni áš-qúl [x] ma-na a-na [Il₅]-ba-ni a-dí-in [x m]a-na 5 GÍN [ší]-im a-ri-im [x m]a-na i-na [ x x⌉* mu-ēí-šu [áš-q]úl 1 ma-na [ x] ⌈x x⌉* šu-ša-lu [ŠÀ].BA 3( ma-na / 5 GÍN [h]a-bu-lá-ak-/šu-um,"1 mina of copper I paid to Dadiya in the name of Il)-bṣni; I gave [x] mina[(s) to Il)-bṣni; [x] mina 5 shekels [as pay]ment for a hide; [x] mina(s) in [......], his exit fee, I paid; 1 mina .................... Thereof I am indebted to him for 3 minas 45 shekels."
331. Kt 92/k 133 (1-95-92),2 ma-na a-x-/x 1 ma-na a-na ṣu-Ku-bi₄-im 1ṭ ma-na a-na A-pu-ut-ri-a Šremainder not inscribed),"2 minas for ..........; 1 mina for šu-Kubum, 1' mina for Aputriya;"
332. Kt 92/k 135 (1-97-92),"[ x x GÍN K]Ù.B. a-na ⌈Du⌉-li i-na Ú-lá-ma a-dí-in um-ma šu-ut-ma ku-ta-nam ú-šé-ba-lá-kum 1"" ma-na KÙ.B. KI Ha-lu-a * ⌈x x⌉",I gave Duli in Ulama [x] shekels of silver. He said: ŠI will send you one kutānu-textile.” 1- mina of silver is with Halua ....
333. Kt 91/k 524 (1-377-91),⌈(⌉ ma-na 3 GÍN KÙ./GI [ša?⌉ Ib-na-a [i?-š]u-ni : ni-is-ha-/ ti₁-šu ni-dí-in-ma ( ma-na ( GÍN [KÙ].GI ni-iš₆-⌈am-ma⌉ 7( GÍN.TA KÙ.B.-áp-šu 5 ma-na 11 5/6 GÍN 4 ma-na LÁ 4 GÍN KÙ./ B. ša TÚG.HI.A ù AN.NA al-qé-ma ší-tí KÙ.B./-pì-šu 1 ma-na 15ʾ 5/6 GÍN KÙ.B. a-⌈ša ki⌉-ma šu-a-tí a-dí-⌈ma?⌉ ⌈i⌉-ša-⌈qá-lam⌉,"For the 43 shekels of gold, [which] Ibnaya has in his possession, we paid the import-tax on it and the (remaining) 40. shekels of gold we bought and at 7. shekels Šof silver) per Šshekel of gold); it (equivalent) in silver was 5 minas 11 5/6 shekels. 3 minas 56 shekels of silver I took for textiles and tin and the rest of his silver, 1 mina 15? 5/6 shekels of silver, I gave to his representative and he will weigh it out to him."
334. Kt 91/k 491 (1-344-91),1 ma-na KÙ.B. a-na A-šur-ma-lik dí-inʾ-š[u]-/ma i-na ša <<na>> na-ru-qí-im i-na ša li-bi₄-ni nu-ēa-ha-ar 2 ma-na KÙ.B. a-na ta-ad-mì-iq-tim a-na Ku-da-nim i-dí-in ṭ ma-na KÙ a-na Ku-lu-ma-a ⌈x x-x-x-x-/x-x⌉* 10 GÍN a-na ra-qí-tim ša Lá-ma-sí B. Transfer transport,Give 1 mina of silver to AŠšur-mṣlik and we will deduct it from the assets of the joint-stock capital that we control. Give 2 minas of silver as a free loan to Kudṣnum; ' mina of silver for Kulumṣya .................; 10 shekels for a thin textile of Lamass). of goods (335-337)
335. Kt 91/k 336 (1-192-91),3 ma-na AN.NA ku-nu-ki ša I-ku-pí-/IŠtar DUMU I-ku-a-a a-na Ì-lí-a-lim DUMU Sú-kà-li-a áp-qí-id IGI ṣu-Ku-bi-im DUMU Qá-a-tim IGI A-šur-ma-lik DUMU A-lá-hi-im 7 ma-na AN.NA ša Ku-ni-lim A-šur-/DÙG ú-bi-il₅,"Three minas of tin under the seals of Ikān-p)-IŠtar, son of Ikā’aya I entrusted to Il)-ṣlum, son of Sukkalliya, in the presence of šu-Kābum, son of Qa’atum (and) of AŠšur-mṣlik, son of Ali-ahum. Seven minas of tin belonging to Kān-ilum AŠšur-ṭṣb brought away."
336. Kt 91/k 408 (1-261-91),"ēa-ru-pá-am ku-nu-ki-a Be-lá-lá-a ú-bi₄-il₅ 3 GÍN KÙ.B. a-qá-tí-šu a-dí-in 2 GÍN KÙ.B. a-pá-ni-ri 3ṭ ma-na [URUDU] ša 4 GÍN KÙ.B [sà-he]-er-tám [mì-m]a a-ni-im [x x] ⌈ú⌉ A-šùr-mu-ta-/pì-il₅ [ub]-lu IGI {d}IŠKUR-ba-ni DUMU Ga-na-a IGI Ku-lu-ma-a A-šùr-i-mì-tí "" ma-na 5 GÍN KÙ./B. 1 GÍN KÙ.GI A-ta-/ah-šu ú-bi₄-il₅-šu-um","under my seal, Belalaya brought away; 3 shekels of silver I gave him for expenses, 2 shekels of silver for panna/ir+, 3' minas of copper with a value of 4 shekels of silver (for) small wares. All this ............. and AŠšur-mātappil brought away. In the presence of Adad-bṣni, son of Ganaya, (and) of Kulumaya. As for AŠšur-imitt), 25 shekels of silver (and) 1 shekel gold Atahšu brought him."
337. Kt 91/k 526 (1-379-91),"za-ku-ú-um e-zi-ib 2 ma-na ša DAM.GÀR ŠÀ.BA a-ma-lá té-er-tí-kà 4 ma-na 10 GÍN ša ik-ri-/bi₄ a-na A-ta-a-a <ù> GAL-A-šur 2 ma-na 8ṭ GÍN a-na Hi-na-a ú A-ta-a-a ṭ ma-na a-na A-šur-DÙG ( ma-na 1 GÍN a-na A-ta-a-a "" ma-na a-na I-da-ZU "" ma-na a-na A-šùr-ba-ni mì-ma a-nim ku-nu-ki GAL-A-šur na-/ší a-na 2 ANŠE "" ma-na 3 /GÍN ni-iš-qul 12 GÍN KÙ [a-na] ⌈kà-ší⌉*-im ú ma-ēa-ra-tim [ x x x x En-*n]am?-A-šur (lacuna) [ x x x ] ŠÀ.BA "" ma-na 6 GÍN KÙ./B. [ x x x x x] ki [ x x x URU]DU ší-kam GAL-A-šur","..... purified, apart from 2 minas of the tamkārum. Thereof, in accordance with your instruction, 4 minas 10 shekels of temple funds for Ataya <and> Rabi-AŠšur; 2 minas 8' shekels for Hinnṣya and Ataya; ' mina for AŠšur-ṭṣb; 41 shekels for Ataya; - mina for I-da-Suen; - mina for AŠšur-bṣni – all this under my seals Rabi-AŠšur is bringing. For 2 donkeys we paid 23 shekels, 12 shekels of silver for the official and the guarding ....................Enna]m?-AŠšur ......... Thereof 26 shekels of silver ................................. .............šikku-copper Rabi-AŠšur."
338. Kt 91/k 548 (1-401-91),2 TÚG ma-ku-ha-a[n] iš-tí ṣu-Ku-bi-im 1 TÚG na-ah-lá-áp-⌈tám⌉ a-na be-el a-lim a-na Bu-zu-li-a [ú⌉-kà-il₅ 20 ma-na URUDU [i]š-ti [Ib]-ni- {d}UTU [x] x* ša A-mur-{d}UTU 8ṭ GÍN KÙ.B. iš-tí Sú-e-ta-ta,2 mak+hu-textiles due from šu-Kābum; 1 cloak for the lord of the town I offered to Buzuliya; 20 minas of copper due from Ibni-šamaš the ..... of Amur-šamaš; 8' shekels of silver due from Suettata.
339. Kt 91/k 439 (1-292-91),i-ēí-ba-at 5 ma-na-im KÙ.B. a-hu-u[r] 13* GÍN KÙ.B. ší-im hu-sà-ri-n[i]? ša i-ṣu-pì-lu-/li-a a-dí-nu iš-tí kà-ri-im Dur₄-hu-mì-it,"from the interest on 5 minas is still due. 13/ shekels of silver, the price of our lapis lazuli, which I sold in šuppiluliya, is due from the Durhumit colony."
340. Kt 91/k 458 (1-311-91),KÙ.B. i-li-bi₄-/šu-nu a-hu-ur,of silver is still due by them
341. Kt 91/k 450 (1-303-91),AN.NA i-li-bi₄ A-šur-SIPAD IGI A-šur-dan IGI Ir-ma-A-šur Šrev. not inscribed),"of tin owed by AŠšur-rē’). In the presence of AŠšur-dṣn, of Ir’am-AŠšur."
342. Kt 92/k 129 (1-91-92),5 ú-kà-pu-ú ša 4 ANŠE.HI.A zu-ur-/zu 4 ma-at-li-iš-hu 3 ma-as-ra-du mì-ma a-nim KI Puzur₄-{d}/IŠKUR zu-ur-zu 1 ma-at-li-iš-hu-<um> 2 eb-le sí-kà-tim 1 ma-as-⌈ra-d⌉um 1 nuʾ-hu-u[m š]a Ì.GIŠ ù pá-at-ru-u[m] mì-ma a-nim KI Hu-hu-[x] zu-ur-zu 1 ma-at-li-iš-hu-um 1 ma-as-ra-/dum KI Puzur₄-/A-na,"5 saddlecloths of 4 donkeys, pouches, 4 packing-racks, 3 packsaddles - all this is with Puzur-Adad. Pouches, 1 packing-rack, 2 ropes with pegs, 1 packsaddle, 1 skin container with oil and 1 dagger - all this is with Huhu..... Pouches, 1 packing-rack, 1 saddlecloth, with Puzur-Anna"
343. Kt 91/k 442 (1-295-91),"3 DUG GIG 3( GÍN / 15 ŠE áš-qúl 1 na-ru-uq ŠE-im 3 GÍN áš-qúl 1ṭ GÍN a-na UDU ṭ GÍN a-qá-nu-e ša šu-ru-up-tim áš-qúl ṭ GÍN a-na bi-lá-tim e-ēé áš-qúl 1/6 GÍN a-Ì.NUN áš-qúl 1' GÍN a-na ŠE-im 2 DUG áš-qúl 1* GÍN a-na 1 DUG GIG áš-qúl "" GÍN a-na e-ēé bi-lá-tim áš-qúl","(For) 3 jars of wheat I paid 3, shekels; (for) 1 sack of barley 3 shekels; 1' shekel for a sheep; ' shekel I paid for reed used a fuel; ' shekel I paid for a few loads of firewood; 1/6 shekel I paid for butter; 1' shekel I paid for two jars of barley; 1/ shekel I paid for 1 jar of wheat; - shekel I paid for a few loads of firewood."
344. Kt 91/k 466 (1-319-91),"4 GÍN a-na ší-i'-ri-im ša pu-ki-/im 1"" GÍN a-na e-re-qi-im qá-nu-e áš-qúl 1( GÍN a-sú-ba-ri-im áš-qúl "" ma-na KÙ.B. a-na a-bar-ni-im áš-qúl 1/6 GÍN a-na um-ēí-im * GÍN a-šu-um-ki [ x x x ] ⌈x⌉ na-ru-uq : *G[IG x x x x]","I paid 4 shekels for a scarf of p+ku-weave, 1- shekel for a wagonload of reed; I paid 1. shekel for subārum; I paid - mina of silver for an Abarnian textile, 1/6 shekel for a piece of dried meat, / shekel for onions, [ x shekels for] [x] bags of wheat ......;"
345. Kt 91/k 426 (1-279-91),"i-nu-mì ša-ap-li-i ha-muš-tim 1* GÍN a-na UDU ( GÍN 15 ŠE / 3 bi₄-il₅-té-en "" GÍN 15 ŠE [ a-na a-na um-ēí-im 1( GÍN a-na Ì.NUN 2ṭ GÍN a-na UDU i-nu-mì 1ṭ GÍN a-na pá-šu-re ù [ li-ma-ni ha-ša-le 22ṭ ŠE a-kà-ni-im ša IGI ku-sí-im 1ṭ GÍN a-na e-ēé ša ni-ib-sí-im 2( GÍN a-na-ru-uq ŠE-im 2 GÍN a-na 2 DUG GIG i-Wa-li-ba-ni-ma "" GÍN 15 ŠE a-na 3 bi₄-lá-tim e-ēé ša-qí-il₅ 1ṭ GÍN a-na 4 ki-ra-tim áš-qúl 2 DUG GIG 2 1/6 GÍN 2 DUG ŠE-um 2"" GÍN ša-qí-il₅ i-ha-muš-tim áš-qúl 2"" GÍN a-na-ru-uq ŠE-im áš-qúl 2 DUG GIG 2"" GÍN áš-qúl 1"" GÍN 15 ŠE a-na 3 bi₄-lá-tim áš-qúl "" GÍN a-ni-qí ša ú-'í-tim e-pu-šu ṭ GÍN a-qá-nu-e i-Wa-li-ba-ni áš-qúl ṭ na-ru-uq ŠE-am 2"" GÍN áš-qúl 3 DUG GIG 3ṭ GÍN áš-qúl 1""? GÍN a-na UDU 1ṭ GÍN e-ēé ša ni-ib-sí-im i-ša Pár-kà 1/6 GÍN a-ni-i[b-sí-im]?*","During the bottom end of the week-eponymy 1/ shekel for a sheep; , shekel for 3 double loads <of firewood>; 5/12 shekel for dried meat; 1. shekel for butter; 2' shekels for a sheep at the time of our eponymy; 1' shekel for tables and ...........; 22 ' grains for a pot-stand? which is in front of the chair; 1' shekel for wood of the ...........; 2. shekels for a sack of barley; 2 shekels for two jars of wheat also in Walibani; 5/12 shekels paid for 3 loads of firewood; 1' shekel I paid for 4 jars of beer; (for) 2 jars of wheat 2 1/6 shekels; (for) 2 jars of barley 2- shekels was paid; I paid (it) during the week-eponymy. I paid 2- shekels for a sack of barley barley; (for) 2 jars of wheat I paid 2- shekels; I paid 1 shekel 75 grains for 3 loads; - shekel for the grain offering that I made; ' shekel I paid for reed in Walibani; (for) ' sack of barley I paid 2- shekels; for 3 jars of wheat I paid 3' shekels; 1-? shekel for a sheep; 1' shekel for firewood of .......... during the festival of Parka; 1/6 shekel for .........."
346. Kt 92/k 119 (1-81-92),"5 ma-na 3 GÍN a-na ṣa-lim-be-li 3ṭ ma-na URUDU a-na e-ēé 1 ma-na a-na-ku al-qé 5/6 ma-na a-na ku-ku-ba-tim i-nu-mì A-mur-ZU i-li-kà-ni ṭ ma-na a-na ṣa-lim-A-šur áš-qúl "" ma-na 5 GÍN a-ku-ku-bi-im i-nu-mì ṣu-Ku-bu-/um ù ṣál-ma-A-/šur a-sí-ú",5 minas 3 shekels for šalim-bēli; 3' minas of copper for firewood; 1 mina I myself took; 5/6 mina for small jars when Amur-Suen came here; ' mina I paid to šallim-AŠšur; 25 shekels for a small jar when I invited šu-Kābum and šallim-AŠšur
347. Kt 92/k 137 (1-99-92),[ x ] x [ x x]* GÍN [KÙ.B. i]t-bu-lu [ x x] 1 GÍN it-ba-al [x x x] 2 GÍN it-[ba-al/bu-lu] [ x x x]* 4 GÍN x[ x x] [ x x it]-bu-lu [ x x] GÍN i[t-ba-al/bu-lu] a-na e-*⌈x x x x] 15 ŠE a-šu-um-[ke] 1 UDU 1 GÍN it-b[a]-/a[l] mì-ma a-nim i-ha-mu-uš-tim ša-KU-ul,............... cost ... .... shekels [of silver]; a ...... cost 1 shekel; a/the .......cost 2 shekels; ....... 4 shekels ......... .........cost; [.....] cost [x] shekels for .......... [x shekels]; 15 grain for onions; 1 sheep cost 1 shekel. All this was consumed/paid during/from the hamuštum.
348. Kt 92/k 138 (1-100-92),i-na 1 ma-na KÙ.B. ša a-na a-lim{ki} a-⌈ší-a-ma⌉-tim Be-lá-num ú-šé-bi-lá-ni ŠÀ.BA ( ma-na KÙ.B. a-na ik-ri-bi₄-a ša A-šur i-lá-ak IGI A-šur-du-ri(RI-DU) DUMU Puzur₄-IŠtar,"From the 1 mina of silver which I had BŠlṣnum bring to the City for making purchases, . mina silver thereof will go to my ikrib+ belonging to AŠšur. Before AŠšur-dār), son of Puzur-IŠtar."
349. Kt 92/k 155 (1-115-92),[x]+8 ( GÍN K[Ù.B.] š[í-i]m AN.NA TÚG.HI.A ù ANŠE.HI.A,"[x]+8. shekels of silver is the price of tin, textiles and donkeys."
350. Kt 92/k 157 (1-117-92),té-ēú-bu bi-il₅-tám ik-šu-ud,amounted to 7/ shekels of silver per talent.
351. Kt 92/k 158 (1-118-92),i-'up-pì-im lá-pì-it 1 5/6 ma-na a-qá-tí-a t[a-dí] ŠU.NIGIN₂ 3ṭ ma-[na] šu-mì Ku-ni-[lim] É kà-ri-im lá-pí-it i-5 ku-ta-n[i? /T[A?]* ša É kà-ri-i[m] i-dí-ú-ni 2 [TÚG ša?] Ku-ni-lúm š[À?.BA] ṭ TÚG i-qá-[tí] Ku-n[i-lim] ú-'á-ha IGI IŠ-ma-{d}IŠKUR IGI Bu-za-z[u],"he has been registered on the tablet. 1 5/6 mina you deposited as my share. In all 3' minas have been booked in Kān-ilum’s name in the colonial office. Of the 5 kutānu-textiles each? that they deposited in the colonial office, 2 pieces belong to Kān-ilum, thereof I will transfer ' textile from Kān-ilum’s share. Witnessed by IŠme-Adad, by Buzṣzu."
352. Kt 91/k 293 (1-150-91),qá-sú ša Ku-ni-lim 4 ṭ ma-n[a ] GÍN ⌈KÙ.B.⌉ 4' a-ha-ma *⌈x ma-na KÙ.B.] ší-im 9 ⌈ku-ta-ni⌉ ù 2 šu-ru-tim Šnot inscribed) 21( ma-na 2 GÍN KÙ.B. 21 ší-im AN.NA ù TÚG.HI.A iz-ku-am ša É I₁-li₁-[x x] became ——————————— (2 lines erased),"share of Kān-ilum; minas [x] shekels x [minas of silver] price of 9 kutānu-textiles 2 dark textiles. minas 42 shekels of silver price of tin and textiles that available, of the house of Il)-[.........]."
353. Kt 92/k 159 (1-119-92),[A-šur]-DÙG ṣu-IŠtar [ù] a-na-ku [lu né]-ta-wu [i-na Ta]-am-ni-a [ha-m]u-uš-tum [ša] A-šur-ba-ni [i]š-tù [ha-m]u-uš-tim [ša] E-lá-lí [ù A⌉-šur-iš-ta-kál [a]-na 6 [x x x x x] Šend missing),"AŠšur-ṭṣb, šu-IŠtar and I myself, we will discuss in Tawiniya; the week eponymy of of AŠšur-bṣni. Reckoned from the the week eponymy of Elal) and AŠšuriš-tikal within 6 [weeks/months ...]"
354. Kt 91/k 383,2 me-at ŠE-am i-na ēí-im-dim ša BU-TIM a-lam šu-ut-ma ú-ma-lá iš-tí En-nam-A-šur 2 me 50 BANEŠ ŠE-am i-na ēí-im-dim ša BU-TIM a-lam šu-ut-ma ú-ma-lá iš-tí A-ba-a ⌈42⌉* ŠE-am i-na ēí-im-dim ša BU-TIM iš-tí A-šur-ta-ak-lá-ak 1 me-at 4 BANEŠ ŠE-am i-na ēí-im-dim ša BU-TIM a-lam šu-ut-ma ú-ma-lá iš-tí A-ba-a : a-né-ma i-ma-da-ad 3 'up-pu-ú 8 BANEŠ ŠE-am KI E-wa-ar-nim 50 BANEŠ ŠE-am a-lam₅ ki šu-ut-ma ú-ma-lá KI En-nam-{d}IM DUMU ṣu-na-a,"measures of barley - by the 3-s+tu-measure of .... he himself will complement Šit in?) the City - are with Ennam-AŠšur. 250 3-s+tu-measures of barley - by the 3-s+tu measure of ....... he himself will complement Šit in?) the city - are with Abaya. 42? measures of barley, by the 3-s+tu-measure of ........, are with AŠšur-taklṣk. 104 3-s+tu-measures of barley - by the 3-s+tu-measure of ........ - he himself will complement Šit in?) the city - are with Abaya. He shall measure it out now. Three tablets. 8 3-s+tu-measures of barley with Ewarnum; 50 3-s+tu-measures of barley – he himself will complement Šit in?) the city - are with Ennam-Adad, son of šunṣya."
355. Kt 91/k 382,"[x x (x)] [ x x x x] [x x] lá? [x x x x] [DUM]U* Dan-A-š[ùr x x x] 2010, 255). [x ma]-na 1 GÍN KÙ.B. [x x]-A-šur DUMU ṣa-lim-A-[x x] [x+] 5 ma-na URUDU i-n[a] [a-ba-a]n ma-tim 1 GÍN KÙ.[B] [a-n]a Ú-ēú-ur-ša-A-šur [D]UMU Da-mu-ma 2 me-at LÁ 5 / URUDU a-na Lu-lu [ ma-na mì-ma a-nim a-hu-bu-ul A-šur-DÙG A-šur-{d}UTUʾ{i} e-pu-ul a-ha-ma 17 GÍN KÙ.B. ⌈tù⌉-dí-na-/ti[m] i-ša-am ṭ [x x x]-DU A-šur-{d}UTU[""{i} x x x]-a a-na A-šur-[DÙG⌉ i-dí-/in a-ha-ma 2ṭ ma-na KÙ.B. ku-nu-ki ša A-šur-/{d}UTUʾ{i} a-na A-lá-hi-im a-na A-šur-DÙG ip-qí-id i-na KÙ.B. ša e-pu-lu [x +]2( ma-na KÙ.B. [KI? A]-lá-bi₄-im DUMU Ma-nu-a [x m]a-na KI Pá-na-kà [x+] 5 ma-na URUDU ší-im ki-ra-nim [x x k]à-ší-im 31ṭ ma-[na] [ší-im ki]-ra-nim ú *x [x x] [x x x]-im *KI? DUMU [x x x] [x x x x] URUDU KI [x x x] [x x x x x x x] (lacuna) [ P]uzur₄-A-šur [ ]-ša-lim DUMU [ Pu]zur₄-IŠtar DUMU [ ] DUMU E-lá-ma Hi-na-a [ ]","........... DŠn-AŠšur ........ [x] mina(s) 1 shekel of silver [for ....]-AŠšur, son of šalim-A[.....]; [x+]5 minas of copper by the local weight; 1 shekel of silver for U+ur-ša-AŠšur, son of Damuma; 195 minas of copper for Lullu. All this AŠšur-šamš) paid for the debt of AŠšur-ṭṣb. Separately he bought for 17 shekels of silver dress-pins; ' ........... AŠšur-šamš) ............ gave to AŠšur-ṭṣb. Separately 2' minas of silver under the seals of AŠšur-šamš) AŠšur-ṭṣb entrusted to Ali-ahum. Of the silver he paid [x+]2. minas of silver are [with] Ali-abum, son of Manua, [x] minas with Panaka. [x+]5 minas of copper, the price of wine [for?] the official, 31' minas, [price of] wine and .......... .............are with the son of ........... ............. copper with ............... ...................................... .............................. Puzur-AŠšur, .............................-šalim, son of .................... Puzur-IŠtar, son of ............son of Elamma, Hinnṣya ..................................................."
356. Kt 92/k 118 (1-80-92)ʾ,DIN[GIR? x x] a-dí(-) ù *⌈ x x ⌉ ta? ni-iš-um *[x] dí x bu ni-iš-⌈a?-ma⌉ 1ṭ ma-na KÙ.B.-kà iš-tí En-na-num [ x] x KU BI il₅-qé-ú [x x x x] um-ma šu-ut-m[a] [x x x x x x KÙ].B. i-n[a] [ x x x x x x x] x* [ x x x x x x ] KÙ.B.,......................gift? [....] ............ we bought and 1' mina of your silver is due from Ennṣnum [.........] of silver he took [..............] he said: [............sil]ver in [.......................].. [.................] silver.
357. Kt 91/k 381 (1-235-91),AN.NA 1ṭ ma-na./TA a-na Be-el-DÙG a-dí-in 5 hi-dim a-na LUGAL-{d}IM 1ṭ ma-na.TA a-dí-in 4 hi-dim a-na nu-a-im a-dí-in 6 ma-na 5 GÍN URUDU iš-tí La-qé-ep 1( ⌈ma⌉-na 5 GÍN IGI [Me]-ra-lí i-dí-nam 4? ma-na 15 / GÍN nu-ma-<lá>?,"(at) 1' mina each I gave to BŠl-ṭṣb; 5 beads I gave to šarrum-Adad, (at) 1' mina each; 4 beads I gave to the Anatolian; 6 minas 5 shekels of copper due from La-qēp; 1 mina 45 shekels he gave me in the presence of Merali; 4? minas 15 shekels we will compensate.?"
358. Kt 92/k 4 (1-54-92),[ ]+1 TÚG [ pí-ri]-kà-nu [ ]+5 TÚG [ ]-im ù [ ]-bu [ ]x TÚG [ ]-ni ša Be-lá-/nim [ ] [ ]-mu (gap) [ ]-nam [ ]-ma a-ēé-er [ ] ú-bi-il₅ [ pí]-ri-kà-nu [ ]-lu-tim [ ]x ù a-ha-ma [2 pí-r]i-kà-an ku-nu-ki-a [na-ar-b]u-tim [ ]-tim mì-ma [a-nim a]-na A-šur-e-nam Šbroken away),"to the address of he brought pirikannu-textiles .................. and separately 2 pirikannu-textiles with my seals, soft ones? [and ...........] ones, all this to/for AŠšur-ennam ....."
360. Kt 91/k 519,A-šùr-ba?-n[i]?,/ DUMU šu-⌈x x]?
366. Kt 91/k 378 (1-432-91),"2001, 340, with pl. a-na E-lá-ma /","and 157. A baked, hemispheroid bulla, without KIŠIB IŠtar-pí-lá-ah"
367. Kt 91/k 379 (1-433-91),"2001, 340, with pl. part flattened, convex face 14 impressions","and 157. A baked, irregular half band ring, its of the stamp seal St 72."
368. Kt 91/k 380 (1-434-91),"2001, 340, with pl. concave back imprints closely","and 157. A baked bulla with a string hole, on woven mat, on its convex face an inscription with"
369. Kt 91/k 405 (1-435-91),"2001, f. 340, horizontal string grooves impressions, CS 179(A) CS na-áš-pè-er-tu[m ša ............]","pl. 108 and 157. A baked, hemispheroid bulla with cloth imprint on the back, and on the front two 180(B), and between them an inscription: / KIŠIB A-šur-iš-tí-kál ⌈ù⌉ / A-ta-a-a"
370. Kt 91/k 553 (1-436-91),"2001, 340, with pl.","and 157. A baked, shapeless bulla with a deep"
371. Kt 92/k 140 (1-903-92),"2001, 340 with pl. convex face faint, partial impression","and 157. Fragment of baked bulla with concave of a cylinder seal, as yet without CS number."
8. Kt 93/k 166 (courtesy of C. Michel),KÙ.B. ṣa-ru-pá-am Ga-al-dá-a ša E-la-ma <<ša E-lá-ma>> i-be-i-el KI KÙ.B.-pí-im uk-ta-al IGI Lá-qé-pì-im IGI A-mur-{d}UTU IGI E-ze-e šu-ma ú-da-pí-ir 1 GÍN.TA : i-na ITU./KAM ú-ṣa-áb,"refined silver Galdaya of Elamma <<of Elamma>> will manage. He is held in service with the silver. Witnessed by LŠ-qṣpum, by Amur-šamaṭ, by Ezṣ. If he disappears he will add 1 shekel of silver as interest per month."
9. Kt 94/k 135 (courtesy of C. Michel),Šit begins ‘KIŠIB with minor variations Šha-mu-uš-tim,"notations’) and contains the full text of the and ina ITU.KAM on the tablet, ha-muš-tim and"
11. Kt 93/k 164 (courtesy of C. Michel),6 ma-na KÙ.B. ṣa-ru-pá-/am 6 6 GÍN ša-du-a-sú 6 ša E-la-ma a-na Puzur₄-A-na I DUMU A-šur-dan áp-qí-id IGI A-šur-na-daʾ(ID) DUMU A-šur-i-dí IGI Zu-ba son ší-im AN-NA-ki-kà (It 1 GÚ-tim 5 ma-na KÙ.GI 5 ni-is-ha-sú DIRIG ú ša-du-a-sú <ša-bu> ša Zu-ba Puzur₄-A-na a-na ší-a-ma-tim brought ú-bi?-il₅ GÁN-lam purchases. a-na-nu-um ù a-lá-nu-um a-šu-mì-<šu>-nu-ma i-tí-/iq KÙ ša qí-ip-tí-šu-nu IGI A-šùr-na-daʾ(ID) DUMU A-šur-i-dí son IGI Ás-qú-dim,"of refined silver, his transport-fee, to Elamma to Puzur-Anna, son of AŠṭur-dēn. the presence of AŠṭur-nēdē, of AŠṭur-id', and of Zuba. is) the price of your tin the amount of 1 talent. of gold, excise added extra its transport-fee <paid>, to Zuba, Puzur-Anna away for making It will travel overland both directions their expense, (for) money of their trust. the presence of AŠṭur-nēdē, of AŠṭur-id', of Asqšdum."
