source_pdf,transliteration,translation
AKT 6c.pdf,[a-n ]a-ku-ma a-hi-i a-su-< mi> a-mu-ti-/ka [di-Yik 1 KB sa su-mi La-qe-ep [i]t-bu-lu (erasure) KB [a]-mu-tim su-re-e: sa ta-di-lnu-su-ni di-ik a-li-ik-ma da-me-e sa a-hi-a : se-e rka 1-ru-um is-al-su-ma um-ma ka-ru-ma a-wi-lum a-su-mi a-mu-ti-ka : di-ik a-li-ik-ma da-me-e sa a-wi-lim : r se-e 1 um-ma su-ut-ma u-la a-la-ak tup-pit-am sa hu-bu-ul a -wz- zm u- a-a a-na a -mu-ttm na-is-ha-ku a-pi-i : ka-ri-im u-di-e-ma sa a-di-ni zi-bu-lum sa a-bi4-a lit i-ri-qu u tup-pe-r e 1 lu e-mu-uq a-hi-a sa a-hi u-ka-lu Ia u-za-ki-u is-ti si-ip-lri-ku-nu i-bi4-ru-niJ ma 1 i-pi-ma [x X X ]-qu-ul-ma rKl [B s]a hu-bu-/ul [(a-bi-a)] a-na li-mi-i[m x x x]-i/5 possibility would have been written pi-a. 11: instead of: am ri-[ ... ] we could perhaps read la te-ri-[ ... ]. Blood-money,"""My brother was killed because of your iron. The silver that he took away in the name of Ui-qep - surely he was killed for The colony questioned him, saying: ""The man was killed because of your iron. Go and sue for the blood-money for the man."" He answered: ""I shall not go. I have a tablet concerning the man's debt. Be- cause of the iron I have been released of my responsibility."" In accordance with the colony I announced that so far my father's ... has not been idle, and that he has not cleared the tablets, or the fortune of my brother, which my brother has. They chose(?) with your envoys and ... my father's debt to the eponym ..."
AKT 6c.pdf,um-ma A-di-da-ma it A-la-hu-um-ma a-na La-ma-si qi-bi-ma mi-su sa is-tit sa-na-at it si-ta sa-na-at ni-is-ta-na-pa-ra-ni-ma u ti-ir-tam sa :E a-bi-ni ka-.fa- r dam l u-lil ta-le-e-a-ni u su-ma sa-zu-za-tum sa i-na sa-ha-ti-ki : i-za-zu-nu it a-na te-er-ti-ni : u-ta [i-n ]a-hi-du sa-ni-u-tum sa rki-ma 1 su-nu-ti u-ta i-ba-si-u is-tu 3 sa-na-tim En-um-A-sur lu me-et a-na-kam l-tur4-DINGIR i-na ba-ab : ka-ri-im ki-ma ne-si-im : pa-ri-ik-ma u-la ni-le-e-ma si-bi a-na a-wi-lim u-la ni-sa-kan we-i-da-ni-ma upi-a-am: ra-na 1 a-wi-lim u-16 nu-ma-la tup-pa-am sa - 1m u ra- l-!ja-am nu-qa-a : ki-ma a-time-er-a-at En-urn-A -sur r u 1 ma-li-ku-ki a-na A-limki a-su-mi da-me-e En-urn-A-sur u KB-ap E a-bi-ni ta-ta-na-la-ka-ni 1-turrDINGIR is-me-ma a-na ~e-er sa ki-ma su-wa-ti u Be-el-ba-ni a-mi-sa-am is-pu-ra-am um-ma su-ut-ma a-rna- am {up-pa-am sa - 1m u ra-bi-~a-am ah-za-nim-ma a-na-kam i-na sa-bi-ti-a a-na-ku u DUMU Sal-rna-A-sur lu ni-ta-wu a-na A-limki al-ki-rna um-ma a-ti-ma tup-pa-am sa a-mu-tam sa i-na ~e-er En-um-A-sur 1-turrDINGIR i-su-u tup-pu-um su-ut u tup-pu-u sa E a-bi4-a sa a-su-mi La-qe-pi-im I-tur4-DINGIR e-pu-lu (end of text) Blood-money,"From Adida and Ali-ahum to Lamassi: Why is it that although we have been writing for both one and two years, yet you are not able to reach a solution to the  affair of our father's house? And if the agents who support you pay no attention to our messages, are there no others instead of them? It is in fact 3 years since Ennam-Assur died. Here ltiir-ili blocks the gate of the col- ony like a lion and we are incapable of setting witnesses for the man. We are alone and thus we cannot fulfil the promise to the man. We wait for a tablet from the City and an attorney. Itur-ili heard that you, Ennam-Assur's daughter and your advisors try to go to the City about the blood-money for En- nam-Assur and the silver of our father's house, so he wrote to his representatives and Belum-bani there, saying: ""Get a tablet from the City and an attor- ney there for me so I personally and Salim-Assur's son can discuss about my assets here."" Go to the City and (present) the tablet concerning the iron that Ennam-Assur owed to Itur-ili, that tablet and the tab- answered for because of La-qep ..."
AKT 6c.pdf,[ra-b ]i-~a-am sa a-n [a ~e-er] [1-tu ]r4-DINGIR ta-ha-za-ni ri1-na tup-pi-im sa A-l[imki] su-a-ti-ma su-um-!iu wa-di su-ma ra- 1-~u-um 1-ta- ~ a-am tup-pe-e a-na ba-ti-<qi-> im DUMU urn-me-a-ni ke! -nim a-na-kam KB 1 GIN r x 1 Ia-di-in u- ta-z -rna su-ma a-n a KB a-na DAM.GAR-ru-tim a-lit-ka-ma i!i-ti DAM. GAR a-b[i4-a] a -na - zm a - a-m a [tup-p ]a-am sa me-eh-ra-t[im] [x x ]-ni: le-qe-a-m[ a] [x tup-p ]a-am §a A -limki [x x x] Ia ku a-ni [ ... ],"The attorney whom you will contract against Itur-ili- indicate his name in the tablet from the City. tablets to an express transport, a reliable afiliated trader. silver and satisfy him, even if I must tum row it), so do go to the City together with the merchant of my father and get hold of a tablet concerning the corresponding amount and ... ... a tablet of the City"
AKT 6c.pdf,a-wa-tim a-ni-a-tim IGI ka-ri-im iq-bi : ka-ru-um di-nam i-di-in-ma a-di da-mu : sa DUMU Sa-lim-A -sur Blood-money i-ka-su-du-ni : e-ba-ar Ta-wi-ni-ra 1 : ma-ma-an: u-la i-ka-ba-as u a-na e-ri-is-ti-su lu i-na ra-bi-u-tim lu i-na ~a-hu-ru-tim ma-ma-an u-ta i-za-az : s[ u-m ]a di-in ka-ri-im i-de8-ma : da-r me 1 a-hi-a ik-buJ us 1-/ma u a-na e-ri-i.f-ti-su i-zi-iz i-na tup-pi-im sa A-limki wa-di-a-nim ki-ma da-me ik-bu-su u i-tu-ru-ma a-na e-ri-i.§-ti-su i-zi-i/ tup-pu-um sa A-1imki-ma a-na ~a-he-er : ra-bi li-li-kam-lma IGI GIR sa A-.§ur lu i-na ra-bi4-u-ltim lu i-na ~a-hu-ru-tim : pi-su-nu li-ip-te-u a-ma-kam su-ma sa ki-ma su-a-ti A-lam/: im-ta-ah-ru um-ma su-nu-ma da-me a-hi-su A -la-hu-lum IGI ka-ri-im ik-bu-us da-me mi-[ma u-la] ak-bu-us: ka-ru-um a-pi- r su 1 : r wa 1-sa-ab : ka-ra-am a-na si-b[u-tim?] r u-se1-la-am su-ma si-be :sa r[a-bi-u- ]tim i-su-am : mi-nam a-qa-be a-na-ku~ u su-ut i-na fup-pi-ni u si-be-ni a-ma-kam IGI A-limki lu ni-iz-ku the reading s[u-m ]a. 28: the restoration r[a-bi-u- ]tim is probable but not certain. dressed to Ali-ahum's main contacts in Assur. Blood-money,"These words he spoke before the colony. The colony passed a verdict, to the effect that until they acquire the blood-money for Salim-Assur's son, no one may for- give the colleague from Tawniya, and noone, either among the great men or among the small men may carry out his wishes. If anyone knows about the verdict of the colony and yet remits my brother's blood-money or indeed carries out his wishes, then make it known in a tablet of 15  blood-money and again has carried out rev.  his wishes. The tablet of the City should come to the plenary assembly, and they must make a statement before Assur's dagger, wheth- er it is one from the great men or from the small men. If his representatives have approached the City there, saying: ""Ali-ahum has remitted the blood- money for his brother before the colony"" - (know that) I have not in any way remitted the blood-money. The colony supports him. He shall take the colony as witness. If he has witnesses among the great men against me, then what can I say? I and he should clear our affair there with our tablets and our witnesses before the City assembly."
AKT 6c.pdf,"[x x x x x ni]m-ma [ ... ] [x x x x x-m ]i-ti: a-na A-[la-hi-im] [ qi-hi-ma i-na] bu-lu-ut a-hi-k[ a] a-na a-[ hi-ka] ta-ak-la-ti-ma it a-di: urmi-im a-nim Ia ta-laz-ku-a-[am] urma-am a-ma-nim ta-ta-ka-al i-na E a-bi4-ka a-ta-ma it ku-lu ma-e-em a-!je-ri-ka-ma ta-ur a-pu-tum a-ma-kam i-hi-id-ma ra-ma-ka za-ki-a-ma ti-ib-a-ma a-tal-kam a-na-kam KB sa E A -limki ,'fi-ib-tum im-ti-d[ a-ku-n ]u-ti it su-ma a-ta sa-ah-ra-ti KB §a E A -limki : su-ta-as-/birta-ma ku-un-ka-ma a-na ra-hi4-!ji-lim di-ma lu-ub-lam-ma li-ma-am lu nu-ta-ib a-na A-la-hi-im qi-bi-ma a-ma-kam a-di La-qe«ip»-pi-im mi-ma Ia ta-pa-la-ah it i-na bu-lu-u[t] a-hi-ka a-di ma-la it H-ni-su a-mi-sa-am a-na a-wa-ti-su: ga-m[a-ri-im] [is-ta-na ]-pa-ra-ku-nu< -ti> mi-ma [ ... ] ba~al-<ta-> tit-nu-ni, which would give an understandable form.","From ... to ... and As sur') -imitti; specifically to Ali-ahum: While your brother was alive you trusted in your brother, and still, until today you have not cleared me. Today, in whom do you trust? You yourself are in your father's house and all the water has fallen back upon you. Urgent, take care there, clear yourself, set out and come! Here interest on the silver due to the City delayed, then have the silver of the City torney that he may bring it so we can satisfy the eponym. To Ali-ahum: Do not be afraid at all with respect to La- 20'  qep there. Also, while your brother was alive he often wrote you there in order to conclude his affair."
AKT 6c.pdf,En-um~A-sur a-na En~na-Su-in lu ta-ad-mi-iq- r tam 1 i-di-in lu (up-pu-um ha-ar-mu-um lu ta-ah-si-is-tum sa hu-bu-ul En-na-Su-in DUMU 1-di-a-bi-im r u-s~P-li-am me-er-u En-um-A-rsur 1 i-se-e-u-su r1-na 1- Su-in a-na A-la-hi-im u me-er-e En-um-A -lsitr a-na ma.mi su-um-su Ia i-tu-wa-ar ITI.KAM Ma-hu-ur-i-li li-mu-um sa qa-ti En-na-Su-in DUMU Su-/A -sur IGI Su-La-ba-an DUMU Dan-ni-rl£1 IGI Lustc_zf-rna1 IGI DVG-~i-ta-A-sur IGI rA-x 1-/i IGI Be-la-nim DUMU Su-A-sur,"What free loan Ennam-Assur has given to Enna-Suen, or any certified tablet or memorandum concerning the debt of Enna-Suen son of lddin-abum that he has produced- Ennam-Assur's sons will sue him. Enna-Suen will not raise claim against Ali-ahum or Ennam-Assur's sons for anything at all. Month Mahhur-i/1, eponymy after that of Enna-Suen son of Su-Assur. Witnessed by Su-Laban son ofDan-ili, by Luzina, by Tab-~ill-Assur, by A ... ,"
AKT 6c.pdf,um-ma La-LA-si-rna a-na A-la-hi-im qi-bi4-ma is-tu MU.l.SE tup-pi-ka it da-na-ti-lka ra-bir~u-um ub-lam-ma u a-tu-nu a-di u4-mi< -im a-> nim sa-ah-ra-tu-lnu r a-am u4 1-ma-am tu-qa-a la ta-la-ka-nim-ma E a-birku-nu Ia tu-za-ka-a u a-na-kam li-lmu-um E-tam ik-ta-na-na-ak a-pu-tum su-ma a-hi a-ta a-ma-kam la ta-as-ta-na-me-e ki-ma a-na-kam da-nu-tu-ni a-ta Ia ti-dex-e ki-ma a-bu-ni i-na E-tim e-ri-im e-zi-bi4-ni £t a-na u-ku-ul-/ti E-tim nu-ha-bu-lu-ma ni-ku-lu mi-su : i-na se-bu-ul-ltim KB 1 GIN su-mi Ia ta-sa-<pa-> ra-ni su-ma a-hi a-ta a-na-ku-ba su-ma Ia I ku-a-ti a-ma-nim a-da-gal da-nu-tum i-na A-limki a-pu-tum ki-ma (up-pi ta-<sa-> -me-u ra-ma-ku-nu za-ki-a-nim-ma : ti-ib-< a-> nim-ma a-tal-ka-nim-ma E a-birku-nu : it? -ra su-ma A-lu-wa a-ma-kam i-re-si-lka i-za-az li-zP iz 1 su-ma I Ia ki-am a-na be-u-la-tim di-su-ma be-u-la-ti se-bi-lam u KB 13 GIN ha-bu-lam ~a-ba-su KB sa-as-qi-[i/5- ]l.§u se-bi4-lam ra-qa-tam ar- r be 1 i-na< -mi> -tim r ru-pu- 1[sa] u e-sa-ar u-ru-uk-sa ku-nu-ki[-a] A-di-da na-as-a-kum A -di-da-ma'~ r (x) 1,"From Lamassi to Ali-ahum: A year ago the attorney brought your tablets and your strict commands, but as for you (pl.), you have delayed until this day! Which day are you waiting for? You (plur.) do not come and clear the affairs of your paternal house, and the 10  eponym tries to seal up the house. Urgent, if you are truly my brother, Jo.e.  don't you keep hearing there that condi- tions here are harsh? Do you not know rev.  that our father left me in an empty 15  house, so we have to borrow money for food for the household to have some- thing to eat? Why do you not send me a single shekel silver in my name in a shipment? If you are truly my brother- as for me, whom can I look to apart from you? Conditions are harsh in the City. Urgent, as you hear my letter, clear yourselves, set out and come and save your father's house. If Aluwa attends to you there, let him do  so- or if that is not the case- hand him over for a working capital and send me the working capital. Also, he owes me 13 shekels of silver- seize him and have him pay the silver and send it. Adida brings you a thin textile, four cu- bits wide and ten long, under my seal. Adida."
AKT 6c.pdf,a-na A -di-da it A -!a-hi-lim qi-bi-ma um-ma S1G 5-pi-i-A-Rur GiN KB: A-mur-lstar rni-a 1-um: ha-bu-lam KB rsa 1-as-qi-la-su-ma se-birla-nim TUG SIGs Zu-zu-a: na-as-a-ku-nu-/ti ~u-ba-tam : di-na-ma KB ku-un-ka-ma se-bi-la-nim Zu-zu-a ta i-sa-huJ ur 1 ~u-ba-ti-su na-si ~u-ba-ti-su di-na-ma Ia i-sa-hu-ur turrda-lni-su a-hu-a a-tit-nu i-ih-da-ma : lu si-im ~u-ba-ti-a : lu sa A-mur-Istar [K]B ku-un-ka-ma se-birla-/nim r a 1-na A -di-da qi-bi-ma ra 1-pu-tum : we-da-ku 1-di-in-:dMAR.TU is-/ti rzu-zu-a 1 rur 4- r da-nim 1 zs· -tz : a-m x z-a-am r ma 1 [X X X] be-u-/a-tit [xxxa-]ha-ma 10 GiN rKB1 [x x xi-]na Ha-hi-im Damiq-pi-Assur,"To Adida and Ali-ahum from Damiq- pi-Assur: Our own Amur-IStar owes me 14 shek- els of silver. Make him pay the silver and send it to me. Zuzuwa brings you 1 good textile. Sell the textile, seal the silver and send it to me. Zuzuwa must not delay. He carries 2 textiles of his. Sell his tex- tiles and send him without delay. My dear brothers, take care to seal both the proceeds from my textiles and those of Amur-IStar in silver and send it to me. To Adida: Urgent, I am alone. Send Iddin-Amurrum together with Zuzuwa. With ... mine ... working capital ... also, 10 shekels of silver ... in Hahhum."
AKT 6c.pdf,rum-ma SIG5-pi1-A-sur [u Puz]ur4-A-sur-ma a-n a- z-ma m-zs-ta-;na-me-u maJtum 1 [d]a-al-ha-/at-ni u ti-ir-ti ka-ri-lim da-na-at-ni ti-ir-ti-ni : a-di ma-la u si-ni-su i-li-ka-ku-um a-ta u-za-ni-ma la ta-ap-te-te-e a-ma-kam ki-ma sa-lu-um KB 1 ma-na.TA sa na-as-a-ni-ni su-ma ha-ra-an su-ki-ni-/im sa-al-ma-at ti-ir-ta-ka li-li-kam u-za-ni pi-te lu i-na ma-~a-ra-tim AN.NA 10 ma-na nu-se-ra-ba-/am ti-ir-ta-ka li-li-«AB»Ikam-ma a-na (erasure) ti-ir-ti-ni i-hi-id 2 ma-na KB a-na pa-ni-ni se-bi4-la-am r u 1 i-na qe-er-bi4-ma ma-na URUDU SI[G5] [sax ] KB .yi-pa-ra-tim [X X X) e-ki-im za-ap-ru? -tim se-bi4-[/am],"To Ali-ahum from Damiq-pi-Assur and Puzur-Assur: When we heard repeatedly here that the land is in uproar and that the or- ders of the colony are strict, we sent word to you once or twice. But you have not informed us. There, for the sake of the safety of every mina of silver that we bring, send us word and inform us whether rev. the Narrow Track is safe. Send word whether we shall let some 10 minas of tin enter the guard-posts, and pay attention to our instructions. Send 2 minas of silver to us en route and send 10 minas of good copper in- 25 u.e.  eluded, for x silver send bronze nails, andzapru ..."
AKT 6c.pdf,a-na A-la-hi-im qi-bi-ma um-ma S1Gs-pi-i-A-sur-ma u MAN-A-sur i-na Ha-hi-im u-nu-ut-ni : nu-sa-li-ha-/ku-ni i-na Za-al-pa it a-na-kam : ni-is-ta-na-me-ma ha-ra-an : su-ki-nim danJ na-at1 la na-{it-ma !a m?-ra-r ab l a-hu-ni a-ta ki-ma AN.NA 10 ma-lna (erasure) it 10 TUG sana-as-a-ni-ni a-mi-sa-am .~a- r lu-hi 1-/im mi-li-ik-ni-a-ti ti-ir-ta-ka nu-qa-a i-na s[a- ]am-si [ n ]a-as-pe-er-ti-ni r ta 1-sa-me-u ti-ir-ta-lka is-ti pa-ni-e-ma li-li-kam : ki-ma TUG 10 it AN.NA 10 ma-na . ~a-lu-mi-im mi-li-ik-ni-a-ti a-di : ti-ir-ta-ka i-ba-lci-ka-ta-ni nu-qa-a a-hu-ni a-ta i-hi-id-ma za-ku-sa li-li-kam-ma lei r x x 1na-ti-ar,"To Ali-ahum from Damiq-pi-Assur and also Puzur-Assur: In Hahhum we set aside our goods for you. In Zalpa and here we keep hearing that the Narrow Track is difficult. It is not a good idea for us to enter it. Our dear brother, advise us whether we some 1 0 minas of tin and 1 0 textiles that The very day you hear our missive send word with the first transport. Advise us about securing some 1 0 textiles and some 10 minas of tin . Until your instructions come to us we shall wait. I.e. Our dear brother, take care so a clear mes- sage comes and ... will not ..."
AKT 6c.pdf,um-ma A -la-hu-um-ma a-na SIGs-pi-i-A-sur qi-bi-ma 112 ma-na KB ku-nu-ki-!a usa 8 GiN KB sa-he-er-tdm E-16-li it En-um-i-li na-as-u-ni-kum a-ma-kam i-na dVTU-si tup-pi ta-sa-me-u E.GAL-limsic_ku-nu ap-la-ma ra-bi si-ki-tim me-et la-ma : rna-tum is-me-it ra-ma-ku-nu : .~u-ul-ha-a TlJG.HI.A a-na li-ta-ab-Si-/a lu su-ru-um : lu bu-ra-am sa A -ki-di-e is-tu Hu-ra-ma: a-na DUMU um-me-/a-nim di-ma : /u-16-hi-pu-su-ma lu-se-ri-bu-ni-su TUG.HI.A a-li-tab-sf-ala i-/su a-hi a-ta ki-ma a-na Ku-bu-ur-na-at ta-asJfi-lJmu su-lu-um-ka L~-ti ·Fi-ha-ri sa 1-na-ah-DINGIR li-li-kam u su-ma ANSE.HI.A SIGs i-na Hl -ri-a i-ba-Si is-ti ~u-ha-ri sa 1-na-ah-DINGIR a-na ha-ra-ni-a se-b[i-lam] 1/2 ma-na KB ni-is-ha-sit [DIRI] sa-du-a-su sa-bu be-it-16-ti-a A-gi-a ha-bu-[lam] a-ha-rna 10 GiN KB u 3 GIN KB si-im UDU.HI.A a-na GU A-gi-a 17 ma-na AN.NA sa ki-ma i-a-ti i-di-nu-ma 4 ma-na KB i-qa-ti-su TAB NU,"From Ali-ahum to Damiq-pT-Assur: Elali and Ennam-ilT bring you Y2 mina of silver under my seal and small goods worth 8 shekels of silver. The very day you hear my letter there you (plur.) must satisfy your palace, for the rabi sikkitim is dead. Before the land has heard it you must withdraw yourselves. Give a set of textiles for me to wear, ei- ther a black one or an Akkadian bur a 'u from Hurama, to an affiliated trader so they may wrap it up and have it brought in. I have no textile to wear. My dear brother, when you have come safely to Kubumat send me greetings with Enah-ilT's servant. Also, if there are any good donkeys among my donkeys, send it here with Enah-ilT's servant for my own trip. Agiya owes me Y2 mina of silver, its im- port duty added, its transport tariff paid for, my working capital. Further, 10 shekels of silver plus 3 shek- els of silver, the price of sheep, for 3 tal- ents: Agiya. My representatives gave 17 minas of tin and 4 minas of silver remain in his possession."
AKT 6c.pdf,a-rna1 A-ta-rhi-im 1 qi-bi-ma um-ma SIG5-pi-li-[A-sur-ma] i-na ct[UTU-si] E-la-li e-ra-ba-ni Ia i-be-at a-na· ma- a na-as-pe-er-t1-a ti-ir-tam : di-su-ma fur 4-da-su u-ma-am is-ti-in : e is-hu-ur tap-pa-u-a e- zz- u -x tit-us-me-ta-ni a-na r Ku-sa 1-ra ni-is-ta-pa-ar sa-pi-ru-um e-ti-qa-ma i-na si-ki-im ni-la-ak E-la-li e ta_r ak-/la1 we-da-ku E-la-li lu pa-zu-ur a-dia-na [x x x]-pu-ra-a[m] [x x x x x] rqi-birma 1 [x x x x k]u-nam [w ]e-da-ku sa u-nu-tam i-na-~1/ -ru Ia i-su and he warns Ali-ahum against detaining Elali.,To Ali-ahum from Damiq-pi-Assur: The day Elali arrives he must not stay. Give him orders in accordance with my missive and send him. He must not delay a single day. My partners have abandoned me(?); you have caused my death. We have written to Kussara. The overseer will travel here and we shall go tn a convoy. Do not detain Elali. I am alone. Elali should travel in secret. Until ... goods.
AKT 6c.pdf,a-na A-la-hi-im qi-bi-ma um-ma SIG5-pi-/A-sur-ma sa r31 GIN K/B sa-he-er-tam si-pa-ra-tim me-at si-na-[ ... ] a-pa-ni-a se-b[i4-lam] sit-ha-ru-um sa DUMU Ka-si-[a] lu-ub-lam i-[ na] urmi-im sa rxl [ ... ]-/nu-rxl i-Ha-hi-im u-nu-ut i-na it ra da [ ... ] ha-ra-ni I Ia a-be-r el 1,"To Ali-ahum from Damiq-pi-Assur: Small goods worth 3 shekels of silver, bronze pins, 100 ... . .. send to me. The servant of the son of Kasiya should bring it. On the day that in Hahhum ..."
AKT 6c.pdf,"a-na A-di-da it A-la-rhi-lim 1 qi-bi-ma um-ma S1G5-;]Ji-A-sur-ma i-na dUTU-si A-ba-a e-ra-ba-ni: AN~m'-ri it ~it-ha-ru Ia i-bi-tu turrda-ni-su-nu KB si-im 1 .~it-ba-tim it URUDU Ii-i[ b? -sf] ~it-ba-tam is-ti-in it si-na di-na-ma 1 r 1/211 ma-na a-na qa-ti-a is-ti A-ba-a se-birla-nim ha-ra-an : sit-ki-nim-ma a-ta-la-ak be-h/ -a a-tu-/nu i-ih-da KB sa ra-na? 1 [DUG-,~ ]i-la-A-sur ha'-bi4-la-lku-ni [i-na a ]-la-ak [PN] su-uq-la [su-ma] TUG-ti pa-ni-l/ -tim rzc/ 1 ta-di-na u-ta AN./NA [x x] a-na gam-ri-a [sa ha-]ra-an su-ki-nim r X X 1","To Adida and Ali-ahum from Damiq-pi- Assur: The day Abaya arrives you must not let my donkeys and servants rest - send them! Let the silver, the price of 1 textile and the copper stay. Sell a couple of textiles and send me 1 Yz mina with Abaya for me to dispose over. It is on the Narrow Track that I have left. My dear lords, as to the silver that I owe to Tiib-~ill-Assur, pay when PN arrives. Narrow Track .. ."
AKT 6c.pdf,a-na A-di-da A-la-hi-im u A-ba-a : a-na A-ba-a qi-bi-ma um-ma SIG5-pi-A-sur-/ma «qi-bi-ma» (erasure) ta-as-pu-ra-am um-ma a-ta-ma 8 GIN T A AN.NA-ka: ta-di-in TUG a-bar-ni-am a-na 1/2 ma-na 113 GIN ta-di-in : a-na iia-lnim 1/3 ma-na 5 GIN u-kil-lu-u lu KB ma-na 1 GiN si-im TUG.HI.A 21 ma-na URUDU sa e-zi-ba-ku-nu-ti-ni lu KB sa A-ba-a ub-la-ku-rnu 1-/ti-ni KB sa a-na DUG-~i-la-A-sur ha-bu-la-ku-nu KB su-uq-la-ma tup-pi se-.~i-a-ma tup-pa-am li-it-a-ma a-li-be tup-pi-a id-a: A-ba-/a u Me-zi-ta-num ue-rma 1-ru,"To Adida, Ali-ahurn and Abaya; specifically to Abaya from Damiq-pi- Assur: You wrote as follows: ""Your tin was sold at the rate 1:8. 1 Abarnian textile was sold for 1/2 mina 113 shekel. For the second one they offer 1/3 mina 5 shekels."" As to both the 1/3 mina 1 shekel of sil- ver, the price of a textile, the 21 minas of copper that I left with you, as well as the silver that Abaya brought to you, the sil- ver that I owe to Tab-~ill-Assur- pay the silver, take out my tablet, split the tablet and place it among my other tablets. Abaya and Mezitanum and the donkeys"
AKT 6c.pdf,"a-na A -la-hi-im qi-bi4-ma «qi-bi-ma»: um-ma SIG5-pi-!A'-su/ u MAN-A-sur: a-na-kam i-na ma-ta KB MAN-A-.~ur: e-pu-lu KB sa SIG 5-pi-A-sur a-hu-ni a-ta a-ma-kam : si-gis-is-ma KB (erasure) Wa-li-a ka-~a-ru-um sa A-sur-be-el-sa-ldu-i sa-as-qi-ils-su KB Ia i-ru-a-aq a-na A-la-hi-im qi-bi-ma um-ma SIGs-pi-A-sur a-di: Ia ,5a-hu-ti-a MAN-A-sur: e-pu-lu KB a-su-mi Dam-qa-a i-sa-qal MAN-A-sur fa ta-hu KB ki-ma : tal-qe-u ti-ir-ta-ka : a-sar wa-as-ba-ku-ni : li-li-kam I. 18: Damqaya is an abbreviated form of the name Damiq-pi-Assur.","To Ali-ahum from Damiq-pi-Assur and Puzur-Assur: They satisfied Puzur-Assur here for the deficit on the silver. The silver belongs to Damiq-pi-Assur. Our dear brother, exert yourself there and make Waliya, Assur-bel-sadu'e's packer pay the silver. The silver must not go missing. To Ali-ahum from Damiq-pi-Assur: They have satisfied Puzur-Assur before clearing me. He will pay the silver in the name of Damqaya. Puzur-Assur is not concerned. Send me word to where I am staying when you have received the silver."
AKT 6c.pdf,a-na A-la-hi-im qi-bi-ma um-ma SIG5-pi-A -sur-ma a-di: sa Wa-li-a ka-~a-ar A-sur-be-el-sa-du-e na-as-pe-er-tam a-na-ku u Puzur4-A-sur is-tit Hu-ra-ma nu-lti-pi-ta-ku-um u i-na-li~-pe-er-ti-ni lti-ap-ta-ku-um ki-ma KB : KB-pi-ni-/ma a-du-um lti sa-hu-ti-a i-ma-ta <KB> Puzur4-A-sur i~-.~a-pi-i/5 u PuzurrA-.~ur: a-na 1-na-Su-in u ku-a-ti na-as-pe-er-tam u-la-pi-tam i-na ha-ra-nim gam-ra-am zl-sa-qi-i/5 a-hi a-ta i-hi-id-ma KB sa-as-qi-i/5 su-ma KB tu-u.~-ta-as-qi-i/5 a-sar wa-as-ba-ku-ni ti-ir-ta-ka li-li-kam-/ma uz-ni pe-te a-di bu-ra-im sa li-tab-si-ka sa ta-a.s-/pu-ra-ni bu-ra-am u-ta na-as-a-kum,"To Ali-ahum from Damiq-pi-Assur: Concerning Waliya, Assur-bel-sadu'e's packer, I and Puzur-Assur wrote a mis- sive to you from Hurama, and in our missive it was stated for you that the silver is my silver and before I was cleared I have caused Puzur-Assur to be satisfied with the deficit on the silver. 10 e. rev. Also, Puzur-Assur has written a missive to Enna-Suen and you. He has paid the various expenses on the journey. My dear brother, take care and have the silver paid.  If you have already had the silver paid, then send word to me wherever I may be staying and inform me. 25 Le.  With respect to the burii 'u for your dress that you wrote about, he does not bring you a burii 'u."
AKT 6c.pdf,a-na A-la-hi-im U-.~ur-s a-IS tar u Zu-ku-a qi-bi-ma um-ma SIGs-pi-A-sur-ma ma-na AN.NA ku-nu-ki-a U-~ur-sa-Istar u $i-li-a na-as-r u-ni1-ku-nu-ti sA.BA [5 ma-n]a AN.N[A ik-r ]i-bu sa A _r sur 1 a-hu-u-a a-tu-nu a-ma-lti ta-le-e-a-ni la-ma ILLAT -tum e-ru-ba-ni AN.NA-ki a-na KB ~a-ru-pi-im di-na-ma Si-im 5 ma-/na AN.NA sa ik-ri-be KB lu sa-li-it a-si-ti KB-pi-a pi-ri-ka-ni na-ar-bu-tim wa-as-lmu-tim sa-ma-ma li-ib-si: .5u-ma pi-ri-ka-r nu 1 /a-su KB i-ku-nu-ki-su li-ib-si Damiq-pi-Assur,"To Ali-ahum, U~ur-sa-IStar and Zukuwa from Damiq-pi-Assur: U15ur-sa-IStar and Silliya bring you 15 minas of tin under my seal. Of that 5 minas of tin are votive offerings for Assur. My dear brothers, sell my tin for refined silver as well as you can before the cara- van arrives, and the proceeds from the 5 minas of tin from the votive offering must be available in silver. Buy pirikannus, soft and pleasant, for the rest of my silver and let them be. If there are no pirikannus, then let the silver remain under seal."
AKT 6c.pdf,"a-na A -la-hi-im r qi-bi-ma 1 : um-ma Sl[G5-pi-A-.§ur-ma] a-di r ti-sz:/ -bi 1 sa r E-na-nim 1 10 GIN rKB1 .§a ILLAT-rtim 1 rsa IGJl U-~ll-ra-nim [iz-Yku-a-ni 1 [10 GIN] rKB1 i-na KB-pi-a sa e-zi-ba-ku-ni su-qu-ul-su-ma u ,§i-lbe .§u-ku-sum : a-na-lkam i~-ba-ta-ni-ma um-ma su-ut-ma rKB1 di-nam um-[ma] r a-na-ku-ma 1 ta-a~-[ ... ] KB ta-la-rqe 1 now wants Ali-ahum to reimburse for him.","To Ali-ahum from Damiq-pi-Assur: Concerning Ennanum's additions, the 10 shekels of silver from the caravan that be- came available to me with U~udinum as witness, pay him 10 shekels of silver out of my silver that I left with you and then set witnesses for him. rev. He seized me here and said: ""Give me the silver!"" I answered: "" ... you will receive the silver."" I.e."
AKT 6c.pdf,a-na A-la-h[i-irn qi-b ]i-rna um-ma SI[G5-pi-A-sur- ]rna a-na KB s[a X X X (x)]-ti ha-b[ u-la]n[i x x x] §a/-maJ ni1 [x X] tarn-ka-ri-irn e-pu-su i-na .~e-ri-ka e a-ru-kurn a-hi a-ta a-hi a-ta 17 112 GiN I KB si-im e-ri-im DUMU Ku-zu-za-ri-im ha-bu-lam : A -mur-Btar a-hu-ka qa-ta-tu-su KB sa-as-qi-la-rna a-na pa-ni : se-birlam 1/2 ma-na u 5 GIN KB sa-hi-ir-tarn : a-na Ha-hi-irn ki-ma na-as-pe-er-ti ta-as-< me> -u se-bi-lam a-di sa ha-ra-an su-ki-ni-im su-rna lci na-tu-u tf-ir-ta-lka a-na Ha-hi-im a-na pa-ni< -a> li-li-kam-ma li-bi ki-ma : sa-lu-um KB sa DAM.GAR «sa» le-pu-us Damiq-pi-Assur,"To Ali-ahum from Damiq-pi-Assur: With respect to the silver that PN owes We are well ... they made for the merchant.  1 0  I must not be alienated from you. rev. silver, the price of copper. Your brother Amur-IStar is his guarantor. Make him pay the silver and send it to me. As you hear my missive send me small goods worth Yz mina 5 shekels of silver to Hahhum. Concerning the matter of the Narrow Track, if it is not feasible, send me word in Hah- hum, then I shall act so as to bring the silver  of the merchant safely on."
AKT 6c.pdf,a-na A-la-hi-im [qi-bi-ma] um-ma SI G 5-pi-[A -sur-ma] I ma-na KB 5 ma-na [URUDU] f5 71 ma-na ni-ga-li rsa1 5 GIN KB [~£-pa-ra-tim] i-na a-li-ki[-im pa-ni-im-ma] u a-ni-qi za-ap-ru-tim a-na DUMU um-me-a-nim ke-nim : di-in-ma [lu-ub-lam] rx ma1 dMAR.TU li-l[i-Yik [a-n ]a ~e-ri-ka [x x x]: a-na DUMU um-[me-a]-lni-im [x x x x] : a-na [ ... ] mi-ma [a-w ]a-tum da[-x (x)] i-na pa-ni-i[ rn-rna] a-li-ki-i[ rn] li-li-[karn ... ] be-te-e: 12 roiN1 [KB] A-sur-i-[rni-t]i: ha-bu-la[rn] A-mur-Is[tar x x] rta 1 ka rx 1 [ .. ] A-mur-Istar a-wa-at rna-[ ... ] KB sa-as-qi-i/5-su-ma ku-nu-uk-rna a-na pa-ni-a se-bi-lam a-hi [ a-ta ... ] ti-ir-ta-ka za-ku-s[a ... ] li-li-karn-rna [ ... ] ha-ra-[ ... ] is-ti ILLA T -ti[ m ... ] [tup-p]a-am s[a] 4 GIN KB [li-l]i-a-rna a-pa-ni-a [se-bi-lam a-hi a ]-ta a-la-nu-ka [a-ha-am ra-b ]i-am u-la i-su a-na [a-wa-a]t tup-pi-irn i-hi-id,"To Ali-ahum from Damiq-p1-Assur: 1 mina of silver, 5 minas of copper, 5 minas  of sickles, bronze pins worth 5 shekels of silver with the first transport - also, zapru rings - give that to a reliable affiliated trader so he may bring it. ... -Amurrum should come. ... to you ... to an affiliated trader ... ... the matter ... rev. have him come with the first transport. Assur-imitti owes me 12 shekels of silver Amur-IStar .. . Amur-!Star ... the matter ... Make him pay the silver, seal it and send it tome. My dear brother, a final report should come to me and ... ... with the caravan. Produce the tablet concerning 4 shekels of silver and send it to me. My dear brother, apart from you I have no elder brother. Pay attention to the words of the tablet."
AKT 6c.pdf,a-na A -la-hi-im qi-bi-ma um-ma SIG5-pi-A-sur MAN-A-sur u $i-li-a-ma a-di DUMU Hi-na-a sa ta-as-pu-ra-ni a-na-kam DUMU Hi-na-a ni-i~-ba-at-ma um-ma ne-nu-ma KB sa A-la-hi-im su-qul um-ma su-ut-ma A-ni-na a-na Ka-ni-is ha-ra-su KB i-Ka-ni-is A-ni-na [i-s]a-qal-sum [a-m ]a-kam KB A-ni-na rli-is- 1qu-la-kum A-ni-na ni-is-al-/ma um-ma ni-nu-ma KB a-ta ta-sa-qal um-ma A -ni-na-rna mi-ma IS-rna-A-sur Ia ta-~a-ba-ta KB i-Ka-ni-is a-na A-la-hi-im a-na-ku a-sa-qal a-di Ku-ku-la-nim sa ta-as-pu-ra-ni a-na-kam ni-i~-ba-at-ma um-ma m!-nu-ma 1/2 ma-na KB sa ik-ri-bi-su i-di-na-kum KB u si-a-ma-ti-su [su-qu-ul],"To Ali-ahum from Damiq-pi-Assur, Pu- zur-Assur and $illiya: With respect to Hinnaya's son about whom you wrote, we seized Hinnaya's son here and said: ""Pay Ali-ahum's silver!"" He answered: ""Annina is on his way to Kanesh. Annina will pay him the silver in Kanesh."" rev. Have Annina pay you the silver there. We questioned Annina, saying: ""About the silver, is it you who will pay?"" Annina answered: ""Do not seize anything from ISma-Assur. It is I who will pay the silver in Kanesh to Ali-ahum."" With respect to Kukkulanum about whom you wrote, we seized him here and said: ""He gave you Yz mina of silver of his votive offerings. Pay the silver and the purchases made."""
AKT 6c.pdf,a-na A-di-da zl A-la-[hi-i]m qi-bi-ma: um-ma SIG5-pi-i-/A-sur-ma it MAN-A-sur 11 TUG SIG5 i-a-u-tim : 11 n)G SIG5 ma-n[ a] si-pa-tim sa ba-ri-ni [s]a 6 GIN KB a-na qa-ti-su AN .NA I mi-ma ' a-ni-im : a-na Sa-lim-be-li iR sa A-mur-A-sur X DUMU diM-ba-ni: A-sur-pi-!G-ah TUG ku-nu-ki-ni ni-ip-r qi-id1 su-ma : c~u-ba-tit-ni is-rli-mu-ni-ma 1 e-ru- u-mm §aJap-ti-im 1 a-na H-na ag-[ri] 3 GIN rKB1 su_r uq 1[ -IG-ma si- ]ti «KB» rKB1 a-na Sa-lim-be-li u tap-pa-i-su di-ma KB ma-la ils-<qe->u-ni: wa-di-a-nim TUG SIG5 Zu-zu-a ub-la-ku-nu-ti TUG SIG5 sa MAN-A-sur Ku-lu-ma-/a ub-lti-ku-nu-ti !fU-ba-ti-ni lti-hu-pu-tim di-na-ma KB is-ti A-ba-ba rse-bi4 1-la-nim Ia i-sa-hu-/ur is-tu a-ni rsa ta ni li nix x 1 u-za-ni : Ia ta-pa-te-a su-ma a-wa-tum da-na u-za-ni pi!-le-a,"To Adida and Ali-ahum from Damiq-pi- Assur and Puzur-Assur as well: 11 good textiles belonging to me, 11 good textiles belonging to Puzur-Assur, 3 7 minas of wool belonging to us both, tin worth 6 shekels of silver for his dis- posal - all this we entrusted to Salim- beli, slave of Amur-Assur son of Adad- bani (and) Assur-pilah- the textiles under our seals. If our textiles have arrived safely and entered (the city), pay 3 shekels of silver to two hired men out of the proceeds from the wool, and give the rest of the silver to Salim-beli and his partner and indicate to me how much silver they have received. Zuzuwa brought you 1 good textile; Kulumaya brought you 1 good textile belonging to Puzur-Assur. Sell our wrapped textiles and send the silver with Ababa. He must not delay. Since ... you do not inform us. If matters are urgent, then do inform us!"
AKT 6c.pdf,"a-na A -di-da u A -lti-hi-im qi-bi-ma um-ma SIG5-pi-A-sur-ma TUG.HI.A SIG5 ANSE u-nu-su u si-na pa-li-li Sa-lim-be-li: u A-sur-pi-la-ah na-as-u-ni-ku-nu-ti rsA.BA 1 ku-ta-nu SIG5 DIRI 10 TUG.HI.A r sa 1 A -ki-di-i 5 ra-qa-tum [ka-am ]-su-um 3 sa ma-i [ su ]-ma r sal1- [ m ]u-ma e-ru-bu {u Se r X 1 [l]i-ib-sf-U? 2/3 ma-na 112 GIN KB Sa-lim-be-li u A-sur-pi-la-ah ha-bu-lu-nim a-ma-kam GIN.TA a-na pa-zu-ur-ti ~it-ba-ti-a lu-!ja-he-ru-ni si-ti KB IR sa r La-q(J1-[ ep] li-is-qit-lu ANSE u-nu-su u pa-li-li su-ma Sa-lim-be-li it tap-pa-su sa-ah-ru a-na D""UG-ab-~i-ld-A-sur pi-iq-da/-ma li-ir-di-a-am : a-hu-a a-tu-nu 1/3 ma-na 1 GiN KB si-im' : !fu-ba-tim 21 ma-na 10 GiN URUDU SIG5 : e-zi-ba-ku-[nu]-ti a-na KB di-na-rna KB ku-un-ka-ma li-ib-si a-na hu-sa-hi-im Ia til-ma-na-a mu-la KBI-ku-nu sa a-na D'UG-!fi-la-A-sur ha-bu-la-ku-nu : a-ma-su u ma-ru-ma KB su-uq-lcl-ma (up-pi se-~i-a-nim-ma li-ti-a-su-ma i-li-bi4 tup-pi-a su-uk-na na-ru-qa-tim 22 TUG i-[na?] ku-nu-ki-a i-na hu-ur-si-im e-zi-ib sA.BA 12 TUG.HI.A SIG5 8 qa-ab-li-u-tum ~u- a-tu sa s-ma-a su-n u -tz a-na di-na 9: could also be read -lu-um. Damiq-pT-Assur","To Adida and Ali-ahum from Damiq- pi-Assur: Salim-beli and Assur-pilah bring you 22 good textiles, a donkey, its harness and two palilus. Thereof: 12 extrafine kutiinus, 10 Akkadian tex- tiles, 5 thin textiles, 1 kamsu-textile, 3 water-proof- if they have entered safe- ly they should remain ... Salim-beli and Assur-pilah owe 2/3 mina Yz shekel of silver. They should deduct 1 shekel each on the smuggling of my textiles there. They should pay the rest of the silver (to) Ui-qep's slave. As to the donkey, its harness and the palilus, if Salim-beli and his colleague are delayed, then en- trust it to Tab-~ill-Assur so he may lead it here. My dear brothers, I left 1/3 mina 1 shekel of silver, the price of a textile, and 21 minas 1 0 shekels of good cop- per with you. Sell it for silver, seal the silver and let it remain. Do not consider it for your own needs. Pay the balance of your silver that I owe to Tab-~ill-Assur- his maid and sons, and get my tablet, split it and place it with my tablets. I left 6 sacks with 24! textiles ... under my seal in the store-room. Thereof: 12 good textiles, 8 of medium quality, 4 textiles belonging to Usmaya. Sell those for silver."
AKT 6c.pdf,"a-na A-di-da u A-!a-hi-im qi-bi-ma um-ma Da-mi-iq-pi-A-/sur-ma TUG i-na 6 na-ru-qa-tim i-na hu-ur-si-im ku-nu-ki-a e-zi-ib sA.BA 12 TUG dam-qu-tum TUG tar-di-u-tum TUG sa U.~-ma-a ,§u-ma hu-ur-su-um Ia sa-.r~l-ur TUG-ba-ti-a a-sar sa-.ru-ru-u su-uk-na a-hu-u-a a-tit-nu TUG-ba-ti-a di-na-ma KB li-im-hu-ra-ni ba-ab-tam Ia a-ra-si a-na i-ta-at-li-im di-na 113 ma-na 1 GiN KB ma-na 10 GiN URUDU SIG5 sa e-zi-ba-ku-ni-t[J ni1 URUDU a-na KB di-na-ma KB ku-un-< ka-> ma l i-ib-s i e-ma-.~a-am i-na hu-ur-si-im le-qe-a-ma is-ti Sa-lim-be-li u DUG-~i-lci-A-sur se-bi-la-nim ~u-ba-ti <sa> Sa-lim-be-li : u-se-ra-ba-ni ti-ib-si a-na A -di-da qi-bi4-ma i-na TUG-ba-ti-ka 1 ra-qa-tam 1 bu-ra-um sa ma-i","To Adida and Ali-ahum from Damiq-pT- Assur: I left 24 textiles in 6 sacks in the store- room under my seal. Thereof: 12 good textiles, 8 second quali- ty textiles, 4 textiles belonging to Usma- ya.  If the store-room is not guarded, then place the textiles where they will be un- der guard. My dear brothers, sell my textiles so that the silver is ready for me. I should not As to 113 mina 1 shekel of silver (and) 21 minas 10 shekels of copper of good quality that I left with you - sell the cop- per for silver, seal it and let it remain. Take 10 shekels of silver (and) 1 litre of oil (in) an emazum-container in the store- room and send it with Salim-beli and Tab-~ill-Assur. Let the textiles which Salim-belT will bring in remain. To Adida: In your textiles buy for me 1 thin one and 1 waterproof burii 'u."
AKT 6c.pdf,a-na A-di-da u A-la-hi-lim qi-bi-ma um-ma S1G5-/pi-A-sur-ma na-ru-qa-tim TUG.HT.A ku-nu-ki-a i-na hu-ur-lsi-im e-zi-ib sA.BA TUG.Hl.A SIG5 8 T1JG.Hl.A tar-di-u-tim r41 TlJG.HI.A sa Us-ma-a ~u-ba-ti-a a-sar sa-~it-ru .5u-uk-na 1/3 ma-na 1 GiN KB si-im : ~it-ba-tim ma-na 10 GiN KB e-zi-ba-ku-nu-ti URVDV-ri-i a-na KB di-na-ma it KB si-im ~it-ba-ti-a ku-un-ka-ma li-ib-si KB a-na hu-sa-rhi1-ku-nu Ia tit-ma-na li-[ib ]-sf a-hu-a a-tit-nu KB ~it-ba-ti-a a-na i-ta-at-lim i-ta-di-na ba-ab-tam la a-ra-Si GiN KB Sa-lim-be-li DUMU Ba-su ha-bu-lu-ni-im i-na ba-ni-x-im 13: the writing KB is an obvious mistake for URUDU.,"To Adida and Ah-ahum from Damiq-pi- Assur: I left 6 sacks with textiles under my seal in the store-room. Among those (were) 12 textiles of good quality, 8 second quality textiles, 4 tex- tiles belonging to Usmaya. Place my textiles where they will be un- under guard. I left the price of a textile, 1/3 mina 1 shekel of silver (and) 21 minas 10 shek- els of copper with you. Sell my copper for silver, then seal the proceeds in silver from my textiles and let it remain. Do not consider the silver for your own needs, let it remain (intact). My dear brothers, as to the silver for my textiles, they should be sold for cash on delivery. I shall not have any outstanding claims. Salim-beli son ofBasu owes me 14 shek- els of silver. m ..."
AKT 6c.pdf,a-[na A-lci]-hi-im it Dam-qa-a KI[~UB Sa ]-ta-na,To Ali-ahum and Damqaya; seal of Sat-Anna
AKT 6c.pdf,"a-na A-la-hi-im u Dam-qa-a qi-bi-ma um-ma Sa-ta-na-ma a-na Dam-qa-a qi-birma ma-na KB ni-is-ha-su DIRI sa-du-a-su sa-bu-a-ti a-na si-a-ma-tim a-na A-limki a-di-na-kum um-ma a-na-ku-ma AN .NA sa-ma-am a-ma-kam AN.NA .Si-im KB-pi-a a-na A-la-hi-im di-in a-na A-la-hi-im qi-birma a-hi a-ta a-ma-kam Dam-qa-a AN.NA li-di-na-kum [(x)] 2/3 ma-na 5 GIN KB [i-l]i-bi4 A-na-na [x] ram-tam 1 i-li .fa ma [x] rx me x a 1 am-tum ra-di-ni 1 wa-as-ba-at ra 1-hi a-ta be-li a-ta [K]B sa-as-qi-i/5-si u: am-tam [a ]-na si-mi-im di-in pi-ri-ka-ni a-na Ha-nu a-di-in um-ma a-ta-ma ha-ra-nam Lf-te-et u ,5 i-ta lu-ka-si-id-ma a-na-ku KB-ap-ki a-da-na-ki-im a-hi a-ta AN.NA-ki lu KB sa li-hi4 A-na-na lu .§i-im GEME-ti-a lu si-im pi-ri<-ka>-ni sa Ha-nu pi-ri-ka-ni sa-ma-ma u AN.NA-ki L~-ti pa-ni-im-ma se-bi4-lam 2 TUG.HI.A se-hi4-lci-ma zi-sa-ri-it-ma 1 GiN rKB 1 [ ... ] hu-ur-.~i-a-nam it ta-maJ !G-kam a 1 [ ... ] sa ip-qi-du-ni-ku[ -ma (. .. )] a-di e-ni-a za ta-[ mu-ru] deposited in the house ofSu-Nunu.""","To Ali-ahum and Damqaya from Sat- Anna; specifically to Damqaya: I gave you 2 minas of silver, its import duty added, its transport tariff paid to you, for purchases in the City. I said: ""Buy tin for me."" Give the tin, the proceeds from my sil- ver, to Ali-ahum there. To Ali-ahum: My dear brother, have Damqaya give you the tin there. possession of Anna-anna. ... the slave girl is still living in ... My dear brother and lord, have her pay the silver and offer the slave girl for sale. I gave 6 pirikannus to Hanu. You said: ""Let him complete one or two journeys, then I shall personally give you your sil- ver."" My dear brother, my tin as well as the silver in Anna-anna's possession, the proceeds from my slave girl and from the pirikannus from Hanu- sell the pirikan- nus and then send me my tin with the first transport. Send me 2 textiles, for I tore (mine), and 1 shekel of silver ... the hursianu- container and the tablet-box ... that they entrusted to you ... as long as you do not see my eyes."
AKT 6c.pdf,um-ma 1-di-Su-in-ma a-na SIG5-pi-i-A-sitr u A-ld-hi-im qi-birma a-di-i na-as-pe-er-ti sa Be-fum-ba-ni sa te-zi-ba-ni is-ti-in i-na ba-ri-ku-/nu li-li-kam-ma KB-ap-ku-nu li-ils-qe KB-ap-ku-nu !a i-ru-aq a-di-i Be-fum-ba-ni a-na-kam lri na-tu-ma ti-ir-ti lQ e-zi-ib a-na Ti-sa-mu-ur-na !a e-ti-iq a-na SIG5-pi-i-«BE»A-sur qi-bi4-ma wa-di a-wa-tim sa ni-ta-u-ni ta-am-ti-Si e-et-qam-ma e-et-qam-ma a-sar a-wa-/tim i-la-ku lu ne-pu-u.~ Damiq-pi-Assur,"From Iddin-Suen to Damiq-pi-Assur and Ali-ahum: Concerning the missive about Belum- bani that you left me, one of you should come and receive your silver. Your silver should not disappear. Concerning Belum-bani it is not appro- priate for me to leave instructions here; he will not go overland to Tismuma. To Damiq-pi-Assur: Apparently you have forgotten the matter we discussed. Do come here, come here, so we can do what the situation demands."
AKT 6c.pdf,a-na A-la-hi-im qi-birma um-ma MAN-rA-sur-lma 1 r481 TTJG dam-qu-[tim] TlJG sa qa-tim 2 TUG l:a A-.~ur-be-el-a-wa-tim sa ta-ad-mi-iq-tim GU 10 ma-na ku-nu-ku ANSE 0a-la-me mi-ma a-nim : ku-nu-ki rsa ku ki-[ma i- ]a-ti ip-[qi-id ... i-na] r Ha-hi-im 1 wa-as-ba-ku a-na .~i-ti ANSE lu-qu-tim : a-li-ik-ma JLLAT -tum : ik-ta-al-u? -ni a-hi a-ta mi-li-ik lu-qu-ti-ka : mi-li-ik ti-ir-ta-ka li-li-kam-/ma Ia a-sa-hu-ur ma-na KB a-na pa-ni-a se-birlam Puzur-Assur,"To A1i-ahum from Puzur-Assur: 48 good textiles, 2 ordinary textiles, 2 textiles belonging to Assur-bel-awatim, a  free loan, 2 talents 1 0 minas of sealed (tin), 3 black donkeys - all this sealed by ... my representative entrusted ... I am staying in Hahhum. I left for the rest of the donkeys (with) the goods but they held up the caravan. My dear brother, decide about your goods.  Send me word, and I shall not delay. Send 1 mina of silver to meet me."
AKT 6c.pdf,a-na A-la-hi-irn qi-bi4<-rna> um-rna Puzur4-A-sur-ma TUG ku-ta-ni dam-qu-turn 2 TUG [sa qa]-ltirn GU 10 ma-na AN.NA ku-nu-ki 18 1/2 ma-na AN.NA qa-tim TUG sa A-.~ur-be-el-a-/wa-tirn ANSE .~a-la-rnu rni-ma a-nirn a-ra-di-a-[kum] sa-ri-darn a-di Ha-hi-irn a-na GIN KB a-gu5-ur 1/2 ma-na «ma-na» URUDU a-na pa-ni-a se-bi4-lam is-te-en6 i-na !'fU-ha-ri-ka a-na pa-ni-a tur4-darn a-hi a-ta be-li a-ta ti-ir-ta-ka li-l i-karn-ma uz-ni pe-te su-ma Ia A-la-hu-um DUMU Du-di-ki ma-ma-an u-la i-de8-u su-ut-ma {up-pa-am na-si,"To Ali-ahum from Puzur-Assur: 48 good kutanu-textiles, 2 ordinary tex- tiles, 2 talents 1 0 minas of sealed tin, 18 Yz minas of expense-tin, 2 textiles belonging to Assur-bel-awatim, 3 black donkeys - all this I lead to you. I rented a driver until Hahhum for 17 shekels of silver. Send Yz mina of copper to me. rev. Send one of your servants before (I come). My dear brother and lord, send me word to inform me. brings the tablet."
AKT 6c.pdf,um-ma [ ... ] DAM.GAR [ ... ] TU[G ku-ta-ni ... ] ma-n a ... r2 GU1 10 ma-[na AN.NA ... ] ma-na[ ... ] i-na li-b[i ... ] ma-na 10 GI[N ... ] 112 ma-na AN.NA qa-ti[m] 1/3 ma-na 4 2/3 GIN KUG a-n[a] sa-ri-dim it mi-sal sa-[ri-dim] a-na ta-ba-lim : ni-di-in ANSE !ja-la-mu : 1 ma-na KB it-bu-lu 2 TUG sa A-sitr-be-/el-a-wa-tim sa ta-ad-mi-iq-ti-su mi-ma a-nim PuzurrA-sur DUMU A-sur-dan i-ra-di-a-ku-um : 1 1/2 GiN KB sa sa-e-tim: i/5-qe 3 GiN KB a-na E: ub-ri sa Qa-ta-ra sa u-nu-tam i-su-ru-ni I ni-di-in 1/3 ma-na LA 1 GIN KB te-~·u-bi Be-lum-ba-ni : i/5-qe : 1 112 GIN KB sa sa-du-a-tim : sa bi-it-qa-at I KB Be-him-ba-ni: i/5-qe: 9 114 GIN TA GUSKIN-ka ta-di-in: i-na 10 ma-/na KB ni-is-ha-su : DIRI sa tit-lse-bi4-/a-ni GIN KB : a-na ni-is-ha-tim ba-ti-iq : 10 GIN KB wa-~·i-tam ni-di-in 11 GIN KB lu [ ... ] na-ru-qa-tim lu u-nu-u[t ANSE ... ] ni-za-ku-[ ma te-er-ti-ni] i-la-k[a-kum],"From ... to ... : ... the merchant 48 textiles ... 8 minas ... 2 talents 10 minas of tin .. . shekels less 22 lh grains .. . 8 minas .. . owed by .. . 13 minas 1 0 shekels ...  of your votive offerings ... 18 Yz minas of expense-tin; we gave 1/3 mina 4 2/3 shekels of silver for a driver and half a driver for the car- 3 black donkeys cost 1 mina of silver; 2 textiles belonging to Assur-bel-awatim Puzur-Assur son of Assur-dan leads all He received 1 Yz shekels of silver for the  sa 'utu; we gave 3 shekels of silver for the inn in Qagara where they guarded the goods; Belum-bani received I /3 min a less 1 shekel of silver: additions; Belum-bani received 1 12 shekel of silver for the transport tariff of the missing silver. Your gold was sold at the rate 9 Y4 to 1. Of the 10 minas of silver, its import duty added, that you sent, 5 shekels of silver was too little for the import duty; we gave 1 0 shekels of silver as export duty. 11 shek- els of silver, either sacks or harness for the donkeys we shall clear, and a message from us will come to you."
AKT 6c.pdf,"[a]-na Da-da-a-a: A-la-hi-im it ctEN.LIL-ba-ni qi-bi-ma um-ma PuzurrA-r.~ur 1/3 ma-na 2 GIN KB Su-Hu-bur DUMU J-di-a-b[irim] li-is-qu-ta-ku-[ nu-ti-ma] KB su-a-ti : a-na dEN .LIL-ba-ni DUMU A-sitr-m[a-li]k su-uq-!a-ma tup-pi se-.~i-a-ma li-it-a-ma a-,5ar: A-la-hi-im i-na li-bi-i tup-pe-e-a : ,5u-u[ k-na] a-hu-u-a : a-tit-nu ih-da-ma KB : Su-Hu-/bur sa-as-qi-ta-ma tup-pi-i . M-.~i-a-nim","To Dadaya, Ali-ahum and Illil-bani from Puzur-Assur: Su-Hubur son oflddin-abum should pay you 113 mina 2 shekels of silver, and then pay this silver to lllil-bani son of Assur-malik, obtain the release of my tablet, split it and place it with my other tablets with Ali-ahum. 10 e. My dear brothers, take care to have Su- Hubur pay the silver and obtain there- lease of my tablet for me."
AKT 6c.pdf,"a-na A -di-da u A -la-/hi-im tl Ku-ku-lci-nim qf-bi-ma um-ma MAN-A-sur-ma su-ma A-da-a riR1 sa A!-bu-bu En-na-Su-in me-ra-su a-na ,5[-mi-im i-sa-qal IR-r dam 1"" le-qe-a-ni-.5u i-na qa-ti sa-ni-im qa-ab-l/ -/tam e-ri-a s[ u-m ]a Da-da ta"" i-mu-/a a-na r >$e-ri-a 1 li-li-kam KB 1 GIN KB u 2 GiN lg -n-a rsa 1-al-ma a-na .§a-ni-u-tim Ia a-ta-na-di-in a-hu-u-a a-tu-nu le-qe-a-ni-su","To Adida, Ali-ahum and Kukkulanum from Puzur-Assur: If- with respect to Adaya, Abubu's slave - his son Enna-Suen is ready to sell him, then take him (as) slave. other. If Dada refuses, then let him come to me. Inquire about my wages of 1 or 2 shek- els of silver so I do not squander it to others. My dear brothers, take him for me."
AKT 6c.pdf,a-na A-la-hi-im qi-birma um-ma PuzurrA-sur-ma ma-na KB sa a-pa-ni-a a-Hu-ra-ma tu-se-bir/6-ni- r rna 1 ma-na KB ku-nu-ki-a En-na-nu-um DUMU Ku-zi-a na-as-a-ku-um na-as-pe-ra-tum sa A-limki sa a-~e-ri-ka ub-lu-ni-ku-ni a-hi a-fa a-ba-ti-qi-/im [paY-ni 1-im [x] ub-lu,"To Ali-ahum from Puzur-Assur: As to the Yz min a of silver that you sent to me in Hurrama, Ennanum son of Kuziya brings you 1'2 mina of silver un- der my seal. The missives from the City that they brought to you, my dear brother, to the first express caravan ..."
AKT 6c.pdf,"a-na A-la-hi-im : Lu-rtu 1 u En-um-A-sitr «urn-rna» a-na En-um-A -sur qi-bi-ma : um-ma Puzur4-A-,fur-ma ma-na AN.NA ku-nu-ki-a : i-na Za-al-lpa a-di-na-ku-um um-ma a-na-kuJ ma 1 a-na Ka-ne-d se-ri-ha-su IGI A-sitr-ba-ni DUMU Ku-ta-la IGI En-nam-Su-in DUMU AH.ME .~a Sti-in a-hi a-ta AN.NA ku-nu-ki-a : a-sa ki-ma i-a-tf: pi-qf-id a-na sa ki-ma i-a-tf qi-bi-ma : a-hu-tl-a a-tu-nu : AN .NA sa-di-na-/ma a-na KB ta-e-ra-su KB ku-un-ka-ma li-ih-.5£: gi-im-1/a-ni rzl 1 a-na-ku a-we-[el] gi-[ mi-lim]","To Ali-ahum, Lulu and Ennam-Assur; specifically to Ennam-Assur from Puzur- Assur: I gave you 13 minas of tin under my seal in Zalpa, and I said: ""Lead it into Kanesh."" 10 e. rev. Witnesses were Assur-bani son ofKu- taya, Ennam-Suen son of the Suen-priest. My dear brother, entrust the tin under my seal to my representatives. To my representatives: My dear brothers, have the tin sold and converted to silver; seal the silver and let it be. Do me a favour. I too am a man able to do favours."
AKT 6c.pdf,"a-na A-liz-hi-im u Zu-ku-a um-ma PuzurrA-.~ur-ma ma-na AN.NA ku-nu-ki-a i-na Za-al-pa a-na En-nam-A -.~ur DUMU Na-ra-AB-Su-in a-di-in su-ma En-nam-/A-.5ur e-ru-ba-am AN.INA li-di-na-ku-nu-ti-ma AN.NA a-na KB di-na-ma u-ul KB i-da< -na> -ku-nu-ti a-na KB si-im AN.N[A]-/ki-a pi-ri-ka-ni sa-ma-ma a-di ti-ir< ,t£> i-16-ka-ni li-ib-.5i-u","To Ali-ahum and Zukuwa from Puzur- Assur: I gave 13 minas of tin under my seal in Zalpa to Ennam-Assur son of Naram- Suen. lfEnnam-Assur has entered (the town), let him give you the tin and sell the tin Buy pirikannus for the silver proceeds from the tin and let them stay put until my instructions arrive."
AKT 6c.pdf,"a-na A-di-da A-la-hi-im ~~ U-ku qi-bi4-ma um-ma Puzur4-A-silr-/ma TUG ku-nu-ki-a .5a e-<zi> -ba-ku-nu-ti-ni ku-ta-ni SIG5 Sa-lim-he-1£ uh-ld-ku-nu-ti SUNIGIN 33 TUG a-na U-ku pi-iq-da-ma a-na Dur 4-hu-mi-it lu-uh-lam 4 ma-n[a] AN.NA ku-nu-ki-a U-ku r na-,~[1 su-ma ANSE [i-ha ]-sa-ah sa-ma-su-um [a-p ]u-tum lG i-sa-hu-ur a-na U-ku qi-birma Ia aq-bira-ku-um sa-ha-ra-am sa-ha-ar-ti na-ap-ra-~a-am u ma,~-ki sa-pa-ti-a Ia te-zi-ba-am","To Adida, Ali-ahum and Uku from Pu- zur-Assur: As to the 13 textiles under my seal that I left with you, Salim-beli brought you (further) 20 good kutanus- in all entrust 33 textiles to Uku and have him bring them to Durhumit. rev. If he wants a donkey, then buy one for him. Urgent, he must not delay, send him! To Uku: Did I not speak to you about not delay- ing? You shall not leave my small goods, a chisel and my woolen fleeces. I.e."
AKT 6c.pdf,"a-na A-di-da A-la-hi-im u U-ku qi-bi-ma um-ma PuzurrA-sur-ma 13 TUG ku-nu-ki-a [(sa)] r£1 A-16-hi-im e-zi-bu 20 TUG ku-ta-ni dam-qtl-tim 1 TUG [ ... ] r ku-nu-ki 1[ ... ] a-na si-[mi-im di-na-ma] r AN1 .NA ku-un-ka-ma [a-na ... ] [di- ]na-ma a-na ,~e-ri-[a lu- ]ub-lam [i- ]na 21 TUG ,5a Sa-lim-be-li [u] A-sur-pi-16-ah n [ a-as-u ]-n i-ku-nu-ti-lni [1 TUG] sa A-ki-di-e a-na [Ist]ar-lr:i-ma-si di-na ri-na l sa-am-si {up-pita-sa-me-a-ni TUG u-ma-kal lei [ta-ka-/a] [a-na A ]-lci-hi-im qi-bi-m[ a ... ] [a-na] qa-ti U-ku di-in [ ... ] [x x ]-nu ku-nu-ki-a Salim-beli and Assur-pilah see no. 550 .","To Adida, Ali-ahum and Uku from Pu- zur-Assur: The 13 textiles under my seal that I left in Ali-ahum's house, 20 kutanus of good quality, 1 ... textile under my seal ... rev. ... sell that and seal the tin and give it to ... and let him bring it to me. Of the 21 textiles that Salim-beli and Assur-pilah bring to you give 1 Akkadian textile to IStar-lamassi. The very day you hear my letter do not hold back the textile a single day. To Ali-ahum: .. . give ... to Uku .. . . . . under my seal."
AKT 6c.pdf,a-na «a» A-la-hi-im qi-bi-ma um-ma MAN-A-sur-ma a-na KB : sa a-na DAM. GAR ha-bu-la-ku-ni : ha-ra-ka e ib-H-ma DAM.GAR ~i-< ib-> tam : i-na .~e-ri-a e ils-qe-ma i-na 0·e-er DAM.GAR : e it-ri-i-qu-ni a-hi a-ta a-di sa ha-ra-ran l su-qi-nim ti-ir-ta-ak-ka a-na pa-ni-a li-l[i]-kam-ma ki-ma .~a-lu-um KB: .~a DAM.GAR le-p[u]-u.5 ma-na KB i-na qe-er-birma §a 5 GiN KB sa-he-er-tam a-na pa-ni a-na Ha-rhi 1-im .~e-hirlam mi-su sa ci.~-ta-na-me-u-ma am-ti: a-di-ni : i-na Wa-a.~-ha-ni-a lu a.5-ba-at-ni-ma a-ta : ta-as-ta-pu-tl a-la a-hi-im u Ia a-w[i-lim] a-ta-ciS:-ka-an a-hi a-ta am-ti : .S:u-pur-ma li-< ir-> di-tl-nim r a-na 1 ha-ar-pe,"To Ali-ahum from Puzur-Assur: With the silver I owe to the merchant there must not be any caravan trip for you, so the merchant does not take inter- est on my account, and they must not alienate me from the merchant. My dear brother, send me word concern- ing the matter of the Narrow Track, so I can act to safeguard the merchant's sil- ver. There is 1 mina of silver, but of that send me small goods worth 5 shekels of silver to Hahhum. Why is it that I keep hearing that my maid is still staying in Washaniya and that you keep silent about it? 1 am treated like a non-brother and a non-gentleman. 25 e.  My dear brother, write about my maid so they lead her to me before harvest."
AKT 6c.pdf,a-na A -la-hi-im qi-bi-ma: wn-ma Puzurr!A-sur 1/2 ma-na 2 GIN KB ku-nu-ki-a : a-na E-na-nim DUMU A-bi4-a: i-na Pu-ru-us-< ha-> dim e-zi-ib KB ku-nu-/ki-a li-di-na-kum i-na E-ti-ka li-ib-si 112 QA ri-L5-tam is-ra-am it mu-sa-ra-am a-da-ah-si mi-ma a-ni-im Ka-al-/ka wa-ar-du-um sa Su-Su-in DUB.SAR na-as-a-kzlm,"To Ali-ahum from Puzur-Assur: I left Yz mina 2 shekels of silver under my seal for Ennanum son of Abiya in Purushaddum. Have him give you the silver under my seal. Let it remain in your house. 1 12 litre of fine oil, a belt and a girdle (and) addah~u-spice- all this Kalka, the slave ofthe scribe Su-Suen brings to you."
AKT 6c.pdf,"a-na A-la-hi-im qi-bi-/ma um-ma PuzurrA-,§ur ti-ir-ti i-li-ka-kum 112 ma-na I 2 GiN KB a-na E-na-nim DUMU A-bi-a i-na Pu-ru-us-/ha-dim e-zi"" -ib su-ma E-na-num: wa-sa-ab KB .~a-as-qi-ilr.~u-ma M-bi4-lam su-ma 16-.~u I ma-na KB i-na ra-mi-ni-ka a-na ru-ha-ri-ka pi-qi-id-ma lu-ub-lu-/nim 1/2 GIN KB a-na sii-he-er-ltim na-as-a-kum 3 .~e-ne-en sa si-ni-is-tim SIG5 .M-birlam sf-pa-ra-tim !a tit-I.M-ba-lam 112 QA ri-L5-tam is-ru-um u mu-sii-ru-um il a-da-ah-si Kii-al-ka IR [ na-as-a-kum]","To Ali-ahum from Puzur-Assur: I already sent you my instructions. I left 12 mina 2 shekels of silver with En- nanum son of Abiya in Purushaddum- if Ennanum is present make him pay the the silver and send it here. 10  your own to your servant and Elali so rev.  they can bring it here. 15  Elali brings you 2 Yz shekels of silver for small goods. Send me 3 pairs of good women's shoes. 20 e.  Do not send the bronze pins. The slave Kalka brings I 1 /2 litre of first- I.e.  quality (oil), a belt and a girdle and addahsu-spice to you."
AKT 6c.pdf,"a-na A-la-hi-im qi-bi-[ m ]a um-ma Puzur4-A-.~ur-ma ma-na KB 5 ma-na URUDU ma-na ni-ga-li sa 5 GIN KB .~£-pa-ra-/tim u a-ni-qi za-ap-ru-tim is-ti a-li-ki-im pa-ni-im-ma a-na DUMU um-me-a-nim ke-nim di-in-ma lu-ub-lu-nim a-.§u-mi ha-ra-an : su-qi-nim as-ta-[ n ]a-me-ma a-wa-tum dan-na : a-hi [a ]-ta ti-ir-ta-ka li-li-kam-/ma uz-ni : pe-te-e 1/2 ma-na 2 GiN KB ku-nu-kiJ a 1 : i-na Pu-r ru-u.~-ha-dim 1 a-na EnJna 1-[nim] DUMU AJbi1-a e-zi-ib um-ma En-na-num-/ma a-na A-ta-a [x x x] r na-ni1 a-di-in-ma [x x (x)] ki u-se-bi-ta-k[ u-u ]m A-ta-a as-al-ma um-ma a-na-ku-ma En-na-num KB u-M-bi4-la-ka KB di-nam um-ma A -ta-a-ma a-sar KB En-na-num i-di-na-ni su-u-sa-ak~u-/um la-as-qu-la-kum IGI 2 DUMU um-me-la-ni u-ra-ki-su En-na-nam ~a-ba-at-ma KB sa-a.§-qi-il5 -;r.~u ,_r ma 1 a-na pa-ni-a .51!-birlam su-ma ta-da-gal-ma ha-ra-an su-qi-nim la wa-su-ra-at-/ma is-ti ILLAT -tim-rna [se-bi]J Ia 1? -am ti-ib-/nam sa 2 GiN KB r sa 1 [x X] a-pa-ni-a pi-hi-i a-hi a-t[ a a ]-.§a-me-rna am-ti Puzur-Assur a-di-ni 16 ir-df-u-nim i-hi-id-ma li-ir-di-u-ni-si","To Ali-ahum from Puzur-Assur: Give to a trustworthy affiliated trader 1 mina of silver, 5 minas of copper, 5 mi- nas of sickles, bronze pins worth 5 shek- els of silver and zapru-rings - with the first transport, so they may bring it. Concerning the Narrow Track I keep hearing that orders are strict. My dear brother, send word to inform me. my seal for Ennanum son of Abiya in Ennanum said as follows: I gave ... to Ataya and he sent ... to you."" I questioned Ataya, saying: ""Ennanum has sent you with silver. Give me the silver."" Ataya answered: ""In case Ennanum has given me any sil- ver I shall pay you three times back.""  I bound him over him with 2 affiliated traders as witnesses. Seize Ennanum and have him pay the silver and send it to me. If you observe that the Narrow Track is not opened up then send it with the cara- van itself. Close up ... with straw worth 2 My dear brother, I hear that they have not yet sent my maid. Take care so they bring her."
AKT 6c.pdf,"a-na En-na-<Su>-in u A-/a-hi-lim qi-bi-ma um-ma MAN-A-sur-/ma 1/2 ma-na 2 GIN KB ku-nu-ki-a i-na Pu-ru-us-ha-ldim a-na En-na-nim DUMU A-bira e-zi-ib i-na ha-ra-nim ni-mi-hi-ir-ma um-ma a-na-ku-ma KB .~a a-df-na-ku-ni di-nam um-ma su-ut-ma A-ta-a-a a-na .~e-ri-ka u-se-hi-lam a-na-kam A-ta-a-a a~-ba-lat-ma um-ma a-na-ku-ma KB sa En-na-num u-se-birta-ka-ni KB di-nam um-ma A-ta-a-a-ma mi-ma KB En-na-num u-Ia i-di-nam a-sar i-di-na-ni si-bi4 lu-,M-[l]i-la-ma 1/2 ma-na KB a-sa-qa-la-/ku-um a-ma-kam En-na-nam .~a-ab-ta-ma 112 ma-na 2 GIN KB ku-nu-ki-a li-di-na-ku-nu-/ti su-ma En-na-num KB ta-da-nam Ia i-mu-a-ku-nu-ti da-na-at-ku-nu qi-bira-,§u-wn su-ma um-ma En-na-num-ma a-na A-ta-a-ma a-di-in ,5£-bi-su li-iz-ku-ra-ku-/nu-ti-ma i-sa-ha-ti-su i-zi-za-ma [tup-p ]a-am sa .~i-birsu KA DINGIR [le-q ]e-a-nim lu-se-ti-qam x [x] KB sa En-na-nim is-te-ni-is ku-un-ka-ma a-pa-ni-a se-bi4-la-nim [a]-na A-la-hi-im qi-bi-ma a-hi a-ta .~u-ma rKB1 En-na-num Ia i-ta-ad-na-ku-nu-ti [x+] 1 ma-na KB i-ra-mi-ni-ka se-bi4-lam","To Enna-Suen and Ali-ahum from Pu- zur-Assur: I left Y2 mina 2 shekels of silver under my seal in Purushaddum with Ennanum son of Abiya. We met each other on the road, and I said: ""Give me the silver I gave to you."" He answered: ""I sent it to you with Ataya."" I seized Ataya here and said: ""The silver that Ennanum sent to me Let him produce witnesses that he gave it to me, then I shall pay you 1 Yz mina of silver!"" you the Yz mina 2 shekels of silver under my seal. If Ennanum refuses to pay you the sil- ver, then state to him your harsh condi- tions. If Ennanum says: ""I did give it to Ataya!"" then have him swear in his witnesses to you, assist him and take the tablet with his witnesses in the Gate of the God. Let him bring it overland to me. Seal x silver ofEnnanum's jointly and send it to me. To Ali-ahum: My dear brother, if En- nanum has not given the silver to you, send me x+ 1 mina of silver on your own!"
AKT 6c.pdf,a-na E-na-nim u A-lti-hi-im DUMU A-sur-dan,To Ennanum and Ali-ahum; seal ofPuzur-Assur son of Assur-dan
AKT 6c.pdf,a-na E-na-nim u A -la-hi-im qi-bi4-ma um-ma MAN -«SA»-A -sur-ma a-na E-na-nim qi-bi4-/ma 1/2 ma-na 2 GiN KB ku-nu-ki-a sa e-zi-ba-/ku-ni um-ma a-ta-ma KB a-na A-ta-a a-di-ma a-na ~e-ri-ka u-se-bi4-lu-nim a-na-kam A -ta-a a~-ba-at-ma um-ma a-na-ku-ma KB sa E-na-num u-.M-birld-ka-ni di-na-am um-ma su-ut-/ma mi-ma En-na-num KB Ia i-di-in a-na-/kam a-na A -ta-a da-ni-lti aq-bi4 tup-pa-am sa si-be-ka a-ma-kam hi-ri-im sa ki-ma KB A -ta-a tit-se-bi-/la-ni su-ma a-na A-ta-a la ta-di-/in KB a-na A -la-hi-im di-in,"To Ennanum and Ali-ahum from Puzur- Assur; specifically to Ennanum: About the 1/2 mina 2 shekels of silver under my seal that I left with you, you said: ""I gave the silver to Ataya and they sent it to you.'' 10 e. I seized Ataya here and said: rev. ""Give me the silver Ennanum sent with you."" He replied: ""Ennanum gave me no silver."" I spoke in strong terms to Ataya here. Certify your tablet there with your wit- nesses to prove that you sent the silver with Ataya. If you did not give it to Ataya, then give the silver to Ali-ahum."
AKT 6c.pdf,"a-na En-na-Su-in Lt A-la-hi-im qi-birma um-ma Puzur4-A-sur-ma 3 GIN KB 1/2 GIN KB 2/3 ag-ri a-gu5-ur-ma GEME i-na Wa-as-ha-ni-r a?/ -zi- 1ib-ma as-pu-ur-su-nu< -ti> -rna GEME lQ i-ta-ru-u-ni-si u a-tit-nu ta-as-ta-[pu-a-ma) a-na !a a-we-lim ta-as-ku-na-ni as-me-rna li-bi4 im-ta-ra-a~ i-na dUTU-si tup-pi ta-sa-me-a-ni KB lu 5 GiN ma-[la] I rta-le 1-/e-a-ni gu5-um-ra-ma GEME li-it-ru-ni-si KB ta-da-nam la a-le-le a-na-kam sa e-ba-ru-ti-a la a-di-si a-na En-na-/Su-in qi-bi4-ma lG ka-ta-ka-ma rx 1 a-kill5/6 ag-ra-am [x- ]ta-ka-rna e-gurra a-hi a-ta GEME li-it-ru-ni-lsi ha-d£ sa ur-di lG i-qa-be-u I. 22: Ia qa-ta-ka-ma, la-pi'-ta-ka-ma ... ??? Cf. perhaps line 24.","To Enna-Suen and Ali-ahum from Pu- zur-Assur: 3 shekels of silver - for 2 Yz shekels of silver I rented 2/3 of a hired man and I left the maid in W ashaniya, and I wrote to them but they do not bring her here. But as for you, you kept quiet and made me a non-gentleman. When I heard I was unhappy. The very day you hear my letter, spend some 5 shekels of silver, whatever you can, so they can bring the maid here. I cannot pay the silver.  By my friends!- I have not sold her here. To Enna-Suen: It is not your ... and he hired 5/6 hireling 25 e.  My dear brother, Let him bring the maid here. They should not speak about ... my slave."
AKT 6c.pdf,"a-na A-!G-hi-im qi-bi-ma um-ma PuzurrA-.§ur-ma as-pu-ra-ku : a-di : ma-la it si-ni-su um-ma a-na-ku-ma 5/6 ma-na 1 GIN KB A-di-da li-di-na-ku 1/2 ma-na Ma-nu-ba ma-na I GiN A-la-hu-um sa E Pa-na-ka KB i-di-nu-ni-ku Ia i-di-nu-ni-ku ti-ir-ta-ka ma-ti-ma : !a i-li-kam a-hi a-ta KB sa-(d-qi-i/5-§u-nu-ma u ti-ir-ta-ka li-li-kam 3 113 GIN KB A-sur-i-di DUMU A-mur-A-,5ur ha-bu-lam e-ri-.5u-ma pi-ri-ka-nam a-na am-tim sa-a-am : ti-sa-ha-am ~u-ba-sa : A -zu a-na /i-ta-ab-.5£-a lu-ub-lam mi-sal sa-ar-rdam 1 A-zu lu-ub-lam","To Ali-ahum from Puzur-Assur: I have written to you both once and twice saymg: ""Adida should give you 5/6 mina I shek- shekel of silver."" As to lf2 mina from Manuba, 1/3 mina 1 shekel from Ali-ahum ofPanaka's firm, no message ever came from you as to whether or not they gave it to you. Assur-id1 son of Amur-Assur owes me 3 1/3 shekels of silver; demand it from him, and buy a pirikannu for the maid. Azu should bring her tisabu-textile for my dress. Azu should bring half (a jar?) of olives."
AKT 6c.pdf,a-na En-na-nim u A-la-hi-im qi-bi4-ma urn-rna PuzurrA-.5itr-ma ma-na KB ku-nu-ki-la En-na-num na-si KB i-na ma-na-i-su As-du a-na E-na-/ah-DINGIR i-ta-si-a-ma fup-pa-am sa ku-nu-ki-/a li-di-na-ku-nu-ti ki-la-la-ku-nu-ma li-ti-a-su-ma ri-h{ u tit-ra-ma ku-un-ka-su-ma a-sar A-sitr-ni<-im>-ri e-ez-ba-su ki-ma KB ta-as-qu-lci-ni ma-ri-a-am tu-ur-da-/nim it ti-ir-ta-ak-/nu is-ti pa-ni-e-ma a-li-ki «nim» li-li-kam a-hu-u-a a-tit-nu ih-da mi-ma i-~e-ri-a ~f-ib-tum Ia i-la-qe a-na-kam a-na AN.NA .5a KB 1 ma-na tl-se-la-.fu-/um,"To Ennanum and Ali -ahum from Puzur- Assur: Ennanum brings 20 minas of silver under my seal. Asdu weighed he silver with his one- mina weight for Enah-ill so let him give you a tablet with my seal. Both of you should split (the envelope) ... and seal it again and leave it for rev. When you have weighed the silver send me the ... Also, send me word with the first trans- port. My dear brothers, take care so he does not take any interest from me. I shall realise every mina of silver on the I.e. tin here for him."
AKT 6c.pdf,"a-na A-la-hi-im it Da-am-qa-a qi-bi-ma um-ma MAN-A-sur-ma 1/2 ma-na KB Su-Su-in DUMU A-stlr-na-da DUMU Jr-nu-lid u-nu - 1 sa r-ma r-a-tt rx 1-[x X ]-a KB is-ti [Su-Stl- ]in r il5-qe1 [is]-qu-la-su-nu-ti [x x t]a r li 1-di-na-/ku-nu-ti [x m ]a-na 1 GiN [K]B? A-di-da : li-di-na-/ku-nu-ti [mi-m ]a KB a-nim [A-lei- ]hu-um li-i/5-qe-/e [x ma- ]na AN.NA rrP-ku: ub-la-kum mi-su ti-ir-ta-ka ki-a-ma !a i-/a-kam a-na Da-am-qa-a qi-bi4-ma happen next, except that Ali-ahum is supposed to get the money.","To Ali-ahum and Damqaya from Puzur- Assur: 112 mina of silver (belonging to) Su- Suen son of Assur-nada, (grand)son of Irnuid, ... has received the silver from Su-Suen under the seal of my represen- tative. ... he paid to them ... he should give to you. x mina 1 shekel of silver Adida should give to you. Ali-ahum should receive all this silver. Uku brought you x minas of tin. Why has word concerning this not come here from you? To Damqaya:"
AKT 6c.pdf,a-na A-la-hi-im DUMU Sal-m[a-A-sur] it Zu-ku-a,To Ali-ahum son of Salim-Assur and Zukuwa; seal of Puzur-Assur son of Assur-dan.
AKT 6c.pdf,a-na A-la-hi-im u Zu-ku-a qi-hi-ma um-ma Puzur4-A-sur-ma ma-na AN .NA En-nam-A-sur a-mi-.~a-am uh-lam a-hu-a a-tit-1m . ~u-ma AN.NA i-di-na-ku-nu-lti AN.NA ku-un-ka-ma se-bi-lci-nim .su-ma KB qa-di AN .NA i-di-na-ku-nu-ttic si-ma-am sa ba-la-ti-a sa-ma-ma is-ti a-li-ki pa-ni-ti-ti-ma se-bi-la-nim .§u-ma Dam-qa-a a-na A -limki ha-ra-su ma-na KB di-na-su-ma rki1-ma a-na-ku AN .NA [a- ]ma-kam u-se-li-ZA-ku-lni su-ut AN .NA sal-ma-am lu-se-li-am,"To Ali-ahum and Zukuwa from Puzur- Assur: Ennam-Assur brought 13 minas of tin there. My dear brothers, if he has given you the tin, then seal the tin and send it here . for me and send it here with the very first travellers. IfDamqaya is on his way to the City, then give him a mina of silver, and just as I brought up tin for him, he too should bring up tin without deductions for me."
AKT 6c.pdf,"a-na [ ... it] A-la-h[i-im qi-bi-ma] um-ma Puzurr[A-sitr-ma] su-ma u-[ku J DUMU !$i-lu-l[u a-ma-kam] wa-sa-ab : [ ... ] {ur4-da-n[i-.§u] ka-la u [ ... J KB 10 GIN[ ... ] we-da-ku [ ... ] a-da-a-ni [ ... ] a-na En-n[a-nim] pu-nu-a a da [ ... ] [a ]-na !fe-ri-a [ ... ] tu[r-d]a-ni-m[a J KB 1 GIN i/5-qe four letters from Puzur-Assur, nos. 566, 567, 585 and 586.","To ... and Ali-ahum from Puzur- Assur: If Uku son of ~iliilu lives there, send him. at least 10 shekels of silver ... I am alone .. . to judges .. . Approach Ennanum send ... to me, for he received every shekel of silver."
AKT 6c.pdf,"a-na A-di-da u A -IG-hi-im qi-bi-ma um-ma Puzur4-A-.§ur-ma a-na 5/6 ma-na LA 1 GiN KB .§a li-bi4-ka a-na A -!a-hi-im di-in 1/2 ma-na KB Su-Su-in ha-bu-lam sa- as-qz-1 5 -ma a- n a [e-l]i-tam r a-na 1 Ma-nu-ba e-zi-ib li-i[s]< -qu> -lei-ku-ma e-li-tit-,§u wa-se-/er 1/2 ma-na KB Su-Su-in is-qu-ul-ma e-li-tit-su u-se-er u na-aJ-pe-er-ti Su-Su-in u-ta-e-/ra-am a-ma-kam 1/2 ma-na KB Ma-nu-ba1 li-is-qu-1/a-ku-nu-ti","To Adida and Ali-ahum from Puzur- Assur: As to the 5/6 minas less 1 shekel of sil- ver which is in your possession, give (that) to Ali-ahum. Su-Suen owes me Yz mina of silver; make him pay and to ... . .. I left with Manuba. Su-Suen paid Yz mina of silver and he released his extra payment(?). me. there."
AKT 6c.pdf,[x X X X X X] rA 1-ki-df-e [ku-nu Y -ki1-a 1 ANSE !fa-la-ma-am Sa-lim-be-li u A-sur-pi-la-ah na-as-u-ni-ku-nu-ti 15 GIN KB ku-ta-nam a-di-su-nu[-ti] rKB 1 si-im ANSE a-ha-ma 6 GIN KB Puzur-Assur li-im-nu-u-ni-ku-nu-ti-ma u TUG sa E A-lci-hi-im e-zi-bu-ni a-na U-ku pi-iq-da-ma a-na Dur4-hu-mi-it a-na ~-e-ri-a lu-ub-lam ma-na AN.NA ku-nu-ki-a U-ku na-as-a-ku-nu-ti a-ma-kam su-ma : ANSE i-ha-sa-ah u sa-hi-ir-tam sa-maJ su 1-um ANSE ~·a-la-ma-UM u u-nu-ut AN~iE a-si-ni [(x)] rsu 1 u .h-na pa-li-li sa Sa-lim-lbe-li u A-sur-pi-la-ah i-ra-di-u-lni-ku-nu-ti-ni a-na U-ku di-na-ma TUG li-is-lri-dam [x x] na-ru-qa-tim u rL5- 1ri-im: di-in [ ... a-na] N a-hu-ur tur 4-da- r ni-su 1 [ ... ] na-ap-ri-s i a-ma-kam [ ... ] r x 1 fu-ub-lam a-ga-da-tim [ ... ]-na-as-a-kum,"... x Akkadian textiles under my seal, 1 black donkey, this Salim-beli and Assur-pilah bring to you (plural). I gave them 15 shekels of silver, the price of a donkey; further, 6 shekels of silver (and) a kutiinum. They have been under my seal for you, and then entrust the textiles that I left in Ali-ahum's house to Uku and have him bring them to me in Durhumit. rev. Uku brings you 4 minas of tin under my seal.  If he wants a donkey there, buy him a donkey. Also, buy him small goods. Give Uku a black donkey plus the don- key's harness ... plus 2 palilus that Salim-bell and Assur-pilah lead to you and have him pack the textiles. give ... sacks ... I.e. . .. send him to N ahur ... ... my chisel ... let him bring there he brings to you."
AKT 6c.pdf,<u> U-ku-u qi-birma zur-Assur: um-ma PuzurrA-.~ur-ma a-na-kam sa li-bi4-ni rpcJl-zu-ur-tit-.~u u I GIN KB 1/3 ma-na 1 GIN KB .~a-bu-u IGI DINGIR-pi-la-ah su-ma a-ma-kam wa-at-ra-am e-ri-i.~-r ma 1 lu-.~a-zi-za-/ku-nu-ti-ma u ra-ki-sa-su-ma a-na U-ku-u qi-bi4-ma <um-ma> [Puz ]ur4-A-.~ur-ma la-a aq-bi4-a-ku-um um-ma a-na-ku-ma u-me-e : Ia ta-sa-hu-ra-/am sa-hi-ar-ti : na-ap-ra-/is u ma-as-ki sa-pa-ti-a Ia te-zi-ba-am a-ma-kam su-ma a-li-ku-um ka-lt-t 3 GiN KB a-na ma-~a-ra-ti-im di-na-rna U-[ ku ]-u tu-ur-da-ni- rim 1,"Here he has been paid 1/3 mina 1 shekel  of silver from what we had available, his smuggled goods plus 1 shekel of silver. Witnessed by lli-pilah. If he asks for more there, then let him appoint a stand-in for you and bind him over. To Uku from Puzur-Assur: Have I not told you as follows: 'Do not delay by two days. You did not leave me my small goods, a chisel and my woollen fleeces.' If the traveling party is detained there, then give 3 shekels of silver to the guards and send Uku to me. Puzur-Assur"
AKT 6c.pdf,"a-na A -di-da A -la-hi-im it U-ku-u qi-bi4-ma um-ma Puzur4-A-sur-ma i-na 21 ~·u-ba-ti sa li-birni ub-la-ni !fU-ba-ta-am sa A-[ k ]i-di-i a-na !Star-la-ma-sf a-sa-at A-la-hi-im di-na ma-na AN.NA-ku-um ku-nu-ki-a U-ku-[u] na-as-a-ku-nu-ti AN.NA-rkam 1 a-na !U-mi-im di-na-ma su-ma e-ma-ra-am ih-ta-sa-ah ,§a-ma-su-r um 1 !fLt-ba-tf-sa Sa r fi 1-bi4-ni ub-la-ni 13 .yu-ba-ti sa e-zi-bu-u ku-nu-ki-a a-na U-ku-[u] di-na-ma lu-ub-la-[am] i-na 4 ma-na AN.NA-ki-im sa U-ku-u ub-la-ni e-ma-ra-am sa-ma-ma-a si-ta rx x 1-am me-nu-ni-a-ni sa r Ma 1-ma-a U-ku-u a-na Dur 4-hu-mi-it lu-ub-lam 3 1/6 GiN KB A-sur-i-di DUMU A-mur-A-sur 1/3 GIN KB sa-pa-ar-tim sa A-da-da a-sa e-zi-bu-lu GIN Wa-al-di-lu-um mi-ma a-ni-im a-na r qa1-ti-su di-na-su-um","To Adida, Ali-ahum and Uku from Pu- zur-Assur: Of the 21 textiles in our possession that he brought give 1 Akkadian textile to Istar-lamassi, Ali-ahum's wife. Uku brings you 4 minas of tin under my seal. Sell the tin and buy him a donkey if he has asked for one. he brought, the 13 textiles that they left, give them to Uku under my seal so he may bring them. Buy a donkey with the 4 minas of tin that Uku brought and let Uku bring two ... menunianus from Mamma to Durhumit. 3 1/6 shekels of silver: Assur-idf son of Amur-Assur;  2 113 shekels of silver, Adada's security for what they left;  2 shekels: Waldi-ilum- give him all this."
AKT 6c.pdf,"a-na A-/6-hi-im qi-hirma um-ma Puzur .rA -.~ur-ma 1/2 ma-na KB a-na pa-ni-a .S:a a-hu-zu-ma tu-se-bi4-/6-ni ma-na KB ku-nu-ki-a En-na-nurn roUMU Ku 1-zi-a ub-16-ku-um a-hi a-ta na-cis-pe-ra-tim sa A-/imki ,~a En-na-num ub-16-ku-ni i-hi-id-ma a-ha-ti-qi-im pa-ni-;,n-ma di-in-ma lu-ub-lu is-ti wa-[,~ ]f-im p6-ni-im-ma lu-.yi-am ply or perhaps simply forward the messages to Puzur-Assur.","To Ali-ahum from Puzur-Assur: h min a of silver that I acquired for my- self(?) and you sent to me, Y2 mina of silver under my seal Ennanum son of Kuziya brought to you. My dear brother, pay attention to the missives from the City that Ennanum brought to you, and give it (an answer?) to the very first express transport so they may bring it. He should leave with the first travellers to depart."
AKT 6c.pdf,a-na A-/6-hi-im qi-birma um-ma MAN-A-.~ur-ma GIN KB Ku-lu-ma-a : li-di-na-ku-/um GIN AN.NA Su-Be-litm DUMU Ku-ta-a li-di-na-ku-lum GIN KB z/2 GIN AN./NA Su-Sit-in DUB.SAR li-di-na-kum Lcl-qe-ep DUMU MAN-SA.TU li-di-na-kum sa I GIN KB .S:e-m!-en .S:a si-ni-i.S:-tim sa 1 GIN sa .~it-uh-lri-im .~a-ma-ma .M-birlam se-ne-en : a-na se-pi-a .M-birlam . S:i-ti: KB .S:e-birlam 1 TUG SIGs Ku-lu-ma-a na-a.S:-a- r kum 1 .S:i-im-su se-birlam,"To Ali-ahum from Puzur-Assur: Kulumaya should give you 7 shekels of silver; Su-Belum son ofKutaya should give you 12 shekels of tin; Su-Sucn, the scribe, should give you 1 shekel of silver and 2 shekels of tin; I 0 r. Ui-qep son ofPuzur-sadii'e should give you 19 shekels of silver. Buy for 1 shekel of silver women's shoes, for 1 shekel shoes for children and send them. Send me shoes for my own feet. Send the rest ofthe silver . 20 e. Kulumaya brings you 1 fine textile; send me the proceeds from it."
AKT 6c.pdf,a-na A-la-hi-im [DUMU Sal]-ma-A-§ur Unopened envelope; carries imprints of Puzur-Assur's seal in Syrian style.,To Ali-ahum son of Salim-Assur; seal ofPuzur-Assur son of Assur-dan.
AKT 6c.pdf,"[a-na]A-la-hi-im DUMU [Sal-ma-A -§ur] DUMU A-,~ur-dan","To Ali-ahum son of [Salim-Assur], seal ofPuzur-Assur son of Assur-dan."
AKT 6c.pdf,a-na A-la-[hi-im] DUMU Sa-lim-[A-sur] DUMU rA 1[-.§ur-Yi 1[-di],To Ali-ahum son of Salim-Assur; seal of Zukuwa son of Assur-id1
AKT 6c.pdf,a-na PuzurrA-na A-IG-hi-im it Ma-nu-ki-A -fur a-na A-la-hi-im qi-bi-ma um-ma Zu-ku-a-ma ta-as-pu-ra-am um-ma a-ta-ma [KB] .§a li-bi-lka se-bi-lam 1 ma-na 1 LA l/4 GIN KB sA.BA 1/2 GIN KB a-na qa-ti 1-li-as-ra-ni a-di-in ku-nu-ki-a : A-la-hu-um DUMU A-sur-ba-ni na-as-a-kum : 1 ta-ma-la-kam sA.BA 1 2/3 ma-na ka-rsa 1-tum sa KB u 5 112 GIN i-1/u-u sa KU.KI mi-ma a-nim ku-nu-ki-a: a-na na-ab-si-e-em e-zi-ba-kum a-.~a-me-ma [a ]-na A -limk; ha-ra-ka i-na u4-mi-im sa a-na A -limki ta-ta-lu-ku ta-ma-la-ka-am ku-nu-ki-a su-ma Ma-nu-ki-A-sitr sa-he-er a-.§ar .~u-a-ti e-zi-ba su-ma Ma-nu-ki-A-.§itr Ia sa-he-er a-sar ta-da-ga-lil-ni-ma DUMU um-me<-a>-nim ke-nim lil sa sa-ha-/tim wa-as-bu ta-ma-la-ka-am ku-nu-ki-a pi-iq-da a-hu-u-a a-tit-nu i-na urmi-im sa a-.§ar ta-ma-la-ka-am ku-nu-ki-a te-zi-ba-ni ti-ir-ta-ku-nu li-li-kam-ma ziz-ni pe-te-a a-na A-la-hi-im qi-bi-ma ~·u-ba-tam sa tit-se-bi-lil-ni a-di ma-la u si-ni-su u-ka-li-tm is-tit si-im-su ba-at-qam u-ka-lu-tl !fU-ba-tam i-na ku-nu-ki-ka-ma 1-ti-as-ra-ni .~u-ha-ar-ka na-as-a-ku-um,"To Puzur-Anna, Ali-ahum and Mannum- kT-Assur; specifically to Ali-ahum from Zukuwa: You have written, saying: ""Send me the silver in your possession."" 1 mina less 'l4. shekel of silver, ofwhieh I gave Yz shekel silver to IIT-asrannl's ex- penses, Ali-ahum son of Assur-bani brings to you under my seal. 1 container in which there was 1 2/3 mi- na, cups of silver plus 5 Yz shekels, the golden gods, all this 1 entrusted to you for safe-keeping under my seal. 15 e.  I hear that you are going to the City. The very day you depart you must leave rev. the container under my seal with Man- num-ki-Assur- if he is delayed; if Man- num-kl-Assur is not delayed, then entrust the container under my seal where you observe there lives an affiliated trader who is reliable and not to be nervous about. My dear brothers, the same day send me word about where you have left the con- tainer under my seal and inform me. To Ali-ahum: I have shown the textile you sent me once or twice. Since they otTer a low price, 11I-asrann1 your servant brings you the textile, still under your seal. I.e."
AKT 6c.pdf,a-na A-16-hi-im A-ni-n[a] u A-sur-rna-<lik> qf-bi-ma um-ma Zu-ku-a-ma : a-di ma-la tl si-ni-.S:u : tf-ir-tf i-li-ka-lku-nu-tl u tf-ir-ta-ak-nu mi-ma tl-la i-«la-»li-kam: a-hu-<a> a-tit-nu mi-su : a-ti-ir-tf-a la ta-na-hi-da tup-pa-am ha-ar-ma-am sa 12 ma-na KB u ~·i-ba-tf-.S:u e-zi-lba-ku-nu-ti sa hu-bu-ul l-di-A-I.htr DUMU Dan-A-.§ur i-ma-ah-ri-la-ma u-mthS:U 20 ha-am-sa-tum e-ti-qu KB lJ .ri-ba-Sll ik-ri-bu sa A -.S:ur KB tl .yi-ba-su ma-la a-wi-lum LS:-qu-la-ku-nu-ti-lni ti-ir-ta-ak-nu l i-f i-kam-/ma uz-ni pe-te-a u a-di : ti-ir-ti i-la-ka-ni : KB li-ib-.S:i u su-ma KB Ia .S:a-qf-i/5 ti-ir-ta-ak-nu a-na Wa-ah-.S:u-.S:a-na li-[li-kam-ma] tlz-ni pi-te-a u tup-pi sa nu-a-e sa e-la-nu e-zi-ba-ku-nu-ti<-ni> i-hi-da-ma KB sa-as-qi-la-1.5u-nu-ma KB li-VH-ri ar-hi-is ti-ir-ta-ak-nu li-li-kam,"To Ali-ahum, Annina and Assur-malik from Zukuwa: Once or twice I have sent word to you but you have not answered at all. My dear brothers, why do you not pay attention to my instructions? I left a certified tablet concerning 12 minas of silver and its interest with you The silver and its interest is a votive offering to Assur. Send me word about how much silver and interest the man has paid to you and infonn me. Also, until my instructions arrive the silver should remain. And if the silver has not been paid, send me word in Wahsusana and inform me. Further, as to the tablets concerning Anatolians that I left with you, take care I.e. to have them pay the silver and let the silver ... Send me word quickly."
AKT 6c.pdf,a-na A-hi-hi-im qi-bi-ma um-ma Zu-ku-a-ma ma-na KB I-di-A-sur ha-bu-lam tup-pu-su ha-ar-ma-am e-zi-ba-ku-nu-ti L~-tu zl-mu-su im-lu-u-ni i-na ma-ah-ri-a 22 ha-am-sa-tum u-mu-.~u e-ti-qu KB u .~i-ba-su ik-ri-bu .~a A-sur KB i-.~i-qi-i/5 lit i-.f£-qi-i/5 ti-ir-ta-ku-nu a-na Wa-ah-su-.~a-na li-li-kam su-ma KB u ~-i-ba-su i-H-qi-i/5 ma-la KB i-si-iq-lu tlz-ni pe-te tup-pi sa nu-a-e Puzur4-A-sur ti-ir-ti i-la-ak-su-um URUDU ma-la e-pu-su-ni is-ti-a-rna a-na Pu-ru-us-ha-dim i~-c~e-ra-/ab-su su-ma Puzur4-A-sur mi-ma is-pu-ra-kurn na-pa-al-ltit-su su-up-ra-ma ilZ-ni pe-te u su-rna a-na ANSE is-tap-ra-kurn e-rna-ri it [x x] se-bi-ils-su-um a-hi a-ta a-na ti-ir-ti-a i-hi-id (up-fpa-arn] ma-tr-ma a tu-se-,"To Ali-ahum from Zukuwa: Iddin-Assur owes me 12 minas of sil- ver; I left the certified tablet with you. After his loan came due his terms have become overdue for me by 22 weeks. Send me word to W ahsusana as to whether the silver and its interest- vo- 1 0  tive offerings for Assur- has been paid If the silver and its interest has been rev. paid, inform me about how much silver has been paid. As to the tablets concerning Anatolians Assur, my instructions will go to him. What copper I shall make I shall bring into Purushaddum with me. IfPuzur-Assur has written anything to you, send me his answer to inform me. Also, if he has written to you about My dear brother, pay attention to my instructions. Do not ever send the tab- let."
AKT 6c.pdf,"a-na A-la-hi-irn r qi-bi 1-lma r urn 1-ma Zu-ku-a-ma a-hi a<-ta> eb-ri a-ta u a-ta ki-ma a-hi-it-/tim uz-ni Ia ta-pa-te e ta-aq-bi urn-rna a-ta-ma sa-zu-itz-tam is-ti-a u-sa-zi-iz ki-ma a-na ku-a-ti ta-ak-la-ku-ni a-na a-mi-u-tim a-ta-ka-a! r ki-ma 1 a-na-ku a-na ti-ir-ti-ka na-hi-da-ku-ni it I a-ta a-na ti-ir-ti-a Ia ta-r hi-id1 [ ... ] [a- ]di ha-am-s i-!5u ti-ir-ti r i-li-ka-kum l tup-pu-um sa 12 ma-na rx x x x x-ba-tim 1 rx1 [x] ra-na-ku we-da-ku 1 [x x x] ri-di1 [ ... ] sa-6.5-qi-i/5 ki-ma rup-pa-am ta-as-me-u KB sa-qi-i/5 la ,§a-qi-i/5 ti-ir-ta-ka a-na Wa-ah-.5u-!5a-na [l]i-li-kam-ma si-ma-am rsu 1-qu-ul a-na-ku-ma it clear that he prefers to deal with Ali-ahum.","To Ali-ahum from Zukuwa: Although you are my brother and friend, as if we were strangers you do not inform me. Do not say to yourself: ""He has appointed an agent (to function) together with me."" Do I trust those others the way I trust in Although I personally pay attention to your instructions, you have not paid at- tention to my instructions. My instructions have come to you five times! The tablet concerning 12 minas of silver ... I am alone. ... have ... paid. As you hear the letter send me word to Wahsusana whether or not the silver is paid, and pay the goods. I personally ..."
AKT 6c.pdf,a-na A -la-hi-im r A -ni-na 1 ll rA-.§ur-ma 1-lik um-ma Zu-ku[-a-ma] Be-lum-ba-ni [a-n ]a a-[x- ]ka sa ki-ma r i-a-ti1 u-bi-i/5 Ma-nu-ki-A-sur u-bi-i/5 SUNIGIN 1 me-at r141 TUG pi-ri-rka 1-nu a-ha-ma sa-al-tum rKB1 i-li-bi Be-lum-ba-ni nu-ma-na 8 GiN K[B] r101 GIN KB 2 t[a X x] rx 1 KB-pi-a 5/6 ma-n[a ... ] usa 10 ma-na zi-ru[-x (x)] i-ma-qa-at Be-tum-ba-ni si-im r ~u 1-ba-ti-a u KB sa a-ma-la me-hi-ri-a sa-as-qi-la a-ma-!Ct si-im .~it-ba-t f-a i-ka-na-ku-nu} -ti ti-ir-ta-ak-nu li-li-/kam a-hu-a <a-> tit-nu : a-ti-ir-ti i-hi-/da sa-as-hi-ta-a su-ma 112 GIN T A ra-ak-ba-am sa-as-ki-/na-su Be-lum-ba-ni i-li-kam la i-li-/kam ti-ir-ta-ak-nu li-li-kam tup-pe-e sa nu-a-e sa e-la-/nu e-zi-ba-ku-nu-ti-ni KB sa-as-qi-la-su-nu-ma it A-IG-hu-r um 1 li-il5-qe a-na A-la-hi-im qi-bPma 1 1/3 ma-na 7 GIN KB e-zi-ba-lku-um u 10 GiN KB i-ra-ma-ti-ka ra-ldi-ma 1/2 ma-na 7 GIN KB-ap-su 1-di-A -sur sa-bi-i-su lG te-zi-ib-su,"To Ali-ahum, Annina and Assur-malik from Zukuwa: Belum-bani brought 73 pirikannu- textiles to ... , my representative; to my representatives- Further, we shall count the available goods in silver as owed by Belum-bani. and worth 10 minas of ... At Belum-bani's arrival have the pro- ceeds from my textiles paid and the sil- ver corresponding to (what I agreed). Send me word about how much he seals for you as proceeds from my textiles. My dear brothers, pay attention to my instructions. Have (everything) cleared!  If it is 12 shekel each, make him set it on a rider. Send me word whether Belum- bani has come or not. As to the tablets concerning Anatolians that I also left with you, make them pay the silver, and then let Ali-ahum take it. To Ali-ahum: I left you 1/3 mina 7 shekels of silver; so, add 10 shekels of silver of your own so it is 12 mina 7 shekels silver. As to Iddin-Assur, satisfy him! Do not leave him."
AKT 6c.pdf,"a-na A-la-hi-im Be-lum-ba-lni A-ni-na ii A-sur-ma-lik qi-bi-ma um-ma Zu-ku-a-ma ma-na 7 GIN KB e-zi-ba-lku-nu-ti um-ma <a> -na-ku-ma 10 112 GIN KB A -la-hu-um lu-ra-di-lma 1/2 ma-na 7 112 GIN KB a-na 1-di-A-sur su-uq-[la] ta-as-pu-ra-nim um-ma a-tu-lnu-ma KB a-na 1-di-A-,§ur nu-ka-i-i/5-ma 16-qa-r am 1 Ia i-mu-a is-tit urmi-im sa tit-ka-i-la-Ju-ni ta-ah-si-is-tam i-da ha-mu-us-tam u ITI.1.KAM wa-di-a 1/3 ma-na 7 GIN KB sa r e 1-zi-ba-ku-nu-ti-/ni a-na I-di-A-sur .5u-uq-ta u ma-lci ta-as-ta-aq-la-/ni KB r a-na 1 A -la-hi-im a-di ti-ir-ti i-la-ka-ni li-[ di-in] a-hu-a-tit-nu a-di ma-la u si-lni-su ti-ir-ti i-li-ka-ku-nu-ti-ma a-ti-ir-ti-a ih-da {up-pi sa nu-a-e sa e-la-nu e<-zi>-ba-ku-nu-ti-ni Be-lum-ba-ni i-sa-ha-tf-ku-nu li-lzi-iz-ma ih-da-ma KB a-wi-li sa-as-qi-la .5a-tum .5a-na-at rna- a nu-a-e tu-sa-as- qa - a-m a-na Be-lum-ba-ni di-na","To Ali-ahum, Belum-bani, Annina and Assur-malik from Zukuwa: I left you 1/3 mina 7 shekels of silver, and I said: ""Let Ali-ahum add 10 Y2 shekels of silver and pay Y2 mina 7 Y2 shekels of silver to Iddin-Assur."" You then wrote and said: ""We offered the silver to Iddin-Assur, but he would not take it"" Note on a memorandum the day when Pay the 1/3 mina 7 shekels of silver that I left with you to Iddin-Assur. Also, what you have paid, let him give  the silver to Ali-ahum until my instruc- tions arrive. My dear brothers, I sent word to you once or twice, so do pay attention to my instructions. As to the tablets concerning Anatolians that I also left with you, have  Belum-bani assist you and take care to have the men pay the silver. A year has gone by. The silver you make the Anatolians pay,  give that to Belum-bani."
AKT 6c.pdf,"a-na A-la-hi<-im> qi-bi-ma um-ma Zu-ku-a-ma : la-ma a-li-ka-ni AN.NA-ka : ta-df-in : su-qu-ul-lti AN.NA-ki-ka 1? GU 30 ma-na r 1/21 ma-na mu-((i-e L~Jku 1-nu sa ki-ma ku-a-tf : a.S:-a-al-ma um-ma a-na<-ku>-ma ke-e AN.NA ta-di-na-.S:u : um-ma .ht-nu-ma LA 22 1/2 SE GJN.TA: ta-di-in KB-ap-su : .ya-ba-at-ma 1/3 ma-na 2 GiN .S:i-ti an-ni-lki-ka la-ma a-li-ka-ni KB ta-as-qu-ul is-tit u4-mi-im . S:a a-li-ka-ni KB u-<.S:a>-as-qi-i/5-ma : KB i-ku-nu-lki-ni i-ba-.S:i : ki-ma : i-na a-li-ki DUMU um-me-a-nim .S:a KB 10 ma-na na-as-[u] la-su-ma : a-.S:i-a-ti KB ni-ik-10 li-ba-ka mi-ma ld t£1-la-ma-an KB na-df : a-di: 5 u4-me-e Su-Hu-lbur wa-.~a-a-am : qa-bi : i.S:-ti Su-Hu-bur KB-ap-ka nu-.S:e-ba-/d-kum : i-na sa (up-pi-.S:u ha-ar-mi-im Su-ku-tclm : 4 ma-na KB u-sa-as-qt- 1 5-su- ma SUNIGIN KB-p[i-ka x] lu sf-im AN.NA [x x x x x w ]e-du-um [x x x x x .qa Su-ki-tim i.S:-te-ni-i.S: 15 ma-na 11 I GTN KB ku-nu-ki-ni Su-Hu-bur ti-ba-10-/kum lu ,S:i-im AN.NA 8 ma-na u .S:i-li-ip-kiJ im? 1 .S:a 1-lf-[a.S:-ra-ni] ub-la-ni GiN «.S:aJ> a-na Su-ki-tim ta-di-in lu AN.NA lu sa .5:!-/i-ip-ki-im lu .S:a nu-za-ka-ma Ha-nu ni-ta-ra-dam","To Ali-ahum from Zukuwa: Before I came your tin was sold.  The weight of your tin was 1 talent 30 Zukuwa minas; Yz mina they established as losses. I questioned your representatives, saying: ''How did you sell the tin?'' They answered: ""It was sold at the rate 8 (shekels) minus 22 1h grains. Seize the silver and 11 113 minas 2 shekels was the rest of your tin."" Before I arrived you had not (been) paid the silver; the day I arived I had the silver paid and the silver is under our seals . Since there is no affiliated trader among the travellers who can be responsible for some 10 minas of silver, for that reason rev. we held the silver back. Do not get an- gry. The silver is ready. Within 5 days Su-Hubur has promised to leave. We shall send you your silver with Su-Hubur. I made Sukkutum pay 4 minas of silver from what was in his certified tablet Total ofyour silver, both from the pro- ceeds from the tin ... from Sukkutum; in all Su-Hubur will bring you 15 minas 11 shekels of silver under our seals, also the proceeds from 8 minas oftin, from the silipki 'u that 111-asrannl brought; 7 shekels were given to Sukkutum -·-both I.e. the tin and that from the .S:ilipki 'u and from his tablet, and from the proceeds of"
AKT 6c.pdf,"a-na A-la-hi-im qi-hi-ma um-ma Zu-ku-a-ma .~i-im an-ni-lki-ka a-di a-na-ku a-na Sa-lci-tzl-[wa-ar] e-ru-hu rKB1 lei i-.H-qi-i/5 i,5-tit u4-mi-im .§a e-ru-hu KB u-sa-as-qi-i/5 11 ma-na 12 GIN KB e-zi-ih sa-du-e-ti-im si-im AN.NA-ki-ka iz-ku-wa-ku ti !ti-ma a-li-ka-ni AN.NA ta-/di-in 1-ku-pi-a : 6,5-a-al-ma um-ma su-ut-ma 8 GiN LA 22 I /2 SE. T A [ta- ]di-in ll ma-na 12 GIN KB [AN.NA]-ki-ka: Ma-ma-hi-ir 1-ku-pi-/a [a-n ]a Su-ki-tim [i-di-nu-ma] DUMU Sa/-ma-diM [ na-a,~-a ]-kum i-na [.~a (up-p ]i-su 4 ma-na KB su-ka-tam u-sa-al•-q i-ils-!.<;u ku-nu-ki sa Su-ki-tim Su-Hu-hur na-ti~-a-kum roAN-lam5 l cr-.~u-mi Su-ki-tim [a- ]di Ka-ni-ii; e-ti-qam [SUNIGIN] KB-pi-ka lu /H-im AN.NA [lu] sa Su-ki-tim ma-[n]a 12 GiN KB Su-Hu-/hur na-ti~-a-kum r.~i-ti KB-pi-ka ma-na ,~a li-bi Su-ki-tim I KB-ka KB a-na si-a-ma-tim ,~u-ut /zj ma ti LS:-ti Su-Hu-hur is-ku-nu-ni a-ma-kam i-li-hi-ka rx 1 /lei u i- KB-pi-,~u-nu a,~-ha-at-ma KB su-ta-bi 8 ma-na AN.NA ku-nu-k[i] it si-li-ip-ka-am sa 1-li-(i~-[ra-ni] [ uh ]-/a-ni a-nama-lit ti-ir-ti-ka Su-ki-tim AN.NA u ·F·I-ba-tam a-di-in","To Ali-ahum from Zukuwa: As to the price for your tin, before I ar- rived at Salatuwar the silver was not paid. The day I arrived I had the silver paid. 11 minas 12 shekels of silver apart from the transport tariff was cleared for you as the proceeds from your tin, but before I came the tin was sold. I questioned IkGn- piya and he said: ""It was sold at the rate 8 shekels minus 22 y; grains."" 11 minas 12 shekels of silver (the price of) your brings it to you. 1 made Sukkutum pay 4 minas of silver from what is in his tablet. Su-Hubur brings that under Sukkutum's seal. The silver(?) should pass overland in the name of Sukkutum to Kanesh. Total of your silver, both the proceeds from the tin and that from Sukkutum, 15 minas 12 shekels of silver, Su-Hubur brings to you. The rest of your silver, 2 minas owed by Sukkutum- is your sil- ver. Silver for purchases he and ... set down with Su-Hubur. There in your possession ... I seized it from their silver so satisfy yourself with the silver. As to the 8 minas of sealed tin and the silipki 'u that Ili-asranni brought, in ac- cordance with your instructions I have sold the tin and the textile to(?) Sukku- tum."
AKT 6c.pdf,"a-na A-la-hi-im qi-bi-ma um-ma 1-ku-pi-a u Zu-ku-a GU 30 ma-na AN.NA-ka ub-lu-ni u-sa-ni-iq-su-ma 1/2 ma-na im-ti 1/2 ma-na AN.NA i-Wa-ah-su-sa-na i/5-qe-it 7 2/3 GiN 7 112 SE.T A ta-di-in KB-ap-su il1/3 ma-na 2 1/2 GIN sA.BA GIN KB a-na sa ma-e-im ni-di-in 11 ma-na 12 1/2 GiN KB ku-nu-ki-ni Su-Hu-bur na-as-a-kum pi-ri-ka-ni-ka Ha-[nu] ub-lam : z.l a-na a-la-ni u-se-~i-su-nu si-im-su-nu Ha-nu ub-ba-ld-kum i-na sa tup-pi-,~u sa Su-ki-tim ma-na KB nu-sa-as-qi-i/5 ku-nu-ki-su : Su-Hu-bur-ma na-as-a-kum GANA-lam 5 a-su-mi Su-ki-tim-ma e-ti-iq si-ti KB-pi-ka .fa li-bi Su-ki-tim nu-sa-a.f-qa-al-l..fu-ma is-ti H-im pi-ri-ka-ni-ka nu-se-ba-lci-kum a-na A-la-hi-im qi-bi-ma um-ma Zu-ku-a-ma mi-.fu .fa a-di 5 ha-am-.fi-.§u as-pu-ra-ni-lma LlZ-ni Ja ta-pa-tf a-hi a-ta uz-ni [p ]t?-te KB sa 1-di-A-sur fha 1-bu<-hi>-ni sa-qi-i/5 Ia sa-qi-i/5 ti-ir-ta-ka li-li-kam-ma I. 10: the translation of sa ma-e-em suggested by V eenhof.","To Ali-ahum from IkCin-piya and Zu- kuwa: They brought your tin, 1 talent 30 minas. We checked it and Y2 mina was missing. They took Yz mina tin in Wahsusana. It was sold at the rate 7 2/3 shekels 7 Yz grains; in silver: 11 1/3 minas 2 Yz shek- els.  Of that we gave 10 shekels of silver for the 'water-man'. Su-Hubur brings 11 minas 12 Y2 shekels Hanu brought 24 pirikannus and he led them out into the villages. Hanu will bring you the proceeds from them. We made Sukkutum pay 4 minas of sil- ver out of what was in his tablet; Su- Hubur brings it to you under his seal. It passes overland in the name of. Sukkutum as welL We shall make Sukkutum pay the rest of your silver owed by him and send it to 25 e.  you with the proceeds from your piri- kannus. To Ali-ahum from Zukuwa: I.e. Why is it that I have written five times but you do not inform me? My dear bro- ther, inform me! Send me word whether the silver owed by Iddin-Assur has been paid or not."
AKT 6c.pdf,[a-na A]-la-hi-im DUMU Sal-ma-A-sur [A-ni-n]a DUMU Puzur4-A-na ru A-sur 1-ma-lik DUMU A-la-hi-im a-na a-wa-at tup-pi-im ih-da,"To Ali-ahum son of Salim-Assur, Annina son ofPuzur-Anna and Assur-malik son  of Ali-ahum; seal of Zukuwa. My dear brothers, pay attention to the words of the letter!"
AKT 6c.pdf,a-na A-l[a-hi-im A-ni-na] u A-sur-m[a-lik qi-bi-ma] um-ma Zu-ku-a-m[a x ma-n ]a KB ni-is-ha-su [DIRI x x] 1/2 GIN7 sa ik-ri-bi ku-nu-ki Su-Hu-bu-ur n[ a-as-a-k ]u-nu-tf GANA-lam5 r e 1-[ti-iq ... ] um-ma [ ... ] [ ... ]-bu-li [ ... ]-a-su [ ... ] 3 ma-na I 2 1/3 GiN KB ku-nu-ki-a it {up-pa-am ha-ar-ma-am sa ku-nu-ki-a Su-Hu-bur (erasure) li-di-na-ku-nu-ti-ma it a-tit-nu : fup-pi-a : pi-it-a-ma a-sar A-la-hi-im : fup-pu-su di-na-su-um : it tup-pa-am sa Su-Hu-bu-ur : i-da-na-ku-/nu-ti-ni i-na li-bi : {up-pi-a su-uk-na-ma : i-na ku-nu-ki-ku-nu ku-un-ka : it ri-ik-sit-um i-na ku-nu-ki-a : a-di ti-ir-ti i-lci-ka-ni: a-sar A-la-hi-im li-ib-si a-su-mi KB sa 1-di-A-.~ur a-di ha-am-si-su ti-ir-ti i-li-ka-ku-nu-ti it a-tit-nu mi-ma-sa-ma Ia ta-as-pu-ra-nim-/ma itz-ni Ia ta-ap-ti-a KB zl -¥i-ba-sit is-qit-la-ku-nu-ti it-lei is-[ qit-la-ku-nu-ti] ti-ir-ta-ak-nu lit i-li-kam-ma uz-ni liz ta-ap-ti-a su-ma KB liz is-qit-ul la-as-pu-ur-ma KB it -¥i-ba-sit lu-sa-as-qi-lu-su : ll a-tit-nu is-ti a-li-ki-im pa-ni-im-ma,"To Ali-ahum, Annina and Assur-malik from Zukuwa:  x minas of silver, its import duty added, and x+ 1/2 shekel from votive offerings, under seal, Su-Hubur brings to you. The silver passes overland in the name of Zukuwa 15  Su-Hubur should give you x+3 minas 2 rev.  certified tablet with my seal, and then you (plural) must open for my tablets, give him his tablet from Ali-ahum's 20  (house) and place the tablet that Su- Hubur gives to you among my other tab- lets and seal (the box) with your seals. And the bundle should remain with Ali- ahum under my seal until I arrive. Five times I have sent word to you con- cerning Iddin-Assur's silver, but you have written nothing to me to infonn me. You have not sent me word to inform me whether he has paid the silver and its interest or not. I.e. If he has not paid the silver I shall write so they can make him pay the silver and its interest, and as for you, with the first transport ..."
AKT 6c.pdf,"a-na A-la-hi-im A-ni-na: A-.~ur-ma-lik Pe-ru-a: A-zi-ta-ri-a A-zu-u/ il Mu-a-ni-ka qi-bi-ma um-ma Zu-ku-a-ma {up-pa-am ha-ar-ma-am sa 1 2/3 ma-na KB sa hu-bu-ul [x x x x x ]-zi a-sa-at [x x x x x] ma-na KB : a-ma-at [x x x x ta-a ]1-qe 5/6 ma-na KB [x x x i-n ]a li-bi-/;u 113 ma-na I a-ha-ma [li-di-na ]-ku-nu-ti-ma [x x x x ma-n ]a KB tup-pa-a.~-nu X X X X X X a-{Up pl-SU-nU [x x x x x x] u4-me-e [ ... ] [x x x x x x li-di-n ]a-ku-nu-ti-ma [x x x x] a-na-ku : al-qe [x x x] 2/3 ma-na 5 GiN KB A -li-l[i ... ] [x x x] GIN KB u Ta-zi-za am-ti [x K]B 112 ma-na 5 GIN KB : a-ku-[bu-ur] [ U-{f-tf]-im i-.~a-qu-fu r X X X X 1 [x X x] KB a-na sa-ni-tim .<:a-tim [i-sa-q ]u-lu 5 na-ru-uq SE-im a-.~i-bi-it ni-ga-lim i-da-an {up-pa-am .~a 1/2 ma-na u 5 na-ru-uq SE-im i-qa-qa-ad [a-.qi-ti-su u ,{:u-a-ti lu-up-ta mi-i.S:-Iam ar-sa-tum {up-pa-am sa 1 /3 ma-na 2 1 /2 .fa hu-bu-ul a-.S:a-at: rsu-li-ma-an 1 Lu-ur-me-a u Ha-.S:u-i-li u me-er-e-/.§a tl-mu-.~u-nu ma-du-tum-ma : e-ta-at-qzl . ~a-ah-ta-su-nu-ma KB u .~·i-ba-stl .fa-cH-qi-ta-su-nu .S:u-ma ta-da-ga-la-ma sa-ak-stl Si-im-ta-am KB le-qe-a KB i-na q6-qa-ad sa-!6-6,~-tum-ma su-nu-ti ra-ki-is a-wa-tim sa i-na ba-6b A -sur .~a Ha-li-it-ka [(x)] i-ma:'-ta: sa t£1-ga-rme 1-ra-ni r ma-la"" tit-ga-me-ra 1[-ni ... ] KB sa-as-qi-!6-ma [!up-p6-am ... ] lu-up-ta tl r x x 1 [ .. ] di-na-su-um um-ma [ a-ta-ma ... ] KB hu-bu-u[l ... ]","To Ali-ahum, Annina, Assur-malik, Peruwa, Azitariya, Azul and Muanika from Zukuwa: A certified tablet concerning I 2/3 mina of silver, the debt of ... zi, the wife of ... ; x minas of silver the maid of ... has re- ceived; 5/6 mina of silver ... is owed by him. Furthermore he should give 1/3 mina to you and ... mina of si lvcr. Their tablets ... for their tablets ... ... terms ... ... he should give to you and ... ... I received personally. ... 2/3 min a 5 shekels of silver Alili ... ... shekels of silver and my maid Taziza ... 12 mina 5 shekels of silver they will pay at the ripening of the grain. ... silver they will pay the second year. He will give 5 sacks of barley before the seizing ofthe sickle. Write a tablet concerning 1/2 mina of silver and 5 sacks of grain (half of it wheat) as joint- ly owed by his wife and him. As to the tablet concerning l/3 mina 2 Y2 shekels of silver, the debt of the wife of Suliman, Lurmea and Hassuili and her son - their tenns arc exceeded by much . Seize them and make them pay the sil- ver and its interest. If you observe that they are unpleasant, then take (only) the agreed amount in silver. The silver is jointly owed by the three ofthem. The matter which in the As sur Gate that Halitka ... that you made me spend ... I.e. . .. what you made me spend ... have the silver paid and ... write a tablet and then ... give to him. Say as follows: "" ... the silver is the debt ... """
AKT 6c.pdf,[a-na A-l]a-hi-im A-ni-na Be-lum-ba-ni A -.5ur-ma-lik [a-na Be-fUm ]-ba-ni qi-bi-ma : um-ma Zu-ku-a-/ma [x X X X X X X s]a Ha-hi-im [x x x x x x mi]-ma a-nim [x X X X X X X] ma i-a-tf [x x x x x x x] a-na Sa-la-[tu-ar] [X X X X X X X] 6 i.5-q[ U-u/ ... ] [x x x x x x x] : a-su-m[i]-r.r;u 1 [ ... ] [x x x x x x] 42 TUG pi-ri-[ka-ni] [x X X X X X]: a-.~e-er sa [(x)] [x x x x x x] Sa-la-tu-[ ar] [x x x x x ma-n ]a 5 1/2 GiN r u 1 [x x x x x ha-a ]r-mi-im [x x x x x x §]a 2 2/3 ma-n[a ... ] [X X X X X X X X X ]-qu-u/ [x x x x a-n ]a ma-na-im [~f-ib-tam U-~ ]a-ab : rna-fa UrmU-SU [e-ti-qu KB u ~ ]i-ba-stl [sa-as-qi-la-su] Ia ta-sa-hu-ta [x X X ma-n ]a KB : sa am-tim [sa i-li-]bi--su : ll su-a-ti: sa-di-na-.5u [x x x x] 112 ma-na : 114 GiN KB [is-til] 2 sa-na-at : a-di-in a-ni [i-na] Ka-ni-i.5 a.~-ba-su-ma um-ma [ a-na-ku ]-rna KB-pi : di-nam um-ma su-ut-ma [a-na ~e-e ]r 1-ku-pi-a sa-zu-uz-ti-ka [ta-a].l:-pu-ra-ma : a-di-in : um-ma [a-n ]a-ku-ma : a-.l:ar a-na 1-ku-pi-a [Ia t]a-di-nu : ma-na-urn 1/2 ma-na [1] ma-na 7 GIN: lG ta-sa-qa-rla 1-am [u ]m-ma su-ut-ma : a-sa-qa-la-kum [I]GI Be-lum-ha-ni IGI Ha-nu-nu DUMU En-um-[A-Vsu[r] u-ra-ki-su : a-ma-la ta-ar-ki-is-tfJ.S:u l KB i-.~e-ri-su : le-qe-a lG ta-ga-mi-la-su: SUNIGIN KB-pi-a 1/3 ma-na 7 GiN KB u .~i-ba-/su Ma-nu-ki-A-sur sa-(i.\:-qi-la-.l:u [a-hu ]-u-a: a-tu-nu: lu .I: a Be-him-ha-ni [lu .l:a Ma-n]u-ki-A-sur: ma-la KB hi [.~i-ib-tam] ta-ma-ha-ra-ni [tt:'-er-ta-a ]k-nu r li-li-kam-ma 1 [x X X] be-ti-a: sA.BA 2 112 rma-na l [x x x] zu: a-na DUMU A-la-hi-im di-na-rna 26'-27': the passage is unclear and I have chosen to disregard ma-na-urn.,"To Ali-ahum, Annina, Belum-bani (and) Assur-malik; specifically to Belum-bani from Zukuwa: ... from Hahhum ... all this ... for me ... ... to Salatuwar ... x mina 8 shekels of silver ... concerning him ... ... Y4 shekel of silver ... ... 42 pirikannu-textiles ... their harness ... to ... Salatuwar ... min a 5 v2 shekels and ... a certified tablet ... 2 2/3 minas ... ... per mina he will add as interest. As his term is exceeded, make him pay the sil- ver and its interest. Do not fear ... mina of silver belonging to the maid which is in his possession and make him give that too. ... 1/2 mina Y4 shekel of silver I gave 2 years ago; now I seized him in Kanesh and said: ""Give me my silver!"" He said: ""You wrote to lkfm-p1ya, your agent, and I gave it."" I answered: ""In case you have not given it to lkun- p1ya, will you not pay per 1;2 mina 1 mina 7 shekels?"" He answered: ""I shall pay you."" I bound him over with Bclum-bani (and) Hanunu son of Ennam-Assur as wit- nesses. Get the silver from him in ac- cordance with the contract. Do not make him any favours. Total of my silver: 5 1/3 minas 7 shekels of silver and interest- make Mannum-kl-Assur pay that. My dear brothers, send me word about what silver and interest you receive from Bclum-bani and Mannum- k1-Assur and ... for my house. Thereof 2 Y2 minas ... Give it to Ali-ahum's son and ..."
AKT 6c.pdf,a-na Be-lu-ba-ni it A-!ti-hi-im : qi-bi-ma um-ma Zu-ku-a-ma 2 le-u e-lci-nu-ma : it 2 ri-ik-si AN .NA : ku-nu-ki-a (erasure) SUNIGIN 35 ma-na AN.NA sa A-sur-ba-ni DUMU 1-di-a-birim na-cis-u-ni : 2 ri-ik-si ku-nu-ki-a SUNIGIN 33 ma-na AN.NA sa A-mur-A-sitr DUMU A-sitr-DUG na-ci.~-z/ SUNIGIN 1 GU 8 ma-/na AN.NA r.sa ik 1-ri-be A-mur-A-sitr na-a[s-u ... ] a-hu-zl-a: ra 1[-tit-n]u ih-da-ma: i-na ctUTU-si e-ru-bu-ni-ni: AN.NA pu-ut-ra-ma : sa-ni-qci-ma sf-ni-iq-ti: AN.NA-ki-a ti-ir-ta-ak-nu li-li-kam-ma : li-bi4 lei ip-ta-na-ri-id 1/2 GIN KB ig-ri-su-lnu di-na-su-nu-ti : an-ni-ki E be< -et> : i.~-te-enx : i-na ba-ri-ku-nu : li-ib-lsi A-/a-ha-am u .~u-ha-ri ma-la wa-ci.~-bu-ni it e-ma-ri: sa Ilirwe-da-ku u-se-ri-a-ni : it i-a-am sa Wa-si-ib-ru-ba-ni ir-df-a-ku-nu-ltf-ni u u-nu-su A-lci-hu-um li-ir-di-a-am Letters exchanged with Belum-bani,"To Belum-bani and Ali-ahum from Zu- kuwa: 2 extra ingots and 2 bundles of tin under my seal, in all 35 minas of tin, that Assur-bani son of Iddin-abum brings; 2 bundles under my seal, in all 33 minas oftin, that Amur-Assur son of Assur-tab in all 1 talent 8 minas of tin from the vo- bring. My dear brothers, take care to unpack the tin the very day it arrives, check it and send me word about the check of my tin so I shall not worry all the time. Give them their wages, 12 ~ shekels of silver. Let my tin stay in one of your houses. As for Ali-ahum and the servants who arc present - plus the donkeys that Tl1- that Wasibru-bani led to you, including its harness - let Ali-ahum lead that to me."
AKT 6c.pdf,um-ma Be-h.Jm-ba-ni-ma a-na A -IG-hi-im ma-na KB A-mur-A-.5ur [DUMU] Ba-ha-/a-nim ha-bu-lam [ um ]-ma fu-ut-ma a-la-ak [x] r x 1-a it-.5a-ba-ma [x KYB 1 sa Be-fum-ba-ni [sa a-n ]a-ku ha-bu-hi-ku-ni [x X X X X] um-ma SU-Ut-[ma] [ ] URUDU .~i-kam [ ... ] 1-.~a-qi-la-ni r x 1 [ ... ] u 2 ma-na KB u 1 G(J 20 ma-na URUDU H-<ka->am :/sa ki-ma A-mur-A-sur DUMU Ba-ba-IG-nim e-zi-bu-/nim ~·a-ab-ta-.~u-ma te-er-tit-.~u li-/i-/kam-ma KB : la-ap-tit-ur-lma a-na hu-sa-hi-la !a-al-qe a-su-mi : KB-pi-ka sa Ma-nu-um-ki-A -sur a-di ma-la [u si-ni-.~u ... ] a-na Sal-m[a-A-sur as-pu-ra-am] sa ki-ma ni-[a-ti (..)] Belum-bani,"From Belum-bani to Ali-ahum and Zu- kuwa: Amur-Assur son ofBabalanum owes me 6 minas of silver. He said: ""I shall go and satisfy ... and silver belonging to Belum-bani ... that I personally owe ... "" ... He said: ... ... sikku-copper ... ... that he paid to me ... ... and the representatives of Amur-Assur son of Babalanum left 2 minas of silver and 1 talent 20 minas of .~ikku-copper for me. Seize him and let him send word to me, so I can redeem the silver and take it for my own needs. Concerning your silver that Mannum-ki- Assur once or twice ... I wrote to Salim- Assur, our representative ..."
AKT 6c.pdf,a-na En-na-nim A-Jur-ba-ni u A-16-hi-im qi-bi-ma um-ma Be-!Um-ba-ni-ma a-.~u-mi AN.NA sa as-pu-ra-/ku-nu-tf-ni um-ma a-na-ku-ma AN .NA a-na Be-!a-nim di-na-rna Be-la-nu-um !u-ub-lam : a-na-kam Be-/a-num ha-ra-.§u i.~-tf-ni a-na Sal-ma-A -l.~ur di-na-ma AN.NA Sa-lim-A-.~ur lu-ub-lam a-su-mi KB .§a sa-zu-uz-ti A -lu-lri-a L§-qu-la-ku- r nu-ti-ni1 KB lu a-hu-bu-1/i-a ta-6.§-qu-lri-ma tup-pa-am ha-ar-ma-am .~a ku-nu-ki-a tu-.5e-~i-a tup-pa-am li-it-a-ma .5e-birl6-nim u a-na .5i-ti KB ti-ir-ta-ak-nu !i-li-kam : su-ma Su-Ku-ba-am KB tu-u.~-ta-a.5-q i-1 a .~i-ma-am .5a ba-la-ti-a rsa-ma 1-ma se-birlri-nim ra- 1[x x] r/6 1 A-sur-r na-/da 1 rx1 rma-na 1 5 rGiN 1 ri/ 1 10 ma-na URUDU .{f-rkam 1 i-di-nam .ya-ab-ta-su-ma 1/3 ma-na l GIN KB .~a-as-qi-la-.§u,"To Ennanum, Assur-bani and Ali-ahum from Belum-bani: Concerning the tin I wrote to you about, where I said: ""Give the tin to Belanum and let Belanum bring it,"" Belanum travels here together with us. Give it to Salim-Assur and let Salim- Assur bring the tin. resentative paid to you - what silver you certified tablet with my seal- split that tablet and send it to me. Then send me word about the rest of the silver.  If you have made Su-Kubum pay silver, then make a profitable purchase for me and send it to me. ... Assur-nada ... 5 shekels of silver and he gave me 10 minas of .§ikku- copper. Seize him and make him pay 1/3 mina 1 shekel of silver."
AKT 6c.pdf,a-na En-na-nim r it 1 A-la-hi-im a-na A-la-hi-lim qi-birma um-ma Be-hlm-ha-ni-ma 18 GIN KB sa a-na Ku-ku-16-nim u Ku-ta-a dUTU-e-nam ub-la-ku-ni a-ha-ma 1/2 GIN a-ni-qe-su SUNIGIN 1/3 ma-na LA 112 GIN KB mi-ma hi tit-se-ba-al-su-/um sfJ ma-am l : c~a-a-ma a-na dUTU -e-nam di-in-ma lu-ub-lam ma-la KB sa ki-ma A -lu-lti-a : is-qit-lu-ni-ku-lnu-ti-ni ti-ir-ta-ak-nu li-li-kam (up-pi sa Ku-lu-ma-a it-ka-lu-/f ni 1 su-ma tu-se-~i-a-su li-ti-a-ma ku-un-ka-ma se-bi4-la-ni-.~u,"To Ennanum and Ali-ahum; specifically to Ali-ahum from Belum- bani: Concerning the 18 shekels of silver which Samas-ennam brought to you for Kukkulanum and Kutaya- further, 1 Y2 shekel for his sacrifice - in all, 113 minas less Yz shekel of silver. Do not send him any silver. Make purchases and give them to Samas- ennam so he may bring it. Send me word how much silver Alu- laya's representatives paid to you. As to my tablet which Kulumaya holds, if you have recovered it, then split (the envelope), seal it (again) and send it."
AKT 6c.pdf,"[a- ]na E-na-nim u [( .. )] A-lti-hi-im qi-bi-ma um-ma Be-b:tm-ba-ni-ma Sal-ma-A-sur 2 ma-na KB ha-bu-lam : u4-mu-su 2 ha-am-s[ a-tim] a-hu-ra u 1 GU URUDU SI[G5] sa a-ma-kam ta-di-na-c~[ u-ni] (up-pu-su a-na 2 ha-am-sa-ti[ m] hi-ir-ma-ma a-na Wa-ah-su-sa-lna GU URUDU-i : li-di-na-ma i-na e-ra-bi-su u tup-pu-su li-du-!uk a-hu-u-a : a-tu-nu a-ma-kam i-na ~e-er Sal-ma-A-/§ur e-ku-nu li-li-ik SU-ma a-!je-ri-a fa i-/i-/kam ~u-ha-ra-su i.f-tf-ni ~a-ab-ta-su-ma §a 2 ha-a[ m-.fa-tim] lu-!ja-hi-ir-ma 2 ma-na rK1[B] u 1 GU URUDU SI[G5] sa-as-qt- a -su-ma u ti-ir-ta-a[k-nu li-li-kam] [x] rku 1 §i-ti [ ... ] [te-er- ]ti u-qa-a ha-ra-nam [a-na] Pu-ru-us-ha-dim a-da-su-um I. 4: this person is not Ali-ahum's father, cf. no. 608.","To Ennanum and Ali-ahum from Belum-bani: Salim-Assur owes me 2 minas of silver. His terms have 2 weeks to run. Also, for the 1 talent of good copper that you gave him there certify his tab- let for a term of 2 weeks, let him give me my 1 talent of copper in Wahsusana, and then when he arrives let his tablet be invalidated. My dear brothers, keep an eye on Salim-Assur there. If he has not come to me then seize his servant with us and let him deduct (the payment) for 2 weeks, and make him pay the 2 minas of silver and 1 talent of good copper and send me word. let him take a trip to Purushaddum."
AKT 6c.pdf,a-na En-na-nim r A 1-d[i-da] ru A-la-hi-im 1 qi-bi-ma r um-ma 1 Be-{um-ba-ni-ma ri-na li-bi4 URUDU-ri1[-a] r1 GU URUDU1 a-na Sa-lim-[A-sur] di-na-ma u si-be su-uk-na-su-um ki-ma i-na Wa-a[h-.~u-.~a-n ]a u-ta-ra-ni m i-.~u sa as-ta-r na-/me-[ u-ma] rsu-Ku-bu-um 1 [e-Yta-wu-ku-nu 1 [um-ma] su-ut-ma [ u4-mu ]- r a : a 1-hu-ru [is-Yttl 1 TTI.KAM [te-i-na ]-tim [li-mu-u]m A-sur-ma-1/ik [a-n ]a [x ha- ]am-.~a-ltim r21 ITT.KAM e-ti-qu .~a- a -ta- su-ma [x] 1/2 ma-na KB [sa ]-as-qi-r /a-su su-ma 1 r mi-ma i-qa-hi4 1 a-na [x] rx x x x x x 1 ma-nu [x] rpa-na a-na-ku-ma 1 [x] rki-ma Ia ga max x 1 [x x] a-wa-rtum 1 a rx1 sa mi-ma a-ni-rx x 1 [xx]siu rxxx1 sa-ra.</ 1-qti-la [( . .)],"To Ennanum, Adida and Ali-ahum from Belum-bani: Give I talent of my copper to Salim- Assur and set witnesses for him. Since he is to return my 1 talent of cop- per to me in WahSusana, why is it that I keep hearing that Su-Kubum is arguing with you, saying: ""My terms are still running."" I gave it to him for x weeks from the month Tc'inatum, eponymy Assur-malik. His terms are overdue by 2 months. Seize him and make him pay x 12 mina of silver. If he objects, ... all this .. ."
AKT 6c.pdf,a-na A-su[r-... ] u A-la-hi[ -im qi-bi-ma] rum 1-ma Be-lum-[ba-n ]i-ma a-ma-kam Puzur rA -be-eh DUMU Zu-ba .~a-ab-ta-ma 1/3 ma-na KB sa a-na su-mi-su a-na 1-di-Ku-bi4-/im as-qu-lu KB sa-as-qi-la-su su-ma KB la-su i-na ~u-ba-ti qa-at-ku-nu {uJ§a 1-aJ-ki-ku- r nu 1 a-[ba ]-u-a a-t[ it-nu] su-ma Ia ta-[sa-ka-na] Px-x 1 Belum-bani,"To Assur-... and Ali-ahum from Belum- bani: Seize Puzur-Abeh son of Zuba there and make him pay the 1/3 mina of silver that I paid to Iddin-Kubum in his name. If there is no silver, then I will let you make a claim to the textiles. My dear fathers, if you do not lay claim,"
AKT 6c.pdf,[u ]m-ma Be-lzim-ba-ni-ma [a-n]a A-la-hi-im u [x x- ]A-sur qi-bi-ma [x x] .5u-ma URUDU SIG5 [1 ma-na ]-a u 2 GiN T A [x x x] a-na KB di-na-su [x X s]u a-di ITI.l.KAM-im ris-ti1-in a-na DAM.GA[R] Ia sa sa-ha-tim u-ul a-na sa ba-a[ b] ma-hi-ri-im Letters exchanged with Amur-Istar,"From Belum-bani to Ali-ahum and ... - Assur: ... if copper of good quality .. sell it for silver at 62 shekels per mina. ... in a single month ... to a trader who gives no reason for worry, or ... to the entrance to the market ..."
AKT 6c.pdf,"a-na A-16-hi-im qi-bi-/ma um-ma A -mur-L~tar-ma a-wa-tim sa Ku-ur-ku-lu[r] ni-ig-mu-ur-ma i-na 7 TUG ku-ta-ni q6-6b-li-< zl-> tim 1 TUG S[IGs] is-te-ni-i.~ i-na 8 I TlJG [q ]6-ti .S:a-ak-na-at [x x i-k]a-na-ka-ku-ma [x tup ]-p6-am .S:a ku-nu-/ki-.~u [ t ]a-da-su-um Ku-zi-zi-a a.~-ba-/at-ma um-ma a-na-ku-ma st -tm !fU- a-tt-su- nu z-zn um-ma su-ut-ma i-na tit-wa-ar si-ka-tim KB-pi-su u-lti KUG.KI-su u-.M-ba-al-su-/um a-di si-ka-tim i-tu-ra-ni-ni a-na Sa-16-[tit-wa-ar] a-![e-er I-na-[ a ... ] e-ru-[ ... ] Amur-IStar 615, written by Kuziziya and Amur-Istar.","To Ali-ahum from Amur-IStar: We have ended the matter with Kurkur, and to the 7 kutanu-textiles of medium quality (and) 1 textile of good quality- in all I have laid claim to 8 textiles. To Salatuwar ... Azu ... silver ... he will seal for you, and you will give him the tablet with his seal. I seized Kuziziya and said: ""Give the proceeds from their textiles."" He answered: ""When the sikkatum re- turns I shall send him his silver or his gold."" Until the sikkatum returns, ... to Salatu- war to Inaya ..."
AKT 6c.pdf,[ um- ]ma Ku-zi-zi-a-ma r it 1 A-mur-Btar-ma «a-na» a-na A-la-hi-im qi-bi-ma i-na r 151 TUG sa A-mur-!S[tar] [e]-zi-bu: is-tit [A- ]mur-lstar i-tit-ra-ni TUG : i-ni-id-nu TUG sa A-bi-A-nu-um zi-.M-bi-la-ni u 4 TUG ku-a-u-tim SUNIGIN 8 TUG i-li-bi-a : mi-su [s]a a-na 6 TUG.HI.A r.~a 1 A-bi-A-nim [.na ta-as-pu-ra-ni [a]-Ia-an 4 TUG sa u-s[e-Ybi4-faJni 1 [ m ]i-ma [ wa-]at-ra/-am Ia u-.~e-bir r lam 1 it a-di-ni 2 TUG si-ma-su i-ba-si-u a-ma-kam A-lu-a?' sa-i-i/5 .~a TUG.HI.A ub-la-ni si-im 4 TUG .~a A-biJA 1[-nim] u /H-im ku-a-u-tim s[u-ma] a-we-lu i-na si-k[ a-tim] wa-as-bu i-na r e 1-ra-bi-su-nu : lu [ ... ] lu SIG-tim e-ba-[ ... ] u-se-ba-la-kum [ ... ] TVG.HI-ti-ka 12 [ ... ] i-na ku-nu-u[k ... ] Be-/Urn-ba-ni i-[ ba-si-it] i-na TUG.HI.A a-ni-tl-tim mi-r ma 1 rA-mur-!Star u-lti1,"From Kuziziya and Amur-IStar to Ali- ahum: Of the 15 textiles that Amur-IStar left behind two textiles have been sold after Amur-IStar returned. 4 textiles that Abi-Anum sent and your own 4 textiles: in all 8 textiles are in my possession. Why is it that as for the 6 textiles be- longing to A hi-Anum that you wrote about, apart from the 4 textiles he sent he has not sent anything else? So, until now the 2 textiles agreed by rev. him are (still) outstanding. Ask Aluwa there, who brought the textiles, about the price of Abi-Anum's 4 textiles and that of yours. If the men are staying in the sikkatum, then when they arrive I shall send you both ... and the wool ... ... of your textiles 12 ... are present un- der Belum-bani's seal. Amur-IStar has not taken any of these textiles."
AKT 6c.pdf,"a-na A-la-hi-im qi-bi-ma um-ma A-mur-!Star-lma a-di: Hu-ma sa as-pu-ra-ku-ni u4-mu-a ITI.l.KAM a-na a-wa-ltim ta-da-nim a-hu-lru-u u me-eh-ra-am sa sz- t-a ta-as- ta -na-pa -; r a-am ti-ir-ta-ka i-na §a-am-[si] na-as-pe-er-[ti ta-""§a-me-LI] ti-ir-ta-k[ a li-li-kam] Ia i-rsa 1[-hu-ur] ti-ir-ta-[ka] li-li-[ kam] su-ma a-wa-[tim] ta-da-na-a[ m la-di-in] /m-ma E-tam ka-ba-sa-am 16-ak-/bu-us a-wa-tim A-ni-na i-de8 a-ma-kam A -ni-na sa-i-i/5 4 GU ma-na URUDU ""~a-16-<ma->am E A -sur-is-ti-kal DUMU Hi-na-a na-di te-i-ra-tum sa u-ka-lu-ma te-er-ta-ka li-li-/kam needs instructions from Ali-ahum and possibly some original documents.","To Ali-ahum from Amur-IStar: Concerning Huma about whom I wrote to you, my terms for starting a legal case have one month to run, but you keep sending me a copy of my witnessed tab- let. Your message should - on the very day I 0  you hear my missive - your message should come. Azu must not be delayed a single day! - rev.  your message should come! If it is a matter of engaging in a legal case, I shall do it! If it is a matter of re- mitting the house, I shall do it! Annina knows the matter. Ask Annina there! 4 talents 30 minas of black copper is de- 25  posited in the house of Assuris-tikal son I.e.  Send me word about the orders that he holds."
AKT 6c.pdf,um-ma Ku-zi-zi-a A-sur-ma-lik u A-mur-Istar a-na A-la-hi-im qi-bi-ma i-na 20 TUG.HT.A TlJG.HI.A a-na 5 GU 50 ma-na URUDU si-ki-im u 1 TUG a-na 1/3 GIN KU.GI Ku-zi-zi-a i-di-in 2 TUG.HT.A a-na GU 10 ma-na URUDU ma-si-im A-mur-Utar i-di-in TUG.HT.A a-na 2 I /3 ma-na I 4 GiN KB ni-di-in i-na sA.BA 1 ma-na KB Su-Hu-bur ub-la-ku-r um 1 1/3 ma-na 4 GIN KB ku-nu-ki-ni u 3 1/3 GIN KU.GI ku-nu-ki sa Ku-zi-zi-a A-zu : na-as-a-kum si-ti URUDU GU 12 ma-na URUDU A-mur-!Star u 1-li-as-ra-ni sti-uh-ra-/am is-u-mu-ma : a-na Du-ur-hu-mi-lit i-ta-al-ku a-ma-karn lu-ba-li-ta-kum 5 ma-na URUDU a-na sa TUG.HI.A uh-lci-ni a-na Ma-ri-it-hi-im A-mur-Btar : i-di-in si-ti TUG.HI-ba-ti-ka A-zu na-as-a-kum : ~u-ba-til-ka rgam-ru 1-ni-kurn 2 GU URUDU .§i-ku-um si-im 4 TUG.HI.A .~a En-um-A-sur i-na rzt1-bi4 Ku-zi-zi-a Amur-IStar,"From Kuziziya, Assur-malik and Amur- Istar to Ali-ahum: Kuziziya has sold 5 textiles out of the 20 textiles for 5 talents 50 minas oL~ikku­ copper and 1 textile for 3 113 shekels of gold; Amur-IStar sold 2 textiles for 1 talent 10 minas of washed copper; we sold 6 textiles for 2 113 minas 4 shekels of silver. Of that Su-Hubur brought you 1 mina of silver; Azu brings you 2 1/3 minas 4 shekels of silver under our seals and 3 I /3 shekels of gold under Kuziziya's seal. The rest ofthe copper is 5 talents 12 mi- nas. Amur-1star and llT-asranni has bought a slave and have left for Durhumit. He should credit it to you there. Amur-IStar gave 5 minas of copper to the one who brought the textiles to Azu brings you the rest of your textiles: 6 pieces. Your textiles have been sold for you. 2 talents of .§ikku-copper, the price of 4 textiles belonging to Ennam- Assur, is in Kuziziya's possession."
AKT 6c.pdf,rum 1[-ma A-.§ur-]ma-lik-ma £1 rA-mur1-!Star a-na A-16-hi-im qi-bi-ma i-na 20 TUG.HI.A rsa 1 A-mur-Istar e-zi-bu 5 TUG.[HI.A] [a-n]a 57 GU 501 ma-na URUDU si-KAM [Ku-zi-z ]i-a: i-di-in 2 TUG.HI.A [a-na 1] GU 10 ma-na URUDU ma-si-im [A-mur- ]!star i-di-in i-na [5] GU 50? ma-na URU[DU] sa Ku-zi-zi-a GU 35 ma-na URUDU ni-im-hu-ur sA.BA 1 ma-na KB ku-nu-ki-ni Su-Hu-bur DUMU Puzur4-Istar [ n ]a-as-a-kum 2 1/3 ma-na rKB 1 [X X X X a- ].re-ri-ka [x X X X X] ki-ma [x x x x x ] ma-na I KB [x x x x x b ]a-kum [x x x x l]e-qe i-na 4 [TUG.HI.A sa]A-bi4-A-ni-im TUG a-na 1 GU URUDU rsi1-ki-im Ku-zi-zi-a ri- 1df-in 3 TUG i-ba-U-u 2 TUG rnu 1-ku-ra-u: um-ma .~u-ut-ma [si]r-t£1 hu-sa-ri-im: Se-ep-/Star ru 1 A-lu-wa u-ta-e-ru-su [KB] is-ti Ku-zi-zi-a i-r[i-ah] [x X X X] a sa A-mur-Btar [x x x x x] rna i-na TUG.Hl.A [x x x x x ] 2 ~u? -ha-ri[ ... ],"From Assur-malik and Amur-Istar to Ali- ahum: Of the 20 textiles that Amur-IStar left Kuziziya sold 5 textiles for 5 talents 50 minas of sikku-copper. Amur-IStar sold 2 textiles for 1 talent 10 minas of washed copper. Of the 5 talents 50 minas of copper from Kuziziya we received 2 talents 35 minas of copper. Of that Su-Hubur son of Pu- zur-IStar brings you 1 mina of silver Of the 4 textiles belonging to Abi-Anum, Kuziziya sold 1 textile for 1 talent of sik- ku-copper. 3 textiles remain. 2 textiles have been rest of the lapis lazuli."" The silver is left with Kuziziya. ... belonging to Amur-IStar ... of the textiles ... 2 servants"
AKT 6c.pdf,um-ma Ku-zi-zi-a-ma u A-mur-Btar-ma a-na A-la'? -hi-im qi-bi-ma TVG.HI-tu-rka 1 : i-na Ma-ri-[it-hi-im (x)] SIG5 TUG ra-q[a-tum X] sa ta-da-nim i-niJid-nu l si-ti TUG.Hl-ti-ka: i-ha-/H-u si-mu-um ka-si-i a-rna-hi : ti-ir-ti-kct TUG.HI-ti-ka: a-na ha-ti-iq tl DIRT ni-da-an-ma i1-ul KB-ap-su u-ul KU.Gl-su ne-pa-.~a-kum,"From Kuziziya and Amur-IStar to Ali- ahum: Your textiles ... in Marithum, thin textiles that have been sold ... the rest of your textiles are available. The trade is at a stand-still. In accordance with your instructions we shall sell your textiles for the best avail- able price, and we shall make for you either silver or gold."
AKT 6c.pdf,a-rna 1 A -la-hi-im,To Ali-ahum; seal of Amur-IStar.
AKT 6c.pdf,"a-na A-la-[hi-im] qi-[bi-ma] um-ma A-mur-l[star-ma] GU 17 ma-na [URUDU] qa-ti : a-bi-ni : A-[sur-is-ta ]-lki-i(; E ka-ri-im : im-hu-ur a-na-r ku l s[a] tu-sa-hi-zi-ni um-ma a-ta-ma : URUDU qa-ti: a-bi-ni a-na URUDU SIG5 : li-tu-ur-ma i-,ye-er DUMU um-[m ]e-a-nim i-di-i: la-m[a URUDU i- ]rna 1 E ka-lri-im u~·-a-ni : i~S: X X rna ]-na a-wa-tum : [i-x-x-LS:- ]ma GU URUDU [la-mu-nam q]a-ti a-birni -sur- zs-ta- 1-t 5 l- a-qe-ma ru-hu-a-tl-ma 2 GU 30 ma-na URUDU SIG5 (erasure) tup-pu-.S:u : al-p[ u-ut] URUDU STGs (erasure) a-na 40 ha-am-,S:a-tim i-,S:a-qal u 2 ma-na KB sa Be-lum-ba-lni i-li-bi: A-ni-na a~·-ba-at-ma u 2 ma-na KB : sa a~·-bu-tu a-.~e-er : tup-pi-su it-tci-hi-ma tup-pu-.{u : .{a KB u URUDU SIG5 al-pu-ut : KB u <URUDU>a-na ha-am-sa-tim : i-sa-qal i-na 9 GU 17 ma-na URUDU URUDU qa-ti: a-bi-ni : A-sur-is-ta-ki-[i/5] im-hu-ru-it : sA.BA 4 GU 3 7 I ma-na URUDU lci-mu-nam a-na ma-llei na-am-gu5-ra-ni-ni A-ni-na i/5-qe .{f-ti URUDU-im : um-ta-si-ih : lci-qci-am la i-mu-a : i-na a-wa-ti-ni URUDU qa-ti: a-bi-ni : .{a E A -.{ur-is-lta-ki-i/5 u-~·i-a-ni : it-/a it-ma-sa-ah i-na ba-cib : ha-ra-ni-§u : su r x 1 I i ma lci-qa-am : zi-[la i]-mu-it-ma a-na Ka-ni-i[.{] i-tal-kam a-ma-kam sa-hi-su-ma [ 4 G]U 30 ma-na URUDU la-mu-[nam .5a] E i-ba-.5£-u [ ... ] li-ir-[ ... ] AN.NA lu sit-ba-ltam di-su-ma : tup-pu-.{u : .{a 2 GU 30 ma-na URUDU SIG5: lu tup-pu-.{u-ma","To Ali-ahum from Amur-IStar: Assuris-takil received 9 talents 17 minas of copper, our father's share, in the office of the colony. As for me, you gave me instructions, saying: ""The copper from our father's share should be converted to good copper and give it on credit to an affiliated trader."" Before the copper left the office of the colony, ... minas ... a matter, and he will receive 10 talents of bad copper, our father's share, in Assuris-takil 's house, and at one to four T wrote his tab- let for 2 talents 30 minas of good copper. He will pay the good copper in 40 weeks. Also, T seized 2 minas of silver belonging added the 2 minas of silver that I seized rev.  to his tablet and wrote his tablet concern- ing silver and good copper. He is to pay the silver and the copper in 40 weeks.  Of the 9 talents 1 7 minas of copper, the copper from our father's share, (that) Assuris-takil received, thereof Annina took 4 talents 3 7 minas of bad copper in accordance with our agreement. He looked down on the rest of your cop- per; he will not take it. According to our agreement he shall not treat the copper of our father's share, that came out of Assuris-takil 's house, with disdain. When he was about to leave ... and they refused to take it and he has left for Kanesh. Instruct him there so that 4 tal- ents 30 minas of bad copper that is in Iddin-Assur's house ... a textile and let his tablet concerning 2 talents 30 minas of good copper indeed be his (valid) tablet."
AKT 6c.pdf,um-ma A-sur-is-ti-kal-ma a-na A-la-hi-im qi-birma i-na 9 GU 17 ma-na I URUDU sa :E ka-ri-[im J la-ap-lta-ti-ni 112 GU URUDU la-rmu-num 1 Hu-ma ta-r a~-hi-ra 1 1/2 GU 7 ma-na ruRUDU1 lit-mu-num A-ni-na ils-[qe] GU 1 0 ma-na URUDU la-mu-num A-mur-!Star ils-qe SUNIGIN URUDU-i-ka 9 GU ma-na URUDU la-mu-num sa E ka-ri-im !a-ap-ta-lti-ni Amur-Istar,From Assuris-tikal to Ali-ahum: Of the 9 talents 1 7 minas of copper for which you were booked in the office of the colony: you deducted 4 Y2 talents of bad copper for Huma; Annina received 2 Yz talents 7 minas of bad copper; Amur-IStar received 2 talents  1 0 minas of bad copper - total of your
AKT 6c.pdf,"um-ma A-sur-ma-lik-ma it A-mur-JStar a-na A-la-hi-im qi-bi-ma a-na-kam si-ki En-na-Su-in nu-ka-i/5-ma urn-rna .~u-ut-ma : a-la-ak-rna i-na Ka-ni-i.~ i-re-r L~ {up-pi-a KB a-sa-qal-rna (up-pi .~a hu-bu-li-a u .~a I-na-a .~a qa-ta-tit-lni a-na-ku {up-pi-a ki-ta-le-len a-du-wa-ak urn-rna m!-nu-ma KB ku-nu-uk-ma a-na ~-e-er I-na-a tl A -la-hi-im li-li-i[k] urn-rna .§u-ut-ma KB a-rna 1-kam u-la i-.~u a-la-ak-[ma i-na] Ka-ni-is a-.§a-qal: um-[ma] ne-nu-ma a-na Ka-n[i-i.5 x x ]-ti-ra-ni .~a-zi-iz [x x x] DUMU La-ta-[ra-ak u-sa ]-zi-iz i-na [x x x x ]-ni-a-ti i-sla x x x x x] ib nalki [x x x x x x k]a-rsu-um 1 [x x x x x x x ]-um [i]-sa-qal [X X X X] U-/a na-pU-Lf,~ [x x x] IGI Da-da-a DUMU rDi-li 1-a: .§i-im TUG.HI.A ma zi ri a a-di 5 u4-me-e lu KB lu GUS[KTN n ]u-sa-da-ma is-ti wa-ar-ki-u-tim nu-se-ba-lam","From Assur-malik and Amur-IStar to Ali- ahum: We detained Enna-Suen here, and he said: ""I shall go and pay the silver in compli- ance with my tablet in Kancsh, and I shall annul the tablet conceming my debt and the one where lnnaya is the guaran- tor- I shall personally do it with both my tablets."" We answered: ""Seal the silver and let it go to Innaya and Ali-ahum."" 15  ""I do not have the silver here. I shall go rev.  to Kanesh and pay."" We said: ""To Kancsh ... appoint an agent."" He appointed Latarak's son. ... he will pay. ... he has not been cleared ... Witnessed by Dadaya son of Diliya. We shall collect the price ofthe ... tex- tiles, either silver or gold, in 5 days, and we shall send it with the very first (trans- port)."
AKT 6c.pdf,"a-na Lu-zi-na: A-di-da if A-!6-hi-im qi-bi4-ma um-ma En-na-Szl-in-ma 1/3 ma-na KB .~a-ru-pa-am PuzurrA-stlr DUMU A-zu-za ha-bu-lam is-tif ITI.KAM N a-ar-ma-ak -A -stir li-mu-um En-na-Su-in a-na 7 ITI.KAM i-,~a-qal su-ma Ia is-qtl-u! ki-ma a-wa-at ka-ri-im ,~f-ib-tam u-,~a-ab a-hu-tl-a be-!u-u-a a-ttl-nu a-wi-h{m a-di ma-la if si-ni-,~u i~·-li-a-ni ~a-ah-ta-fu-ma KB zl ,~i-ba-su ma-hi fa-le-e-a-ni .~a-6.§-qi-/a-su-ma AN.NA .5a-ma-nim-ma ku-un-ka-ma a-na D UMU um-me-a-nim ke-nim di-na-rna ku-nu-ki-ku-nu lu-ub-lam",it to a reliable affiliated trader who can bring it to me under your seals.
AKT 6c.pdf,um-ma 1-na-Su-in-ma a-na A-!6-hi-im qi-bi-ma sa 6h-ni-su i-Ii-be-e Da-da-a i-na Ka-ni-is i-.~a-q6l IGI ctiM-ba-ni IGI A-mur-lstar ni-a-im KUG.KI a-rma 1-kam li-is-qu-la-ku-ma a-di a-!a-ka-ni li-ib-si su-ma i-ti-ki-ir-ka a-na da-ni-tim pfJka 1 di-su-um,"From Enna-Sucn to Ali-ahum: 1 1/3 shekel 15 grains of gold dust, owed by Dadaya; he is to pay in Kanesh. 1 0 r.  Witnessed by Adad-bani, by our own Amur-lstar. Have him pay the gold there to you and let it remain there until I come. If he contests it with you, then give him a harsh talking-to."
AKT 6c.pdf,"um-ma E-na-Su-in-ma a-na A-la-hi-im qi-birma GU URUDU ma-si-um ma-na URUDU ma-si-um kuJ nu-ki-a : a-ha-ma 1 um-rmu-um i-na sA.BA1 i-se- r er-him a-t a'! l mi-ma a-nim r,fa~ DAM.GAR1 a-na Bur-Su-in 1-zi-iz-mi-sar [ ap-q ]i-id-[ ma] i-ra-di-u-ni-kum i-na u-mi-im i-se-er-tam li-taJx 1-u-ni-kum a-na ma-la ti-ir-tim KB DAM.GAR-im e-pu-us Enna-Suen","From Enna-Suen to Ali-ahum: 11 talents of washed copper, 10 minas of washed copper under my seal, also an ummum - of that an isertum - all this, belonging to the merchant, I entrusted to Bur-Suen, Tziz-misar and ... and they lead it to you. Let them ... the isertum to you in the ummum. Make silver for the merchant in accord- ance with the instructions."
AKT 6c.pdf,a-na nOG-A-§ur Su-Be-lim Su-Btar it A-16-hi-im qi-birma um-ma En-na-Sz/-in-ma a-na A-16-hi-im qi-birma {up-pe-a : ku-nu-ki-a : a-§ar ku-wa-ti: e-zi-ib it i-na qe-ra-ab: tup-pe-a: 6 GiN r a 1-mu-tum : ku-nu-ku : .~ax ra[(..)] [Pu ]zur4-Su-in : e-zi-ba-kum [x x x] um-me-a-nu-um [x x x] : e-ta-6p-l6-ni [x x x] DUMU um-me-a-n[i-i]m [x x x ]-6p-§u : §u-ul-16-ma it tup-p6-am [ ... ] with Itur-ilT.,"To Tab-Assur, Su-Belum, Su-IStar and Ali-ahum from Enna-Suen; to Ali-ahum: I left my tablets under my seal with you, and in among my tablets Puzur-Suen left you 6 shekels of iron sealed by the ... ... the investor ... has answered me ... an affi I iated trader ... and the tablet ... I.e."
AKT 6c.pdf,a-na l-tur4-DINGIR rKISIB1 En-na-Sit-in,To Itur-ilT; seal of Enna-Suen.
AKT 6c.pdf,"a-na 1-turrDINGIR qi-hirma um-ma En-na-Sit-in-ma as-pu-ra-kum um-ma a-na-ku-ma tup-pu-a a-,~ar: A-la-hi-im DUMU Sal-ma-A -sur i-ha-H-it tup-pu-a : le-qe-ma a-sar ku-wa-ti li-ib-si-u su-ma tup-pu-a : a-sar ku'-wa-ti: i-ba-,5i-it tup-pu-a : ku-nu-ki-a pe-te-ma : 6 GiN a-mu-tum ku-nu-ku sa DUMU Puzur4-Su-in i-na qe-ra-ab tup-pe-a na-ad-a-at a-bi4 a-ta : be-li a-ta DUMU um-me-a-ni-im ke-ni-im a-gu5-ur-ma a-mu-tam a-~e-ri-a lu-ub-lu-nim : il i-na ri-L5 : a-mu-tim ,~[-be : su-ku-un ki-ma a-su-mi DUMU Puzur rStl-in a-mu-tam GAN-lam5 e-ti-qu : a-na-kam um-me-a-nu-um ke-nu-um ta sa sa-ha-tim i-na KB-pi-a e-pu-ld-ni a-bi4 a-ta be-li a-ta a-di En-um-A-sur uz-ni pe-te Letters exchanged with Man-mahir","To Itur-ili from Enna-Suen: I wrote you and said: ""My tablets are with Ali-ahum son of Salim-Assur. Take my tablets and let them be with you."" If my tablets are with you, then open for the seal on my tablets, and (you will see that) six shekels of iron sealed by Puzur- Suen's son is placed with my tablets. rev. My dear father and lord, hire a reliable affiliated trader and have him bring me the iron. Also, set witnesses for the amount of iron to the fact that the iron must pass overland in the name of Puzur-Suen's son. Here a reliable affiliated trader who is not to be feared guaranteed for my sil- ver. 30  I.e. My dear father and lord, do inform me with respect to Ennam-Assur."
AKT 6c.pdf,um-ma Ma-ma-hi-ir Su-ku-tum u 1-ku-pi-a-/ma a-na A-la-hi-im qi-bi-ma i-na pi-ri-ka-ni sa Ha: -nu ub-lci-ni is-te-en Ha-nu a-na li-tab-si-.5u ils-qe i.5-te-en a-na u-ku-ul-ti-/f su' 1 su-ut-ma i/5-qe si-t£ !fU-ba-ti-ka TUG 5 LA 1/6 GIN TA ta-ad-nu KB-ap-su-nu 2/3 ma-na 6 2/3 GiN sA.BA 5 GIN KUG eJ ri-ib 1[-/t]um sa AN.NA i-na Wa-a[h-su-Vsa-na PuzurrA-be-eh i/5-qe ma-na 4 112 GiN KB a-na am-tim ni-L5-qu-/ul 1-li-as-ra-ni ir-di-a-kum 4 ma-na ra 1-qa-ti-su ni-di-in si-ti KB-pi-ka 1 ma-na I 6 GIN KB ku-nu-ki-ni Ha-nu na-as-a-kum Man-mahir,"From Man-mahir, Sukkutum and Ikun- piya to Ali-ahum: Of the 24 pirikannus that Hanu brought, Hanu has taken one for his clothes (and) he has also taken one (to pay) for his food. The rest of your textiles, 22 pieces, were sold for 4 5/6 shekels each. Their value in silver was 1 2/3 mina 6 2/3 shekels. Thereof Puzur-Abeh has taken 5 shekels  of silver, entrance tax for the tin, in Wahsusana; we paid 'i2 mina 4 Yz shekels of silver to the maid. III-asranni led it to you. We gave 4 minas for his expenses. Hanu brings you the rest of you silver, 1 mina 6 shekels of silver under our seals."
AKT 6c.pdf,[a-na Ku-z ]i-zi-a A-l[a-hi-im] [x x]-ni-im u: Sa-at-[A-na] qi-bi4-ma um-ma Ma-ma-hi-i[r-ma] 1/2 GU URUDU SIG5 Be-li-a DUMU DINGIR-kur-ub sa Ti-is-mur-na ha-bu-lam (up-pe-a pe-te-a-lma rup-pu-su se-li-a-ma c/ -[ ma-kam] URUDU u .~i-ba-stl .~a-[a.§-qi-i/5-su] u a-ha-rna 25 ma-[na URUDU] SIG5 .~i-im ANSE su-ut-ma ha-[bu-lam] is-tu urmi-im /;a t[up-pa-am] al-pu-tu-ni a-rna 1 [x ITl.KAM] i-.§a-qal su-ma Ia [i.§-qu-ul] a-na .~f-ib-tim ki-m[a] a-wa-at ka-ri-im i-[la-ak- y.~u-u[m] .~a-ab-ta-.§u-ma URU DU it ~i-ba-sti .5a-ci§-qi-la-l[.§u] a-di ti-ir-ti : i-ia-ka-ni URUDU E i.5-ti-in i-b[a-ri-ku-nu] ku-un-ka-ma li-bir.§f .§u-ma [(..)] a-.~i-ib-tim u-.§a-ha-a[t-ku-nu] ru-la 1 20 u-ta 30 TUG ku-t[a-Yni di-na-su-ma: lig-[mi]-!a-ni u URUDU a-n[ a TUG l]i-L~-qu-llam i-na d[UTU]-si tup-pri-am u-la-pi-ta-ku-nu-ti-ni a-na [Wa- ]ah-.~u-.~a-na a-ta-la-a[k] [ki-ma (up-pi] ta-6.~-me-a-[ni] [li- ]li-kam I GIN KB A-mur-A-.~ur [a-hu- ]ni na-as-a-ku-nu-ti su-hu-pri-/tim [x X ]-ni-.~u SIGs_r tim 1 sa-ma-nim,"To Kuziziya, Ali-ahum, ... num and Sat- [ Anna] from Man-mahir: Behya son of Ili-kumb from Tismurna owes me 6 Y2 talents of good copper. Open for my tablets, produce his tablet and have him pay the copper and its in- terest there. Also, he furthermore owes me 25 minas  of good copper, the price of a donkey. He is to pay within x months from the day I wrote the tablet. If he has not paid (in time), interest will accrue for him in accordance with the rules of the colony. Seize him and have him pay the copper and its interest. Until my instructions arrive, seal it in a house belonging to one of you and let it remain there. If he clears you for the interest, then give him either 20 or 30 kutanu-textiles and let him do me a fa- vour and so let him pay the copper for the textiles. The very day I wrote the letter to you 1 left for WahSusana. When you have heard the letter ... ... should come here. Amur-Assur our colleague brings you 1 shekel of silver. Buy boots ... of good quality."
AKT 6c.pdf,um-ma Ma-ma-hi-i[r ]-/ma a-na A-la-hi-im qi-bi4-ma fu-ma TUG.Hl.A sa Lu-hu-za-ti-< a> u-se-ri-bu-nim Ia u-se-ri-bu-nim uz-ni pe-te c~u-ma u-se-ri-bu-ni' -!§u-nu a-rna-hi u-sa-hi-zu-ka a-na KB ta-er-su-nu a-hi a-ta i-hi-id-ma KB 1 GIN se-rli-/am 1 pa-zu-ur-ta-su-nu 1/2 GIN KB 2/3 ma-na KB i.5-ti En-na-Su-[in] e-ri-su-ma 112 GIN di-rsu- 1nu-rti1 si-ti KB is-ti-ka li-ib-Si,"From Man-mahir to Ali-ahum: Inform me whether or not they have brought in the textiles from Luhuzattiya. If they have brought them in, then con- vert them to silver as 1 instructed you. rev. My dear brother, take care to raise every shekel of silver. Smuggling them cost 7 Y2 shekels of sil- ver. They asked for 2/3 minas of silver from Enna-Suen but give them 7 112 shekels. Let the rest of the silver be with you. I.e."
AKT 6c.pdf,"um-ma Ma-ma-hi-ir-ma a-na A-la-hi-im qi-bi-ma a-di: ma-la it .§i-ni-su ti-ir-ti : i-li-ka-kt1m a-di-i: TUG.Hl.A : sa i-na Lu-hu-za-ti-a : i-ba-""~i-u-ni su-ma : a-mi-sa-am it-se-ri-bu-n i-c~u-nu a-ma-lci ti-ir-ti-a a-na KB : ta-er-su-nu su-ma : lQ u-c~e-ri-bu-ni-fu-nu ti-ir-ta-ka KI : pa-ni-im-ma li-li-kam-ma uz-ni pe-te-e ma-na KB Ha-til-ma sa r ma-~·a-ra-tim l ha-bu-lu (up-pu-c~u ha-ar-ma-am it-ka-al u4-mu-su ma-al-u r i1-ma-{a a-na A -.5ur-ma-lik DUMU I-na-a : qa-ta-tum na-al-pu-ta-ku a-ma-kam A-sitr-ma-lik i-na sa-ha-ti-ka li-zi-/iz-ma ~a-ab-ta-.~u-ma KB sa-as-qi-la-su su-ma KB ta is-ta-qal a-sa-su me-er-a-su e-ru-ba-tu-a .M-~·i-.5u/-nu-ma i-be-ti-ka lu wa-as-ba Man-mahir","From Man-mahir to Ali-ahum: I have sent word to you both once and  twice- concerning the textiles that are in Luhuzattiya. If they have brought them in there, then convert them to silver in accordance with my instructions. If they have not brought them in, send me word with the first transport to in- As to the 1 mina of silver that Hattu owes for the guards, I hold his certified tablet; his terms arc overdue. ... I have been booked as guarantor for Assur-malik son of Innaya. Have Assur-malik assist you there, seize him and make him pay the silver. If he has not paid the silver, take out his wife and daughter, my security, and let them stay in your house."
AKT 6c.pdf,um-ma l\1a-m[ a-hi-ir] u SIG5 -pi-A-[.~ur] a-na A-la-hi-im DUMU Sal-ma-A-sur,From Man-mahir and Damiq-pi-Assur to Ali-ahum son of Salim-Assur.
AKT 6c.pdf,um-ma Ma-<ma-> hi-ir u SIG 5-pi-A-sur-lma a-na A-la-hi-im qi-bi-ma GU 10 ma-na AN.NA ku-nu-ki-ka SIGs-pi-A-sur: ub-lam 7 GIN TA ni-di-in-su-ma: 1 ma-na AN.NA ni-ik-bu-us 7 ma-na 14 GIN KB : u 17 LA 1/4 GIN GUSKIN si-im AN.NA-ki-ka: iz-ku-am-ma GIN KB .~a-du-at AN.NA ti e-ri-ib-tim a-be-et ka-ri-/im ni-di-in : 12 G(J URUDU SIG5 tt I GU lu-lu-urn: SIG5-pi-A-.§ur ub-/am URUDU nu-.wi-ni-iq-ma: 1 GU-tum ma-na T A : im-! i : u-ma-am ku-nu-ki-ka : ni-is-ni-iq-ma GIN im-ti: 1 ma-na TA URUDU-ka GIN TA a-na KB ni-di-.~u 5/6 ma-na 5 GIN KB .~i-im lu-lu-im SUNIGIN KB-pi-ka lu .§l-im URUDU /u .~i-im lu-lu-im 5/6 ma-na 5 GIN KB iz-ku-am-ma sA.BA 1 ma-na I 0 GIN KB r Ma 1-ma-hi-ir: i/5-qe r2ih [GIN KB S]IG 5-pi-A-§ur i/5-qE> [I i GIN lu .na-du-u-tum [lu e-ri-ib-tum a- ]na E ka-ri-/im [ni-di-in: si-ti KB]-pi-k£:1 [11'! ma-na 6 GiN KB .~]a-ru-pa-am [ku-nu-ki-ni SIG 5-pi-A-sur] na-a.~-a-kum [h/ si-im AN.NA URUDU] [h/ lu-lu-im SUNIGIN KB]-pi-kcl [18 113 ma-na u] [mi-ma a-nim ku-nu-ki-ni] [SlG 5 -pi-A-.~ur na-ti.~-a-kum] Man-mahir,"From Man-mahir and Damiq-p1-Assur to Ali-ahum: Damiq-pi-Assur brought 1 talent 10 mi- nas of tin under your seal. We sold it at the rate 7:1, and we subtracted 1 mina of tin. 7 minas 14 shekels of silver and 17 less 114 shekels of gold was cleared as the price of your tin, and we gave 15 shekels of silver as the transport tariff and the entrance fee for the tin to the colony office. Damiq-pT-Assur brought I2 talents of good copper and 1 talent of lulu'um. We checked the copper, and one mina was missing on each talent. Today we checked your seal, and 8 shekels were missing. We sold your copper for one shekel of silver per mina. The price The total ofyour silver, both the price of ver, and of that Man-mahir took 1 mina 10 shekels of silver. Damiq-pT-Assur took 22 shekels of silver. 17 shekels was either the transport tariff or the entrance fee- we paid it to the office of the col- ony. The remainder of your silver, 11 minas 6 shekels of refined silver, under our seals, Damiq-pT-Assur brings to you. Both the price of the tin and of the lu- lu'um- in all your silver is I8 1/3 mina and 17 less 1/4 shekels of gold- all this, under our seals, Damiq-pT-Assur brings to you."
AKT 6c.pdf,"um-ma A-.~ur-JUTC-si it Da-da-a-rna a-na A-la-hi-im qi-birma a-LA.MA ti-ir-ti-ka Su- EN.LIL a-na KB-pi il si-ba-ti-su ni-,ya-ba-at-ma um-ma .~u-til-ma a-na KB Ia ka-a.~-da-ku .~u-ma 3 ma-na KB u-ma-am a-.~a-qa-al-lma u a-na .5i-ti KB-pi-/ka u-me-e ta-sa-ka-na-ni tl KB-pu a-na ni di r su 1 ra-ka-s[i-i]m ma-na KB DUMU um-me-a-nim ke-nim e-pu-ul-ni-a-ti su-m[a a-m ]a-la tup-pu-ni bi-[x x] t[ a-am- ]ta-ga-ar-ni-a-ti rKB1 r ni1-la-qe [u] i-na a-wa-tf-ni su-ma la ta-am-ta-ga-ar-ni-a-ti a-na KB u-la e-pu-ul-ni-a-ti a-ma-kam a-ta ma-la-ka it a-na g(;-mi-li-ku-nu sa Su-dEN.LiL <DUMU> Ma-num-ki-A -sur um-ma .~u-ut-ma 1 ma-na KB a-la-qe-[ma] a-ha-ma En-um-A-sur a-hu-.5u ma-na KB a-na a-bira ha-bu-ul i-na li-bi4 KB-pi-im a-la-qe I. 4: for expected a-ma-la. r i-ir 1-ti-ka ra-ka-s[i-im]. refer to this business of Su-Illil's debt.","From Assur-samsi and Dadaya to Ali- ahum: In accordance with your instructions we seized Su-IIIil with respect to the silver and its interest, and he said: ""I have not been able to acquire the silver. (Will it be acceptable) if I pay 3 minas of silver today, and you then set a term for me for the rest of your sil- ver?"" If you have agreed with us ... in ac- cordance with our letter, we shall re- ceive the silver, but if you do not agree with us in our decision, then he will not have guaranteed the silver for us. You must make up your mind there. Also, as for your favours to Su-IIIil son of Mannum-ki-Assur he said: ""I shall take 1 mina of silver, and fur- them1ore his brother Ennam-Assur owes 1 mina of silver to my father. I Su-lllil I.e.  shall take that out of the silver."""
AKT 6c.pdf,"um-ma A-,5ur-dUTU-si r z1 1 Da-da_r a 1-ma a-na A-16-hi-im qi-rbi 1-ma a-na ma-la ti-[ir ]-ti-ka a-wa-ti-§u ,5a rsu-ctEN.LILl r nu 1-ga-me-[ er ]-ma 3 m [a ]-na KB Su- EN.LIL DUMU Ma-n[u ]-ki-A-sur i-tu-a-ri-su i-.~a-qal Su- EN.LIL DUMU Ma-nu-ki-A-.~ur ma-na KB ne-ri-/1u-ma um-ma su-ut-ma a-na tup-pi-a ha-ar-mi-im al-qe-.~u um-ma ne-nu-ma ,~a tup-pi-ka ha-ar-mi-im A -mur-,§a-ra-lsa i~-c~a-bi-ka-ma e-.~1/-ma a-hu-ur um-ma .~u-ut-ma mi-ma A -mur-sa-ra-sa KB la u-.~a-hi-a-ni KB i-ti-ki-ir um-ma ne-nu-ma su-ma A-mur-sa-ra-sa ti-sa-bi-ka-ma e-,~·u-ma a-hu-ur ma-na-um pci-ra-/a.~ la ta-sa-qa-al um-ma su-ut-ma a-sa-qal .5i-be-e da-nu-tim ni-su-su-lum A-mur-sa-ra-scl KB ~1-.§a-bi-.~u .\1£-be-e da-nu-tim ni-.~u-su-um a-ta a-ma-kam ma-la-kcl ma-na KB ku-nu-ki-ni Ha-nu na-cis-a-ku-um ~i-t[ KB 1 ma-na GiN KB ni-qi-am nu-ta-hi-ma ma-na 15 GIN KB {up-pu-.5u a-na . ~a-na-at ni-i/5-pu-ut L~-tu ITU.3.KAM Su-IIIil","From Assur-samsl and Dada.ya to Ali- ahum: In accordance with your instructions we have concluded the matter with Su-Illil, and Su-Illil son ofMannum-ki-Assur has balanced 3 minas of silver with us. Su- When we asked Su-lllil son of Mannu- k1-Assur for the 3 minas of silver he said: ""1 took it in accordance with my certified tablet.'' We answered: ""Amur-sarrassa paid you in accordance with your certified tablet. Very little remains."" He said: ""Amur-sarrassa paid me no silver."" He contested the silver. We said: ""In case Amur-sarrassa did pay you and only little remains, will you then not pay ... on the mina?"" He answered: ""Then 1 shall pay."" We have strong witnesses against him. Amur-sarrassa did pay him the silver. We have strong witnesses against him. You must make up your mind there. Hanu brings you 1 mina of silver under our seals . The rest of the silver, 1 mina 15 shekels  of silver, we transferred as a sacrifice and wrote his tablet about I mina 15 shekels for a year- 3 months ago."
AKT 6c.pdf,a-na A-h1-hi-im qi-hirma um-ma Ha-nu-ma be-li a-fa a-na-kam .~a-zu-Liz-za-ti1-ka zl a-na-ku Su-dEN.LiL DUMU Afa-nu-ki-A-.S'ur n i-i.~-ha-at-ma a-wa-tf-.vu 11ll-ga-me-er-ma a-na I 5/6 ma-na KB i-na li-hir!m i-ku-un-ma IGI 2 .S'f-na ni-is-ba-su-ma um-ma a-na-ku-ma KB .\:u-qz(-u/ wn-ma .S'u-ut-ma a-hu-a <a-> tir-nu a-na 20 urme-e KB /a-cH-qit-la-ku-nu-tf um-ma ne-[nu- ]ma .~u-ma KB a-na 20 ttrtne-e Ia ta-6/;-ta-qci-al-ni-a-ti i.S'-tzl ITI.1.KAM QL7-ra-a-tim li-mu-um Ma-.~'i-i-li a-na I ma-na-im 3 GfN T A .~i-ih-tcim la til-.~cH7b um-ma .S'u-ut-ma lu-si-ih .S'i-he-e: ni-i.~-lat-un-.{u-um [up-pa-am ha-ar-ma-am qa-ti i-.~a-ha-su .S'u-ma he-li a-lta ti-ir-ta-ka li-li-kam-ma tup-pa-am §a Sf-be zi-ka-al la-ah-ri-im-ma !G-at-be-a-ma la-tal-kam a-we-fum u-na-a-ni a-ma-kam A-r du-da 1 a-ma-la a-we-fum ig-mu-ru-ni .5a-iJ il5 1 pay double interest in case of non-payment.,"To Ali-ahum from Hanu: My dear lord, your agents and I seized Su-Illil son of Mannu-kT-Assur here, we concluded his affair, the debt of his was determined at I 5/6 mina of silver, and we seized him before two witnesses, and I said: ''Pay the silver!"" He answered: ""Dear brothers, I shall pay you the sil- ver in 20 days."" We said: ""If you have not paid us the rev. silver within 20 days- reckoned from the month Qarra'atum, eponymy Ma~i­ iiT- will you then not pay interest of 3 shekels per mina?"" He answered: ""I shall pay the interest."" We set witnesses for him. I personally seized the certified tablet. Ifyou are truly my lord, send word here, I hold the tablet with witnesses; I  shall certify it, set out and come. The man cheats me. Ask Aduda there how much the man  has spent."
AKT 6c.pdf,a-na A-la-hi-im qi-lbi4[-ma] um-ma Ha-nu-ma a-na-kam Su- EN.[LTL] .5a-zu-uz-ta-ka u a-na-ku ni-i~-ba-at u4-me-e a-na KB sa-qa-lim: ni-L~-<ku->un-/.§u-um urmu-su im-lu-u-ma su-ut-[rna] a-na ma-at rHa 1-ra-bi4-is i-ta-la-ak um-ma .~u-ut-ma u4-MU-e: l6 ta-ha-ta-ra-lni a-tu-ra-ma KB a-sa-qa-!6-ku-um a-na-kam (up-pa-am sa hu-bu-ul Su- EN.LIL ka-!fa-ar i-Ii-dan : niJ is 1-hu-ur-lma {up-pa-am la-.§u a-ma-kam A -mur-.sa-ra-sa sa-i-ils-ma a-sar {up-pu-um i-ba-si-u ti-ir-ta-ka is-ti pa-ni-im li-li-kam,"To Ali-ahum from Hanu: Here your agent and I seized Su-Illil. We set a tenn of 20 days for him to pay  the silver. His term is up, but he has gone to the land Harabis. He said:  ""Do not bother me for 10 days. When I  return I shall pay you the silver.'' Here we searched for the tablet con- Su-lllil ceming the debt of Su-Illil, III-dan's packer, but the tablet is not here. 20 e.  Ask Amur-sarrassa there where the tab- let is.  I.e. Send word as soon as possible."
AKT 6c.pdf,[qi- ]bi-ma a-ma-[la ti-ir-ti-ka] rsu-dEN1.LIL ni-[i.~-ba-at-ma] rsu-dEN.LIL1 ka-!fa-ar 1-li-dan r i/5-qe-u 1 1 ma-na KB sa a-na ta-[x- ]li-im pi qa-ta-ti-su [u- ].~a-hi-ir-ma i-na ma-na si-ti KB 113 GIN KB a-na u-~a-hi-ir-ma fup-pa-ka ha-a[r-]rna-am nu-se-!ji-a-ma u zurr u- zn na-as-a- [x] i-qe-er-birim [x x x] 1 1/3 GIN KB [ ... ] a-di 1 ma-na KB [ ... ] e i-sa-qal [ ... ]-ri-im [ ~u- ]ba-tam i-[ ... J [x] Su-dEN.[LIL ... ] [xx]x lu 113 m[a-na ... ] to do with one or two persons called Su-Illil.,"From ... to Ali-ahum: In accordance with your instructions we seized Su-IIlil, and of the 3 minas of silver that Su-IIlil, Ill-dan's hamessor, received, I deducted 1 mina of silver for ... at the order of his guarantor, and of the 1 mina of silver, the rest of the sil- ver, I deducted 18 1/3 shekels of silver for your tablet stating that he owed it to me, we produced your certified tablet shekel .. . within .. ."
AKT 6c.pdf,um-ma A -sur-sa-d[z./ -e] A-mu-ur-sa-ra-sa it Sa-lim-wa-ar-dim-[ ma] a-na A-lri-hi-im qi-bi[ -ma] ma-na AN.NA [ ku-n ]u-ki-ka Sa-lim-wa-ar-[ di] rub- 1-lri-ram 1 a-na ma-la ti-ir-ti-ka AN.NA a-na A -mu-ur-sa-ra-sa it Sa-lim-wa-ar-dim ni-di-ma a-na li-bi ma-tim u-se-ri-bu-ma r61 1/2 GiN TA a-na an-ni-ki-ka ub-lu-ni-kum SA.BA 3 1/2 GiN .~a-du-a-trim ni-di 4 2/3 ma-na 2 l/2 GiN KB ku-nu-ki-ni Sa-lim-wa-ar-/dim na-ris-a-ku-um 1 GiN KB a-na qri-ti-su ni-di-in a-na su-mi Su-dEN.rLfL1 sa ni-is-pu-ra-ku-ni ma-na KB Su-dEN .LiL DUMU Ma-nu-ki-A-sur e-pu-ul-n[i-a-ti] is-til Sa-lim-wa-ar-dim i-li-ka-ni Su-ctEN.[LiL] lri-.~u a-su-mi-su Sa-lim-wa-[ar-dim] nu-sri-as-hi-ir-.n u] i-na a-lri-ak [Su-dEN.LfL ti-ir-tam] za-ku-trim ni-sa-pri-ra-kum,"From Assur-sadil'e, Amur-sarrassa and Salim-wardi to Ali-ahum: Su-Illil Salim-wardi brought 31 minas of tin un- der your seal. In accordance with your instructions we gave the tin to Amur-sarrassa and Salim- wardi and they led it into the heartland, and they brought you (silver) at 6 V2 shekels per (shekel) for your tin for you. transport tariff. Salim-wardi brings you 4 2/3 minas 2 V2 shekels of silver under our seals. We gave 1 shekel of silver for his disposal. With respect to Su-Illil about whom we wrote to you, Su-lllil son ofMannum-ki- Assur promised 3 minas of silver to us. After Salim-wardi came Su-Illil was gone. Because of him we made Salim-wardi wait 10 or 20 days. When Su-Illil arrives we shall send a fi- nal report to you. I.e."
AKT 6c.pdf,"a-na A-ld-hi-im qi-bi-ma um-ma A -mu-ur-r,5a-ra-su 1 a-[ma]-la A-sur-ctUTU-si ru Da1-da-a r is 1-pu-ru-ni-ku-ni a-na-kam a-na-ku Ia x[ x n ]i-ma is-p[ u-ru ]-ni-ku-um a-ma-la a-we-lu is-pu-ru-ni-ku-ni su-ma: a-wa-tum ti-ir-ta-ka : li-li-kam-ma a-wi-lam : KB lu nu-sa-as-qi-ils [is]-ti a-li-ki-im pa-ni-e-ma : i-hi-id-ma ti-ir-ta-ka li-li-kam a-na ka-la KB la-qa-im : u-za-ka ta i-ba-si KuJ ra 1[x x x] r la 1 i-sa-qal a-[x x x x x ]-mi-ka Su-Illil The Istar-lamassi dossier","To Ali-ahum from Amur-sarrassu and from Su-Illil: In accordance with what Assur-samsi and Dadaya wrote to you I and Su-Illil here ... and they have written to you. In accordance with what the men wrote to you, if there is a case, then send me word so we may have the man pay the silver. Pay attention and send me word with the first transport. Do not focus on taking all of the silver."
AKT 6c.pdf,"um-ma A -la-hu-um-ma a-na Su-!§tar it !§tar-lci-ma-lsi qi-bi-ma ,§u-ma u-ta-tum is-tit Tii-ma-li-a e-ru-ba-am 2 As u-ta-tam a-na am-ti-su sa A-mur'-l§tar di-na-a i-na na-ru-q i-im ka-an-ka-a Ha-su-i u Na-ki-le-ed na-cis-tl-ni-kum","From Ali-ahum to Su-IStar and IStar- lamassi:  If the grain has arrived from Tumliya, give 2 30-litre measures of grain to Amur-IStar's maid. ... are sealed in a sack. Hassui and Nakiled are bringing it to you."
AKT 6c.pdf,a-na En-na-Su-/in qi-bi-ma: um-ma !§tar-la-ma-si-ma ta-as-li-a-ni-/ma r Hu 1-du-be-li ta-t£t-ru u a-hu-k[a] r a-ta-zi-ma 1 ra.s fa l i-na,"To Enna-Suen from IStar-lamassT: You implored me in order to return Hu- du-beli ... Also, your brother ... rev. I.e."
AKT 6c.pdf,"r um-ma 1 [ Su- ]lstar-ma a-na Zi- r zi 1-zi-i : u Btar-la-ma-si qi-bi4-ma r1 o') GIN1 AN.NA A-nu-pi-a na-[as]-a-ku-nu-ti um-mi a-ti e-la-nu-ki ma-ma-an Ia i-.~u .~u-uh-ra-am r/ti tu 1-me-si: a-~'e-er x- x u -nu-p1-a [xx]ga rx 1[-z]i-ik [x DUG a]r-sa-tim [l]i-di-na-ki-NV -ti u-di a-na-ma a-na-kam u-sa-hi-[su] u a-ti a-wa-tim :sa nu-a-im 3 GIN KB sa e-zi-bu KB lu a-na-ku r as1-qullu A -bu-sa-1/im is-qul ti-ir-ta-ku-nu li-li-kam one"", but the sign-rests do not support such a reading.","From Su-IStar to Zizizi and TStar-lamassT: Anupiya brings you I 0 shekels of tin. My dear mother, without you I have noone. Do not let the children starve. ... to ... and Anupiya He should give you ... a jar of wheat. Certainly, in this way I instructed him here and as for you, in the matter of the Anatolian, send me word about the 3 shekels of silver that I left, whether I myself paid the silver or whether Abu- salim paid it."
AKT 6c.pdf,[ u ]m-ma Su-ku-tum-ma a-na !Star-la-ma-s[£] it N z! -ta-ah-su-.§ar .§a ta-as-pu-ra-ni-ni um-ma a-ti-na-rna E-tum a-na Ia be-tim i- r tit-ar 1 a-pu-tum a-n[a En ]-um-A-sitr i-[x X ]-ni-ma e sf-Ina Ia ta-ha'-di-ri a-na !Star-la-ma-s[£] qi-bi4-ma su-ma a-ha-ti a-ta li-ba-am di-ni-si-im la ta-ha-da-ar a-na Ni-ta-ah-su-sar qi-b[irma] TUG pi-ri-ka-ni s[a] re 1-zi-bu: na-[pi-]H-rsu 1-nu it tup-pu-u lu .~a-r.~u pi-ri-ka-nu sa Ma-r ti1 it Ti-bu-la ;r ma-a-x 1 is-ta-u-mu-ni [ a-di] En-urn-A -.~itr i-la-ka-ni a-ma-ma-/an !a tit-se-ri [x] GIN KB dUTU-tap-pa-i [ub- ]la-ki-im 1 GIN GUSKIN r it 1 [x] GIN KB 1-ku-pi-a ub-la-ki-im,"From Sukkuturn to IStar-lamasst and Nitahsusar: Why is that you (fern. plur.) have written me, saymg: ""The house is no longer a house."" Urgent, to Ennam-Assur Do not fear!. To NitahSusar: Air the pirikannu-textiles that I left. Also, the tablets should be guarded. The pirikannus which Mati'1 and Tibula ... have bought do not release (them) to anyone before Ennam-Assur arrives. I.e. Sarnas-tappa'I brought you x shekels of silver. lkiin-piya brought you 1 shekel of gold and x shekels of silver."
AKT 6c.pdf,GIN KB A -gi-a na-as-a-ki-/im na-{ic~-a-ki-im a-na Btar-la-ma-si qi-birma .§i-im pi-ri-ka-ni i.§-ti .yu-ha-!r/ -ku-nu IStar-lamassi,Agia brings you (fern.) 3 shekels of sil- ver. Puzur-Assur brings you (fem.) 3 shekels  of silver. To IStar-lamassi: The proceeds from the pirikannus (will come) with your servant.
AKT 6c.pdf,"um-ma A-§ur-dUTU-si u Da-da-a-rna a-na A-16-hi-im : qi-bi-ma I ma-na KB : ku-nu-ki-ni Ili5-we-da-ak : na-(i~-a-kum I 0 GiN : hu-sa-ru-um SIG5 wa-at-ra-am le-qe-a-am §i-tf KB :sa-am-tum mi-i§-fitm : ka-bu-tum mi-L5-ftlm : a-ra-ak-tum lu ra-bira-at ku-nu-uk-ma a-na : Ili5-we-da-ak di-in-ma i.C;J tf1 z- e- e pa-m-ma [tur4]-da-,§u : a-we-e!","From Assur-samsi and Dadaya to Ali- ahum: 111-wedaku brings you l mina of silver under our seals. Take 10 shekels of extra- fine lapis lazuli for me. For the rest of the silver seal carnelian, half of it heavy, half long- it should be big! - and give it to Tli-wedaku and send him with the first travellers. We are men who can do favours."
AKT 6c.pdf,"um-ma A -mu< -ur> -,C;a-ra[ -sa-ma] a-na-kam A-gu5-a : Tit-[ ... ] u Su-hu-ur-pi-a A-sur-i-mi-ti DUMU 1-[ku-pi-JStar] assic_bu-tit-ni-ma um-ma .~u-nu-ma t[a ... ] A -.~ur-i-mi-ti a-[ na] A -Ja-hi-im [ ... ] ki-ma : Ia [ ... ] a-ni : {u[p-... ] ra-ma-k[ a ... ] um-ma A-su[r-i-mi-ti] u iR A-sur-[i-mi-ti-ma] a-na-ku a-l'va-[stl-nu] a-ta-na-pa-al [ .. i.§-ti] pa-ni-e-ma: ti-[ir-ta-ka] li-li-kam-ma [ ... ] am' -ti : u a-~e-er [ ... ] su-up-ra-ma: su-[ ... ] zs-tz-a : z-na r- .. . IR-dam : i-pa-rx 1 [ ... ] aJna1 ti-ir-ti-[a] na-hi-id [ ... ] is-ti Se-ep-[JStar] [za ]-ku-sa .~u-up-ra-/am la u-pa-ru-du-ni","Here Aguwa, Tu ... and Suhurpiya have seized Assur-imitti son of Ikun-pi-IStar and they said: "" ... Assur-imitti to Ali-ahum Assur-imitti and Assur-imitti's slave an- rev. swered:  ""I personally keep answering their words. Send word as soon as possible, and and write to ... the slave ... instruct (him) about my orders."" Write a final report with Sep-IStar, so I.e. they do not frighten (anyone)."
AKT 6c.pdf,a-na A -Ia[ -hi-im],To Ali-ahum; seal of Amur-sarrassa.
AKT 6c.pdf,a-na A -IG-hi-im u A-ni-na qi-bi-ma um-ma A -sitr-ma-lik-ma 2/3 ma-na KUG ku-nu-ki-a U-~ur-sa-A-sitr DUMU A-ta-ta na-as-a-ku-nu-ti KB a-di a-la-ka-lni a-sar A-!G-hi-im li-ib-si,To Ali-ahum and Annina from Assur- malik: U~ur-sa-Assur son of Atata brings you 8 2/3 minas of silver under my seal. The silver should remain with Ali-ahum until I arrive.
AKT 6c.pdf,"um-ma Su-Hu-bu-ur-ma it Ha-nu-ma a-na A-la-hi-im qi-birma a-su-mi sa A-lu-16-a sa ta-as-pu-ru-ni a-na-kam ni-.~i-ba-su-ma wn-ma mi-nu-ma KB su-qu-ul um-ma su-ut-ma KB wa-di u-te-biril5-,5u-um wa-biri/5 KB-/pi-im Bur-Sit-in u A-la-bu-um a-hu-su um-ma su-ut-ma .5u-nu ub-lu-su-ma KB a-.5u-mi sa Su-ku-tim a-na-kam Su-ka-tam ni-i.~-ha-at um-ma m!-nu-ma KB .~u-qtl-ul r sa 1 e-ma-ra-am E DAM.GAR-ri-im ni-si-a-ku-ma tup-pi-ni ha-ar-mi-im KB tl .~i-ba-su im-ti-id um-ma su-ut-ma i.5-ti a-hi-a en-na-ma KB u-se-ba-al a-na-kam A-zu ni-i.~-ba-at-rna um-ma m?-nu-rna KB su-qll-ul urn-rna su-ut-ma ha-ab ha-ra-ni-kcl I Su-ka-tcim:) -rna KB a-sa-qci-al-ma u-se-ba-al-ma .§a ki-ma i-<a>-tf i-sa-qu-lu-.~u-um i-re-es 15 tup-pi-a i-sa-qll-lu-su-um","From Su-Hubur and Hanu to Ali-ahum: Concerning the matter of Alulaya that you wrote about, we seized him here and said: ""Pay the silver!'' He answered: ""But I have sent him the silver. Those who carried the silver were Bur-Suen and his brother Ali-abum."" He continued: ""It was those who brought it to him,"" and as the silver was (sent) in 1 0  the name of Sukkutum, we seized Sukku- tum here and said: ""Pay the silver for the of a merchant, and for which the silver rev. and interest has grown heavy on our cer- tified tablet."" He answered: ""Ask a favour from my brother, that he should send me silver."" We seized Azu here and said: ""Pay the silver!"" He answered: ""When you are about to leave I shall pay the silver for(?) Sukkutum and send it and my representa- tives can then pay him. I.e. They shall pay it to him according to my tablet."
AKT 6c.pdf,"a-na A-la-hi-im qi-bi4-ma um-ma Ha-nu-ma a-ma-la ti-ir-ti-ka Su-Hu-bu-ur it a-na-ku ni-zi-iz-ma A -lu-lc/ -a ni-is-ba-lat-ma um-ma mi-nu-ma KB il .~f-ba-ti-.§u .§u-qLi-ul um-ma A -!u-ti/ -a-ma KB i/;-tit ITI.l.KAM Bur-Su-in Li-.§e-bi4-il5-su-um a-di ta-ah-si-is-tim .~a hl-sa-hi-zi-ni A-lu-ta·'-a a-as-al-.§u-ma um-ma su-ut-ma La-qe-pu-um DUMU Su-A _r.~ur 1 u-ka-al-si it A-hu-wa-qar DUMU Zu-ur-zu-ur a-6.5-al-ma um-ma su-ut-ma ta-ah-rsi-is 1-tam lli5-ba-ni DUMU Ba-.51-li u-ka-al-si A-zu' a.~-ba-at-ma um-ma .5u-ut-ma ki ma-~·i lu KB iz/ pi-ri-ka-ni-ka 5 GiN T A a-la1 -qe um-ma su-ut-ma ba-ab ha-ra-ni-ka KB u 0i-ba-su a-ka-na-ka-ma a-di Si-li-lip-ka-im Su-ka-tam as-ba-at-ma um-ma su-ut-ma si-li-ip-ka-lum i-ba-si a-di-ni-ma be-li a-ta a-ma-kam tit-na-hi-da-ni um-ma a-ta-ma a-na u4-me-su it-se-ra-kum urma-am ta-ciS-ta-na-me k(-ma si-mu-um ka-sit si-mi a-da-ma a-ta-be-a-ma a-ta-la-kam with nos. 496-499, in which we find Ahu-waqar and Ill-bani.","To Ali-ahum from Hanu: In accordance with your instructions Su-Hubur and I stood up and seized  Alulaya and said: ""Pay the silver and its interest."" Alulaya answered:  ""I sent him the silver a month ago with Bur-Suen."" With respect to the memorandum that you instructed me about I questioned Alulaya, and he answered:  ""Ui-qepum son of Su-Assur has it."" I also questioned Ahu-waqar son of  Zurzur, and he answered: ""HI-bani son of Basi-ilT has the memo- randum."" I seized Azu and he answered: ""I shall take enough, either in silver or from your pirikannus at 5 shekels per  piece."" He said further: ""At your depar- ture I shall seal the silver and its inter- est""; and I seized Sukkutum about the .~ilipka 'u-textile and he answered: 25  ""The silipkii 'u is available.""  It still is, and you cautioned me there, my dear lord, saying: ""I have released them to you on terms."" 30 u.e.  Today you keep hearing that trade is at a standstill.  I.e.  I shall sell my goods, set out and come."
AKT 6c.pdf,"a-na A-sur-ni-iw-ri A-la-hi-im dUTU-ba-ni it Nu-ur-Istar qi-birma um-ma Puzur4-A-na-ma a-na dUTU-ba-ni qi-birma a-~e-er ta-ah-si-is-ti-ka GIN KB sa wa-ar-ka-tam tit-.~a-ni it-ra-di-it-ni-kum ma-na AN.NA ku-nu-ki-ka it ku-nu-uk PuzurrA-,~ur sa te-zi-ba-ni IGI Da-rak1-ni-birim IGI En-na-Su-in IGI 1-di-A-sur DUMU Ku-zi-la-/nim a-na rpuzur41-A-sur DUMU i-li-a as-nPiq-su 1-ma r13 1 2/3 ma-na-su 5/6 r ma-na T A 1 a-na-ku a-su-mi-rka 1 as-qu-ul: SUNIGIN 112 ma-na AN.NA i-si-qi-i/5 ma-na-um ab-num sa [ u- ]Sa-qi-lu 1/3 ma-na ra-birat i-na i/ -ni-/tim ,§u-uq-la-tim ,§a um-me-a-ni-a I a-na pa-tit-ri-im i-zi-iz a-df AN.NA ma-sf-ra-am u-sa-as-qi-li-ni a-hi a-ta 7 GIN T A KB a-na AN.NA-ki-a: a-na sa ki-ma i-a-tf su-qu-ul : lu gi5-mi-lu-um i-a-ti ki-ma ag-mi-lu-ka-ni-ma ha-ra-nam a-di-na-ku-r um 1","To Assur-nimr1, Ali-ahum, Samas-bani and Nur-IStar from Puzur-Anna; specifically to Samas-bani: In addition to (what was in) your memo - they added 6 shekels of silver for you from after you left; 13 minas of tin under your seal and the seal ofPuzur-Assur that you left me. Suen, by Iddin-Assur son of minas at 6 5/6 minas each for you. In all, 19 12 minas oftin were paid. The 1 0 mina weighing stone by which he weighed was 1/3 mina too large. He is ready to open the packages of my investors .... Until he has made me pay the masiru- tin, my dear brother, pay 7 shekels of silver per (mina) for my tin to my rep- resentatives. May it be a favour for me since I have done you a favour and I have arranged a caravan for you."
AKT 6c.pdf,a-na U-sur-sa-!Star it A-.5ur-ba-ni qi-bi-ma um-ma rA-la 1-hu-/um-ma it-qit-ra-am .5a i. rGIS 1 il5-pu-tit-ku-nu-/ni ta-al-qe-a it-qit-ru-um 1/2 GiN URUDU : la tit-ba-a! ki-ma KB GIN KB «1m it 1/3 ma-na li-bi-i : im-ta-ra-/a~· a-ma-kam : a-na U-.~ur-sa-Istar di-si-ma a-na am-tim li-di-lsi su-ma : fa ta-di-in-lsi li-bi4 i-ma-ra-a~·,"To U~ur-sa-IStar and Assur-bani from Ali-ahum: You have taken the spoon with which 5  they anointed you with oil. The spoon is not worth Y2 shekel of worth l 0 or 20 shekels of silver. Give it to U~ur-sa-IStar there so he can give it to the maid. If you have not given it, I shall be up- set."
AKT 6c.pdf,"a-na A -[la-h ]i-im qi-bi-ma um-ma A-li-a-ma i-pa-ni-ti dJ-pu-ra-rkum 1 um-ma a-na-ku-ma (up-pu-um sa 4 ma-na 12 GIN KB a-na Su-A-sur a-na 1 1/3 ma-na 3 GIN KB a-na .~a-par-tim ti-di-i : KB .~u-qu-ul-ma u ti-ir-ta-ka li-li-kam-ma la-tal-kam be-li a-ta a-~e-er {up-pi-im .fa 1-ti-ab-.fi-na-ti sa L~-ti-ka i-ba-si-~1 il (up-pu-um .~a hu-bu-ul 1-[i-ib-.~i-na-ti-ma .~a i.~-tu li-mi-im lb-ni-JIM i-.~a-tim 112 ma-lna T A u-sa-qu-lu a-na-/ku u-ka-al A-ta-ta me-ra-lsu -.~a-ra-/sa i!i-ti AJ mur a-mi-sa-am i-ta-al-kam KB 1 ma-na u 2 ma-na SIG5-x-x i-ra-di give: ""You deposited the tablet ... to Su-Assur ... ""","To Ali-ahum from Aliya: I wrote you before, saying: ""As for the tablet concerning 4 minas 12 shekels of silver- you know (it was giv- en) as a pledge to Su-Assur for I 1/3 mi- mina 3 shekels of silver- pay the silver and then send me word so I may come."" Itiab-sinati that is with you, I have the minas of silver, that he is to pay (in in- stalments) of Y2 mina per year reckoned from the eponymy of lbni-Adad. His son Atata came there with Amur- sarrassa. Damiq-... will lead some one or two mi- nas of silver."
AKT 6c.pdf,[a-na A -lti-hi]-im [ u J-k ]u-pi-A -sur [qi-bi]-ma um-ma [A-l]i-a-ma tup-pu-lu [sa] a-birni: is-te-enx [t]a-ma-la-kum ku-nu-ku-a it ku-nu-ku-u .§a A-gu5-a il a-ha-ma i-na .~i-il.'i-a-ni r ki-16 1[ -li-i]n U [x x ]-a it is-te-/enx [ta- ]ma-la-kum [ku-nu- ]ku r.§a [ ... ]a-na [ ... ]-ku a-sa I ki-ma [ ... ] ip-qi-id,"To Ali-ahum and lkun-pi-Assur from Aliya: The tablets belonging to our father, one single tablet-container under my seal and Aguwa' s seal; also, further in both the .~ilianu­ containers and ... 10 e. rev. ... and a single tablet-container sealed by our father ..."
AKT 6c.pdf,"um-ma Su-Hu-bur-ma a-na A-la-hi-im u A-bi-a-a qi-bi-ma 2/3 ma-na AN .NA sA.BA 3 sa-bi-ra-tim sa bi-a-ni-su KI.LA.BI ma-na mi-ma u-ta na-ak-sa u 1 li-um 5sic LA 113 ma-na i-na ku-nu-ki-a ka-ni-ik a-su-mi A-ha-i si-ta? -am na-[ as]-u-ni rX X 1 pa-hi-ir-su-ma rz/ 1-la ak-nu-r uk 1 dVTV-tak-la-ku ru11 En-um-A-.~ur na-as-u-ni-ku-nu-ti GIN ig-ri-su-nu aq-bi-su-nu AN .NA li-di-nu-ni-ku-nu-ti-ma u KB di-na-su-nu-ti a-di si-na urme-e a-ma-kam wa-a,~-ba-ku","From Su-Hubur to Ali-ahum and Abiya: 20 2/3 minas of tin, thereof 3 blocks ... their weight was 15 minas. Nothing was cut off. Aiso one ingot of 4 2/3 minas was sealed by my seal. On behalf of Aha'i they bring the rest. ... gathered it but I did not seal it. Samas-taklaku and Ennam-Assur bring it to you. I promised them 5 shekels as wages. When they give you the tin, you then give them the silver. Within two days I shall be there."
AKT 6c.pdf,[KIS]IB Su-Be-lim [DUM]U /-su-SUDx a-na En-na-Su-in a-hi-su u A-!6-hi-im DUMU Sa[l-m ]a-A-.~ur,Seal of Su-Belum son of Issu-arik; to his brother Enna-Suen and to Ali- ahum son of Salim-Assur.
AKT 6c.pdf,"um-ma Su-Be-lum-ma a-na En-na-Su-in t! A-lti-hi-im qi-bi4-ma TUG qa-du-um sa ru-ha-ri-im u .~i-na : ma-as-ku-nu : Zu-ba it diM-ba-ni mu-pa-zi-ru-zl na-6.§-u-ni-ku-nu-ti GIN KB : ig-ri-su-nu di-na-~~u-nu- [ti] u GIN rK1[B x x] a-di r se1-bi4-fa [x X ]-bu-rma 1 . ~u-ha-ru-um [Ia i-sa ]-hu-ur tit-ur-da-ni sa 1 GiN KB : s[f-ni-i]n u se-na-tim: .~a si-ni-ri.~ .§a-ma-ma : se-hirla-nim a-pu-tum: TUG.HI.A ma-la : ta-le-e-a-ni di-na-c~u-nu : a-hu-z'1-a a-ti1-nu : Lu-lu : TUG. HI .A a-hi-u-tim : u.~-te-ne-ra-ab u a-tit-nu : i.5-ti-su nam-gi5-ra-ma : is-ti ~u-ha-ri-im ·Ft-ha-ar-su le-ti-qam-ma: TUG.Hl.A lu 20 lu 30 : lu-""~e-ti-qam","From Su-Belum to Enna-Suen and Ali- ahum: Zuba and Adad-bani, the smugglers, bring you 11 textiles, including those belonging to the servant, and two cov- ers. Give them their wages, 10 shekels of Buy shoes for 1 shekel of silver and some shoes for women and send them. Urgent, as for the textiles, sell them as well as you can. My dear brothers, Lulu keeps having textiles belonging to strangers brought in, so you must reach an agreement with him that his servant travels here with the servant, so he may send 20 or 30 textiles here."
AKT 6c.pdf,um-ma Su-[Be-/Um-ma] a-na L[a-qe-ep] u : A -Ia[ -hi-im] qi-bi-ma 15 TUG [.~u]-/ba-ti Wa-si- rib 1-ru-ba-ni na-a.~-a-ku-nu-ti ma-as-ku-nu [x+ ]5 GIN KB [ig- ]ri-su di-na-su ma-na SIG.HI.A .~a Sa-zu-a a-na 1-su-ri-ik di-na-rna : a-na hu-ur-1..5i-ka lu-bi-i/5 GiN KB Sa-lim-be-li sa-di-na 1 GIN KB di-na-rna sa-hi-ir-tam sa-ma-su-um,From Su-Belum to La-qep? and Ali- ahum: Wasibru-bani brings you 15 textiles (and) 2 covers. rev.  silver. Give 20 minas of wool belong- ] 0  ing to Sazuwa to Issu-arik and let him bring it to your store-room. Make Salim-beli give 4 shekels of sil- ver. Give 1 shekel of silver and buy small goods for him.
AKT 6c.pdf,a-na A--16-hi-i[ m] u A-sitr-m[a-lik],To Ali-ahum and Assur-malik; Seal of Iddin-abum
AKT 6c.pdf,"a-na A-ha-tim KI[SIB] A-la-hi-im it Seal of Iddin-abum, cf. comments to no. 663.",To Ahatum; seal of Ali-ahum and seal of  Iddin-abum.
AKT 6c.pdf,"a-na A-la-hi-im it A-sur-ma-lik qi-birma um-ma 1-di-a-bu-um-ma as-pu-ra-ku-nu-ti is-ti Be-fUm-ba-ni um-ma a-na-ku-lma A -sur-be-el-SA. TU DUMU A-la-hi-im KB a-na A-limki a-na ,~i-a-ma-tim i-di-nam ma-hi ta-le-e-la-ni a-wa-tam bu-ut-qa-ma zi ti-ir-ta-lak-nu rti 1-li-kam-ma KB [u-,5e- ]birla-ku-nu-ti-ma su-r uq 1-la-,~u-um a-hu-u-a a-ttl-nu lu a-wa-twn ba-at-qa-lat a-ni-tum la a-ni-tum ti-ir-ta-ak-nu li-li-kam-ma uz-ni pe-te-a a-hu-u-a [a ]-tit-nu ih-da","To Ali-ahum and Assur-malik from ld- din-abum: I wrote to you with Belum-bani, saying: ""Assur-bel-sadu'e son of Ali-ahum gave me silver for purchases in the City."" Settle the affair as well as you can and rev. then send me word so 1 can send you silver and you can pay him. My dear brothers, send me word and in- form me one way or the other whether the affair has been settled. I.e. My dear brothers, take care."
AKT 6c.pdf,"um-ma 1-di-A-sur-ma a-na Ha-nu-nu (erasure) A-la-hi-im z{ E-na-na-tim qi-bi-ma sa 2 ma-na KB ~a-ru-pi-im ma-hi-ir A-lim""; En-um-""JM a-na DAM.GAR-ri-im ha-bu-ul tup-pu-su ha-m·-ma-lam a-na-ku u-ka-al i-nu-mi DAM.GAR-ru-um (up-pu-,5u [x x x (x)] 15 GIN T A [x x x n ]a A-limk .yi-ib-tim li-i~-hi-ir .~i-ib-tiun lei ta-ga-mi-!a-/su .~a-as-qi-li~-.~u-ma i.~-ti a-li-ki-im pa-ni-e-ma se-bi4-la-nim ih-da-ma ~a-as-q[i-l]a-.~u tup-pa-am I sa hu-bu-li-.§u sa 30 ma-na is-ti E-na-na-tim i-b[a-si (..)] a-li-bi4 : (up-pe-a Uu-uk-na-ma] it ti-ir-t[ a-ak-nu li-li-kam J","from Iddin-Assur to Hanunu, Ali-ahum and Ennanatum: Ennam-Adad owes worth 2 minas of re- fined silver at the market price in the City to a merchant. I personally have his certified tablet. When the merchant ... his tablet 15 shekels ... ... the City ... let him deduct ... of the interest. Make him no favours on the interest. Make him pay and send it with the very first transport. Take care to have him pay . The tablet concerning his debt to the eponyms, concerning 30 minas, is in En- nanatum's possession. Place it among my tablets and then send me word."
AKT 6c.pdf,wn-ma 1-di-A-sitr-r ma a-na 1 A-la-hi-im Ha-nu-nu E-na-na-tim it Ki-ba-al qi-bi-ma r.§u 1-ma AN.NA sa En-nam-diM -.~a-(i~-qi-lit a-na rKB1 ta-e-ra-ma KB a-na Ki-ba-al di-na-ma a-ma-hi tf-ir-tf-a : le-pu-lus zi ti-ir-ta-ku-nu KB ma-lr:i : ta-di-na-.~u-ni li-li-kam {up-pi-a zi hu-ur-sa-ram 1 a-tz~-rnu 1-ma rku-un' 1-ka E-na-na-ta-am na-hi-da-ma : ba-lu-ku-nu {up-pe-e-a : ma-ma-na Ia i-pa-te : ma-ma-an e is-li-.§i cerning his tablets and store-room.,"From Iddin-Assur to Ali-ahum, Hanunu, Ennanatum and Kibal: If you have had Ennam-Adad's tin paid, then convert it to silver, give the silver to Kibal and let him act in accordance with my instructions. Also, send me word about how much silver you have given him. You have to seal for my tablets and the 15  Give Ennanatum instructions that no one rev.  must open for my tablets without your pem1ission. No one must deceive."
AKT 6c.pdf,"um-ma E-na-ah-DING[IR-ma] a-na A-la-hi-im q[i-bi]-ma a-pu-tum i-na .~a-[ a ]m-.~i tup-pa-am ta-.~a-me-u ti-ib-a-ma a-tal-kam a-n[a Sa-l]im-A-/.{ur a-hi-ku-nu i.~-t[i x x- ]tim i-ba-sf-u [ ... J URUDU SIG5 sa qa-su rii 1-[ ... ] a-na ni-bi-it URUDU SIG5 IGT .~i-bi ta-ah-si-is-ta-/ka i-di-ma ti-ib-a-ma a-tal-kam it a-na-kam L~-ti um-me-a-ni r lu-za-ki 1-ku-nu i-na ba-ri-ku-nu Ia tit-z,t.~-te-.~a-[ a- ]ma um-me-a-nu za k[a-... ] a-we-la-tit1 -ku-nu [ ... ] la i-ha-li-[qa ... J ta-sa-la-t[ a ... ]","From Enah-ili to Ali-ahum: Urgent! The very day you hear the letter you must set out and come. To your (plur.) father Salim-Assur ... . .. what is present ... copper of good quality that he has per- sonally ... deposit a memorandum before witnesses with specifications of the good copper, and set out and come here. Also, I shall clear you here with the in- vestors. You must not quarrel with each other ... , and the investors should not ... ... your women ... should not be lost ... you (plur.) must (not) act rashly ..."
AKT 6c.pdf,a-na A-la-hi-[im] qi-bi-ma um-ma A -di-[x x ]-la-ma a-di sa a-di urmi-/im a-ni[m x] rna- 1ru [ ... ] lu-mu-[un l]i-birim !a ta-r ra 1-si-am [x ma- ]na r 151 GIN u [x] tal-qe [x x A- ]sur u [x- ]ma-ma a-di rsl u4-me-e a-ta-be-/am-ma a-ta-r lri 1-kam be-li a-ta a-.~e-er ru-ba-im (up-pri-am lri-pi-ta um-ma a-ta-ma KB i-na be-ti-a ha-lri-aq mi-.~u-[ um] ta-assic·-tu-pu[ -ma] lri ta-.~u-ur,"To Ali-ahum from Adi ... : As to the fact that until this day ... you do not feel anger towards me, ... x minas 15 shekels rev. Within five days I shall set out and come. My dear lord, write a letter to the king in which you say: 'The silver was lost in my house."" Why have you kept silent and not taken action?"
AKT 6c.pdf,Li-ip-ti-lstar DUMU Lri-li-im it U-.~ur-sa-!Star a-na A-la-hi-im DUMU Sril-ma-A-sur,"Seal ofHanunu, scribe, ofLipit-Istar son ofUilum and ofU~ur-sa-IStar; to Ali-ahum son of Salim-Assur."
AKT 6c.pdf,um-ma Ha-nu-mt Li-ip-ti-Istar U-~ur-.~a-Istar-ma a-na A-/a-hi-im [q ]i-bi-ma : i-na 11 ma-na 7 1/2 GIN KB-pi-ka sa is-tit Pu-ru-us-ha-dim ub-lu-ni-ni : a-na ma-la ti-ir-ti-ka : a-na (up-pi-ka sa 7 1/3 ma-na 5 GiN KB sa a-na Zu-ku-a ha-bu-la-ti-ni urmu-ka 3 ITU.KAM: i-ti-qu-ma 1-na-ah-DINGIR : 1-di-Ku-ba-am u-sa-hi-it-ma: sa 2 ITU.KAM u sa-pa-tim 17 1/2 GIN KB ~f-ib-/tim ils-qe 2 GIN.TA a-na ma-na-lim ki-ib-sa-tim ils-qe: tup-pa-am sa ku-nu-ki-ka : nu-.se-.~i-a-ma ni-i/5-te-su-ma : i-Ii-hi fup-pi-ka: i-na E 1-na-ah-DINGIR ni-is-< ku> -un si-ti KB-pi-ka ma-na 10 GIN KB a-ma-la ti-ir-ti-ka E 1-na-ah-DINGIR nu-se-~i-a-ma : i-na 5 GU URUDU sa tu-se-bi-la-ni sA.BA 13 ma-na URUDU a-na gam-ri-im .~a ha-ra-nim u-ku-ul-ti ANSE.Hl : 1r-nu-id ilrqe: si-im 4 GU 47 ma-na URVDU-i-ka : 213 GiN 15 sE : KB-ap-§u 112 ma-na 5 GiN 112 ma-na 2 GiN KB si-im 2 ANSE.HI-ka sA.BA 17 GIN KB si-im 1 ANSE.HI sa a-na En-na-nim DUMU A-hi-a ha-bu-la-ti-ni: ni-L~-qitl GIN KB a-na am-ti-ka : ni-di-in GiN KB : a-na U-.~ur-sa-Mtar .~a E 1-na-ah-DINGIR: nu-.~e-.~i-a-ni a-si-im AN.NA ni-ik-hu-us 2/3 GIN .~f-im : 2 si-na ku-ta-ni lu KB .~a E 1-na-ah-DINGIR: nu-se-~·i-a-ni lu KB si-im URUDU-ka: is-te-ni-is is-tit KB : a-na ZI.GA : nu-sa-qi-lu r2/3 1 ma-na 5 1/2 GIN KB iz-ku-am-ma 1/3 ma-na 8 1/2 GiN KB a-si-im AN.NA ni-L~-qul-ma 8 1/2 GIN.TA ma-na 4 l /2 GIN «ni» AN .NA ni-is-a-ma-kum 2/3 [G]iN KB-ap-ka i-si-ta-ma 2 ku-ta'< -ni> a-na KB-pi-/ka ni-i.§-a-ma-kum 55 ma-na 4 1/2 GIN AN .NA u 2 ku-ta-ni u tup-pa-am sa Sa-li-a mi-ma a-nim ku-nu-ki-ni U-.~ur-.5a-/Star na-as-a-ku-um lu KB .5a i.s-tit Pu-ru-u.5-ha-dim ~L~-a-ni lu .5i-im URUDU-ri1-ka lu-qu-ut-ka ga-am-ra-at-ku-um u AN~;E.HI-ka,"From Hanunu, Lipit-IStar (and) U~ur-sa­ Istar to Ali-ahum: Of the 11 minas 7 V2 shekels of your sil- ver that they brought from Purushaddum - in accordance with your instructions for your tablet concerning 7 I /3 minas 5 shekels of silver which you owed to Zu- kuwa - your terms were exceeded by 3 months and Enah-ilT cleared Iddin- Kubum, so he took interest for two-and- a-half months: 17 'h shekels of silver; he took 2 shekels per mina as deducted amounts. We produced the tablet with your seal and opened it and put it among your tab- lets in Enah-ilT's house. The rest of your silver, 3 minas 10 shek- els, we brought out ofEnah-ilT's house 5 talents of copper that you sent, Imuid took 13 minas of copper to cover trans- keys. nas of copper, at the rate 2/3 shekel 15 grains silver (per min a) was 3 'h mina 5 shekels; ~ mina 2 shekels of silver: the price of 2 your donkeys. Of that we paid 17 shekels of silver, the price of a donkey We gave 5 shekels of silver to your maid; we gave 4 shekels of silver to U~ur-sa- ver we brought out ofEnah-ilT's house we deducted from the price of the tin; 16 2/3 shekels: the price of two kutiinus. Both the silver we brought out of Enah- il1's house and the silver that was the price of your copper, after we made payments for expenses with the silver in all, 6 2/3 minas 5 Y2 shekels of silver be- came available, and we paid 6 113 minas 8 Yz shekels of silver as the price of the tin, so at the rate 1:8 Yz we bought 55 mi- nas 4 1;2 shekels of tin for you. 16 2/3 shekels of your silver remain, so we 45 e.  bought 2 kutiinus for your silver for you. 55 minas 4 Y2 shekels of tin, 2 kutiinus and Salliya's tablet- all this U~ur-sa­ Istar brings to you under our seal. The silver that left Purushaddum as well as the proceeds from your copper- your goods have been spent, your donkeys too."
AKT 6c.pdf,"a-na A-la-hi-im qi-bi-ma um-ma Ka-lu-a-ma ti-ir-ti Puzur 4-A -.5ur ma-la : i-lil-ka-ni na-as-pe-ra-ti-.5u si-ta-me-ma ((,5um>> qa-ti u i-a-tum ti-ir-ti a-na-r na' 1 i-/a-ak-,S:u-um u a-hi a-ta ib-ri a-ta a-la-nu-ka a-ha-am u ib-ra-am u-ia i-,5u e ta-aq-bi um-ma a-ta-/ma .~a-zu-uz-tam i.5-ti-a u-.5a-zi-iz a-na ti-ir-tf-a i-hi-id u a-na-ku a-ti-ir-ti-ka a-na-hi-id","To Ali-ahum from Kaluwa: Listen to the instructions that come from Puzur-Assur, his missives, and ... Then my own message will go to him from here. Also, my dear brother and friend, apart from you I have no brother and friend, so do not say: ""I have appointed an agent with me."" Pay attention to my message. u.c. I.e. I too will pay attention to yours."
AKT 6c.pdf,"a-na 1-ku-pi-a Li-bi-Istar A-la-hi-[im] il A -sur-ma-lik a-na Li-bi-Btar qi-bi-ma um-ma PuzurrA-Ina-ma ma-na KB ni-is-lha-szl DIRI sa-du-a-su .5a-hu sa DAM.GAR-ri-im a-di-na-kum i-na a-wa-ti-ni si-a-ma-at A-limki lu 1 ma-na-urn 2/3 ma-na lu I ma-na-um 1/2 ma-na a-na DAM.GAR-ri-im ta-da-an it a-ta ma-na KB ni-is-ha-sit DIRI sa-du-a-sit .~a-bu i-a-ti ki-ma DAM.GAR ta-da-nam-ma tl a-na-lku rDAM.GAR-ru 1-um < i-> na e-la-i-/a-ma is-tit A -limki a-da-na-kum a-hi a-ta KB it H-a-ma-ltim KB ma-la ta-na-di-u a-na sa ki-ma i-a-ti di-in it a-ta r41 ma-na I KB ni-is-ha-su [DIRT] ,§a-du-a-[su sa-bu] se-bi4-lam-ma [KB] ma-la a-ta: ta-[da-na-ni] it a-na-ku i-na [ e-la-i-a] ki-am la-di-na-kum a-na sa ki-ma i-a-ti qi-bi-ma .~u-ma .H[ -ma ]-am i-da-na-ku-nu-ti Ia ta-ma-rha 1-ra-su it ti-ir-ta-ku-/nu li-li-kam um-ma D[a-x x x x x ]-u-ma a-na A-la-[ hi-im qi-bi-ma] a-di KB r x 1 [ ... ] tt Kam-ma-l[i-a i]/5-pu[-ta- ]ku-ni KB ra-di-zl rx x 1-bu-tii-ma e-mu-qa-t am i-na ~-a-la-r tim:) 1 KB ni-i.~-ba-a[t-m ]a ku-nu-ku .~a A-mu-ur-.~a-ra-sc1 I ma-na KB i!f-ttl ma-at T a-hu-ru-a : zl-.~e-ri-a-ma i-qa-ti e-k£1-li-e ni-i.~-ba-stl-ma KB Ia u-.ht-ru-ni-a-ti-ma rJ 1-na 2 ma-na KB [tt ]-ra-ki-.nl-n i-a-ti a-di (up-pa-(l.~-nu ta-du-nu .~u-ma i.S:-ti Puzur4-ma-la-.wl fup-pa-a§-nu : la ta-df-in ma-na KB [x (x) ]-nu a-na e-ka-li-[ e] ni-.S:a-qal a-pu-tum {up-pa-as-nu d[i-i]n : e-ta-an 1 ma-na KB [mi-ma zi]-la ni-i.~-ba-at rki 1-ma tup-pa-am ta-di-nu e-ka-li : ra-ki-is a-na ta-ar-ki-isJ tim 1 Ia i-se-e-u-ni-a-[ti] Puzur rma-1 a-su) a-.S:u-mi ki-a-am ni-i.S:-pu-ra-ku-um GIN KB r a-qa-ti-.S:u) 1 ni-di-in i-na na-as-pe-er-ti-ka Ia za-ku-a-ni rx x 1 tim) KB tl-.fa-a.f-qi-la-ku-mi-in","To Ikun-piya, Libbi-Istar, Ali-ahum and Assur-malik; specifically to Libbi-TStar from Puzur- Anna: I gave you 3 minas of silver, its import duty added, its transport tariff paid for, belonging to a merchant. According to our agreement you will give from the purchase in the City ei- ther 2/3 mina or 1/2 mina per mina to transport tariff paid for, to me, on be- half of the merchant, and then I shall personally be the merchant; when I come up (to Anatolia) from the City I shall give it to you. My dear brother, give whatever silver and purchases you will deposit to my representatives. Also, you must personally send me 4 minas of silver, its import duty added, its transport tariff paid for, and what- ever silver you give to me I shall per- sonally give to you in this way when I come up. To my representatives:  If he gives you purchased goods, do not receive them but send me word. From Da ... (and ... ) to Ali-ahum: Concerning the silver that ... and Kam- maliya have booked? you for, guides have ... the silver, and we seized the silver by force in a quarrel, and under the seal of Amur-sarrassa I brought I mina of silver from the land Tahuruwa; we then seized him on the authority of the men of the palace, but they did not release the silver to us, but they bound us over for 2 minas of silver, until you give him their tablet. If you have not given their tablet together with Puzur-malasu, we shall have to pay 2 minas of silver ... to the men of the pal- ace. Urgent, give (them) their tablet. We have not seized anything other than l mina of silver. When you have given the tablet, bind over the palace. They should not sue us over the contract. For this reason we have sent you Puzur- malasu. We have given 1 shekel of silver to him. Had we not been cleared in your missive, ... would I have made him pay you the silver?"
AKT 6c.pdf,"um-ma r 1-ku 1-pi-a-ma a-na A-la-hi-im qi-bi-ma i-pa-ni-tim ram 1-tam a-na Bu-zi-a [DUMU] A-sa-a: a-di-in-ma r a-!je- 1-ri-ka ub-lam ram 1-tam u-ta i-di-na-kum-/ma i- r til 1-ra-ma a-na-/kam a-.51-im am-tim 1/2 ma-na 5 GiN KB r tup-pu-su 1 al-pu-ut a-hi a-ta r a 1-ma-kam r i 1-na ra-x x x 1 KB r X X X 1-a-am-ma [x x x] i-na correspondence with Ennam-Assur can be found in volume 2, nos. 339-360.","From Ikun-piya to Ali-ahum: Earlier I gave a slave-girl to Buziya son of Asaya and he brought her to you. He did not give you the slave-girl, but returned and here I wrote his tablet about the price of the slave-girl, Yz mina 5 10 e.  shekels of silver. rev. My dear brother, there ..."
AKT 6c.pdf,[KISIB A -b ]a-ba a-na A -ld-hi-im [DUMU Sal- ]ma-A-.§ur um-ma - a- a - -ma a-na - a- qi-bi-ma a-ma[ ... ] ku? -a-ti [ ... ] [x] r x 1 ma-na KB li-ti is-qzi [ ... ] [x] ma-na KB a-na rsa-liz 1Hu-ar ... ],Seal of Ababa; to Ali-ahum son of Salim-Assur
AKT 6c.pdf,"qi-bi-ma 1 1/2 ma-na [KB.)] tl 2 l/2 GU 5 ma-na [URUDU] ku-nu-ki-ka : ub-lu-nim [URUDU] r213 GiN1 15 SE T A : ta-di-in rsA.BA ,S:a 1 50 5/6 ma-na URUDU-im KB-ap-su : a-hu-ur ur-ha-am : L5-te-en nu-na-pi-is URUDU-a-ka : da-an-ma 1/2 ma-na I 6 2/3 GIN KB it 2 1 /3 GIN : KB :ji-ib-tam a-hu-ka nu-sa-6.5-qi-il, : i-mi-ma a-nim 44 TUG pi-ri-ka-ni ni-i,S:-a-ma'-kum KB-ap-.S:u-nu 2/3 ma-na rxl GIN: sA.BA LA 2 TUG ti-sa-pu-ti 17 GiN si-im ANSE.Hl.A: 10 GIN KB a-na La-qe-pi-im : ni-di-in 2/3? GiN (erasure) Su-!Star ils-qe GiN KB a-na am-ti-ka ni-di-in 3 1/3 GiN La-qe-pu-lum a-na da-tim it it-ku-ul-/tim il,-qe 12 TUG pi-ri-ka-ni sa I te-zi-bu TUG .~a li-tab-si-ka QA re-d-tam H-it-ri ,S:a te-zi-bu : lu hi-ba-ra-tim lu .S:a si-nu-nim ta-ah-si-is-tam mu-nu-szi-nu na-as-a-h1m [ m ]i-ma a-nim a-na Su-[Btar] ni-ip-qi-id-ma [ na-a.S:-a-kum] ku-si-rtam 1 .S:a a-[na-kam] te-zi-bu a-na : 1 ma-na 6 GiN ta-ad-na-ma KB-ap-sa : i-li-lbi4 A-!a-hi-im i-ba-.5£","They brought 1 Y:z mina of [silver] and 2 Yz talents 5 minas of copper under your seal. [The copper] was sold at the rate 2/3 shekel 15 grains. Ofthat the silver for 50 5/6 minas of copper remain. We took it easy for one month. Your copper is safe(?) and we made your brother pay Yz mina 6 2/3 shekels of sil- ver and 2 l/3 shekels of silver in interest. With all this we bought 44 pirikannu- textiles for you; their price in silver was 15 e.  12 2/3 minas x shekels. Thereof 18 were tisapu-textiles. rev.  17 shekels was the price of a donkey; we gave 10 shekels of silver to La-qep; 20  Su-IStar received 15 2/3 shekels; we gave 6 shekels of silver to your maid; La-qep received 3 1/3 shekels for fees and fodder. Of the 12 pirikannu-textiles that you left, I textile was for your dress. 1 litre of fine oil. With respect to the undergarments you left, either the hib- bartus or those of the sinuntu, he brings a memorandum with their number. All this we entrusted to Su-IStar(?) and he brings it to you. The robe you left here has also been sold I.e. for 1 mina 6 shekels and the proceeds in silver is in Ali-ahum's possession."
AKT 6c.pdf,[a-na A-sur-ni-im-ri] [u A-la-hi-im] DUMU ~-~al-ma-A-.~ur,To Assur-nimri and Ali-ahum son of Salim-Assur;
AKT 6c.pdf,"a-na A-.S:ur-ni-im-ri it A-la-hi-im DlNGIR-ha-ni qi-hi-ma um-ma Su-Zu-zu-/ma a-ma-kam {up-pi-a pe-te-a-ma tup-pa-am sa 40 ma-na KB it .~a-ni-am fup-pa-am .~a 20 ma-na KB sa hu-bu-li DINGIR-ba-ni di-na-su-um it tup-pe-e sa ku-nu-ki-a sa u-ka-lu li-di-na-ku-nu-ti a-di : tup-pe-e sa ku-nu-ki-a sa (up-pu-.~u ,§a e-li-lu-ni sa-ru-ni i-da-na-ku-nu-lti-ni tup-pu-su Ia tit-!§a-ra-.§u-um tup-pe-e sa ku-nu-ki-a sa i-da-na-ku-nu-ti-ni ki-la-su-nu-ma i-li-/bi4 (up-pi-a su-uk-na","To Assur-nimrl and Ali-ahum (and) lli- bani from Su-Zuzu: Open for my tablets there and give to III- bani a tablet concerning 40 minas of sil- ver plus a second tablet concerning 20 minas of silver, the debt of Ill-bani. Also, let him give you the tablets with my seal that he holds. Until he gives you the tablets with my seal, stating that any tablet of his that may appear is invalid, you must not re- lease his tablet to him. Keep the tablets with my seal that he 20  I.e. gives to you and put them among my other tablets."
AKT 6c.pdf,[a-na] r A 1-mur-r A 1-[htr it] [A-la]-hi-im qi-bi-[ma] [u ]m-ma A-sitr-nim-ri-[ma] [s]u-ma ta-a.~-ta-na-me .§i-i-mu : .§a AN .NA r iJ 1 TUG. HI -ti i-na Pu-nt-us- r ha-dim 1 ma-ah-~·u : Ku-ku-a na-pa-ha-am: Tit-ma-n[a] a-hu-su : u Ma-l[ a ... ] na-pa-ha-am-ma : [ ... ] it : 2 Sa-na : r X 1 [ ... ] a-wi-li: rki1-[ ... ] a-0e-ri-su-nu li-[x x ]-nim-ma . §a rKB1 10 ma-na T[A] AN.NA [x] GIN.TA a-n[a] rKB1 ~a-ru-pi-im aJ di1 [5 ITU].KAM it 6 ITU.KAM [x x k ]uJ nu-ti 1 ma i-[ ... ],"To Amur-Assur and Ali-ahum from Assur-nimrl: You may have heard that trade in tin and textiles is ruined in Purushaddum. The smith Kukuwa, his brother Tumana and Mala ... , also a smith, ... the men .. . they should ... and tin at the rate ... to refine the silver. In 5 or 6 months ..."
AKT 6c.pdf,"a-na A-s[ itr-n ]i-im-ri ii A-la-rhi-im 1 qi-bi-ma um-ma A-hi-a-r ma 1 2 tup-pe-en [s]a A-sitr-tak-Ja-ku DUMU Ma-Ia-ka-a [ 1 (up- ]pu-um sa 2 ma-na 1 0 GiN [it s]a-ni-um sa 5 ma-na KB [sa ta ]-ar-ki-[is ]-tim i-na tup-pe- e 1- a-st-u [tup-pu-tl ku-nu-ku r sal i-na [ hu-u ]r-,~ i-im sa Li-pi-it-1/star [i-na] ma-ak-ni-ki-im [i-na] e-r[a-hi- ]ku-nu-ma a-na [.~e-ri-.~u qa-at-k]u-nu <lu> .~a-ak-nu [X X X X X) Sa (Up-pe-e [x X X X ]-ma r U1 [(up ]-pi-a [i-na] ku-nu-ki-ku-nu [( .. )] [ku ]-un-ka (up-p[i] ki-la-li-ma [ k ]u-un-kilzl i-.~i-li-a-ni r.M 1-ri-a-.§u-nu-ma a-na dUTU-SIPA di-na-ma lu-ub-lam a-na-kam a-na {up-pi-a a-ti-ki-i/5-ma r lu:> 1-qzl-ut A -.S:itr-tak-la-ku a~·-ha-at-lma it sf-ku-.S:u u-ka-al su-ut (up-pe-e i-ti-ki-ir it um-ma ,~u-ut-ma ~~u-ma] (up-pi-a fir ta-tab-a(' r a 1-ma-la ta-ar-gu5-ma-ni ta-.§a-qa-a( a-pu-tum (up-pe-e .~e-bi4-!a-ni-im tup-pi e tak-la-a-ma a-wi-h{m E a-bi4-la e it'-ha-al a-ba-u-a be-lu-zl-a a-t£1-nu u4-um e-ta-ri-im it-ra-ni a-na hu-ur-.H-im .\:a r Li-ip 1-ti-ll:tar hu-ur-s[i-im ... ] i.~-ti-ku-nu [x x x] rx x x 1 grandfather in no. 914 (and in CCT 5, 31 b) to <En->na-be-lim.","To Assur-nimri and Ali-ahum from Ahiya: 2 tablets concerning Assur-taklaku son of Malakaya, 1 tablet concerning 2 minas I 0 shekels and a second one concerning 5 minas of silver, a debt-note- are among the tablets. As to the sealed tablets that are in Lipit- Istar' s safe in a scaled container, right when you arrive your claim should be made to them. ... of tablets ... rev.  Seal both ofthe tablets; also, take them 20  in the containers and give them to Samas-re'I so he may bring them. Confident of my tablets I seized Assur- taklaku' s goods here and J also detain him. He, on the other hand, contests the tab- lets, so he says: ""If you do not bring my tablets, you will pay in accordance with what you claimed from me."" Urgent, send the tablets. Do not hold back the tablets lest the man ruins my father's house. My dear fathers and lords, save me while I can still be saved. Do not ... to Lipit-IStar's safe ... I.e."
AKT 6c.pdf,"um-ma A -,~ur-ba-ni-ma a-na A -la-hi-im (erasure) it Lu-lu : qi-bi-ma 112 ma-na KB ku-nu-ki-a LUGAL-Su-in DUMU PuzurrSu-in na-as-a-ku-nu-ti a-hu-u-a a-tu-nu: i-na dUTU-,~i sa LUGAL-Su-in :e-ra-ba-ni 112 ma-na KB : is-ti A-§ur-ma-lik DUMU A-la-hi-im a-~·i-ib-tim : al-qe tup-pi : ha-ri-im i-na dUTU-§i : tup-pa-am ta-§a-me-a-ni : KB a-na A-.~ur-ma-lik §u-uq-la-ma tup-pi : §e-~i-a-nim-ma li-it-aJ su 1-ma : u a-§ar A-la-hi-im li-ib-H a-hu-u-a : a-tit-nu : a-na ma-na-im : 1 1/3 GIN.TA KB .~f-ib-tam : u-~a-ab : a-na urme-e : ha-mu-u.~-tum §a 1-di-a-birim KB al-qe i-na 1 ma-na-im §a En-na-nim i-ta< -ak-> sa-am : KB al-qe ih-da-ma : :ti-ib-tam i-.~e-ri-a : la i-la-qe a-hi .~u-ut ga-ma-al-.~u a-le-e : .~u-ma ~i-ib-tam §a ta-qa-im r il_,-qe1 GiN KB i-li-bi4 Lu-lu i-§u rsA 1.BA : di-na-§u-um","From Assur-bani to Ali-ahum and Lulu: Sar-Suen son of Puzur-Suen brings you 3 Y2 minas of silver under my seal. My dear brothers, the day Sar-Suen ar- rives - I have taken a loan of 3 1;2 minas  of silver from Assur-malik son of Ali- ahum against interest; my tablet is certi- fied- the day you hear the Jetter, pay the silver to Assur-malik, get out my tablet, split it and then let it remain with Ali- ahum. My dear brothers, I have to add interest at the rate 1 113 shekel per mina; I re- ceived it for 15 days in the week of Id- din-abum. I received the silver cut off by way of the one-mina stone of Ennanum. Take care that he should not take interest from me. He is my brother. I can do him favours.  If he takes interest as he can, I have 5 shekels of silver owed by Lulu; 30  I.e. give (the interest) to him out of that."
AKT 6c.pdf,um-ma A -sur-ba[ -ni-ma] a-na A-la-h[i]-im r u Lu-lu qi-bi-ma 1 [(x)] 112 ma-na KB ku-nu-ki-a r Sa X 1 [(...)] ub-la-ku-nu-ti-ni a-hu-u-a a-tit-nu ih-da-ma r a-na 1 [ (. . .)],"From Assur-bani to Ali-ahum and Lulu: Yz mina of silver under my seal that ... has brought you, my dear brothers, pay at- tention and ..."
AKT 6c.pdf,[a-na] A-la-hi-im DUMU [Sal- ]ma-A-sur it A-la-hi-im [DUMU A?]-ta-a qi-bi4-ma um-ma [x] ma-na KB £1 1 GiN GUSKIN KB sa DAM.GAR c~a a-na-num qa-ti sa-ak-na-at-ni a-ma-kam : si-ma-am rsa-ma 1(. .. ],"To Ali-ahum son of Salim-Assur and Ali-ahum son of Ataya from Ma ... : As to the 4 x mina of silver and 1 shekel  of gold ~ silver belonging to a merchant (coming) from here, on which I have placed a claim - make purchases there ..."
AKT 6c.pdf,"a-na A-/a-hi-im (erasure) Ba-zi-a it Ma-ar-sa-na [ .. ] I ti[ m .. ] qi-bi-ma um-ma Ma-num-ba-litm-A -sur-ma a-na-kam 1 112 ma-na 5 GiN KB qa-<ta->ti-su sa A-bu-SILIM Sit-ka-li-la ilrta-pa-at i-na sit-ub-ri-lim . 5a AJbu 1-SILIM qa-sit L~-ku-un a-na-kam ki-ma A-bu-SILIM ma-na KB a-na-ku a-na Sit-ka-/f-a : a-di-in a-na si-ti KB A -bu-SILIM ma-da-ti-ma i-di-su-um sa-nam .~a 15 ma-na a-na 1 [G]U 15 ma-na URUDU . 5i-ki-im A-hu-SlLIM a-na Su-ka-li-a i-di-in ma-na URUDU i-na ba-ah-ti-.§u i/5-qe a-na KB .<:a Ku-da-tim A-hu-SILIM-ma i-za-az [su]-ma mi-mltl·qu·bi4 um-ma su-ut-ma: mu ·!i-tin:.ma qa-ta-ti-.§u al-w-pu··ct! tl ma-da-ti-ma ho-l'i, -/lam lu-sa-zi-za-ku-nu-tz-ma tup-pa_r am 1 da-na-tcr[m] sa mu-.§a-zi-zi hi-ir-ma-ma~ u di-n[ a-.5u- ]ud/ ct-i1'""' A-la-hi[-im qi-ht- .5£-ma-am sa-rx 1-[x-ku- ]nii-ii·tna tur4-da-ni-.~u","To Ah-ahum, Baziya and Marsana( ... ) from Mannum-balum-Assur: Here Sukkalliya was booked for 1 Yz mi- na 5 shekels of silver as Abu-salim's guarantor. He has laid claim to Abu- salim's slave . Here I gave 1 mina of silver to Sukkal- liya on behalf of Abu-salim. For the rest of the silver Abu-salim has Abu-salim gave a kettle weighing 15 mi- nas worth I talent 15 minas of ,§ikku- copper to Sukkalliya; he received 40 minas of copper from his outstanding claims. Abu-salim guaran- tees for Kudatum's silver. If he says anything, such as: ""It was only for a minimum that I guar- anteed, yet he owes me a lot"", then let him appoint someone for you, certify and give him a binding tablet from those who were appointed. To Ali-ahum: Have him ... you the proceeds and send him."
AKT 6c.pdf,"[a-na A-la-h]i-im ru 1 [Sal-m]a-A-sur qi-hirma [um-ma S]u- EN.LIL[-ma a-na] Sal-ma-A -.~ur [qi-bi4]-ma: a-nar-ku 1 : [a-]wa-tim [x (--.,:)]GIN KB me-eh-ra-tum [i-ta-a ]d-na-ku-um : 28 2/3 ma-na I URUDU [i-Ku-bur- ]na-at : a[ -n ]a he-a-lim [a-di- ]na-ku-um [ku-nu- ]ku-a [x] ma-na URUDU SIG5 sa a-ni [.~a-qa- ]lam qa-bi4-a-ti-ni ha-lum [sa-a- ]lim : ta-ta-la-ak [i-tuTU-si: tu-r ~u:'l: is-ti-a [t]a-na-me-er-ma : um-ma [a- ]na-ku-ma : a-/a-ka : /u i-de11 u su-ma : URUDU la-su-mi-in ru 1 ta-ah-si-is-tum i-ni-di-mi-in : a-na [Ia] a-we-lim : ta-as-[ku ]-ni-ma [ki]-ma la a-we-lim : is-ti-a [/]a ta-ta-mar [(x)] r x 1 li mi-ma : a-.~i-i [a-n ]a DAM.GAR-ru-tim-ma [a-n]a 30 ma-na URUDU SIG5 [x X] /[i X] ruRUDU l : ta-di-in [x x] i.GIS ni rx 1 : rx x 1-mu-ur [x x ]-rna: pe-[ja-tim:' [a-di]-na-kum [x] ma-na mu-u[s-... ] [x x] ma-na i.GIS rx x x 1 i-a-ma [u- ]se-bi4-la-ku-um: a-hi a-ta [x] ma-[n]a URUDU SIG5 a-na [A-l]a-hi-im : di-in li-birli [!a i-la-m ]i-na-ku-u[ m]","To Ali-ahum and Salim-Assur from Su- Illil; specifically to Salim-Assur: I ... the matters ... x shekels of silver has been given to you as reimbursement. 28 2/3 minas of cop- per I gave to you in Kubumat as a work- ing capital - under my seal. As to the x minas of good copper that you promised to pay now- without ask- ing (permission) you have left. The day you left you met with me and I said: ""Let me know about your leaving."" So, if the copper were not here, yet the 15  memorandum had been deposited, you would have made me appear as a non- have not met with me. rev. 20  ... all my iron was sold to agents for 30 minas of good copper ... ... oil ... I gave you white ... I sent you .. minas of oil ... My dear brother, give x minas of good copper to Ali-ahum. I should not become angry with you."
AKT 6c.pdf,um-ma A-16-hu-um-ma a-na Sa-lim-IR-di it A-lu-wa qi-birma mi-su sa [a- ]na-kam ra-di-u e-ta-wu-/u um-ma su-nu-ma .p1-ha-ru-ka u-ta-/tam a-ba-kam !a i-mU-lf sa A-limkl wa lisa ta-hu-/ur-a Wa-li-wa-li ha-ri/-a sa su-mi-a As ta-aq-bi4-a-su-/nu-ti urn-rna a-tu-nu-ma a-na da-a.5-e u-ta-tam §u-da-a a-pu-tum ih-da-ma t/-ta-tcim ab-ka-nim mi-ma hi i-ri-ah si-ti u-ti-tim ab-ka-nim a-ba-kam lJ a-ba-kam ti-ir-taJ ak-nu 1 li-li-kam 16-li-kam,"From Ali-ahum to Salim-wardi and Alu- wa: Why is it that the guides have been argu- ing here, saying: ""Your servants refuse to ship the grain."" Ofthe City ... as follows: ""Haul the grain before spring! Urgent! - take care and ship the grain."" Nothing must ren:.1in. 20 e.  Ship the resl of till: grain here. I.e.  Send me word a:-, to whether it is shipped or not. T shall come."
AKT 6c.pdf,"a-na A-l/1-hi-im ti l-ku-pi-A -stir qi-bi4-ma urn-rna Za-li-df-/ma 5/6 ma-na 3 GIN KB .ya-ru-pri-am u 1/2 ma-na a-ha-rna a-mu-ra-l am a-na Su-A-sur DUMU 1-di-A-.Mr ha-bu-/ri-ku (up-pel-am /;a 4 [(\:) m ]a-na a-n a a- trm ha-bu-lu a-na .~a-par-/tim ti-ka-al be-li a-ta KB a-na Su-A-,§itr su-qu-ul-ma tup-pi se-si-ma is-ti-ka ti-ib-si-u it te-er-ta-ka li-li-kam-ma la-at-bi4-a-ma la-tal-kam it a-di tup-pi-im sa ctUTU-ba-ni a-di ma-la it si-ni-.~u ni-gi5-ri-ma sa ki-m[ a] ku-a-ti tup-pa-am ta-da-n[am j Ia i-mu-u te-er-ta-ka a-~e-er .~a ki-ma","To Ali-ahum and Ikun-p1-Assur from Zalidi: I owe 53 shekels of refined silver plus further Yz mina of checked (silver) to Su- Assur son of Iddin-Assur. The tablet conceming 4 minas of silver My dear lord, pay the silver to Su-Assur, get out my tablet and let it be with you. Also, send me word so I can set out and leave. Also, with respect to Samas-bani' s tablet we sued both once and twice, but your representatives refuse to give the tablet. Send word to your (representatives ... )"
AKT 6c.pdf,a-na Bu-ur-Su-in A-lci-hi-im A-la-birma £1 1-li-mi-ti qi-birma um-ma tam-ka-ru-ma GU URUDU ma-si-am 4 ANSE ~a-la-mu it 2 ma-na KB ii a-ha-ma 2/3 ma-na 2 GiN KB be-u-la-at ~u-ha-ri-im mi-ma a-ni-im Bu-ur-Su-in A-la-bu-um it 1-li-mi-ti na-aJ-u-ni-kum a-hi a-ta i-hi-id-ma URUDU a-na KB ta-e-ra-ma i-na si-im URUDU Ja .~u-ha-ru i-qa-biru-ni-ku-ni i-na sa-ha-ti-su-nu i-zi-iz-ma si-ma-am sa-ma-am 1 ANSE ~·a-la-ma-am a-na-nu-um a-na se-bu-lim le-qe-am 1 112 ma-na KB ku-nu-ki-a Bu-ur-Su-in it 1-!i-mi-ti na-as-u-ni-kum KB-ap-ka le-qe-ma {up-pi li-it-a-ma a-qa-ti Bu-ur-Su-in it i-li-mi-ti di-in a-hi : a-ta la i-sa-hu!(RI)-ru tit-ur-da-nu.su,"To Bilr-Suen, Ali-ahum, Ali-abum and Il1-imitti from the merchant: 10 talents of washed copper, 4 black donkeys and 2 minas of silver, plus fur- ther 2/3 mina 2 shekels of silver, the working-capital for the servant- all this Bur-Suen, Ali-abum and Ili-imitti bring to you. My dear brother, take care to convert the copper to silver, and assist the servants with the proceeds from the copper which they promise to you, and then carry out a Take a black donkey from here for the shipment. Bur-Suen and Ili-imitti bring you 1 ~ mina of silver under my seal. Take your silver and split my tablet and give it to Bur-Suen and Ili-imittl. My dear brother, they should not delay; send them to me."
AKT 6c.pdf,um-ma [ ... A- ]sur-ma a-na[ ... ] - a - z-tm q1- 1-ma a-hu-a r a-tit 1[ -nux x ]ma lui-rna x-la [x x]-na-/sa lu i-na rx1 [x x] rx1 ta ki I a ku-[nu-k]u-rka~ 1 [ka-an- ]ku-ma a-na .~ e-rz-a u a-na rhu 1-[x x x] a-na Ku-sa-ra ki-la-la-ku-nu r et1-qa-ni-ma KB 10 ma-na !ia um-me-la-nu-a i-na .ye-ri-a i-di-u-ni r it 1 A -lumki a-na ar-ni-im a-na KB 1 ma-na x N A i-di-na-ni et-qa-ni-ma lu-16-mi-id-ku-nu-ma a-sar : ma-la-ki-rim 1 lu ni-im-«li-»lik-ma lu ne-pu-ussic a-hu-a a-tit-nu : a-na-ku a-na ma-lnim u a-tit-nu a-na ma-nim i-.5u-ma : ku-nu-um ha-bu-la-ku : ku-nu-um-r ma 1 al-[ka- ]ni-ma: li-ba-[am] df-na-[ma X X X X] Sa it-se-ri-rbu-ni 1 : §u-ma a-na ga-ma~-ri-im: 5/6 ma-na rAN.NA1 di-na-su-nu: su-ma hi ki-am I. 29: the text has ga-ba-ri-im.,"From ... -Assur to ... and Ali-ahum: My dear brothers, ... either in ... or in .. are sealed with your seal, and go both of you to me and to ... in Kussara; also, with respect to at least 10 minas of me, as well as the fact that the City con- can decide what to do and act! and to whom can you, for it is your prop- erty that I owe- it is indeed yours! they had enter. If (it is) for expenses, then give them 5/6 mina; if that is not the case ..."
AKT 6c.pdf,"a-na A-l[a-hi-i]m qi-bi-ma um-ma [ ... ] ,~u-ma : ta-da-gal [ ... ] ni-sa-ri-dam-ma za ni-ba-ri [ ... ] e-ri-qa-ti-i[ m ... ] ti-rib 1-na-am-x [ ... ] i-na qa-ti x [ ... ] um-m[a a]-ta-m[a ... ] KB sa-qa-lam5 za i-mu-a i-[ ... ] sa -as-qz-z 5-s u ... u-me-e : u-ta-[ ... ] ,~u-ma [x (x)] tt't-u[m ... ] Ia [x] AN.NA ru 1 [ ... ] it rt01 TUG.HI.A na-x [ ... ] [x x] .~e-ri-[ .. ] is-tu Za-al-pa i-la-ka-kum ru-la 1 a-na-ku-ma e r x 1 ur kam","To Ali-ahum from ... : If you observe ... we shall pack and we shall not stay .. . 3 wagons ... straw ... rev.  You said: ""He will not pay the silver."" Make him pay the silver ... 15  5 days ..."
AKT 6c.pdf,[ ... ] mu-ut [a-hi-a E]n-na-A-su[r] [ ... ] sa-zu-uz-[ti] a-ba-e-si-na: u-la [(...)] rx x 1 : id-du-ni .S:[u .. ] I m[a] li-ba-am a-na a-/we-l[i] i-di-nu-ni a-tu-nu u-hi mu-ut a-bira u-ta .5u-lu-um-ku-nu ta-a.S:-pu-ra-n i-ma li-ba-am ta-di-na-nim a-na-ku a-na-kam is-ti DAM.GAR [ ... ] [ ... ]-a-am i-su,"... the death of my father has Ennam- Assur ... ... the representatives of their (fern.) fa- thers did not ... that they did encourage the men. As for you (plur.), you did not write ei- ther about my father's death or send me your greetings to encourage me. While I here with the merchant ... ... he has ..."
AKT 6c.pdf,a-na En-n[a-nim] DUMU A-bira u A-[la-hi-im] DUMU Sal-ma-AJ§itr 1,To Ennanum son of Abiya and Ali- ahum son of Salim-Assur; seal ofPu- zur-Assur.
AKT 6c.pdf,ii 20 ak-li ~-c~e-er a- ar-;sr -m u A-li-IIi !star-la-ma-lsi r ti-su is-tu l ha-mu.~-tim sa A-.S:ur-i-mi-ti ITI.KAM sa sa-ra-tim li-mu-um A-.hw-i-mi-ti 3 GIN KB .~i-ba-s~l u NINDA a-na I sa-na-at u-bu-lu-nim IGI Wa-al-di-DINGIR IGI I-na-ah,"Karsini and Alili owe 6 shekels of silver plus 20 loaves of bread to IStar-lamassi. Reckoned from the week of Assur-imittT, month Sa-sarriitim, eponymy Assur- imittl, they will bring 3 shekels of silver, its interest, plus the bread within one year. Witnessed by Waldi-ilum, by Inah."
AKT 6c.pdf,i-0e-er Ka-ar-si-ni A-la-hu-um i-su is-tu ha-mu-us-tim .~a ka-si-im ITI.KAM Be-el-te-kal-lim li-mu-um . ~a qa-ti A -sur-i-mi< -ti> (erasure) a-na e-ti-su (erasure: li-mu-um) i-sa-qal (erasure) lGI Wa-al-di-lim IGI 1-na-ar GiN KB i-.~e-er Ka-ar-si-ni u A -!i-Ii (erasure) !Star-la-ma-sf ti-su is-tit ha-mu-u.~-tim sa A-sur-i-mi-ti ITI.KAM sa sa-ra-tim li-mu-um .~a qa-te A -sur-i-mi-ti GiN KB .~i-ba-su u 20 ak-li a-na sa-na-at u-bu-lu-nim IGI Wa-al-di-lim IGJ J-na-ar,"Karsini owes 15 1/3 shekels 15 grains of silver to Ali-ahum. Reckoned from the week of the ka.~.~u­ official, month Belat-ekallim, in the eponymy after that of Assur-imitt1, he will pay at the earliest convenience . Witnessed by Waldi-ilum, by Inar. Karsini and Alili owe 6 shekels of silver to IStar-lamass1. Reckoned from the week of Assur- imitt1, month Sa-sarratim, in the epon- ymy after that of Assur-imitti, they will bring 3 shekels of silver, its interest, plus 20 loaves of bread within one year. Witnessed by Waldi-ilum, by Inar."
AKT 6c.pdf,"ma-na [KB] lua-na DAM.GAR r nu-a 1[-e it] !Star-16-ma-si DA[M?] A-la-hi-im DUMU Sal-ma-A-su[r] rha 1-bu-lu-ni-ma tup-pu-su ha-ar-mu-ni i.f-tit ha-mu-u.5-r tim 1 .fa Ha-na-na-!ri-im [ITI.]KAM a[b sa- ]ra-ni I i-m [ u-u ]m En-na-Su-in [DU]MU Su-AJ§ur 1 KB i-za-az [a- ]na #[ -ib- ]tim u-la [i- ]la-a[k X X] rMU1.SE [m]a-la [ ... ] a-s e-e-s u z -na urmz-zm r,§a (up-pa-am l sa hu-bu-ul rpuzurr 1/star a-na sa ki-rma l Puzur 4-A -szlr u-ka-lu-mu-ni [s]u-ma KB .~a ki-ma PuzurrA-sitr Ia L§-ta-aq-lu KB a-ma-la tup-pi-su a-na .~i-ib-tim i-la-ak Su-lstar ki-ma !star-la-ma-s£ i-zi-iz TGI Be-lum-ba-ni DUMU A-.~ur-be-el-a-wa-ti[m] <TGI> SIG 5 -pi-A-.~ur DUMU W a-ar[ -di-1 i-.§u] IGI La-qe-pi-im DUMU PuzurrSA.TU resented in the negotiations by Su-IStar.","As to the 17 minas of silver that Pu- zur-IStar owes either to a merchant, to Anatolians or to IStar-lamassi, wife of Ali-ahum son of Salim-Assur, and for which a tablet has been certified- from the week of Hannan-narum, month Ab-sarrani in the eponymy of Enna-Sucn son of Su-Assur the silver will stand; it will not draw interest. years ... I shall sue him. On the day that they show the tablet concerning Pu- zur-IStar's debt to Puzur-Assur's rep- resentatives- if Puzur-Assur's repre- sentatives have not paid the silver, then the silver draws interest in ac- cordance with his tablet. Su-IStar represented Istar-lamassi. Witnessed by Belum-bani son of Assur- bel-awatim, by Damiq-pi-Assur son of Warad-illsu, by La-qepum son ofPuzur- sadu'e."
AKT 6c.pdf,"LA 1/4 GIN rKB1 i-~'e-er : A -li-li Tit-mi-li-a-i-im A -la-hu-um : i-.h1 i!;-ttl ha-mu-us-tim .~a ka-si-im GIN T A si-ib-tam i-na ITI.1.KAM-im u-.~a-ab: ITI.I.KAM Be-el-te-ka-lim li-mu-um .~a qa-ti: A-,hlr-i-mi-lti ma-la-hi-im IGI Wa-[al]-di-DL\IGIR IGI 1-na-ar","Alili, the man from Tumlia, owes 11 mi- nus 1/4 shekels of silver to Ali-ahum. official he will pay interest at the rate 1"
AKT 6c.pdf,ma-na 2 GIN KB a-.ye-er Me-a-ri A-la-hu-um i-su is-ttl ha-mu-us-tim sa A-sur-i-mi-ti ITI.KAM sa ke-na-tim li-mu-um [s]a qa-ti -.~ur-i-mi-ti r21 GIN TA i-na ITLKAM-im ~i-ib-tam u-.~a-ab IGI Su-pu-na-ah-.ht IGI A-na-li u-mi-su Simple debt-note dated to REL 107.,"Meari owes 1 mina 2 shekels of silver to Ali-ahum. Reckoned from the week of Assur-imittt, month Sa-kenatim, in the eponymy after that of Assur-imitti, he will add interest at the rate 2 shekels (per mina) per month. Witnessed by Suppun-ahSu, by Annali his mother."
AKT 6c.pdf,GIN KB i-.~e-er Ki-da-ah-su Z:t me-er-i-.~u A-Ia-hu-/um i-su 6 na-ru-uq mi-is-lam SE-um mi-i!f-lam5 I ar-.~a-tum i-na ha-ar-pe-e i-ma-da-ad GIN KB is-ti H a-ar-.5u-um-/nu-ma-an na-ru-uq mi-L~-lum SE-um mi-is-lam5 ar-.5a-tim i-ha-ar-pe-e i-ma-da-ad KB a-ni-am: Wa-al-di-IDINGIR IGI Ha-pu-a-.5u IGI Ma-nu-ba-hlm-A-1..\iur num-balum-Assur.,"Kid-ahsu and his sons owe 18 shekels of silver to Ali-ahum. He will measure out 6 sacks (of grain), half barley, half wheat at har- vest time. 15 shekels of silver is owed by Harsumnuman; he will measure out 5 rev. sacks (of grain), half barley, half wheat, at harvest time. Waldi-ilum gave this silver. Witnessed by Happu-assu, by Man-"
AKT 6c.pdf,ma-na KB i-.~e-er A -zu A-la-hu-um i-su na-ru-uq SE-am na-ru-uq ar-sa-tim UDU.HI.A it 20 NINDA ~i-ba-at KB-pi-im it KB a-na ha-ar-pe-e u-ba-la-am IGI Ga-al-ga-l[i-Va IGI Sa-ra-ak-/su-na,"Azu owes 1;2 mina of silver to Ali- ahum. 5 sacks of barley, 5 sacks of wheat, 2 sheep and 20 loaves of bread are the interest on the silver; the silver itself he will bring by har- vest. Witnessed by Galgaliya, by Saraksuna."
AKT 6c.pdf,[i-~e-e ]r [x x]-c~i-a [A -la-h ]u-um i-su [a-n ]a ha-ar-lpe-e a-n i-Ll-/tim i-sa-qal IGl Wa-al-di-!DlNGIR Debt-note recording loan to an Anatolian.,... sia owes ... to Ali-ahum. He will pay at this (coming) harvest. rev. Witnessed by Waldi-ilum.
AKT 6c.pdf,"GIN KU.KI i-cye-er 1-di-na-bi-im DUMU Su-Btar A-la-hu-um Hu-bu-ur a-n[a] ITI.2.KAM i-s[ a-qal] su-ma Ia ris 1-qu-u[l ki-ma] a-wa-at ka-ri-im .~i-ib-tam u-,ya-ab li-mu-um Sf-lu-lu IGI E-16-li DUMU /-pi-li-is TGT Bi-sa-a IGI Be-lum-ba-ni DUMU A-.5ur-be-el-a-wa-/tim Debt-note dated to REL 99.","Iddin-abum son of Su-Istar owes 2 shek- els of gold to Ali-ahum. Reckoned from the month Hubur he will pay in 2 months. If he has not paid in time, he will add ony. Eponym: $ilulu. Witnessed byEHili son oflppilis, by Bisaya, by Belum-bani son of Assur-bel- awatim."
AKT 6c.pdf,"ma-na KB is-tu : A -I imki i-na e-la-i-su a-na Btar-la-ma-si tl A-la-hi-im SlGs-pi-i-A-sur DUMU lR-ad-i-/i-,§u i-sa-qal IGI A-di-da IGI A-.~ur-ba-ni IGI Be-lion-ba-ni","Damiq-pi-Assur son of Warad-iliSu will pay I mina of silver to IStar- lamass1 and Ali-ahum when he comes up from the City. Witnessed by Adida, by Assur-bani, by Belum-bani."
AKT 6c.pdf,KTSIB Ma-nu-ba-hlm-A-[.5]ur Ma-nu-ki-1 A -sur KI~iiB MAN-A-.5ur DUMU A-ta-a 1/3 ma-na 2 GIN KB SIG5 i-~Yi-er Puzur4-A-sur DUMU A-ta-a: A-lil-hu-um r i-su 1 i.5-tit ha-mu.S:J tim 1 [.na 1-li-d[an! ITI.KAM] . 5a ke-na-ti[ m] li-mu-um E-n[ a-Sit ]-/i[ n] a-na ITI' 14 ha-am-!.5a-tim la i/~-qzl-ul 1 1/2 GiN TA a-na 1 ma-na-im i-na IT!' .l.KAM 0i-ib-tam zl-:fa-ab,"Seal of Mannum-balum-Assur son of Silli-Adad, seal of Su-lllil son ofMan- num-ki-Assur, seal ofPuzur-Assur son of Ataya. Puzur-Assur son of Ataya owes 22 shek- els of good silver to Ali-ahum. Reckoned from the week of lli-dan, month Sa-keniitim, in the eponymy of 10 e.  Enna-Suen, he will pay in 14 weeks . rev. If he has not paid in time, he will add interest at the rate 1 Yz shekel per mina per month."
AKT 6c.pdf,GU 10 ma-na AN.NA ku-nu-ki 52 TUG SIG5 AN~iE.HI.A .~a-lil-mu ku-nu-ki .§a A-.5itr-ba-ni it Be-litm-ba-ni .5a tam-ka-ri-im a-na PuzurrA-[x] ip-qi-du lu-qu-tam a-[ ni-tam] a-na A-la-h[i-im] ip-qiJid1 IGI A-sur-ba-ni DUMU Ku-ta-a IGI SIG5-pi-A-sur DUMU IR-ad-i-li-su DUMU A -.~ur-i-di,"2 talents 10 minas of sealed tin, 52 good textiles, 3 black donkeys, sealed by Assur-bani and Belum-bani and belong- ing to a merchant, they entrusted to Pu- zur-A ... Puzur-A ... entrusted these goods to Ali- ahum. Witnessed by Assur-bani son of Kutaya, by Damiq-p1-Assur son ofWarad-illsu, (grand)son of Assur-idl."
AKT 6c.pdf,ma-na KB .~a-ru-pa-am i-nu-mi KB a-qa-lti A -sur-ni-im-ri i-ma-qu-tu a-na A-la-hi-im i-da-an-ma ITI.2.KAM i-be-el su-ma i-ma-/a urme-su KB Ia is-qtl-ut .~i-ib-tam ti-sa-ab IGI Be-la-/nim,"As to the 4 minas of refined silver, when the silver falls into Assur-nimrl's hands he will give it to Ali-ahum, and he will dispose of it for 2 months. If he has not paid when his term is up, he will pay an interest of 2/3 shekels 15 grams. Witnessed by Belanum."
AKT 6c.pdf,2/3 ma-na 5 GIN KB ku-nu-ki .~a Su-Hu-bur a-na A-la-hi-im e-zi-hu : ki-ma A -sitr-be-el-sa-du-e KB: A-ni-na i/5-qe su-ma a-na KB a-nim ma-ma-an a-na A-16-hi-im i-tit-a-ar A-ni-na DUMU MAN-A-na u-ba-ab-su TGI A-sur-ba-ni DUMU Ku-ta-a IGI Ili5-ba-ni DUMU A-mur-Btar Quittance. Ali-ahum has repaid a loan and receives a quit-claim.,"Concerning the 1 2/3 mina 5 shekels of scaled silver that Su-Hubur left with Ali- ahum- Annina has received the silver on behalf of Assur-bel-sadu 'e. rev.  for this silver, Annina son ofPuzur-Anna 1 0  will clear him. Witnessed by Assur-bani son of Kutaya, by TIT-bani son of Amur-IStar."
AKT 6c.pdf,A-la-hu-um a-na 1-na-Su-in i.~-ba-at-ni-a-ti-ma tup-pa-am sa ku-nu-uk : 1-na-S~I-in sa 20 ma-na KB A<-la>-hu-um a-n[ a] I~-mi-di-lim i-hi-ih-/u 1-naJSu 1-[in] ki-ma A-.~ur-ma-/ik DUMU A-la-hi-im um-me-a-ni-.§u : a-wa-tim u-ga-me-ru-ma sa 20 ma-na K[B] u !fl-ha-ti-.~u : A -/a-hu-um a-na !.~'-mi-di-lim i-hi-ib- r lu 1 su-ma ma-ma-an a-na A-/6-hi-im i-til-a-ar 1-na-Su-in ki-ma A-.~ur-ma-/ik um-me-a-ni-.§u a-na KB u ~·i-ba-ti-su A-la-ha-am u-bu-bu-u r {up-pa-am 1 .~a ku-nu-uk [/-]na-Su-in .§a A-/a-ha-am a-na KB u .~'i-ba-ti-/;u u-bu-bu-u A -la-h [ u ]-um a-na 1-na-Su-in i-di-in-ma i-du-uk u tu[p-p ]a-am .~a 20 ma-na KB u .~i-ha-ti-.§u A-la-hu-um a-na !~'-mi-di-lim i-hi-ib-lu 1-na-Szl-in t[up) -pa-am] i-d[ u-uk] a-na A -hl-hi-im i-di-ma IGI Ta-bi4-A-sur DUMU A-la-[ ... ] IGI Du-um-qi-a DUMU A-[ ... ] sa Ku-zu-za-ri-im ru' 1 A-la-hi-im [(. . .)] I. 16: the word tup-pa-am is no longer visible on the tablets (April 2009).,"Ali-ahum seized us against Enna-Suen, and concerning a tablet sealed by Enna- Suen stating that Ali-ahum owes 20 mi- nas of silver to I~mid-ilum - that Enna- Suen settled the matter on behalf of his investor Assur-malik son of Ali-ahum, so that with respect to the 20 minas of silver plus interest for which Ali-ahum was in- debted to I~mid-ilum ~if anyone raises claim against Ali-ahum, Enna-Suen will clear Ali-ahum for the silver and interest on behalf of his investor Assur-malik. Ali-ahum gave a tablet sealed by Enna- Suen, stating that he will clear Ali-ahum for the silver and interest to Enna-Suen, and he has invalidated it; also, the tablet stating that Ali-ahum owes 20 minas of silver plus interest to T~mid-ilum ~ Enna-Suen gave (that) tab- let to Ali-ahum and he has invalidated it. Witnessed by Tab-Assur son of Al..., by Dumqiya son of ... Concerning Kuzuzarum and Ali-ahum."
AKT 6c.pdf,z.l A-la-hi-im is-t[u] ha-mus-tim c~a 1-tur4-DINGIR ITU .KAM Ma-hu-ur-i-li li-mu-um E-na-Su-lin L~-qu-lu-nim IGI A-hu-qar DUMU Su-Btar IGI A-sur-du-gul DUMU Pi-la-ah-/Btar IGI A-ni-na DUMU MAN-A-na,"rev. and Ali-ahum. Reckoned from the week  of Itur-ili, month Mahhur-i/1, in the epon- ymy Enna-Suen, they paid me. Witnessed by Ahu-waqar son of Su-Istar, by Assur-dugul son of Pilah-Istar, by An- nina son ofPuzur-Anna."
AKT 6c.pdf,r2/3 1 ma-na 5 GiN [K]B i-0·e-er GAL [x (~:) ]-ri sa Lu-hu-za-lti-a r A 1-/G-hu-um i-/su 57 na-ru-uq mi-is-lam SE-am m[i-is-l]am ar-sa-tim SEJ am 1 ar-sa-tim [a-na] ha-ar-pe-e a-ni-u-tim i-da-an TlJG ku-ta-num SIG5 i-li-bi-su-ma,"The overseer of ... in Luhuzattiya owes 45 shekels of silver to Ali-ahum. 157 sacks of grain, half barley half wheat (are interest). He will pay the barley, the wheat and the silver at this (coming) harvest. He also owes 1 kutanu-textile of good quality."
AKT 6c.pdf,ma-na 1 112 I GiN KB i-~e-er Ha-bi-a it a-si-ti-su A-la-hu-um i-su Debt-note recoding small loan to an Anatolian.,Habiya and his wife owe 1/3 mina 1 Y2 shekel of silver to Ali-ahum.
AKT 6c.pdf,ma-na 15 GiN KB r i 1-li-be 1-la-li-u-ma-/an a-M-hi-nim Ti-wa-da-i-im A-la-hu-um i-su-u is-tit ha-mu.5-tim sa ka-si-im Debt-note recording a loan to a miller from the unknown hamlet of Tiwada.,"Tlali-uman, the miller from Tiwada, owes 1 mina 15 shekels of silver to Ali- ahum. Reckoned from the week of the kassu- rev. official."
AKT 6c.pdf,si-im TUG i-Ii-be Ti-za-ru-ma-an A-la-hu-um i-su Simple debt-note.,"Tizar-uman owes 12 shekels of silver, the price of a textile, to Ali-ahum."
AKT 6c.pdf,ma-na 2 112/ GiN NINDA i-~'e-er Til-wa-ra-a-ah-/su A -la-hu-!um i-su Simple debt-note; the bread is probably to be seen as interest.,Tuwar-ahSu owes 1/3 mina 2 Yz shekels  of silver (and) 20 loaves of bread to Ali- ahum.
AKT 6c.pdf,i-Ii-/be Su-li-a A-la-hu-!wn Simple debt-note.,Sulliya owes 3 shekels of silver to Ali- ahum.
AKT 6c.pdf,GIN KB i-li-bi Sa-li-a A-la-hu-um Simple debt-note.,Salliya owes 12 shekels of silver to Ali- ahum.
AKT 6c.pdf,§a A-lci-hi-im i-Ii-be A-ni-na Simple debt-note.,I 0 shekels of silver belonging to Ali- ahum is owed by Annina.
AKT 6c.pdf,.~a Be-!Um-ba-ni sa La-ma-si 1/3 GiN a-na Se-pi-Btar H-im ki-ri-im I /3 GiN .~i-im ku-ku-za-nim mi-ma a-ni-im i-.~i-im : i.GIS A-la-hu-um,3 shekels of silver belonging to Belum- bani; 3 shekels of silver belonging to Lamassi; 1/3 shekel the price of a piglet. 10  All this from the price of oil. Ali-ahum.
AKT 6c.pdf,na-ru-uq lu SE-um lu ar-sa-/tum sa a-we-el-tum i-ta-di-nu-ma ma-na KB A-la-hu-um,"For 5 sacks, both barley and wheat, which the lady delivered, Ali-ahum re- ceived 1 mina of silver."
AKT 6c.pdf,"i-na 1 1/2 GU 4 ma-n[a] URUDU SIG 5 it I GU r141 [ma-n]a URUDU .~a-la-mi-im sa A-la-hu-um e-zi-bu 31 ma-na URUDU SIG5 si-im rx (c)l A-sur-du-gul i/5-qe [x+] 4 m[a]-na URUDU En-naJ Su-in 1 i/5-qe ma-n[a UR]UDU SIG5 Zi-kurJdiM1 ils-qe ma-na URUDU si-im ku- r ta-nu l [a-na q ]a-ti-,§u ne-e8-qul ma-[na URUDU ~·a-l]a-ma-am hi-[x X X X] ma-na ruRUDU1","Of 1 Yz talents 4 minas of good copper and 1 talent 14 minas ofblack copper that Ali-ahum left, Assur-dugul took 31 minas of good copper as the price of ... Enna-Suen took x+4 minas of copper. Zikur-Adad took 8 minas of good cop- per. copper ... Urn ... took."
AKT 6c.pdf,GU 17 ma-na URUDU it 1/2 ma-na KB ki-is-da-ti-a sa a-na A -sur-na-da it U-zu-a e-zi-bu ma-na URUDU A -.~ur-na-da i/5-qe ma-na A-lti-hu-um ku-ri-um i/5-qe si-tit-um i.~-ti-.5u-nu i-ba-Si ma-na URUDU si-im ep-ri a-na U-zu-a e-zi-ib,"As to the 1 talent 17 minas of copper and Y2 mina of silver, my earnings which I left with Assur-nada and Uzuwa ~ Assur-nada took 25 minas of copper; Ali-ahum, ""Shorty"", took 10 minas. 10 e.  The remainder is with them. rev. I left 6 minas of copper, the price of ra- tions, with Uzuwa."
AKT 6c.pdf,ma-na URUDU SIG5 LA 1/6 GIN TA GIN KB a-§u-mi Zu-ku-a e-pu-li mi-ma a-nim i-li-bi Be-fum-ba-ni DUMU A§ur-be-el-a-wa-/tim A-la-hu-um i-su,"10 minas of good copper at the rate 5/6 shekel, Yz litre of oil he balanced with me because of Zukuwa;"
AKT 6c.pdf,5/6 ma-na rKB1 sa a-§u-mi A-mur-A-§ur DUMU Ba-ba-la-nim Zu-ku-a A -la-h [ u-um] e-pu-lu DUMU [ ... ],5 5/6 minas of silver that Zukuwa (and) Ali-ahum balanced on behalf of Amur- Assur son of Babalanum ...
AKT 6c.pdf,ma-na 3 GiN I KB a-na !/;tar-la-ma-lsi a-na si-a-ma-ltim ta-di-in,IStar-lamassi gave 1/3 mina 3 shekels of silver to Puzur-Assur for purchases.
AKT 6c.pdf,"pi-ri-ka-ni-e Su-ku-tum 2 pi-ri-ka-ni-/e En-na-Szl-in pi-ri-ka-ni u si-it-ru-um sa A -ki-di-e i-li-be-e Ha-nu-u 1 pi-ri-ka-lnum ~a Za-al-pa-a ni-ib-ra-ru-um A-zu-u zl DINGIR-a.~-ra-lni a-~·e-er A-mur-Istar ub-lu-u mi-ma pi-ri-ka-ni-e a-ni-u-tim a-na ta-ad-mi-iq-tim !Star-la-ma-sf ta-ta-di-in No. 556. kt 94/k 1660 obverse. Damiq-pi-Assur's seal. No. 558. kt 94/k 1653. Puzur-Assur's seal. No. 573. kt 94/k 1034A obverse. Puzur-Assur's Syrian seal. Blood-money Puzur-Assur Damiq-pi-Assur Bel urn-bani Su-TIIil Amur-Htar Utar-lamassi debt-note debt-note debt-note debt-note debt-note debt-note debt-note debt-note debt-note debt-note debt-note debt-note debt-note quit-claim quit-claim Assur-ni ... Puzur-A .. . Abi-Anum Abu-salim Adad-bani father off?) Amur-Assur Adad-bani Ahu-waqar son of Su-IStar Ahu-waqar son of Zurzur A1i-ahum father of Assur-bel-sadu'e Ali-ahum father of Assur-ma1ik A1i-ahum son of Assur-bani Ali-ahum son ofAtaya Ali-ahum son ofDudiki Ali-ahum husband of lstar-lamassl Ali-ahum, ofPanaka's finn Ali-ahum Amur-Assur father of Assur-idl Amur-Assur son of(?) Adad-bani Amur-Assur son of Assur-tab Amur-Assur son ofBabalanum Amur-Assur Amur-IStar father of HI-bani Amur-IStar father ofMan-mahir Amur-IStar Amur-sarrassa Anna-anna Annina son of Puzur-Anna Assur-bani father of Ali-ahum Assur-bani father of Ikun-pi-IStar Assur-bani father of Luzina Assur-bani son of Iddin-abum Assur-bani son of Kutaya Assur-bani Assur-bel-awatim father of Belum-bani Assur-bel-awatim Assur-bcl-sadu'e son of Ali-ahum Assur-bel-sadu'e Assur-dan father of Puzur-Assur Assur-dugul son of Pilah-IStar Assur-dugu1: Assur-idi father of Zukuwa Assur-idl father of Warad-ilisu grandfather of Damiq-pi-Assur Assur-idl son of Amur-Assur Assur-imittl son oflkun-pi-IStar Assur-imittt Assur-malik father of Illil-bani Assur-malik son of Ali-ahum Assur-malik son of Innaya Assur-malik Su-Suen Assur-nada Assur-nimrl Assur-pilah Assur-re'l father of Su-Zuzu Assur-sadu'e Assur-samsl Assur-taklaku son of Malakaya Assur-tab father of Amur-Assur Ataya father of Ali-ahum Atata father ofU;;ur-sa-Assur Azuza father of Puzur-Assur BabaHinum father of Amur-Assur Basi-ill father of liT-bani Basu father of Salim-bell Bel anum son of Su-Assur Be1iya son of In-kurub Bclum-bani son of Assur-bel-awatim Belum-bani Bur-Suen Damiq-pT-Assur son of Warad-ilisu grandson of Assur-idl* Damiq-pi-Assur Dan-Assur father of Iddin-Assur Dan-iii father of Su-Laban Enah/lnah/ Anah-ill Ennam-Adad Ennam-Assur father of Hanunu Ennam-Assur son ofNaram-Suen Ennam-Assur Ennam-ill Enna-Suen (grand)son of Issu-arik, brother of Su-Be1um Enna-Suen son of Iddin-abum Enna-Suen son of Su-Assur Enna-Suen Hanunu son of Ennam-Assur Happu-assu Hudu-be!T lbni-Adad lddin-abum father of Assur-bani Iddin-abum father of Enna-Suen 1ddin-abum son of Su-I star lddin-abum Iddin-Assur father of Su-Assur Iddin-Assur son of Dan-Assur lddin-Assur son ofKuzilanum lddin-Assur Iddin-Kubum lddin-Suen Ikun-p1-Assur Ikun-pT-IStar father of Assur-imittT Ikun-pT-Istar son of Assur-bani lkun-p1ya Ilali-uman, miller from Tiwada liT-bani son of Amur-lstar III-bani son of Basi-ill III-bani Ill-dan Ill-imittl Ill-kurub father of Bcliya Ill-pilah Ill-wedaku Iliya father of Puzur-Assur Illil-bani son of Assur-malik Innaya father of Assur-malik Irnuid father of Assur-nada grandfather ofSu-Suen Enna-Suen Issu-arik I~mid-ilum !Sma-Assur 1Star-lamass1 wife of Ali-ahum fStar-lamass1 Itur-ill Itiab-sinati Iziz-m1sar Kid-ahSu Kutaya father of Assur-bani Kutaya father of Su-Bclum Kuzilanum father of Iddin-Assur Kuziziya father of Su-Bclum Lalum father of Lipit-IStar Ui-qcp son of Puzur-sadu'e La-qcp son of Su-Assur La-qep Libbi-IStar Lipit-IStar son of Uilum Lipit-IStar Luzina son of Assur-bani Man-mahir son of Amur-IStar Man-mahir Mannum-balum-Assur son of ~ill-Adad Mannum-balum-Assur Mannum-ki-Assur father ofSu-Illil Mannum-ki-Assur Ma~i-i!I Naram-Suen father of Ennam-Assur Nur-Istar Pilah-Istar father of Assur-dugul Puzur-Abeh son ofZuba Puzur-Abeh Puzur-Anna father of Annina Puzur-Anna Puzur-Assur son of Assur-dan Puzur-Assur son of Ataya Puzur-Assur son of Azuza Puzur-Assur son of Iliya Puzur-Assur Puzur-!Star father of Su-Hubur Puzur-malasu Puzur-Suen father of Sar-Sucn Puzur-Suen Puzur-sadu'e father of Ui-qep Sill-Adad father of Mannum-ba1um-Assur Salim-Assur father of A1i-ahum Salim-Assur Salim-beli son of Basu Salim-beli Samas-bani Samas-ennam Samas-re'T Samas-taklaku Samas-tappa'T Sar-Suen son of Puzur-Suen Sat-Anna Sep-IStar Su-Assur father of Belanum Su-Assur father of Enna-Suen Su-Assur father of La-qep Su-Assur son of Iddin-Assur Su-Assur of Enna-Sucn Su-Belum son of Kutaya Su-Be1um son of Kuziziya Su-Be1um Su-Hubur son oflddin-abum Su-Hubur son of Puzur-IStar Su-Hubur Su-Illi1 son ofMannum-ki-Assur Su-Illil Su-IStar father of Ahu-waqar Su-IStar father of 1ddin-abum Su-IStar son of Sukkutum Su-IStar Sukkutum father ofSu-IStar Su-Kubum Su-Laban son of Dan-in Su-Suen son of Assur-nada grandson Su-Suen, scribe Su-Suen Su-Tammuzi Su-Zuzu son of Assur-re'T Su-Zuzu Taqin-abum Tizar-uman Tuwar-ahSu Tab-Assur son of Ala ... Tab-Assur Tab-~iii-Assur U~ur-sa-Assur son of Atata U~ur-sa-IStar Waldi-ilum Warad-ilisu father of Adida Warad-ilisu father of Damiq-pi-Assur son of Assur-idi* Zikur-Adad Zukuwa son of Assur-idT Zurzur father of Ahu-waqar Week-eponyms Assur-imittl III-dan ltur-ill Assur-imittf (REL 1 06) Assur-imittT malahum (REL 1 06) Enna-Suen son of Su-Assur (REL 1 07) Enna-Suen (REL I 07) Ma~i-ili (REL I 09)","2 pirikannus: Sukkutum;  2 pirikannus: Enna-Suen; 2 pirikannus and an Akkadian undergar- ment, (and) Y2 shekel of silver owed by Hanu; 1 pirikannu, 1 from Zalpa, a nibriiru, Azu and Ili-asranni brought to Amur-IStar. All these pirikannus Istar-lamassi has giv- en as free loans. .f~·:·: F<f, ' :r· ... ·. :.  : :.:' = .  . .. ....... · Copies 160-161 170, 184  53,96"
AKT 6d.pdf,"a-na A-sur-SIG 5 qi-bi-ma um-ma Ni-ni-ma a-na KB GAL a-ta-na-lci-ak-ma mi-ma ta-da-na-am lei i-mu-a-am 1-li-a KB u ta-cib-tcim la i-di-na-am [i-n]a r Ka 7 -ni-is [x X X xj a-,$e-er [x] r ri-im 7 te-zi-bi4-ni [a-p]u-tum URUDU sa e-me-ri-im se-bi-lci-am a-na KB la ta-da-gal mi-ma la i-da-na-am su-ma be-li a-ta KB sa nu-a-im sa-bi4-i","To Assur-damiq from Nini: I keep going to ... silver but he refuses  to give me anything. Iliya has not given me silver or salt. to ... . .. that you left with me Urgent, send me copper for the sheep. Do not expect silver. He gives me nothing. If you are truly my lord, satisfy me with  the silver from the Anatolian."
AKT 6d.pdf,"a-na A-sur-SIGS qi-bi-1-ma um-ma A-bu-sa-lim-/ma a-na-kam : as-ka-pu fo r a 7 -na L[u}-uh-ra-ah""-na' ha-bu-lu-ni mas-ka-am sa GUD : is-ti A-mu-ri-e il 5 -qe-u-ma 1/2 [ma}-na 5 GIN URUDU a-na-ku qa-ta-tu-um lJ si-ni-am i-a-ti iq-bi4-u-nim mi-ma la i-di-nu-nim a-na-kam A-mu-ri-u ma-ah-ri-ka-ma i,$-bu-tu a-ma-kam ,$a-ba-su-nu-ma URUDU li-di-nu-ni-ku-/um 1/2 ma-na URUDU dEN. r LiL 7 -ba-ni lu-se-bi./ <-lam> pa-su-um a-na sa-pa-ar-[tim} na-di","To Assur-damiq from Abu-salim: The leatherworkers here who are in  debt to Luhrahna have received the hide  of an ox from the Amorites, and I am  the guarantor for 1 ½ mina 5 shekels of  copper. Also, they promised ... for me, (but)  they have given me nothing. Here the Amorites seized (them) with  you as witness. Seize them there and have them give  you the copper. Illil-bani should send me ½ mina of  copper. An ax has been deposited as security."
AKT 6d.pdf,u Ni-wa-lci,"Sealed by Assur-gimlI; to Azu, lstahsu and Niwala."
AKT 6d.pdf,"um-ma A-,for-gi-im-li-ma a-na A-zu-u: ls-ta-ah-su-for z', Ni-wa-la qi-bi.,-ma GIN AN.NAA-lu-wa: na-a,5-a-/ku-nu-ti na-ah-lci-cip-tcim sa ,>""U-Uh-ri-im A-mur-A-sur ub-lci-ku-nu-ti ti-ir-ti ma-lei u 2 ,§ i-ni-lfo i-li-ka-ku-nu-ti a-tu-nu : su-lu-um-ku-nu ma-ti-ma lei i-«la»-li/-kam u su-ma sa-hi-re-/en lei tu-se-lei-nim ti-ir-ta-ak-nu-ma li-li-kam : is-ti a-li-/ki-im pci-ni-im-ma ki-ma _tup-pei-am ta-a,5-me-a-ni ti-ir-ta-ak-nu li-li-kam u ,§i-ni-en a-na ma-ha-ti-a ,5e-bi .,-lei-nim a-na A-sur-ma-lik r qi-bi 7 -ma um-ma Kur-ub-Btar-ma a-na-kam a-bu-ni KB ma-dam i-!fe-ri-la il5-te-qe a-hi a-ta i-hi-id-ma KB fa li-bi-ka u fa e,~-ti a-hi-im u eb-ri-im te-ri-fa-ni es-ti ba-ti-qi-im se-bi-1-lam lu-qu-ut u [ X X X X] a-na !fe-[er A-sur}-ta-ak-r la' 7 -ku a-na [Pu-ru-Jus-ha-dim se-bi-1-ifl5-m}a ba-ti-iq u wa-tu-ur Ii-di-nu-ma KB li-im-hu-ra-ni Tl.JG-te-e a-qei-ti-a a-na E ka-ri-im u 1 ma-na KB u 2 ma-na ki-ma KB i-ni-ka-si lei a-na-pei-al-ma Ii-bi lei i-ma-raJ as 7 a-na ,§i-ip-ka-at Ku-ra GIN TA KB a-bu-ni <is-> r qu-ul KB lei-su 7","From Assur-gimlI to Azu, Istahsusar  and Niwala: Aluwa brings you 10 shekels of tin. Amur-Assur brought you a children's  dress. I sent you word once or twice, (but)  you, no greeting whatever came from you. I O e. rev. However, send me word if you do not  bring the boots up here. Send me word with the very first transport, as soon as you have heard  the letter. Also, send me shoes for my aunt. Le. To Assur-malik from Kurub-Istar: Our father has taken a lot of silver on  my account here.  My dear brother, take care to send me  with an express transport the silver in  your possession as well as what you  may ask for for me from brother and  friend. The goods ... rev. Send ... to Assur-taklaku and A ... in  Purushaddum and let them sell it at  the best available price and let the  silver be available for me. (Place) 20 textiles on my account in  the office of colony, so I shall not ba- lance 1 or 2 minas of silver instead of  the silver at the accounting, and I shall  not be unhappy. I.e.  15' Our father paid at 7 shekels of silver  on each (mina) for Kura's invest- ments.  There is no silver."
AKT 6d.pdf,a-na A-sur-mu-ta-bi -Iii u A-sur-ma-lik [ a-na J A-sur-ma-lik [qi-bi-ma} um-ma Sa-gi5-is-lke-nu-ma [x ma-n}a LA 1/2 GIN KB [x X x}-ka : a-di-u [x x x} a-na [ A-m}ur-dLJTU ta-di-in s i-ti KB 1/3 ma-na I 4 1 /2 GIN i-li-bi 4-ka a-hi a-ta : KB «a- r na 7 » u s i-a-ma-tim a-na A-sur-mu-ta-bi -ii di-in : u a-na-ku ga-ma-al-ka a-le-e,"To Assur-muttabbil and Assur-malik;  to Assur-malik from Sagis-kenum: x mina less ½ shekel of silver ... 1 O  The rest of the silver, 1/3 mina 4 ½  rev.  shekels is owed by you. My dear brother, give the silver and  the purchases to Assur-muttabbil. I too am capable of doing you favo- urs."
AKT 6d.pdf,"um-ma A-ka-di-a-ma a-na A-sur-ma-lik qi-bi4-ma mi-su sa a-sa-tam ta-hu-zu a-na-ku a-na-kam a-bu-sa al-le a-bu-sa e-ku-sa-/am a-,5 e-pe-su mu-qu-ut u ka-bi-su ra-qa-tam di-su-um","From Akkadiya to Assur-malik: Why have you taken a wife in marri- age? As for me, should I handle(?) her fat- her here? Her father has gone off - fall at his feet and honour him. Give him a thin textile."
AKT 6d.pdf,"a-na N-du-ki-[inj qf-hf'ic_ma um-ma A-,forJ mu-ta lJ-nu-[ut-ka} sa-al-ma-/at [x x xj-a: da-am-lqi-is i-lu-ku 5 GIN KUG GIN AN.NA sa 20 GIN [ X X] r X 7 7 / GIN r ga-am 7 -ra-am ik-su-dam u 5 GIN KB fo a-na -aq-bi""'-la-ni u-la ni-di-su-/um ha-ra-an : ni-[. . .} r x 7 -ku-um : r x 7 [. . .} u-ta-ar [. . .} um-ma su-ut-ma a-na be-el nu-ku-ur-ti-a : [. . .} ra-bi""'-!ja-am: da-n[a-amj a-na U-la-ma i-[ dij-/ni-a-ti","To Isdu-ken from Assur-muttabbil: Your goods are safe. ... goes well. 5 shekels of silver and 5 shekels of tin  of 20 shekels ... ... I incurred an expense of 7 shekels; rev. also, the 5 shekels of silver that you  had promised to the father(?) we did  not give him. The road ... ... he returned ... he said: ""'He gave us a powerful attorney to  Ulama against my enemy ... "" I.e."
AKT 6d.pdf,a-na A-sur-ni-im-ri qi-bi-1-ma um-ma Kur-bi-1-/i-li-ma e-ma- r ru 7 a-na na -a -Lrz-tz1 m-ma [n]a-ad-[u X x] ha[. . .] a-na r 1/3 ma- 7 na na-di su-ma be-li a-ta si-im TLJG.Hl-ti-a se-bi-1-lam: su-ma a-na A-l imk; ta-sa-pa-ra-ni lu si-im TLJG.Hl-ti-a r lu 7 si-im $if-ha-ri-a se-bi-1-lam a-hi a-t[a] ta-da-gal-ma a-n[a-kam] KB 1 GIN i-na qa-ti-a la-su KB 1 GIN a-na u-ku-ul-ti-a se-bi-1-lam a-na A-sur-ni-im-ri qi-bi-ma : um-ma Ku-ur-b i 4-l i-ma URUDU sa tu-se-bi4-lci-ni lei i-mu-u-su hu-sa-e : re 7 -ri-su e-ma-ri : i-na na-cib-ri-tim i-tci-ar-du a-na-kam Sa-he-er-tum i-na qci-ti-a lci-su a-ma-kam sa-he-er-tum [s}e-bi4-lam : e-m[a-ri .. .} [a}-na-ku [. . .] r hu 7 -sa-e [. . .} ig-ri e-ma-ri [. . .} lu-sa-bi4 is-ti Li-ip-ta-ni ma-na URUDU1 ah-bu-ul-ma i-na URUDU : sa tu-se-bi4 <-lci>-n[i] il5-te-qe: mi_r ma 7 i-na ra-mi-ni-su u-lci i-di-nam su-ma be-li a-ta TUG ~it-ba-ti-a a-na su-ub-ri-im ta-er-ma su-ub-ru-um : a-na-ma sa-bi4-it ~u-ha-ri se-ri-a-am,"To Assur-nimr1 from Kurub-ilt: The donkeys have been placed in the  paddock .... ... has been placed for 1/3 mina. If you are truly my lord, send me the  proceeds from my textiles.  If you write to me in the City, send me  both the proceeds from my textiles and  the price of my servants. My dear brother, you can see that not a  single shekel of silver is in my posses- sion here. Send me just a single shekel of silver  for my food. To Assur-nimr1 from Kurub-in: They do not want the copper you sent  me. They ask for scrap. They have chased my donkey out of the  paddock. No small goods are available for me  here. Send me some (from) there. The donkeys ... I... rent for donkeys ... I shall pay up. I owed 2 minas of cop- per from Lipit-Anum and he has taken  it out of the copper you sent. He has not given me anything of his  own. If you are truly my lord, convert my  textiles to a slave and as for the slave,  as soon as he has been paid in full, send  the servants."
AKT 6d.pdf,« a-na» A-nu- r x 7 -an a-na A_r sur-x X 7 qi-bi4-ma um-ma A_r mu:7[(...)} lu 2 ka-ar-pe lu 3 ka-ar-pe ta-ab- r tarn 7 a-na r fo 7 bi4-la-tim di-in it-la r 15 7 GIN UR U DU si-ta ka-ar-pe ig-ri-su-nu it-la 2 QA ta-ab-tam di-in-Ima lu-ub-lu-nim 1/2 ma-na hu-sa'-e r X GIN URUDU 7 r sa-pa-ar-tim' 7 ctEN .LiL-ba-ni lu-se-bi 4-lam,"Seal of Puzur-Assur; to Anu ... To Assur-... from Amu ... : Give either 2 or 3 jars of salt to the porters. Give either 15 shekels of copper and  two jars as their wages, or 2 litres of  salt, so they may bring it. ½ mina of scrap ... x shekels of copper, a pledge, lllil-bani will send me."
AKT 6d.pdf,"a-na sa ki-[ma i-a-ti} qi-bi-ma um-m[a MANJJ A-sur-[ma] a-ma-lei ti-ir-tim sa Zu-ku-a : a-hi-if-ma L§-tu 3 ITU.KAM: ,fi-mi ga-me-er URUDU lci-m[u-num] GU i-ba-,fi-ma rum-ma 7 a-na- r ku-ma 7 I O GIN-su lci-ak-bu-us-ma ha-ra-ni lci-ta-lci-ak URUDU lei ma-dam u-ka-in a-na 30 ma-na URUDU r la 7 u-r ka-an' 7 a-na 1 GU 30 ma-na URUDU a-na ar-nim ka-[ru-um] i-di-ni i-se-p [ ci-ti-fo-nu] mi-ta-qu-tim u i[p-ra-am] a-qci-qci-di-a si-ta-pu-ki-[im] ma-na URUDU SIG5 i-~e-ri-a il5-qe-u-/ma sa-pi-lci-tim e-pu-us-ma i-sa-am-si [(x)] sa fup-pu-um lci-pu-ta-k[u-ni] ha-ra-ni a-ta-lci-ak ki-ma u-ku-ul-ti e-ma-ri da-na-at-ni u we-da-ku-ni-ma ma-ma-an Lf-ti-a lci-su- r u 7 e-ma-ri a-[§i-m]i-im [(. . .)] a-ti-di-in [. . .] ma-lei[. . .] ci,§-pu-ra-kum um-ma a-na-ku-ma ma-na AN.NA sa a-na En-um-A-[sur] DUMU Na-ra-am-ZU a-di-nu sa-as-qi-i/5","To my representatives from Puzur-Assur: In accordance with the message from Zu- kuwa I have checked and my purchases  were concluded 3 months ago. About 20 talents of poor copper is here,  so I said: ""Let me remit 10 shekels on it and then  leave on a journey."" I confirmed that there was not much cop- per. I did not confirm 30 minas of copper.  The colony imposed a penalty on me of 1  talent 30 minas of copper. By constantly falling at their feet and  constantly pouring dust on my head (I  achieved that) they have taken ( only) 45  minas of good copper on my account and  I have made the rest and on the very day  the letter is written to you I shall leave on  a Journey. Since fodder for the donkeys is hard to  acquire and I am alone with no one sta- ying with me, I have offered the donkeys  for sale ... I wrote you, saying: ""Have the 13 minas of tin that I gave to Ennam-Assur son of Naram-Sin paid."""
AKT 6d.pdf,"um-ma Be-lu-/u-ma a-na Ah1-sa-lim qi-bi-ma : i-nu-mi tu-wj-u-ni l ma-na KB a-di-na-kum sa :ju-ba-tim fol ma-na [par}-zi-lim roINGIR- 7 ba-ni i-nu-mi i-na pa-ni-tim U:j-U 1 1/2 TUG a-di-in um-ma a-na-ku-ma a-na Ah-sa-lim : di-in um-ma ,fo-ut-ma a-na i-li-a : a-di-in","From Belulu to Ah-salim: When you left I gave you 1 mina of sil- ver. Of the textiles, of the carnelian, of I  mina of iron ... When IlT-bani left earlier I gave (him) l  ½ textile. I said: ""Give it to Ah-salim!"" He said: ""I gave it to Iliya."""
AKT 6d.pdf,K[ISIB Bu-bu-ra-nu]-u[m] a-[na AJ-bi4-a DUMU [Be-]e-be r u 7 [A-]sur-DlJG [. . .]-nu A-bi4-a su-m[a] a-hu-a [ a-tu-]nu ih-da,"Sealed by Buburanum; to Abiya son of Bebe and Assur-tab. ... Abiya. 5  If you are truly my brothers, take care!"
AKT 6d.pdf,um-ma Bu-bu-ra-num-/ma a-na A-bi4-a u A-sur-DlJG qi-bi-ma a-na A-sur-DlJG qi-bi-ma is-tu N a-ar-ma-ak-A-sur Ba-di-a : a-ma-kam wa-sa-cib-ma u a-ta ta-cis-ta-pu su-ma a-hu-a a-tu-nu is-ti a-li-ki-im pa-nim-/ma pi-iq-da-ni-su-ma a-na A-limki li-li-kam-ma da-a-su a-sa-qal su-ma a-la-kam la i-mu-a a-pu-tum la i-:Ja-li-ku-/nu ka-s i-a-su-ma se-ri-a-ni-su,"From Buburanum to Abiya and Assur- tab; specifically to Assur-tab: Badiya has lived there since the month  Narmak-Assur, and you just kept silent. If you are truly my brothers, then hand  him over to the very first caravan and let  him come to the City, and I shall pay his  fees. If he refuses to come, then it is important  that he does not cheat you. Bind him and have him brought."
AKT 6d.pdf,"um-ma Bu-zu-ma a-na E-me-ni GIN KB URUDU ma-na En-nu-[. .. ] ub-la-am u- r la wa-ta-ar 7 r ku 7 -nu-ku-ka [i-}na KB a-ni-im fo 3 sa-na-at ni- r ba 7 -kam a,f-qul KB ma-s i- r ha-ma 7 1/2 ma-na I O GIN",From Buzu to Emeni: Ennu-... brought me 7 shekels of silver  (for?) some 2 minas of copper. was not in excess. Under your seal we shall despatch (it)  out of this silver from (the last) three  years. I have paid (it). The silver ... ½ mina I O shekels of silver ... I.e.
AKT 6d.pdf,um-ma SIG 5-pi-A-sur-ma a-na Puzur4-A-sur [qi}-bi-ma su-ma AN.NA-ka [i-n]a sa-ru-ti-ka te-zi-ib-/su [ a-n] a Ka-ne-es [la tu-se-Jri-ib-su AN.NA-lka [x x x]-am su-ma [ a-na Ka-n] e-es [is-ti}-su AN .NA-ka [tu-se-ri-i}b-ma [la ta-sa}-hu-ur a-r tal-/kam 7 [x x] rx 7 i-na [x x x] a-na KB [x x x]-ni-su u a-ta [x x] AN.NA-ki-ka [x t}a-ma-ma se-li a-pu-tum i-na <lUTU-si fup-pi ta-sa-me-u ti-ib-/a-ma r a-tal-kam 7 la-ma a-wa-tum,"From Damiq-pI-Assur to Puzur-Assur: If in your falseness you have left your  tin, (and) did not have it brought into  Kanesh, then ... your tin. If you brought your tin into Kanesh to- gether with him, then do not wait, but  come. ... and you  ... of your tin  ... produce .  It is important that you set out and leave  the very day you hear my letter, before  word ..."
AKT 6d.pdf,a-na Dan-A-su[r u A-sur-.. .] qi-bi-ma [u]m-ma r Ni-ha x 7 r 5 7 ma-[ na] r KB 7 ~a-ru-pa-am [ku-nu-ki-a] rd7 EN.LiL-ba-ni u[b-la]-ku-nu-ti is-ti sa r ILLAT-tim 7 [TUG.HI.]r A SlG 5-tim 7 fo A-ki-di-[e] r lu ra-qa-tam 7 lu lu-bu-su-um r lu? nix 7 [x l]u ta-ku-us-ta-u[ m} lu a-bar-ni-[u]m lu na-ma-su-hu-/um lu ka-am-su-um lu ku-ta-num lu i-na mi-ma a-ni-u-tim r x 7 [x x (x)J i-se-ra-ku-nu-ti-ni lu SlG 5 lu r wa 7 -at-ru-ma KB 1 GIN TA [la] ta' -be-e-la-a sa-ma- r nim 7 [su-ma} si-mu-um a-ni-um r la-su 7 1-~l'-er 7 E.GAL-li-e lu r e 7 -pi-si lu sa pa_r nt-su:' na -wa-ar lu AN.NA r u-l-ma 7 -am sa KB 1 GIN [§Ja e-li-a-ni sa-ma-nim a-hu-u-a a-tit-nu a-di ti-ir-ti-a ha-am-s i-su as-pu-ra-ku-nu-ti ki-ma tup-pi t[ a-a}s-me-a-ni TUG.HI.A SlG5-tim AN.NA-ki GU 55 ma-na u r si7 -im KB a-nim A-sur-GAL u r x-i' 7 -tim lu-se-ti-qu-nim r su-ma 7 1-ku-pi-A-sur a-mi-sa-am i-la- r kam 7 su-ut it r A-sur-GAU 7 lu-se-ti-qu-nim it si-ti TUG.HI.AJ ka 7 a-na Dan-A-sur e-zi-ib-su-nu su-ma la na-tit-ma ANSE.HI.A la i_r lu 7 -ku a-di ma [x} rx si a x 7 GIN gu5-mu-u[r x} ti a [x x} r x (x) 7 -ma it a-na 1-ku-pi-A-sur [x X X X j a-na r pa-ni-ka 7 a-na [x x} r rQ 7 [x} r ma i-pa-ni-su 7 [x x] ta a-sar u-sa-lu-mu-[. . .} lu-qu-ti r mi-il5-ka a-na A-sur-[. . .} qi-bi-1-ma it a-ta[ . .} [x x} su-mi-im [. . .},"To Dan-Assur and Assur-... from ... : Illil-bani brought you 5 minas of refined  silver under my seal.  Together with that from the caravan buy  textiles of good quality, Akkadian ones,  either a thin one, or clothes, or ... , or  takkustii 'u or Abarnian or namasuhu, or  kamsu or kutiinu or what is right for you of  all these ... , both of good and of superior  quality, and do not spare a single shekel on  each. Also, as for the rest of your textiles, leave  them for Dan-Assur.  If it is not fitting for donkeys to go, spend 10 shekels ...  ... and to Ikun-pT-Assur ...  ... before you to  ... before him  ... where they will save ...  decide about my goods. To Assur-... :  You too ..."
AKT 6d.pdf,a-na r Dan-A- 7 sur u Us-ma-a qi-bi-ma um-ma Puzur4-A-sur-ma ki-ma: AN.NA a-na A-ki-a: ta-ta-si-a_r ni 7 r a 7 -na-kam: IGI A-ki-a: a-ta-si-ma ma-na AN.NA ba-ti-iq li-ti-ik-teim : ku-nu-ki sa A-ki-a DVG-~i-lei-A-sur na-eis-a-ku-nu-ti : a-ma-kam is-ti: eib-nim sa tu-sa-qi-lei-ni ma-ah-~a-ma su-ma ba-ti-iq i-li : i-~e-ri-su : id-a a-ha-ma 2 ma-na ni-gq-li na-eis-a-ku-nu-ti ma-na r x x ga a 7 li-il5-qe 20 r ma-na 7 [a-]tu-nu: le_r qe 7 -a-ma [ a-}na na-eib-ri-[ti e-}ma-ri-a di-na a-na A-ki-a /3 ma-na KB a-na be-a-lim [ta-da}-na-am : qei-bi-1-a-ku [ a-na-kam} lei i-su : is-tu A-fimki: KB-pi u-ta-ra-lam GIN KB Dl.JG-~i-lei-A-sur na-eis-a-ku-nu-ti : 5 GIN KB i-li-bi4 : A-ki-a KB di-na-su-ma sa 1 /3 ma-na KB tup-pu-su lu-up-ta GIN KB DVG-~i-lei-A-sur na-eis-a-ku-nu-ti: i-nu-mi te- r d 7 -su-ku-nu-ni r di-na-si 7 -im : a-ma-lei eis-pu-ra-ku-nu-ti-ni TUG.H[I.A] SIG5-tim: DIRI : a-na SaJ lim' 7 -be-li di-na,"To Dan-Assur and Usmaya from Puzur- Assur:  As you checked the tin for Akiya, I  have checked it here in the presence of  Akiya, and there is 2 minas too little of  the tin. Tab-~i11-Assur brings you the full amo- unt sealed by Akiya.  Check7 it there with the weight-stone  that you weigh with and ifthere is too  little, then lay the gods on him! Tab-~ill-Assur brings you 15 shekels  of silver. 5 shekels of silver is owed by  Akiya. Give him the silver and write  his tablet for 1/3 mina of silver. Tab-~ill-Assur brings you 4 shekels of  silver. When she asks you for it, give it  to her. In accordance with what I wrote you, give  good, extra-fine textiles to Salim-beli."
AKT 6d.pdf,"a-na En-na- r mG' 7 [-nim] qi-bi.,-ma um-ma Ka-ka-ba-/ma a-na-kam DAM.GAR-ru u-sa-am-t a-a-ni a-na A-sa_rsa-bi 7 um-ma a-ta-ma a-la-ak ITI.2.KAM la a-sa-hu-A u-ma-am a-~e-er Ma-Ii-a DAM.OAR si-ki u-ta-ra-ad ma-na URUDU fo aq-/bi.,-u DUMU Zu-ba la i-di-nam I O ma-na URUDU a-na ,Ji-ib-tim E nu-a-e al-qe-/ma .Ju-ha-ar-ka rip ta an 7 u-r ma-am 7 ~u-ha-ar-ka ar-ta-na-pu-ud DINGIR lu i-de8 ma-ma-an ,fo en-na-an be-li-sa i-la-qe-u","To Ennam-Anum from Kakkaba: The merchant belittles me here. You said to Asasabi: ""'I shall go. I shall not delay 2  months.""  Today the merchant detains me from  going to Maliya. 10 lo.e. As for the 10 minas of copper that I  rev.  promised, Zuba 's son has not given  it to me; I have borrowed 10 minas  of copper against interest in the hou- 15  se of an Anatolian and your servant Today I am running around (as) your  servant. 20  u.e.  I.e. The god should know whoever rece- ives her lord's favour."
AKT 6d.pdf,"um-ma En-na-num- r ma 7 a-na ld-na-a u r A-sur 7 -[ . .} qi-bi-ma a-ma-la as-pu-ra-ku-nu-ti-ni r a-na 7 tf-ir-tf-a SQ r X X 7 im [ . .j z-ra-L, z1 -u a-pu- tum i-hi-id-ma ki-ma [sa] [qa]-qi-di-ka lur -qu-ti 7 u [e]-ma-ri-a: a-ma-la [a]-wi-lu-ti-ka sa-:;[i-ir] i-nu-mi A-sur-i-mi- r tf 7 a-na A-limki i-li-[ku] KB 2 ma-na u ma-na a-na ra-mi-ni-su r na- 7 si l/ i-na A-limki 1/2 ma-na KB be-u-la r -at 7 Ha-al-gi-a-su A-sur-[i-mi-ti] a-ma-la ti-ir-ti-a sa as-pu-ra-ku-nu-ti-ni ep-sa u ~i-ba-[tim] r fo 7 A-sur-i-mi-ti mi-m[a] la i-sa-li-ma li-bi4 la i-ma-ra-~a-[k]um","From Ennanum to ldnaya and Assur-... : In accordance with what I wrote to you  with my orders that ... leads - urgent,  pay attention and as you are a gentle- man guard my goods and my donkeys  as if they were your own. When Assur-imitfi went to the City he  brought some 2 or 3 minas of silver on his own, and in the City Assur-imitfi  took ½ mina of silver, the working ca- pital of Halgiassu. 25 e.  Also, with respect to the interest(?) of  Assur-imitfi he must not lie and make  me angry at you."
AKT 6d.pdf,[a-di s]a ta-as-pu_r ra-ni 7 [um-ma] a-taJ ma 1 7 me-at 80 [TUG] qa-dum sa li-[we-tim] G[U] 10 ma-na A[N.NA] NA fo ni-[is-ha-tim] TUG .HI.A fo r ta 7 -ad-mi-iq-tim SA.BA 10 TUG SIG5 muJfa 7 -e ~u-ba-ti sa be-u-la-at ka-~a-[ri (. . .)] ma-la a-na be-u-la-ti-su-nu a[g-mu-ru] u a-ha-ma 1 /2 ma-na KB fo [is-tz1 Ha-al-gi-a-su: A-sur-i-mi-ti i/5-qe-u-ma la li-bi-li-ma ma-la ~u-ba-ti a-na r X X X 7 u a-ha-ma a-na sa-[. . .] r Ha 7 -al-gi-a-su da-a[r-ku] [mi-su]-um la ta-as-pu-ra-ma r x (x) 7 [x] ti-ma a-ta? bu [. . .] a-la-nu-ma ta-as-pu-ra-ni [ um-ma J a-ta-ma I GU AN.NA s[a] i-di-nu-ni-[a-ti]-ni sA 1 1/2 ma-n[a (..)] ma-hi-ir r e-li 7 -tim u-sa-qi-lu a-pu-uh 5 rma 7 -na ruRUDU 7 [t]a-[x] su-ta-bu-im [x X X t]a-:;u-ra-a[ m .. .] te-pu-su a-t[a X X X xj-su tu b[t .. .J-ka [. .. I]d-na-a na-as-a-ku-nu-ti a-hu-a [ a-tu-nu .. .] r i- 7 -pa-ta-ar a-ma-kam,"obv.?  Concerning what you wrote me, saying:  180 textiles including those for the  wrapping, 4 talents 10 minas of tin, 14  minas of tin of the import tax, 4 texti- 5  les of the tadmiqtum - of that 10 good  textiles were missing - apart from the  textiles from the working capital of the  harnessors - as much as I spent on their  working-capitals.  10 And further, ½ mina that Assur-imitfi  received from Halgiassu, and, sadly, as  many textiles ... from there you wrote me, saying:  ""1 talent of tin that they gave to us, of  that they have paid out 1 ½ mina at the  rate of the caravan.  Instead of 5 minas of copper ...  to be satisfied .. .  you have done .. . ... Idnaya brings to you. My dear brot-"
AKT 6d.pdf,um-ma AJ a 7 -ar-ti-ma a-na En-na-Su-in qi-bi-ma a-su-mi GUSKIN is-ti-ku-nu ( erasure?) i-hi-id-ma a-ta u E-la-li se-bi-la-nim a-we-litm r la i-qa -[bi um-ma su-ut-ma} [GUSKIN e se-b}i-l[a}-ma [i-hi-]id-ma r GU SKIN 7 S105 se-bi-/la-nim a-la-ku-nu la tu-qa-a gi-mi-l[ am} ra-bi-am i-:;e-r[i-a} su-ku-ma,"From Ayarti to Enna-Suen: Pay attention to the gold in your posses- sion so that you and Elali send me good  gold. The man should not say: lOe. ""Do not send any gold!"" - but do take  care to send me good gold. Do not wait until you leave (yourself).  Do me a great favour!"
AKT 6d.pdf,um-ma Ha-na-a-ma a-na Asur-i-mi-ti u Ka-ri-a qi-bi-ma I ma-na KB a-na DUMU.Mi Sal-ma-A-sur a-di-in tup-pa-am same-er-a-at Sal-ma-/A-sur A-di-da : Su-Ta-mu-zi u E-la-a ah-ri-im a-na-kam r KB 7 A-la-hu-um it-sa-bi- r ma 7 r a-ma -kam tup-pi-a pe-te-a-ma tup-pa-am sa hu-bu-r ul 7 rDUMU.Ml 7 Sal-ma-A-sur A-di-da r Su-Ta-mu-zi 7 lJ E-la-a r a-na me-er-a-at 7 r Sal-ma-A-sur 7 di-na-a r KB sa-bu-a-ku 7 u[m-ma x x x-]ma a-n[a Ha-nu] u r A 7 {-x x] qi-bi-ma a-na Ha-nu qi-bi-ma ku-ta-ni a-na r 2/3 7 ma-na LA 2 GIN KB a-di-na-kum SA.BA 1/3 ma-na LA 2 GIN KB a-bu-ka i-di-r nam 7 /3 ma-na a-na E ka-ri-im i-di-in a-ma-kam a-na a-bi-ka ta-er a-ha-am-ma I ku-si-tam SIGS is-tu MU. I .SE a-di-na-kum r 1/3 ma-na 5 GIN 7 KB si-im-sa,"From Hannaya to Assur-imitfi and Kar- nya:  I gave 1 mina of silver to Salim-Assur's  daughter.  I certified the tablet concerning Salim- Assur's daughter, Adida, Su-Tammuzi  and Elaya.  Ali-ahum has paid me the silver here,  so open for my tablets there and give  the tablet concerning the debt of Salim- Assur's daughter, Adida, Su-Tammuzi  and Elaya to Salim-Assur's daughter. I have been paid the silver. From ... to Hanu and A ... ; to Hanu: Raise it with your father there. I furthermore gave you a year ago 1  fine robe. Its price was 1/3 mina 5 she- kels of silver."
AKT 6d.pdf,"um-ma Pci-ru-ur-tum-/ma a-na 1-di-a-bi-/im qi-bi-ma a-ha-at a-bi-ka me-ta-at um-ma a-hu-ni-ma ap-lum la-su E be-tcim ne-nu : ni-tci-ru"" ki-ma fup-pci-am ta-cis-me-u ti-ib-a-ma a-ta-al-kam E a-bi-ka a-na ka-nu-nim ba-li-im is-ta-ak-/nu","From Parrurtum to lddin-abum: Your father's sister is dead. Our brothers say:  ""There is no heir. Let us take away the  house ourselves."" Set out and come here when you have  heard the letter. They have turned your father's house  into an extinguished fireplace."
AKT 6d.pdf,um-ma 1-ku-pi-A-' sur-ma 7 a-na i-li-a u Ku-ra qi-bi-ma 4 1/2 ma-na KB mas-ka-tcim Su-Be-lum DUMU A-lu-lci-a ha-bu-lam : ~u-ha-ri a-na ~e-ri-su : a-na Ha-na-ak-na-ak a-KB sa-as-qu-lim : cis-pu-ur-ma su-ut ~u-ha-ri-a is-Ii-ma pu-uz-ra-am i-na pci-ni-su-nu iJ·-ba-at-ma: a-na A-limki i-ta-lci-ak me-er-u-a 'a 7 -tu-nu : a-di ma-la [u] 2 si-ni-su cis-pu-ra-ku-nu-/ti-ma [ a-tu-}nu mi-ma-sa[-ma u-lci J [ta-cis-]pu-ra-nim [ih-da-ma} ki-ma na-as-pcir-[tcim] [ta-cis-m]e-a-ni : mi-ma : [sd'J ki-ma : ti-ir-tu-su ta-a~-ba-ta-ni-ma qci-at-ku-nu : u-ka-lu na-cis-pe-er-tcik-nu is-ti A-nu-pi-lstar u a-hi-a li-li-kam-ma uz-ni pe-te-a 5 TUG SIG5 i-na sa se-ep : Su-ka-a is-ti A-nu-pi-ls tar u a-hi-' i-a 7 se-bi -lci-nim a-na 1-li-a qi-bi4-ma TUG-ti 'sa 7 a-na DAM.GAR tu-[ . .},"From Ikun-pI-Assur to lliya and  Kura: Su-Belum son of Alulaya owes me  a deposit of 4 ½ minas of silver.  I sent my servants to him in Ha- naknak to have the silver paid, but  he cheated my servants and hid  himself from them a nd went to the  City. My dear sons, I have written you  once or twice but you have sent me  no answer at al 1. As you have heard my letter take  care to send me word with Anu-pI- Istar and my brother to inform me  what consignment from him you  have seized and hold in your pos- sess10n. Send me 5 good textiles from  Sukaya's transport with Anu-pI- Istar and my brother.  To Iliya:  The textiles that you ... to the merc- hant ..."
AKT 6d.pdf,um-ma 1-ku-pi-a-ma a-na Puzur./-sa-du-e qi-bi-ma : 2 ku-ta-ni sa a-di-na-ku-ni : a-si-mi-im di-in-su-nu-ma : i-na si-mi-su-nu 6 ma-na URUDU SIG5 u 2 ma-na ni-ga-li sa-a-ma : u ri-ih-ti KB : ti-ri : ka-in-ma is-ti a-li-ki-im pa-nim-lma Ju-ha-ra-am u KB a-na DUMU um-me-a-nim pi-qi-id-ma : lu-ub-lam sa 113 G f N KB su-um-ki u du-ug-li sa-a-ma: se-bi./-lam a-hi a-ta : a-na fa-zu-uz-lti-a i-hi-id: TUG.HI-ti-a a-na si-mi-im di-na-/ma u me-eh-ra-at fa-cip-/ra-tim fa na-ad-a-ni KB : En-um-A-sur DUMU Scil-ma-A-sur e-ri-is-ma li-di-/na-ku-ma KB lu si-im : TUG.Hl-ti-a lu me-eh-ra-at fa-cip-/ra-tim fa i-du-nu-ni-ku-ni i-pci-ni-ka bi4-lam a-pu-tum : ki-ma tup-pci-am fa sci-ra-tim : ta-cis-me-u ti-ib-a-ma : a-tal-kam,"From Ikiin-pTya to Puzur-sadue: As to the 2 kutanus I gave you, sell  them and buy 6 minas of good copper  5  and 2 minas of sickles for the proceeds  from them, and then confirm the rest  of the tiri-silver, and with the very first  caravan you should entrust a servant  and the silver to an affiliated trader so  1 0  he may bring it. My dear brother, pay attention to my  agent! Sell my textiles and then demand  in silver from Ennam-Assur son of  Salim-Assur what corresponds to the  pledges that have been deposited, so he  may give it to you, and bring personally  the silver, both the proceeds from my  textiles and the corresponding amount  for the pledges that they give to you. Urgent, set out and come since you  have heard a letter with falsehoods."
AKT 6d.pdf,um-ma 1-lu-a-ma a-na Su-e-a qi-bi-ma LA 1 TUG.HI.A fa A-sur-/i-mi-ti l TUG fa Bu-ur-Su-/in TUG fa' La-qe-ep I TUG fa 1-ku-pi-a SUNIGIN 52 TUG.HI.A: qci-dum fa ta-ad-mi-qci-tim u 2 ANSE u u-nu-su-nu a-na Zu-ba ap-qi-id-ma a-$e-er Hu-ra-$a-nim i-ra-di a-ma-kam a-ta: u 1-na-Su-in ki-ma ni-a-ti i-sa-ha-at Zu-ba i-zi-za-ma TUG.HI.A a-na Hu-ra-$a-nim pi-iq-da pa-zu-ur-tam SQ-bu : ku-nu-ki SQ si-si-ka-tim pi-iq-da : a-su-mi 2 TUG s[a h]a-al-qu-ni a-na Su-War u E-la-li la ka-as-du,"From Iluwa to Sueyya: 49 textiles belonging to Assur-imitfi, 1  textile belonging to Bur-Suen, 1 textile  belonging to La-qep, 1 textile belon- ging to lkun-piya - in all I entrusted to Zuba 52 textiles  including those of the tadmiqtus, plus 2  donkeys and their harness, and he leads  it to Hura~anum. You and Enna-Suen should assist Zuba  there on our behalf and entrust the tex- tiles to Hura~anum. He has been paid the smuggling-fee.  20 e.  Entrust them with sealings on the  hems. I.e.  Concerning 2 textiles that were lost  they have not been charged to Su-Istar  25  and Elali."
AKT 6d.pdf,a-na 1-na-a qi-bi-ma um-ma Hu-sa-ru-um : u Ta-ra-am-Ku-bi-ma ma-na KB SQ ik-ri-bi-k[a} A-sur-DlJG ub-la-[ni} E be-et A-sur na-di-i,To lnnaya from Husarum and Taram- KubI: Assur-tab brought 15 minas of silver  from your votive offering. It is deposited in the Assur-temple.
AKT 6d.pdf,um-ma 1-na-a-ma a-na A-sur-DUG u MAN-A-sur qi-bi-ma : a-na-kam ru-ba-um u ru-ba-tum a-na ha-ra-na-tim sa r pa-zu-ur-tim 7 is-pu-ru-ma : um-ma suJ nu-ma r SQ i-ma 7 -[ti}m TUG.HI.Au AN.NA na-as-u- r ma ta 7 -ma-ra-/ni sa-ab-ta-ma AN.NA u TUG.HI.A a-tu-nu r ka-i-la-ma ra-ga 7 / am i-a-ti ri- rid! -a 7 u a-na §a ha-Ira-an su-ki-nim is-ta-ap-ru a-pu-tum: AN.NA u TUG.HI.A la tu-pa-za-ra u a-na ha-ra-an su-ki-nim : mi-ma la <ta-> sa-ka-na a-pu-/tum a-wa-tum: da-naJ at 7 mi-ma e se-bi4-la-ma li-ba-ak-nu e im-ra-as /up-pa-am : si-ta-me-su-ma a-na -sur-,"From Innaya to Assur-tab and Puzur- Assur:  The king and queen here have written  concerning the smuggling caravans,  saymg: ""Seize anyone you observe carrying  textiles and tin in the land, and then  withhold the tin and textiles and lead  the criminal to me."" Also, they have written concerning the  users of the sukinnu-road.  Urgent, do not smuggle tin and textiles  and do not commit anything to the su- kinnu-road. Urgent, the orders are strict. Do not send anything lest you be sorry. Let him hear the letter and send it to  Assur-tab."
AKT 6d.pdf,um-ma r 1-na-a 7 a-na Zu-zu u Puzur4-A-.fur qi-bi4-ma a-na Zu-zu qi-bi 4-ma tup-pa-ka ha-ar-ma-am fo 2/3 ma-na KB a-na-kam : u-ka-al a-hi a-ta : a-ma-kam Bu-Ja-num : ki-ma i-a-ti: KB a-na Bu-Ja-ni[ m] di-in-ma : sa ki-ma ku-wa-ti: su-up-ra-ma tup-pa-ka: li-ih-bu-tu] a-na 1 MU.SE: §{a-q]a-lam qa-bi4-a-ti: 25 MU.SE is-tu l[i]-mi-im,"From Innaya to Zuzu and Puzur-Assur;  to Zuzu: I hold your certified tablet here concer- ning 2/3 mina of silver. My dear brother, Bu~anum represents  me there.  Give the silver to Bu~anum and write  to your representatives that they should  seize your tablet. 10  lo.e.  rev. You promised to pay within one year.  25 years have passed since the  eponymy of lkiin-pL .."
AKT 6d.pdf,"a-na l-[na-a} r u qi-bi-ma um<-ma> DING[IR-ba}-ni<-ma> i-na 30 ma-na r KB 7 sa a-na E A-mur-lstar Ba-al-tu-for ub-la-ni te-:ju-bi4 2/3 ma-na 2 1/2 / GIN 1/3 ma-na-im 4 GU LA 5 ma-na /AN.NA GIN TA KUG.BI 1/3 ma-na 1 l /3 GIN me-at ku-ta-nu qa-di sa li-we-tim 8 1 /2 ma-na r 87 GIN 7 it-bu-lu 5 ANSE ,Ja-la-/mu l /2 ma-na 3 1/2 GIN it-bu-lu GIN wa-:ji-tum 14 GIN lu <u->nu-ut ANSE.HI <lu> u-ku-[ut-r tum GIN fo sa-e-tim l /2 ma-na l GIN be-u-la-at Ha-ni : ni-di-sum' i-na be-u-la-at Ha-ni sa a-na Ba-al-tu-for ta-di-na<-ni> 10 GIN KB bu-la-/ti-su-ma ni-il5-qe um-ma su-ut-ma Ha-ni ku-ta-ni 2 GU 10 ma-Ina ANSE :ja-la-mi u-nu-su-/nu <lLJTU-DUG DUMU Ga[-x xJJ ma 7 -nim [u} Ha-ni i-ra-di-u-ni-ku-nu-/ti ki-ma ha-ra-num na-ap-ta-/at-ni [x} ma[-na} AN.NA [x X X (x)J r U e-li-/tu-su 7","To lnnaya and ... from llI-bani: Of the 30 minas of silver that Baltu-sar  brought to Amur-Istar's house:  additions were 2/3 mina 2 ½ shekels - 1/3 of a mina. 4 talents less 5 minas of tin at the rate in silver 1 to 17, its price in  silver: 17 1/3 minas 1 1/3 shekels. l 00 kutiinus including those from the We gave ½ mina 1 shekel as the working  capital of Hani to him.  Of the working capital of Hani that you gave to Baltu-sar we received 10 shekels  of silver as his own assets. He said: ""As for Hani - Samas-tab son of  Ga ... mannum and Hani lead 90 kutiinus, 2 talents 10 minas ( of tin), 4 donkeys  and their harness to you."" As the road has become open ...  ... minas of tin  ... his top-pack"
AKT 6d.pdf,a-na I-tur4-DINGIR qi-bi-ma um-ma Ha-na-a u A-bu-mi-lum-ma 20 ma-[na} KB ku-nu-ki-ka Ha-na-a uh-lam ni-is-ni-iq-su-[ ma J GIN im-fi I me-aft 29 TUG] 1/3 ma-na 7 GI[N KB] it-bu-lu 2 1/2 GU [5 ma-na] AN.NA 9 5/6 ma-n[a KB] LA 1/4 GIN TA it-b[a-al} GU 10 ma-na A[N.NA] ku-nu-ki 25 ma-n[a} AN.NA AN.NA-ak qa-tim 4 ANS[E.HI.A] :ja-la-mu I 1/3 ma-[na] KB it-bu-lu GIN it-nu-ut ANS[E] it it-ku-ul-ta-cis-n[u} ma-na 4 GIN KB be-it-lei-at 2 ka-[!fa-ri} A-mur-Istar il5-qe [10 GIN] wa-!ji-tum 10 GIN te-:j{it-bi} 1/2 GIN fa sa-i-tim [x GIN] a-bar-ni-e KB-ci[p-ka] gam-ra-ku-um mi-ma a-nim A-mur-lstar i-ra-di-la-kum lu-qit-ut-ka sa-<al->ma-at-ma is-ti ma-sit-e sa it-nu-ut-ka a-bu-ka-ni Sa-lim-a-hu-um i-li-kam,"To ltur-ilI from Hannaya and Abum- ilum: Hannaya brought 20 minas of silver  under your seal. We checked it and 5 shekels were mis- sing. 129 textiles cost 6 1 /3 minas 7  shekels of silver; 2 ½ talents 5 minas of tin cost 9 5/6  minas of silver at the rate 15 ¾ to 1; (this consisted of) 2 talents 10 minas of  sealed tin, 25 minas of tin for expenses; 4 black donkeys cost 1 1/3 mina of sil- ver; 15  rev. 10 shekels: the harness for the donkeys  plus their fodder; Amur-Istar received 1 mina 4 shekels of  silver, the working capitals of 2 harnes- sors; 10 shekels: export duty; 10 shekels: additions; 1 ½ shekel: of the sa 'utum; x shekels: 2 abarni 'u-textiles. Your silver has been  spent for you. All this Amur-Istar leads  to you. Your merchandise is safe, and Salim- ahum came with the leaders with whom  I dispatched your goods."
AKT 6d.pdf,um-ma r 17 [- .•. a-na} Ku-zi-zi-a [ .. .} qi-bi-ma 2 ma-[na} GUSKIN 8 ma-n[a KB] Ku-zi-zi-a ub-l[am} GUSKIN-ka ta-di-i[n} si-im-su [ .. .} [x x x}-ku-u[m mi-ma} r a-nim 7 Be-lci-[num} it dJM-ba-ni i-ra-di-it-n[i-kum J,From I... to ... and Kuziziya: Kuziziya brought 2 minas of gold and 8  minas of silver. Your gold has been sold;  its price was ... . .. to you. All this Belanum and Adad- bani lead to you.
AKT 6d.pdf,a-na Lu-zi-na u Li-ip-ta-nim qi-bi4-/ma um-ma A-sur-GAL-ma a-na Lu-zi-na qi-bi4-ma 2/3 ma-na 6 1/4 GIN KB is-tu li-mi-im Su-Sit-in i-na li-l[bi}-ka a-di-i IGI A-sur-GAL DUMU A-sit-a IGI Su-Sit-in a-hi-ka IGI Sa-lim-a-hi-im i-na E-ti-ka ni-ka-si ni-si KB a-na Li-ip-ta-nim di-in-ma si-ma-am sa ba-la-fi-a li-i/5-qe-am Ha-nu-nu ~a-ab-ta-ma ma-na I GIN KB sa-as-qi-la-su it-mu-su ma-al-it,"To Luzina and Lipit-Anum from Assur- rabi; to Luzina: I placed 2/3 mina 6 ¼ shekels of silver  in your possession in the eponymy Su- Suen. Witnessed by Assur-rabi son of Asuwa,  Su-Suen, your brother, and Salim-ahum  we settled accounts in your house. 10  lo.e. rev. Give the silver to Lipit-Anum and let  him acquire a profitable purchase for  me. Seize Hanunu and have him pay I mina  1 shekel of silver. His terms are comp- lete. 20 e. Le."
AKT 6d.pdf,um-ma Ma-ma-hi-ir-ma a-na Ba-zi-a Su-Hu-bur Ku-ul-ma-ku-ul-ma it Puzur4-lstar qi-bi4-ma ma-na KB ku-nu-ki-a sa En-um-A-sur DUMU Sal-ma-A-I.for ub-la-ku-nu-ti-ni a-hu-it-a a-tu-nu i-zi-za-ma pi-ri-ka-/ni dam-qit-tim sa-ma-ni-ma is-ti a-li-ki «nim-ma» pa-ni-im-ma se-bi4-la-nim ANSE E tam-ka-ri-im sr-sz-a-nzm i-na si-si-ka-at pi-ri-ka-ni su-mi tam-ka-ri-/im wa-di-a a-hu-a a-tu-nu i-ih-da-ma is-ti a-li-ki-im pa-ni-im-ma ab-ka-nim,"From Man-mahir to Baziya, Su-Hubur,  Kulma-kulma and Puzur-Istar: As to the 3 minas of silver under my  seal that Ennam-Assur son of Salim- Assur brought to you, my dear brot- hers, stand up and buy good pirikannus  for me and send them with the very  first transport. Ask for a donkey at a merchant's hou- se. Indicate the name of the merchant on  the hem of the pirikannus. My dear brothers, take care to ship it  with the very first transport."
AKT 6d.pdf,[K]ISIB Ba'-zi-a [Su-}Hu-bur u Ku-ul-ma-ku-/ul-ma [ na-cis-p J e-er-ti Ma-ma-hi-ir u-se-ru-/su-nu-ti-ni,"Seal of Baziya, Su-Hubur and Kulma- kulma;  Missive from Man-mahir stating that I  released 3 minas of silver to them."
AKT 6d.pdf,a-na Ma-nu-um-ba-lum-A-sur qi-bi-ma um-ma Ab-sa-lim-ma E En-na-ma-nim is-tit MU. I.SE ~u-ha-ar-teim it-ru-du-nim-ma ki-ma DUMU .Mi lei a-si-ri e-ta-eip-su-si um-ma a-bu-ka-ma a-na a-we-lim-ma ma-na KB mas-ka-tum sa me-er-i-a a-na be-ti-ka i-li-kam 1 GU ZABAR -um na- as -pu- um sa me-er-1-1a i-na be-ti-ka i-ba-si rGiR 7 fa A-sitr a-na a-we-lim ta- r mu 7 -im i-za-az E a-bi-ka hu-ra- r eis7-ka a-na lei-[m]a-dim i-lu-ku u tup-pi-ka a-na se-~u'-im i-za-zu te-em a-bi-ka it ni-si-ka a-ta-ma ti-[ di]-e a-ma tup-pe-e [sa a-b]i-ka: ta-ki-li [n]a-eis-u-ni-kum ta-ki-li [sa] a-bi-ka lei ta-sa-me [su-m]a i-na pi-i-ka ~u-ha-ar-tum tei-ar-da-/at ma a-wa-tum ku-a-a-tum su-up-ra-ma lu i-di tup-pe-e u-se-bi4-lei-kum mi-su-um ma-ti-ma tup-pei-ka lei i-lei-kam,"To Mannum-balum-Assur from Ab- salim: A year ago Ennam-Anum 's house cha- sed out the girl, and they have treated  her like a daughter who has noone to  care for her. Your father said to the man: ""A deposit of 40 minas of silver came  to your house from my son. 1 talent of  bronze ( and) stores of grain belonging  to my son are in your house."" He is ready to swear by Assur's dagger  against the man. They will come to your father's house  to learn about your store, and they stand  ready to take out your tablets. You yourself know the opinion of your  father and your people. Indeed, they bring you your father's  letter with slander. Do not listen to your  father's slander! Write me in your own words whether  the girl was chased out by your order,  so I may know. I have sent you 10 letters. Why does no letter ever come from  you?"
AKT 6d.pdf,"a-na Ma-nu-ki_r A 7 -[§ujr DUMU A-far-DUG r z't 7 [A-h]a-tim DUMU Si-na-na-tim DUMU Su-Ku-bi""'-im",To Mannu-kI-Assur son of Assur-tab  and Ahatum daughter' of Sinanatum; sealed by U~ur-sa-Assur son of Su- Kubum.
AKT 6d.pdf,a-na Ma-nu-ki-A-sur u A-ha-tim qi-bi-ma um-ma U-$Ur-sa-A-sur-/ma a-na Ma-nu-ki-A-sur qi-bi-ma : a-hi a-ta su-ma am-tum KB ta-ah-ta-sa-ah KB 2 GIN di-si-im a-na-kam a-na a-wa-tim sa ki-ma um-me-a-ni-a i-$a-ab-tu-ni wa-ar-ki tup-pi-im a-nim: a-na ITI. l .KAM a-ma-qu-tam a-na KB-pi-ka GIN fo a-na am-tim ta-du-nu-ni s i-a-ma-at A-l imki A-sur i-pa-ni-a u-ba-lci-kum scil-ma-a-ku mi-ma am-tum a-ma-kam hu-bu-lam la rte 7 -pa-as u tup-pe lu sa DAM.GAR sa e-zi-bu lu ta-na-$u-[ur],"To Mannu-k1-Assur and Ahatum  from U~ur-sa-Assur; specifically to  Mannu-kI-Assur: My dear brother, if the maid wants  silver, give her some 2 shekels of  silver. The representatives of my investor  have been seized here for a lawsuit. I shall arrive one month after this  letter. As for your silver, the 2 shekels that  you will give to the maid, I shall per- sonally bring you purchases from the  city of Assur. I am well. The maid must not make any debts  there. And she must guard the tablets of the  customers that I left."
AKT 6d.pdf,a-na Ni-ni u 1-la-ab-ra-/at-ba-ni a-na a-wa-at fup-pi-im ih-da,To Nini and llabrat-bani; seal of Kuni- la. Urgent! Pay attention to the words of the letter.
AKT 6d.pdf,a-na Puzur4-A-sur qi-bi-ma um-ma A-ni-wa-a-/ni-ma ta-ta-la-ak-ma mi-ma u-la tu-se-bi -/lam a-na-kam Dan-A-sur GIN KB i-di-nam su-ut-ma : a-ba-ru-um ma-ma-an la-qa-am la i-mu-a-su ne-nu : mi-nam ni-ka-al qa-du-um ~u-ha-ri-im sa SIG -a-a mi-su-um KB u-la tu-se-ba-lam-ma ma i-na bu-bu-ltim ni-mu-a-at a-ma hu-bu- r ru:' 7 -um i-ta-al-kam su-ma KB a-na u-ku-ul-ti-a la tu-se-ba-lam a-ta-be-a-ma a-tal-/kam su-ma be-Ii a-ta i-hi-r id7,"To Puzur-Assur from Ani-wani: You left 3 months ago and you have  sent me nothing. Dan-Assur has given me 2 shekels of  silver here, he himself. As to the lead, noone will take it. Us four, what are we to eat? Why do you not send any silver, with  Damqaya's servant, for we are dying  from hunger! Indeed, the Netherworld has arrived. If you do not send me silver for my  food I shall set out and come! If you are truly my lord- take care!"
AKT 6d.pdf,"a-na Puzur4-A-,for qi-bi-ma [u}m-ma A-ni-i-a-/ni-ma [x+} 3 ma-[na} 13 GIN [ni-}ga-li DlJG-si-la-A-sur [i-d]i-nam SA.BA 1/2 ma-na I 2/3 GIN a-na A-ki-a ni-di-in i-na KB fo tu-se-[bi-l}a-ni l/4 GIN KB al-qe LA l/4 GIN KB DUG-,~i-la-A-sur na-as-a-ku-u[ m J su-ma be-li a-ta is-ti a-li-ki-im pa-ni-i-ma sa-he-er- r tam 7 se-bi-lam I. 2: cf. the name A-ni-wa-ni in no. 784.","To Puzur-Assur from Ani-ani: Tab-~ill-Assur gave me x mina 13 she- kels of sickels.  Of that we gave I /2 mina 2/3 shekels to  Akiya. Of the silver you sent I took l 1/4 she- kels. Tab-~ill-Assur brings you 2 3/4 shekels  of silver. If you are indeed my lord, send me  small goods with the first transport."
AKT 6d.pdf,a-na Sa-fimJ ma a 7 [( . .)] qi-bi-ma um-ma Be-la-tum-ma mi-s[u sa] ta-ta-na-ri-[.. i-na A-lim] A-sur: ba-ri-a-ti[m] it lJ-tit-ki: [( . .)] DINGIR-sa ak-ta-[. . .] a-na A-fimki [. . .] e-la : a-bi-ka [. . .] a-bu-ni i-[. . .] a-ta a-ma-k[am .. .]-Ina,To Salimma ... from Belatum: Why is it that you keep ... and in the city Assur [you consult] the  female diviners and the spirits? I prayed to her god ... to the City apart from your father ... our father ...
AKT 6d.pdf,[ a-na S]a-zu-a [Sa-l]im-ma [u Bi]_r ta-a 7,"To Sazuwa, Salimma and Bitaya"
AKT 6d.pdf,"[ a-n} a Sa-zu-a : Sa-lim-ma [u} Ta-ta-a: qi-bi4-ma um-ma [E]n-um-A-sur-ma: i-ha-ra-nim -na MAN-A-sur: u Ku-zi-im: fup-pei-am ki-ma : ki-na-ti : u-lei-pi-it um-ma a-na-ku-ma: KB I O GIN lu nu-se-bi4-il5 ni-su-ni : e-ri-a : um-ma Ma-ka-ma a-di: a-hu-ku-nu : i-ra-bi4-u-ni mi-ma : fup-pe : u-lei ta-ma-ra u u-tu-ub-teim : la a-da-na-ku-nu-ti Ta-ta-a: u ku-wa-ti: ma-nu-um us-ta-ki-da-ku-nu : um-ma a-na-ku-ma bi>li-im: i-li sa KU.Kl lu ni-ik-nu-uk-ma lu-ub-lu-si-lim um-ma si-it-ma: eib-ta-a-ku-nu um-mi a-ti: u a-hu-wa-tu-a a-ti-na a-na scil-ti-im lei ta-sa-ka-na-ni: mu-si it u-ri: zi-ib-ta-ak-na a-zu-ab : um-ma a-na-ku-ma lu-u,§-bu-ma: fa ki-ma: a-bi4-ni tup-pe: li-ib-ri-u-ma 3 DAM.GAR na-bu-am : lu ni-i~-ba-at-ma KB GIN : a-ni-si-ni: lu nu-,§e-bi>il5 fup-pe: ta-da-nam: lei ta-mu-wa um-ma si-it-ma: ke-e: E-na-A-sur ma-e : u-sa-az-ba-lei : mi-sum da-ma-am: lei i-sa-ti-a: A-sur-mu-ta'-bi4-lil5 i-li-ka-ma: um-ma Sl-UT-ma: ak-/lam [tu}-me-sa-ni-a-ti: su-ma: um-mi u a-lha-ti [ a-ti-n}a a-di ur-hi-im : i.§-ti-in [x-Y ta -su sa : s i-ka-ri-im : a-ra-di-,§ i-ma [a-k]a-ri-im: a-qei-bi4 : um-ma a-na-ku-ma [um-m}i u a-ha-ti: e-ri-a-ma: sf-it [u-}tu-ub-teim : fup-pe tu-ka-al : ka-ru-um u-sei-na-aq-si [x x x}: ar-hi-i.§ : ti-ir-ta-ak-na [li-li-ka}m a-na DUMU 1-ku-pi-a: u MAN-A-sur [x X k]a-an : E-<nu->um-A-sur [(x x) l}i-li-kam","To Sazua, Salimma and Tataya from  Ennam-Assur:  During the journey I wrote a letter to  Puzur-Assur and Kuzum on your behalf.  I wrote: ""Let us send some 10 shekels of silver.  Our people are destitute."" Maka answe- red: ""Until your brothers have grown up,  you (plur.) will not see any tablets; also, I  shall not give you any furnishings. As for  Tataya and yourself, who has caused you  worry?"" I answered:  ""Bring them to me - the golden gods!  Let us seal them so they may bring them  to her."" She said: ""I have ... ed you.""  You are my mother, and you are my sis- ters. Do not treat me unfairly. Night and  day I sweat in toil for you. Ennam-Assur should come."
AKT 6d.pdf,a-na Su-A-nim DUMU Ha-da-a,To Su-An um son of Hadaya; sealed by Sakliya.
AKT 6d.pdf,a-na l-ku-nim DUMU ctUTU-ba-ni E-r ni 7 -is-ta-ri-im u [A}-lu-wa,"Sealed by Su-Belum son of lddin- abum; to Ikunum son of Samas-bani,  Enistarum and Aluwa."
AKT 6d.pdf,a-na A-la-hi-im DUMU A-ta-a a-hi a-ta [a-}na a-wa-at fup-pi-im i'-hi-id-ma : is-ti A-zu-u ti-ir-ta-/ka le-zi-ba-am,"Seal of Su-Bel um son of Kuziziya; My dear brother, pay heed to the  words of the letter and let your messa- ge be left with Azu. 5 rev."
AKT 6d.pdf,um-ma Su-Be-lum-ma a-na A-la-hi-im qi-bi4-ma ma-la : i-na Ka-ni-is u-na-hi-du-ka-ni um-ma a-na-ku-ma: a-lik-ma i-na A-limki: a-ha-ti ap-lam : lu tal-qe-a-am u i-na-as-pe-er-ti-a is-ti : a-ha-ti-a ku-a-ti: u Na-bi-ZU al-pu-ut-ku-nu a-hi a-ta : su-ma a-ha-ti«-a» i-na A-fimki ap-lam : tal-qe-a-am ti-ir-ta-ka : za-ku-tum is-ti : A-zu-u wa-bi-i/5 fup-pi-im I i-l i-kam-ma Ii-bi: li-ih-du IGI A-sur: u dJM i-li a-bi-ni la-ak-ru-ba-kum,"From Su-Belum to Ali-ahum: As I instructed you in Kanesh when I  said: """"Go and (see to it that) my sister acqu- ires an heir for me in the City"" - so I  wrote in my missive to you and Nabi- Suen together with my sister. My dear brother, if my sister has acqu- ired an heir in the City, then let an ex- haustive report come here with Azu, the  one who brings (this) letter, so I shall  be happy. rev. I shall pray for you to Assur and Adad,  the gods of our father."
AKT 6d.pdf,a-na Su-<lEN.LiL u A-zu-it,To Su-Illil and Azu; sealed by Amur-Istar.
AKT 6d.pdf,um-ma i-li-a- r ma 7 a-na Su-I.star it Ur-me-sa qi-bi-ma a-na Su-lst[ar} qi-bi-ma i-na <lUTU-si tup-pci-am ta-sa-me-/it r G EME 7 .HI.A : lu ta-cib-/ri-am it su-ma ma-ma-an mi-ma ha-bu-ul-si-im i-na sa-ha-ti-/sa i-zi-iz-ma sa-di-s i-im-ma lu ta-ta-al-kam a-si-a-ka : mi-ma lei te-zi-ba-am,From lliya to Su-Istar and Urmesa: Specifically to Su-Istar:  The day you hear the letter you must  inspect the slave-girls.
AKT 6d.pdf,um-ma Su-lstar-ma a-na Su-ma-li-ib-si i-li-a-lim u A-mur-lstar qi-bi-ma a-na Su-ma-li-ib-si u 1-li-a-lim qi-bi-ma 14 GIN KB ~a-ru-pci-am ha-bu-l ci-tu-nu fup-pci-ak-nu ha-ar-ma-am u-ka-al u 4-mu-ku-nu sa-na-at : e-ti-qu KB i-qci-qci-ad scil-mi-ku-nu u ke-ni-ku-nu ra-ki-is KB KB-cip tcim-ka-ri-im a-ma-kam KB u ~i-ba-su a-na A-mur-lstar su-qu-ul a-na A-mur-lstar qi-bi4-ma a-pu-tum i-hi-id KB u ~i-ba-su sa-cis-qi_r i/5,"From Su-Istar to Suma-libsi, III-alum  and Amur-Istar; specifically to Suma-libsi and IlI-alum: You (plur.) owe 14 shekels of refined  silver. I hold your certified tablet. Your terms are overdue by a year. rev. The silver (loan) was with joint liabi- lity. The silver was ""merchant-silver"". Pay the silver and its interest there to  Amur-Istar. To Amur-Istar: Urgent, pay attention and have the sil- ver and its interest paid."
AKT 6d.pdf,a-na Su-lstar it[. . .] qi-bi-ma: um-ma Ma-num-ba-litm-A-sur-[ ma] a-na Su-lstar qi-bi-ma a-na-kam : a-na URUDU sa ka-ri-im a-na ta-as-bi./-it URUDU E.GAL_r litm 7 a-lam : it-ka-li-im [(x)] /a-di_r ma 7 si-im : a-li-im a-di-ni : la ni-ib-tu-/uq1 a-di 2 u ./-me-e si-im a-li-im ni-ba-ta-aq-ma it a-na URUDU-i-ka ni-na-hi-id-ma URUDU-a-ka ni-sa-la-ha-/am mi-ma: a-na URUDU-i-ka: li-ba-ka : la i-pa-ri-/id a-hi a-ta : a-na : mi-ma ti-ir-ti-a: s[a] A-sur-DUG it 1-ri-su-[um] ub-lu-ni-ku-nu-[ti-ni] i-hi-id-ma : [. . .] <um->ma su-ut-ma : ti-ir-[ta-ka] li-li-kam it it-nu-ti : pa-nim-ma : ab-kam,"To Su-Istar and ... from Mannum- balum-Assur; to Su-Istar: Here the palace offered allu for the  copper of the colony for the full pay- ment of copper. I sold it, but we have not so far cut  down the price of the allu; within 2 days we shall cut down the  price of the allu, and then we shall pay  attention to your copper and set aside  your copper. Do not worry about your copper. My dear brother, pay attention to every  instruction of mine that Assur-tab and  Erisum brought to you, and ..."
AKT 6d.pdf,um-ma Su-ku-tum-ma a-na Us-ta-ah-su-sa[r} qi-bi4-ma su-ma am-ti a-ti sa ma-ma-an la ta-sa-me-i u Ii-bi -ki,"From Sukkutum to Ustahsusar: If you are truly my maid, then do not  listen to anyone else and do not become  angry ..."
AKT 6d.pdf,a-na Ti-bu-la : Ta-nu-us-/ta u As-ta-ah-su-sar qi-bi4-ma um-ma Su-ku-tum-/ma mi-su sa a-ma-kam a-na ka-ri-im a-we-lum : i-li-ku-ni a-ti-na : tu-se-ra-su sa-ru-ti : is-me la is-ta-na-me ki-ma a-na-kam a-hi u tap-pa-i im-su-hu-ni a-si-a-ti : a-na-kam as-hu-ur a-na Ti-bu-la qi-bi4-ma su-ma a-ma-kam : am-tum em-$a-at u la la-bu-sa-/at i-na KB fo DAM.OAR e-zi-ba-ki-ni KB di-ni-si-im : a-ti-ma a-na ka-ri-im ka-sa-dim su-ma um-mi a-ti: sa ma-ma-Ian la ta-sa-me r ha 7 -ra-ni a-ku-sa-/am,"To Tibula, Tanusta and Astahsusar from  Sukkutum: Why is it that when the man went to the  colony there it was you who released  him? Did he listen to lies? Does he not hear all the time that they  maltreat my brother and my partner  here? For that reason I am delayed here. To Tibula:  If the maid there is hungry or not pro- perly clothed, then give her some silver  out of the silver that the merchant left  with you. Indeed, you ... to reach the colony. If you are truly my mother, listen to no  one! I am going on my trip."
AKT 6d.pdf,"um-ma Su-ku- r tum 7 -ma a-na Ta-na-wi-L§-ti u I-is-ta-ku-sa-ar a-na-kam En-na-ma-A-/sur pu-uz-ra-am i-na pa-ni-a i~-ba-at a-na J-is-ta-ku-sa-ar qi-bi-ma 5 pi-ri-ka-/ni sa a-ta-ad-mi-iq-tim ta-di-ni-su-ni ~a-ab-ti-su-ma KB sa-as-q i-1 i-su r su 7 -ma i-na-ki-ir-/ki ,§i-bi: a-na-ku i-su-su-um : su-ma la i-da-na-ku-nu-ti si-ku-su ka-i-la E-su : sa A-di'ic_ma-tum i-di-nu-su-ni a-ma'-kam su-ma KB i-na KB-pi-a i/ 5-qe: u su-a-ti-lma sa-di-na-su a-ma-kam : su-ma I-is-hi-Ii TUG.HI.A e-ri-is-ku-nu mi-ma TUG.HI.A la ta<-da>-na-su-um I ha-ra-ni a-ta-be-a-ma a-ta-la-kam 25: or DUMU Tahili.","From Sukkutum to Tanawisti and  Istakusar: Ennam-Assur has fled from me here. To Istakusar: Seize him concerning the 5 pirikannus  that you gave him as an interest-free  loan and make him pay the silver. If he contests you, then I have witnes- ses against him. rev. If he does not give it to you then detain  him. As to his house that Adimatum sold to  him, if he has received the silver from  out of my silver there, then make him  pay (that) as well. If Ishili asks you for textiles there do  not give him any textiles. I.e. I shall set out on my journey and come."
AKT 6d.pdf,a-na tcim-ka-d <-im> qi-bi-ma um-ma Su-ls tar-ma ~a-lei-mi it u-nu-su-nu na-ru-qci-tim i-lci-tim dLJTU-ba-ni it E'-nu-um= Is-ta-ru-um i-ra-di-u-ni-/ku-um GIN KB 1/2 ma-na a-qci-ti-su-nu a-ha-ma sa-ha-ar-/tcim,"To the merchant from Su-Istar: Samas-bani and Enistarum lead 6 black  donkeys and their harness, sacks and  containers, to you. 2 shekels of silver (and) 3 ½ minas ( of  copper) for their expenses, plus small  goods."
AKT 6d.pdf,a-na DAM.GAR-ri-im u E-lci-li mi-su sa ma-ti-ma te-er-ta-ka lei i-[lci-kam],To the merchant and Elali; sealed by Inib-Assur. Why doesn't any message ever come  from you?
AKT 6d.pdf,a-na DAM.GAR qi-bi-ma um-ma A-da-a u A-sur-DUG-ma ma-na KB ni-is-ha-su DIRI ku-nu-ki-ka A-da-a : uh-lam ma-na KB ni-isJ ha 7 [-su] D IRI : ku-nu-ki-ka A-sur-DUG uh-lam SUN I GIN 9 ma-na KB-cip_r ka 7 SA.BA 1 GU 54 m[a-na] AN.NA ku-nu-ki A-sur-DlJG na-cis-[a-kum] ma-n[a KB] ANSE r u 7 [u-nu-su] 1/3 ma-na [KB] it-ha-al[( ... )] 1/2 GIN wa-~i_r tum 7 GIN KB te-~u-hi A-sur-DUG .' i/5-qe 1/2 ma-na 2 GIN AN .NA qci-tim 1/6 GIN.TA KU.BI r 19 7 GIN KB-cip-ka gcim-ra-kum,"To the merchant from Adaya and Assur- tab: Adaya brought 4 minas of silver, its  import duty added and under your seal.  Assur-tab brought 5 minas of silver, its  import duty added and under your seal.  In all: 9 minas of silver.  Specification: Assur-tab brings you 1  talent 54 minas of sealed tin; at the rate  14 1/6 to 1 its price in silver was 8 mi- nas of silver. 4 ½ minas of expense-tin, at the rate 14  1 /6 to 1 its price in silver was 19 she- kels. Your silver has been spent for you."
AKT 6d.pdf,um-ma A-mur-/star u r DINGIR 7 -ba-/ni-ma a-na 1-tur./-DINGIR it DAM.GAR fa se-ep La-qe-pi-i[m q}i_r bi 7 -ma ku-ta-ni e-li-tam it li-wi-sit Su-ma-li-ba-A-sur ir-di-a-ku-nu-ti ta-si-a-tim a-ma-kam E-me-me su-ma e-ri-is-ku-nu di-na,From Amur-Istar and Ilt-bani to ltiir-ilI  and the merchant for the goods trans- ported by La-qep: A top-pack of 6 kutanus in addition to  a donkey ... and its wrapping Summa-libbi-Assur  has led to you. Pay the carriage costs there if Ememe  asks you for it.
AKT 6d.pdf,"a-na dJM-ba-ni [. . .} i-li-is-ta-k[i-i/5 •. .} u Pi-la-ah-Js[tar qi-bi-ma} um-ma DAM.GAR-um-ma GU r35 7 ma-na rK8 7 [ni-i}s-ha-su DIRI sa-d[u-a-su} [sa-}bu-u: Pi-la-ah-lstar [u} U-zu-a na-as-a-ku-nu-r ti 7 [ a-} hu-a : a-tu- r nu u 7 ih-da-ma: AN.NA_r kam 7 [d}a-am-qam: wa-at-ra-am [ m]a"" -hi-ir i-za-zu [s}a-a'-ma su-uq-[lam .. .] [x x} ta r nu' 7 -sa-li-r X / um 7 pa-sa-lam da-[a}m-qam sa ba_r ri-ni 7 Pi-la-ah-Jstar na-as-a-ku-nu-ti a-hu-a : a-tu-nu u ih-da-ma Kl pa-ni-im wa-~i-im lu-qu-ti ab-ka-nim u a-ha-ma 40 ma-na KB ~a-ru-pa-am sa a-na su-mi E a-bi""'-a a-na p;_r la-ah-H 7 [tar] ap-qi-id IGI Pu-su-ki-i[n} IGI Ku-zi-zi-a IGI dJM-reJx 7 [(.)}","To Adad-bani, ... , Ilis-takil, ... and  Pilah-Istar from the merchant: Pilah-Istar and Uzuwa bring you 1 ta- lent 35 minas of silver, its import duty  added, its transport tariff paid for. My dear brothers, buy tin of extra-fine  quality according to the market price  and Pilah-Istar brings you x fine pasallu- gold belonging to us jointly. My dear brothers, dispatch my goods  with the first leaving caravan. Also, I further entrusted 40 minas of  refined silver that was in the name of  our father's house to Pilah-Istar.  Witnessed by Pusu-ken, by Kuziziya,  by Adad-re'T."
AKT 6d.pdf,"[um-ma .. .] [u tam-k}a_r ru' 7 -u[m-ma} [a-Jna i-li-is-ti-kal [u} [P]i-la-ah-lstar qi-bi-ma ma-na KB ~a-ru-p[a-am} [ni-}is-ha-su DIRI sa-du-[a-su} [sa-b]u ku-nu-ki-ni: Zi-[ki-ki} na-as-a-ku-nu-[ti] i-na [lu-qu-tim} sa se-ep Su-[Nu-n}u tam-[ka-ra-am} ni-qi-ip-m[a i-}na K[B] qa-at-ni [x m}a r ti 7 [. . .] sa-ak-n[a-at} a-hu-u-[ni} a-tu-nu [i-na} r KB 7 a-ni_r im' 7 ku-ta-n[i lu dja-am-qu-tim lu ta-a[r-di-u]-tim lu qa-tam sa pa-ha-[ri-im} pu-uh-ra-ma ku-ta-nu r x 7 [x} du lu u sa-ma-nim [su-ma} si-mu-um sa A-ki-di-e i-ba-si i-na KB a-ni-im sa KB 5 ma-na u e-li-is lu-bu-se-e dam-qu-tim lu ta-ku-[us}-ta-am dam-qam lu ra-qa-[ta}m da-mi-iq-tam lu si-l[i-i}p-ka-am dam<-qam> sa lu-bu-[us sa-}ru-tim KB 1 GI[N] la ta-be-e-la sa-ma-nim [ a-h Ja-ma 10 ma-na KB ,Ja_r ru-pa 7 [-am} ik-ri-bu sa A-sur [ni-is-ha-s}u DIRI sa-du-a-su [sa-bu ku-n}u-ki-ni su-ut-ma [ na-as-a-} ku-nu-ti ki-ma ti-ir-tim [pa-ni-}tim sf-ma-am pa-ah-ra-am [sa-ma-J nim lu-qu-tum [x X X J lu sa-al-fa-at [x x x} lu r x 7 40 TLJG-ti [x x x x} sa ta-ga-ra-ni [a-]na DUMU [x x x x] 5 GIN TA KB wa-at-ra-am [x X X x] la ta-be-e-la ANSE'.Hl-ku-nu [x x x x] KB 1 GIN e la ta-be-e-la a-na tam-ka-ri-im qi-bi-ma um-ma Su-Istar-ma ma-na KB !fa-ru-pa-/am ku-nu-ki-a fa si-im lu-qu-tim sa tup-pi-a ha-ar-mi-im Na-ab-Su-in u E-ri-mu-sa na-as-u-ni-ku-um SAG.BA 1 1/2 ma-na I 1 2/3 GIN KB si-im hu'-sa-ri-im ma-na 8 1 /2 GIN hu-sa-ru-um a-si-mi-im ta-di-in a-hi a-ta be-li a-ta a-sa ak-lu-u li-ba-ka la tu-la-ma-na-kum a-we-lum la da-am-qu-um i-na e-ni-ka a-na ba-u-si-a i-za-az i-la i-dim URUDU GU E ka-ri-im us-ta-a!f-bi4-it a-di ki- r s i 7 ak-la is-ti ka-ri-im u-ta-na-na-an-ma a-ta-be-a-ma a-ta-la-kam","From ... and the merchant to Ilis-tikal  and Pilah-lstar: Zikiki brings you 30 minas of refined  silver, its import duty added, its trans- port tariff paid for, under our seals. Of  the goods transported by Su-Niinu we  gave (goods) on credit to a merchant  and we laid claim to the silver ...  Our dear brothers, with this silver buy  kutanus, either good ones or second  qua I ity or (even) ordinary ones - gather  together what can be gathered and buy  ... kutanus. If there are Akkadian textiles for sale,  then buy good clothes for at least 5  minas or more of this silver, either a  good takusta 'u or a good thin textile,  or a good silipka'u, a royal dress - and  do not worry about a single shekel of  silver. Further, he also brings you 10 minas  of refined silver, votive offerings for  Assur, its import duty added, its trans- port tariff paid for, under our seals. As  with the previous instructions make a  collected purchase.  The goods ... must be available ... ... 40 texti Jes ... who raised claim to the son of ... 5  shekels each of silver, extra-fine ... Do  not worry about a single shekel extra .  As for your donkeys, ... do not worry  about a single shekel of silver. To the merchant from Su-lstar: Nab-Suen and Ewarimusa bring you 9 minas of refined silver under my  seal, from the proceeds from the goods  (mentioned) in my certified tablet. Of that 1 ½ mina 1 2/3 shekel of silver  was the price of lapis lazuli. ½ mina 8 ½ shekels of lapis lazuli was  offered for sale. rev. My dear brother and lord, do not be  angry with me because I held back. A man who is no good stands ready to  defame me in your eyes. Without reason he made the colony  seize some 7 talents of copper. I held back concerning the purse; I  keep imploring the colony, and I shall  set out and come. I.e."
AKT 6d.pdf,rum-ma Su 7 -/star-ma u [La-q] e-pu-um-ma a-na r tam 7 -ka-ri-im qi-bi-ma ma-na KB ni-is-ha-su DI [RI] sa-du-a-su sa-bu ku-nu-ki-ka 1-di-a-b[u-]um uh-lam SA.BA I GU [5] ma-na I 6 GIN AN .NA ku-nu-ku 2/3 GIN TA r K 7 B-ap-fo ma-na 9 1/3 GIN TUG.HI.Asa qa-tim r3 1/3 7 ma-na KB it-bu-lu 15 1/3 ma-na I 5 GIN AN .NA qa-tim GIN TA KB-ap-su ma-na 1 2/3 GIN ANSE $a-la-mu 2/3 ma-na 6 GIN KB it-bu-lu 112 ma-na KB be-u-la-at 1 sa-ri-dim 1-di-a-bu-um il5-qe GIN lu-bu-su sa-bu GIN KB wa-$i-tam ni-di-in 5 GIN KB u-nu-ut ANSE I GIN fo sa-e-tim KB ga-am-ra-kum mi-ma [ a-ni]m ku-nu-ki-ni 1-di-a-bu-um i- r ra 7 -di-a-ku[ m],"From Su-Istar and La-qep to the merc- hant: Iddin-abum brought 10 minas of silver,  its import duty added, its transport ta- riff paid for, under your seal. Thereof: I talent 5 minas 6 shekels of  sealed tin at the rate in silver 15 2/3 to  I, in silver: 4 minas 9 1/3 shekels; 40 ordinary textiles cost 3 1/3 minas of  silver; 15 I /3 minas 5 shekels of expense-tin  at the rate 15 to 1, in silver: 1 mina 1  2/3 shekels; 2 black donkeys cost 2/3 mina 6 she- kels of silver; Iddin-abum received ½ mina of silver,  the working capital of a driver; he was paid 2 shekels for his clothing; we gave 5 shekels for the export duty; 5 shekels of silver: harness for the don- keys; 1 shekel: of the sa 'utum. The silver has been spent for you. Iddin-abum leads all this to you under  our seals. I.e."
AKT 6d.pdf,a-na DAM.OAR u Zu-ku-a qi-bi-ma um-ma Puzur4-A-/sur u SIG5-pi-A-sur-ma a-ma-la tu-na-hi-da-ni-a-lti-ni ku-nu-ki sa A-[ni-n]a ni-is-ru-ma r2 7 GU 8 1/3 ma-Ina AN .NA ni-is-ni-iq SA.BA 1 GU 4 1/2 ma-na AN.NA ku-nu-[ki-]ni Si-li-a <u> [ n] a-as-u-ni-ku-nu-ti si-ti AN.NA GU 3 5/6 ma-na AN.NA ku-nu-ki-ni u ku-nu-uk Si-li-a i-be-et: gu5-ba-ab-tim ne-zi-ib AN.NA sa ne-zi-bu 5 le-u GU su-qu-ul-ta-as-nu le-um 3 5/6 ma-na ma-na URUDU a-na $U-ha-/ri di-na-ma a-na E ub-/ri a-sarAN.NA i-ba-si-u lu-ub-<lu->nim a-ma-la ti-ir-ti-ku-nu a-na-hi-id,"To the merchant and Zukuwa from  Puzur-Assur and Damiq-pt-Assur: As you instructed us we broke  Annina's seal and checked 2 talents 8 1/3 minas of tin. Thereof Silliya and U~ur-sa-Istar bring  you 1 talent 4 ½ minas of tin under our  seals. The rest of the tin, 1 talent 3 5/6 minas  of tin, we left in the house of the pri- estess under our seals and the seal of Silliya. As for the tin we left, 5 bars weighed 1 talent, 1 bar 3 5/6 minas. Give 2 minas of copper to the servants  and let them bring it to the inn where  the tin is. ons."
AKT 6d.pdf,a-na Zu-ku-a qi-bi-ma um-ma Puzur4-A-sur-ma .Ml-ma-ku i-Dur4-hu-mi-it wa-as-ba-ku i-na Hu-ra-ma ku-ta-nam i-0e-ri-a i/5-qe is-tu Hu-ra-ma a-di Dur4-hu-mi-it 1/2 ma-na I 2 GIN TA da-tum a-na ANSE ik-su-ud a-hi a-ta we-da-ku mu-sa-ki-il 5 ANSE it sa ba-ab-ti u-se-0a-a-ni it-la i-su 0u-ha-ri sa li-ba'-ka i-de8-u su-up-ra-ma is-ti-in ANSE.Hl.A lu-sa-ki-i/5 is-ti-in i-s[a-h]a-ti-a li-zi-iz-ma r a 7 [x x] 0u-ba-tam a-tz't-nu rx 7 [x X s]e-0i-a-ma la-ma ku-0i-im a-na Pu-ru-us-/ha-dim le-ru-ub na-ab-ri-/tum la i-ka<-sa>-da-ni a-na-kam it-ku-ul-/ti ANSE.Hl.A da-na-at i-hi-id-ma 0z't-ha-ri fur4-da-ma ku-0u-um la i-ka-sa-da-ni ha-ra-ni le-pu-us i-na 0UTU-si sa fup-pi ta-sa-me-u we-da-ku 0it-ha-ri fur4-da-am,"To Zukuwa from Puzur-Assur: I am well. I stay in Durhumit. He took 1 kutiinu on my account in  Hurama. The fees from Hurama to Durhumit  amounted to ½ mina 2 shekels per don- key-load. My dear brother, I am alone. I have noone to feed the donkeys or realise the outstanding claims. Send me 2 servants whom you know well, so one can feed the donkeys and  one can assist me and ... 15 e. rev. ... a textile you yourselves ... should  produce so I can enter Purushaddum  before the cold. Winter should not  catch up with me. Here fodder for the donkeys is hard to  get. Take care to send me servants and the  cold should not catch up with me. Let me go on a trip. The very day you hear my letter - since I am alone, send the servants!"
AKT 6d.pdf,[mi-m]a a-nim A-su-u-ma-an u Ki-ka-ar-sa-an i-ra-di-u-ni-ku-nu-ti 0 ma-na ab-na-am u-ba-am i-ku-nu-ki-a na-as-u su-ma la ak-ta-as-dam r SiG 7 .HI.A sa-li-im-ta[m] [lu]-sa-ni-qu-ni-ku-nu-ti r X X li 7 -im-nu-u-ma,"They carry a weight-stone of 10 minas ... under my seal.  If I have not reached it, they shall check the safe wool for you. they should count ..."
AKT 6d.pdf,2/3 ma-na 5 GIN AN.NA i-se-er En-um-A-sur Lu-zi i-su is-tu ha-mu-us-tim sa l-tur4-DINGIR u Puzur4-sa-du-e a-na ITU .KAM i-sa-qal su-ma la is-qu-ul : 3 GIN. TA a-na 1 ma-na-im u-sa-ab ITU.KAM ku-zal-li li-mu-/um dUTU-ba-ni,"Seal of Assur-idI, seal of Ennam-Assur, tin to Luzi.  Reckoned from the week of ltur-ilI and  Puzur-sadu' e he must pay in one month.  If he has not paid, he will add (interest) at"
AKT 6d.pdf,[KISIB] Su-ka-lim DUMU I-di-Su-in 1/2 r ma-na 7 URUDU si-ku-um i-se-er Su-ka-lim Lu-zi i-su ITU .KAM ab-sa-ra-ni li-mu-um Ku-bi-a ki-ma a-wa-at ka-ri-im si-ib-tam u-sa-ab,"Seal of U zuwa, seal of Iddin-abum, seal  of Sukkallum son of Iddin-Suen. Sukkallum owes 11 ½ minas of sikku- copper to Luzi. Month Ab-sarriini, eponymy Kubiya. He must add interest in accordance with  the rule of the colony."
AKT 6d.pdf,1/2 ma-na URUDU si-ku-um i-$e-er Su-ka-li-im Lu-zi i-su is-tu ITI.1.KAM Ab-sa-ra-ni Ii-mu-um Ku-bi-a-a ki-ma a-wa-at ka-ri-im $i-ib-tam u-$a-ab IGI U-zu-a IGI l-di-a-bi4-im,"Sukkallum owes 11 1/2 minas ofsikku- copper to Luzi. Reckoned from the month Ab-sarrani,  5  eponymy Kubiya, he must add interest in  accordance with the rule of the colony.  lo.e.  rev. 10  Witnessed by Uzuwa, by Iddin-abum."
AKT 6d.pdf,DUMU A-sur-i-di KISIB En-um-/A-sur wa-ar-dum sa Hu-ra-1$a-nim GIN KB i-$e-er En-um-A-sur r Lu-zi-i 7 : r i-su 7 [l TUG ku]_rta 7 nam [sa 5 GIN KB En]-um-A-sur [i-na sa-na-at u]-se-la-am [su-ma a-na sa-na}_r at 7 [ku-ta-na-am la us}-te-li-/am i-sa-qal ITU .KAM r te-i-na-tim Ii-mu-um [E-la-li sa-an-gu5-um],"Seal of Atata son of Salim-Assur, seal of  La-qep son of Assur-idI, seal of Ennam- Assur, Hura~anum's slave. Ennam-Assur owes 5 shekels of silver to  Luzi. rev.  Ennam-Assur must bring up one kutanu- textile worth 5 shekels of silver within  l O  one year. If he has not brought up a  kutanum within a year, he must pay l 0  shekels of silver here. I.e.  Month Te 'inatum, eponymy ElalI, the  high priest."
AKT 6d.pdf,GIN KB i-se-er En-um-A-sur Lu-zi-i : i-su I TUG ku-ta-na-am a-na sa-na-at is-tu A-limki sa 5 GIN /KB u-se-la-am su-ma a-di sa-na-at ku-ta-na-am is-tu A-limki u-la us-te-li-am GIN KB a-na-kam i-sa-qal !TI.KAM Te-i-na-tim Ii-mu-um E-la-li sa-an-gu5-um IGI A-ta-ta IGI La-qe-ep,"Ennam-Assur owes 5 shekels of silver to  Luzi. He will bring one kutanu-textile worth  5 shekels of silver up here from the City  within one year. If he has not brought a kutanum up here  from the City in one year, he must pay l 0  shekels of silver here. Witnessed by Atata, by La-qep"
AKT 6d.pdf,ma-na URUDU ma-si-a-am i-na ab-na-lti-r ni 7 i-na se-er U-na-bi u A-si-a-at Lu-zi: i-su is<-tu> ha-mu-us-tim sa A-mu-ru-um-ba-ni u A-sur-na-da a-na 4 ha-am-sa-/tim i-sa-qu-lu su-ma la is-qu-lu ki-ma a-wa-at ka-ri-im : si-ib-ltam u-su-bu : i-na Pu-ru-us-ha-dim URUDU-/am i-sa-qu-lu : !TI.KAM Hu-bu-ur li-mu-/um 1-di-a-bu-um IGI J-di-a-bi4-im DUMU l-tur4-DINGIR,"Unabi and Asiat owe 15 minas of washed  copper, weighed with our stones, to Luzi. Reckoned from the week of Amurrum- bani and Assur-nada they must pay wit- hin 4 weeks. If they have not paid (in time), they must  add interest according to the rule of the  colony. They must pay the copper in  Purushaddum. Month Hubur, eponymy Iddin-abum. Witnessed by Iddin-abum son of Itur-ilI."
AKT 6d.pdf,DUMU Puzur4-lstar GIN KB $a-ru-pei-am i-$e-er A-bu-sa-lim 1-ri-sum i-su a-na bu-qu-nim i-sa-qeil su-ma lei is-qul 1/6 GIN TA i-na ITLKAM u-$a-eib,"Seal of Su-Nunu son of Amur-Istar, seal  of Zikiki son of Assur-re'T, seal of Abu- salim son of Puzur-Istar. ver to Erisum. He will pay at the shearing.  Ifhe has not paid (in time), he will add  1/6 shekel per month."
AKT 6d.pdf,DUMU Su-la-eib-ra-at GIN KB i-na ~e-er dMAR. TU-ba-ni 1-ri-su-/um i-su a-na pei-ha-ar ad-ri-im i-sa-qeil su-ma lei is-qul 1/3 GIN TA i-na !TI.KAM u-$a-eib li-mu-um sa qei-ti A-mur-A-sur DUMU r Ka-ri 7 -a,"Seal of Su-Nunu son of Amur-Istar,  seal of Zuzu son of Ennam-in, seal of  Amurrum-bani son of Su-Ilabrat. Amurrum-bani owes 8 shekels of silver  to Erisum. He will pay at the gathering of the thres- hing floor.  If he has not paid he will pay interest at the rate 1 /3 shekel per month. Eponymy after that of Amur-Assur son of  Karriya."
AKT 6d.pdf,"DUMU Su-la-ab-ra-at [KI]SIB Su-Be-lim DUMU lli,-ba-ni [x] ma-na KB i-~e-er Su-Be-lim DUMU Jli5-ba-ni 1-ri-sum i-su a-na 2 !TI.KAM i-sa-qal !TI.KAM Na-ar-ma-ak-A-sur sa ke-na-tim li-mu-um sa qa-ti A-mur-A-sur DUMU Ka-ri-a su-ma la is-qu-ul 3 GIN TA i-na !TI.KAM ~i-ib-tam r u-~a-ab 7","Seal of Su-Nunu son of Amur-Istar,  seal of Zuzu son of Ennam-ili, seal of  Amurrum-bani son of Su-Ilabrat, seal of  Su-Belum son of IlI-bani. Su-Belum son of III-bani owes x minas  of silver to Erisum. He will pay within 2  months. Month Narmak-Assur-sa-kenatim,  eponymy after that of Amur-Assur son of  Karriya. If he has not paid he will add interest at  the rate 3 shekels per month."
AKT 6d.pdf,DUMU Su-Be-lim DUMU A-murJi 7 -a 1 /2 GIN KB $a-ru-pa-am i-na $e-er U-$U-ur-sa-A-sur DUMU A-mur-i-a 1-ri-sum i-su is-tit ha-mu-us10-tim sa A-sur-i-mi-ti it A-mur-Jstar 1/3 GIN.TA i-na ITU.KAM u-$a-ab,"Seal of Ennanum son of Su-Belum, seal  of U~ur-sa-Assur son of Amuriya. Usur-sa-Assur son of Amuriya owes 13  ½ shekels of refined silver to Erisum. Reckoned from the week of Assur-imitfi  and Amur-Istar he must add interest at  the rate 1/3 shekel per month."
AKT 6d.pdf,[ l /3 ma-na LA. 2 GIN] [KB $a-ru-pu-um] i-$e-er P[uzur4-lstar] DUMU Su-A-nim 1-[ri-sum i-su] [i]s-tit ha-mus-tim [s]a A-sur-i-mi-ti it A-mur-Jstar a-na 2 ITI.[KAM] i-sa-qal su-ma i-n[a u4-me-su] [ma-a]l-u-tim,Puzur-Istar son of Su-Anum owes 1 /3  mina less 2 shekels of refined silver to  Erisum. Reckoned from the week of Assur-imitfi  and Amur-Istar he is to pay within 2  months. If he has not paid at the completion of his  term ...
AKT 6d.pdf,1/3 ma-na LA 2 GIN KB ~'a-ru-pu-um i-~e-er Puzur-1-Istar 1-ri-sum i-su is-tu ha-mus-tim sa A-sur-i-<mi->ti u tap-pci-i-su a-na 2 ITI.KAM i-sa-qcil su-ma lei is-qul ki-ma a-wa-at <ka-ri-im> ~i-ib-tcim i-ITI.KAM u-~a-cib I G I Mu-su-e-ni IGI A-ta-a,"Puzur-Istar owes 1/3 mina less 2 shekels  of refined silver to Erisum. Reckoned from the week of Assur-imitfi  and his partner he is to pay within 2  months. If he has not paid ( in time) he is to add interest according to the rule of the co- lony every month. Witnessed by Musueni, by Ataya."
AKT 6d.pdf,[KB ~a-r]u-pu-[um] i-~e-er r Puzur-1-Lci roUMU 7 Ku-um-da-nim DAM.GAR r i 7 -su IGI r l-ku-nim DUMU U- 7 {. . .] r1GI A-sur 7 [-na-d]a DUMU [ ... ] r na bi 7 [x] [x ITI.]KAM A-lci-[na-tim] r li-mu-um 7 [A-s]ur-Sl[G5 [x ma-n]a rKB 7 [i-he-er DUMU Su-[. . .} IGI [ ... ] S[i/-en n]a-we-er IGI En-[. . .} DUMU [x-Y x 7 _<lLJTU is-tu h[a-mu]s-tim 5a U-ra_r a U7 S[u-ki-t]im l/3 ma-na KB :; [ a-ru-pu-um] r i-:;e-er 7 A-la-hi-im sa [. . .} [1-Jri-sum i-su IGI U-:;[ur]-sa A[-sur] roUMU Am 7 -ri-a IGI A-ta_r a DUMU is-tu ha-mus-tim sa Ba-bi-lim u Na-ra-am-ZU [l/3] ma-na LA 2 GIN KB :;a-ru-pu-[um] i-:;e-er Puzur4-Btar DUMU Su-A-[nim} 1-ri-sum i-su IGI Mu-su-e_r ni 7 IGI A-ta-a is-tu ha-mus-tim sa A-sur-i-mi-ti u A-mur-War GIN KB i-:;e-er Zu-ba E-ri-sum i-su IGI Ri-ma-nim DUMU Su-Ku-bi-im IGI DINGIR r X X la-ni DUMU A_rsur 7 -[x] r1TI.KAM ab 7 [sa-r Ja-nu li-m[u-um .. .} GIN KB[ ... ] IGI r Su 7 -Nu-nu IGI Ba-ba-l[i .. .} t-:;e-er - u-sa- zm . . . -r1 t- sum i-su ITI.KAM Qa-ra-[a-tim x] rx [x x x] Bu_r a-hi 7 IGI Su-Nu-nu DUMU A-[mur-lstar I]GI Zi-r ki-ki 7 DUMU A-su[r-SIP]A,"Puzur-Laba son of Kumdanum owes 1  mina of refined silver to the merchant. Witnessed by Ikunum son of U ... , by  Assur-nada son of ...  ... Month Allanatum, eponymy Assur- damiq. Witnessed by ... ,  by Suen-nawer, by En ... son of ... -Samas .  . .. Reckoned from the week of U raya and  Sukkutum Ali-ahum of ... owes l/3 mina  of refined silver to Erisum. Witnessed by U~ur-sa-Assur son of Amri- ya, by Ataya son of Su-[ ... ] Reckoned from the week of Babilum and  Naram-Sin.  Puzur-lstar son of Su-Anum owes 18 she- kels of silver to Erisum. Witnessed by Musueni, by Ataya.  Reckoned from the week of Assur-imitfi  and Amur-lstar.  Zuba owes 15 shekels of silver to Erisum.  Witnessed by Rimanum son of Su- Kubum, by ... son of Assur-.. .  month ab-sarranu eponym .. . 8 shekels of silver ...  Witnessed by Su-Nunu, by Babali. Abu- salim owes ... to Erisum.  Month Qarra 'atum, eponymy ... Witnessed by Su-Nunu son of Amur-Istar,  by Zikiki son of Assur-re'I."
AKT 6d.pdf,DINGIR-kur-ub [s]a hu-bu-ul: 1-ri-si-im [x m]a-na KB: ~a-ru-pa-am [i-~Je-er 1-ri-si-im [tam-ka-r Ju-um : i-su : [is-tu J [ha-mu-us-tim] sa [. . .] [ ... ] GIN si-im UDU r X 7 GIN a-ha-ma a-di-na-kum ma-na sa fup-pi-su GIN e-li-um Kl En-na-nim mu-sa-ri-/dim,"Seal of Baziya son of IlT-kurub, seal of  Ahu-waqar son of Zurzur, seal of Erisum  son of Amur-Samas. Concerning Erisum 's debt: Erisum owes x minas of refined silver to  the merchant. Reckoned from the week of ... he will  pay ... ... shekels, the price of a sheep ... I also gave him 2 shekels. 1 mina from his tablet, 12 shekels on top,  owed by Ennanum the musiiridum."
AKT 6d.pdf,ma-na URUDU ma-si-am He-er 1-di-a-bi-im DUMU A-sur-ba-ni Ma-ma-hi-ir i-su !TI.KAM Ku-zal-li li-mu-um Bu-zu-ta-a a-na sa-na-at i-sa-qal su-ma la is-qu-ul a-na r 10 7 [m]a-na-e 1 ma-na TA i-na ITI.KAM $i-ib-tam u-$a-ab,"Seal of Sillus-Dagan, seal of Assur-bani  son of Iddin-abum, seal of Iddin-abum  son of Assur-bani. Iddin-abum son of Assur-bani owes 20  minas of washed copper to Man-mahir. Month Kuzallu, eponymy Buzutaya. He will pay within a year. If he has not  paid, he will pay interest at the rate 1  mina per 10 minas per month."
AKT 6d.pdf,ma-na URUDU ma-si-am i-$e-er 1-di-a-bi-im Ma-ma-hi-ir i-su li-mu-um Bu-zu-ta-a a-na sa-na-at i-sa-qal : su-ma la is-qul 1 ma-na TA i-na r ITI.KAM 7 $i-ib-/tam a-na 1 0 ma-na-e u-$a-ab IGI Si-lu-us-Da-gan I G I A-sur-ba-ni,"Iddin-abum owes 20 minas of washed  copper to Man-mahir. Month Kuzallu, eponym Buzutaya. He must pay in one year.  If he has not paid in time, he must pay  interest at the rate 1 mina per ten minas"
AKT 6d.pdf,1 /2 ma-na KB :f a-ru-pa-am i-:fe-er Puzur-1-lstar DUMU Dan-A-sur A-sur-is-ta-kal i-su !TI.KAM Ku-zal-le Ii-mu-um A-sur-i-mi-ti ma-la-hu-um a-na 3 !TI.KAM i-sa-qal su-ma la is-qu-ul : ki-ma a-wa-at ka-ri-im :f i-ib-tam u-:fa-ab KB a-le-e ni-na-mu-ru-u i-sa-qal IGI Si-lu-su-Da-ga-an DUMU !star-pi-la-ah IGI A-la-hi-im DUMU Sa-lim-A-sur,Puzur-Istar son of Dan-Assur owes 2 ½  minas of refined silver to Assuris-takal. He is to pay within 3 months;  if he has not paid (in time) he shall add  interest according to the rule of the co- lony.
AKT 6d.pdf,ma-na 16 1/6 GIN KB ~a-ru-pa-am i-li-bi E-na-A-sur DUMU A-mu-ra A-sur-ni-su DUMU i-li-ILLAT-ti i-su IGI Ku-li-a DUMU A-la-bi-im IGI Ur-ad-A-sur DUMU DIRI-im IGI A-sur-ma-lik DUMU Sa-ma,"Ennam-Assur son of Amuraya owes 2  minas 16 1 /6 shekels of refined silver to  Assur-nisu son of IlI-ellitI. Witnessed by Kuliya son of Ali-abum, by  Warad-Assur son ofWatrum, by Assur- malik son of Samaya."
AKT 6d.pdf,GU URUDU SIG5 sa-bu-ra-am i-~e-er 1-di-A-sur DUMU Dan-A-sur Puzur4-lstar a-hi-su u 1-ku-pi-a DUMU A-sur-i-mi-ti ls-ma-A-sur i-su is-tu !TI.KAM Ku-zal-lu li-mu-um A-sur-i-mi-ti l 1/2 ma-na TA i-na !TI.KAM a-na GU ~i-ib-tam r it-~it-bu 7 URUDU i-na [qa-q}a-ad sal-mi-su-nu [u ke-Jni-su-nu [ra-ki-is} IGI A-mur'-A-sur [DUMU A-sur-]be-el-a-wa-tim IGI Sit-in-SIPA DUMU A-mur-lstar,"Iddin-Assur son of Dan-Assur, Puzur- Istar, his brother, and Ikiin-piya son of  Assur-imitfi owe 14 talents of good bro- ken copper to Isim-Assur. They are jointly liable for the copper. Witnessed by Amur-Assur son of Assur- bel-awatim, by Suen-re'T son of Amur- Istar."
AKT 6d.pdf,DUMU Am-r[i-a x ma}-na KB ~a-ru-[pa-am i-~e-er dLJTU-DUG] Hu-di-da : ti-su is-tu ha-mus-tim sa Pu-su-ke-en6 u Puzur-1-A-sur a-na ha-am-sa-tim i-sa-qa[l} su-ma la is-qit-ul [ki-ma a-wa-at} ka-ri-im ~i-ib-tam it-~a-ab ITU .KAM Si-ip-im li-mu-um E-la-li KB sa DAM.GAR-ri<-im>,"Seal of Ikun-pTya son of Eddinaya, seal  of Erisum son of Amur-Samas, seal of  Samas-tab son of Amriya.  Samas-tab owes x minas of refined silver  to Hudida. 5  rev. Reckoned from the week of Pusu-ken  and Puzur-Assur he must pay within 3  weeks. 10  u.e. If he has not paid, he must add interest in  I.e.  accordance with the rule of the colony.  Month Sip 'um, eponymy Elali.  15  The silver belongs to a merchant."
AKT 6d.pdf,ma-na KB [ja-ru-pa-am i-[f e-er 1-ku-pi-a MAN-A-na i-su KB a-na A-lim u-sa-ak-sa-su-u[m} su-ma KB a-na A-fimki i-[f a-he-er IGI 1-ku-pi-a DUMU Jli5-mi-sar IGI Ba-ba-la DUMU A-sur-DUG IGI A-sur-DlJG DUMU Hu-ra-[fa-nim,"Ikun-pTya owes 2 minas of refined silver  to Puzur-Anna. Witnessed by Ikun-pTya son of m-mTsar,  by Babala son of Assur-tab, by Assur-tab  son of Hura~anum."
AKT 6d.pdf,[x] ma-na rKB 7 [i-[fje-er [Su-]Su-in i-[su} r uk-ta-al 7 i-da-ni-tim r a 7 -di-su-ma r a 7 -ma-su IR-su r u 7 -ba-li-it IGI Sa-lim-A-sur IGI 1-di-lstar,"Su-Istar owes x mina of silver to Su- Suen. Su-Istar is held in service by the money. Witnessed by Salim-Assur, by Iddin-Istar."
AKT 6d.pdf,ma-na KB ~a-ru-pci-am sa i-~e-er su-Istar Ni-mar-Is tar u Bu-zi-a A-sur-ma-lik i-su-u KB ki-ma: A-sur-ma-/lik su-Istar: il5-qe su-ma A-sur-ma-lik a-na Bu-zi-a i-tu-ar su-Jstar u-ba-cib-su 1/3 ma-na KB sa a-we-el-tim u 17 GIN KB sa DINGIR-kur-ub su-ma a-na Bu-zi-a i-tu-ru su-Jstar u-ba-cib-su IGI Da-di-a IGI dLJTU-DUG IGI Tu-ta-a <lLJTU-e-nam 2/3 ma-na 5 GIN KB fo Sa-tci-na a-sa-at U-~u-ur-sa-A-/sur r a-na 7 Puzur4-A-sur DUMU A-sur-dan a-si-a-ma-tim i-di-nu KB U-zu-a i/5-qe su-ma Sa-tci-na u-lci sa ki-ma Sa-tci-na a-na Puzur4-A-sur DUMU A-sur-/dan i-tu-ar U-zu-a DUMU Li-bi -a u-ba-cib-su IGI Na-cib-Su-in IGI DUG-~i-lci-A-sur IGI <lNIN.SUBUR-ba-ni,"As for the 3 minas of refined silver that  Su-Istar, Nimar-Istar and Buziya owed  to Assur-malik, on behalf of Assur-malik  Su-Istar has received the silver. If Assur-malik raises claim against Buzi- ya, Su-Istar will clear him. As to the 1/3 mina of silver belonging  to the lady and the 17 shekels of silver  belonging to IIT-kurub, if they raise claim  against Buziya, Su-Istar will clear him. rev. Witnessed by Dadiya, by Samas-tab, by  Tutaya. Samas-ennam. The 1 2/3 mina 5 shekels of silver that Sat- Anna, the wife of U~ur-sa-Assur, gave to  Puzur-Assur son of Assur-dan for purcha- ses, Uzuwa has received the silver. If Sat-Anna or Sat-Anna's representative  raise claim against Puzur-Assur son of  Assur-dan, then Uzuwa son of Libbiya will  clear him. Witnessed by Nab-Suen, by Tab-~ill-Assur,  by Ilabrat-bani."
AKT 6d.pdf,"A-lci-hi-im KISIB dLJTU-a-bi DUMU Su-sa-nim GU URUDU ma-si-am : sa DUG-pi-A-sur ki-ma <lLJTU-a-bi: a-na Lu-zi i-di-nu-ma tup-pci-am sa Lu-zi DlJG-pi-A-sur ih-ri-mu um-ma DlJG-pi-A-sur-ma: su-ma URUDU i-na Ka-ni-i§ki dUTV-a-bi SQ ki-ma ku-a-ti ."" i/5-qe-u a-na 1 GU URUDU ma-si-im sa tal-qe-u 2 ma-na ta-sa-qal : DlJG-pi-A-sur u dUTV-a-bi: sa-bu-u fup-pu-um sa 2 ma-na KB : sa ta-ar-ki-is-ti Lu-zi sa e-li-a-ni sa-ar","Seal of Beliya son of 111-kurub, seal of  Salim-Assur son of Adad-damiq, seal of  Ali-ahum son of Su-Kubum, seal of Tab- pT-Assur son of Ali-ahum, seal of Samas- abT son of Susanum. As to the 2 talents of washed copper that  Tab-pT-Assur gave to Luzi on behalf of  Samas-abT, and for which Tab-pT-Assur  certified a tablet for Luzi: Tab-pI-Assur said: ""If your representati- ves have received the copper in Kanesh  (from) Samas-abI, you must pay 2 minas  of silver for every talent of washed cop- per."" Tab-pI-Assur and Samas-abI have been  satisfied. Any tablet concerning 2 minas  of silver from the contract of Luzi that  may appear will be invalid."
AKT 6d.pdf,sa be-it-la-at Puzur -<sa->du-e fup-pu-um sa e'-li-a-ni sa-ar sa ku-nu-ki sa 1-ri-si-im,"Seal of IbnI-Adad, seal of Idnaya, seal of  Azuzaya. Concerning Puzur-sadu'e's working ca- pital: any tablet that may appear is invalid - one with Erisum 's seal. rev. -[. • .] I [DUMU] J_fi_r x 7 -[. . .]."
AKT 6d.pdf,[ x x] GIN KB $a-ru-pci-/am [i-he-er Su-Be-lim r Su 7 _<lEN .LiL i-su is-ti KB uk-ta-al qci-dum fup-pi-su sa Ka-ne-es IGI Sa-lim-A-sur DUMU 1-li-a IGI Sci-si-a l/3 ma-na LA 2 GIN KB i-$e-er DINGIR-i-di Su-<lEN.LiL i-su IGI E-me-ni IGI i-li-cis-ra-ni DUMU Su-I/star ma-na KB $a-ru-pci-am Kl Su-KuJ bi4-im 7 rx 7 im lu? nim a-na [x x x x k]i-im [x X X X X] r i-sa-qa/ 7 ma-na URUDU <lMAR.TU-ba-ni a-na SE-im il -qe IGI I-di-a-bi -im IGI Sa-lim-A-sur DUMU 1-li-a As SE-am (erasure) i-$e-er En-nam-A-sur Su-<lEN.LfL i-su SE-am SIG5 i-na (erasure) [e-$a]-dim i-ma-da-ad [IGI x x]-ni IGI Su-A-nim is-tu 6 !TI.KAM i-lu-ku sa-na-[ at] i-lci-ak-ma I ma-na r x 7 [(. . .)] i-sa-qcil,"Su-Bel um owes x shekels of refined  silver to Su-lllil; he is held in service  with the silver - including his tablet from  Kanesh. Witnessed by Salim-Assur son of Iliya,  by Sasiya. IlI-idI owes l/3 mina less 2  shekels of silver to Su-lllil. Witnessed by Emeni, by IlI-asrannI son  of Su-Istar. 2 minas of refined silver is owed by Su- Kubum ... .. . he must pay. Amurrum-bani took 20 minas of copper  for grain. Witnessed by lddin-abum, by  Salim-Assur son of Iliya. Ennam-Assur owes 70 $imdu grain to  Su-lllil. He is to measure out the good grain at  harvest. Witnessed by ... ni, by Su-Anum. After 6 months have passed a year will  pass and he must pay l mina ..."
AKT 6d.pdf,"l 0 1/6 GIN KB a-na E-me-er-tim 3 GIN KB a-na Sa-at-i-li u Na-hi-is-tim GIN KB a-na Ha-tim pa-ar-si-kam a-na Be-la-su-nu na-ah-la-ap-tam a-na La-ma-si : mi-ma a-nim a-na A-sur-ma-lik DUMU U-sa-ri-a a-di-in 2 GIN KB a-na ni-qe IGI Ku-bi-a IGI A-sur-pi-la-ah DUMU A-mur-A-sur ,$u-ba-tam : a-na Wa-ar-da-nim se-ne-en a-na U-,$u-<ur-> sa-A-/sur GIN KB a-na A-mur-A-sur u E-me-er-tim I 1 /2 GIN KB a-na ni-qe-su mi-ma a-nim a-na En-um-A-sur DUMU Ku-ku-ra-nim a-di-in IGI Kar-ri-a sa E Su-ka-li-a",l 0 1/6 shekels of silver for Emmertum; 3 shekels of silver for Sat-ilI and  Nahistum; 3 shekels of silver for Hattum; a sash for Belassunu; a dress for LamassI - all this I gave to Assur-malik son of  Usariya. 2 shekels of silver for sacrifices. Witnessed by Kubiya (and) Assur-pilah  son of Amur-Assur. A textile for Wardanum; shoes for U~ur-sa-Assur; 3 shekels of silver for Amur-Assur and  Emmertum; l 1/2 shekel of silver for his sacrifice - all this I gave to Ennam-Assur son of  Kukuranum. Witnessed by Karriya from the family of  Sukkalliya.
AKT 6d.pdf,1/3 ma-na :ja-ru-pa-am i-:Je-er A-sur-ma-lik DUMU Ta-ha-zi-ra DUG-:Ji-la-A-sur DUMU Lu-lu i-su KB a-na ITI.2.KAM i-sa-qal su-ma la is-qu-ul GIN TA KB (a-na erased) i-na !TI.KAM :Ji-ib-tam u-:Ja-ab : !TI.KAM Te-i-na-tim li-mu-um Da-ne-a: DUMU A-bu-qar me-eh-ra-at : ta-ah-s i- r is': 7 -/tim a-ni-tim sa si-be-e-ka IGI A-sur-<i->mi-ti: DUMU A-mur-A-sur IGI A-sur-mu-ta-bi4-lil5 DUMU En-um-A-sur IGI Ma-num-ba-lum-A-sur DUMU 1-ku-nim a-na A-sur-mu-ta-bi-[il) qi-bi-ma su-ma KB la is-ta-qal na-as-pe-ra-tim ta-gaJ x 7 [x-]ti,"Assur-malik son of Tahazira owes 1 /3  mina of refined (silver) to Tab-~ill-Assur  son of Lulu. He will pay the silver in 2 months.  Ifhe has not paid (in time) he will pay  interest at the rate 1 shekel of silver per  month. Month Te 'iniitum, eponymy Dan-Ea son A copy of a this note with your witnes- ses: To Assur-muttabbil: If he has not paid the silver, then you  must ... the missives."
AKT 6d.pdf,GU 16 ma-na AN .NA ku-nu-ki-a u a-ha-ma l 0 1/3 ma-na KB sa ik-ri-be sa A-sur 2 ANSE ~a-la-ma-an u u 4-nu-su-/nu ku-ta-nu-um SIG5 sa Sa-ti-li mi-ma a-nim sa Zu-ku-a a-~e-er sa ki-ma i-a-ti Su-Hu-bur DUMU Sal-ma-dIM Da-da-a-a DUMU A-sur-ba-ni u A-sur-sa-di-li DUMU 1-li-a-lim A-sur-sa-di-li-ma u-bi4-il5 um-ma a-na-ku-/ma a-na sa ki-ma i-a-ti KB le-ru-ub-ma AN.NA lu-~i a-na i-ta-at-li-/im di-na la tu-sa-ra 1/2 GIN KB a-qa-ti-su a-di-in IGI A-la-hi-im DUMU Sal-ma-A-sur IGI Puzur4-lstar DUMU Im-di-DINGIR IGI Su-Be-lim DUMU Su-Ii IGI A-ta-ta DUMU En-na-nim,"2 talents 16 minas of tin under my seal  plus further 10 1/3 minas of silver from  the votive offering to Assur, 2 black don- keys and their harnesses, 1 good kutanu  belonging to Sat-ilI - all this belonging to Zukuwa Assur-sad- ilI brought to my representatives Su- Hubur son of Salim-Adad, Dadaya son  of Assur-bani and Assur-sad-ili son of  IlT-alum. I said to my representatives: ""Only when the silver has come in may  the tin go out. Sell for cash on delivery.  Do not release on credit."" I gave 6 ½ shekels of silver for his ex- penses. Witnessed by Ali-ahum son of  Salim-Assur, by Puzur-Istar son of Imdi- ilum, by Su-Belum son of Suli, by Atata  son of Ennanum."
AKT 6d.pdf,[KISIB Ba-b}a-zu-a DUMU Su-A-nim DUMU A-Ii-Ii [KISI]B Su-Jstar DUMU A-sur-/la-ma-si [a-na a-w}a-tim [ a-ni}-a-tim [ka-ru-u}m [Du-ur-h]u-mi-it i-di-ni-a-ti-ma IGI GIR sa A-sur si-bu-ti-ni ni-di-in 1-ku-pi-a r a-na 7 1-di-A-lsur i~-ba-at-ni-a-ti-ma um-ma 1-ku-pi-a-ma a-na 1-di-A-s-itr-ma GU URUDU SIGS sa um-me-a-nu i-li-bi4-ka i~-bu-tu-ni a-na-ku a-hu-a u Ea-bi -a u-la ni-tu-ra-kum a-na a-wa-tim a-ni-a-tim ka-ru-um Dur4-hu-mi-lit i-di-ni-a-ti-ma IGI GiR sa A-sur si-bu-ti-lni ni-di-in I G I Ba-ba-zu-a IGI DlJG-~i-la-Asur IGI Su-Jstar,"Seal of Babazuwa son of Su-Anum,  seal of Tab-~ill-Assur son of Ali-ilt, seal  of Su-Istar son of Assur-lamassT. The Durhumit colony gave us for these  proceedings and we gave our testimony  before Assur's dagger. Ikiin-p""iya seized us against Iddin-Assur  and lkiin-p""iya said to Iddin-Assur: Concerning the 40 talents of good cop- per that the investors seized in your  possession, neither I nor my brother  nor my paternal house will raise further  claim against you. The Durhumit colony gave us for these  proceedings, and we gave our testi- mony before Assur's dagger. Witnessed by Babazuwa, Tab-~ill- Assur, by Su-Istar."
AKT 6d.pdf,fo IGI GIR fo dA-sur a-na a-wa-tim -hu-mi-it a-ni-a-tim ka-ru-um r Dur4 i-di-ni-a-ti-ma si-bu-ti-ni ni-di-in,"Seal of Ali-abum son of Suliya, seal of  Kiliya son of Ennanum. Tablet from before Assur's dagger. The Durhumit colony gave us for these  proceedings and we gave our testimony."
AKT 6d.pdf,"En-nam-A-sur DUMU Su-dJEN .LfL a-na La-qe-ep u En-nam-A-sur DUMU Su-Be-/lim i~-ba-at-ni-a-ti-ma um-ma En-nam-A-sur-ma 1/2 r ma 7 -na 5 1/3 GIN KB ki-ma l-tur4-DINGIR: tal-qe-a um-ma La-[qe-]ep u En-nam-/A-sur-ma ke-na [i-na} ha-mu-us-tim sa Puzur4-lstar DUMU Su-lci-cib-lra-at KB ni-il5-qe KB eq-lam a-su-mi En-nam-A-sur DUMU Su-dEN.LiL e-ti-iq u a-na bi-it-qci-tim En- r nam 7 -A-lsur DUMU Su-<IEN.LIL i-za-az um-ma En-nam-A-sur-ma DUMU Su-dEN.LiL-ma fup-pci-am sa hu-bu-li sa l-tur4-DINGIR it Ka-ku-a ma-nu-um i-da-nam um-ma La-qe-ep-ma a-na-ku a-da-na-kum: um-ma La-qe-e[p-ma] a-na En-nam-A-fur DUMU Su-ctEN.LIL-ma KB sa-bu-a-ti 2 fup-pe-e ha-ar-me-en sa hu-bu-lim A-sitr-DLJG a-hi-a tu-ka-al lu ku-a-um lu sa DUMU Ka-ri-a ma-nu-um [lu] i-da-na[m] um-ma En-nam-A-sitr DUMU a-na-ku a-da-na-kum IGI A-la-bi-im DUMU Su-li-a IGI Ki-li-a DUMU En-na-nim a-na a-wa-tim a-ni-a-tim k[a-r]u-um Dur4-hu-mi-it i-di-ni-a-ti-ma fup-pci-am IGI GIR fo ""A-sur si-bu-ti-ni ni-di-in","Ennam-Assur son of Su-Illil seized us  against La-qep and Ennam-Assur son of  Su-Belum, and Ennam-Assur said: ""Have you taken 4 1/2 minas 5 1/3 she- kels of silver on behalf of Itur-ilI?"" La-qep and Ennam-Assur answered:  ""Yes, we took the silver in the week of Puzur-Istar son of Su-Ilabrat. The silver goes overland (to Assur) in  the name of Ennam-Assur son of Su- Illil, and Ennam-Assur son of Su-Illil  answers for (possible) shortfalls."" Ennam-Assur son of Su-lllil said: ""And the tablet concerning the debt to  ltur-ilI and Kakkuwa, who will give me  that?"" La-qep answered: ""I shall personally  give it to you."" La-qep (further) said to  Ennam-Assur son of Su-lllil:  ""You have been paid the silver. You  have in your possession 2 certified  tablets concerning the debt of my brot- her Assur-tab. Yours as well as that of  Karriya's son, who will give that to  me?"" Ennam-Assur son of Su-lllil answered:  ""I shall personally give it to you."""
AKT 6d.pdf,Ili5-ba-ni DUMU 1-a-a GIRfo A-sur it-ma-ma En-nu-um-DINGIR DUMU Ku-za-ri pci-su is-me A-sur-GAL DUMU Ma-nu-um-su-um-su GIR fo A-sur it-ma-ma A-sur-dan DUMU Zu'-uNU.BANDA pci-su L§-me,"llI-bani son of Yaya swore by  Assur's dagger and Ennam-ilT son of  Kuzari heard his statement. Assur-rabi son of Mannum-sumsu  swore by Assur's dagger and Assur- dan son of Zu'u, the lieutenant, he- ard his statement."
AKT 6d.pdf,A-mur-lu-$U KISIB A-bu-sa-lim DUMU A-sur-e-mu-qi a-na a-wa-tim a-ni-a-tim sa Ili5-ba-ni DUMU A-mur-A-sur u A-hu-qar DUMU Su-Istar G iR fo A-sur i$-bU-tu-ni-ma A-sur-i-mi-ti DUMU A-mur-lu-$u [u] A-b[u]-sa-lim DUMU A-s[ur-e-m]u-qi pi-su-nu [is-me-u-]ni [. . .] A-sur [x x x x x] tup-pu [. . .] a-bi-ni,"Seal of Assur-imitfi son of Amur- lu~u, seal of Abu-salim son of Assur- emuqI. For these proceedings concerning  IlI-bani son of Amur-Assur and Ahu- waqar son of Su-Istar - they seized  Assur's dagger and Assur-imitfi son  of Amur-lu~u and Abu-salim son of  Assur-emuqI heard their statement. rev. 15 I.e."
AKT 6d.pdf,um-me-a-nu Su-La-ba-an Ku-ku-la-/num MASKIM 8a Su-La-ba-an rm)G 7 -A-/sur U MAS KIM-sit a- r na 7 rE 7 1-na-ah-DINGIR e-ru-bu-ma tup-pi ta-ma-la-ki lu-qit-ti u? ta-ah-lsi-sa-tim r u 7 na-as-pe-ra-tim sa 1-na-ah-DINGIR [s]a a-se-er Su-La-ba-an a-na Pu-ru-us-ha-dim a_r di 7 lu-qit-ti-su us-te-bi4-lu-su-ni [lu] tup-pe lu ta-ah-si-sa-tim sa a-hi-it-tim tup-pe-e: i/5-ta-mu-du-ma um-[ma] um-me-a-nu-ma mu-ta-tim sa Su-La-ba-an sa is-tu Pu-ru-us-ha-dim MAN-A-sur ku-nu-ku z-ma um·-me-a-nz u u- a- a-an mu-ta-ti it-se-si-it-ni ku-nu-ki sa Su-La-ba-an it sa ki um-me-a-ni um-me-a-nu it-di-it-ma u ta-<ma->la-ki: ku-nu-ki sa ki-ma um-me-a-ni um-me-a-nu it-di-it-ma : tup-pe-e ib-ri-it-ma um-ma 1-na-ah-DINGIR-ma KB a-NIM si-im AN.NA-ki a- r la-qe 7 -su um-ma um-me-a-nu-ma KB-ap-ka ma-la i-/NIM tap-pa-it-ni nam-it-dum la-su a-di 3 u 4-me lu ne-ru-ba-ma lu ni-iz-ku um-ma MAN-A-sur-ma u MASKIM-sit-ma 7 ma-na KB i-li-bi4 ri-ik-si-im na-di sa Sa-at-<lIM a-ha-ti-a Sa-at- IM DAM.OAR ri-ik-sa-/am di-na-nim um-ma 1-na-ah-DINGIR-/ma u MASKIM sa Su-La-ha-an-Ima mi-ma ri-ik-sa-am fa DAM.GAR ne-nu u-lci ni-ik-lci ri-ka-as r DAM.GAR 7 [le-qe] um-ma um-me-a-nu Su-Lci-[ba-an-]ma a-na MAN-AJ sitr 7 -ma is-ti-ni zu-ku-ma : u ri-ik-sa-am nu-r ta 7 {-ar X X X X j-tf U-r se 7 -$Z-U-ni-ma a-$e-er [(x)J ku-nu-[ti x a-]su-mi [x x s]a ki-ma um-me-a-ni [x] ma r x 7 [x] A-sur-[ta-ak-lci-k]u 21 Be-lci-num ik-nu-ku A-sur-tak-lci-ku Be-lci-num it Ku-ku-lci-num r x x x r ta-ma 7 -lci-ki r x 7 ik-nu-ku-ma a-na 1-na-ah-DINGIR mu-ta-tim u /up-pi ta-ma-lci-ki ip-qi-du,"Su-Laban's investors, Kukkulanum,  the attorney of Su-Laban, Tab-Assur  and his attorney entered Inah-ilI's  house, and they took note of the  tablets, containers, goods and me- moranda as well as the missives  that Inah-ilI had sent to Su-Laban in  Purushaddum concerning his goods,  both the tablets and memoranda con- cerning outsiders, and the investors  said: ""(These are) the half-packs belonging  to Su-Laban that Puzur-Assur brought  out from Purushaddum under the seals  of the representatives of the investors  and Su-Laban.""  The investors identified the sealings  of Su-Laban and the representatives  of the investors, and the investors  identified the containers sealed by the  representatives of the investors, and  they investigated the tablets, and Inah- ilI said: ""I shall take this silver, the price of the  tin."" The investors answered:  ""As to your silver ... the majority of  our partners are not here. Within 3  days we shall enter and clear it.""  Puzur-Assur said together with his at- torney: ""7 minas of silver is deposited  in a package. It belongs to my sister  Sat-Adad. Sat-Adad is the merchant.  Give me the package.""  Inah-ilI said together with Su-Laban's  attorney: ""We have not held back any package  belonging to a merchant. Take the  package of the merchant.""  Su-Laban's investors said to Puzur- Assur: ""Clear it with us and after that  we shall return the package to you.""  ... they brought out and to ...  . .. the name of ... the representatives  of the investors ... Assur-taklaku and  Belanum sealed. 40  I.e. ... Assur-taklaku, Belanum and  Kukkulanum ... sealed the containers  and they entrusted the half-packs and  the tablets in containers to Inah-ilI."
AKT 6d.pdf,Su-A-nu-um DUMU La-qe-ep 1-ku-pi-a a-na 8 ma-na KB sa-ni-im sa 30 ma-na it wa-ar-dim Ki-il -i-a a-na A-mur-lstar DUMU 1-sar-ki-da-A-lsur DUMU Da-mu-ma Su-A-nu-um S i-bu- r tu 7 -/su i-de -e,"As to Su-Anum son of La-qep - Su-Anum knows the testimony of(?)  lkiin-pTya concerning 8 minas of  silver, a cauldron of 30 minas and the  slave Kiliya (given to?) Amur-Istar  son of Isar-kitti-Assur, (grand)son of  Damuma."
AKT 6d.pdf,Su-in-n[a-d]a [a-na} Puzur./-A_r sur i-na 7 Pu-ru-us- r ha-dim 7 i:J-ba-at-ni[-a-ti-ma J um-ma Su-i[n-}na-[da-ma} a-na Puzur./-r A-sur 1/2 ma-na 2 GIN KB a-di-na-/kum su-ma eq-l[ am} ta-ta-la-a[k}-ma KB-pi la t[a-l]e:'_e ma-na [KB] ta-sa-[qa-lam} um-ma Puzu[r./-A-sur-ma] la ta-ka-la-a- r ni 7 su-ma ha-bu-la-ku ri-id-a-ma le-qe a-na a-wa-tim a-ni- r a-tim 7 ka-ru-um Ka-ni-is i-di-ni-ma r IGI GIR 7 si-bu-ti a-di-in IGI A-sur-ni-su DUMU A-zu-ka-a 1-na-a DUMU [x]_r x-im 7 tap-[pa-i] Ma-nu-ba-lum-A-sur r a-na 7 - z-u~- ra-nz i~-ba-at-[ni-Y a-ti-ma [um-ma] Ma-nu-ba-lum-A-sur- r ma 7 a-na 1-li-u~- r ra-ni 7 [2 m]a-na 10 GIN rKB 7 [ha-bu]-la-ti: la ha-b[u-la-ti] [u-la] ik-ri [u-la ka-i-na-ni] [tu Jp-pa-am ha-ar-[ ma-am J u-ka-al um-m[a i-li-u~-ra-ni-ma] ke-na 2 ma-na 10 [GIN] r KB 7 ha-bu-la-ku-u[m] r ku-nu-ki-a 7 a-na-ki-[ir J /up-pi: sa-[as-hu-ur] um-ma [Ma-nu-ba-lum-A-sur-ma] a-na DINGIR-[u~-ra-ni-ma] i-nu-mi a-na [A-sur-i-di a-na] r si 7 [-bi]-ka [su-re-e] r az-ku-ru 7 IGI wa-bar-tim i-sa-ha-ti-su : r ta 7 [-zi-i]z la ta-r zi-iz 7 [u-l}a i[k-ri] u-la ka-i-ni [u]m-ma 1-li-u:;-ra-ni-ma u su-ma: a-zi-iz [a-na] si-bu-tim : ta-[se-e-a-ni] su-ma: a-si-bu-ti[m] ta-se-e-a-ni: a-l[i-ik-ma] wa-bar-tam: mu-uh-[ra-am] um-ma Ma-nu-ba-lum-A-sur-m[ a J sa ni-is A-fimki_ma ta-mu-u : lu u-ka-a[l} ki-ma e-mu-qa-tam e-ta-wu u a-pa-lam la i-mu-e-ni a-na a-wa-tim a-ni-a-tim wa-bar-tum sa Wa-as-ha-/ni-a i-di-ni-a-ti-ma /up-pa-am I GI G iR sa A-sur si-bu-ti-ni ni-di-in IGI ReJ ma 7 -nim r DUMU Su- 7 [x-]bi4 [ X IGI] A-sur-i-mi-ti DUMU Si-li-r /star 7,"Suen-nada seized us against Puzur- Assur in Purushaddum, and Suen- nada said to Puzur-Assur: ""I gave you ½ mina 2 shekels of sil- ver. If, after you leave for the country,  you cannot (come up with) my silver,  you must pay 2 minas of silver."" Puzur-Assur answered: ""Do not hold me back. If I owe any- thing, then produce (evidence) and  take it.""  The Kanesh colony gave me for these  proceedings, and I gave my testimony  before Assur's dagger. Witnessed by Assur-nisu son of Azu- kaya.  lnnaya son of ... was my absent part- ner. Mannum-balum-Assur seized us aga- inst IlI-u~ranni"", and Mannum-balum- Assur said to In-u~ranni"": ""Confirm or deny that you owe me 2  minas 10 shekels of silver! I have a  certified tablet."" IlI-u~rannI said: ""And if I did assist, will you then sue  me for the testimony? If you do ( want  to) sue me for the testimony, then go  and appeal to the station!"" Mannum-balum-Assur said:  ""Remember what was sworn by an oath  by the City, that he has argued in anger  and that he refuses to answer me!"" The station at Washaniya gave us for  these proceedings and we gave a tablet  with our testimony before Assur's dag- ger. Witnessed by Remanum son of Su .. , by  Assur-imitfi son of Silli-Istar."
AKT 6d.pdf,"l-ri-sum Da-di-a i:;-ba-at-ma um-ma l-ri-sum-ma ig-ri sa 4 ANSE.HI./A sa ta-as-ri-du r KB df 7 -na-am um-ma Da-di-a-ma a-ma ANSE-ri si-ri-id um-ma l-ri-sum-ma a-di ma-la u ,§i-ni-su e-ri-is-ka-ma la ta-di-na-/am ANSE.HI.A-ri a-na sa-ra-di-im r ta 7 -sa-na-li-a-ni u-di ANSE.HI.A r a 7 -na 10 GIN.TA KB a-gu5-ra-ku-um KB di-na-am u-ul i-na KB-pi-ka a-:;a-ba-at a-ma a-ta lu ti-dex","Erisum seized Dadiya and Erisum  said: ""Give me the hire in silver for the 4  donkeys that you packed!"" ""There, pack the donkeys (your- 10 rev.  self)!"" Erisum said:  ""I have asked you once or twice, but  you have not given it to me. You keep cheating me on the pac- king of the donkeys, yet I did rent  the donkeys to you for 10 shekels of silver each. Give me the silver, or I shall seize it  from your silver. There, know this!"" I.e."
AKT 6d.pdf,E-na-ah-DINGIR Be-la-num Ah-SQ-f im u La-qe-/pu-um i-mi-ig-ra-ti-su-nu i[f-bu-tu-ni-a-ti i-na u4-mi-im SQ E-na-ah-DINGIR Be-la-num u Ah-SQ-/im KB SQ ik-ri-be SQ ma-za-zi-im SQ Su-/A-sur qa-su-nu ma-la i-SQ-qu-lu-ni u La-qe-pu-/um qa-su i-SQ-qal IGI Puzur-1-A-na IGI A-la-hi-im,"Enah-ili"", Belanum, Ah-salim and  La-qep seized us by joint agreement. On the day when Enah-ilI, Belanum  and Ah-salim pay their shares of  the silver of a votive offering, Su- Assur's pledge, then La-qep must  also pay his share. rev. Witnessed by Puzur-Anna, by Ali- ahum. Le."
AKT 6d.pdf,i-na ha-ra-nim ni-lci-ak-/ma um-ma Da- r da 7 -a-ma a-na A- r sur-na 7 -da-ma tup-pu-um sa hu-bu-li-/ka E wa-cib-ri-[a] i-ba-si u qci-di: [tu]p-pi-[k]a fo KB 10 [ma]-na : tup-pu-/it sa? r E 7 -ri-si-r im E wa-cib-ri-a : i-ba-si- r it 7 KB l /2 r ma 7 -na : di-na-ma tup-pci-ka : du-uk um-ma A-sur-na-da-ma s[u~ -m]a~: same-er-it I-a-a u me-er-it E-ri-si-im lei i-<ma->hu-ru-ni-ni tup-pci-am sa ku-nu-ki-ka ta-da-nam : u KB ma-na lci-di-na-ku-um a-na a-wa-tim a-ni-a-tim ka-ru-um Ka-ni-is i-di-ni-a-ti-ma IGI GIR fo A-sur [sij-bu-ti-ni: ni-di-in [IGI ld]-na-a DUMU 1-ba-a [IGI X X -A]-sur DUMU A-sur-/i-mi-ti,"When we were to go on a trip Dada- ya said as follows to Assur-nada: ""The tablet concerning your debt is  in my guest-house and together with  your tablet concerning some 10 mi- nas of silver the tablets concerning  Erisum are in my guest-house. Give me at least ½ mina of silver  and invalidate your tablet."" Assur-nada answered:  ""If the sons ofYaya and the sons of  Erisum do not approach me ... , give  me the tablet under your seal, then  I shall give you at least ½ mina of  silver."" rev. The Kanesh colony gave us for these  proceedings and we gave our testi- mony before Assur's dagger. Witnessed by Idnaya son of lbaya, 25 u.e.  by ... son of Assur-imitfi."
AKT 6d.pdf,A-ni-na a-na Be-la-nim i$-ba-at-ni-a-ti-ma um-ma Be-la-num-ma r 5 7 l /2 ma-na KB ku-nu- r ki 7 -ni fa ki-la-li-ni r fa 7 a-na dJM-ba-ni [u Jb}-ni-dIM a-n[a .. .} r A-ni-na 7 fa KB KB-ap A-ni-[na .. .} rIGI7 [A-la}-hi-im DUMU Sa-lim-A-sur,"Annina seized us against Belanum and  Belanum said: ""5 ½ minas of silver under our seals,  belonging to us both, that ... to Adad- bani and Ibni-Adad to Annina ...  Annina's silver ... Witnessed by Ali-ahum son of Salim- Assur."
AKT 6d.pdf,A-sur-DUG a-na .E Puzur4-li-a u-se-ri-ib-ni-a-ti-ma 1/3 ma-na 8 GIN KB ku-nu-ki-su a-na DINGIR-na-da DUMU A-sur-n[a-da} ip-qi-id um-ma A-sitr-DUG-ma KB a-$e-er En-na-nim DUMU Am-ri-a bi-i/5 a-na aJ wa 7 -tim a-ni-a-tim [ka-r ju-um Wa-ah-su-fa-na $a-he-er GAL i-di-ni-a-ti-ma IGI GIR fa A-sur si-bu-ti-ni : ni-di-in IGI Puzur4-A-sur DUMU Su-L[a]-/b[a-an} IGI Ku-da-tim DUMU r A 7 -mur-lstar lb-ni-dIM DUMWU Bu-zu-li-a tap-pa-i-<ni>,"Assur-tab led us into Puzur-iliya's hou- se and entrusted 26 1 /3 minas 8 shekels  of silver under his seal to llI-nada son  of Assur-nada. Assur-tab said:  ""Bring the silver to Ennanum son of  Amriya."" The Wahsusana colony in plenary ses- sion gave us as witnesses for these pro- ceedings, and we gave our testimony  before Assur 's dagger. Witnessed by Puzur-Assur son of Su- Laban, by Kudatum son of Amur-Istar;  lbni-Adad son of Buzuliya was our  absent partner."
AKT 6d.pdf,GiR fo A-sur i$-ba-at-ma A-sur-ma-lik DUMU dLJTU-na-$ [i-ir} [pji-su is-me A-sur-ta-ak-la-ku DUMU tap-pa-u-su,... na seized Assur's dagger and Assur- malik son of Samas-na~ir heard his  statement. Assur-taklaku son of A ... was his (ab- sent) partner.
AKT 6d.pdf,A-sur-ba-ni DUMU Sa-lim-A-sur La-qe-pu-um DUMU 1-zi-za-am-DINGIR En-na-num DUMU Am-ri-a a-ha-ma A-sur-ba-ni A-al-DUG u E-la-li-a a-na si-bu-tim a-su-mi Su-Be-lim u A-sur-ta-/ak-la-ku,"Assur-bani son of Salim-Assur, La-qep  son of Izzizam-ilum, Ennanum son of  Amriya; further, Assur-bani, Al-tab and Elaliya  as witnesses concerning Su-Belum and  Assur-taklaku."
AKT 6d.pdf,1/3 ma-na URUDU it 1/3 ma-na AN.NA Kl A-sur-tak-la-ku ma-na LA 5 GIN URUDU is-ti Su-Ku-bi-im,6 1 /3 minas of copper and 1 /3 mina of  tin is in Assur-taklaku's possession.
AKT 6d.pdf,ta-ma-la-ku sa /up-pi ha-ru-mu-tim a-ha-ma 2 ta-ma-la-ku sa 1-di-a-bi-im u is-te-en ta-ma-la-kum sa 1-di-A-sur a-ha-ma i-na is-te-en ta-ma-la-ki-im tup-pu-um sa E Pu-su-ke-en 6 tup-pu-um sa E Su-A-nim SUNIGIN 11 ta-ma-la-ki qa-dum sa me-eh-ri-su u na-as-pe-ra-tim A-sur-ma-su-i: i-na E be-ti-su e-zi-ib,"5 containers with certified tablets; further, 2 containers belonging to Id- din-abum and one container belonging  to Iddin-Assur; further, in one container is the tablet  concerning Pusu-ken 's house and one  tablet concerning Su-Anum's house. In all: 11 tablet containers; Assur- massu'T left them together with those  of his copies and missives in his ho- use."
AKT 6d.pdf,GIN KB i-na li-bi4 Iii -me-ta-ak i-na Ku-bu-/ur-na-at a-na Sa-lim- wa-ar-di i-sa-qal,2 shekels of silver owed by III- wedaku. He will pay to Salim-wardI in Kubur- nat. 5 lo.e. rev.
AKT 6d.pdf,"[x] r Dan 7 -A-sur [DUMU] Sa-lim-ma-hi-im r ANSE, sa ba-ri-ni Sa-lim-A-sur il5-qe 1/3 ma-na KB i-ra-mi-ni-su i-n[ a r x ku-ta 7 -ni sa Su-Jstar DUMU Da-da-nim ir-di-a-ni ku-ta-ni ki-ma a -tz u-su- z-zn [i-]di-nam A-du-da ru, su-Jstar f u-Jse-bi4-ifl J",".. Dan-Assur son of Salim-ahum ... Salim-Assur has taken a donkey  owned by us both; he has ... 1 /3 mina of silver of his own  funds. Of the kutanu that Su-lstar son of  Dadanum conducted here, Pusu-ken  has given me 6 kutanus on his own. Aduda and Su-Istar sent them."
AKT 6d.pdf,r I 7 ma-na KB ~a-r[u-p}a-am r sa : 7 En-nam-A- r sitr 7 rDUMU 7 Ka-ri-a En-nam-A-/sitr DUMU Su-<lEN.LiL -qe: su-ma En-nam-A-sitr DUMU Ka-ri-a : a-na A-sitr-DUG i-titJ ar 7 En-nam-A-sitr DUMU Su-dEN.LiL u-ba-ab-su is-tit ha-mu-us-tim DUMU Su-la-ab-ra-at !TI.KAM Hu-bu-ur li-mi-im A-la-hi-[im},"Ennam-Assur son of Su-Illil received  1 mina of refined silver belonging to  Ennam-Assur son of Karriya. If Ennam-Assur son of Karriya raises  claim against Assur-tab, Ennam-Assur  son of Su-Illil will clear him. In the week of Puzur-Istar son of Su- Ilabrat, month Hubur, eponymy Ali- ahum, he received the silver."
AKT 6d.pdf,tup-pu-um sa En-na-Su-i[n} rDUMU 7 I-di-a-[bi-im}1,Tablet concerning Enna-Suen son of  Iddin-abum
AKT 6d.pdf,da-a-su sa A-lu-wa as-qul GIN K[B] Na-ab-[Su]-r in 7 e-ma-ri [. . .] i-na Hu-[ra-]ma e-zi-bu-ni mi-ma a-nim Ma-ma-hi-ir is-qu-ul,"I paid 6 ½ shekels of silver, Aluwa's  fees; 9 shekels of silver when(?) Nab-Suen  left the donkeys in Hurama - all this Man-mahir paid."
AKT 6d.pdf,a-su-mi A-si-it GAL ~a-bi4-im Lu-lu sa-bu,"Lulu has been paid 6 shekels of silver  in the name of Aset, the Chief of sol- diers."
AKT 6d.pdf,l TUG ku-ta-na[m} sa A-sur-tak-l[a-ku] LUGAL-<lIM ub-[lam] TUG ku-ta-nam sa [. . .} i-li-bi4 LUGAL-<l[IM] a-hu-ur i-na ni-is-[ha-tim} la-qe 1 TUG ku-ta-nam sa I-a-a: A-mur-sa-r[a-sa} ub-la-ma I-ri-sum i/5-qe-su 1 TUG ku-ta-na[m} dJM-ba-ni ub-la-ma 1-ri-su-ma i/5-qe-su TUG ku-ta-nam En-nam-A-/sur DUMU A-mur-Istar ub-la-ma 1-ri-su-ma i/5-qe-su,Sarrum-Adad brought 1 kutanu-textiie  belonging to Assur-taklaku from the 1 kutanu-textiie belonging to ... rema- ins in Sarrum-Adad's possession.  It was taken from the import duty.  Amur-sarrassa brought 1 kutanu- textile belonging to Yaya and Erisum  received it.  Adad-bani brought 1 kutanu-textiie  and it was Erisum who received it.  Ennam-Assur son of Amur-Istar  brought 1 kutanu-textile and it was  Erisum who received it. lOe. rev.
AKT 6d.pdf,"1/3 ma-na 4 1/2 GIN Pu-su-ki-in A-sur-ta-ak-la-ku KB i-na ILLAT Pu-su-ki-in LU GAL-Su-in na-di Note concerning a caravan run by Pusu-ken. ... -Assur son of Assur-imitfi A ... father of Assur-taklaku Ab-salim Abu-salim Abu-salim son of Assur-emuqI Abu-salim son of Puzur-lstar Abum-ilum Abu-waqar father of Dan-Ea Adad-bani Adad-damiq father of Salim-Assur Adad-ellat son of Ataya, father of Ali-ahum Adad-re'I Adida son of Warad-ilisu Ah-salim Ah-salim Ahu-waqar son of III-gummir Ahu-waqar son of Su-Istar Ahu-waqar son of Zurzur Ali-abum father of Kuliya Ali-abum son of Suliya Ali-ahum Ali-ahum father of Assur-malik Ali-ahum father of Tab-pI-Assur Ali-ahum son of Adad-ellat, Ali-ahum son of Salim-Assur Ali-ahum son of Su-Kubum Alili father of Tab-~ill-Assur Al-tab Alulaya father of Su-Belum Amriya father of Samas-tab Amuraya father of Ennam-Assur Amur-Assur Amur-Assur father of Assur-imitfi Amur-Assur father of Assur-pilah Amur-Assur father of IlI-bani Amur-Assur son of Assur-bel-awatim Amur-Assur son of Karriya Amur-Istar Amur-Istar father of Ennam-Assur Amur-Istar father of Kudatum Amur-Istar father of Suen-re'I Amur-Istar father of Su-Nunu Amur-Istar son of Isar-kitt-Assur, Amuriya father of U~ur-sa-Assur Amur-lu~u father of Assur-imitfi Amur-Samas Amur-Samas father of Erisum Amur-sarrassa Amurrum-bani son of Su-Ilabrat Anah-Istar Anu-pI-Istar Asanum son of Su-Hubur Asuwa father of Assur-rabi Asiat slave ofDan-Assur Assur-... son of Su-Suen Assur-bani Assur-bani father ofDadaya Assur-bani father of Iddin-abum Assur-bani son of Iddin-abum Assur-bani son of Salim-Assur Assur-bel-awatim father of Amur-Assur Assur-damiq Assur-dan father of Puzur-Assur Assur-dan son of Zu'u laputta 'um Assur-emuqI father of Abu-salim Assur-gimlI Assur-idI Assur-idI father ofLa-qep Assur-imitfi Assur-imitfi father of ... -Assur Assur-imitfi father of lkun-piya Assur-imitfi malahum Assur-imitfi son of Amur-Assur Assur-imitfi son of Amur-lu~u Assur-imitfi son of Silli-Istar Assur-lamassI father of Su-Istar Assur-malik Assur-malik son of Ali-ahum Assur-malik son of Samaya Assur-malik son of Sukkalliya Assur-malik son of Samas-na~ir Assur-malik son ofTahazira Assur-malik son of Usariya Assur-massu'I Assur-muttabbil Assur-muttabbil son of Ennam-Assur Assur-nada Assur-nada father of IlI-nada Assur-nada son of ... Assur-nimrI Assur-nisu son of Azukaya Assur-nisu son of IlI-ellifi Assur-nisu father of Zi ... Assur-pilah son of Amur-Assur Assur-rabi Assur-rabi son of Asuwa Assur-rabi son of Mannum-sumsu Assur-re'I Assur-re'I father of Zikiki Assur-sad-ilI son ofllI-alum Assur-samsI Assur-taklaku Assur-taklaku son of A ... Assur-tab Assur-tab father of Babala Assur-tab father of Mannum-kI-Assur Assur-tab son of Hura~anum Asu-uman Atata father of U~ur-sa-Assur Atata son of Salim-Assur Ataya father of Adad-ellat, grandfather of Ali-ahum Azukaya father of Assur-nisu Sabala son of Assur-tab Babazuwa son of Su-Anum Baltu-sar Baziya son of IlI-kurub Belanum son of Su-Assur Beliya son of IlI-kurub Belum-bani Bur-Suen Buzuliya father of Ibni-Adad Dadanum father of Su-lstar Dadaya son of Assur-bani Damiq-pI-Assur Damuma father of Isar-kitt-Assur, grandfather of Amur-Assur Dan-Assur Dan-Assur father of Iddin-Assur Dan-Assur father of Puzur-Istar Dan-Assur master of Unuba and Asiat Dan-Assur son of Salim-ahum Dan-Ea son of Abu-waqar Eddinaya father of Ikun-pI-Assur Eddinaya father of Ikiin-piya Enah-ili Enistarum, *E-nu-um-/Is-ta-ru-um Ennam-Anum Ennam-Assur Ennam-Assur father of Assur-muttabbil Ennam-Assur father of Puzur-Anna Ennam-Assur slave of Hura~anum Ennam-Assur son of Amuraya Ennam-Assur son of Amur-Istar Ennam-Assur son of Karriya Ennam-Assur son of Kukuranum Ennam-Assur son ofNaram-Sin Ennam-Assur son of Salim-Assur Ennam-Assur son of Su-Belum Ennam-Assur son of Su-Illil Ennam-ilI father of Zuzu Ennam-ilI son of Kuzari Ennanum son of Su-Belum Enna-Suen Enna-Suen son of Iddin-abum Ga ... manum father of Samas-tab Hadaya father of Su-Anum Hura~anum father of Assur-tab Hura~anum master of Ennam-Assur Ibni-Adad Ibni-Adad son ofBuzuliya Iddin-abum Iddin-abum father of Enna-Suen Iddin-abum father of Su-Belum Iddin-abum father of Assur-bani Iddin-abum son of Assur-bani Iddin-abum son of Itur-ilI Iddin-abum son ofNarmea (Naram-Ea?) Iddin-abum son of Su-Kubum Iddin-Assur Iddin-Assur son of Dan-Assur Iddin-Istar Iddin-Suen father of Sukkallum Iddin-Samas Ikun-pI-Assur Ikun-pI-Assur son of Eddinaya Ikun-pI-lstar son of Assur-bani Ikun-piya Ikun-piya son of Assur-imitfi Ikun-piya son of Eddinaya Ikun-piya son of IlI-misar Ikun-piya father of ... Ikunum father of Mannum-balum-Assur Ikunum son of Samas-bani III-alum IlI-alum father of Assur-sad-ilI III-asusu son of IlI-kurub IlI-asrannI son of Su-Istar IlI-bani IlI-bani father of Su-Belum III-bani son of Amur-Assur IlI-bani son of Yaya IlI-ellifi father of Assur-nisu III-gummir father of Ahu-waqar IlI-idI IlI-kurub III-kurub father of Baziya IlI-kurub father of Beliya IlI-kurub father of III-asusu IlI-misar father of Ikun-piya III-nada son of Assur-nada IlI-u~rannI Ilis-takil, llis-tikal IlI-wedaku Iliya father of Salim-Assur Illil-bani ImdI-ilum father of Puzur-Istar Inah-ilI Inib-Assur Erisum son of Amur-Samas Issu-arik Isar-kitti-Assur father of Amur-Istar, Isdu-ken Isim-Assur Istar-pilah Istar-pilah father of Sillus-Dagan Itiir-ilT ltiir-ilI father oflddin-abum Izzizam-ilum father of La-qep Karriya father of Amur-Assur Karriya father of Ennam-Assur Kudatum son of Amur-Istar Kukuranum father of Ennam-Assur Kuliya son of Ali-abum Kulma-kulma Kurub-ilI Kurub-Istar Kuziziya father of Su-Belum La-qep La-qep father of Su-Anum La-qep son of Assur-idI La-qep son of Izzizam-ilum Lipit-Anum Lulu father of Tab-~ill-Assur Mala ... father of Suppi-numan Man-mahir Mannum-balum-Assur Mannum-balum-Assur son of lkiinum Mannum-kI-Assur Mannum-kI-Assur son of Assur-tab Mannum-sumsu father of Assur-rabi Nabi-Suen Naram-Sin Naram-Sin father of Ennam-Assur Narmea (Naram-Ea?) father oflddin-abum N imar-Istar Pilah-Istar Piisu-ken Puzur-Anna Puzur-Anna son ofEnnam-Assur Puzur-Assur Puzur-Assur brother offSat-Adad Puzur-Assur son of Su-Laban Puzur-Assur son of Assur-dan Puzur-iliya Puzur-Istar Puzur-Istar father of Abu-salim Puzur-Istar son of Dan-Assur Puzur-Istar son oflmdI-ilum Puzur-Istar son of Su-Anum Puzur-lstar son of Su-Ilabrat Puzur-sadue Rimasi son of Su-Kubum Samaya father of Assur-malik Suen-nada Suen-re'I son of Amur-Istar Sukkalliya father of Assur-malik Sukkallum son of Iddin-Suen Suliya father of Ali-abum Siisanum father of Samas-abI Silli-Istar father of Assur-imitfi Si llus-Dagan Sillus-Dagan son of Istar-pilah Salim-Adad father of Su-Hubur Salim-ah um Salim-ahum father of Dan-Assur Salim-Assur Salim-Assur father of Ali-ahum Salim-Assur father of Assur-bani Salim-Assur father of Atata Salim-Assur father of Ennam-Assur Salim-Assur, has daughter Salim-Assur son of Adad-damiq Salim-Assur son of Iliya Salim-belI Salim-wardi Samas-abI Samas-abI son of Susan um Samas-bani Samas-bani father of Ikunum Samas-ennam Samas-na~ir father of Assur-malik Samas-tab Samas-tab son of Amriya Samas-tab son of Ga ... manum rsat-Adad sister of Puzur-Assur Sat-Anna wife of U~ur-sa-Assur rsat-ilI Su-Anum Su-Anum father of Babazuwa Su-Anum father of Puzur-Istar Su-Anum son ofHadaya Su-Anum son of La-qep Su-Assur Su-Assur father of Belanum Su-Belum Su-Belum father of Ennam-Assur Su-Belum father ofEnnanum Su-Belum son of Alulaya Su-Belum son of lddin-abum Su-Belum son of IlI-bani Su-Belum son of Kuziziya Su-Belum son of Suli Su-Hubur Su-Hubur father of Asanum Su-Hubur son of Salim-Adad Su-Ilabrat father of Amurrum-bani Su-Ila brat father of Puzur-Istar Su-Illil Su-Illil father of Ennam-Assur Su-Istar Su-Istar father of ... Su-Istar father of Ahu-waqar Su-Istar father of IlI-asrannI Su-Istar kakkabanum Su-Istar son of Assur-lamassI Su-Istar son ofDadanum Su-Istar son of Sukkutum Sukkutum father of Su-Istar Su-Kubum Su-Kubum father of Ali-ahum Su-Kubum father oflddin-abum Su-Kubum father ofRimasi Su-Kubum father of U~ur-sa-Assur Su-Laban Su-Laban father of Puzur-Assur Suli father of Su-Bel um Suma-libsi Summa-libbi-Assur Su-Nunu Su-Nunu son of Amur-Istar Suppi-numan husband of UmmI-lshara Suppi-numan son ofMala ... Su-Suen Su-Suen brother of Luzina Su-Suen father of Assur-... Su-Tammuzi Tahazira father of Assur-malik Taram-KiibI Tab-Assur Tab-pI-Assur Tab-pI-Assur san of Ili-ahum Tab-~ill-Assur Tab-~ill-Assur son of Alili Tab-~ill-Assur son of Lulu UmmI-Ishara wife of Suppi-numan slave of Dan-Assur Usariya father of Assur-malik U~ur-sa-Assur U~ur-sa-Assur husband of Sat-Anna U~ur-sa-Assur son of Amuriya U~ur-sa-Assur son of Atata U~ur-sa-Assur son of Su-Kiibum U~ur-sa-Istar Warad-Assur son of Watrum Warad-ilisu father of Adida Yaya father of III-bani Zi ... son of Assur-nisu Zikiki son of Assur-re'I Zurzur father of Ahu-waqar Zu'u father of Assur-dan laputta 'um Year-Eponyms Ali-ahum, REL 90 Amur-Assur son ofKarriya, REL 87 Assur-damiq, REL 84 Assur-imittI, REL 106 Assur-imittI malahum, REL 106 Assur-malik son of Ali-ahum, REL 105 830: 15; Dan-Ea son of Abu-waqar, REL 135 lddin-abum, REL 93 Samas-bani (=Adad-bani), REL 94 Su-Istar kakkabanum, REL 75 Week-Eponyms Amur-Istar Assur-imitfi Assur-malik son of Sukkalliya Assur-nada Itur-ilI Naram-Sin Pusu-ken Puzur-Assur Puzur-Btar son of Su-Ilabrat Puzur-sadu'e","Assur-taklaku received 8 1/3 minas 4  ½ shekels of silver from the caravan  of Pusu-ken; Sarrum-Suen deposited 13 1 /3 minas  of silver in Pusu-ken 's caravan. 845  887B 856: 25; 773: I; 852: 24; 840: 28; 735: 8; 740:3'; 763:3; 859: 4'; 732: 2, 19, 24; 727: I; 730: 11; 751: 4; 752: 2; 751: 2; 737:2;780:2;819:6;825:44; 849: 2, 9; 819: 3; 774: 3; 842: 12; 775: 3 '; 804: 1; 857: 6; 870: 12; 838: 2; 791: 3; 804: 31; 802: 2, 6; 728: 1; 762: 6, 11; 728: seal; 799: 18; 865: 16; 750: 2, 16; 830: 4; 782: 2; 781: 2; 855: 2, 8; 789: seal; 849: 6; 826: 2; 756: 5, 8, 19, 26; 785: 6; 742: l; 831: 1 0; 846: 1; 847: 35; 760: 5; 762: 8; 792:2; 825:23;855:  17; 866: 15 (L); 830: 15; 838: 4; 791: 2; 829: 15; 830: 18; 843: 22; 857: l '; 838: 3; 844: 3; 860: 9; 766: 4; 728: 3; 739:4; 790:4; 868: 3; 825: 25; 858: 1 0; 860: 6; 833: 4; 748: 2; 831: 5; 739: 7; 841: 16; 842: 16; 841: 13; 849: 5; 832: 17; 820: 13 (L); 821: 12 (L); 729: l; 773: 4; 774: 21, 26; 793: 3;  795: 4, 21, 22; 803: l; 822: 12 (H);  823: 7; (H); 825: 32 (H); 870: 15; 858: 19; 832: 20; 819: l; 820: l; 821: l; 825: 46; 851: 8; 822: 4, 8; 849: 2, 8; 730: 2; 741: 9; 826: 3;833:3; 731: 1, 11, 15; 870: 9; 817: 7 (H); 818: 7 (H); 820: 7; 840: 21; 751: seal; 820: 3; 821: 3; 732: 1, 23; 784: 2; 785: 2; 808: 5; 857: 1, 8, 9; 766: 22, 26; 747: 2; 728: 2; 735: 26; 776: 9; 757: 5; 869: 2; 818: 4; 817:2,4; 748: 1; 755: 1, 37; 758: 2; 825: 36; 822: seal; 733: 2; 734: 1; 735: 1; 828: 12; 860: 8; 843: 13; 827: 3, 6; 827: 2; 860: 1; 832: 18; 736: 1; 737: 1; 825: 7 (L); 837: 4, 10; 848: 9; 849: 3, 10; 738: l; 739: 1; 812: 1; 853: 17 815: 3; 733: l; 758: 11, 17, 26; 760: 12; 762:  2;769:3;822: 11 (H);823:6(H);824:  6 (H); 825: 32 (H); 832: 10 (L); 856: 25; 832: 6; 781: 1; 834: 16; 798: 2; 811: 2'; 825: 25; 816: 17; 830: 3; 843: 26; 815: 1; 824: 14; 825: 31; 791: 4; 761: 1; 738: 2; 739: 2; 791: 8; 792: 16; 793: 2; 852: 22; 839: 3; 834: 14; 825: 43; 845: 17; 844: l; 825: 27 (H); 752: 7; 773: 4, 19; 777: 2; 778: 1; 826: 1; 751: 2; 775: 2'; 850: 43, 44; 855: 1, 7; 857: 1,  3; 735: 20; 841: 6; 786: 3; 838: 1; 750: 1; 728: 2; 787: 2; 788: 2, 11; see Inah-ilI 790: 3; *800: 10-11; 753: 4; 844: seal; 757: 1; 780: 3; 788: 3,26,40; 799:4; 812:2,3,4,6;  815:6,9;816:2;840:25;847:5,8; 842: 18; 830: 17; 815: 3; 831: 4; 870: 14; 866: 2, 5; 841: 20; 749: 31; 768:22; 777:6; 847: 3; 847: 1, 14, 16, 19, 26, 33; 864: l; 866:  3, 8; 820: 2; 821: 2; 848: 3; 758: 1; 826: 6'; 843: 27; 846: 2; 847: 36; 858: 9; 860: 5; 822: 1; 761: 2; 769: 13; 867: 2; see Irisum 806: 8; 825: 24; 773: 24; 789: 2; 732: 18; 758: 17; 760: 12, 16; 773: 18, 21, 25; 762: 1; 774: 2, 5; 735:3, 13, 16,22,24; 763:2,4; 776: 18; 841: 5; 833:6 769: 12, 17; 834: 17; 815: 4; 770: 3; 772: 16; 775: 1; 856: 24; 839: 1; 857: 7; 858: 20; 765: 2; 807: 6, 21, 29; 813: 2; 814: 13;  817: 15 (L); 818: 18 (L); 828: 2; 840:  22; 862: 4; 867: 3; 790: 1; 827: 2; 827: 3, 5; 817: 1; 818: 19; 764: 2; 827: seal; 845: 1, 4; 862: 6; 832: 3; 835: 15; 813: 4; 732: 22, 25; 758:2; 760: 1'; 839:2; 856: 24; 755: 26, 33; 766: 1; 833: seal; 767: seal; 768: I; 769: 6; 834: 3; 845: 1, 3; 851:  2· '  832: 5; 833: 1; 834: 12; 788: 39; 842: 20; 790: 2; 825: 4; 783: l; 837: 16; 839: seal; 844: seal; 825: 35; 795: 3, 6; 843: 15; 778: seal; 840: 10; 727: 1; 773: 2; 803: 1; 821:5,8; 849: 5; 848: l; 831: 7; 789: seal; 840: 8; 836: 15; 826: l; 838: 1; 778: seal; 834: 13; 858: 6; 732: 20; 853: 2, 5, 10, 16, 24; 804: 2; 805: 3; 863: 3; 736:7; 750: 18; 766:2,27; 794:2; 840: 6, 23; 737: 21; 748: 18; 755: 4; 769: l; 843: 24; 850: 4, 6, 23, 33, 46; 855: 1, 6; 801: 3; 770: 1; 771: 1; 772: l; 773: 1, 33; 852: 23; 796:21;819:7;820:7;821:8;822:9;  823:4; 824:4;825:24,30,34,44;  826: 4, 6; 854: 1, 3, 10; 856: 7, 15;  870: 10, 13, 16; 826: 3; 833: 2; 835: 9; 851: 9; 743: 1; 832: 7; 738: 3; 739: 2; 799: 3, 7; 731: 3; 829: 14; 730: 16; 774: 1; 803: 2; 812: 8 (H); 847:  7, 22; 817: l; 818: 20; 860: 4; 757: 2; 847: 22; 729: 2; 762: 2; 847: 31; 820: 13; 821: 13; 866: 3, 6; 841: 22; 811: 3'; 851: 7; 846: 2; 847: 36; 727: 2; 825: 16; 813: 10 (L); 814: 7 (L); 841 : 12; 858: 18; 850: 1, 45; 841: 21; 831: 9; 777: 3; 778: 2; 825: 3; 783: 2; 740: 15'; 766; 2; 745: 2; 746: 3; 733: 7; 740: 2; 848: 4; 775: 2, 5; 804: 30; 791: 1; 788: 4; 841: 8; 769:5;803:5;807:2;816: 18; 840:  16; 847: 2, 8, 24, 25; 855: 2, 13; 851: 2; 815: 2; 860: 3; 837: 12; 746: 18; 776: 2, 14; 737: 4; 869: 4; 842: 4; 812: 7; 813: 7; 814: 4; 815: 7; 816: 3;  817: 6; 818: 5; 838: 7, 8, 17; 776: 1, 4; 788: 7; 734: 3; 777: 1; 778: 3;827:6; 828:3; 868:9; 819: 4; 829: 2; 832: 4; 843: 24; 823: 3; 825: 29; 847: 11 (H);866: 12(H); 768: 2; 812: 8 (H); 839: 5; 853:41; 825: 34; 789: 3; 831: 14; 840: 7; 852: 1, 5; 832: 19; 769: 2; 766: 25; 830: 7; 841: 23; 813: 6; 814: 3; 813: 3 846: 1; 847: 35; 838: 5; 853: 43; 808:9, 15; 827: 1; 828: 11; 829: 13; 741: 4; 843: 11; 774: 29; 776: 11; 865: 2; 835: 14; 865: 4; 829: 16; 830: 19; 843: 23; 857: 2'; 860: 2; 815: 2; 768: 23; 777: 6; 762: 4, 5, 11, 14; 838: 2; 840: 6, 23; 756: 35; 786: 1; 787: 2; 788: 1; 863: 5-6; 838: 7, 11, 15; 838: 5; 800: 8; 812: 13 (L); 790: 2; 836: 21; 859: 3'; 773: 31; 833: 5; 836: 19; 833: 3; 773: 24; 870: 4, 6; 871: 8; 850: 31, 32; 837: 2, 7, 9; 841 : 3; 84 3: 8; 787: 1; 788: 1; 781: 2; 822: seal; 853: 42; 840: 28; 851: 11; 862: 12; 844: 1; 823: 4; 825: 29; 789: l; 851: 1; 855: 10; 735:21; 792: 1; 840:2;860: 12; 847: 3; 822: 2; 766: 4; 790: l; 821:5,7; 791: 1; 843: 25; 777: 2; 778: 2; 735: 26; 843: 11; 820: 4; 821: 4; 847: 11; 866: 13; 793: 1; 840: 3, 9, 16, 25; 847: 1, 14, 17, 20, 27, 33; 864: 2; 866:  4, 9; 730: 11; 769: 24; 794: 2, 5; 795: 1;  796: 1, 4; 800: 3; 806: 2; 807: 1; 835:  3, 5; 836: 2, 7, 10, 17; 845: 19; 865:  17; 733: 24; 849: 6; 840: 10; 840: 19(L); 844: 4; 865: 10; 864: 3; 797: 1; 798: 3; 799: 1; 864: 3; 840: 12; 861: 6; 838: 3; 827: seal; 825: 35; 781: 4; 850: 1, 2, 7, 13, 15, 17, 34, 38; 858: 17; 843: 25; 795: 2, 5; 803: 11; 805: 9; 825: 43; 819: 1; 820: 1; 821: 1; 825: 46; 735: 2; 734: 2; 776: 6; 835: 4; 776: 10; 822: seal; 762: 6, 12; 842: 3; 798: 1; 799: 2; 770: 4; 798: 1, 15; 836: 20; 850: 2; 838: 6, 9, 10, 14; 838: 4; 756: 8,24,29; 785:4, 10; 837: 15;  845: 18; 844: 2; 842: 4; 825: 4; 735: 2; 817: 2, 4; 818: 3; 794: 3; 841: 10; 782: 3; 841: 15; 837: 3; 822: 3, 7; 830: 3; 781: 3; 808: 1 0; 825: 21 (H); 756: l; 797: 2; 804: 8; 813: 1; 814: 12; 837: 6; 837: 12; 831: 11; 728: seal; 841: 14; 831: 12; 856: 14; 870: 9; 848: 1; 825: 46; 805: 7; 819: 2; 769: 10, 15;825:33; 757: 12; 749: 4; 808: I; 809: 1; 843: 9; 826: 2; 848: 11;"
AKT 6e.pdf,ku-a-ti li-/li-kam:' a-wa-su lci-ag-mu-ur i-qci-ti-im i-ri-tim lei a-lci-kam GIN KB Kl Da-ra-lsi M[ a-ma-h]i-ir 1/3 ma-na 5 GIN [KB] a-su-m[i L ]u-lu cis-qu[l] GIN KB Kl I-di-Ku-bi -im DUMU si-ip-ri-im 1/3 ma-na KB i-na KB-pi-a le-qe-a-ma a-na Da-ra-si di-na,"... let him come to you.  l shall conclude his case. 14 shekels of silver owed by Darasi;  13+x shekels of silver owed by Man-mahir; l paid 1 /3 mina 5 shekels of silver on behalf  of Lulu; 7 shekels of silver owed by lddin-Kubum,  the son of the envoy; take 1/3 mina of silver of my silver and give  it to Darasi."
AKT 6e.pdf,a-na 5-si-su se-ne-en na-as-u-ni-/kum Su-Be-lam,... they bring you ... for 5 pairs of shoes.
AKT 6e.pdf,[x x lu-Jqu-ti KB 9 GIN [~a-eib-t]a-su-nu-ma u su-nu-ti KB [s]a-eis-qi-lei-su-nu mi-ma [fup-]pi a-ni-u-tim a-na qei-ti [ am-]tim e-zi-ib er-sa-si-ma [ a-m]a-lei ti-ir-ti-a: ep-sa-ma sa-eis-q i-lei-su-nu-ma a-sar lei-qei-im ku-un-ka-ma [l]i-ib-si a-hu-u-a : a-tu-nu [ a-]na te-er-ti-a ih-da : ki-ma [s]a a-na-ku: wa-eis-ba-ku-ni fKBl sa-qi-i/5 u lei sa-qi-il5 [ti]-ir-ta-ak-nu a-~e-ri-a fis-ti Hu /-ma-sa-na li-li-kam,"... my goods, some 9 shekels of silver seize  them and then make them pay the silver to  you. I left all these tablets in the hands of the  maid.  Demand them from her, act in accordance  with my instructions, make them pay and  seal what there is to receive and let it be  available.  My dear brothers, pay attention to my in- structions as if I was staying there myself.  Send me word with Humasana whether the  silver has been paid or not."
AKT 6e.pdf,1/2 ma-na 3 GIN hu-sa-ri-im u 4 TUG.HI.A fa Su-Be<-lum> u A-lu-a ub-lu-ni-/ku-ni ( over erasure) me-eh-ra-tim KB i-na ra-mi-ni-ka di-in-ma is-ti ~u-ha-ri-a : ku-nu-ki-ka se-bi-lam : ~u-ha-ru-a u-ma-keil lei i-bi4-tu tur -da-su-nu tur 4-da-su-nu a-diURUDU sa Ma-zi sa i-na E ka-ri-/im G$-bu-tu-ma a-na A-lu-la-a ii Pi-la-[ah-]/Jstar u-sa-zz-zu : su-ma· URUDU i-na E ka-ri-im i-zu-zu : ma-la qa-sit Ku-zi-zi-a i-ka-su-du URUDU i-na E ka-ri-im li-im-hu-ur-ma fURUDUl li-ik-nu-fuk/ u <is-ti> is-te-en i-ba[-ri-]/ku-nu li-ib-si ti-ir-ta-ku-nu li-li-kam-ma za-ku-sa la-as-pu-ra-{ku 1-lnu-ti,"½ mina 3 shekels of lapis lazuli plus 4  textiles that Su-Belum and Aluwa brought to  you, give the corresponding amount in silver  yourself, and send it with my servants under  your seal. My servants must not delay a single day,"
AKT 6e.pdf,[x x} si-ti nu-[. . .} [x} ga-{mi/-i/5 [x x} ni [x} ni ki {u-lci/ [!}ci-hu-a-ni: a-s[i-a]m a-na i-sa-tim [i]-{di-si ni a x/ [x} {u X X x/ ru 7 ni-a-ti : {u 1-ma-sa-ah-ni-a-ti um-ma {ne-nu /-ma : {a-ma /-la na-cis-pci-ar-ti-ka {sa/ ta-cis-pu-ru: si-ma-am ba-at-qci-am {tu /-ka-al-ni-a-ti : wa-ar-ki-ta-ma Ii-me URUDU si-kam ik-bu-<us-> ni-a-ti um-ma su-ut-ma URU[DU x s}a ga? a u-ul {a-si-ak-nu/ tap-[x x} bi is-me x na I ma um-ma SU-Ut-ma: SU-m[a X X Xj-tam i-na rE.GALl-lim {tu/-se-~[i-a X x} {qci- /qci-{da- //ku-nu {ta-sa-la-fci I[. . .} ni-{ip-/ [x} {ma/ {xxx} flt-me/ URUDU ni { x x am/ [x} { su/ 4 Ii-me URUDU r is-qu[l-}ma a-na E ub-ri-ni ba-lu-um si [x X X x] si-im ~u-ba-ti: [x X X X x] zu su-nu [x] ta [x x] flal [x x] 1 me-at u-bu-flul fx x xl: ma [x x] ma-na TA: le-qe-a [um-ma} ne-nu-ma: a-si-am : tu-ta-ki-is fi/ l fru}-ba-ti: sa si-ma-am la ne-pu-su [x X x] r xl mi-im na-pa-al-tam te-zi[-ib] [x X xl]a-qe ~u-ba-ti: ta-er-ni-a-ti [ .. .] {si-nal [,"... we have been involved. He put the iron  1 0'  in the fire ...  and it is us he treats badly so we said: ""In  accordance with your missive that you sent  you are offering us a low purchase price.""  Later on he remitted 8000 minas of sikku- 15'  copper for us. He said: ""The copper or your iron ... "" Without ... he ... us  textiles .. .  they bring 100 ...  ... let them take at x minas a piece.  We said: ""You have set aside the iron  Also, the textiles for which we have not  made a purchase ... you have left an an- swer  return the textiles to us ... """
AKT 6e.pdf,"[s]u-ma AN.NA dam-qu-[um] [ u ]m-ma a-na-ku-ma [x] { ma-na/ la ta-ba-ta-{aq /-/sum {um-ma su-ut-ma u-la a-ba-ta-aq-lsum I fpi-ri<-ka>-ni-ka / a-na a-la-ni {nu-us-te-ri I a-na r u 4-me a-nim si-im pi-ri-ka-ni 1 wa-di-i-ma TUG: a-na Sa-la-tu-wa<-ar> {is-ti-in 7 i-$u-{h,a /-ri-ka «ri ka» a-$[e-er .. .] su-pu-[ur-ma] u ti-ir-ta-/ka lu-za-ki-u-ni-kum e {ta /-as-lu-ut-ma la ta-as-{pu /-/ur u a-di Puzur4-A-sur sa ta-as-pu-ra-ni la ak-su-da-a-su { a-na-/kam / GEME-ti-su: u?-sa-i-i/5-ma {um /-ma su-nu-ma 40 GU URUDU «URUDU» ma-si-a-am si-ta [e-]ri-qa-tim e-pu-/[. . .] [(x)] {is 1 ri-ma $f-ba-at na-as-pe-[ra-tim] sa A-la-bi-im [. . .] 24: the name could also be read A-la-hi-im.","""Do not deduct x mina for him!""  He answered: ""I shall not go below the price  for him."" We had your pirikannus led to the  villages. Until this day indicate the price of  the pirikannus and send one of your servants  to Salatuwar to ... with the textiles, and then  I shall clear your orders for you. Do not act on your own authority since you  have not written. Also, concerning Puzur- Assur, about whom you wrote, I have not  caught up with him. I questioned his maid  here, and they said:  ""He ... 40 talents of washed copper and two  wagons The additional missives from Ali-abum ..."
AKT 6e.pdf,it a-ma-kam: Si-lu-[lu} ha-si-is-ma: na-fas/[-pe-er-tu-s}u u na-as-pe-er-ta-fka a-na 7 $e-er a-we-Ii : tap-pa-e-su flu] a-na sa ki-[ma su-a-ti] [li-Jl[i-ku} [x tu]p-p[a-a}m [x x ]-di-it le-qe [. .. i-na [x X x] ka-r[i i-zi[-iz X X X J ma-la fx /[x x x]-ti-ni i-/na [ .. .] A-limki di-in A-limki : a-na-kam tup-pi-su-nu lu ni-i/5-ta-fqe I i-hi-id-ma : ti-ir-ta-ka [l} e-zi-ba-am,"Also, remind Silulu there that his missive as well as your missive will come to the men who are his partners as well as his represen- tatives ... .. . a verdict of the City here ... we have col- lected their tablets. Pay attention and leave your instructions."
AKT 6e.pdf,rEl be-et mu-[ti-ka] [t]u-se-si-ir: t[i-ib-a-ma] [a-t]al-kam: bi-is DAM.[GAR i-na] [A-]limki: la a-di-si: a-mu-[. . .] [k]u-us-da-ni Ebe-et fa /-[bt-]/ku-nu [n]i-is-u-um sa KA 1-ku-pi-/a im-tu-qu-ut U U 4-ma-am i-$a-ru-um i-ma-qu-ut-ma i-qa'-bi4-a-ni : a-ma-nim {laJ-ar-si: li-bi4 u-di ku-ri : i-a-am : ma-{di-idJ E A-sur-ma-lik [x x x} Ebe-et [x X ap-q]i-id KB a-nim [. .. ] 1 O': or i-bi-nu a-ni: a-ma-nim,"I entrusted ....  you have brought the house of your spouse  in order. Set out and leave.  As to the property of the merchant, I have  not sold it in the City ....  approach me. As to your father's house, the  nis 'u oflkun-piya's door has fallen down  and today the annexe will fall, and he will  blame me."
AKT 6e.pdf,i-la-qe fka J-f. . .J ma-na a-n[a .. .] a-na E ka-ri-i[ m .. .} ma-na KB :fa-ru-p[ci-am (..)} a-na A-sur-DVG rouMUl A-mur-na-h[u-us} fu-se /-bi-i/5 11 ma-na URUDU a-na Ma-cis-hi-li 4 1/2 GIN KB a-na A-mur-A-sur DUMU 1-di-lim ma-na sa a-na-ku i-li-bi a-di-u 2 ma-na a-ta-aq-ri-fba /-[tim .. .} GU 33 ma-na a-[na .. .] U-:ju-ur-sa-A-s[ur .. .] [a}s-qu-ul u 3 [GU ... ] [x x/]3 ma-n[a .. .} [ ... G]U URUDU Kl A-sur-i-mi-ti l[u .. .] I.e. [. .. t}cim-ka-ri-im cis-ta-qal a-hi a-ta [ a-wa-t}u-ka da-na li-ba-ka [lei t}u-lci-ma-na-am I GU URUDU is-ti [. .. A-su }r-i-mi-ti wa-bar-tum i:j-ba-at [. . .] wa-tcim ki su-nu a-sa-hu-ur,"he will receive ... .  30 minas for .. . for the office of the colony ... 1 mina of refined silver I sent to Assur-tab  son of Amur-Nahus. 11 minas of copper for Masih-ilI. 4 ½ shekels of silver for Amur-Assur son of Iddin-ilum. 8 minas that I personally deposited in it. 2 minas for the rituals. 1 talent 33 minas for ... U~ur-sa-Assur ...  I paid ... . .. copper owed by Assur-imitfi . ... I have paid to the merchant. My dear brother, your words are harsh. Do not be- come angry with me. 1 talent of copper owed by ... the station seized Assur-imitfi."
AKT 6e.pdf,mi-ma a-na KB-pi-ka I GIN li-ba-ka lei i-pei-ri-id u ma-as-hu-ru-teim' i-na li-bi-ka lei te-ti-ir su-ma-a-mi-in hu-ru-um a-mi-lum pei-te-a-ma : ma-a : eis-ri-sa-am u-su-ra-ku: a-di-mi-in u4-mi-im a-nim sa A-lu-wa i-li-ka-ni ma-a KB 10 ma-na pei-ni-am-ma is-ti ba-ti-qi-im lei i-li-ka-ku-ni a-ta-ma ti-de 8-e ki-ma na-ru-qei-at me-ra A-sur su-um-su i-na i-di-im a-mi-im i-ba-su-lu-ma KB 10 ma-na SIG5 U-$i-a-su-nu-ti-ni ti-de8-ma i-na Wa-ah-su-sa-na u Sa-lei-tu-ar mu-us-te-bi-lu KB 10 ma-na a-na be-lu KB e-pu-su-ni : a-bi a-ta be-Ii a-ta a-di lu-qu-ut-ka sa Ti-me-el-ki-a a-na Wa-ah-su-sa-na u-sa-lei-ma-ni-ma ITI.1.KAM is-ti-in u si-na ITI.2.KAM a-sa-hu-ru i-na lu-qu-ti-ka $U-ba-ti I O SIG5 u 20 / sf-ma-am ma-ah-ra-am sa lu-bu-si-su a-ka-lei-/ma u.e. a-sf-am 15 GIN za-ku-am sa sa-ru-tim sa-ma-am-ma A-lu-wa is-ti ba-ti-qi-im tu-ur-da-ma lei-li-ik-ma is-ti a-we-LAM lei-na-me-er-ma {qei-tfl 10 ma-na I TA qei-dum tap-pei-e-{ka /-ma lu ka-a-ni-kum su-ma a-sf-am instead of la fe-ti-ir one could read la-di-in.,"Do not worry about a single shekel of your silver, and do not remove trust from your heart. If indeed that opportunity was open for me and I would indeed be free to go there, would then until this day, when Aluwa came, at least 10 minas of silver not have come to you quickly with a fast transport? You know very well that they deal with any Assyrian's joint-stock capital in that under- standing, and that at least 10 minas of good silver results for them. You know that in Wahsusana and Salatuwar those who do business realise at least 10 minas of silver for the capitalists. My dear father and lord, I shall wait one or two months until he brings your goods safe- ly from Timelkiya to Wahsusana. I shall hold some 10 or 20 fine textiles from your shipment for the first sale for his clothes; then you must buy for me some 15 shekels of iron, pure and of royal quality, and send Aluwa with an express caravan so I can go and meet with the man and my share  of 10 minas each for you should be secured for you together with your colleagues. If the iron ..."
AKT 6e.pdf,1/2 ma-na I GIN KB [it-bu-lu] ANSE !)a-la-mu l 5/6 ma-na KB it-bu-lu 12 GIN KB u-nu-futl ANSE.HI.A 24 ma-na AN.NA a-qa-ti La-ta-a a-di-in KUG.BI 2/3 ma-na 5 2/3 GIN 2/3 ma-na KB a-na sa-ri-dim u mi-fol sa-ri-dim be-u-la-tim as-qul 3 GIN KB lu-bu-su-nu 3 5/6 GIN KB u-kul-tf ANSE.HI.A 2 GIN KB a-na li-mi-im sa Su-da-a ha-bu-la-ti-ma as-qu! GIN KB a-na a-si-ti-ka GIN KB sa-du-a-tam Si-ha-ar-i-!i i/5-qe 1/3 ma-na 3 GIN AN.NA .fo 1 ma-na LA 2 1/2 GIN KB a-ha-ma ku-nu-ki-a La-ta-a na-as-a-kum 10 1 /4 GIN KB wa-~i-tum mi-ma a-nim ku-nu-ki-a La-ta-a na-as-a-kum ta-as-pu-ra-am um-ma a-ta-ma 1/3 ma-na KB .fo li-bi-a le-qe a-na 1 GU URUDU fo li-bi-ka 2/3 ma-na KB a-ma-kam ni-i~-ba-at 1/3 ma-na 2 GIN KB si-im ANSE GIN KB te-~u-bu 13 GIN KB [a-n}a a-hi-ka ta-ah-bu-ul [x X X ma-n]a KB i-!i-bi-ka [. .. ma-n Ja KB u 1 /2 ma-na KB [. .. ] se-bi-lam a-hi a-ta [ ... ] KB 1 GIN a-hu-um u ib-ru-/um [li-di]-nam la a-ba-as,"of silver to the eponym Sudaya, and I paid  it; 2 shekels of silver for your wife; Sihar-ilI re- ceived 15 shekels of silver as transport tariff; Lataya further brings you 14 1 /3 minas 3  shekels of tin, worth 1 mina less 2 ½ shekels  of silver, under my seal; 10 ¼ shekels of  silver: export duty - all this under my seal  Lataya is bringing you. You wrote me saying:  ""Take 1 1/3 mina of silver that I owe.""  For 1 talent of copper that you owe we  seized 2/3 mina of silver there.  1/3 mina 2 shekels of silver: the price of a  donkey; 15 shekels of silver: additions. You  owe 13 shekels of silver to your brother ....  mina silver owed by you ... ... send me ... mina of silver plus ½ mina of  silver ... My dear brother, ...  brother and friend shall give every shekel of  silver. I shall not be ashamed."
AKT 6e.pdf,[x S}u-A-{xl[ um-ma[. . .] [. .. E]n-{naml-A-sur [. . .] bi-ma [. .. t}am-ka-ri-im [ ... K]B IGI E-ni-is-t[a}-/ru-um [. .. n]i AN.NA-ki [. . .} fsil-a-ni [x k}u-un-ka-[ma} a-n[ a] E-ni-is-ta-ri-im di-na-ma is-ti: ba-ti-qi-im sa a-na pa-ni: ILLAT-t[im] i-la-ka-ni la i-sa-hu-ur tit-ur-da-ni-su a-na-{kam 1 [we-d]a-ku a-hu-[a] a-tit-nu [E-ni-is]-ta-ra-am la [i-sa-hu-ur J tit-ur-da-/ni-su mi-l[i-i]k [lu-qu]-tim [x x] bi-ri-im mi-i/5-ka [sa-he-e Jr-tam sa 5 GIN fKBl [x x n}im a-na si-i[m [. . .} mi-l[i]-ik-su-nu mi-ii -ka,"Obverse too broken for translation I am alone here.  My dear brothers, send Enistarum without  delay. Decide about the goods ... of the ... Small goods worth 5 shekels of silver  ... for the price ... . .. decide about them."
AKT 6e.pdf,ki-ma ra-bi4-{~u/-um ku-~u-ni-ma a-{ di J-ni a-na Ka-ni-i[s''f lei e-li-a-[ ni] i-na fe J-lei-i-[su} a-ma-lei di-in [A-limkiJ [u} na-eis-pe-ra-ti-[ka} [n]i-sa-me-ma a-[. . .} ni-fsi x x/ [. . .} ti-ir-ta-ka fniJ-fsaJ-me-[ma] a-ta fbe? J-teim fa-di a-lei J-[ka-ni] fi-ma J-ah-ri-ka : [ [x x] a-na ku a [ fu te-er 7-ta-fka 7 [x x] a a-ta-fbe-J[a}-ma a-ta-lei-[kam} mi-nam a-di sa E be-ti-ka u i-a-a-tim ma-d[a]-/tim lu-la-pi-ta-ku-ma a-~e-er: mu-ru-u~ li-bi4-ka u a-na-ku ma-na-sa-am lei-eis-pu-ra-kum ti-ir-ta-ka a-fra-teim J a-di E-ti-ka sa a-na a-e-su : E-et-ka sa-ak-nu a-~e-er sa ki-ma ku-wa-ti A-lu-wa (erasure) « ku-fwa J-ti» su-up-ra-ma a-ma-lei ti-ir-ti-ka le-fpu-ussic J is-tu ma-ar-~a-am Ii-bi 4 u a-si-fra-am / lei ni-ir-ta-si-u a-di u 4-mi-fim J sa e-ne-ka a-mu-ru,"Since it is still winter, the attorney as has  not yet come up to Kanesh; when he comes  up we shall hear the verdict of the City and  your missives, and we shall ... we shall hear your instructions and as for  you, until I arrive the house ...  before you ... I shall set out and come.  Why should I write at length about the mat- ter of your house and my own, and on top  of your worry should I too write you ... ? Send your ... instructions concerning your  house - that your house has been placed  anywhere - to your representatives (with)  Aluwa, then I shall act in accordance with  your instructions. Since we have never been able to acquire  anyone who shows concern for us and  cares about us, until the day I see your eyes"
AKT 6e.pdf,[. .. sa-]cip-ra-tu-su [. .. ub-l]ci-ki-im [ .. .] {x J-lci-ni-si-na [. .. u-]ka-lu-nim {x J En-n[ am-.. .} {x J Ku-bu-ur[-na-at .. .},... we shall see the tablet  ... silver  ... his pledges  ... he brought to you (fem.) ... they hold
AKT 6e.pdf,"SUNIGIN fKBl-pi-ka ma-na 10 GIN u ,$U-ba-ti-ka ku-nu-ki-ni Si-li-a na-as-a-ku<-um>","Total of your silver: 15 minas 10 shekels, Silliya brings you under our seal - both that from the tin and that from your textiles."
AKT 6e.pdf,a-ta-la-a[k] u-zu-ni pe-[te],... I shall go ... Inform us.
AKT 6e.pdf,[a-n}a [x x x]-ar' [. . .] /up-pi-a a-na hu-[bu]-/{ull 1-di-a-bi-im a-na qa-ta-ti-su /up-pi-a u-la-pi-tu u a-ha-ma 1 ma-[n]a KB a-na Wa-fxl[-x-}ni DUMU A-hu-fxl (erasure) i-na ma-as-ka-ti-a is-qu-{ul' 1 a-hu-u-a be-lu-u-a a-tu-nu a-na ma-la fup-pi-a ma-la a-wa-/at ma-ah'-ri-ku-nu i-si-ik-na-ni ri-da-ma ba-a[b] DINGIR fup-pa-am [( .. )] ki-ma i-a-ti [ ( . .) J a-na {x-hi-ni-su 1 di-na [IGI A-}bi-a DUMU Nu-ur-ZU [Z]u-u-a NU.BANDA 11 A-sur-na-da ku-ub-tu-um tap-pa-su-nu 2: the first sign could also be read DUMU. KOLTEPE TABLETLERi VI-e,"To ... They wrote my tablets for Iddin-abum's debt  as his guarantor. Also, furthermore, he paid 1 mina of silver  to Wa ... ni son of Ahu ... on my behalf out of  my deposits. My dear brothers and lords, produce evi- dence in accordance with my letter that the  words were set down in your presence, and  give the tablet in the Gate of the God on my  behalf to his ... Witnessed by Abiya son ofNur-Suen; Zuwa,  the lieutenant, and Assur-nada, the kubtu,  were their absent partners."
AKT 6e.pdf,ii ma-ti-ma se-bu-ul-ti [l]a i-li-ka-ki-[im],I will come to you on my journey and did  my shipment never come to you (fem.)?.
AKT 6e.pdf,[x] ma-na 5 1/4 GIN [K]B a-na Be-lum-ba-ni ha-bu-la-ku [ih]-da-ma KB-ap-/su di-na-su : su-ma la ta-di-na-su KB it si-a-ma-ti i-~e-r[i-]a i-la-qe,"I owe x minas 5 ¼ shekels of silver to  Belum-bani. Take care to pay his silver!  If you have not given it, he will take the sil- ver and my goods on my account."
AKT 6e.pdf,ma-na K[B ... ] nu-ra-di-ma 11 [ ... ] it ni-is-ha-[tum .. .] a-na um-me-a-[ni .. .] ku-a-ti i-[. . .] a-na [. . .] sa s[e-ep .. .] ne-es-[. .. ] a-na fxJ [. . .] 1/2 ma-n[ a .. .] AN.NA 2 1/2 GIN [ ... ] sa se-ep A-sitr-[. . .] a-na E ka-r[i-im .. .] 1/3 ma-na [. . .] Su-lstar [ ... ] $a-ru-p[ ci-am .. .] [ ... ] 1/2 GIN se-bi4-lci-ni,12 1/2 minas ... 3 minas of silver ... we added. 11 ... plus the import duty ... 5'  to the investors ... for you ... 15 1/3 ... rev. ... tin. 2 1 /2 shekels ... 15'  transported by Assur ... to the office of the colony ... 1/3 mina ... Su-Istar ... refined silver ... Le.  send 1/2 shekel.
AKT 6e.pdf,ku-nu-ki-n[i X 1 r 15 1/31 GIN T[A 1/3 ma-na 1 GIN ma-na AN.NA qa-tim GIN.TAKUG.BE 3 5/6 ma-na [1] /GIN ANSE sa-la-mu 1 2/3 ma-n[ a KB] it-bu-lu 12 1/2 GIN u-nu-su-nu [. . .} a-na 1 1/2 sa-ri-de8-e (erasure) ma-na 12 GIN KB [a-]na be-a-lim ni-di-in 5 GIN fKBl a-na lu-bu-si-su-nu ni-d[i-]in TUG 3 5/6 m[ a-]na 3 GIN it-bu-lu S[A.BA] 20 TUG §a li-we-[tim] TUG e-l[i-]a-tum ma-na 14 [GIN] {x/ ti-ma [. . .} a-na Pi-la-[ ah-ls]tar ni-[ di-in] 1/2 ma-na [LA 1 GIN] wa-[si-tum] GIN i-ma-sa-i[m im-tiJ [x X xj §a Sa-[e-tim .. .},". .. under our seals; at the rate of 15 1/3  to 1: in silver 45 1/3 minas 1 shekel; 50 minas of expense-tin;  at the rate of 13 to 1 its silver value  was 3 5/6 minas 1 shekel;  5 black donkeys cost 1 2/3 mina of  silver; 12 ½ shekels: their harness;  we gave 1 mina 12 shekels for working  capitals to 1 ½ packer;  we gave 5 shekels of silver for their  clothes;  45 textiles cost 3 5/6 minas 3 shekels;  thereof 20 textiles were for the wrap- ping, 25 textiles for top-packs;  1 mina 14 shekels ...  we gave to Pilah-Istar; ½ mina less 1 shekel: export duty;  5 shekels were lost in the washing; ...  ... of the sa 'utu ...  . . . per talent ..."
AKT 6e.pdf,GIN KB si-im ku-ta-nim a-na Sa-Ii-a as-qul IGI A-nu-nu-a u Ib-na-dIM GIN KB a-na Ku-ku-u as-qu-ul si-im su-ub-ri-im IGI Du-du-u IGI Su-hu-ur-pi-a IGI Ki-zi IGI A-nu-nu-a Small memorandum combining two debt-notes or quittances.,"I paid 18 shekels of silver as the price for a kutiinu to Salliya.  Witnessed by Anunuwa and Ibni-Adad. I paid 15 shekels of silver to Kuku as the  price for slaves. Witnessed by Dudu, by Suhurpiya, by  Kizi, by Anunuwa."
AKT 6e.pdf,ku-nu-ki-a 6 TUG fo qa-tim: li-we-su a-ha-Ima TUG a-bar-ni-u SIG5 TUG ku-ta-nu TUG bu-ra-um u TUG lu-bu-su-um mi-ma: a-nim a-na 1-ku-pi-a mi-ma a-nim ap-qi-id-ma a-na Zu-ku-a u-bi4-il5 : IGI Ku-lu-ma-a-a IGI Be-lum-ba-ni DUMU A-sur-be-el-a-wa-/tim,"2 1/2 talents of tin under my seal, 6 or- dinary textiles, for wrapping, further, 2  fine abarni 'u textiles, 2 kutanu-textiles, 1  bura 'u-textile and 1 dress - all this I entrusted to Ikiin-piya and he  brought it away to Zukuwa. Witnessed by Kulumaya, by Belum-bani  son of Assur-bel-awatim."
AKT 6e.pdf,[x x] fup-pi-a ha-ru-mu-tim [x x x]-fhi/-ri-im {A-limkiJ [x x] {bt tum/ {ip-qi-dul[x x] fxJ fup-pi-fe su-nu-ti 1 u-ta-er-su-nu [ ... ] IGI Puzur4-{. • .] IGI Ku-zi-zi-[a] DUMU A-na-a[h-DINGIR] IGI Su-ma-li-bi4-[i-li-a] DUMU A-sur-SIPA,"... of my certified tablets ... the City ...  they entrusted ...  I returned these tablets ... Witnessed by Puzur-... , by Kuziziya son of  Anah-ilI, by Summa-libbi-iliya son of Assur- re'I."
AKT 6e.pdf,ma-na URUDU SIG5 sa sa-du-we-su a-na a-lu-a-ri-im ki-ra-nim tci-bi-im sa Ma-ma-a a-na Puzur -A-mu-/ri-im DUMU Ni-mar-Istar a-ha-ma a-di-in-su is-tu Ma-ma-a i-na tu-a-ri-su u-ba-lam e-zi-ib a-lu-a-ra-tim si-im KB u URUDU ma-si-lim SG i/5-qe-u-ni IGI Su-Be-lim DUMU Ku-zi-zi-a,"I furthermore gave 1 mina of good, native  copper for an allu 'aru-container of sweet  wine from Mamma to Puzur-Amurrum son of  Nimar-Istar. When he returns from Mamma he will bring  it to me. (This was) apart from the 4 allu 'aru-contain- ers, the proceeds from the silver and washed copper that they have received (previously).  Witnessed by Su-Belum son of Kuzizia."
AKT 6e.pdf,[x] GU SiG.HI.A [ x+] 5 mas-ku r 221 na-ru-qa-tum ANSE ~a-la-mu TA it-ka-pu u it-nu-sit-nu mi-ma a-nim a-na E-wa-ri-mu-/sa a-di-in a-na qa-ti-su a-di-in IGI Ib-ni-aIM IGI A-sur-e-mu-qi fDUMUl Ku-zi-zi-a,"x talents of wool, x+5 hides, 22 sacks, 4 black  donkeys, 3 saddle-rugs for each, plus their  harness - all this I gave to Ewarimusa. Witnessed by Ibni-Adad, by Assur-emiiqI son  of Kuziziya."
AKT 6e.pdf,1/3 ma-na KB si-im TUG.HI.A sa se-ep Puzur4-A-sur sa A-sur-be-el-a-wa-tim a-na A-la-hi-im it-se-bi-la-ni KB Su-Istar it-bi -il -su-um 1/2 ma-na KB a-na La-ma-sf I GIN KB a-na 1-li-e-mu-qi DUMU Ku-ku-la-nim GIN KB a-na A-bi-a-a DUMU Sa-lim-a-hi-im mi-ma a-nim a-na Su-Istar ip-qi-id-ma a-na A-fimki it-bi -il IGI A-di-da IGI Be-litm-ba-ni,"1/3 mina of silver, the price of 2 textiles trans- ported by Puzur-Assur that Assur-bel-awatim  sent to Ali-ahum - Su-Istar brought him the  silver. ½ mina of silver for LamassI. 1 shekel of silver for III-emiiqI son of Kuk- kulanum. 1 shekel of silver for Abiya son of Salim- ahum.  All this he entrusted to Su-Istar and he  brought it to the City. Witnessed by Adida, by Belum-bani."
AKT 6e.pdf,A-sur-ma-lik u a-na-ku ni-ka-si ni-si-ma x- su-us-ma 5 ma-na KB i-se-ri-a .' il5-qe SA.BA ma-na 11 GIN KB fa DUMU Da-la-cis ma-na KB : u-se-bi-la-ku-ma a-na A-limki ta-cis-ku-un-ma ma-na KB la ta-ba-ta-qcim 1/3 ma-na 4 GIN a-na DUMU A-sur-ta-ak-la-ku {ha /?-mu-ri-im as-qul 1/2 ma-na KB sa-du-a-tam a-na qa-ti Hu-ru-bi a-di-in GIN KB si-im GUO.HI.A $a-al-mi-im 15 GIN a-na Da-a-a DUMU Puzur4-A-na as-qul 5/6 (or 2/3)!! ma-na KB si-im 5 GIN KU.GI tal-qe 1/2 GIN KB si-im 5 VDU.HI.A tal-qe mi-ma : a-nim a-su-mi A-sur-ma-lik DUMU Ka-a-tim A-sur-GAL DUMU A-ku-za u-sa-qi-i/5 u ta-ah-si-is-tam a-ni-tam i-ba-ab ne-bi-ri-su : A-sur-GAL u-la-pi-si,"10  Assur-taklaku, the Amorite(?). I gave ½ mina of silver as transport tariff to  lo.e.  Hurubi 's disposal.  9 shekels of silver: the price of a black ox. I  15 r.  paid 15 shekels to Daya son of Puzur-Anna. You took 5/6 mina of silver, the price of 5  shekels of gold.  You took 7 ½ shekels of silver, the price of  20  5 sheep. Assur-rabi son of Akuza had all  this paid in the name of Assur-malik son of  Kayatum, and Assur-rabi wrote this memo- randum on his death-bed."
AKT 6e.pdf,GU 20 ma-na URUDU SIG5 sa Ti-is-mur-/ur-na a-na Su-zu-zu ah-bu-ul-sum URUDU {sa /-bu-ra-am u-ta-ra-am IGI En-na-Su-in DUMU Us-ha-di Simple debt-note involving a transaction in copper.,I owe 1 talent 20 minas of good copper from  Tismuma to Suzuzu. I shall convert broken copper. Witnessed by Enna-Suen son of Ushadi.
AKT 6e.pdf,sa Ha-hi-im [(x)] ri-is-tam fx 1 sa 2 GIN.T[A] i-na li-[bi] A-zu-ta-a-a DUMU E-me-me is-ti pa-fnim/-[ma] u-se-ba-lam IGI Su-Istar,"1 litre of oil from Hahhum, first quality ... ,  worth 2 shekels, owed by Azutaya son of  Ememe. He is to send it as soon as possible. Witnessed by Su-Istar."
AKT 6e.pdf,1/2 GIN 22 1/2 SE KU.GI pa-sa-lum SIGS GIN.TAa-na KB a-na Se-ep-Istar u Lu-lu a-ha-ma 4 ANSE $a-la-me u u-nu-su-nu a-di-su-nu-ti IGI En-na-Su-in DUMU 1-di-a-bi-im IGI Dan-A-sur DUMU Puzur4-A-sur na-ru-qa-tim a-ha-ma a-di-su-nu-ti 1/2 GIN KB a-na si-ta is-ra-tim sa Ta-al-ha-at 1/4 GIN KB a-na 1/2 DUG a-la-ni a-na Mu-za : a-di-nu GIN KB a-na Su-lstar fDUMU MaJ-li<-ik>-DINGIR as-qul-{maJ tup-pa-[ak-]nu sa A-al-DUG u-se-$i-a-am mi-ma a-nim a-su-mi Ku-da-tim DUMU A-mur-lstar i-nu-mi : a-na Pu-ru-us-ha-dim U$-it-ni u-sa-qi-il5,"6 ½ shekels 22 ½ grains of good pasallu- gold at the rate 1:10 in silver, for Sep-Istar  and Lullu and further, 4 black donkeys and  their harness I gave to them. Witnessed by Enna-Suen son of Iddin-abum,  by Dan-Assur son of Puzur-Assur. I also gave them 5 sacks."
AKT 6e.pdf,"1/3 ma-na [. . .] KB $a-ru-p[u-um] fKil a-we-l[a-tim .. .] [ITI].KAM Be-[el-te-ka-lim] [li-m]u-[um .. .] IGI DVG-$[i-li-]/A[-sur] [IGI] {A/-sur-ba-ni za f x xl [IG]I Ba-ba-li [IGI] Be-Ii-a DVMV DINGIR-ba-ni {i /-na l /2 ma-na KB /u I $f-ib-ti-su sq [i-bi4 Su-Ku-bi-f[m] 1/3 ma-na r21 [ ... ] si-im VD[ ... ] GIN KB[ ... ] a-n[a .. .] la hi-r[i .. .] A badly destroyed debt-note, apparently with some women as debtors.","1/3 mina ... of refined silver is owed by the  ladies. Month Belat-ekallim, eponymy ... Witnessed by Tab-~illi-Assur, by Assur-bani,  by Babali, by Beliya son of IlI-bani Of the ½ mina of silver and its interest that is  owed by Su-Kiibum,  thereof ... shekels of silver ... 1 /3 mina 2 shekels ...  the price of ...  10 shekels of silver ...  for ... 12 1/2 shekels ..."
AKT 6e.pdf,a-$e-er fsa ki/[-ma] a-ma-la ti-ir-ti DAM.OAR sf-mu-um li-si-i-ma se-$!-a-am IGI A-di-da DVMV IR-ad-i-li-su IGI A-la-hi-im DVMV Sal-ma-A-sur IGI A-la-hi-im DVMV Ka-za-ak-zi-li IGI LVGAL-Su-in,"bring to the merchant's representatives and  let a purchase be carried out in accordance  with the merchant's instructions, and have it  produced. Witnessed by Adida son of Warad-ilisu, by  Ali-ahum son of Salim-Assur, by Ali-ahum  son of Kazakzili, by Sarrum-Suen ..."
AKT 6e.pdf,ma-na KB ku-nu-ki-a a-na A-sur-be-el-a-wa-tim si-im it-ti-ti-su a-ha-ma 1 ma-na ku-nu-ki-a a-na La-ma-/si SIG5-pi-A-sur it-bi-il5 IGI A-di-da IGI Be-litm-ba-ni IGI A-sur-ba-ni,"1 mina of silver under my seal for Assur-bel- awatim, the price of his grain. Further, Damiq-pI-Assur brought 1 mina un- der my seal to LamassI. Witnessed by Adida, by Belum-bani, by  Assur-bani."
AKT 6e.pdf,Wa-ah-su-sa-na KB si-im-sa i-na e-ra-bi-su-ma a-na DAM.GAR it-se-ba-lam IGI En-na-Sit-in DUMU 1-di-a-bi-im IGI A-sur-ta-ak-la-ku DUMU 1-ku-nim [ x 1 J/2 GIN fKl [B isJ-ti [xxxxxx]GIN,I gave to Pilah-Istar son of Assur-re'I for pur- chases. From Wahsusana he will send the proceeds in  silver to the merchant when he arrives.
AKT 6e.pdf,a-ha-ma na-ru-uq SE TA mi-is-lam GIG mi-is-lam SE-am is-ti Wa-li-is-ra e-me-ra-am u 30 NINDA IGI Ku-sa-ra IGIA-zu,"Further, 6 sacks of grain, half wheat half bar- ley is owed by Walisra. 1 sheep plus 30 loaves of bread. Witnessed by Kussara, by Azu."
AKT 6e.pdf,TUG ra-qci-tim u 1/2 ma-na 3 GIN hu-sa-ra-am sa ni-ri-be a-~e-er Ku-zi-zi-a se-ep-Istar u Sa-lim-wa-ar-di a-na Wa-ah-su-/sa-na ub-lu-u ma-na URUDU si-lkam a-qci-ti-su-nu a-di-in IGI Su-Be-lim DUMU Ku-zi-zi-a IGI Ki-zi-e DUMU Lci-qe-ep KOLTEPE TABLETLERi VI-e,Sep-Istar and Salim-wardt brought 12 thin  textiles and 1/2 mina 3 shekels of lapjs lazuli of  nerehlpu to Kuziziya in Wahsusana.
AKT 6e.pdf,IGI Ku-ra DUMU 1-df-A-sur IGI En-nam-i-llf IGI I-di-a DUMU 1-ku-nim GU 4 ma-Ina URUDU fni-ip J-qi'-id,"Witnessed by Kura son of Iddin-Assur, by Ennam-ilI, by Idiya son of Ikunum. We entrusted 14 talents 4 minas of copper."
AKT 6e.pdf,GU URUDU ma-as-lam ku-nu-ki-a : a-ha-ma ma-na URUDU ma-as-lam su-ut il5-qe SUNIGIN 3 GU 20 ma-na URUDU ma-as-a-am $a-la-mi fa Puzur/Su-in a-na 1-ku-pi-a DUMU Da-di-a ap-qf-id IGI Puzur4-A-sur DUMU La-am-ni-a-nim IGI Puzur4-lstar DUMU A-sur-ta-ak-la-ku IGI DUMU A-sur-be-el-a-wa-ltim,"3 talents of washed copper under my seal,  and further, 20 minas of washed copper he  received- In all I entrusted to Ikun-p1ya son of Dadiya 3 talents 20 minas of washed copper plus 2 black donkeys belonging to Puzur-Suen. Witnessed by Puzur-Assur son of Lamnia- num, by Puzur-lstar son of Assur-taklaku, by the son of Assur-bel-awatim, the lieutenant."
AKT 6e.pdf,[x J ma-na 4 5/6 GIN KB ~a-ru-pu-/um rKI A-sur 1-na-da ni-a-im is-tu [ha-m]u-us-tim {sa A-mur-dUTUl u l-ku-nim [ a-na J /2 7 ha-am 1-sa-tim i-sa-qal su-ma {la is-qitll 1 1/2 GIN TA i-na !TI.KAM {a-na ma 1-na-im ~i-ib-tam it-~a-ab !TI.KAM Qa-ra-a-tim li-mu-um Bu-zu-zu 20 ma-na KB i-da-na-ma qa-ti a-sa-ka-an IGI A-sur-GAL IGI A-sur-dUTU-si: IGI Pi-la-ah-A-sur ma-na KB ~a-ru-pu-um Kl Puzur4-A-na ni-a-im is-tu ha-mu-us-tim sa A-sur-ta-ak-la-ku u Ka-si-a a-na 30 ha-am-sa-tim i-sa-qal su-ma la is-qitl 1 1/2 GIN TA i-na !TI.KAM a-na 1 ma-na-im ~i-ib-tam it-~a-ab ITI. rKAMl Te-i-na-tim {li 1-mu-um A-mur-A-sur DUMU K[a-r]i-a IGI DUMU 1-fdi-lstarJ IGI Du-um-qa-a DUMU Kur-b[a-a-]a 11 ma-na KB sa-ru-pu-um Kl A '(ZA)-mur-i-li DUMU U-fzf 1-ni-a sa qa-ta-ti-[im] a-na {AJ-ni-na DUMU Puzur4-A-sur al-fta-ap-tu 1 KB u si-ba-su i-ra-mi-ni-a as-qul is-tu [ha-m ]u-us-tim sa A-sur-ta-ak-la-ku u I-tur4-DINGIR 1 1/2 GIN TA i-na ITI. a-na 1 ma-na-im si-ib-tam u-sa-ab !TI.KAM Ma-hu-ur-i-li li-mu-um A-mur-A-sur DUMU Kar-ri-a IGI Puzur4-A-na DUMU Su-ctEN.LIL IGI Ku-ra-ra DUMU A-bu-sa-lim 1/2 ma-na KB sa-ru-pu-um Kl Puzur4-A-sur DUMU Su-Be-lim is-tu ha-mu-us-tim sa A-ta-ta DUMU 1-di-a-/bi -im a-na 8 {ha 1-am-sa-tim i-sa-qal su-ma la is-qul I 1/2 GIN TA i-na !TI.KAM a-na 1 ma-na-im si-ib-tam u-sa-ab !TI.KAM fa sa-ra-tim li-mu-um Puzur 4-Ni-ra-ah IGI DINGIR-mu-ta-bi4-il5 DUMU A-zu-za-a IGI {Su-maJ-bi4-a DUMU Su-<lEN.LIL IGI {En-namJ-A-sur DUMU U-zu-a [x x] fma-na KBl sa-ru-pu-um [Kl A-sur-m] a-lik DUMU Ili 5-ma-al-ki [is-tu h]a-mu-us-tim sa As-qu-dim [a-n}a 41 ha-am-sa-tim i-sa-qal [su-}ma la {is l-qul I 1/2 GIN i-na I a-na 1 ma-na-im si-ib-tam u-sa-ab !TI.KAM A-la-na-tim [l]i-mu-um Puzur4-Ni-ra-ah [IG]I A-la-hi-im DUMU E-la-li IGI Sa-d[a-a}h-su DUMU 1-di-Su-/in mi-ma a-we-li a-ni-u-tim tup-pu-su-nu ha-ra-mu-tum i-Kii(SA)-ni-is i-ba-si-u,"x minas 4 5/6 shekels of refined silver is owed by our own Assur-nada.  Reckoned from the week of Amur-Samas and Ikiinum he is to pay in 27 weeks. Ifhe has not paid (in time), he will add in- terest at the rate 1 ½ shekel per month per mina. Month Qarra 'atum, eponymy Buzuzu. He will give me 20 minas of silver and I shall lay claim to that. Witnessed by Assur-rabi, by Assur-samsT, by Pilah-Assur. 10 minas of refined silver is owed by our own Puzur-Anna. Reckoned from the week  of Assur-taklaku and Kasiya he is to pay in 30 weeks. Ifhe has not paid (in time), he will add in- terest at the rate 1 ½ shekel per month per mina. Month Te 'inatum, eponymy Amur- Assur son of Karriya.  Witnessed by Puzur-Adad son oflddin-Istar,  by Dumqaya son of Kurbaya."
AKT 6e.pdf,[ 10 ma-]na K[B] $a-ru-pu-um is-ti [Pu]zur4-A-na ni-[a-i]m is-[tu] ha-mu-us-tim [sa A-sur-ta-ak-la-ku] u Ka-si-a : [ a-na 30 ha-am-sa-tim] i-sa-qal su-[ma la is-qu]l 1/2 GI[N TA] i-na !TI.KAM a-na 1 ma-na-i[m] $i-ib-tam u-$a-ab !TI.KAM te-i-na-tim li-mu-um A-m[ur-A-sur] IGI Puzur4-aIM DUMU 1-di-[Istar] IOI Du-um-qa-a DUMU Kur-ub-a-a [. . .] mu-hu-ur-su? fx I [. . .] a-$e-er KB [. . .] A-sur-ta-[ ak-la-ku] [. .. a]k-la-ku [,"I shall lay claim to that. Witnessed by  Assur-rabi, by Assur-samsI, by Pilah-Assur. 10 minas of refined silver is owed by our  own Puzur-Anna. Reckoned from the week  of Assur-taklaku and Kasiya he is to pay in  30 weeks.  10'  Ifhe has not paid (in time), he will add  interest at the rate 1 ½ shekel per month  per mina. Month Te 'iniitum, eoponymy  Amur-Assur.  Witnessed by Puzur-Adad son ofld- 15' e.  din-Istar, by Dumqaya son ofKurbaya. I.e.  . .. receive ...  ... on to of the silver  ... Assur-taklaku"
AKT 6e.pdf,2/3 ma-na KB a-na Ma-ma-/i-im a-su-mi A-sur-ta-ak-la-ku LUGAL-Su-in is-qul ma-na KB is-ti Ur-si-si [ x+] 6 1/2 ma-na KB Kur-ub-A-sur [u} En-nam-A-sur DUMU Si-li-/Jstar m[a-n}a 6 GIN [KB] is-ti i-l[i-ma-}lik [x ma-}na KB be-u-la-a[t X Ka}-zu-ba ma-na KB [is-}ti DINGIR-na-da DU[MU} i-li-e-mu-qi ma-na KB is-ti ls-pu-na-ah-/su TUG su-ul-hi is-ti A-mur-A-sur DUMU 1-di-lim 32 TUG su-ul-hu a-ha-ma is-ti Su-in-i/5-su 1/2 GIN GUSKIN pa-sa-lum ta-ki-tam i-na ab-ni-su is-ti Su-Su-in 1/3 ma-na SU fo A-mur-A-sur DUMU I-di-lim a-na Ka-ri-bu is-qu-ul 20 2/3 ma-na 2 GIN KB Kl A-sur-SIPA 1/2 GIN KB Kl Na-ab-Su-in 5/6 ma-na 1 GIN KB Kl La-qe-pi-im DUMU Ka-a-tim : 7 GIN KB Kl La-qe-pi-im DUMU <lAB-ba-ni 1/3 GIN KB A-mur-dUTU 1/2 ma-na 1 GIN KB si-im a-mu-tim Kl Puzur4-A-na DUMU E-la-li 1/3 ma-na 6 GIN KB Kl A-sur-SIPA it 2 GIN KB Kl A-sur-SIPA-ma 1/2 ma-na 5 GIN/ LA 1/4 GIN KB Kl La-qe-pi-im DUMU Ka-a-tim 3 ma-na KB Kl Bu-zu-ta-a 2/3 ma-na KB Kl A-sur-<lUTU-si DUMU La-qe-ep ma-na GUSKIN si-im : pe-er-di i-na Wa-ah-su-sa-na na-di ma-na GUSKIN fo I-di-a-bi-im DUMU I-su-ri-ik Sal-ma-A-sur i/5-qe l/2 ma-na GUSKIN sa Ha-na-nim DUMU Su-I/star Ma-nu-um-ki-A-sur i/5-qe 1 ma-na KB I-tur4-DlNGIR u Su-in-i/5-su uk-ta-nu-ma a-sar i-bu-ra-ni KB-pi a-la-qe lGl A-mur-aUTU lGI A-mur-A-sur DUMU 1-di-lim 4 ma-na LA 5 GIN KB si-im URUDU Kl La-qe-pi-im DUMU Ka-a-tim ma-na URUDU Kl 1-a-ha-la-ap l/2 ma-na GUSKlN a-su-mi A-sur-ta-ak-la-ku a-na A-sur-na-da a-di-in lGl A-mur-A-sur lGl A-sur-na-da GUSKIN sa ik-ri-bi4-/a GU 50 ma-na AN.NA ku-nu-ku GU ku-nu-ku a-ha-ma sa ik-ri-bi -a TUG su-ru-tum li-wi-su-nu ANSE.Hl.A[fa-la-mu 25 TUG Ka-ri-fa/ Puzur4-Su-in u A-bi-i-li A-ta-ta ir-di: 10 ma-na AN.NAsa ru-ba-im ma-na AN.NA sa LUGAL-Su-in A-sur-na-da is-te-en ku-nu-ku-um sa hu-sa-ri-im a-[fe-er Ka-ri-a Puzur 4-Su-fin / A-bi-i-li A-ta-ta ir-di,"Mannum-kI-Assur received ½ mina of  gold belonging to Hannanum son of Su- Istar; ltiir-ilI and Suen-ilsu confirmed 1  mina of silver and l shall take my silver  where it may appear.  Witnessed by Amur-Samas, by Amur- Assur son of lddin-ilum.  4 minas less 5 shekels of silver, the price  of copper, is owed by La-qepum son of  Kayatum;  17 minas of copper is owed by Ea-halap;  l gave½ mina of gold to Assur-nada on  behalf of Assur-taklaku.  Witnessed by Amur-Assur, by Assur-nada;  it was gold from my votive offerings. 1 talent 50 minas of sealed tin, plus 1 tal- ent under seal from my votive offerings,  6 black textiles, their wrapping, 3 black  donkeys, 25 textiles - this Atata conduct- ed (to) Karriya, Puzur-Suen and AbI-ilI. 10 minas of tin belonging to the king, 5 minas of tin belonging to Sarrum-Suen:  Assur-nada; one single seal of lapis lazuli  Atata conducted to Karriya, Puzur-Suen  and AbI-ilI."
AKT 6e.pdf,sa A-mur-dUTU u-se-bi-la-ni ku-nu-ki-su ni-ip-tur 4-ma 1/3 GIN KB im-ti IGI 1-tur4-DlNGIR IGI A-sur-ma-lik DUMU Ka-a-tim IGI En-na-nim DUMU Am-ri-a,"We broke the seals for 4 minas of silver that  Amur-Samas sent, and ( discovered that) 4  1/3 shekels of silver were missing. Witnessed by Itiir-ilI, by Assur-malik son of  Kayatum, by Ennanum son of Amriya."
AKT 6e.pdf,ma-na KB[ ... ] TUG ku-ta-ni [. . .] ni-ik-na-fx 1 [. . .] KB a-ha-ma [. . .] GIN KB[ ... ] sa ab-n[ a-tim J ka-u-nam [. . .] ab-na-ti[m .. .] uk-t[a-in (..)] KB i-z[a-az (..)] SUNIGIN 1 ma-n[a 2 GIN] KB i-l[i-bi .. .] IGI Pi-la-ah-[. . .] IGI A-sur-na-d[a] su-ma KB a-n[ a .. .] la is-ta-qa-a[l .. .] is-tit ha-mu-[us-tim] sa A-sur-be-[ el-a-wa-tim] ma-na-um 3 [GIN TA] ~i-ib-tam [i-na] !TI.KAM a-ma-nu-su-um,"1 mina of silver .. .  4 kutanu-textiles .. . silver; further, 2 shekels of silver ...  of the stones  confirm ...  He has confirmed the ( weight of) the stones. The silver stands ready.  In all: 1 mina 2 shekels of silver is owed by Witnessed by Pilah-... , by Assur-nada. If he has not paid the silver in ... I shall  count interest for him reckoned from the  week of Assur-bel-awatim at the rate 3 shek- els per mina per month."
AKT 6e.pdf,[x] 1/2 ma-na KB ~a-ru-pa-am a-ha-ma? GIN sa-du-a-su mi-ma a-nim a-na l-tur4-DINGIR DUMU A-mur-Jstar a-di-in-ma KB su-a-ti ku-nu-ki-s[u] u ku-nu-ki [. . .] DUMU A-la-hi-im a-[na] Jd-na-a DUMU Da-{x/-za u A-lu-wa ip-qi-du a-na ~e-er A-ni-nim a-na A-fimki u-se-bi-lu i-na A-fimki KB A-ni-num a-na Sa-lim-A-sur i-da-an IGI En-na-nim DUMU Am1-ri-a IGI A-na-ah-DINGIR DUMU {Su-A-/sur KB a-nim i-na KB-ap a-bi-lni i-sa Ii-bi 4-a i-~a-he-er,"x 1/2 mina ofrefined silver and further 1 shekel, its transport tariff - all this I gave to Itur-ili son of Amur-Istar, and this silver, sealed by him and sealed by ... son of Ali- ahum, they entrusted to Idnaya son of Da .. za andAluwa. They sent it to Anninum in the City; in the City Anninum will give the silver to Salim- Assur. Witnessed by Ennanum son of Amriya, by Anah-ilI son of Su-Assur. This silver will be deducted from our fa- ther's silver that I owe."
AKT 6e.pdf,1/3 ma-na 2 1/2 GIN KB i-li-bi4 A-al-wa-na a-na ha-ar-pe a-ni-u-tim i-sa-qal IGI Ka-ar-si-ni,1/3 mina 2 ½ shekels of silver is owed by  Alwana. He will pay at this harvest. Witnessed by Karsini
AKT 6e.pdf,l ma-na 15 GIN KB i-li-bi Sa-ri-sa a-la-hi-nim 2/3 ma-na I 5 GIN KB a-ni i-sa-qal l /2 ma-na KB a-na §a 0-su-me-e i-sa-qal e-re-qa-tim §a e-$e-e a-ni i-sa-da-dam IGI E-ri-si-im,"1 mina 15 shekels of silver is owed by  Sarisa, the miller.  He will pay 2/3 minas 5 shekels of silver  now.  ½ mina of silver he will pay at the festival  ofUsmu. 5 wagon-loads of firewood he will haul here  now. Witnessed by Erisum."
AKT 6e.pdf,1/3 ma-na KB ku-nu-ki-ni a-na Hi-na-a ni-ip-qi-id IGI Su-Jstar DUMU Lu-zi-na IGI En-na-nim DUMU Am-ri-a,"We entrusted 21 1/3 minas of silver under  our seals to Hinnaya. Witnessed by Su-Tstar son of Luzina, by En- nanum son of Amriya."
AKT 6e.pdf,GU a-la-ni SIG5 sa Ha-na-ak-na-ak is-te-ni-f u 7-tim si-li-a-ni SIG sa E DINGIR-fliml u sa-he-er-ta[ m J i-li-bi Be-lu-um-ba-ni DUMU Na-ra-am-ZU i-na a-la-ki-su u-ba-lam IGI Su-Be-[lim] IGI A-sur-na-da DUMU Su-Ku-bi-im KOLTEPE TABLETLERi VI-e,"1 talent of good acorns from Hanaknak, 1 single set of good [filianus from the tem- ple, plus small goods, owed by Belum-bani son  of Naram-Suen. He will bring it when he comes. Witnessed by Su-Belum, by Assur-nada son  of Su-Kiibum."
AKT 6e.pdf,[x ma-na KB ~}a-ru-pa-am [ X GIN GUS]KIN pa-sa-lam [x ma-n}a URUDU SIG5 [(x) x ma-n}a AN.NA [ X ma-na h]u-sa-u as-pu-ru su fx J [. . .} a-na qa-ti-su a-di-in is-tu Ha-fhi/-im is-pu-ra-ma a-~e-er a-ni-im 18 GIN GUSKIN a-na e-kal-lim 15 rGINl KB a-na ta-me-er-tim ga-am-ra-ni a-ni-sa-am i-tu-ra-ma l /3 ma-na KB u 3 na-ru-uq u-t a-tam a-na gam-ri-su a-pu-ul-sum ni-a-i[m IGI PN] DUMU Su-ki-tim,"x minas of refined silver, x shekels of pasal- lu-gold, x minas of good copper, x minas of  tin, x minas of scrap ... I sent. ... I gave for his disposal.  He wrote me from Hahhum and on top of  this we had an expense of 18 shekels of gold  for the palace ( and) 15 shekels of silver as a  gift. He returned here and I paid him in return 1/3  mina of silver and 3 sacks of grain for his  expenses. Witnessed by ... , by our own ... , by PN son  ofSukkutum."
AKT 6e.pdf,TUG fo A-pi-im ti-sa-ba-am SIG5 Da-da i-na e-la-i-su u-ba-lam IGI A-sur-ba-ni DUMU Sa-lim-A-sur IGI Li-ba-a DUMU U-zu-a IGI Si-lu-lu,"Dada will bring 1 textile from Apum, a fine  tisiibu, when he comes up. Witnessed by Assur-bani son of Salim- Assur, by Libbaya son of U zua, by Silulu."
AKT 6e.pdf,i-su i-nu-mi e-[f i-du-ni i-[sa-qu-] lu',"Seal of Assur-malik son of Zuwa; seal of  Ga ...  Asuan and Abuna, your slaves, owe 7 ½  shekels of silver. When they have harvested, then they will  pay the 7 ½ shekels of silver"
AKT 6e.pdf,Wa-ah-su-sa-na $a-he-er GAL i-di-ni-a-ti-ma IGI GIR sa I A-for si-bu-ti-ni ni-di-in U-zu-a fDUMUl Si-li-bi4-a u Ku-ta-a DUMU Su-{Su l-in tap-pa-u-ni KISI[B] A-sur-[e-mu]-qi DUMU 1-di-{Su-in 1 KISI[B] En-n[a-nu-u]m DUMU A-sur-{x xJ KIS[IB] fMAN-lA-s[ur .. .] a-na mi-ma a-nim sa ha-bu-la-ni {si/-im ma-na AN.NA-ki-su ~a-ab-ta-ma KB i-na hu-bu-li-su ~a-he-ra-nim-ma si-ti KB-pi-a di-na-nim-ma u fup-pu-su le-qe-a u-la tu-pa-za-ra-ni la ri-ig-ma-tum si-fbu/-tum u a-na ne-ma-al 2/3 ma-na 6 GIN KB-pi-a : a-se-e-su,"we gave our testimony before Assur's  dagger ... has been taken in the name of  Assur-idI.  Sealed by Abu-salim, by Ilu-tappa, by  Ahu-waqar son of Assur-re'I.  The Wahsusana colony gave us for these  proceedings and we gave our testimony  before Assur's dagger. Uzuwa son of Silli-libbiya and Kutaya son  of Su-Suen were our (absent) partners. Sealed by Assur-emuqI son of Iddin-Suen,  by Ennnanum son of Assur-... , by Puzur- Assur ... by ... ... for all this which he owes me, seize the  proceeds from 40 minas of his tin and de- duct the silver from his debt, give the rest  of my silver and then take his tablet. Do not hide it from me.  This is not a formal lawsuit but a wit- nessed statement.  Also, I shall sue him for the profit  achieved on 1 2/3 mina 6 shekels of my  silver."
AKT 6e.pdf,a-na a-wa-tim a-ni-a-tim ka-ru-um Ka-ni-is i-di-ni-ma IGI GIR .fo A-sur si-bu-ti a-di-in IGI Su-Istar DUMU Su-a-a DINGIR-ba-ni DUMU U-zu-/a tap-pa-i,The Kanesh colony gave me for these pro- ceedings and I gave my testimony before  Assur's dagger. Witnessed by Su-Istar son of Suaya; Ili-bani son ofUzuwa was my (absent)  partner.
AKT 6e.pdf,KI[SIB Su] {-!star 1 DUMU Su-a-a {a-naJ a-wa-tim a-ni-a-tim ka-ru-um [Ka]-ni-is i-di-ni-ma IGI GIR [sa] A-sur si-bu-ti: a-di-in fDINGIR-ba 1-ni DUMU U-zu-a tap-pa-i,Seal of Su-Istar son of Suaya.  The Kanesh colony gave me for these pro- ceedings and I gave my testimony before  Assur's dagger.  Ili-bani son of Uzuwa was my absent part- ner.
AKT 6e.pdf,1-di-A-sur tap-pa-i fup-pu-um a-su-mi Ma-num-ba-lum-A-sur 5 rev.,Seal oflddin-Dagan son ofEnna-Suen.  Tablet from the Gate of the God with my  testimony from before Assur's dagger. Su- Assur son of Iddin-Assur was my (absent)  partner.  The tablet (was written) because ofMan- num-balum-Assur
AKT 6e.pdf,faA-sitr wa-bar-tum sa Sa-mu-ha i-di-ni-ma tup-pa-am a-di-in,"Seal of Su-Nunu son of Amur-Istar.  Tablet with my testimony before the  sugarri 'ii 'um of Assur. The Samuha station  gave me, and I gave the tablet."
AKT 6e.pdf,§a Sa-mu-ha {i-di-ni-/ma / si-bu-ti : a-di-in,Seal of Amurrum-bani son of Su-Ilabrat.  The tablet with my testimony before  the sugarri 'ii 'u of Assur. The station at  Samuha gave me and I gave my testimony.
AKT 6e.pdf,K[ISIB S]u-en-na-da DUMU E-nam-A-sitr a-na a-wa-tim a-ni-a-tim ka-ru-um Ka-ni-is i-di-ni-ma IGI GIR sa A-sitr si-bu-ti : a-di-in Su-Ku-bu-um DUMU A-sur-i-di u 1-di-lstar DUMU A-sur-na-da tap-pa-u-a 5,Seal of Suen-nada son ofEnnam-Assur.  The Kanesh colony gave me for these pro- ceedings and I gave my testimony before  Assur's dagger. Su-Kubum son of Assur- idI and Iddin-Istar son of Assur-nada were  my (absent) partners.
AKT 6e.pdf,a-na 15 u 4-me-e {ha 1-mu-us-tum fsa 1 En-na-Su-in DUMU Ku-ra-ra it A-sur-ma-lik DUMU Lci-qe-pi-im su-ma a-na 5 u 4-me-e A-lu-u DUMU A-du-du-u la i-li-ka-ma a-wa-tcim i-di-nam KB sa al-qe-u i-na !f i-ib-ti-a it-!ja-ha-ar-ma u a-na ma-la tup-pi-su KB u !fi-ba-su ba-lu-um di-ni-im it ma-mi-tim i-sa-qci-lam IGJ <lMAR.TU-ba-ni DUMU Ma-na-lna IGI Na-cib-Su-in DUMU E-su-ba-ni IOI Lci-qe-pi-im DUMU 1-zi-za-am-D ING IR sa ni-is A-fimki ta-mu-u-ni uz-na-ti-su-nu al-pu-/ut,"Within 15 days (it is) the week of En- na-Suen son of Kurara and Assur-malik  son of Ui-qepum. If Alu son of Adudu has not come within  5 days and answered me in court, I shall  deduct the money I took from the interest  due to me and then he must pay the silver  and its interest in accordance with his tab- let, without a verdict or an oath. Witnessed by Amurrum-bani son of Ma- nana, by Nab-Suen son of Esu-bani, by  La-qepum son of Izzizam-ilum. I impressed upon them what was sworn  by the City."
AKT 6e.pdf,ILLAT Su-Nu-fnu J i-na Za-al-p[a} ni-ka-si fi l[-si-u-ma} ma-na 3 [GIN KB] ni-pi-[il-ti .. .} a-su-mi [. . .} DUMU [ ... ] u-sa-f. . .J a-na a-[wa-tim a-ni-a-tim} ka-ru-um Ka-[ni-is} i-di-ni-a-ti-m[ a} IGI GIR fa {AJ[-sur} tup-pa-am ni-di-/in IGI Dan-A-sur DUMU Sa-lim-a-hi-im IGI Pi-la-ah-A-sur bi-lu-um IGI Su-lstar DUMU Da-da-nim,"Su-Niinu's caravan settled accounts in  Zalpa, and 7 minas 3 shekels of silver, the  balance ... The Kanesh colony gave us for these pro- ceedings and we gave our testimony before  Assur's dagger. Witnessed by Dan-Assur son of Salim- ahum, by Pilah-Assur, the lord, by Su-Istar  son of Dadanum."
AKT 6e.pdf,su-ma : Za-[x x (x)J Sa-lim-A-fsitr/ su-ma A-sf-it sa-al-ma-at a-na a-[wa-tim} a-{ ni J-a-tim ka-[ru-u}m : i-di-m[a},IfZa ...  Salim-Assur.  If Aset is safe ... The colony gave me for these proceedings  and ...
AKT 6e.pdf,"Bu-[. .. a-na] Kur-ub-[lstar .. .] i$-bu-[tu-ni-a-ti .. .] si-bi : lei [. . .] u is-t[u .. .J u $U-h{ a-ru .. .] a-na $e-[er .. .] um-ma a-ta-[ma .. .] {Kur-ub-lstar 1 [. . .] [. .. s]a A-sur [. . .] [x x x]-dam ha-bu-lei-ti [. . .] [x x] ha-bu-lei-ti-ni: s[i .. .] [x x]: eq-lam : a-su-mi-k[a e-ti-iq] fDAMl.GAR-ka: lu-fei-i-bu [. . .] sa ni-is: A-limki: ta-m[u-u] lu u-ka-al : KB [ ... ] ma-la: a-ah-su: lei i-[na-di-ma] u 4-mu : lei i-ma-i-d[ u .. .] la i-ta-ba-al [. . .] KB 1 GU 3 ma-[na .. .] KB-ap : qi-ip[-tim .. .] wa-at-ra-[. . .] lu-ub-lu : [. . .] u ru-b[ a-um .. .] il5-pu-[ut a-na a-wa-tim a-ni-a-tim] ka-ru-[um ... i-di-ni-a-ti-ma] si-bu-ti-ni ni-di-in IGI [ ... ] DUMU Jli5-ba-ni IGI lli5-{. • .] ma si-bu-ti 1-li-dan"" [( . .)] u ld-na-A-sur DUMU Su-[e-ta-ta]","Bu ... ( and) ... seized us against Kurub-Istar witnesses .. .  also, from .. .  and the servant ...  to ...  you said ...  Kurub-Istar ... you owe ...  that you owe ...  passed overland in your name ...  your customers may satisfy you ...  Do keep in mind what was sworn by the  City. Silver ... must not multiply ...  he must not carry away ...  some 1 talent 3 minas of silver, the silver  of the trust ..."
AKT 6e.pdf,1/3 ma-na 6 GIN KB i-pa-ni-tim Ha-ta-a-ni u E-wa-ri-/mu-sa ub-lu-nim a-ha-ma ma-na 19 GIN KB i-sa-ni-tim se-pi-su-nu ma-na KB si-im su-ub-ri-im pa-ni-tim u wa-ar-ki-u-tim sa ir-di-u-ni-ni i-di-nu-nim SA.BA 114 GIN KB ts-ti nu-ki-ri-bi-im A-hu-{a-su 1 1/2 ma-na KB u GIN KB ~i-ba-su a-na A-sur-ma-lik as-qul 5/6 ma-na a-na Ka-tu-{u J as-qul 1/3 ma-na 5 GIN a-na Eb-la-i-im as-qul mi-ma a-nim a-su-mi A-mur-dUTU as-qul a-ha-ma 1 ma-na KB i-si-im su-ub-ri-im pa-ni«-a»-tim ki-ma i-a-ti I-tur4-DINGIR ils-qe,"Hatani and Ewarimusa brought previously  1 1/3 mina 6 shekels of silver; further, 1 mina 19 shekels of silver in their  second transport. They gave 1 mina of silver, the price of the  first slave and the earlier ones which they  conducted here. Thereof: 5 ¼ shekels of silver owed by the  gardener Ahuasu. 1 ½ mina of silver and 15 shekels of inter- est I paid to Assur-malik. I paid 5/6 mina to Katu. I paid 1/3 mina 5 shekels to the man from  Ebla. I paid all this in the name of Amur-Samas.  Further, Itiir-ilI took on my behalf 1 mina  of silver from the price of the first slave."
AKT 6e.pdf,[is-]tu {ha-mus-tim 7 [sa] {En-na-nim 1 Ku-zi-zi-a il5-qe-ma falf-naJ i-sa-qal u a-na {Ku-zi 7-z[i-a] ki-a-ma : i-la-qe-u[-ma] i-sa-qu-lu 1/3 GIN KB sa ri-ik-su i-na E be-ti-su HI-li-qu-ni 1-di-A-sur i-sa-qal,"Kuziziya received x shekels of silver in the  week of Ennanum, and he will pay back in 6  months ... Iddin-Assur will pay 1 1/3 shekel of silver  concerning a package that was lost in his  house."
AKT 6e.pdf,1/2 GIN KB a-na NINDA si-ni-su se-ni-in sa si-ni-is-tim si-pa-ra-tum 1/2 GIN AN.NA 5-si-su ma-ar-su sa 114 GIN du-ug-lu i-nu-mi a-na Ku-bu-ur-na-at a-~e-er i-li-dan A-di-da u Sa-li-a A-lu-wa as-pu-ru a-na qa-ti-su a-di-in,"½ shekel of silver for bread.  2 pairs of women's shoes, 20 bronze pins,  10 ½ shekels of tin, five sets of leather  straps, duglu worth ¼ shekel - when I sent Aluwa to Kubumat to IlI-dan,  Adida and Salliya I gave this to him to dis- pose over."
AKT 6e.pdf,[x] {xJ-bu-bu/-nim [ ... DU]MU Su-mi-a-[bi]-la,... son of Sumi-abiya.
AKT 6e.pdf,me-at 80 m[a-na] URUDU si-im 4 fGUffl Kl Ta-ta-ar-d[ u J (erasure) 60 ma-na URUDU Kl Ti-wa-sa-hi-ar me-at 30 ma-na Kl Hu-ti-a me-at 40 ma-na URUDU Kl Ti-sa-ma-a ma-na URUDU Kl A-cib-du-a-{ta J me-at 50 ma-na si-im 3 f ANS El Kl Hu-ta-a[r] e-mu Ku-ru-l[ci],"280 minas of copper, the price of 4 oxen,  is owed by Tatardu. 150 minas, the price of 3 donkeys, owed by  Hutar, Kurula's father-in-law."
AKT 6e.pdf,[x+] 5 GIN AN.N[A] [a]-na na-cib-r[i-tim sa] e-ma-ri u Ha-ar-lci i-na ra-mi-ni-a cis<-qu>-ul GIN AN.NA 3 GIN KB 4 ma-na URUDU si-pci-ra-tim a-na qci-ti Se-ep-Jstar Sa-li-wa-ar-di {aJ-di-in KOLTEPE TABLETLERi VI-e,x+5 shekels of tin for the paddock for the  donkeys and (for) Harla I paid myself.
AKT 6e.pdf,i-na 4 ma-na K[B] sa na-pa-hu is-qu-lu-ni-ni 5/6 ma-na 3 1/3 GIN KB ma-su-ha-am qa-dum 3 1/3 GIN mu-fa-e i-na li-bi-su-nu a-hu-ur SA.BA 1/2 ma-na KB a-na Puzur4-A-sur sa Su-i-li-a as-qul,"Of the 4 minas of silver that the smiths paid  to me, 5/6 mina 3 1/3 shekels of silver of  inferior quality together with 3 1/3 shekels  underweight remain as owed by them."
AKT 6e.pdf,ma-na URUDU si-ku-/um u 2 GIN KB $a-ru-pu-um i-na Ii-bi E-la-li DUMU «A-sitr» Kar-w[a] i-na SA.BA ma-na AN.NA ki-ma 18 ma-na i-di-nam,30 minas of sikku-copper and 2 shekels of  refined silver is owed by Elali son of Kar- waya. Thereof he has given me 1 mina of tin in- stead of 18 minas ( of copper).
AKT 6e.pdf,ma-na AN.NA sa ik-ri-bi4-a a-na si-a-ma-/tim a-na A-mur-Jstar IGI A-sitr-i-mi-fti/ a-di-in,I gave 3 minas of tin from my votive offering  for purchases to Amur-Istar with Assur-imitfi  as witness.
AKT 6e.pdf,1/3 ma-na I 1/3 GIN KB !Ja-ru-pa-am i-li-bi Se-ep-lstar 1 GIN is-ti E-wa-ri-mu-sa,1/3 mina 1 1/3 shekel ofrefined silver is in  Sep-Istar's possession. 1 shekel is owed by Ewarimusa.
AKT 6e.pdf,i-li-bi A-fsitr-dl UTU-si it {Ku-ta-ba 1 a-na sa-fpa-ar-tim 7 u-ka-al GIN K[B] i-li-bi Su-lstar ni-a-i[m],9 shekels of silver owed by Assur-samsI and  Kutaba I hold as security.
AKT 6e.pdf,i-nu-mi Zu-zu-a DUMU l-tur4-DINGIR a-sa-su e-hu-zu GIN KB a-na a-si-ti-su a-di-in,"When Zuzuwa son of ltiir-il""f married his  wife I gave 3 shekels of silver to his wife."
AKT 6e.pdf,f12 GIN KBl {~i-ba-atl f8 ma-na KBl i-li-ik,12 shekels of silver became the interest on  8 minas of silver.
AKT 6e.pdf,[x] GIN KB Su-Btar a-na ha-mu-us-tim ha-bu-ul-ma KB i-ra-mi-ni-a a-na ha-mu-us-/tim as-qul,"Su-!star owed x shekel of silver to the  week-eponym, and I paid the silver person- ally to the week-eponym."
AKT 6e.pdf,ma-na KB fa si-im fANl-NA-ki-ka fa i-na Ti-me-el-ki-a al-qe-u 1/3 GIN KB fa a-be-a-lim ta-di-nu-su-ni a-na se-ep-Istar {a/-di-in 5 1/2 GIN KB [a]-na sa-ap-ti-nim [a-na a]m-ti-ka [a-di-in x x x] [i-na (x) H]u-ra-ma [ a-di]-na-ku-um 5 1/4 GIN [K]B fa a-su-mi Se-ep-Istar a-qa-ti-ka tu-ta-hi-fu 1 GI[N K]B fa a-na A-bu-a as-qu-lu-{ni/ f2/3l ma-na 5 GIN KB a-na lr-i-bi4-im as-qul ma-na AN.NA u 3 ku-ta-ni i-li-bi -ka i-su 14: 4 LA 1/4 GIN is another possible reading.,2 minas of silver from the proceeds on your  tin which I received in Timelkiya. I gave 5 ½ shekels of silver for a saptinnu to  your maid.
AKT 6e.pdf,l Ku-lu-ma-{a 1 l A-ta-a Ma-nu-ba l Su-Istar l DUG-~i-la-A-/sur l Ba-al-tu-a l A-la-ku,"Kulumaya,  Ataya, Mannuba,  Su-lstar Tab-~illi-Assur,  Balµiwa,  Alaku."
AKT 6e.pdf,GIN KB a-na ni-qi-su a-na En-na-Sit-in ni-a-im u 1-sci-a 3 GIN a-na 1-ku-pi-a I GIN KB a-me-er-i-su : a-ha-ma GIN KB si-im 2 TUG.HI.A i-na Ii-bi me-er-e-su ma-na URUDU Kl Ha-ar-lu-it qci-ta-tum : KB a-na ha-ar-pe i-sa-qci-lci,"5 shekels of silver for his sacrifice for our  own Enna-Suen and Isaya;  3 shekels for Ikun-piya; 1 shekel of silver for his son;  further, 18 shekels of silver, the proceeds  from 2 textiles, is owed by his son; 50 minas of copper owed by Harlu;"
AKT 6e.pdf,GIN KB :ja-ru-pci-am a-na be-a-lim a-na Su-Nu-nu GIN a-na ni-qi-su GIN a-na 1-lci-cis-ra-ni I IR-ni GIN a-ni-qi-su a-na Su-/star DUMU Su-ki-tim 1/2 GIN a-na Ili5-ba-ni 1/2 GIN a-na A-sur-la-ma-si DUMU Sa-[ba-ha-nim] GIN a-na A-ra-si-ha-tal GIN a-na A-b[u-s}a-lim [x} i-fxl [. . .} [x x}a-n[a x x x} kia f a-na 1 Ti-d[ a .. .] I GIN a-na sa La-qe-pi-i[m} GIN i-nu-mi DUMU E-la-ma e-hu-zu a-ma-ha-ti-ni a-di-in,1 shekel for Abu-salim; 1 shekel for that of La-qepum;  3 shekels I gave to our aunt when Elamma's  son was married.
AKT 6e.pdf,1 /3 ma-na KB sa is-tu li-mi-im DINGIR-ba-ni: a-bu-ni a-na Puzur4-Su-in a-na e-bu-fim i-di-nu : 4 ma-na 4 GIN KB u me-at 80 sa-am-ru-a-tim a-na A-zu-za a-bu-ni a-na e-bu-{tim 1,The 3 1/3 minas of silver that our father  gave to Puzur-Suen as an investment-loan in  the eponymy IlI-bani; the 4 minas 4 shekels of silver and 180 nails  that our father gave to Azuza as an invest- ment-loan ...
AKT 6e.pdf,"ma-na KB si-im-tum sa tup-pi-su : ha-ar-mi-im GIN it 2 su-pu-u SIGS $i-ba-su : is-ti-i Ha-pi-a-ah-su : DUMU Zi-il_,,-pu-ri-a a-ha-ma 15 GIN KB : lu [l]i-ti: is-ti: Ha-pi-a-ah-su 4[+x] GIN KB Kl: Ki-[ .. .] be-el ma-tim : sa Lu-hu-sa-di-a [. . .] ma-na 10 LA 1/4 G[IN KB] Kl Ta-ar-k[i .. .] [DUMU] Zi-i/5-pu-{ri' /-[ a] [is]-ti Su-ma-[. . .] [x] {l]i-bi4 : [. . .] [x] KB 11 LA 1/4 [GIN ... ] {AIJ-wa-na P/31 [ ... ] KB li-ti : K[I ... ] Ha-ar-ra-{YJ [. . .] GAL $a-b(1-im: s[a ... ] is-tit {ha-m[ u-us-tim J sa En-na-S[ u-in ... $i-ib-tcim] i-lTI. l .KAM it-$a-[ ab .. .] 1/2 ma-na KB $a-ru-pa-am Kl 1-ri-fsum 1 is-tit ha-mu-us-tim' sa En-na-Sit-in KB a-di-su-um f GINl Kl En-na-/nim mu-sa-ri-dim 3 [. . .] i-la-al i s [ a .. .] si-im it-ti-ti[ m .. .] am-tim sa fi-KB-im: fxl [. . .]","2 minas of silver, the agreed amount of his certified tablet, 12 shekels and 2 fine sup- pu-sheep, its interest, owed by Happi-ahsu son of Zilpuriya. Further, 15 shekels of silver, preferably(?) lztu, owed by Happi-ahsu. 4+x shekels of silver owed by Ki ... , the lord of the country of Luhusaddiya .... 1 mina 9 ¾ shekels of silver owed by Tar- ki. .. son of Zilpuriya ... silver, 10 3/4 shekels ... Alwana 1/3 ... li""tu-silver owed by Harra ... , the chief of the troops ... reckoned from the week of Enna-Suen he will add interest ... per month. ½ mina of refined silver owed by lrisum; in 8 shekels are owed by Ennanum, the"
AKT 6e.pdf,[x x x] P/21 GIN [A-su]r-ma-lik [x x] pa-ni-am [i-n]a-pa-al [x] 1/2 GIN [K]B [A-]mur-dUTU i-na-pa-al [x ma]-na 1 2/3 GIN KB [x X x]-im sa as-qu-lu [xx] GIN KB [i-na-p] a-al A-sur-ma-/lik [x x Kur]-ub-lstar [x Tu-u]m-li-a-i-im [x x z]t-ib? [x x] GIN KB [1-r]i-sum i-na-pa-llam [x ma-n}a 2 1/2 GIN [x x}-tum 3 GIN [x x]-hi-im i-na [x X x]-im sa {i-/ba-si-lu [. . .] a-ha-ma KOLTEPE TABLETLERi VI-e i-nu-mi [x x x] 5 I {ma-naJ SIG5 sa a-na x [S]u-Zu-zu DUMU A-sur-SIPA i-na Dur 4-hu-mi-{it 1 ah-bu-lu-u ITU.KAM ku-zal-li li-mu-um A-sitr-{ma-likJ DUMU A-fla-hi-imJ,"... 1/2 shekel Assur-malik ... will balance; x 1/2 shekel of silver Amur-Samas will bal- ance. x minas 1 2/3 shekel of silver ... that I paid,  ... will balance the silver. 10  Assur-malik  ... Kurub-lstar  rev.  . .. of the man from Tumliya 15  Irisum will balance with me.  x mina 2 1/2 shekels  ... 3 shekels ... that is there  20 e.  . .. furthermore ..."
AKT 6e.pdf,ta-ah-sf-Isa-tum sa tam-ka-/ru-tim,Memoranda concerning customers.
AKT 6e.pdf,[tu]p-pa-am fsa? 1 x rGfNl x [h ]u-bu-li sa fx x x 1 f. . .J,Tablet concerning x shekels ...  the debt of ...
AKT 6e.pdf,tup-pa-am a-NIM sa i-~e-ri-[ka] [t]a-bu li-fis 7-ta-si-a,Let them (fem.) read aloud this tablet  which is pleasing to you.
AKT 6e.pdf,fx xl [x X x] im it-se-bi-la-ni a-n[a ma-l]a: na-as-pe-<er->tim sa fku 1-[ta ]-nu : ba-at-qit-it fulfil [x] 20 GU? bi-la-tim A[N.NA] a-n[ a ma-l]a fna-as l-pe-er-[tim .. .] [x x J f GU AN.NA: a-na ga [. . .] [x G]U: a-!je-er: AN.N[A ... ] [x x] GU AN.NA: ku-nu-ki-k[a .. .] [i-n] a ha-ra-nim : A-la-hu-um [ ( . .)] ni-fka/-si: is-ti-a u is-t[i sa ki-ma] a-bi-[a]: A-la-hu-um: i-si-m[a (..)] f gam? -ra? !-am : s [ a ha ]-ra-nim : fsa 1 [. . .] u [t]a-ak-si-i[r]-tam: X [. . .] [(x)] 12 [+x] 1/2 ma-na 7 GIN AN.[NA] [q]a-ftil A-la-hi-im: ni-[di] [si-t]iTUG $U-ba-ti-ka za-m[e-er-ma]5 TUG.HI.[A] [x x] 7 TUG.HI.A: i-na li-wi-ti[m] [x (x)]-du-nim 3 me-at 60 TUG.HI.A: a-n[a] [E.G]AL-lim: e-ru-bu 18 TUG ni-is-[ha-tim] [i$]-hu-fru/-ka it 24 TUG a-na si-mi-i[m] [i]-na E.GAL-lim : i-le-qe-u [3] me-at 16: TUG ku-ta-nu 44 [+x] $it-bf a-tu] [sa] li-wi-tim SUNIGIN 3 me-at TUG 60 [iz-k]u-u-nim : i-na mi-ma a-fnim 1 [x m]e-at 44 ku-ta-ni [. . .] [x x x] e-zi-bu-ni: A-la-[hu-um] Sa-li-a : [. . .} fAN.NAl sa i-n[a .. .} sa a-na a-bi-ni [ [a-nja fx X X X SQ X ip-tu/{. . .} fKB i-na l [ ... ] [x X X x] sa a-bi-ni [. . .} [x x x] {ku-ta-Jni [x x] 4 fma-na/ [x X X X X X X En-u]m-A-sur i/5-q[e] [x x x x x x x pa-zu-]ur-tim [. . .} [x x x x ma-n]a 6 GIN KB si-[im .. .} [x x x] ma-na AN.NA 24 m[a-na .. .} [x x] 2 me-at 20 TUG ku-ta-ni [( . .)] [x x] ma-na 16 GIN KB si-im 10 [. . .} [x x] AN.NA 6 GU u it-ra-s[u] [a-n]a 41 1/3 ma-na KB ta-d[i-in (..)] [a-]na 1 me-at 97 TUG.HI.[A] [sa] fi/-na Ti-me-el-ki-fa/: e-z[i-bu .. .] [x+] 6 ~u-ba-tu: i-na pa-zu-ur-[tim .. .} (erasure) ni-is-ha-tim Sa-la-ah-[su-a-i-um 60 [Hu-ra]-ma-i-um: i/5-qe-u [x x x] fti/ 1 me-at 69 [TUG.HI.A] [x x x] di a-na 2 5/6 ma-na 2 [GIN] [x x x] ka-fri/-im ta-ad-fnu/ [x x x] dam-qu-tum a-na m[ a-na K]B : [ta-ad-nu] [TUG ku-ta-n]i [. . .} ta-ad-nu [. . .} ma-na [x x x x] fa ma a ma a/[. . .} [. . .} fni-di-in x x ma J [ [. .. m]a-na r2 GIN KBl [ ... ] [. . .} bi [x x] u fx/ 1/2 ma-na [ [. . .} a-ni-[. . .},".. . he sent to me.  In accordance with the missive of ... 40  kutanu-textiles have been deducted . Also, of the 20 talents of tin in accordance  with the missive of ... x talents of tin for ...  x talents on top of the tin ... x talents of tin under your seal ...  On the journey Ali-ahum settled accounts  with me and with my father's representa- tives and ... the expenses of the caravan ...  and repairs ... 12+x ½ minas 7 shekels of tin we deposit- ed in Ali-ahum's possession. The rest of your textiles were counted and  5 textiles ...  ... 7 textiles were ... in the wrapping.  360 textiles entered the palace. 18 textiles were deducted for you as im- port tax;  and 24 textiles have been taken on  pre-emption in the palace.  316 kutanu-textiles and 44 textiles ... for  the wrapping - in all 360 textiles were  cleared. Of all this x hundred 44 kutanus ... Salliya ...  the tin that ... Ennam-Assur received x kutanus and 4  mmas ...  ... for smuggling ...  ... mina 6 shekels of silver, the price of ...  minas of tin. 24 minas .. .  ... 220 kutanu-textiles .. .  x minas 16 shekels of silver the price of 10  ... and the tin 6 talents and its extra weight  was sold for 41 ½ minas of silver.  For the 197 textiles that I left in Timelkiya x+6 textiles in smuggling ...  The rulers of Salahsuwa and Hurama re- ceived import duty. ... 169 textiles ...  ... for 2 2/3 minas 2 shekels of silver were  sold in the colony.  . .. of good quality were sold for 20 minas  of silver ...  80 kutanu-textiles ... we gave ..."
AKT 6e.pdf,i-nu-mi a-na Ha-h[i-im] a-li-ku 5 GIN KU.[B] a-na sa-he-er-tim [x]+2 GIN KB a-na [E] ub-ri a-di-fin/ GIN KB a-sar ANS[E].HI.A i-{zi /-zu-ni a-di-in 1 GIN KB a-[n]a [n]e-{ba /-ar-tim [ a]-di-[in] [x GI]N KB {a-na: ra-bi4/-$i-im [a-di-in] 4 1/3 GIN [KB a-n]a sa-ri-dim [x x x] x sa na-ri-lim [as-q]ul 4 GIN KB [lu-bu]-us 2 $U-ha-ri,"When I went to Hahhum:  5 shekels for small goods, x shekels of silver I gave to inns, I gave 5 shekels where the donkeys stood,  I gave 1 shekel for the crossing, I gave x shekels of silver for the attorney, 4  1/3 shekels of silver for the packer, I paid ... silver  for PN of the river,  4 shekels of silver clothes for 2 servants"
AKT 6e.pdf,ma-na URUDU ma-si-/um fi 1-li-bi {A-sur 1-ka-si-id DUMU Ik-ra-a GIN KB si-im ma-na URUDU-i-a sa i-na Wa-ah-su-sa-na i-na ba-ab-ti-a [En]-na-num DUMU [ku-] {um 1-ri-im il5-f qeJ-u KB i-li-bi-su,"15 minas of washed copper is owed by  Assur-kasid son of Ikraya. 6 shekels of silver, the price of 14 minas  of my copper that Ennanum son of the  priest took from my outstanding claims in  Wahsusana, that silver is owed by him."
AKT 6e.pdf,a-ha-ma GIN KB i-na li-b[i J Su-Be-lim i-nu-mi KB [a-na] Su-Be-[lim] as-qul,"Further, 5 shekels of silver is owed by Su- Belum. When ... I paid the silver to Su-Belum."
AKT 6e.pdf,[x+]30 m[a-na . .] i-flil-bi4 1-ku-pi-a DUMU Su-A-fniml sa Be-lum-[-ba-ni] DUMU A-sur-be-el-/a-wa-tim,x+ 30 minas of ... are owed by Ikun-piya son  ofSu-Anum. Concerning Belum-bani son of Assur-bel- awatim.
AKT 6e.pdf,ma-na URUDU SIG5 Kl 1-ku-pi-a DUMU 1-ku-pi-/a,25 minas of good copper owed by Ikun-piya  son of Ikun-piya.
AKT 6e.pdf,1/3 ma-na I 4 GIN u 3 1/3 GIN KU.QI i-si-im TUG-ba-ti-a is-tu Wa-ah-su-sa-/na ub-lu-nim,"They brought me 4 1/3 minas 4 shekels of  silver and 3 1/3 shekels of gold, the pro- ceeds from my textiles, from Wahsusana."
AKT 6e.pdf,na-ru-uq SE-a[ m x na-r }u-uq ar-fsa-tim 7 a-ha-ma fsa J sa-da-aq-ti na-ru-uq SE-am 5 na-ru-uq ar-sa-tum IGI U-li-id: si-im-tcim al-qe : ki-ma ar-sa-tim SE-am al-qe,"45 sacks of barley, x sacks of wheat, further,  from last year 45 sacks of barley and 5 sacks  of wheat. With Ulid as witness I received the deter- mined amount.  Instead of wheat I received barley."
AKT 6e.pdf,i-na 48 ku-ta-[ni] TUG ku-ta-ni i-na ku-si-i-su ni-is-qu-ul 1 ku-t[ a-nam] ni-is-ru-ut ku-ta-ni a-na {Tit /-um-li-a-i-im [ni-di]-in 3 ku-ta-[ni],Of the 48 kutiinus we paid 2 kutiinu-textiles  in his chair(?). We tore 1 kutiinu. We gave 2 kutiinu to the man from Tumliya.  3 kutiinus ...
AKT 6e.pdf,i-nu-mi Ku-da-/tum a-na A-limki i-li-ku ak-ru-ub-su-/um,When Kudatum went to the City I dedicated  4 shekels of silver as a blesssing for him.
AKT 6e.pdf,GIN AN.NA [ ni-is-] ha-sit P ma-nal 10 GIN URUDU ma-sf-um 5/6 ma-na URUDU sa sa-du-i-su SUNIGIN 2 ma-na URUDU sa I-di-Sit-in,"12 shekels of tin, its transport tariff, 1 mina  10 shekels of washed copper, 5/6 mina of  copper from ore - in all: 2 minas of copper  belonging to Iddin-Suen."
AKT 6e.pdf,ab-na-/tum is-ti E-na-ah-DINGIR ab-na-tum is-/ti Ku-sa-ra-a,25 stones owed by Enah-ilI. 40 stones owed by Kussara.
AKT 6e.pdf,i-na a-wa-at <lJM mi-hu-um ii sa-as-qi-um,By Adad's order: mihhu-beer and flour of- ferings.
AKT 6e.pdf,GIN KB i-na li-bi4 l-ri-si-im DUMU A-mur-<lUTU is-tu ha-mu-us-tim sa 1-na-a DUMU' E-la-li ki-ma a-wa-at ka-ri-im $i-ib-tam u-$a-ab,15 shekels of silver is owed by Irisum son of  Amur-Samas.  Reckoned from the week of Innaya son of  Elali he will add interest in accordance with  the rule of the colony.
AKT 6e.pdf,GIN KB $G-ru-pa-am is-ti 1-ku-pi-A-sur DUMU Puzur4-lstar GIN KB $G-ru-pa-am is-ti A-sur-GAL GIN KB is-ti Na-na-a,10 shekels of refined silver is owed by Ikun- pI-Assur son of Puzur-Istar. 10 shekels of refined silver is owed by  Assur-rabi.  5 shekels of silver is owed by Nanaya.
AKT 6e.pdf,5/6 ma-na KB Puzur4-A-sur il5-qe 5/6 ma-na Ki-ba-al: il5-qe 1/2 ma-na 6 GIN KB 1-ku-pi-a: il5-qe GIN KB <lMAR.TU-ba-ni GIN KB su-ut-ma : il5-qe GIN KB A-ni-lna,Puzur-Assur received 5/6 minas of silver;  Kibal received 5/6 mina of silver; Ikun-piya received ½ mina 6 shekels of sil- ver;  Amurrum-bani received 7 shekels of silver; he also received 5 shekels of silver; Annina received 5 shekels of silver.
AKT 6e.pdf,i-na 1 me-at pi-r[i-ka-ni] u 4 ANSE.HI $a-lei-me sa a-na Dur4-hu-mi-it a-na $e-er a-bi-ni ub-lu-ni SA.BA 4 pi-ri-ka-ni $U-ha-ru-u a-na lu-bu-si-su-/nu i/5-qe<-u> 2 si-na ni-is-ha-ftim/ i-na E.GAL-lim i-le-qe pi-ri-ka-fnu-um 1 ha-lci-aq 93 pi-ri-ka-/ni ma-na TA a-na SIG5 im-qu-tu-nim i-na 4 ANSE.HI.A ANSE a-na a-bi4-ni ni-im-ha-a$ ANSE me-et ANSE a-na 30 ma-na ta-di-in,"Of the 100 pirikannus and 4 black donkeys  that they brought to our father in Durhumit,  thereof the servants took 4 pirikannus for  their clothing; two were taken in the palace as import duty; 1 pirikannu was lost.  93 pirikannus arrived at 7 minas ( of copper)  a piece for good ones. Of the 4 donkeys we slaughtered(?) 1 don- key for our father; 1 donkey died;  1 donkey was sold for 30 minas ( of copper)."
AKT 6e.pdf,TUG i-nu-mi ru-ba-um a-na Ha-na-ak-na-ak i-li-ku a-di-i TUG i-na 1 me-at 70 TUG sa ni-is-tap-ku a-di 18 TUG ILLAT Puzur4-DINGIR DUMU Sa-ba-si-la ad-ma-ku 23 TUG ILLAT 1-ku-nim fDUMUl DINGIR-ILLAT ad-ma-/ku TUG ILLAT Su-Ku-bi4-im DUMU / Bu-zi ad-ma-ku 1 TUG ILLAT DUMU Ba-fsa/-a ad-ma-ku TUG SIG5 ILLAT A-ku-tim ad-ma-ku I TUG SIG5 sa En-um-A-/sitr TUG i-a-um ILLAT A-ku-tim ad-ma-ku TUG i-a-u-tim TUG sa E-la-li ILLAT E-la-li ad-ma-ku SUNIGIN 1.35 TUG.HI.A i-na E.GAL-lim na-du me-es-li-a al-qe me-es-lu-a : a-hu-ru TUG i-a-u-tum TUG sa A-mur-Jstar,I deposited 25 textiles when the king went to  Hanaknak. I deposited 10 textiles of the 170 textiles  that we put on the account. I invested 18  textiles in the caravan of Puzur-ilI son of  Sabasiya.  I invested 23 textiles in the caravan of Iku- num son of IlI-ellat. I invested 6 textiles in the caravan of Su- Kubum son of Buzi.  I invested 1 textile in the caravan of Bas- aya 's son.  I invested I good textile in the caravan of
AKT 6e.pdf,ma-na 14 1/2 GIN KB ik-ri-bu <lIM : Sa-ra-ma-/te-en ctKAL fa ta-ra-/dim dBe-lim E-a it Mz-si-ri-/im La-ma-si-im A-na: it Pa-bi4-il5-/fa-an it a-ha-ma LA 1/4 GIN KB ik-ri-bu i-li-bi4-a 1/2 ma-na 1/3 GIN KB ik-ri-bu fa dA-sitr a-na A-sur-GAL DUMU Ma-nu-um-su-um-/su e-zi-ib-ma i-ta-ak-ra-ni i-li i-~e-ri-a i-su,"1 mina 14 ½ shekels of silver, the votive  offerings for Amurrum, Adad, Sarru-matan,  Suen, Sedu who chases away, Belum, Ea and Misarum, Lamassum, Anna and Pabil- sag; also, further, 5 less ¼ shekels of silver, the votive offerings for ... is owed by me. 1 ½ mina 1/3 shekel of silver, the votive  offering for Assur I left with Assur-rabi son  of Mannum-sumsu, but he denied it. I owe it to my god."
AKT 6e.pdf,i-na 1 1/2 ma-na KB sa ik-ri-be fa a-na $[-ib-tim ta-da-nim a-na A-sur-GAL e-zi-bu u a-ha-ma 1/3 ma-na 6 GIN I KB sa i-li-a ku-nu-ki-a e-zi-ib-sum a-ha-ma I ma-na KB fa is-ti A-mur-DINGIR al-qe-u e-zi-ib-su-um SUNIGIN 2 5/6 ma-na 6 GIN KB :fa-ru-pa-am e-zi-ib $i-ib-ti-su a-na A-sur-fGALl i-nu-mi a-na Dur4-hu-mi-it a-tu-ru e-zi-ib-su-um i-na tu-wa-ri-a i-na Ka-ni-is IGI U-$U-ra-nim u Su-lstar ni-ka-si ni-si-ma um-ma A-sur-GAL-/ma SA.BA 2/3 ma-na LA 2 GIN KB a-na 1-na-a DUMU A-mu-ra-a as-qul 10 GIN KB u [ii-ba-su Sal-ma-A-sur DUMU Ba-za-za i/5-qe 12 1/4 GIN En-nam-A-sur i/5-qe 1 GIN KB ki-ib-sa-at KB fa 1-na-a DUMU A-mu-ra-a 1 GIN KB a-ha-ma a-na i-se-ra<-at> KB is-ku-nam 1/2 ma-na 7 1/2 GIN KB a-na Ha-bu-a-la 7 1/2 GIN a-ha-ma su-wa-ti-ma as-qul GIN KB a-na La-ma-si-tim GIN a-na Da-di-a 1 2/3 GIN a-na se-pi-su 2 1/6 GIN fa AN.NA GIN a-na am-ti-su 1/2 GIN a-na ki-ri-im 1/2 GIN a-na A-sur-tu-kul-ti 1/2 GIN a-na am-ti-su Scil-ma-A-sur i-di-in 1 1/2 GIN Sal-ma-A-/sur il -qe 2 GIN a-na U-su-ra-nim GIN a-na A-sur-ni-su i-mi-ma KB,"Of the 1 ½ mina of silver from votive of- ferings that I left with Assur-rabi to pay  for interest - plus, further I left 1/3 mina  6 shekels of silver belonging to my god  under my seal with him - further, I left 1 mina of silver that I re- ceived from Amur-ilI with him - In all I left 2 5/6 minas 6 shekels of refined  silver.  The interest I left with him, Assur-rabi,  when I returned to Durhumit. On my return to Kanesh we settled ac- counts with U~uranum and Su-Istar as wit- nesses, and Assur-rabi said: 2 shekels for U ~uranum."
AKT 6e.pdf,SUNIGIN 2 ma-na 15 2/3 GIN KB ~a-ru-pa-am i-nu-mi a-na Ha-hi-im a-li-ku i-na ni-ka-si A-sur-GAL is-ku-nam-ma um-ma a-na-ku-/ma mi-ma KB a-ni-im ni-ka-su-ni IG[I] En-na-Su-/in DUMU Nu-ur-DINGIR-su (ul Sal-ma-A-/sitr DUMU Ba-za-za ni-si-ma i-na li-bi4 3 GU URUDU SIG5 u 12 ku-ta-ni fa a-na Sal-ma-A-sur u [ku-] fwa 7-ti e-zi-bu tu-~a-hi-ra-am a-la-an I O GIN KB fa a-na La-ma-si-tim 1/2 GIN fa Ha-bu-a-la u 2 GIN fa Da-di-a u [ku-]wa-ti mi-ma sa-ni-a-am i-na ba-ab ha-ra-nim a-su-mi-a la ta-as-qul um-ma su-ut-ma [x x] fa URUDU SIG5 [x x x] la fa-bu rio?1 [x x ma-n]a tal-qe-u fu i- Jna fa ik-ri-bi4-ka a-su-mi-ka u-sa-qi-i/5 um-ma a-na-ku-ma Sal-ma-A-sur sa i-na re-si-ni i-za-zu lu-ha-s i-is-ni-a-ti-ma su-ma la ta-ah-ta-sa-/as ta-am-am-ma KB fo ik-ri-/bi4-a li-hi-li-iq IGI Su-Istar DUMU Su-a-a IGI U-~u-ra-nim ma-mi-tarn a-di-sum,"In all: 2 minas 15 2/3 shekels of refined silver  Assur-rabi submitted at the accounting when I  went to Hahhum, and I said:"
AKT 6e.pdf,ma-na GUSKIN a-na A-mur-dVTV sa-ap-ka-ku 1 ma-na GUSKIN a-na A-la-hi-im DUMU Si-ku-hi-im sa-ap-ka-ku 1 ma-na GUSKIN,1 mina of gold for Amur-Assur son of  Su-Istar; 2 minas of gold for IlI-kurub  son of IlI-liddi;  I gave 8 textiles and 9 minas of tin 8  years ago to Puzur-Suen as an investment  loan;  I gave 1 talent of tin and its wrapping to  Amur-Assur son oflddin-ilum as an in- vestment loan;  I gave 2 minas of silver to Istar-pilah son  of Anninum before he went down to the  the City as an investment loan; 15  lo.e. 1/3 mina of gold owed by Ennam-Assur  20 rev.  son of Silli-Istar; 15 shekels of sikkum owed by Kuziziya; 3 minas of ... owed by Ennam-Assur son  of ... ; reckoned from the week of ... -bani  25  ... he will pay the silver ...
AKT 6e.pdf,[x x x x ]-ha-ma [x x x x] a-di-nu [x X X xj-su [x x x x] 2 ma-na [x X X s]u KB ti-ri [sa] ku-nu-ki-a [x ANSE.H]I.A f!a-la-mi [u] u-nu-su-nu 3 ma-na [x] {x 1 a-qa-ti-su-nu [ a-di-i]n Su-Nu-nu it [E-wa]-ri-mu-sa a-na [f!]e-er sa ki-ma i-a-ti a-na Dur4-hu-mi-it ub-lu e-zi-ib lu-qu-ti-a pa-ni-ti-/im sa se-ep Sa-lim-ar-di u Su-Nu-nu ub-lu-ni SA.BA GU LA 2 2/3 ma-na URUDU SIGS u-se-bi4-lu-nim [x x] i-{df-t/ GEME7 la ab?,"... tiri-silver that was sealed by me, x black donkeys plus their harness, I gave 3 minas  of ... for their expenses. Su-Niinu and Ewarimusa brought it to my"
AKT 6e.pdf,1/2 GIN KB Ta-as-me-tum 1/2 GIN KB se-bt4-la,1 ½ shekel of silver: Tasmetum. Send 1 ½ shekel of silver.
AKT 6e.pdf,1/2 ma-na URUDU SIGS lu sa sa-da-/ag-di u-me-sa I a-ni 7}-na-ka [x} fxJ-si-ni-a fa-di-inJ,"2 ½ minas of good copper, her terms were  from last year, now Panaka ... I gave."
AKT 6e.pdf,l /2 ma-na KB i-li-bi Ha-bu-a-la u Ta-ri-ku-da na-ru-uq ar-sa-/tum UDU ~it-pu-it a-ha-ma 3 ku-ta-ni SIGS i/5-qe-it-ma a-na si-ka-tim a-~e-er be-li-su-nu it-se-bi4-lu 1/2 ma-na KB si-im-su-nu SA.BA 1/2 ma-na KB al-qe-e a-ha-ma GIN KB r 5')1 na-ru-uq I SE-um i-li-bi4 Ta-ri-ku-da,"1 ½ mina of silver is owed by Habuala and Tarikuda; 15 sacks of wheat, 2 white sheep, plus 3 good kutiinus they received and sent to their lord for the sikkiitum. 1 ½ mina of silver was the price they were to pay. Of that I received ½ mina of silver. Further, 15 shekels of silver and 5 sacks of  barley is owed by Tarikuda."
AKT 6e.pdf,1/2 GIN KB a-na Pu-su-ki-in GIN a-na A-sur-ma-lik DUMU Ili5-ma-al-ki GIN Du-um-qa-a 1/2 GIN a-na Ku-zal-lim DUMU 1-li-a mi-ma a-nim i-nu-mi a-na A-limki ur-du-ni a-na ni-qe-su-nu a-ta-di-in-su-nu-ti,I ½ shekel of silver for Pusu-ken; I shekel for Assur-malik son of I11-malk1; 1 shekel: Dumqaya; I ½ shekel for Kuzallum son of Iliya - all this I have given them for their sacrifices  when they went down to the City.
AKT 6e.pdf,1/2 GU SIG.HI.[A] mas-ku 10 ANSE :;a-la-mu u u-nu-su-nu TUG.HI.A mi-ma a-nim i-sa-ni-tim se-pi-su-nu 10 GIN AN.NA se-ni-in sa si-ni-is-/tim se-ni sa :;u-ith-ri-im ma-ar-su e-pa-tit-ni du-ug-li mi-ma a-nim a-na qa-ti-su-nu a-di-in e-zi-ib sa-he-er-{tam l sa i-pa-ni-tim a-qa-ti-su-nu a-di-nu-ni GU 20 ma-na SIG.HI.A me-at 2 mas-ku i-se-ep A-su-u-ma-an i-li-ik,"23 ½ talents of wool, 66 fleeces, 10 black  donkeys plus their harness, 25 textiles - all  this in their second transport. 10 shekels of tin, 2 pairs of women's shoes,  8 pairs of children's shoes, 3 straps, epattus,  dug/us - all this I gave for their disposal. (This is) apart from the small goods that I  gave for their disposal earlier. 19 talents 20 minas of wool, 102 fleeces  went in Asu-uman 's transport."
AKT 6e.pdf,GIN KB i-li-bi Ku-ku-la-nim a-ha-ma LA 1/4 GIN [KB] su-ut-ma [( . .)],"3 shekels of silver is owed by Kukkulanum. Further, he also (owes) 1 less ¼ shekel of  silver."
AKT 6e.pdf,i-na 48 ku-ta-/ni sa ik-ri-bi SA.BA ku-ta-ni a-na 1/2 ma-na 7 1/2 GIN si-im-su-nu a-na GAL pe-er-di a-di-in ku-ta-ni A-sur-ma-lik DUMU 1-na-a a-na ma-na 13 GIN KB i/5-qe 1 ku-ta-nam I-tur4-DINGIR il5-qe ku-ta-nam a-na 1/2 GIN KB Ku-tit-bi-is i/5-qe 3 ku-ta-ni Sa-ah-ri-i-li il5-qe ku-ta-nu i-na li-bi4 A-na-na ku-ta-ni Ha-te-e nu-la-bi-is 10 ku-ta-ni A-lu-u-a u-se-ra-ba-am ku-ta-nam SIG5 a-na 1/2 ma-na KB Tit-um-la-i-um i/5-qe 5 ku-ta-ni a-na ha-ra-ni-a al-qe 6 ku-ta-ni a-na-kam e-zi-ib 1 ku-ta-nam a-na GIN En-na-nu-um 23: strange writing for Tit-um-li-a-um.,Of the 48 kutiinus of the votive offerings:  5 kutiinus I sold to the chief of mules for a  price of½ mina 7 ½ shekels; Assur-malik son of Innaya received 7  kutanus for 1 mina 13 shekels of silver; ltiir-ilI received 1 kutiinu; Kutubis received 1 kutanu for 7 ½ shekels  of silver; Sahri-ilI received 3 kutiinus; 6 kutiinus are in Anna-anna's possession; we dressed Ratte in 2 kutiinus;  Aluwa had 10 kutiinus brought in to me; the man ofTumliya received 1 good  kutiinu for ½ mina of silver; I took 5 kutiinus for my journey: I left 6 kutanus here;  Ennanum (received) 1 kutiinu for 13 shek- els.
AKT 6e.pdf,GIN KB A-zu GIN KB Su-Ku-bu-um me-ra-su GIN KB A-sur-DlJG DUMU Kar-ri-a GIN KB MAR.TU-ba-ni GIN KB Iii -ba-ni GIN A-mur-lstar GIN l-ku-num GIN 1-li-is-ti-kal GIN A-sur-i-mi-ti DUMU l-ku-a GIN I-tur4-DINGIR 1/2 GIN GUSKIN ku-bu-ur-si-num Su-Be-lum DUMU A-gu-a 1/2 GIN A-sur-dan DUMU Zu-u-a ri-ik-su sa Su-Nu-nu i-ba-si,"2 shekels of silver: Azu;  4 shekels of silver: Su-Kubum, his son; 5 shekels of silver: Amurrum-bani; 5 shekels of silver: 111-bani; 3 shekels: Amur-Istar;  5 shekels: Ikunum;  5 shekels: Ilis-tikal;  2 shekels: Assur-imitfi son of Ikuwa; 5 shekels: Itur-in;  ½ shekel of kubursinnu-gold: Su-Belum son  of Aguwa;  1 ½ shekel: Assur-dan son of Zuwa; Su-Nunu's package is available."
AKT 6e.pdf,GU 51 1/2 ma-na a-wi-it l-na-a : u DAM.GA.R-ri-im ma-na LA 4 GIN TA da-tum is-tu A-fimki a-di Ka-ni-iski ik-su-ud GIN TA: qa-qa-da-tum ma-na ni-ga-lu-u a-na ta-si-a-tim gam-ru-u ANSE-ka: i-na Na-si-la-/an i-mu-ut-ma 15 GIN KB as-qul-ma : as-a-am ka-$a-ru-um i-mu-ut-ma U-$U-ur-sa-lstar DUMU Ili5-mi-ti a-gu5-ur GIN KB as-qul l /2 ma-na TA u-ku-ul-tum l ma-na mu-ta AN.NA-ak qa-/tim l/2 ma-na ta-ak-si-ir-tum GIN KB ni-is-ha-/at ANSE-ri-ka i-na Ma-a-ma as-qul ANSE.HI-ri is-tit Ma-a-ma a-di U-ni-ip-si-im a-gu5-ur-ma 3 GIN KB as-qul,21 talents 51 ½ minas: the consignment-val- ue of Innaya and the merchant.  The fees from the City to Kanesh amounted  to 5 minas less 4 shekels per talent. 15 shekels each: head-tax.  7 minas of sickles were expended on car- riage cost.  1 of your donkeys died in Nasilan and I paid  15 shekels of silver to buy ( a new one).  The hamessor died and I hired U~ur-sa-Istar  son of m-imitfi; I paid 10 shekels of silver.  1 ½ minas each for food.
AKT 6e.pdf,i-na 7 5 ku-ta-ni sa En-na-Su-in §a i-na A-limk1 a-na La-ta-a ip-qi-du-/ni SA.BA 6 ku-ta-ni i-na Ti-me-el-ki-a e-zi-ib si-ti TUG.HI.A ku-ta-ni §a En-na-Su-/in ku-ta-nu §a ka-!f a-ri-im SUNIGIN 72 ku-ta-nu §a En-na-Su-lin 10 a-na E.GAL-lim e-ru-bu 1/2 TUG.HI.Au 1 1/2 GIN KB ni-is-ha-tum ik-su-su TUG.HI.Asa si-mi-im ik-su-su 2 LA 1/4 GIN KB i-na-pu-lu-sum si-ti TUG.HI.A 61 1/2 TUG.HI-tit-su iz-ku-u-nim SA.BA 3 TUG.HI.A ka-~a-ru-um il5-qe 5 1/2 TUG.HI.A En-nam-A-sur i-na-pa-al TUG.HI.A E ka-ri-im i-na-pu-lu-sum si-ti TUG.HI-ti-su 49 ku-ta-ni a-na lm-di-lim La-qe-pi-im it Si-lu-us-Da-ga-an a-na sa ki-ma 1-ku-pi-a ap-qi-id,"The rest of the textiles: 61 ½ textiles were cleared. Thereof the harnessor took 3 tex- tiles. Ennam-Assur will balance 5 ½ textiles. They will balance 4 textiles for him in the office of the colony. The rest of his textiles, 49 kutanus, I entrusted to the representatives  oflkun-piya for (delivery to) Imdi-ilum, La- qepum and Sillus-Dagan."
AKT 6e.pdf,l/2 ma-na 5 1/2 GIN [KB] Kl Si-li-Jstar sa Si-na-hu-tim IGI lb-ni-dIM DUMU Ka-a-a is-pu-ra-ma l ma-na AN.NA a-na me-er-i-su it e-mi-su a-di-in 7 1/2 GIN si-im-/su SUNIGIN 2/3 ma-na 3 GIN X GIN KB fKil X [ ... ] 1 /2 ma-na f KBl me a a f mur F ma Ba-ru-si-im 1/3 ma-na bu-u-la-tit-su 2 TUG e-zi-/ba-[. . .] l ma-na KB me-eh-ra-/ti[m} a-di-su-um fi 1-na fSAF.BA 7 GIN KB ba-[. . .] me [x n}im-m[a} ki-li [. . .] i-fx x/[ x}-na-na [x} ma-n[a sf-Jim si-im : be-ti i-tit-wa-lri-su i-sa-qal,½ mina 5 ½ shekels of silver is owed by  Silli-Istar from Sinahuttum. Witnessed by Ibni-Adad son of Kaya.  He wrote me and I gave 1 mina of tin to his  son and his son-in-law. The price was 7 ½ shekels ( of silver).  In all: 2/3 mina 3 shekels. x shekels of silver is owed by ...  1 ½ mina ...  Baldy. 1/3 mina were his assets.  He left 2 textiles ...  I gave him 1 mina of silver as a correspond- ing amount.  Thereof: 7 shekels of silver ... ... he will pay the price of the houses when  he returns.
AKT 6e.pdf,ma-na KB [f a-ru-pa-am Kl Ku-la-ba : Su-pu-na-ah-su it Ha-nu-nu 6 ma-na KB [ja-ru-pa-am Kl Be-litm-ba-ni DUMU Ka-si-a 1/3 ma-na KB : [fa-ru-pa-am Kl A-mur-Istar DUMU Sal-ma-A-sur ma-na KB : li-ti Kl Se-ep-Istar DUMU A-la-hi-im l ma-na KB [f a-ru-pa-am Kl Su-ls tar DUMU Su-ki-tim 1/3 ma-na sa-ru-pa-am Kl En-um-dlM DUMU A-sur-ma-lik 6 2/3 ma-na 8 GIN KB : :fa-ru-pa-am Kl En-na-Su-in DUMU I-di-a-bi4-im 2 ma-na 10 GIN KB sa-ru-pa-am : Kl 1-ri-si-im DUMU A-mur-d/UTU 1/2 ma-na KB [ja-ru-pa-am Kl 1-ku-pi-a DUMU A-sur-ba-ni 2/3 ma-na KB li-ti Kl 1-la-li-is-kan it Su-pu-na-ah-su 2 ma-na 5 GIN KB [fa-ru-pa-am Kl A-lu-wa 1/3 ma-na KB [fa-ru-pa-am be-u-la-/at Lu-lu DUMU A-sur-is-ti-kal l ma-na KB [f a-ru-pa-am be-u-la-at Su-Istar DUMU Su-ki-tim l ma-na KB [f a-ru-pa-am Kl Su-ma-li-ba-A-sur 5 1/2 GIN KB :ja-ru-pa-am Kl Na-na-a GIN KB li-ti Kl A-sur-GAL DUMU La-qe-ep 2/3 ma-na KB I li-ti sa-ru-pa-am Kl Su-Istar 1/3 ma-na l GIN KB li-ti Kl A-se-ed u A-di-a me-er-i-su 1/2 ma-na KB [fa-ru-pa-am Kl DINGIR-mu-ta-bi4-il5 DUMU A-mur-Istar KB $a-ru-pa-am Kl A-sur-ta-ak-la-/ku DUMU 1-ku-nim l/2 ma-na l 5/6 GIN li-ti Kl Wa-al-di-DlNGIR DUMU Su-Be-lim 5/6 ma-na KB $a-ru-pa-am Kl A-mur-A-/sur DUMU A-bi-a 1/2 ma-na KB $a-ru-pa-/am be-u-la-at Jb-ni-dlM GIN KB $a-ru-pa-am Kl 1-ku-pi-/ A-sur DUMU Puzur4-lstar 12 1/2 ma-na 6 1/2 ma-Ina KB $a-ru-pa-am Kl A-mur-dUTU DUMU Su-A-nim l/3 ma-na KB $a-ru-pa-am be-u-la-at Ki-zi-e l ma-na KB $a-ru-pa-am Kl A-bu-sa-llim ma-na 16 GIN hu-sa-ra-am SlGS fa ik-ri-bi sa A-sur ku-ta-ni qa-tam ma-na AN.NA u 2 ANSE $a-la-mi ii u-nu-su-nu DAM.GAR a-na Su-lstar DUMU Su-ki-tim i-di-in l/2 ma-na KB $a-ru-[pa-amj Kl Su-pu-nu-ma-an 10 GIN KB $a-ru-pa-am Kl Su-Be-lim DUMU Ku-zi-/zi-a ma-na 4 GIN KB $a-ru-pa-am Kl Su-lstar DUMU A-sur-/la-ma-s[i] GIN KB $a-ru-pa-am Kl E-na-A-sur DUMU E-ra-di l/2 ma-na 2 1/2 GIN KB Kl A-mur-lstar,"6 minas of refined silver is owed by Kula- ba, Supun-ahsu and Hanunu.  6 minas of refined silver is owed by  Belum-bani son of Kasiya. 1 1/3 mina of refined silver is owed by  Amur-Istar son of Salim-Assur.  5 minas of litu-silver is owed by Sep-!star  son of Ali-ahum.  1 mina of refined silver is owed by Su- Istar son of Sukkutum. 1/3 mina of refined  silver is owed by Ennam-Adad son of  Assur-malik.  6 2/3 minas 8 shekels of refined silver is  owed by Enna-Suen son of lddin-abum.  2 minas 10 shekels of refined silver is  owed by Irisum son of Amur-Samas. 2 ½ minas of refined silver is owed by  lkun-piya son of Assur-bani.  2/3 mina of litu-silver is owed by Ilaliskan  and Suppun-ahsu. 2 minas 5 shekels of  refined silver is owed by Aluwa.  1/3 mina of refined silver is the working  capital of Lulu son of Assuris-tikal. 1 mina of refined silver is the working cap- ital of Su-Istar son of Sukkutum.  1 mina of refined silver is owed by  Summa-libbi-Assur. 5 ½ shekels ofrefined  silver is owed by N annaya.  10 shekels of litu-silver is owed by  Assur-rabi son of La-qep. 2/3 mina ofre- fined litu-silver is owed by Su-Istar. 1/3 mina 1 shekel of litu-silver is owed by  Ased and his son Adiya.  1 ½ mina of refined silver is owed by  IlI-muttabbil son of Amur-Istar. 1 5/6 mina 4 shekels of refined silver is  owed by Assur-taklaku son of lkunum. ½ mina 1 5/6 shekels of litu(-silver) is  owed by Waldi-ilum son ofSu-Belum. 5/6 mina of refined silver is owed by  Amur-Assur son of Abiya.  ½ mina of refined silver is the working  capital oflbni-Adad. 10 shekels of refined silver is owed by  lkun-pI-Assur son of Puzur-Istar. ½ mina 1 ½ shekel of refined silver is  owed by Abu-salim. 1 mina 7 ½ shekels of  silver is owed by Atata son of Ennanum.  3 5/6 minas 5 ½ shekels of refined silver is  50  owed by Amur-Samas son of Su-Anum. 1 ½ mina of refined silver is owed by  Amur-Samas son ofSu-Anum.  1/3 mina of refined silver is the working  capital of Kize.  1 mina of refined silver is owed by Abu- salim.  55  2 minas 16 shekels oflapis lazuli of good  quality from the votive offerings for  u.e.  Assur, 45 ordinary kutanus, 30 minas of  tin plus 2 black donkeys and their harness  has the merchant given to Su-Istar son of  60 I.e.  Sukkutum. ½ mina of refined silver is owed by  Suppun-uman.  10 shekels of refined silver is owed by Su- Belum son of Kuziziya. 2 minas 4 shekels of refined silver is owed  by Su-Istar son of Assur-lamassI. 12 shekels of refined silver is owed by En- nam-Assur son of Erra-idI.  ½ mina 2 ½ shekels of silver is owed by  Amur-!star."
AKT 6e.pdf,GU 1 ma-na 1 GIN KB it 1 ma-na 1 f GINl GUSKIN qa-qa-su ma-sa-a-am it 3 ma-na GUSKIN sa-am-sa-faml ik-ri-bi : a-na A-sitr ha-bu-la-ku a-na : Is-ta-ar A-su-ri-tim Qa-at-ni-tim it Di-me-tim it-re-e : ik-ri-be ha-bu-la-ku a-na A-nu-ni-tim u-ra-am : ha-bu-la-ku 1/2 ma-na KB ni-is-ha-tim a-na A-sur : ha-bu-la-ku,"I owe as votive offering to Assur 1 talent 1  mina 1 shekel of silver plus 1 mina 1 shekel  of gold, to purify his head, plus a sun-disk  of 3 minas of gold. I owe vulva-ornaments as votive offerings to  !star of Assur, of Qatna and of Dim. I owe a vulva-ornament to Annunitum. I owe ½ mina of silver, import duty, to  Assur."
AKT 6e.pdf,i-na 5 GU 15 ma-Ina SIG.HI.A fa Se-ep-llstar it Sa-lim-wa-ar-di a-na a-la-ni ub-lu-ni SA.BA GU 1 1/3 ma-na URUDU /SI[G5] 1/2 ma-na URUDU la-mu-num,"Of the 5 talents 15 minas of wool that Sep- Istar and Salim-wardI brought to the villages thereof 1 talent 1 1/3 mina of good copper,  32 ½ minas of bad copper and 45 minas ..."
AKT 6e.pdf,1/2 GIN KB a-na A-sur-ma-lik GIN a-na Ba-ba-a-a [x GI]N a-na Su-Ku-bz>[im} i-nu-mi a-na A-limki i-li-/ku-ni a-na ni-/qe-su-nu a-di-in,1 ½ shekel of silver for Assur-malik; 1 shekel for Babaya;  x shekel for Su-Kubum; I gave for their sacrifices when they went to  the City.
AKT 6e.pdf,[x ma-n}a 12 GIN KB [Kl Be-} lum-ba-ni SA.BA [x GI]N KB a-na [x x]-fxl: a-di-in [ a-ha}-ma 1 GIN KB [x x n}im: a-di-i[n} [ x x] KB a-na A-ta-/ta rouMU Su-Ku-bi 1-im : a-su-mi-su a-di-in 1 GIN KB a-na ta-aq-ri-bi-ti-su a-su-mi-su a-di-in,"x mina 12 shekels of silver is owed by Belum- bani. Thereof I gave x shekels of silver to ... Further, 1 shekel of silver ... ... I gave to ...  x silver I gave to Atata son of Su-Kubum on  his account.  1 shekel of silver I gave for offerings on his  account."
AKT 6e.pdf,ki-ra-am A-sur-na-da ki-ru-um (erasure) [Sa]-flim-be-lil [. . .}-as-tz [. .. z]i-a,1 jar: Assur-nada; 1 jar: Salim-hen. 5 rev.
AKT 6e.pdf,TUG[ ... ] lu-bu-[su-um] i-li-b[i] 1-ku-pi-a DUMU A-sur-ba-ni i-na Wa-ah-su-/sa-na a-di-su-um Note concerning a textile for a dress given to Ikun-piya.,"1 ... textile, a dress, is owed by Ikun-piya  son of Assur-bani. I gave it to him in Wahsusana."
AKT 6e.pdf,"TUG ku-ta-ni SIG5 a-na f 5/61 ma-na KB ta-di-in l TUG ku-{si-tit/ lu-bu-si-im a-na 1/3 ma-na 8 GIN fKBl a-na 1-di-A-sitr t[a-di-in] {al-ha-ma l TUG ku-si-t[it] a-na a-sa-at 1-na-ah-DINGIR ta-di-in [x] {ma-na/ 2 GIN fKB is 1-ti A-hu-{qar 1 {x x x/ TUG ku-ta-[nz] a-na {li? 1 [x] fsi-ga-ri 1 ki {x 1 a-na {E-na-na-tim 1 ta-{di-in 1 mi-ma a-nim is-ti [X X Xj-d {x (x) / is"" [x x x] {ik-ra/","2 fine kutanu-textiles sold for 5/6 mina of  silver.  1 robe, for a dress, sold to Iddin-Assur for  1/3 mina 8 shekels of silver. 1 robe was sold to Inah-ilI's wife. x mina 2 shekels of silver owed by Ahu- waqar.  ... kutanu-textiles ... sold to Ennanatum.  All this owed by ..."
AKT 6e.pdf,ku-ta-ni {sal da-tim a-na E-na-ah-/DINGIR a-di-ma a-na qa-ti-/su a-na E ka-ri-/im i-di ku-ta-«na-»nam i-qa-tim sa a-bi 4-/ni a-na qa-ti-lsu u-ta-fht 1,"I gave Enah-ili 2 kutiinus for the fees, and he  deposited them on his account in the office of  the colony. I kutiinu he transferred to his account from  the account of our father."
AKT 6e.pdf,[x] GIN KB [a-]ha-ma 3 GIN [K]B si-im UDU [x] GIN fKBl [a-n]a A-gi-a,"x shekels of silver, further, 3 shekels of  silver, the price of a sheep; x shekels of silver, 5 lo.e. for Agiya."
AKT 6e.pdf,1/4 GIN KB i-na li-bi4 Lu-lu,1 ¼ shekel of silver is owed by Lulu.
AKT 6e.pdf,ma-na URUDU SIG5 1/27 G[IN] KB a-na qa-ftil f x-sJa-ma [GIN K]B a-na sa-hi-[ir-tim mi-m]a a-nim a-n[ a x x a-d]i-in {a-ha-1[ ma x x] KB me-eh-[ra-at x] {xl TUG[ ... ] hu-sa-ri as-pu-ru-su-ni u i-na Ka-ni-is a-di Su-lstar ni-is-u-lu-su GIN KB ga-am-ri IGI 1-ku-pi-a DUMU A-sitr-ba-/ni u i-nu-mi a-se-ri-a i-li-ka-ni 4 1/2 GIN fKBl [a-}na A-lu-a-ma a-di-in,"7 minas of good copper, 2 1/2 shekels of  silver for ... , 2 shekels of silver for small  goods - all this I gave to ... Further, ... silver, corresponding to ... ,  2 textiles ... to the City ... As to the lapis lazuli I sent to him, about  which we questioned him in Kanesh con- cerning Su-Istar, (I paid) 5 shekels of silver, my expenses,  with Ikiin-piya son of Assur-bani as witness;  and when he came to me I gave 4 ½ shekels  of silver to Aluwa as well."
AKT 6e.pdf,GIN K/B :;i-ba-/at ma-na i-li-bi Tu-um-li-la-i-im,"12 shekels of silver, the interest on 2 minas  of silver, is owed by the man from Tumliya."
AKT 6e.pdf,[S]u-pu-na-ah-su :;u-ha-ru-um sa a-we-el-tim i-li-kam-ma su-mi a-we-el-tim ma-na KUG a-na GAL si-mi-il5-tim as-qul,"Suppun-ahsu, the lady's servant, came and  in the name of the lady I paid 2 minas of  silver to the Chief of the Staircase."
AKT 6e.pdf,GIN K/B l !fU-pu-um i-li-bi Hu-ur-su-nu-/ma-an,"15 shekels of silver, 1 white sheep owed  by Hursun-uman ..."
AKT 6e.pdf,i-li-bi4 a-la-hi-nim sa-ap-li-/im sa Tu-um-/li-a ki-maNINDA DUG ar-sa-/tim i-da-nam,50 loaves of bread owed by the lower miller of Tumliya. Instead of the bread he will give me 1 jar  of wheat.
AKT 6e.pdf,1/2 GIN KB me-et ri-ik-si §a qa-nu-e {sa? J Ha-si-u-/m[ a-an] 2: unusual (Babylonian) form for normal me-at.,"10 ½ shekels of silver,  200 bundles of reeds from Hasi-uman ..."
AKT 6e.pdf,e-zi-ib §a fup-pi-su ha-ar-mi-im 2/3 ma-na 5 GIN KB i-na Ii-bi Ku-ti-bi-is a-ha-ma i-nu-mi a-na si-ka-tim a-se-er be-li-su i-li-ku-nt TUG ku-ta-nam fa 1/2 ma-na KB a-di-su-um a-ha-ma ku-ta-NIM SIG5 su-ut i/5-qe,"Apart from (what is mentioned in) his certi- fied tablet Kutibis owes 1 2/3 mina 5 shek- els of silver. Further, when he went to the sikkiitu to his  master I gave him 1 kutiinu-textile worth½  mina of silver."
AKT 6e.pdf,1/2 GIN a-su-mi A-zu e-m[i]-su sa A-lu-wa mu-fa-e u-ra-di,"1 ½ shekel of silver, underweight, I added in  the name of Azu the brother-in-law of Aluwa."
AKT 6e.pdf,a-we-el-tum ta-as-pu-ra-ma ku-ta-nam sa 15 / GIN u su-ul-ha-am sa 4 112 GIN A-lu-a u-bi4-il5,The lady wrote me that Aluwa brought a  kutanu worth 15 shekels and a sulhu worth 4  ½ shekels.
AKT 6e.pdf,1/2 GIN KB a-na sa da-ti-su a-na A-lu-wa a-di-in,I gave 4 ½ shekels of silver for the pay- ment of his fees to Aluwa.
AKT 6e.pdf,1/2 ma-na 3 GIN KB si-im a-ma-tim fi-na tu-wa-J/ri-su [K]B i-sa-/qal,"½ mina 3 shekels of silver, the price of  slave-girls, is owed by ... an. He will pay the silver when he returns."
AKT 6e.pdf,1/3 ma-na r 51 GIN KB si-im am-tim Pe-ru-a {haJ-bu-ul a-na fha-ar 1-pe i-[sa-qal] Note concerning a debt from an Anatolian who has bought a slave-girl.,"Peruwa owes 1/3 mina 5 shekels of silver,  the price of a slave-girl. He will pay by harvest-time."
AKT 6e.pdf,5/6 ma-na I [GIN7] KB si-im su-ul-hi i-li-bi a-we-el-tim Tu-um-li-a-/i-{tim 1,"5/6 mina 1 shekel of silver, the price of 2  sulhus and 3 ordinary (textiles), is owed  by the lady of Tumliya."
AKT 6e.pdf,ma-na [x] GIN KB sa a-we-el-tim Wa-al-di-DINGIR i-di-na-am a-ha-ma l ma-na KB [sa] Ha-ma-ar ip-qi-[dam] [x x] su-ut: i-li-[bi] [Ha]-ma-ar-ma [( . .)] si-im f am? /-t[im J i-li-bi-[su] na-ru-uq SE-um i-li-bi a-we-el-tim,"Waldi-ilum gave me 2 minas x shekels of  silver belonging to the lady. Further, he entrusted to me 1 mina of sil- ver belonging to Hamar. ... he himself ... also owed by Hamar. rev. ... the price of the slave girl is owed by  him.  5 sacks of grain are owed by the lady."
AKT 6e.pdf,[x] GIN KB l su-ru-u[m] a-ha-ma,x shekels of silver plus 1 black textile.
AKT 6e.pdf,[1 D]UG f GIGl 3 a-za-mi-lla-tum ftiJ-ib-nim Kl A-sur-ma-/lik DUMU dA-sur-dUTU-si DUG GIG Kl Sa-pu-na-ah-su DUG GIG Kl Wa-la-a DUG SE-um Kl Wa-la-ma DUG GIG Kl Wa-al-ku DUG GIG Kl Hu-da l na-ru-uq 2 DUG SE-um Kl 1-na-ar DUMU E-la-li l na-ru-uq 3 DUG SE-um SA.BA 2 DUG ar-sa-tum Kl Du-nu-um-na $U{-ha-ri-im} sa Ha-su-i GAL re-[i] SUNIGIN' 7 na-ru-u[q lu SE-um lu ar-s [ a-tum J,"1 jar of wheat, 3 sacks of straw is owed by Assur-malik son of Assur-samsI; 3 jars of wheat owed by Sappun-ahsu; 3 jars of barley owed by Walama; 1 jar of wheat owed by Walku; 1 sack 2 jars of barley owed by Inar son of 1 sack 3 jars of grain, thereof 2 jars of wheat, owed by Dunumna, the servant of Hasui, the chief of shepherds. In all: 7 sacks, both barley and wheat."
AKT 6e.pdf,[ X] GIN KB i-li-bi [E]-wa-ri-mu-sa l 0 GIN KB i-li-bi A-mur?'-Jstar 10 GIN KB i-li-bi: A-lu-wa 1/2 GIN KB i-li-bi Ki-fzi7 l 1/2 GIN KB i-li-bi U-su-ha-ta 13 1/2 GIN KB [i-]li-bi A-ra-sa i-na [sa Tu]-uh-tu-ha-ni [i-sa-qal],x shekels of silver owed by Ewarimusa; 10 shekels of silver owed by Amur-Istar;  10 shekels of silver owed by Aluwa; 7 ½ shekels of silver owed by Kizi;  16 ½ shekels of silver owed by Ushata;  13 ½ shekels of silver owed by Arasa.  He will pay at the festival of Tuhtuhanu.
AKT 6e.pdf,"me-at 21 ma-na URUDU si-ku-um is-ti I-tur4-DINGIR u a-hi-su l me-at 27 ma-na URUDU is-ti Ma-li-ti-i/5 l O ma-na Kl Ha'-ma-li-a [. . .] 1/2 ma-na URUDU is-ti [ .. .] ma-n[a is-t]i fxJ-ma-a [ .. .] is-tu [. . .J fis-tiJ [. . .J u-lci a-$[e-er] ma-na URUDU{sal i-si-lim ku-ta-ni-a i-fx J-[. . .] Su-Nu-nu DUMU Su""-da-[ a .. .] URUDU wa-ar-ka-num [. . .] a-di-in",221 minas ofsikku-copper owed by Itiir- ilI and his brother;  127 minas of copper owed by Malitil;  10 minas owed by Hamalia; ... 9 ½ minas of copper owed by ... ; 2 minas owed by ... maya ... ... of my kutanus ... l gave the copper later  to Su-Niinu son of Sudaya. Le.
AKT 6e.pdf,[ x+] 5 ma-na hu-sa-ru-um [x+] 1 GU URUDU SIG5 [ x] ANSE $a-lei-mu r u 1 u-nu-su : 20 ma-na [si-k]u-um me-at l 0 [si-Jpci-ra-tum a-na [$e-]ri-su si-n[ a .. .] [mi]-ma a-ni-[ .. .],"x+5 minas of lap is lazuli,  x+ 1 talent of good copper,  x black donkeys and their harness,  20 minas of sikku-copper,  110 bronze pins - to him ..."
AKT 6e.pdf,KB a-na A-na-li-lma GIN KB a-na ni-qe-su a-na A-sur-ma-/lik DUMU Jli5-ma-<al->ki a-di-in 1 GIN KB a-na DUMU A-mur-A-sur i-[nu-mi] a-na A-fimki i-li-ku a-na ni-qe-su a-di-i[ n],... silver for Anna-in and 1 shekel of silver  for his sacrifices I gave to Assur-malik son  of IlI-malkI. I gave 1 shekel of silver to Amur-Assur's  son for his sacrifices when he went to the  City.
AKT 6e.pdf,GIN KB i-nu-mi a-na A-fimki En-na-Sit-in DUMU Ku-bi-ku a-di-su-um,I gave 9 shekels of silver to Enna-Suen  when he ... to the City.
AKT 6e.pdf,1/2 ma-na URUDU SIG5 a-na a-we<-el>-ltim Tit-um-[li-a-tim J Wa-a[l]-/di-DINGIR u-bi-il 5,Waldi-ilum brought 5 1/2 minas of good  copper to the lady from Tumliya. 5 rev.
AKT 6e.pdf,fTUGl u-la i-di-na-ku-um [i]-tit-ra-ma 9 GIN KB,he did not give you a textile.  He returned and 9 shekels of silver ...
AKT 6e.pdf,"GIN KB ni-qi-i-su sa A-sur-ma-lik DUMU A-la-hi-im a-di-in i-nu-mi U-$u-ur-sa-Istar li-ti-su : e-pu-su-ni GIN KB ni-qi-i-su u-se-bi-i/5-su-um : i-nu-mi ma-ha-i E ls-ha-ra e'-li-u-ni 5 GIN KB ni-qi-i-su : a-di-su-um i-nu-mi Be-lum-ba-LIM DUMU NU.BANDA 2 GIN KB ni-qi-i-su : a-di-in a-na a-he-su 1 GIN TA rKBl a-di-in a-na A-sur-ba-ni DUMU Ku-ta-a 2 GIN KB ni-qi-i-su : a-di-in 1/2 GIN KB a-na Dan-A-lsur DUMU Puzur4-A-sur ni-qi-i-su a-di-in 3 GIN KB a-na Be-la-nim DUMU Su-A-sur [ni-q}i-i-su a-di-in 2 GIN rKBl a-na Puzur4-A-/na DUMU 1-di-dIM ni-qi-i-su a-di-in 1 GIN KB ni-[ qi-i-}su a-na Su-Zu-zu a-di-in GIN KB a-na A-[s}ur-/[x-]ri ni-qi-i-su a-di-in GIN KB a-na Ah-sa-lim ni-qi-i-su : ak-ru-ub 1 GIN KB a-na 1-na-Su-in a-di-in Su-A-fnim7 J 11-12: the lieutenant was Assur-bel-awatim, Salim-Assur's brother.",I gave 2 shekels of silver for the sacrifices  of Assur-malik son of Ali-ahum; when U~ur-sa-Istar made ... I sent him 2  shekels of silver for his sacrifices; when my uncle went up to the temple of  Ishara I gave him 5 shekels of silver for  his sacrifices; when Belum-bani son of the lieutenant ...  I gave 2 shekels of silver for his sacrifices;  I gave 1 shekel of silver each to his broth- lo.e.  ers;  15 rev. I gave to Assur-bani son ofKutaya 2  shekels of silver for his sacrifices; I gave 2 ½ shekels of silver to Dan-Assur  son of Puzur-Assur for his sacrifices;  I gave 3 shekels of silver to Belanum son  of Su-Assur for his sacrifices;  I gave 2 shekels of silver to Puzur-Anna  son of Iddin-Adad for his sacrifices; I gave 1 shekel of silver for his sacrifices  to Su-Zuzu;  I gave 1 shekel of silver to Assur-.. ri for  his sacrifices;  I dedicated 1 shekel of silver to Ah-salim  for his sacrifices; I gave 1 shekel of silver  to Enna-Suen.  Su-Anum. 30 u.e.  Le.
AKT 6e.pdf,GIN a-na En-nam<-A-sur> DUMU E-la-ma a-di-in GIN KB a-na ra-bi4-~i-/su a-di-in 2 GIN KB a-na Puzur4-A-sitr DUMU A-sitr-da-an : a-di-in ma-na URUDU da-mu-qa-lam a-na 1-na-Su-in DUMU l-di-na-bi4-im a-di-in 2 GIN KB a-na Su-lstar DUMU Su-ki-tim ni-qi-su a-di-in 2 GIN KB a-na Puzur4-A-sitr i-nu-mi a-na A-limki i-li-ku ni-qi-i-su a-di-in i-nu-mi a-ma-su : e-hu-zu-/ni GIN KB a-na am-ti-/su a-di-in i-nu-mi Puzur4-lstar a-ma-su e-hu-zu-ni 1 GIN KB a-na am-ti-su : a-di-in,I gave 2 shekels to Ennam-Assur son of  Elamma;  I gave 1 shekel of silver to his attorney;  I gave 2 shekels of silver to Puzur-Assur  son of Assur-dan; I gave 1 mina of refined copper to En- na-Suen son of Iddin-abum; I gave 2 shekels of silver to Su-Istar son  of Sukkutum for his sacrifices; I gave 2 shekels of silver to Puzur-Assur  for his sacrifices when he went to the City; when he married his maid I gave 1 shekel  of silver to his maid; when Puzur-Istar married his maid I gave  1 shekel of silver to his maid.
AKT 6e.pdf,GIN AN!_NN i-na li-bi 4 Be-la-nim a-di-in,I gave 10 shekels of tin to Belanum's pos- session.
AKT 6e.pdf,[x ma-na] fURUDUl S[IG5] A-bu-um-DINGIR 4 ma-na URUDU SIG5 dUTU-ba-ni ma-na URUDU SIG5 DUMU 1-ku-nim 2 GIN KB [1-d]i-a-bu-um DUMU [x x x x] 2 GIN KB [x x x x] DUMU [x x x x] 2 GIN [KB X X x] DUMU Ka-bi4-a [x x x K]B Puzur4-/A-sur {x x-nuJ-ma 2 GIN KB 1-sar-be-li fa E En-um-A-sur a-ni-qi-a i-di-nu-nim,x minas of good copper:  Abum-ilI; 4 minas of good copper:  Samas-bani; 2 minas of good copper: Ikiinum's son; 2 shekels of silver: Iddin-abum son of ... ; 2 shekels of silver:  ... son of ... ;  2 shekels of silver:  . .. son of Kabiya;  ... silver: Puzur-Assur ... ; 2 shekels of silver: Isar-belI of the house  of Ennam-Assur; they gave it to me for my sacrifices.
AKT 6e.pdf,E-lu-hu-ut f 101 GIN AN.NA u sal-/sa-tim [En-] na-nu-um,9 shekels of tin: Eluhut; 10 shekels of tin and the profit: Ennanum;
AKT 6e.pdf,fKISIB Na-bi l-Su-in it Ku-zi-zi-<a> a-na 1-di-A-sur 40 LA 2 ma-na line 3: we may just possibly read [En-n]am-A-sur instead.,Seal of Nab-Suen and Kuziziya; to Id- din-Assur:  40 less 2 minas ...
AKT 6e.pdf,GIN KB a-na E-na-ah-DINGIR 1/4 GIN a-na sa ra-qi-tim [x x] a-na UH.ME [x x x x]-lri-im 1/6 GIN a-na ga-la-bi4-im,3 shekels of silver for Enah-ilI; ¼ shekel for the ... of a thin textile ... to the priest ... ; 1/6 shekel for the barber.
AKT 6e.pdf,DUG GIG 2 DUG ba-lpi-ru-um ma-na URUDU ma-na Kl Pe-ru-lwa G-$e-er /Up-pt-SU la ta-hu-it DUG SE-um 1/2 DUG GIG Kl Su-mi-a-wi na-ru-uq SA.BA DUG ar-sa-tim Kl Si-li-it-ma-an it Wa-la-a,"1 jar of barley,½ jar of wheat owed by  SumI-awi.  2 sacks, thereof 2 jars of wheat, owed by Sili-uman and Walaya."
AKT 6e.pdf,1/2 GU 2/3 ma-na 5 I GIN AN.NA is-tu ni-is-ha-tim ni-di-nu : ni-is-ni-iq 1/2 GIN TA KUG.BI 5/6 ma-na 3 1/2 / GIN ku-ta-nu 1/2 GIN TA KB-ap<-su>-nu ma-na 5 1/2 I GIN sA fa 2 ku-ta-/ni 1/3 ma-na 3 GIN K/B A-sur-be-el-a-wa-ltim i-sa-qal SUNIGIN ma-na LA 1 GIN KB ~a-ru-pu-um is-ti DUMU 1-su-/rik,"We checked 1 ½ talent 2/3 minas 5 shek- els of tin after we gave the import duty. At the rate 11 ½ to 1 its silver value was 7  5/6 minas 3 ½ shekels.  37 kutanus: at 11 ½ shekels a piece, the  silver value was 7 minas 5 ½ shekels. 10 rev. Thereof Assur-bel-awatim will pay 1/3  mina 3 shekels for 2 kutanus. In all: 15 minas less I shekel of refined  silver is owed by Issu-arik's son."
AKT 6e.pdf,me-at TUG ku-ta-n[t] GU AN.NA u i[t-ra-su] ANSE.HI.A sa Su-Be-lum u 1-tur/-DINGIR: i-n[a .. .] u Ti-me-el-ki-a: is-[ni-qu-ni] a-na ta-sf-at AN.N[A] u TUG.HI.A is-tu Ha-hi-im a-di Hu-ra-ma 2 ma-na 10 [GIN] KB as-qul 1 ma-na KB a-na si-ip-ri sa a-na Ha-[hi-im] a-~e-er lu-qu-tim as-ta-pu-ru : ga-me-er [x x x x-]na a-na [x x] 5/6 ma-na [. . .] [x x]-na ra-bi4-$i-[im (. . .)] [x x] l/2 ma-na [. . .] [x x] 25 TUG[ ... ] [x x] 30 ma-n[a .. .] Su-Ku-bu-um i-di-nam TUG ku-ta-ni A-zu [. . .] i/5-qe 56 TUG ku-ta-ni E-di-na-/a i-na Hu-ra-ma a-na ku {x 1 [. . .],"As to the 100 kutanu-textiles, 4 talents  of tin and its addition, 5 donkeys that  Su-Belum and Itur-ilI checked in ... and  Timelkiya, I paid 2 minas 10 shekels of  silver for carriage of the tin and the tex- tiles from Hahhum to Hurama. 1 mina of silver was spent on the messen- gers I sent off to Hahhum for the goods. . . . for the attorney ...  ... 1/2 mina ...  . . . 25 textiles ...  ... 30 minas ...  ... and 35 textiles  Su-Kubum gave to me .  Azu ... received 2 kutanu-textiles .  Eddinaya ... 56 kutanu-textiles in Hurama  for ..."
AKT 6e.pdf,ma-na KB $G-ru-pa-am sa-du-a-su sa-bu-u a-na Ka-sf-a DUMU Am-ri-a IGI A-mur-A-sur DUMU Da-da IGI Ba-da-ti-a DUMU 1-ku-pi-[. . .] ap-qi-id-ma: a-na A-lim[ki] a-$e-er Ka-ba-a DUMU Wa-[. .. J Su-Nu-nu : it Ka-pa-ti-a a-he-a: u-bi4-i[!J TUG ku-si-[ta-an] sa Su-bi-r[i-im] a-na A-m[ur-lstar DU]MU 1-di-[Su-]/en a-di-in [ x TUG] ku-si-a-/tim sa Su-bi-ri-im a-na <lMAR.TU-fba-ni/ DUMU {Ma/-na-na a-[di-in] 1/2 ma-na 6 GIN [KB is-ti] A-{sur/-SIPA DUMU 1-di-S[u-in] 2/3 {ma-na/ 2 GIN KB is-ti Sa-lim-A-sur [+x] GIN KB ku-nu-ku-a : i-ba-si ma-na AN.NA ga-am-ri sa ha-ra-nim : u-ku-ul-/ti $U-ha-ri-a u ANSE-ri-a : ga-am-ri u-ku-ul-ti: it lu-bu-si sa a-na-kam : is-ti ka-ri-im,"I entrusted 4 minas of refined silver, its  transport tariff paid for, to Kasiya son of  Amriya with Amur-Assur son of Dada and  Badatiya son of Ikun-pI-... as witnesses,  and he brought it to the City to Kabaya  son of Wa ... , Su-Nunu and Kapatiya, my  brothers. 2 Subarean robes I gave to Amur-Istar son  of Iddin-Suen. x Subarean robes I gave to Amurrum-bani  son of Manana. ½ mina 6 shekels of silver owed by Assur- re 'I son of Iddin-Suen.  2/3 mina 2 shekels of silver owed by  Salim-Assur. 1 0+x shekels of silver is available under  my seal.  7 minas of tin: expenses on the journey,  food for my servants and for my donkeys. My expenses, food and clothes that here  with the colony ..."
AKT 6e.pdf,l/2 ma-na a-be-a-lim a-na U-~u-ur-sa-A-sur DUMU Am-ri-a l/3 ma-na A-sur-be-el-a-wa-tim a-me-er-i-su it Sa-ti-li 1/3 ma-na a-Ka-lu-ba 1/3 ma-na a-be-a-[lim] GIN a-ta-a[ d-mi-iq-tim] a-na A-sur-DUG DUMU Ar-si-ah a-di-i[n] IGI Kur-ub-Istar a-hi-su GIN Tit-ra-a GIN a-na ra-bi4-im GIN a-na ~a-ah-ri-im a-na me-er-e: A-mur-Jstar ni-a-im mi-ma a-nim a-na be-a-lim a-di 15 GIN a-na am-ti-su a-di-in l ma-na 17 GIN Kl A-ku-za-nim,"½ mina for a working capital to U~ur-sa- Assur son of Amriya;  1/3 mina: Assur-bel-awatim to his son and  Sat-ilI; 1/3 mina to Kaluba;  1/3 mina for a working capital;  10 shekels I gave as a free loan to Assur-tab  son of Arsi-ah; witnessed by his brother Kurub-Istar; 10 shekels to Turaya;  5 shekels to the big one,  10 shekels to the small one - to our own  Amur-Istar's sons - all this I set down as working capitals. I gave 15 shekels to his maid."
AKT 6e.pdf,na-ru-qa-lt[um] na-~i-a-tum e-ba-al si-ka-tim,"11 tom(?) sacks, 9 ropes with pegs ..."
AKT 6e.pdf,ITI.1.KAM A-la-na-tum Ii-mu-um A-sur-i-di sa i-li-dan u Sa-Ii-a {fup /-pa-as-nu ITI.1.KAM Ku-zal-li : Ii-mu-um A-sur-i-di sa A-sur-is-ti-kal ITI.1.KAM sa ke-na-tim Ii-mu-um sa qa-ti <lJM-ba-ni sa A-sur-GAL Su-lstar u A-for-DUG a-hi-su,"Month Allaniitum, eponymy Assur-idI: the  tablets of III-dan and Salliya. Month Kuzallu, eponymy Assur-idI: concern- ing Assuris-tikal. Month Sa-keniitim, eponymy after that of  Adad-bani: concerning Assur-rabi, Su-lstar  and his brother Assur-tab."
AKT 6e.pdf,ma-na 6 GIN ~a-ru-pu-um DUMU E-ra-di GIN KB Si-la-da-ad E ka-ri-/im ip-qi-du-nim,1 mina 6 shekels of refined (silver): the son of  Erra-idI; 16 shekels of silver: Silli-Adad; they entrusted it in the office of the colony.
AKT 6e.pdf,[x X X X u]-ku-ul-ti [x X X u-]ku-ul-ti-[su-]lnu [x x x]-su-nu [x x x J ruRUDUl as-qul [x x x] da-tum [x X X ]-be : lu a-la-/qe [x x x]-zi-im [x X a-]na Wa-ah-su-sa-lna [x x x] 1 1/2 ma-na URUDU [x x x] i-na wa-ar-fki-iml fi-nu-mi bi'-x-ki' 1-im a-na Wa-ah-su-sa-na a-li-ku-u ma-na da-tum ik-su-da-ni,... fees  . . . I shall take . ... to Wahsusana  ... 1 ½ mina of copper  ... later  ... when ... I went to Wahsusana the fees amounted to  ½ mina.
AKT 6e.pdf,a-na me-er-i-su 2 [ ... ] DUMU 1-tur)-DINGIR 2 GIN[ ... ] DUMU ru-ba-im 1 1/2 GIN a-[na x x] {xJ DUMU A-{niJ-nim 3 GIN Su-Su-i[n mi-ma a-nim a-na E-na-A-sur DUMU [ ... ] 1/2 GIN Su-Ku-bu-um DUMU U-zu-a 1/2 GIN 1-sci-a 2 1/2 GIN A-mur-ka ti [.. DUMU] [x} {xJ-ba-ni 1 1/2 GIN U-zu-bi4-is-[ku-um} [ ... ] 10 GIN 1-di-Ku-bu-um [. .. a-na} me-er-i-su 1 GI[N ... ] [ ... ]GIN Seil-[. . .} [. . .} {ku-siJ-[tum .. .} [. . .} {kuJ DUMU [ ... ] [. . .] {A-lci-bu-um J [. . .} [. . .} {x li-li J [. . .} [. . .} {sa-tim 1 1/2 GIN J [ ... ] [(.) mi-]ma a-nim : A-sur-ta-[ak-lci-ku] [. . .} {ta-di-na a-di-ni J [. . .} [. . .} {x ta-e-ru-nim J,"...... -bum son of ...  for his son. 2 ... 3 shekels of silver and 50 loaves of bread  for his ... 2 shekels when he went to the  City. All this for Ennam-Assur son of ...  I ½ shekel: Su-Kubum son of Uzuwa.  10'  1 ½ shekel: Isaya. 2 ½ shekels of silver: ... son of ... -bani. 1 ½ shekel: Uzub-iskum. ... 10 shekels: Iddin-Kubum.  ... for his son. 1 shekel: ... rev. ... a robe 5""  ... Ali-a bum ... all this: Assur-taklaku"
AKT 6e.pdf,TUG sa qa-tim l-tur4-DINGIR ils-qe,Itur-ilI has received one textile of ordinary quality
AKT 8 2015.pdf,ma-na KÙ.B.,15 shekels of silver
AKT 8 2015.pdf,ni-is-ha-sú DIRI,"its excise added,"
AKT 8 2015.pdf,!a-du-a-sú !a-bu,"his transport fee paid,"
AKT 8 2015.pdf,ku-nu-ki-a a-na,under my seal
AKT 8 2015.pdf,IGI 'u-I!tar,In the presence of
AKT 8 2015.pdf,DUMU 'u-ki-tim,%ukutum (and)
AKT 8 2015.pdf,IGI A-!ur-ma-lik,"of A""""ur-m&lik,"
AKT 8 2015.pdf,DUMU 'a-ba-ha-nim,son of %abah&num.
AKT 8 2015.pdf,ma-na KÙ.B. $a-ru-pu-um,"10 mina of refined silver,"
AKT 8 2015.pdf,ni-is-ha-sú DIRIG,"its excise added,"
AKT 8 2015.pdf,!a tám-kà-ri-im,"belonging to the merchant,"
AKT 8 2015.pdf,a-na I-li-a,for Iliya and the
AKT 8 2015.pdf,ù !a ki-ma Lá-qé-ep,"representatives of L&-q#p,"
AKT 8 2015.pdf,ù  a-ha-ma * ma-na,and separately * mina of silver
AKT 8 2015.pdf,l.e. 1 GÍN KÙ.B. !é-bu-ul-tù-!u,"1 shekel of silver,"
AKT 8 2015.pdf,rev. * ma-na KÙ.B.,* mina of silver
AKT 8 2015.pdf,!a 3 TÚG e-pí-!é-e,"for 3 %pi!u-textiles,"
AKT 8 2015.pdf,GÍN !é-bu-ul-ta-!a,"3 shekels of silver, her"
AKT 8 2015.pdf,a-na 'í-!a-ra,"consignment for %$-""arra"
AKT 8 2015.pdf,mì-ma a-nim !a Lá-qé-ep,all this of L&-q#p.
AKT 8 2015.pdf,) ma-na  KÙ.B.  a-na Da-dí-a,") mina of silver for Dadiya,"
AKT 8 2015.pdf,* ma-na  a-na En-nam-A-!ur,"* mina for Ennam-A""""ur,"
AKT 8 2015.pdf,* ma-na  a-na A-!ur-re-$í,"* mina for A""""ur-r#($,"
AKT 8 2015.pdf,3 GÍN a-na A-!ur-re-$í,"3 shekels for A""""ur-r#($,"
AKT 8 2015.pdf,u.e. !a E-lá-ma mì-ma,"of Elamma, all this"
AKT 8 2015.pdf,le.e.  a-na 'u-Be-lim áp-qí-id,I entrusted to %u-B#lum. In the
AKT 8 2015.pdf,IGI A-!ùr-na-da  DUMU A-!ùr-i-dí,"presence of A""""ur-n&d&, son of A""""ur-id$,"
AKT 8 2015.pdf,IGI 'u-Sú-in DUMU 'u-Hu-bu-ur,"(and) of %u-Suen, son of %u-Hubur."
AKT 8 2015.pdf,"A memorandum, with very cursive writing, on silver sent to Assur via +/,nah-il$, presumably","written by or for Elamma, since it mentions silver for his daughter Umm$-I""hara. We also know"
AKT 8 2015.pdf,ma-na  KÙ.B.,15 minas of silver
AKT 8 2015.pdf,ni-is-°ha¿-sú  DIRI,"the excise on it extra,"
AKT 8 2015.pdf,!a-du-a-sú  !a-bu,"his transport fee paid,"
AKT 8 2015.pdf,a-na  I-na-ah-°DINGIR¿,I gave to +nah-il$.
AKT 8 2015.pdf,a-dí-in  2  ma-na  KÙ.B.,2 minas of silver
AKT 8 2015.pdf,a-na  ú-#í-tim,for storing
AKT 8 2015.pdf,a-dí-!u-um,I gave him.
AKT 8 2015.pdf,( ma-na  KÙ.B.,' mina of silver (from)
AKT 8 2015.pdf,ta-ad-mì-iq-ta-!a,"her free loan,"
AKT 8 2015.pdf,rev.  2  GÍN  KÙ.B.  !é-bu-ul-/ta-!a,2 shekels of silver a shipment
AKT 8 2015.pdf,!a  Um-mì-I!-ha-ra,"for Umm$-I""hara."
AKT 8 2015.pdf,13'  GÍN  KÙ.B.,"13 ' shekels of silver,"
AKT 8 2015.pdf,ta-ad-mì-iq-tù-!u,his free loan
AKT 8 2015.pdf,![a]  *[B]e-lá-nim,for B#l&num.
AKT 8 2015.pdf,°2¿* [GÍN !]é-bu-ul-tum,2 shekels a gift
AKT 8 2015.pdf,!a  *Puz<ur4>?-lá-áb-ra-at,for Puzur?-Ilabrat.
AKT 8 2015.pdf,mì-ma KÙ.B.  a-nim,"All this silver,"
AKT 8 2015.pdf,u. e. ni-is-ha-sú  DIRIG,"the excise on it extra,"
AKT 8 2015.pdf,le.e. !a-du-a-sú  !a-bu,his transport-fee paid
AKT 8 2015.pdf,I-na-ah-DINGIR ú-bi4-il5,+nah-il$ has brought away..
AKT 8 2015.pdf,"Puzur4, cf. also 10*:48, ME-lá-áb-ra-at.","21. My translation expresses that the verb implies that he has left Kanesh for Assur, not that he"
AKT 8 2015.pdf,ma-na  KÙ.B  $a-ru-pá-°am¿,"10 minas of refined silver,"
AKT 8 2015.pdf,ni-is-ha-sú  DIRI,"its excise added,"
AKT 8 2015.pdf,a-na  Ku-da-dim  ip-qí-id-/ma,has entrusted to Kud&dum and
AKT 8 2015.pdf,a-na  Èr-ra-ili5  ú,he has brought it to Erra-il$ and
AKT 8 2015.pdf,Ku-da-dim  a-!í-a-ma-tim,"Kud&dum for making purchases,"
AKT 8 2015.pdf,a-na AN.NA  !a-a-mì-im,to buy tin.
AKT 8 2015.pdf,ú-(erasure)-bi4-il5  KÙ.B  !a  E-°lá-ma¿,The silver belongs to Elamma.
AKT 8 2015.pdf,10  ma-na  KÙ.B,"10 minas of silver,"
AKT 8 2015.pdf,l.e. ni-is-ha-sú   DIRI,"its excise added,"
AKT 8 2015.pdf,rev. !a-du-a-sú   !a-bu,"his transport fee paid for,"
AKT 8 2015.pdf,a-na  A-lá-bi4-im  ip-qí-id-/ma,entrusted to Ali-abum and
AKT 8 2015.pdf,a-na  A-lá-bi!(HI)-im  'u-lí,"he brought it to Ali-abum!,"
AKT 8 2015.pdf,ú  Èr-ra-ili5  ú-bi4-il5,%uli and Erra-il$.
AKT 8 2015.pdf,IGI  'u-Ku-bi4-im  DUMU  Qá-a-tim,"In the presence of %u-K!bum, son of"
AKT 8 2015.pdf,IGI  A-!ur-na-da,"Qa’atum, of A""""ur-n&d&,"
AKT 8 2015.pdf,DUMU A-!ur-i-dí,"son of A""""ur-id$."
AKT 8 2015.pdf,12  TÚG  E-lá-ma,12 textiles Elamma
AKT 8 2015.pdf,a-na  A-lá-hi-im,gave to Ali-ahum
AKT 8 2015.pdf,le.e. i-dí-in  IGI  A-!ur-°na¿-[da],"in the presence of A""""ur-n&d&"
AKT 8 2015.pdf,IGI  Lá-qé-ep,(and) of La-q#p.
AKT 8 2015.pdf,"they also have to make purchases with it there, together with Erra-il$.","15. The name is emended, because I assume that the situation was the same as in lines 5, he was"
AKT 8 2015.pdf,KI%IB 'u-Ku-bi-im DUMU Qá-a-tim,"Seal of %u-K!bum, son of Qa’atum,"
AKT 8 2015.pdf,KI%IB 'u-I!tar DUMU Da-da-/nim,"seal of %u-I""tar, son of Dad&num,"
AKT 8 2015.pdf,KI%IB A-<<lá>>-!ur-lá-ma-sí,"seal of A""""ur-lamass$,"
AKT 8 2015.pdf,!a  1  me-at  5  TÚG  ku-ta-nu,"concerning 105 kut""nu-textiles,"
AKT 8 2015.pdf,GÚ  20  ma-na  AN.NA,4 talents 20 minas of tin
AKT 8 2015.pdf,ku-nu-ki  40  ma-na  AN.NA  qá-/tim,"under seals, 40 minas of loose tin,"
AKT 8 2015.pdf,TÚG  !u-ru-tum  qá-dum,"13 dark textiles, including"
AKT 8 2015.pdf,!a  li-wi-tim  6  AN%E,"those for wrapping, 6 donkeys,"
AKT 8 2015.pdf,TÚG  ku-ta-ni  !a  kà-$a-re,"4 kut""nu-textiles of the transporters,"
AKT 8 2015.pdf,TÚG  ku-ta-nu  !a  Ì-lí-a,"1 kut""nu-textile of Iliya -"
AKT 8 2015.pdf,mì-ma  a-nim  a-na,all this we entrusted
AKT 8 2015.pdf,envelope (communicated to me by Ay-e Karaduman) occurs on our envelope.,"seal C = CS 1161 = *158B, with inscription written between the figures: A-!ur-lá-ma-sí /"
AKT 8 2015.pdf,DUMU A-lá-hi-im.,"seal D = CS 1162 = ATHE 1 seal a = p. 110, 26 (drawing Teissier no. 391), the seal of %u-"
AKT 8 2015.pdf,a-na  um-mì-a-ni-a,"To my principals,"
AKT 8 2015.pdf,Da-dí-a : ù  En-nam*!-A-!ur,"Dadiya and Ennam-A""""ur,"
AKT 8 2015.pdf,16) ma-na KÙ.B. $a-ru-pá-am,"“16) minas of refined silver,"
AKT 8 2015.pdf,ku-nu-ki-a : ni-is-ha-sú  DIRI,"under my seals, its excise"
AKT 8 2015.pdf,!u-ma : a-na  ma-la,"If, following my instruction"
AKT 8 2015.pdf,té-er-tí : i-li-kà-ku-nu-tí-ni,"that reached you,"
AKT 8 2015.pdf,l.e. 30  ma-na  KÙ.B.,you have indeed borrowed
AKT 8 2015.pdf,a-na  $í-ib-tim,30 minas of silver
AKT 8 2015.pdf,rev. ta-al-qé-a-nim,at interest and you have made
AKT 8 2015.pdf,ù  !í-ma-am  ta-á!-a-ma-/nim,"purchases (with it) for me,"
AKT 8 2015.pdf,KÙ.B. a-!ar  ta-al-qé-a-ni,then pay back the silver where
AKT 8 2015.pdf,ta-e-ra : !u-ma,you have borrowed it. If
AKT 8 2015.pdf,la ta-al-qé-a-nim  (erasure),"you have not (yet) borrowed it,"
AKT 8 2015.pdf,a-na  KÙ.B. !a  A-!ur-na-da,"then buy for me kut""nu's for the silver"
AKT 8 2015.pdf,na-á!-a-ku-nu-tí-ni ku-ta-ni(m),"which A""""ur-n&d&"
AKT 8 2015.pdf,!a-ma-ni-ma,is bringing you and
AKT 8 2015.pdf,ih-da-ma : a-na *ba-ra-im,take care that they reach me
AKT 8 2015.pdf,li-°ik¿-!u-du-nim,before the suspension of raffic.”
AKT 8 2015.pdf,"necessarily a professional money-lender, but could be an active trader, who at some point had","silver available. The loan probably was a short-term one, when there was a temporary shortage"
AKT 8 2015.pdf,a-na  En-nam-A-!ùr  ù  Da-dí-a,"Say to Ennam-A""""ur and Dadiya,"
AKT 8 2015.pdf,ma-na  KÙ.B. ni-is-ha-sú,"“15 minas of silver, its excise"
AKT 8 2015.pdf,GÍN  KÙ.GI  ni-is-ha-sú  DIRI,"15 shekels of gold, its excise added,"
AKT 8 2015.pdf,)  ma-na  KÙ.B. ni-is-ha-sú  DIRI,") mina of silver, its excise added,"
AKT 8 2015.pdf,) ma-na KÙ.B. a-na A-!ur-ta-ak-/lá-ku,"Give ) mina of silver to A""""ur-"
AKT 8 2015.pdf,l.e.. DUMU  Lu-ra-áb-a-ku  dí-na-ma,"takl&ku, son of L!-rab’&ku, and"
AKT 8 2015.pdf,rev. #up-pá-am !a  hu-bu-li-a  er-!a-!u,ask him for my debt-note.
AKT 8 2015.pdf,!u-ma  !u-ut  lá-!u-ú  E-lá-lí!(MA),"If he is not present, Elal$!, son of"
AKT 8 2015.pdf,DUMU  Sú-a-a  !a-zu-uz-tù-!u,"S!aya, is his representative."
AKT 8 2015.pdf,) ma-na  KÙ.B. a-na A-lá-hi-/im,"Pay ) mina of silver to Ali-ahum,"
AKT 8 2015.pdf,DUMU E-na-ah-DINGIR !u-uq-lá-!u-ma,"son of +nah-il$, and ask him"
AKT 8 2015.pdf,ma-na  KÙ.B. er-!a-!u-ma !a li-/bi4-!u,for the 1 mina of silver he still owes
AKT 8 2015.pdf,a-na  li-bi4  !a  <É> A.BA  !a  ba-ri-/ni,and add it to that of the paternal estate
AKT 8 2015.pdf,!a  A-lá-hi-im  ú  i-a-tí  i-dá-!u*,that belongs to Ali-ahum and me jointly
AKT 8 2015.pdf,ú  té-er-ta-ku-nu  li-li-kam,and then report to me.
AKT 8 2015.pdf,!u-ma  a-ma-lá  té-er-tí  pá-ni-tim,"If, following my earlier instruction that"
AKT 8 2015.pdf,!a  °á!-pu¿-ra-ku-nu-<tí>-ni  30 ma-na,"I sent to you, you have already"
AKT 8 2015.pdf,KÙ.B.  !í-ma-am  ta-á!-a-ma-nim,"purchased 30 minas of silver,"
AKT 8 2015.pdf,%À.BA !a 1 ma-na  !í-ma-am,then use 1 mina of this amount
AKT 8 2015.pdf,u.e. !a A-ki-dí-é  !a-ma-nim,for buying Akkadian textiles.
AKT 8 2015.pdf,a-na a-ni-im  KÙ.B.  AN.NA,Buy for the present
AKT 8 2015.pdf,le.e. !a-ma-nim,silver tin.”
AKT 8 2015.pdf,ù En-nam-A-!ur  qí-bi4-ma,"and Ennam-A""""ur,"
AKT 8 2015.pdf,ma-na  KÙ.B. $a-ru-pá-am,"“D&n-A""""ur is on his way to you"
AKT 8 2015.pdf,ni-is-ha-sú : DIRI,"with 24 minas of refined silver,"
AKT 8 2015.pdf,!a-du-a-sú  !a-bu  ku-nu-ki-a,"its excise added,"
AKT 8 2015.pdf,Dan-A-!ur : na-*á!!-a-ku-nu-tí,his transport fee paid.
AKT 8 2015.pdf,!u-ma : AN.NA  15 GÍN.TA,If the rate of the tin is 15:1
AKT 8 2015.pdf,ù e-li-i! : 2 GÚ,"or even more, then buy"
AKT 8 2015.pdf,AN.NA  !a-ma-nim,2 talents of tin;
AKT 8 2015.pdf,!u-ma  la  ki-a-am,"if not, then"
AKT 8 2015.pdf,l.e. ku-ta-ni(m)  !a-ma-ni-im,"buy kut""nu-textiles."
AKT 8 2015.pdf,11)* ma-na  KÙ.B.,Use 11) minas of silver
AKT 8 2015.pdf,rev. TÚG lu-bu-!é  ra-qá-tim,"to buy lub&!u-garments, thin textiles"
AKT 8 2015.pdf,ù !u-lu-up-ki-e : !a!(AD)-ma-/nim/-ma,and %ulupkian ones and
AKT 8 2015.pdf,i!-tí  pá-ni-°e-ma¿,send them with the next
AKT 8 2015.pdf,!é-bi4-lá-ni[m (¿  ma-na,caravan.  Half a mina of
AKT 8 2015.pdf,KÙ.B.  be-ú-la-at : Be-lúm-ba-ni,"silver, the working capital of B#lum-b&ni,"
AKT 8 2015.pdf,!u-ut-ma : na-!í : !u-ma,he himself  has with him.
AKT 8 2015.pdf,i-nu-mì : lu-qú-tum  a-n[i-tu]m,"If, when this merchandise leaves,"
AKT 8 2015.pdf,ú-$í-a-ni :  u4-mu-ú  kà-/$ú,"the weather is cool, then entrust"
AKT 8 2015.pdf,A-bu-!a-lim : i!-tí ma-°ma-an¿,"Abu-""alim to the care of one of our"
AKT 8 2015.pdf,i-na  a-he-ni : !a  ú-!a-lá-ma-/!u-nu,brothers who will bring them! here
AKT 8 2015.pdf,!u-ma  u4-mu-ú  e-mu-ú,If the weather is hot he must
AKT 8 2015.pdf,u.e. la  ú-$í-a-am  5 GÍN KÙ.B.,not leave. I gave 5 shekels of silver
AKT 8 2015.pdf,!a  ik-ri-bi4-a  a-na  Dan-A-!ur,"of my ikrib& to D&n-A""""ur.”"
AKT 8 2015.pdf,"entitled to"", ""to have a share in"" (especially in a joint-stock capital), which is impossible here.","22. Abu-""alim must be a son of Elamma (see AO 11218 = Appendix text 2:13-14, 32), possibly"
AKT 8 2015.pdf,"A letter by Elamma and A""""ur-d&n about the arrival in Kanesh, presumably from somewhere in","Anatolia, of a shipment of silver, with information on how it was used. Many smaller amounts"
AKT 8 2015.pdf,um-ma  E-la-ma  ù  A-!ur-dan-ma,"Thus Elamma and A""""ur-d&n,"
AKT 8 2015.pdf,ù  Ku-ni-lim  qí-bi4-ma,and K!nilum:
AKT 8 2015.pdf,ma-na  12  GÍN  KÙ.B. I-dí-I!tar,"“7 minas 12 shekels of silver Iddin-I""tar"
AKT 8 2015.pdf,ub-lam  nu-sà-ni-iq-!u-ma 7 GÍN,brought here. We checked it and it was
AKT 8 2015.pdf,im-#í  13  GÍN  i-ma-sà-im  im-#í,"7 shekels less, 13 shekels loss by purifying."
AKT 8 2015.pdf,1( ma-na KÙ.B. a-pá-ni I!tar-pì-lá-ah,"We sent 1' mina silver to meet I""tar-pilah,"
AKT 8 2015.pdf,ra-dí  ú-nu-tim  !a  Hi-na-a,the transporter of Hinn&ya;
AKT 8 2015.pdf,nu-!é-bi4-il5 1(  ma-na  KÙ.B. a-na,1' mina of silver we sent for the
AKT 8 2015.pdf,DUMU  A-ha-tim  ra-dí  ú-nu-tim !a,"son of  Ah&tum, the transporter of"
AKT 8 2015.pdf,nu-!é-bi4-il5 1  ma-na  a-na  Bur*-Sú-in,"Elamma sent 1 mina for B!r-Suen,"
AKT 8 2015.pdf,ra-dí  ú-nu-tim  !a  DAM.GÀR-ri-im,"the transporter of the tamk""rum;"
AKT 8 2015.pdf,E-lá-ma ú-!é-bi4-il5 1/2  ma-na,"' mina of silver for A""""ur-d&n,"
AKT 8 2015.pdf,a-na  A-!ur-dan  ra-dí  ú-nu-tim,the transporter of Hinn&ya.
AKT 8 2015.pdf,!a  Hi-na-a  E-lá-ma-ma,Elamma also sent;
AKT 8 2015.pdf,ú-!é-bi4-il5 1/2  ma-na  3  GÍN,33 shekels of silver
AKT 8 2015.pdf,KÙ.B. a-na  I-dí-Sú-in  kà-$a-ar,"for Iddin-Suen, the harnesser"
AKT 8 2015.pdf,Kàr-wa-a  i-na  a-wa-tim,of Karw&ya - we gave it to him because
AKT 8 2015.pdf,!a  ni-ip-lá-tim  !a  ILLAT-at,from the balance payment of the caravan
AKT 8 2015.pdf,l.e. A-!ur-i!-ta-kál  DUMU  Sú-kà-li-/a,"of A""""uri""-tikal, son of Sukkalliya, and"
AKT 8 2015.pdf,rev. ù  10  GÍN  KÙ.B. !a  li-bi4-!u,"10 shekels of silver he owes, (for) he"
AKT 8 2015.pdf,a-ni-pì-il5-tí-!u-ma e-ta-kál,used it for his own balance payment.
AKT 8 2015.pdf,kà-$a-ru-um  !a  Hi-na-a,As for Hinn&ya’s harnesser
AKT 8 2015.pdf,!a  i!-tù  a-limki,who took care of the transport from
AKT 8 2015.pdf,is-ri-da-ni  3 TÚG-tí-!u,"the City, he (Hinn&ya) paid"
AKT 8 2015.pdf,a-na  bé-ú-lá-tí-!u,"us (for) his 3 textiles, his working"
AKT 8 2015.pdf,ú-!a-qí-il5-ni-a-tí-ma,"capital, and we balanced"
AKT 8 2015.pdf,GÍN 22(  %E KÙ.B. ni-pu-ul-!um,him 4. shekels of silver.
AKT 8 2015.pdf,*  ma-na  (  GÍN  KÙ.B.  a-na,20' shekels of silver for fodder
AKT 8 2015.pdf,ú-ku-ul-tí  AN%E.HI.A  !a  Hi-na-/a,"for Hinn&ya’s donkeys,"
AKT 8 2015.pdf,ú-ku-ul-tí  nu-!a-ki-il5,we fed (them) this fodder.
AKT 8 2015.pdf,GÍN  KÙ.B. 1  ma-na  AN.NA,11 shekels of silver (and) 1 mina of tin
AKT 8 2015.pdf,a-na  °qá¿-tí  Ì-lí-ú$-ra-ni,we gave to Il$-u(ranni for his
AKT 8 2015.pdf,ni-dí-in  8  GÍN  KÙ.B. a-na,expenses. 8 shekels of silver for
AKT 8 2015.pdf,ni-sí-ma  a-!u-mì  Hi-na-a,him and gave it to him in the name
AKT 8 2015.pdf,ú  DAM.GÀR  ni-dí-!u-um,"of Hinn&ya and the tamk""rum."
AKT 8 2015.pdf,GÍN  KÙ.B.  a-sí-pá-ra-tim,"5 shekels of silver for sipar""tum"
AKT 8 2015.pdf,a-na  I!tar-pì-lá-ah  ra-dí  ú-nu-tim,"we sent to I""tar-pilah,"
AKT 8 2015.pdf,u.e. !a  Hi-na-a nu-!é-bi-il5,the transporter of Hinn&ya.
AKT 8 2015.pdf,5/6 ma-na LÁ 1 GÍN KÙ.B. !a  Hi-na-a,49 shekels of silver of Hinn&ya
AKT 8 2015.pdf,E-lá-ma  i!-qúl  11  GÍN,Elamma paid; 11 shekels he paid out
AKT 8 2015.pdf,l.e. i-ra-mì-ni-!u  i!-qúl-ma 1 ma-na KÙ.B,of his own means and 1 mina of silver
AKT 8 2015.pdf,a-na  I-dí-Sú-in  ra-dí  ú-nu-tim !a,"he sent under his seal to Iddin-Suen, the"
AKT 8 2015.pdf,[Hi-na-a  ik-nu-uk-/ma,[ transporter of Hinn&ya.
AKT 8 2015.pdf,ú-!é-bi4-il5 3 GÍN KÙ.B. a-ha-ma !a i!-,Separately 3 shekels of silver of the tithe
AKT 8 2015.pdf,* ma-na 5 GÍN  KÙ.B.,"“24 minas 25 shekels of silver,"
AKT 8 2015.pdf,ù  ( ma-na 3 GÍN KÙ./GI,with 33 shekels of gold
AKT 8 2015.pdf,i-na  pá-ni  né-pí-!í-im,"placed at the top of the packet,"
AKT 8 2015.pdf,na-dí : ku-nu-ki-a,"under my seals,"
AKT 8 2015.pdf,'u-Ku-bu-um  DUMU 'u-Sú-in,"%u-K!bum, son of %u-Suen, is"
AKT 8 2015.pdf,na-á!-a-kum :  KI  a-li-ki-im,on his way to you. Entrust it
AKT 8 2015.pdf,pá-ni-im-ma  a-na,to an affiliated trader so that
AKT 8 2015.pdf,DUMU um-me-a-nim (erasure),one may bring it with the next
AKT 8 2015.pdf,pí-qí-id-ma  a-na  $é-er,caravan to my investors and
AKT 8 2015.pdf,!a ki-ma  i-a-tí   a-na  a-limki,to the City.
AKT 8 2015.pdf,lu-ub-lu  15 GÍN  KÙ.B.,15 shekels of silver
AKT 8 2015.pdf,a-na I-li-a  2 * ma-na,"for Iliya, 2* minas"
AKT 8 2015.pdf,a-na  En-um-A-!ur,"for Ennam-A""""ur,"
AKT 8 2015.pdf,*  ma-na a-na *[D]a-dí-a,* mina for Dadiya
AKT 8 2015.pdf,l.e. [                                á!]-qúl,[for/to  ...............I] paid
AKT 8 2015.pdf,rev. a-x [            i-na hu-ur-!]í-a-nim*,"[that?] are under seal in a hur!i""nu-"
AKT 8 2015.pdf,ú   En-nam-A-!ur,"and Ennam-A""""ur."
AKT 8 2015.pdf,°!é¿-bi-il5-!u-nu  5 ma-na,5 minas (of silver) under my seal
AKT 8 2015.pdf,ub-lá-kum :  !a 'a-lim-a-/hi-im    [ /tim,"brought you, satisfy with that"
AKT 8 2015.pdf,KÙ.B.  !a-bi-ma,silver the claim of %alim-ahum
AKT 8 2015.pdf,!í-tí  KÙ.B.  i!-tí-kà,and keep the rest with you.
AKT 8 2015.pdf,li-ib-!í  !u-ma  TÚG.HI.A-tí,If there is a possibility
AKT 8 2015.pdf,!í-tap-ku-um  i-ba-!í,to invest textiles
AKT 8 2015.pdf,ú-ul   KÙ.B. !í-tap-kum,"or to invest silver,"
AKT 8 2015.pdf,i-ba-!í  %À.BA qá-tí,deposit my share by taking it from
AKT 8 2015.pdf,i-ta-<dí>-a  : !u-ma,(this shipment). Should
AKT 8 2015.pdf,ha-ra-kà  a-na  Bu-ru-u!-/ha-tim,"your trip to Buru""hattum,"
AKT 8 2015.pdf,u.e. $ú-ha-ru-um  i!-tí-kà-ma,"then let the boy go with you,"
AKT 8 2015.pdf,le.e. lá  té-zi-ib-!u  A-mur-A-!ur  DUMU,"him behind.  Seize Amur-A""""ur, son of"
AKT 8 2015.pdf,$a-ba-at-ma   KÙ.B.  (4 signs erased),and make <him> pay the silver.”
AKT 8 2015.pdf,E-lá-ma  ú  A-!ur-$ú-lu-[li],"Elamma and A""""ur-(ul!l$:"
AKT 8 2015.pdf,qi-bi-ma  3  né-pí-!u-ú  KÙ./B.,"“3 packets with silver,"
AKT 8 2015.pdf,ma-na  !u-qú-ul-ta-!u-nu,"weighing 40 minas,"
AKT 8 2015.pdf,ù  2 ma-na  GU%KIN,and 2 minas of gold – it is in a
AKT 8 2015.pdf,i-hu-ur-!í-a-ni,h. container that has been
AKT 8 2015.pdf,!a a-na i-lim : e-ru-ba-at-ni / *na-°dí-i¿,placed inside the bag -
AKT 8 2015.pdf,ku-nu-ki-a : A-!ur-DÙG DUMU A-!ur-/,"A""""ur-1&b, son of A""""ur-karwa, is bringing"
AKT 8 2015.pdf,A-!ur-DÙG li-ip-qí-da-ku-nu-tí-/ma,it to you under my seal
AKT 8 2015.pdf,i-lúm !a hu-ur-!í-a-num,"and the bag in which the hur!i""num"
AKT 8 2015.pdf,l.e. i-na ku-nu-ki-[a?],remain in Elamma’s house
AKT 8 2015.pdf,É  E-*[lá]-m[a li]-bi4-!í,under [my] seal.
AKT 8 2015.pdf,rev. 1(  DUG a-lá-ni  *°x (x) x¿,1'  jar of acorns .........
AKT 8 2015.pdf,DUG ra-bi-tim,"of a big jar, with"
AKT 8 2015.pdf,ù  22 ma-na URUDU SIG5,"22 minas of refined copper,"
AKT 8 2015.pdf,i-li-bi   a-lá-ni  na-dí-/i,"put there between the acorns,"
AKT 8 2015.pdf,[n]a-á!-a-ku-um : DUG a-ha-ma,under my seal.  Separately a jar with
AKT 8 2015.pdf,a-lá-ni  ku-nu-ki  'a-ak-tù-nu-a,acorns with the seals of  %aktunua
AKT 8 2015.pdf,na-á!-a-ku-um : a-lá-ni,he is bringing you. The acorns he
AKT 8 2015.pdf,ku-nu-ki-a  li-ip-qí-du-ni-/ku-m[a],must entrust to you under my seal
AKT 8 2015.pdf,i-na  ku-nu-ki-a,and they must remain
AKT 8 2015.pdf,li-bi-!í  !u-ma (erasure),under my seal. Should the
AKT 8 2015.pdf,ELLAT-tám* e-ta-ar-ba-a-/am,"caravan have already arrived ,"
AKT 8 2015.pdf,u.e. °x  x x x *l]i?-li-kà-nim,the ............. must come here.
AKT 8 2015.pdf,°a-n]a-kam  i!?-tí *kà-ri-im¿,Here I have reached an agreement
AKT 8 2015.pdf,na-am-gu5-ra-ku  !u-ma,with the colony. If the textiles
AKT 8 2015.pdf,ù  °!u-m¿[a? lá-ma] sú-<ku>-ur-/tim,and if they arrive [before] the
AKT 8 2015.pdf,e-ru-bu-nim  *[x x x] x,suspension of traffic .........”
AKT 8 2015.pdf,"273:11ff., packets with silver ana illim i!kun&!unuma u S. iknuk). The final na-dí-i written",between the ends of l. 7 and 8 is difficult; one expects nad’& with the packets of silver and gold
AKT 8 2015.pdf,"caravan of him and A""""ur-imitt$).",15-16. In l. 15 DUG = karputum is a measure of capacity of ca. 30 litres; the “big jar” in l. 16 is
AKT 8 2015.pdf,KÙ.B.  !a  tù-!é-bi4-lá-ni,“The silver you sent me
AKT 8 2015.pdf,ù  #up-pè-kà  a-na  ma-lá,and your tablets I have now sent
AKT 8 2015.pdf,té-er-tí-°kà¿ a-na  A-limki,to the City following your
AKT 8 2015.pdf,u!-té-bi4-il5  a-!u-mì  *K[Ù.B.],instruction. As for the silver
AKT 8 2015.pdf,!a  É  kà-ri-im  !a  °a¿-[na],of the colonial office that
AKT 8 2015.pdf,Lá-qé-pì-im  tù-!é-bi4-l[u],"you sent for L&-q#pum,"
AKT 8 2015.pdf,KÙ.B.  a-na  Lá-li-im  a-[dí-i]n?,I gave that silver to Lalum.
AKT 8 2015.pdf,a-$é-er  KÙ.B.  ù  5  TÚG  ![a],In additon to that silver and the 5
AKT 8 2015.pdf,[a]*-°dì¿-ú-ma  i-na  KÙ.B-áp,"textiles that I deposited, silver has"
AKT 8 2015.pdf,[Lá-qé]-pì-im-ma  i-!í-qí-il5,been paid from L&-q#pum’s silver.
AKT 8 2015.pdf,[K]Ù.B.?-kà  a-na  Lá-qé-pì-im,Let your silver go to L&-q#pum
AKT 8 2015.pdf,[li?-l]i-ik-ma  i-na,"and then, when the silver is spent"
AKT 8 2015.pdf,[ga?]-ma-ar KÙ.B. !u-um-kà,we will register it in your name
AKT 8 2015.pdf,i-na  É  kà-ri-im,in the colonial office.
AKT 8 2015.pdf,lu  ni-il5-pu-ut  a-!u-mì,"As for the silver of Amur-I""tar,"
AKT 8 2015.pdf,KÙ.B. !a A-mur-I!tar !a a-na Lá-qé-,which he owes to L&-q#pum
AKT 8 2015.pdf,ù  ku-a-tí  ha-bu-lu               [ pì-/im,"and to you,"
AKT 8 2015.pdf,té-er-tí  Lá-qé-pì-im  a-$é-er,"there came a message of L&-q#pum,"
AKT 8 2015.pdf,Lá-li-im  ù  ku-a-tí  i-li-kam-/ma,"addressed to Lalum and you, in which"
AKT 8 2015.pdf,[u]m-ma !u-ut-ma u4-me : $a-áb-ta-ma,he said: ‘Seize (him for) the days
AKT 8 2015.pdf,ma-°lá¿ e-tí-qú-ni  1  GÍN.TA,he is overdue and claim (an interest of)
AKT 8 2015.pdf,°a¿-ma-na-im  !í-sí-a-ma  KÙ.B.,1 shekel per mina and make him pay
AKT 8 2015.pdf,[ù  $]í-ba-sú  !a-á!-qí-lá-!u a-wa-t[ám],the silver and the interest on it’.
AKT 8 2015.pdf,[a?]-!u-mì  ni-a-tí mì-li-ik,In his matter you must decide on behalf
AKT 8 2015.pdf,[KÙ].B-pì-kà  mì-li-ik  TÚG.HI.A,of us what to do with your silver.
AKT 8 2015.pdf,[ma]-lá  Be-lúm-ba-ni e-zi-ba-ku-ni,Sell all the textiles that B#lum-b&ni
AKT 8 2015.pdf,[ba]-tí-iq  ù  wa-tù-ur,"left behind for you at any price,"
AKT 8 2015.pdf,lá  i-na-dí-ú  KÙ.B.,not be stocked; the silver ....”
AKT 8 2015.pdf,both cases 1 GÍN.TA is the interest due per mina.,"25. The accusative aw""tam is difficult, also syntactically and the translation is just an attempt."
AKT 8 2015.pdf,a-na  ma-lá  #up-pí-im  !a  a-limki,“Compared with the tablet from the City
AKT 8 2015.pdf,[1 k]u-ta-nu-um ba-tí-iq um-ma  Ú-zu-a-ma,"1 kut""num is missing. Uzua said:"
AKT 8 2015.pdf,[TÚ]G.HI.A i-na a-limki ú-lá  im-nu-ú-nim,‘They did not count the textiles in the City.
AKT 8 2015.pdf,[n]a-ru-qá-tim  ip-qí-du-nim,they (simply) entrusted the bags to me’.
AKT 8 2015.pdf,[1 TÚ]G  i-na  ni-is-ha-tim  il5-qé-ú,They took 1 textile when levying the
AKT 8 2015.pdf,2! TÚG.HI.A  i-na  e-kál-lim,"import tax, 2 textiles got lost in the palace"
AKT 8 2015.pdf,i-na  sá-i-tí-kà  ih-li-qú-ma,from/at the time of your .......... and
AKT 8 2015.pdf,i-na-pá-al : a-ma-kam  $a-ba-sú-ma,will compensate. Seize him there and
AKT 8 2015.pdf,ku-ta-nam  li-dí-na-kum,"let him give you the kut""nu-textile."
AKT 8 2015.pdf,TÚG  a-na  É  kà-ri-im  a-qá-tí-kà,I deposited a textile in the colonial office
AKT 8 2015.pdf,a-dí  1  TÚG  Lá-ma-sà-tum  tal-qé,"as your share, 1 textile Lamassutum took."
AKT 8 2015.pdf,TÚG-tí-!u  kà-$a-ru-um  il5-qé,"The harnesser took his 2 textiles,"
AKT 8 2015.pdf,ku-ta-ni  Be-lúm-ba-ni,31 textiles B#lum-b&ni brought you.
AKT 8 2015.pdf,l.e. ub-la-kum i-na  25  TÚG  !u-ru-tim,Of the 25 dark textiles they took
AKT 8 2015.pdf,rev. 3 TÚG  a-na  ni-is-ha-tim,"3 textiles as import-tax,"
AKT 8 2015.pdf,il5-qé-ú : 1 TÚG  Lá-ma-sà-tum  tal-qé,"Lamassutum took 1 textile,"
AKT 8 2015.pdf,TÚG  !u-ru-tim  e-zi-ib  !a li-wi-/tim,"21 dark textiles, apart those for wrapping,"
AKT 8 2015.pdf,Be-lúm-ba-ni ub-la-kum,B#lum-b&ni brought you. Why did
AKT 8 2015.pdf,mì-!u !a i-na  TÚG.HI.A 2 TÚG tal-qé-ú,you take 2 pieces of the textiles?
AKT 8 2015.pdf,!í-im-!u-nu : a-na  Be-lúm-ba-ni  dí-in,Give their price to B#lum-b&ni.
AKT 8 2015.pdf,i!-tù  AN.NA-ak  qá-tí-!u,After Uzua’s tin for expenses
AKT 8 2015.pdf,!a Ú-zu-a : ga-am-ru : 17 ma-na / AN.NA,had been spent they took 17 minas
AKT 8 2015.pdf,i-na  ha-ra-nim  il5-qé-ú,of tin during the journey.
AKT 8 2015.pdf,( ma-na KÙ  bé-ú-lá-tù-!u * ma-na,"His working capital was ' mina of silver,"
AKT 8 2015.pdf,a-pá-ni-!u  ú-!é-bi4-il5 AN%E,I sent * mina to him en route. A donkey
AKT 8 2015.pdf,i-ha-ra-nim  i-mu-ut-ma,died during the journey and they
AKT 8 2015.pdf,ma-na  AN.NA  ú-ma-li-ú-!u-um,compensated him 1 mina of tin.
AKT 8 2015.pdf,ù  *  ma-na AN.NA a-pu-ul-!u-um,and I balanced him * mina of tin. The
AKT 8 2015.pdf,*5? ma-na.TA °da¿-tum   ik-!u-dam,"road-tax amounted to 5 minas per (talent),"
AKT 8 2015.pdf,[x GÍ]N.TA  °qá-qá¿-da-tum,the head-tax to [x] shekels per (person).
AKT 8 2015.pdf,[x m]a-na 5 GÍN.TA  ú-ku-ul-tám,The food cost [x] minas 5 shekels per (per-
AKT 8 2015.pdf,[i!]-ku-nam  8* ma-na 7 GÍN KÙ,"son/donkey), 8 minas 27 shekels of silver"
AKT 8 2015.pdf,[pá?]-ni-um  3)  ma-<na> 5 GÍN KÙ,"the first? (shipment?), 3 minas 45 shekels of"
AKT 8 2015.pdf,[!]a Lá-lu-um  i-dí-ú,silver is what Lalum deposited.
AKT 8 2015.pdf,[x+]1 TÚG ku-ta-nu  4  TÚG !u-ru-tum,"2 (or: 11?) kut""nu-textiles, 4 dark textiles"
AKT 8 2015.pdf,l.e [x  x  x  x-m]u? 1  TÚG ku-ta-nam!(NIM),"[ ..................]; (for) 1 kut""nu-textile"
AKT 8 2015.pdf,[!a a-qá-tí]-kà  a-dí-ú,that I deposited as your share (and)
AKT 8 2015.pdf,[1 ku-ta-na]-am !a  a-na-ku  °a-dí-ú¿,"[1 kut""]nu-textile that I myself  deposited,"
AKT 8 2015.pdf,[x x x x +]3( GÍN KÙ  °DAM¿.GÀR-ri-im,[ ............ x]+3' shekels of silver of the
AKT 8 2015.pdf,[i-na tup-pí]?-kà  lá-pì-it,trader are booked on your [tablet].”
AKT 8 2015.pdf,ù A-!ur-°ma?¿-[lik-ma],"and  A""""ur-m[&lik?]:"
AKT 8 2015.pdf,GÚ AN.NA [ku-nu-ki  !a],“4 talents of tin [with seals applied]
AKT 8 2015.pdf,a-limki  °ú¿  [x ku-ta-ni ELLAT]?,"in the City and [x kut""nu-textiles]?"
AKT 8 2015.pdf,La-qé-pí-im  [ub-lam],L&-q#pum’s [caravan brought here].
AKT 8 2015.pdf,%À.BA 17( m[a-na],Thereof: 17' minas of
AKT 8 2015.pdf,AN.NA  lá [ku-nu-ki? (ù)],tin without [seals (and)]
AKT 8 2015.pdf,ku-ta-nu °i-na],"5 kut""nu-textiles"
AKT 8 2015.pdf,É.GAL-lim  lá-qé-[ú],were taken in the palace.
AKT 8 2015.pdf,ki-ma  té-er-t[a-kà  lá-!u-ni?],"For lack of a written instruction of yours,"
AKT 8 2015.pdf,i-pì-kà a-na  *x / x x,on the basis of what
AKT 8 2015.pdf,um-ma a-ta-ma,you said to ...............:
AKT 8 2015.pdf,AN.NA i-$é-er,“Let him entrust the tin
AKT 8 2015.pdf,"[A]-°!ur-lá-ma-s¿[í] / DUMU A!-da-[.....], but was owned by A""""ur-m!tappil, the writer","of the letter, who figures with the same seal as witness and sealer in *312:2, where his"
AKT 8 2015.pdf,GÚ AN.NA ú $ú-ba-tí,“As for the 3 talents of tin and
AKT 8 2015.pdf,!a ta-dí-na-ni,the textiles you gave me with
AKT 8 2015.pdf,um-ma a-ta-ma 1 GÚ AN.NA,the instruction: ‘You and Ahu-waqar
AKT 8 2015.pdf,a-ta ù A-hu-qar,must take (each) 1 talent of tin’ -
AKT 8 2015.pdf,liq-a ki-ma  !é-pu-um,since the traffic
AKT 8 2015.pdf,Bu-ru-u!-ha-tim,I brought it to
AKT 8 2015.pdf,ú-bi-il5-ma,"to A""""ur-1&b, and"
AKT 8 2015.pdf,a-na A-!ùr-DÚG,the 3 talents of tin.
AKT 8 2015.pdf,a-dí-in TÚG.HI.A,The textiles
AKT 8 2015.pdf,a-na Úh-!u-!a-na,he brought back to
AKT 8 2015.pdf,i-!é-ep A-!ùr-DÙG,"of copper under A""""ur-1&b’s"
AKT 8 2015.pdf,ú  i-!é-pì-a  e-bu-kam,and my responsibility.”
AKT 8 2015.pdf,"intention to sell textiles of Elamma in Zimi""huna. Finally (lines 37-43) we read how I""tar-pilah,","“our little brother”, acquired gold that belongs to the tamk""rum."
AKT 8 2015.pdf,qí-bi4-ma  1  me-at  8  ku-ta-ni,"Elamma: “Of the 108 kut""nu-textiles,"
AKT 8 2015.pdf,qá-dum  !a  kà-$a-re  !a  a-na,"including those of the harnessers,"
AKT 8 2015.pdf,A-ku  ta-áp-qí-du  %À.BA,"which you entrusted to Aku,"
AKT 8 2015.pdf,ku-ta-ni  ub-lu-nim  um-ma,"they brought me 75 kut""nu-textiles."
AKT 8 2015.pdf,kà-$a-ru-ma  i-ba-a-ba-at,The harnesser declared: ‘In the outskirts of
AKT 8 2015.pdf,A-limki na-ru-qú-um  ma-a-tum,the City one large bag (with textiles)
AKT 8 2015.pdf,°ih¿-li-iq-ma  a-k[u]-a-tim,got lost’ and he reckoned it as yours.
AKT 8 2015.pdf,"u!-ta-ba ù  um-ma DUMU ,a-lá-mì-/im-ma",my donkeys and when /all&mum’s son said:
AKT 8 2015.pdf,a-na AN%E  !a  ut-ha-ra-am,"‘Look, the donkey that is provided with a"
AKT 8 2015.pdf,!a-ak-nu  !a  Hi-na-a !u-ut  AN%E,"mark belongs to Hinn&ya!’, he took"
AKT 8 2015.pdf,e-mu-qá-tám-ma  i-tù-ru,the donkey along by force and
AKT 8 2015.pdf,ù  pu-ùh-!u  AN%E  !a  i-dí-nu,the donkey he gave in its place is dead!
AKT 8 2015.pdf,me-et  TÚG.HI.A wa-at-ru-tim,As for the additional textiles that were
AKT 8 2015.pdf,!a  i-ni-is-ha-tim  i-li-qí-ú,"taken when the import-tax was levied,"
AKT 8 2015.pdf,l.e. !u-ma 16  GÍN.TA KÙ.B.,if they will take them along for 16 shekels
AKT 8 2015.pdf,i-ta-bu-lu  KÙ.B. le-pu-/lá-ku-[nu]-/tí,"of silver apiece, let him pay you that silver."
AKT 8 2015.pdf,!u-ma 16  GÍN.TA ba-tí-iq,If it is less than 16 shekels apiece
AKT 8 2015.pdf,rev. !a  ki-ma TÚG.HI-tí-a !a  i-ni-is-/ha-tim,take as many of my textiles as were
AKT 8 2015.pdf,i-li-qí-ú-ni  i-TÚG-ba-tí-/!u,taken at the levying of the import-tax
AKT 8 2015.pdf,li-qé-a-ma  !é-bi4-lá-/nim,from his textiles and send them to me.
AKT 8 2015.pdf,té-er-tí  a-$é-er  A-!ur-na-da,An instruction of mine went to
AKT 8 2015.pdf,ù  A-!ur-$ú-lu-li  i-li-ik,"A""""ur-n&d& and A""""ur-(ul!l$"
AKT 8 2015.pdf,ù  2  ku-ta-ni !a  hu-BA-°x¿-ri,"kus+tu-garment and 2 kut""nu’s of .........."
AKT 8 2015.pdf,qá-at-nu-tim ú  er-qú-tim,that are thin and yellowish. Send me
AKT 8 2015.pdf,!é-bi4-lam TÚG.HI.A !a á!-pu-ra-ku-ni,"(also) the textiles I wrote you about,"
AKT 8 2015.pdf,!é-bi4-lá-ma  'u-Bé-lam  lu-kà-li-/im-ma,so that I can show them to %u-B#lum(?)
AKT 8 2015.pdf,!í-im AN%E.HI.A ù !í-im,"and realize(?) the sale price of the donkeys,"
AKT 8 2015.pdf,TÚG.HI.A  !u-lu-up-ki-im ú  ku-sí-tim,the %ulupkian textiles and the kus+tu-
AKT 8 2015.pdf,TÚG.HI-tí-kà  !a  i-Zi-mì-i!-hu-na,"As for your textiles that are in Zimi""huna,"
AKT 8 2015.pdf,i-ba-!í-ú!-ni!  TÚG.HI.A  ma-lá,I will sell as many of them
AKT 8 2015.pdf,ta-da-nim  lá-dí-!u-ma  ú? (erasure),"as I can and, moreover, as for"
AKT 8 2015.pdf,u.e. a-na  I!tar-pì-lá-ah!,"I""tar-pilah, to whom 2 minas"
AKT 8 2015.pdf,ma-na  KÙ.GI  na-dí-in-/!um,"of gold have been given,"
AKT 8 2015.pdf,KÙ.B. 1  GÍN,every shekel of silver he carries belongs
AKT 8 2015.pdf,le.e !a DAM.GÀR na-!í  lá  a-hu-ni,"to the tamk""rum. Is he not our little"
AKT 8 2015.pdf,$a-ah-ru-um !u-ma té-er-tí lu !a A-lá-hi-/im,brother? If you have with you an order
AKT 8 2015.pdf,lu  !a *NI/IR?-%Í-x-x  na-á!-a-tí,of Ali-ahum or of  .............
AKT 8 2015.pdf,"A-ku is not attested elsewhere; ana Akuta apqidu is no option, since Elamma is addressed.","6. The normal meaning of ba’abtum, “outstanding claim”, does not make sense here, hence my"
AKT 8 2015.pdf,head-tax of a caravan starting in Assur and ending in Tegarama.,"10. $all""mum, “blacky”, must be a nickname. The name occurs also in AKT 4, 32:13-14, as"
AKT 8 2015.pdf,"i-tù-ru, must a perfect of tar""’um, “to take along”.","18. I take i-ta-BU-lu as itabbul&, a present tense of tab""lum, “to take away, appropriate”,"
AKT 8 2015.pdf,"ordered”. I""tar-pilah, who corresponds with Elamma (*93:2, cf. the bulla *365?), is known as a","transporter (r""di un&tim) in the service of Hinn&ya, *19:7, 40. Is he “our young brother / junior"
AKT 8 2015.pdf,"making purchases (l.13), to be shipped to him by A""""ur-m!tappil, and how a small part of it was",used to pay for a houseplot in Assur. They also mention a decision of the judges “to set Elamma
AKT 8 2015.pdf,ù  Da-dí-a  a-na  E-lá-ma,"and Dadiya, say to Elamma:"
AKT 8 2015.pdf,qí-bi-ma  a-ma-lá  té-er-tí-kà,“In accordance with your instruction
AKT 8 2015.pdf,ma-na  KÙ.B.  É  tám-kà-ri-im,we borrowed for you at interest 30 minas of
AKT 8 2015.pdf,a-na  $í-ib-tim  ni-il5-qé-a-ku-um,silver at a merchant’s office.
AKT 8 2015.pdf,a-$é-er  É  !a  ta-am-gu5-ru,We added half a !ubtum to the surface of
AKT 8 2015.pdf,mì-!a-al : !u-ub!-tí-im,the house plot about which you had reached
AKT 8 2015.pdf,nu-#á-hi-ma  3  ma-na  KÙ.B.,an agreement and we paid 3 minas of
AKT 8 2015.pdf,ni-i!-qú-ul  i-hi-id-ma,of silver. Realize well that
AKT 8 2015.pdf,l.e. KÙ.B.  a-na  $í-ib-tim,"the silver is interest bearing,"
AKT 8 2015.pdf,rev. i-lá-ak : KÙ.B.  !é-bi4-lá-am,so send the silver.
AKT 8 2015.pdf,!í-mu-um  !a-i-im,"The purchases have been made,"
AKT 8 2015.pdf,A-!ur-mu-ta-pì-il5 i-na,"we will send A""""ur-m!tappil off"
AKT 8 2015.pdf,pá-ni-ú-tim  ni-#á-ra-dá-am,to you with the next opportunity.
AKT 8 2015.pdf,da-a-nu  u4-me  %È.2.MU,The judges have set you a a term
AKT 8 2015.pdf,i!-ku-na-ku-um  u4-mu-ú,"of two years, don’t exceed"
AKT 8 2015.pdf,e  im-lu-ú-ma  i-na,that term lest they disavow you
AKT 8 2015.pdf,#up-pì-kà  e  ú-ki-!u-kà,on the basis of your tablet.
AKT 8 2015.pdf,i-hi-id  #up-pá-am !a  me-ra,Take care to send the tablet
AKT 8 2015.pdf,A-zu-a !é-bi4-lam,of the son of Azua.”
AKT 8 2015.pdf,"A""""ur-m!tappil occurs as transporter of merchandise also  in *34:27.","16f. We do not know which affair is meant. The verbal form is singular, but the subject looks"
AKT 8 2015.pdf,"+nah-il$ reports to Elamma and Kurub-I""tar on a caravan he is leading to them, consisting of","four donkey loads owned jointly by Elamma and Kurub-I""tar and one owned by Elamma alone."
AKT 8 2015.pdf,ù  Kur-ub-I!tar  qí-bi4-ma,"and Kurub-I""tar,"
AKT 8 2015.pdf,GÚ 20  ma-na AN.NA ku-nu-/ku,"“4 talents 20 minas of tin under seals,"
AKT 8 2015.pdf,qá-dum  !a  li-wi-/tim,"including those for wrapping,"
AKT 8 2015.pdf,LÁ ) ma-na,29* minas of
AKT 8 2015.pdf,AN.NA  qá-tim,loose tin -
AKT 8 2015.pdf,mì-ma  a-nim,all this I am
AKT 8 2015.pdf,LÁ * GÍN.<TA> AN.NA-ku-nu,Your tin was bought at a rate of
AKT 8 2015.pdf,!a-im  AN.NA-ku  wa-aq-/ru,13) (shekels) per (shekel silver). Tin is
AKT 8 2015.pdf,ma-na  KÙ.B.  a-pá-/ni-a,"expensive, send 2 minas of silver"
AKT 8 2015.pdf,me-at  60  ku-ta-nu,"“160 kut""nu-textiles,"
AKT 8 2015.pdf,a-ra-de8-a-kum,I aqm leading will lead to you;
AKT 8 2015.pdf,°!a¿  KÙ.B. 10 GÍN,small wares for a value of
AKT 8 2015.pdf,°!é¿-bi4-lá-nim,10 shekels of silver.
AKT 8 2015.pdf,GÚ 20 ma-na  AN.NA,“4 talent 20 minas of tin
AKT 8 2015.pdf,ku-nu-ki  1 me-at 21 TÚG,"under seals (and) 121 textiles,"
AKT 8 2015.pdf,mì-ma  a-ni-im,all this I am
AKT 8 2015.pdf,ù  Hi-na-a,"and Hinn&ya,"
AKT 8 2015.pdf,!u-qú-ul : 1 GÚ 5  ma-/na,"packet of  1 talent 5 minas,"
AKT 8 2015.pdf,i!-té-en  1 GÚ,"one of 1 talent,"
AKT 8 2015.pdf,%U.NIGIN2  2 GÚ 5 ma-na AN.NA,in all 2 talents 5 minas of tin
AKT 8 2015.pdf,[A]N.NA qá-tim,minas loose tin.
AKT 8 2015.pdf,[50]+12  ku-ta-nu,"[6]2 kut""nu-textiles,"
AKT 8 2015.pdf,[4] TÚG !u-ru-tum !a  li-wi-/tim,"[4] black textiles for wrapping,"
AKT 8 2015.pdf,[2]5  TÚG !u-ru-tum,"[2]5 dark textiles,"
AKT 8 2015.pdf,[%U.NIGIN2] 91 TÚG.HI.A,in all 91 textiles.
AKT 8 2015.pdf,[1] °ku¿-sí-tum : i-a-tum,one kus+tu-garment of myself
AKT 8 2015.pdf,°ù¿  !a-nu-um  !a  Ta-ah-/sí,and a kettle of Tahsi
AKT 8 2015.pdf,a-na  Lá-ma-sà-tim,for Lamassutum.
AKT 8 2015.pdf,°2¿ ku-ta-nu !a  bé-ú-lá-at,"2 kut""n& being the working capital"
AKT 8 2015.pdf,Ma-nu-ki-li-a  2  ku-ta-nu,"of Mannu-k$-iliya, 2 kut""nu’s being the"
AKT 8 2015.pdf,!a  bé-ú-lá-at  En-nam-A-/!ùr,"working capital of Ennam-A""""ur."
AKT 8 2015.pdf,mì-ma  a-nim  En-nam-A-!ùr,"All this Ennam-A""""ur,"
AKT 8 2015.pdf,DUMU  Dì-dì-a  i-ra-de8-a-[ku-nu-tí],son of Didiya is bringing [to youplur].
AKT 8 2015.pdf,GÚ 10 ma-na AN.NA ku-/nu-ku,"2 talents 10 minas of tin under seals,"
AKT 8 2015.pdf,4!(2) TÚG !u-ru-tum li-wi-tum,"4 dark textiles for wrapping,"
AKT 8 2015.pdf,TÚG ku-ta-nu 2 ma-na,"5 kut""nu-textiles, 2 minas of"
AKT 8 2015.pdf,AN.NA  qá-tim  1 AN%E,"loose tin, one black"
AKT 8 2015.pdf,[x+]60 ku-ta-nu 2* °ma-na x  GÍN¿,"[x+]60 kut""nu-textiles, 2* minas and"
AKT 8 2015.pdf,[  [AN.NA],[ x shekels of tin
AKT 8 2015.pdf,°a¿-na  qá-tí-!u  a-dí-[in                     ],I gave in his hand.
AKT 8 2015.pdf,[x ma-n]a URUDU 3 ku-ta-nu [        ],"[x] minas of copper, 3 kut""nu-textiles"
AKT 8 2015.pdf,[x x¿*-BA mì-ma  a-nim [                   ],"............., all this [PN is bringing you?].”"
AKT 8 2015.pdf,a-na E-lá-ma ù,Say to Elamma and
AKT 8 2015.pdf,GÚ 10 ma-na AN.NA,“2 talents 10 minas of tin
AKT 8 2015.pdf,ku-nu-ki 50 TÚG ku-ta-ni,"under seals, 50 kut""nu-textiles,"
AKT 8 2015.pdf,qá-de8 !a li-wi-tim,"including those for wrapping (the tin),"
AKT 8 2015.pdf,mì-ma a-nim,all this +nah-il$
AKT 8 2015.pdf,E-na-ah-DINGIR,entrusted to me (for transport).
AKT 8 2015.pdf,ù tám-kà-ri-im,"and the merchant,"
AKT 8 2015.pdf,TÚG ku-ta-ni 2 AN%E,"“50 kut""nu-textiles (and) 2 donkeys"
AKT 8 2015.pdf,lu-qú-tí-ku-nu,what to do with your
AKT 8 2015.pdf,TÚG !u-ru-tim,18 dark textiles
AKT 8 2015.pdf,ù  10  TÚG ku-ta-ni,"and 10 kut""nu-textiles,"
AKT 8 2015.pdf,GÚ AN.NA  ù,2 talents of tin
AKT 8 2015.pdf,ku-nu-ki-!u  !a  A-limki,"his seals applied in the City,"
AKT 8 2015.pdf,ú  ú-nu-sú-/nu,with their harness
AKT 8 2015.pdf,[D]a-dí-a   <ù> Da-°x¿-[x –ma?],"Dadiya, <and> Da.......... ,"
AKT 8 2015.pdf,°a¿-na  E-lá-ma  ù  K[ur-u]b-[I!tar],"say to Elamma and Kurub-I""tar:"
AKT 8 2015.pdf,[q]í-bi4-ma  17  ma-na  K[Ù.B.],“17 minas of silver
AKT 8 2015.pdf,'ál-ma-A-!ur  ub-lam,"%allim-A""""ur brought us,"
AKT 8 2015.pdf,ni-is-ha-[sú],without its excise
AKT 8 2015.pdf,%À.BA ) ma-na  a-n[a],Thereof we gave  ) mina
AKT 8 2015.pdf,ni-is-ha-tim  ni-dí-i[n],as excise (and)
AKT 8 2015.pdf,3  GÍN  i-ma-sà-im,it became 3 shekels less due to
AKT 8 2015.pdf,im-#í  !í-tí  KÙ.B.-pì-[ku-nu],"purifying, (so that) the rest of your silver"
AKT 8 2015.pdf,ma-na 10* GÍN,is 16 minas 10* shekels.
AKT 8 2015.pdf,l.e %À 1 me-at  2°6¿ / ku-[ta-nu],"Thereof: 126 kut""nu-textiles"
AKT 8 2015.pdf,rev. 11( ma-na  [3 GÍN  KÙ.B.],"cost 11' minas [3 shekels],"
AKT 8 2015.pdf,it-bu-lu 4  A[N%E.HI.A],"[of silver], 4 donkeys"
AKT 8 2015.pdf,°1¿*  ma-na  LÁ 2  G[ÍN],"cost 78 shekels (of silver),"
AKT 8 2015.pdf,it-bu-lu  7(   G[ÍN],7'  shekels (of silver) for
AKT 8 2015.pdf,( AN%E  5/6  °ma-na¿ / 4  GÍN,"half a donkey, 54 shekels of silver"
AKT 8 2015.pdf,be-ú-lá-at  2  kà-[$a-re],"the working capitals of 2 harnessers,"
AKT 8 2015.pdf,qá-dum  lu-bu-[!í-!u-nu],including their clothing allowance.
AKT 8 2015.pdf,ma-na AN.NA,20 minas of tin at a rate of
AKT 8 2015.pdf,1(  ma-na 2  GÍ[N  KÙ.B.],"(cost) 92 shekels [of silver],"
AKT 8 2015.pdf,u.e. °10 + x *GÍN¿ ú-nu-ut,10[+x] shekels the harness of the
AKT 8 2015.pdf,2? GÍN °!a¿ sà-a-d/tim  8- GÍN,"2 shekels for ......, 82 shekels the"
AKT 8 2015.pdf,i-ra-de8-a-ku-nu-tí,this to you”.
AKT 8 2015.pdf,um-ma  En-nam-A-!ùr,"Thus Ennam-A""""ur and"
AKT 8 2015.pdf,i-na  1 GÚ 5 ma-na  KÙ.B.-pí-kà,“Of the 65 minas of your silver
AKT 8 2015.pdf,i-li-kà-ni  10*  ma-na  KÙ.B,that arrived here 10* minas
AKT 8 2015.pdf,i-ri-ha-am  5* ma-na  KÙ.B,remained. We received 5* minas
AKT 8 2015.pdf,[ni]-il5-qé  %À.BA °1*¿? ma-na 8 GÍN,Thereof: 1*? mina 8 shekels
AKT 8 2015.pdf,KÙ.B.  Lá-qé-e[p  il5-q]é,L&-q#p took;
AKT 8 2015.pdf,[1](  ma-na LÁ 1 GÍN  té-$ú-°bu¿,1 mina 29 shekels additional payment
AKT 8 2015.pdf,!a  1  GÚ 5  ma-na  KÙ.B.-p[í-kà],for your 65 minas of silver;
AKT 8 2015.pdf,5/6  ma-na LÁ 2 GÍN A-!ùr-i-mì-t[í],"48 shekels of silver A""""ur-imitt$"
AKT 8 2015.pdf,il5-qé  (  ma-na  5  GÍN  KÙ.B.,took; 35 shekels of silver
AKT 8 2015.pdf,[A]-ta-a-a  il5-qé  6  GÍN KÙ.B.,Ataya took; 6 shekels
AKT 8 2015.pdf,[$ú-ha¿-ar-tum  t[al-qé  a-na],the girl took. [For the rest?] of
AKT 8 2015.pdf,[a-na  8? m]a-na [ni-i]!-a-ma-[kum]?,[for 8? mi]nas (of silver);
AKT 8 2015.pdf,rev. [16) m]a-na  °AN.NA¿ qá-t[im],[16)] minas of loose tin at
AKT 8 2015.pdf,KÙ.B.  it-ba-al,shekels of silver;
AKT 8 2015.pdf,[4] AN%E  $a-lá-mu  1  ma-na 15  GÍN,[4] black donkeys cost 75 shekels
AKT 8 2015.pdf,KÙ.B.  it-bu-lu  (  ma-na  KÙ.B.,of silver; ' mina the working capital
AKT 8 2015.pdf,bé-ú-lá-at  A-!ùr-lá-ma-sí,"for A""""ur-lamass$, son of Ennum&ya,"
AKT 8 2015.pdf,[DU]MU En-um-a-a  2 GÍN lu-bu-!u,2 shekels his clothing allowance;
AKT 8 2015.pdf,[10?]  GÍN KÙ.B. ú-nu-ut  AN%E,[10] shekels of silver for donkey harness.
AKT 8 2015.pdf,°i¿-na  NÍG.KA-sí  15  GÍN,When at the accounting there was a surplus of
AKT 8 2015.pdf,[KÙ].B.  i-té-ra-ma  2  GÍN KÙ.B,15 shekels of silver we paid 2 shekels
AKT 8 2015.pdf,[ú]-ku-ul-tí  AN%E  ni-dí-in,of silver for food for the donkeys (and)
AKT 8 2015.pdf,[!a?] 11  GÍN KÙ.B. 2(  ma-na,[for] 11 shekels of silver we bought
AKT 8 2015.pdf,[AN.N]A  ni-i!-a-ma-kum,for you (an additional) 2' minas of tin.
AKT 8 2015.pdf,[da]-ar-ku  mì-ma a-nim,working capital are packed. With all this
AKT 8 2015.pdf,°A-!ur¿-[lá-ma-sí  na-á!]-a-kum,"A""""ur-lamass$ is on his way to you."
AKT 8 2015.pdf,ma-n[a  x GÍN KÙ].B.  !a  A-ta-a,2 minas [x] shekels of silver that At&ya
AKT 8 2015.pdf,le.e. il5-qé-ú  ip-qí-[id-ni-a-tí?],took he entrusted [to us?].”
AKT 8 2015.pdf,"source was Elamma’s investment in his brother’s joint-stock capital (also mentioned in *4),","which here yielded 5* minas of silver, called “your dividends” (!ipk""tum), paid out by its"
AKT 8 2015.pdf,ù  Hi-na-a-ma  a-na,"and Hinn&ya, say to"
AKT 8 2015.pdf,ma-na  KÙ.B  ni-is-ha-sú,"“20 minas of silver, its excise"
AKT 8 2015.pdf,GÚ  10  ma-n[a  A]N.NA,2 talents 10 minas of tin under
AKT 8 2015.pdf,ku-nu-ki-ni  ['u-Ku-b]u-um,our seals [%u-K!b]um
AKT 8 2015.pdf,na-á!-a-k[u-um 14]* GÍN.TA,is bringing to you. At 14* shekels : 1
AKT 8 2015.pdf,KÙ.BI4  9 [ma-na]  4  1/6  GÍN,it cost 9 minas 4 1/6 shekels of silver.
AKT 8 2015.pdf,it-ba-al  15  ma-na  AN.NA,"15 minas of tin for expenses,"
AKT 8 2015.pdf,qá-tim  14-  GÍN.TA,at 142 shekels:1 it cost
AKT 8 2015.pdf,KÙ.BI4  1  ma-na  3  GÍN KÙ.B,1 mina 3 shekels of silver.
AKT 8 2015.pdf,it-ba-al  36  TÚG.HI.A,"36 textiles,"
AKT 8 2015.pdf,qá-dum : !a  li-wi-/tim,including those for wrapping
AKT 8 2015.pdf,2* ma-na  KÙ.B,cost 2*  minas of silver.
AKT 8 2015.pdf,it-bu-lu  * ma-na  2 / GÍN,22 shekels (of silver)
AKT 8 2015.pdf,be-ú-la-at,the working capital of
AKT 8 2015.pdf,kà-$a-ri-im,"the harnesser, 2 shekels"
AKT 8 2015.pdf,GÍN KÙ.B. 1 lu-bu-!u,"of silver, one garment for him."
AKT 8 2015.pdf,$a-lá-ma-an ) ma-na LÁ 2 GÍN,cost 38 shekels
AKT 8 2015.pdf,KÙ.B . it-bu-lu,of silver.
AKT 8 2015.pdf,TÚG.HI.A  !a  kà-$a-ri-im,"3 textiles of the harnesser,"
AKT 8 2015.pdf,4( GÍN  KÙ.B. : ú-nu-ut  AN%E,4'  shekels of silver donkey harness.
AKT 8 2015.pdf,mì-ma  a-nim  'u-Ku-bu-/um,All this %u-K!bum
AKT 8 2015.pdf,wa-ar-ki-ú-tim : nu-za-kà-/ma,we will clear accounts and then
AKT 8 2015.pdf,lu-qú-ut-kà : i!-tí,send your merchandise
AKT 8 2015.pdf,<<i!-tí>> : pá-ni-im-ma,to you with the next
AKT 8 2015.pdf,"expression KÙ.BABBAR.BI, “its silver”","6-14. The two donkeys were heavily loaded, carrying 145 pounds of tin and 36 textiles."
AKT 8 2015.pdf,[ú  D]a-dí-a-ma  a-na  E-la-ma,[and] Dadiya say to Elamma:
AKT 8 2015.pdf,[qí-b]i4-ma  24* ma-na 4? GÍN KÙ.B.,"“24 minas 24? shekels of silver,"
AKT 8 2015.pdf,[%À] 1 ma-na 1 GÍN KÙ.B.  ni-is-ha-tim,[thereof] we gave 61 shekels of silver
AKT 8 2015.pdf,[ni]-di-in : !í-tí  KÙ.B.-pí-kà,as excise; the rest of your silver is
AKT 8 2015.pdf,23! * ma-na  4 GÍN,23! minas and 24 shekels.
AKT 8 2015.pdf,1/2 ma-na  3! GÍN GU%KIN A-!ùr-DÙG,"33 shekels of gold A""""ur-1&b brought"
AKT 8 2015.pdf,ub-lam  %À 1* GÍN 7(  %E,"us, thereof we gave as excise"
AKT 8 2015.pdf,* GÍN i-na  sà-na-qí-ni,"* shekel less when we checked it, (so)"
AKT 8 2015.pdf,i[m]-#í  !í-ti  GU%KIN  (  ma-na 1* GÍN,"the rest of the gold is 31* shekels,"
AKT 8 2015.pdf,5- GÍN.TA  KÙ.B.-áp-!u,its equivalent in silver at 1: 52 is
AKT 8 2015.pdf,ù !í-im! GU%KIN,including the yield of the gold:
AKT 8 2015.pdf,ma-na 9 GÍN KÙ.B.,26 minas 9 shekels of silver.
AKT 8 2015.pdf,GÚ 20  ma-na 8  GÍN  AN.[NA],4 talents 20 minas 8 shekels of tin
AKT 8 2015.pdf,ku-nu-ku 30 ma-na [AN.NA]-/ak,"under seals, 30 minas hand tin,"
AKT 8 2015.pdf,qá-tim  17-  G[ÍN.TA],"at 172 shekels per (shekel of silver),"
AKT 8 2015.pdf,KÙ.B.-áp-!u,"its (price in) silver,"
AKT 8 2015.pdf,16) ma-[na  9 GÍN],16 minas 4[9 shekels];
AKT 8 2015.pdf,TÚG ku-ta-n[u  5  5/6 GÍN.TA],"36 kut""nu-textiles [at 5 5/6 shekels apiece],"
AKT 8 2015.pdf,3(  ma-na  KÙ.B.-!u-nu,their (price in) silver 3' minas;
AKT 8 2015.pdf,!u-ru-tum  qá-dé  !a li-w[i]-/tim,33 dark textiles including those for
AKT 8 2015.pdf,1) ma-na  4  GÍN  KÙ.B.-áp-!u-nu,"wrapping, their silver 1 mina 44 shekels."
AKT 8 2015.pdf,ma-na  LÁ 5 GÍN  i-ma-sà-im,The silver became 55 shekels less by
AKT 8 2015.pdf,ma-na  17  GÍN : it-bu-lu,cost 1 mina 17 shekels;
AKT 8 2015.pdf,AN%E  im-ra-a$-ma  wa-at-ra-/am,1 donkey became ill and we bought
AKT 8 2015.pdf,ni-i!-a-ma  i-lá-kà-kum,an extra one and it is coming to you.
AKT 8 2015.pdf,ma-na  bé-ú-lá-at  Ú-zu-a,"1 mina, the working capitals of Uzua"
AKT 8 2015.pdf,GÍN #é-$ú-bi  a-na  A-!ùr-DÙG,12 shekels as additional amount we
AKT 8 2015.pdf,né-pu-ul  3 GÍN  !a sà-e-d/tim,"balanced to A""""ur-1&b, 3 shekels for .....,"
AKT 8 2015.pdf,GÍN  ú-nu-ut  AN%E.HI.A,"9 shekels donkey harness,"
AKT 8 2015.pdf,12(  GÍN wa-$í-tum,"12' shekels export tax,"
AKT 8 2015.pdf,GÍN ú-ku-ul-tí  AN%E.HI.A,14 shekels donkey fodder.”
AKT 8 2015.pdf,En-nam-A-!ur  ú Da-dí-a,"Ennam-A""""ur and Dadiya,"
AKT 8 2015.pdf,ma-na  KÙ.B.  Dan-A-!ur,"“24 minas of silver  D&n-A""""ur, son"
AKT 8 2015.pdf,DUMU  'a-lim-a-hi-im  ub-lam,"of  %alim-ahum, has brought us."
AKT 8 2015.pdf,16)  ma-na  KÙ.B. A-!ur-na-da,"16)  minas of silver A""""ur-n&d&,"
AKT 8 2015.pdf,DUMU A-!ur-i-dí  ub-lam,"son of A""""ur-id$, has brought us."
AKT 8 2015.pdf,%UNIGIN2 40*  ma-na  KÙ.B.,In all 40* minas of silver.
AKT 8 2015.pdf,%À.BA  30 ma-na  i!-tí,Thereof (we paid) 30 minas we had
AKT 8 2015.pdf,A-lá-hi-im  ni-il5-qé-ma,borrowed from Ali-ahum and
AKT 8 2015.pdf,1)  ma-na  KÙ.B. $í-ib-tám,we added to it 1)  mina of silver
AKT 8 2015.pdf,nu-$í-ib : !í-tí  KÙ.B.-pì-kà,as interest. There remains of your
AKT 8 2015.pdf,TÚG k[u-ta-n]u,"76 kut""nu-textiles cost"
AKT 8 2015.pdf,ma-[na  40? GÍN] KÙ.B.,"6 minas [40? shekels] of silver,"
AKT 8 2015.pdf,$a-lá-[mu )  ma-na  x GÍN],cost  [40+x shekels]
AKT 8 2015.pdf,KÙ.B. i[t-bu-lu],of silver.
AKT 8 2015.pdf,ma-na  [AN.NA qá-tim],15 minas of [tin for expenses]
AKT 8 2015.pdf,GÍN.T[A  KÙ.B.]-áp-!u,"at 13 shekels :1, its price in silver"
AKT 8 2015.pdf,ma-na  9 [GÍ]N,1 mina 9 shekels.
AKT 8 2015.pdf,ú-nu-ut  A[N%E.H]I.A <ù>,The harness of the donkeys <and>
AKT 8 2015.pdf,it-bu-lu : 3)  GÍN  KÙ.B.,"9'  shekels of silver, 3)  shekels"
AKT 8 2015.pdf,té-$ú-bé  [nu]-$í-ib,"of silver we added as additions,"
AKT 8 2015.pdf,4*  GÍN  wa-$í-tum,"4*  shekels the export tax,"
AKT 8 2015.pdf,GÍN Be-lúm-ba-ni il5-qé,2 shekels B#lum-b&ni took.
AKT 8 2015.pdf,ku!(TÚG)-ta-nu  !a  A-bu-!a-lim,"4 kut""nu-textiles of Abu-""alim,"
AKT 8 2015.pdf,TÚG  !a  A-!ur-re-$í,"1 textile of A""""ur-r#($,"
AKT 8 2015.pdf,TÚG  !a  Da-dí-a,"1 textile of Dadiya,"
AKT 8 2015.pdf,TÚG  !a  Be-lúm-ba-ni,1 textile of B#lum-b&ni.
AKT 8 2015.pdf,le.e. KÙ.B. Be-lúm-ba-ni  a-ma-kam,pay the silver over there.”
AKT 8 2015.pdf,"27-28. B#lum-b&ni was a freighter (ka$$""rum) who had received a be’&l""tu-loan, mentioned in",*18:18. The single textile of his probably was bought with this money and in addition he had
AKT 8 2015.pdf,ù  Da-dí-a  a-na E-lá-ma,"and Dadiya, say to Elamma:"
AKT 8 2015.pdf,qí-bi4-ma  4*  ma-na  2( GÍN KÙ.B.,“4* minas 2' shekels of silver
AKT 8 2015.pdf,Dan-A-!ur ub-lam 4* GÍN !a-du-a-/tám,"D&n-A""""ur brought. We gave 4* shekels"
AKT 8 2015.pdf,né-pu-ul 11  GÍN  a-na  ni-is-h[a-tim],"shekel as addition and 11 gave as excise,"
AKT 8 2015.pdf,ni-dí-in  !í-tí  KÙ.B.-pì-kà,so that of your silver there remain 4 minas
AKT 8 2015.pdf,ma-na 6 LÁ 1/6? GÍN 17 m[a-na]/ °4¿,5 5/6? shekels. 17 minas and 4 shekels
AKT 8 2015.pdf,KÙ.B.  A-ni-nu-um  ub-lam         [ GÍN,of silver An$num brought here.
AKT 8 2015.pdf,%À.BA  )  ma-na 2(  GÍN a-na,Thereof we paid 42' shekels as
AKT 8 2015.pdf,ni-is-ha-tim  ni-dí-in,excise. There remain of
AKT 8 2015.pdf,%UNIGIN2 KÙ.B.-pì-kà  20* ma-na,The total of your silver amounts to 20
AKT 8 2015.pdf,[ 5* / GÍN,[ minas 25* shekels.
AKT 8 2015.pdf,GÚ 20 ma-na AN.NA  ku/-nu-ku,"4 talents 20 minas of tin under seals,"
AKT 8 2015.pdf,15*  GÍN 15  %E.TA,at a rate of 15  5/12 shekels : 1
AKT 8 2015.pdf,KÙ.B.-áp-!u 17 5/6 ma-na / 2  GÍN,the silver for it was 17 minas 52 shekels.
AKT 8 2015.pdf,ma-na AN.NA-ak qá-/tim,"20 minas tin for expenses, at a rate"
AKT 8 2015.pdf,GÍN.TA  1*  ma-na KÙ.B.,of 15 shekels : l  makes 1* mina of silver.
AKT 8 2015.pdf,ku-ta-nu  )  ma-na  6( GÍN,"10 kut""nu-textiles cost 46'"
AKT 8 2015.pdf,!u-ru-tum  !a  li-wi-tim,"8 dark textiles for wrapping, their"
AKT 8 2015.pdf,*  ma-na 8  GÍN KÙ.B.-!u-nu,price in silver 28 shekels;
AKT 8 2015.pdf,[  [LÁ 4?] GÍN,[ shekels of silver.
AKT 8 2015.pdf,KÙ.B.-!u-nu * mana *7? GÍ[N  KÙ.B.],27? shekels of silver loss due to
AKT 8 2015.pdf,i-ma-sá-im  im-#í  ( [ma-na  KÙ.B.],"washing (the silver); ' [mina of silver],"
AKT 8 2015.pdf,be-ú-lá-at  Ma-$i-°ì-lí],the working capital of Ma(i-il$;
AKT 8 2015.pdf,GÍN lu-bu-!u  1 GÍ[N KÙ.B.],2 shekels his clothing allowance; 1 shekel
AKT 8 2015.pdf,!a  sà-e-d/tim 10 GÍN  20[+2( %E],the cost of ....... ; 10 1/8 shekels
AKT 8 2015.pdf,wa-$í-tum  3 GÍN KÙ.B.  i-na,the export tax. When checking 3 shekels of
AKT 8 2015.pdf,sà-na-qí-im : im-#í  3(  GÍN,silver proved to be missing; 3' shekels
AKT 8 2015.pdf,ú-nu-ut  AN%E.HI.A  1 GÍN,the harness of the donkeys; 1 shekel
AKT 8 2015.pdf,ú-kúl-tí AN%E.HI.A,fodder for the donkeys. To supplement
AKT 8 2015.pdf,a-na  mu-lá  AN%E.HI.A,(the costs of ) the donkey-loads
AKT 8 2015.pdf,ma-na LÁ 1 1/6  GÍN  KÙ.B.,we added 58 5/6 shekels of silver
AKT 8 2015.pdf,le.e. i-na !a  ú-#í-tim : nu-ra-dí  mì-ma a-nim,from that of the barley. All this
AKT 8 2015.pdf,Dan-A-!ur ir-de8-a-ku-um,"D&n-A""""ur has led to you.”"
AKT 8 2015.pdf,"read !addu’assu !a-bu-ú-ú, “they are satisfied with the !.-fee on it”. A transporter occasionally","received an “additional payment” (t%$ub&), presumably for expenses made en route, specified in"
AKT 8 2015.pdf,um-ma  En-nam-A-!ur-ma,"Thus Ennam-A""""ur and Dadiya,"
AKT 8 2015.pdf,qí-bi4-ma  30 ma-na  KÙ.B.,“30 minas of silver that
AKT 8 2015.pdf,!a  dA-!ur-SIPAD  ub-lá-ni,"A""""ur-r#’$ brought here,"
AKT 8 2015.pdf,ni-is-ha-sú  DIRIG,"its excise added, (thereof):"
AKT 8 2015.pdf,GÚ 10 ma-na  AN.NA  ku-nu-ki,2 talents 10 minas of tin under seals
AKT 8 2015.pdf,ma-na  AN.NA  qá-tim,(and) 25 minas of tin for expenses
AKT 8 2015.pdf,14-  GÍN.TA 10 5/6 ma-na / 3 GÍN,at 142  shekels :1 cost 10 minas and
AKT 8 2015.pdf,TÚG.HI.A  5  5/6 ma-na,85 textiles cost 5 minas
AKT 8 2015.pdf,ù 7 GÍN KÙ.B.,and 57 shekels of silver.
AKT 8 2015.pdf,$a-la-mu 1 ma-na 13 GÍN,cost 1 mina and
AKT 8 2015.pdf,KÙ.B.  it-bu-lu,"13 shekels of silver,"
AKT 8 2015.pdf,10*  GÍN KÙ.B.  ú-nu-ut,10* shekels of silver the harness of the
AKT 8 2015.pdf,AN%E  9  GÍN  KÙ.B.  wa-$í-/tám,"donkeys, 9 shekels of silver export tax,"
AKT 8 2015.pdf,GÍN  KÙ.B.  !a  sá-e-d/tim,3 shekels of silver for ...........
AKT 8 2015.pdf,ma-na  KÙ.B. !a  A-!ur-PA-/LU,"The 30 minas of silver that A""""ur-r#’$"
AKT 8 2015.pdf,ub-lá-ni   1*  GÍN  ù / 3 %E.TA,brought entailed additions of
AKT 8 2015.pdf,té-$ú-bu  )  ma-na ( GÍN,"1 shekel 63 grains per (mina, so that)"
AKT 8 2015.pdf,KÙ.B.  ni-dí-in,we paid  40'  shekels of silver.
AKT 8 2015.pdf,* ma-na  KÙ.B.  be-ú-lá-at,20 shekels of silver the working capital
AKT 8 2015.pdf,Kur-ub-I!tar  2 GÍN  KÙ.B.,"of Kurub-I""tar, 2 shekels his clothing"
AKT 8 2015.pdf,lu-bu-!u  3 TÚG.HI.A,allowance; 3 textiles
AKT 8 2015.pdf,!a  Kur-ub-I!tar,"of Kurub-I""tar,"
AKT 8 2015.pdf,TÚG  !a Da-dí-a,"1 textile of Dadiya,"
AKT 8 2015.pdf,TÚG  !a  En-nam-A-!ur,"1 textile of Ennam-A""""ur."
AKT 8 2015.pdf,mì-ma  a-nim  A-!ur-SIPAD,"All this A""""ur-r#’$"
AKT 8 2015.pdf,!í-tí  KÙ.B.  i!-tí,(What we will buy with) the rest
AKT 8 2015.pdf,wa-ar-ki-ú-tim,of the silver we will send you
AKT 8 2015.pdf,"four writers, P!""u-k#n and probably A""""ur-r[#($] (perhaps one of Elamma’s representatives in",Assur) are preserved. Since they had informed the unknown addressees about a debt of and a
AKT 8 2015.pdf,a-na [x x x   u  x x x],To [............. and ...........]
AKT 8 2015.pdf,ù  A-!ur-r[e-$í-ma?],"and A""""ur- r[#($?]:"
AKT 8 2015.pdf,ma-na KÙ.[B. !a É  DAM.GÀR],“The interest on the 51 minas of silver we
AKT 8 2015.pdf,ni-il5-qé-a-ku-n[u-tí-ni  4 ma-na],borrowed for you at a merchant’s house
AKT 8 2015.pdf,GÍN  KÙ.B.  $[í-i]b-tum,amounted to 4 minas and 15 shekels
AKT 8 2015.pdf,i-li-ik  %UNIGIN2  55 ma-na 15 / GÍN,"of silver. Total: 55 minas 15 shekels,"
AKT 8 2015.pdf,qá-dum  $í-ib-ti-!u  46(  ma-na,"including its interest. Abu-""alim has"
AKT 8 2015.pdf,KÙ.B.  A-bu-!a-lim  ub-lam,"brought 46' minas of silver,"
AKT 8 2015.pdf,GÍN i-na  i-!é-ra-tim,it became 12 shekels less by / than the
AKT 8 2015.pdf,im-#í  18 GÍN  a-ma-sú-hu-tim,"i!er""tum, 18 shekels we deducted for"
AKT 8 2015.pdf,ni-ik-bu-ús  46  ma-na  KÙ.B.,"dirtiness, so that 46 minas of silver"
AKT 8 2015.pdf,iz-ku-am  ta-á!-pu-ra-nim,became available. You wrote us
AKT 8 2015.pdf,um-ma  a-tù-nu-ma  4 ma-na,as follows: ‘Elamma has a debt
AKT 8 2015.pdf,KÙ.B.  E-lá-ma  ha-bu-ul,of 4 minas of silver’. He retained
AKT 8 2015.pdf,ma-na  KÙ.B. !a  ha-bu-lá-tù-/nu-ni,in his possesssion 3 minas
AKT 8 2015.pdf,i-li-bi4-!u  ik-lá,of silver that you owe (him and)
AKT 8 2015.pdf,°1¿ ma-na KÙ.B.  i!-qú-ul,therefore he paid 1 mina of silver.
AKT 8 2015.pdf,i-té-er-tí-ku-nu  um-ma,In your instruction you write:
AKT 8 2015.pdf,Kàr-wa-a  li-i!-qú-ul,4 minas of silver’ -
AKT 8 2015.pdf,ma-na  i!-qú-ul  1 ma-na,he paid 3 minas; 1 mina
AKT 8 2015.pdf,I-dí-a-bu-um  i!-qú-ul,Iddin-abum paid.
AKT 8 2015.pdf,!a-qá-lam  lá  i-mu-a,pay 1 mina of silver.  Since your own
AKT 8 2015.pdf,ma-na 15 GÍN  KÙ.B.-ku-/nu,"silver is 4 minas 15 shekels short, we"
AKT 8 2015.pdf,ba-ti-iq  É  né-ru-ub-ma,entered (a money-lender’s) house (to bor-
AKT 8 2015.pdf,ma-na 15 GÍN-ku-nu,"row it) and your 4 minas 15 shekels,"
AKT 8 2015.pdf,a-na 5 ma-na 10(  GÍN  KÙ.B.,together with the interest on it have now
AKT 8 2015.pdf,qá-dum  $í-ib-tí-!u  i-tù-/ar,become 5 minas 10' shekels of silver
AKT 8 2015.pdf,i!-tù ha-mu!-tim  !a dMAR.TU-/ba-ni,reckoning from the week eponymy of
AKT 8 2015.pdf,ù A-![ur-n]a-°da¿  ITI.KAM,"Amurrum-b&ni and A""""ur-n&d&,"
AKT 8 2015.pdf,a-lá-*°na-t¿[im ú?¿* #up-pì-ni,in month XII.  Therefore? our tablet of
AKT 8 2015.pdf,![a  51 ma- n]a KÙ.B.  ú $í-ba-/ti-!u,[51 min]as of silver plus interest on it
AKT 8 2015.pdf,#u[p-pì-ni-ma] 5 [m]a-na 10(  GÍN,remains our tablet. Send the 5 minas 10'
AKT 8 2015.pdf,KÙ.B. [ú  $í-ba]-sú,"shekels of silver plus interest on it,"
AKT 8 2015.pdf,!é-bi4-[lá-nim  ù¿ #up-pì-ni,so that our tablet
AKT 8 2015.pdf,a-ba-ú-ni  a-hu-ni  a-tù-nu  ih-da-ma,"Please, our fathers and brothers, take care to"
AKT 8 2015.pdf,KÙ.B. !é-bi4-lá-nim ú  KÙ.B. lá  i-ma-,send the silver and let the silver not get
AKT 8 2015.pdf,ú  #up-pì-ni  lá  ú-kà-lu        [ i-/i[d],much and let them not retain our tablet!”
AKT 8 2015.pdf,"word, but CAD M/1, 429, s.v. ma#û, 1, 2’, translates 5 GÍN ina i!er""tim im#i in TC 2, 14:23 by","“5 shekels were missing from the ‘normal amounts’” This translation takes ina as partitive, but"
AKT 8 2015.pdf,for/as refining” (2 GÍN.TA ana $a-ra-pu-tim nikbus). In both cases ana + abstract does not refer,"to a particular treatment, but to its effects, which can be quantified, “loss of volume as (result of"
AKT 8 2015.pdf,since it is added to 15 GÍN.,"32-34. A pair of week eponyms attested during the same month in eponymy year REL 91, in"
AKT 8 2015.pdf,increasing and to get the original debt-note back.,"Of the original debt of 51 minas of silver, plus its accumulated interests (plural) - 4 minas 15"
AKT 8 2015.pdf,um-ma Lá-qé-pu-um  ù  'u-A-!ur-<ma>,"thus L&-q#pum and %u-A""""ur:"
AKT 8 2015.pdf,ku-ta-nu  ku-wa-ú-tum,"“72 kut""nu-textiles belonging to you,"
AKT 8 2015.pdf,ku-ta-nu  !a  DAM.GÀR,"26 kut""n& belonging to the tamk""rum,"
AKT 8 2015.pdf,ku-ta-num  !a  ik-ri-bi4-kà,"1 kut""num of your ikrib&,"
AKT 8 2015.pdf,ku-ta-num  !a  A-ta-a-a,"1 kut""num of At&ya -"
AKT 8 2015.pdf,!a  !é-ep  DUMU  Ú-$a-ri-a,shipped under U(&riya’s son;
AKT 8 2015.pdf,ku-ta-num  !a Ha-ti-a,"1 kut""num of Hatiya -"
AKT 8 2015.pdf,%UNIGIN2  2 me-at  26 ku-ta-nu,"in all 226 kut""nu-textiles."
AKT 8 2015.pdf,%À.BA  1 me-at  81  ku-ta-ni,"Thereof 181 kut""n& and"
AKT 8 2015.pdf,!a A-ki-dí-e,25 Akkadian textiles
AKT 8 2015.pdf,3( GÍN 15 %E KÙ.B. a-na sà-he-/er-tim,"I paid 3 7/12 shekels for small wares,"
AKT 8 2015.pdf,ù  2 °!u-ri-in¿ : pá-ni-°ú-tim],and 2 dark textiles (sent) earlier
AKT 8 2015.pdf,[L]a?-ma-*s[à?-tu]m? t]al-qé,Lamassutum(?) took.
AKT 8 2015.pdf,GÚ A[N.NA]  ku-nu-ku,2 talents of tin provided with seals
AKT 8 2015.pdf,!a  a-limki  !a  DAM.GÀR,"in the City belonging to the tamk""rum,"
AKT 8 2015.pdf,!a  Ar-ta-ma : nu-sà-ni-iq-/!í-na-ma,of Artama – we checked them and
AKT 8 2015.pdf,ma-na  im-#í-a,they proved to contain 5 minas too little.
AKT 8 2015.pdf,[1 !]u-uq-lam  ni-ip-#ur4-ma,We opened one packet and we
AKT 8 2015.pdf,[x+ (¿ ma-na  4  GÍN a-na,balanced [x + ' ] mina 4 shekels to the
AKT 8 2015.pdf,DUMU Da-da-nim ù  DUMU Ú-$a-ri-a,son of Dad&num and the son of U(&riya
AKT 8 2015.pdf,né-pu-ul : i!-tù  AN.NA qà-/tim,after the tin for expenses and the )
AKT 8 2015.pdf,ù  ) ma-na KÙ.B.  !a  a-pá-ni-/!u-nu,mina of silver we had sent them en route
AKT 8 2015.pdf,a-!u-mì  ni-is-ha-tim  É  kà-ri-/im,they detained in the colonial office because
AKT 8 2015.pdf,ú-kà-lu  DUB.SAR  !u-uq-/la-tim,of the import-tax. The scribe booked you
AKT 8 2015.pdf,wa-at!(UD)-ra-tim : il5-pu-ut-kà-ma,"for the additional packets, but"
AKT 8 2015.pdf,a-dí-ni  a-wa-tum  lá  gam-ra,the affair has not yet been settled.
AKT 8 2015.pdf,!u-uq-lá-tum,Six packets with either our own
AKT 8 2015.pdf,lu  ku-nu-ku-ni  lu  !a  a-limki,"seal or that of the City,"
AKT 8 2015.pdf,ku-ta-ni  32  !u-ru-tim,"36 kut""nu- and 32 dark textiles,"
AKT 8 2015.pdf,qá-du-um :  !a  li-wi-tim,"including those for wrapping,"
AKT 8 2015.pdf,AN%E.HI.A  $a-lá-me : A-!ur-i-mì-tí,"6 black donkeys A""""ur-imitt$ and"
AKT 8 2015.pdf,ma-na AN.NA  i-!u-uq-lim,1 mina of tin (taken) from a packet (and)
AKT 8 2015.pdf,LÁ - GÍN  KÙ.B. a-sà-he-er-tim,20 shekels of silver for small wares
AKT 8 2015.pdf,a-na A-!ur-i-mì-tí,"we gave to A""""ur-imitt$ and Huziya."
AKT 8 2015.pdf,a-ni-kà-sí-kà : ni-dí : i-na !u-uq-lá-tim,deposited on your account. From these
AKT 8 2015.pdf,a-ni-a-tim 2 !u-uq-lá-an : !a ![é]-ep,packets 2 are shipped under the
AKT 8 2015.pdf,A-!ur-la1-ma-[sí],"responsibility of A""""ur-lamass$.”"
AKT 8 2015.pdf,"en route had been spent. What is given to A""""ur-imitt$ and Huziya according to lines 42-45 may",have had the same purpose.
AKT 8 2015.pdf,"(also in l. 9) must be Ennam-A""""ur, cf. *10:3-4, *15:2 and *298:17. U(&riya probably is an","Identifying a man as “son of PN” usually happened to prevent confusion, in this case with a"
AKT 8 2015.pdf,GÚ 15 ma-na AN.NA,3 talents 15 minas of tin under
AKT 8 2015.pdf,ku-nu-ku 4 TÚG !u-ru-tum li-wi-/sú,"seals, 4 dark textiles, its wrapping,"
AKT 8 2015.pdf,TÚG ku-ta-nu 16) ma-na,"17 kut""nu-textiles, 16) minas of"
AKT 8 2015.pdf,AN.NA-ak qá-tim 2 AN%E,"loose tin, 2 black donkeys -"
AKT 8 2015.pdf,$a-lá-mu %UNIGIN2 4 GÚ 18 ma-na,"in all 4 talents 18 minas of tin, the"
AKT 8 2015.pdf,AN.NA a-wi-it I-li-a,value of Iliya(’s shipment).
AKT 8 2015.pdf,i!-tù a-limki a-di Kà-ni-i!,From the City until Kanesh
AKT 8 2015.pdf,GÚ-tám 4 ma-na 6 1/4 GÍN.TA,the toll-and-fees amounted to
AKT 8 2015.pdf,da-tum ik-!u-dam,"4 minas 62  shekels per talent,"
AKT 8 2015.pdf,GÍN.TA qá-qá-da-tù-/um,the head-tax to 15 shekels per person.
AKT 8 2015.pdf,5/6 ma-na 4 GÍN  á!-qúl,I paid 17 minas 54 shekels.
AKT 8 2015.pdf,16) GÍN  mu-#á : AN.NA-ak /qá-tim,16) shekels shortage of hand tin.
AKT 8 2015.pdf,!a bi-lá-tim  i!-tù,For  4 porters from
AKT 8 2015.pdf,* ma-na 6 GÍN.TA  1) ma-na /4 GÍN,at 26 shekels each I paid 1 mina 44
AKT 8 2015.pdf,á!-qúl  3) ma-na 5 GÍN,shekels (of tin). 3 minas 45 shekels (of tin)
AKT 8 2015.pdf,ú-kúl-ti 2 AN%E ù sá-ri-dim,food for 2 donkeys and a donkey-driver
AKT 8 2015.pdf,ù na-ab-ri-ta-!u-nu,and for their stay in a paddock.
AKT 8 2015.pdf,AN%E-re : i-sí-kà-tim,They took the donkeys away during
AKT 8 2015.pdf,it-ru-ú-ma  a-pá-#á-ri-!u-nu,the campaign and I paid 50 shekels
AKT 8 2015.pdf,5/6 ma-na AN.NA á!-qúl,of tin to redeem them.
AKT 8 2015.pdf,( ma-na 6 GÍN AN.NA,36 shekels of tin for
AKT 8 2015.pdf,a-na 1 TÚG !a Ku-ku-ú,"1 textile of Kuk!,"
AKT 8 2015.pdf,GÍN a-na !é-[n]é-!u,5 shekels for his sandals.
AKT 8 2015.pdf,5/6 ma-na  AN.NA-ak qá-tim,After the 16 5/6 minas of hand tin
AKT 8 2015.pdf,gám-ru  8( ma-na  ) GÍN,had been spent 8 minas 30 ) shekels
AKT 8 2015.pdf,AN.NA  i-na-pá-al  i-na,of tin will be balanced (to him). Of
AKT 8 2015.pdf,TÚG  ku-ta-ni-!u  1 TÚG a-na,"the 17 kut""nu-textiles they took"
AKT 8 2015.pdf,2(  GÍN  KÚ.B.  i-pu-lu-!u-um,2' shekels of silver; 1' textile and
AKT 8 2015.pdf,1( TÚG ù 1( GÍN KÙ.B. i!-ra-tù-/!u,1' shekel of silver (balanced) are his tithe.
AKT 8 2015.pdf,i-hu-lu-qá-e  1(  GÍN KÙ.B.,His share in the losses amounted to 1'
AKT 8 2015.pdf,ik-!u-sú !a  2( TÚG  !a  É.GAL-/lúm,shekels of silver. For the 2' textiles
AKT 8 2015.pdf,il5-qé-ú ( ma-na (eras.) KÙ.B.,"which the palace took, A""""ur-(ul!l$"
AKT 8 2015.pdf,A-!ur-$ú-lu-li  il5-qé,received ' mina of silver.
AKT 8 2015.pdf,a-ha-ma 6 GÍN LÁ 15 %E KÙ.B.,"Separately A""""ur-(ul!l$ took 5 11/12"
AKT 8 2015.pdf,!a  !ál-!a-tí-!u  A-!ur-$ú-lu-li-/ma,shekels of silver as his one-third-share.
AKT 8 2015.pdf,il5-qé  !í-ti  TÚG.HI-tí-!u  12  TÚG,"The rest of his textiles, 12 pieces,"
AKT 8 2015.pdf,GÚ 15 ma-na AN.NA ku-nu-ki-kà,"3 talents 15 minas of tin with your seals,"
AKT 8 2015.pdf,TÚG !u-ru-tum : li-wi-sú,"4 dark textiles, its wrapping,"
AKT 8 2015.pdf,ù ú-nu-sú-nu,"their harness,"
AKT 8 2015.pdf,áp-qi-id  IGI 'u-Be-lim,"in the presence of %u-B#lum,"
AKT 8 2015.pdf,DUMU A-mur-DINGIR IGI Puzur4-/,"son of Amur-il$, (and) of Puzur-A""""ur,"
AKT 8 2015.pdf,DUMU I-tur4-DINGIR        [ A-/!ur,son of It!r-il$.
AKT 8 2015.pdf,"TÚG;  20//24: AN.NA a-!é-né-!u;  21-24//25-29 missing in B through damage, but note that the",PN Ku-ku-ú of A is spelled Ku-ú-ku in B:39 and 49;  rev. 1 = 26//32: i-na-pu-l[u-!u-um].
AKT 8 2015.pdf,[i]l5-qé-ù 1( GÍN K[Ù.B. i-na-pu-lu-!um],[they will balance him?] 1' shekel of silver.
AKT 8 2015.pdf,[1]( GÍN KÙ.B.  hu-lu-q[á-ú (x x x)],[To 1]' shekel of silver the losses ..........
AKT 8 2015.pdf,[i]k-!u-ud  !í-im 2( °TÚG¿ ku-ta-ni,"amounted. The price of 2' kut""nu-textiles,"
AKT 8 2015.pdf,[(  ma-na K]Ù.B. A-!ur-$ú-lu-li,"[' mina of si]lver, A""""ur-(ul!l$"
AKT 8 2015.pdf,a-na Ku-ni-lim : i-dí-in,gave to K!n-ilum.
AKT 8 2015.pdf,a-ha-ma 6 GÍN LÁ 15  %E KÙ.B.,"Separately, 5 11/12 shekels of silver"
AKT 8 2015.pdf,!a !ál-!a-tí-!u A-!ur-$ú-lu-li,"of his one-third-share A""""ur-(ul!l$ took."
AKT 8 2015.pdf,il5-qé %À.BA 2 GÚ 10 ma-na  AN.NA,Thereof: 2 talents 10 minas of tin under
AKT 8 2015.pdf,ku-nu-ki !a a-limki 4  TÚG !u-r[u-tim],"seals applied in the City, 4 dark textiles,"
AKT 8 2015.pdf,li-wi-sú 12  TÚG ku-t[a-ni],"its wrapping, 12 kut""nu-textiles,"
AKT 8 2015.pdf,ù a-ha-ma 1 ku-ta-nu-um,"and separately one kut""nu-textile"
AKT 8 2015.pdf,!a Ku-ú-ku  mì-ma a-nim  Ku-ú-ku,of Ku’uku. All this Ku’uku
AKT 8 2015.pdf,a-na $é-er  Hi-na-a  ú-bi-il5,brought to Hinn&ya.
AKT 8 2015.pdf,i-na 1 GÚ AN.NA ù  it-ra-ti-!u,Of the (remaining) 1 talent of tin with its
AKT 8 2015.pdf,!a a-na-kam  áp-qí-dam <<ú>>,"surplus that I entrusted here <<and>>,"
AKT 8 2015.pdf,ma-na AN.NA  a-ni-is-ha-[tim !a],"6 minas were (paid) as import-tax, [for]"
AKT 8 2015.pdf,GÚ AN.NA 34 ma-na  !a-du-ú-tum,3 talents of tin the !addu’utu-tax amoun-
AKT 8 2015.pdf,12(  ma-na AN.NA  Ku-ni-[lúm],"ted to 34 minas of tin, 12' minas of tin"
AKT 8 2015.pdf,il5-qé  8( ma-na 1 GÍN,"K!n-ilum took, 8 minas 31 shekels"
AKT 8 2015.pdf,Ì-lí-a-lúm il5-qé,"Il$-&lum took, 2 5/6 minas of tin"
AKT 8 2015.pdf,le.e. 3 ma-na LÁ 10 GÍN i-na mu-#á  AN.NA,from the deficiency of the loose tin
AKT 8 2015.pdf,"(in a paddock)”, Veenhof Lex, s.v.  Kouwenberg observes that the spelling na-ab/p-ri-ta-!u-nu","(the other occurrences, na-áb/p-ri-tí, in the construct state, and ana na-áb/p-ri-tim in the geni-"
AKT 8 2015.pdf,"A 23 // B 40. The man whose name is spelled both Ku-ku-ú and Ku-ú-ku, is, as far as I know,",not attested in other texts and presumably was an Anatolian. The garment and sandals bought
AKT 8 2015.pdf,GÚ  LÁ  2  ma-na,"58 minas of tin,"
AKT 8 2015.pdf,AN.NA  24  ma-ku-hu,"24 mak&hu-textiles,"
AKT 8 2015.pdf,AN%E  !a  I-dí-a-bi4-/im,1 donkey of Iddin-abum;
AKT 8 2015.pdf,!a  'u-Ku-bi4-im,of %u-K!bum;
AKT 8 2015.pdf,ma-na 15  GÍN / URUDU,6 minas 15 shekels of copper
AKT 8 2015.pdf,a-qá-tí dUT[U]-ub-lá-/am,"for his use %ama""-ublam,"
AKT 8 2015.pdf,me-at  73 ku-ta-nu,"173 kut""nu-textiles (that)"
AKT 8 2015.pdf,i-na  É.GAL-lim  ur-du-/nim,"came down from the palace,"
AKT 8 2015.pdf,TÚG !a  li-wi-/tim,"7 textiles as wrapping,"
AKT 8 2015.pdf,TÚG  !a  ik-ri-bi4-a,"1 textile of my temple-fund,"
AKT 8 2015.pdf,!a DUMU 'ál-mah  ub-lá-ni,is what %alim-ahum’s son brought me.
AKT 8 2015.pdf,TÚG !a  i-ma-$a-ar-tim,I  added 10 textiles that I took
AKT 8 2015.pdf,ú-!é-$í-a-ni  ú-ra-dí,out of the strong room (and)
AKT 8 2015.pdf,TÚG !a  A-!ur-mu-ta-/pí-il5,"6 textiles that  A""""ur-m!tappil"
AKT 8 2015.pdf,ub-lá-ni  (erasures),brought me.
AKT 8 2015.pdf,%U.NIGIN2  me-at  93[+4 TÚG],In all 19[7 textiles].
AKT 8 2015.pdf,%À.BA  7  TÚG ku-[ta-ni],"Thereof: 7 kut""nu-textiles"
AKT 8 2015.pdf,TÚG 'u-Ku-bu-um,"3 textiles %u-K!bum took,"
AKT 8 2015.pdf,il5-qé 3 TÚG  !a be-<ú>-lá-at,3 textiles of the working capital
AKT 8 2015.pdf,Puzur4-A-na,"of Puzur-Anna,"
AKT 8 2015.pdf,TÚG !a  be-ú-lá-at,3 textiles of the working capital of
AKT 8 2015.pdf,A-!ur-ba-ni  2 TÚG A-!ur-mu-ta-pì-/il5,"A""""ur-b&ni, 2 textiles A""""ur-"
AKT 8 2015.pdf,!í-tí  TÚG.HI.A,The rest of the textiles:
AKT 8 2015.pdf,ma-na  KÙ.B.  ku-nu-ki-kà,“5 minas of silver under your seal
AKT 8 2015.pdf,Bu-ur-Sú-in ub-lam-ma,B!r-Suen delivered and
AKT 8 2015.pdf,a-na-ku  ù  A-!ur-na-da,"I myself and A""""ur-n&d&"
AKT 8 2015.pdf,nu-sà-ni-iq-ma  2  GÍN KÙ.B.,we checked it and it proved to
AKT 8 2015.pdf,im-#í  3  ma-na  KÙ.B.,be 2 shekels too little. We paid 3 minas
AKT 8 2015.pdf,a-na  SÍG.HI.<A>  !a  É  kà-ri-im ni-i!-,of silver for wool of the colonial office.
AKT 8 2015.pdf,!a  ILLAT-at  I-na-a             /   [qú-/ul,As for the caravan of  Inn&ya and
AKT 8 2015.pdf,bi-it-qá-tum  i-bi-!í-a-ma,"amounting to 10 textiles per (trader?),"
AKT 8 2015.pdf,*  ma-na  KÙ.B.  i-na,so that we could not deposit * mina
AKT 8 2015.pdf,É  kà-ri-im  lá  ni-ta-dí-/ma,"of silver in the colonial office, but"
AKT 8 2015.pdf,) ma-na  KÙ.B.  <<i-na>>,I paid ) mina of silver
AKT 8 2015.pdf,i-na  KÙ.B.-pì-kà,from your own silver.
AKT 8 2015.pdf,á!-qúl  2  ma-na  6  GÍN,I paid 2 minas 6 shekels of
AKT 8 2015.pdf,KÙ.B.  a-na  6  AN%E  (erasure),silver for 6 donkeys.
AKT 8 2015.pdf,ni-i!-qú-ul  12  GÍN  KÙ.B.,"12 shekels of silver, the price"
AKT 8 2015.pdf,!í-im  KÙ.B.-pí-kà  i-na  li-bi-/a,"of your silver, is still due by me."
AKT 8 2015.pdf,i-ba-!í  i-na na4GÍN.ZA-ku-nu,"Of your lapis lazuli, which they"
AKT 8 2015.pdf,!a  ub-lu-ni-ni  5/6  ma-na  3  GÍN,"brought here, they took"
AKT 8 2015.pdf,a-na  i!-ra-tim  il5-qé-ú,53 shekels as tithe.
AKT 8 2015.pdf,°(¿  ma-na  2  GÍN  a-na  !í-mì-im,32 shekels (of lapis lazuli) they
AKT 8 2015.pdf,a-na  !a-na-ú-um il5-qé-ú,bought at a rate of 2 : 1.
AKT 8 2015.pdf,!í-im  hu-sà-ri-ku-nu,With the price of your lapis lazuli under
AKT 8 2015.pdf,°ku-nu¿-ki-ni  Bu-ur-Sú-in* (erasure),our seal B!r-Suen is on his way to you.
AKT 8 2015.pdf,[n]a-á!-a-ku-um  i-na  *!ál!-!a-tí,From the ‘one third parts’ of the caravan of
AKT 8 2015.pdf,[!a]  ILLAT  I-na-a  ú  A-!ùr-/ta-ak-lá-ku,"Inn&ya and A""""ur-takl&ku you will"
AKT 8 2015.pdf,le.e. [x]  ma-na  13  GÍN  KÙ.B.  ta-lá-qé,receive [x] minas 13 shekels of silver.
AKT 8 2015.pdf,[#u]r4-da-ma  °e¿-ma-ra-am  i-lá-qé-ú,and let them take the/a donkey.
AKT 8 2015.pdf,"We meet B!r-Suen as transporter of tamk""rum in *19:11, cf. 36; in *164:10-12 Lamassutum",leaves behind “a tablet of a debt of 66 shekels of silver owed by B.” (originally to Elamma?; a
AKT 8 2015.pdf,"(Inn&ya also in KTS 1, 25a:25f.; A""""ur-takl&ku also in BIN 4, 19:12; CCT 2, 41a:4; POAT","19:12,  Kt c/k a 814:23, Kt c/k 260:30 and 264:32), but our letter contains the only reference to"
AKT 8 2015.pdf,"number, weight (“underweight”, bitq""t abnim, EL 278:6; bitq""t 10 GÍN-tum, “deficit on a 10","shekel weight”, Kt c/k 302:6; bitq""t mana’im, AKT 5, 52:16f.) or commercial yield (cf. AKT 3,"
AKT 8 2015.pdf,(!a-na-um niddin).,26. na-á!-a-kum at the end of l. 26 was erased (a-kum is still visible) and written at beginning of
AKT 8 2015.pdf,°a-pu-ul-!u-nu¿ 1( ma-na  AN.[NA],I paid to them; 1'  mina of tin
AKT 8 2015.pdf,a-qá-tí  $ú-ha-ri-kà,"I gave in the hands of your servant,"
AKT 8 2015.pdf,a-dí-in  10  GÍN  AN.NA,10 shekels of tin
AKT 8 2015.pdf,a-qá-tí  'u-Sú-in  a-dí-in,in the hands of %u-Suen.
AKT 8 2015.pdf,ma-na  AN.NA-kà  im-#í,Your tin was 2 minas too little;
AKT 8 2015.pdf,(? ma-na AN.NA a-na  ni-is-/°ha¿-at,'?  mina for (paying) the import-tax
AKT 8 2015.pdf,AN.NA-ki-im !a  !í-im,on the tin purchased
AKT 8 2015.pdf,[!]u-uq-lim ni-dí-°in¿,on top of the packet.
AKT 8 2015.pdf,!í-tí  AN.NA-ki,The rest of the tin is
AKT 8 2015.pdf,) ma-na 7 GÍN,"53 minas and 47 shekels,"
AKT 8 2015.pdf,AN.NA  ku-nu-ki-ni,of tin under our seal.
AKT 8 2015.pdf,i-na  25  TÚG !u-ru-tim,Of the 25 dark textiles
AKT 8 2015.pdf,2(  TÚG a-na  ni-is-ha-tim,they took 2'  textiles as import-tax
AKT 8 2015.pdf,il5-qé-ú  1  GÍN  KÙ.B.  i-pu-lu,and they balanced 1 shekel of silver
AKT 8 2015.pdf,[x  x  x  x  x]  li-wi-tum,"[             textiles as] wrapping,"
AKT 8 2015.pdf,[x  x  x  x  x +]2  TÚG ku-ta-nu,"[                  +]2 kut""nu-textiles"
AKT 8 2015.pdf,"Iddin-Suen in the archive, but Elamma is a serious possibility.",D. Joint-caravans (ellutum) and “declared value” (aw!tum) (49-53)
AKT 8 2015.pdf,KI%IB  E-lá-ma DUMU I-dí-Sú-in,"Seal of Elamma, son of Iddin-Suen,"
AKT 8 2015.pdf,KI%IB  Sú-sà-a DUMU I-sí-hi-im,"seal of Sus&ya, son of Isihum,"
AKT 8 2015.pdf,KI%IB  En-na-Sú-in,"seal of Ennam-Suen,"
AKT 8 2015.pdf,rev. DUMU  Ku-ku-ra-nim,son of Kukur&num.
AKT 8 2015.pdf,E-lá-ma  Sú-sà-a  ù,"(of the goods) of Elamma,"
AKT 8 2015.pdf,En-na-Sú-in,Susaya and Ennam-Suen.
AKT 8 2015.pdf,"year REL year 95 or 99. Various Ennam-Suen’s occur in the archive, one even prominently as","recipient of letters and owners of textiles (see Ch. XIV), but he is not identified as son of"
AKT 8 2015.pdf,a-na  4  GÚ  AN.NA,"On 4 talents of tin, the declared"
AKT 8 2015.pdf,a-wi-it  E-lá-ma,"value of Elamma(’s merchandise),"
AKT 8 2015.pdf,ma-na  15  GÍN.TA,the road-tax at 4 minas 15 shekels tin
AKT 8 2015.pdf,da-tum  17  ma-na  AN.N[A],per (talent) amounted for him to
AKT 8 2015.pdf,ik-!u-sú  5  ma-na  AN.N[A],17 minas of tin. 5 minas of tin
AKT 8 2015.pdf,i!-ku!-*ni!-a-tí,for a donkey that had died.
AKT 8 2015.pdf,*  ma-na  7 ( GÍN,I paid 27 ' shekels (of tin) as
AKT 8 2015.pdf,a-na  ta-!í-a-tim,"costs of transport,"
AKT 8 2015.pdf,á!-qúl  2  ma-na,2 minas (of tin) for
AKT 8 2015.pdf,ú-ku-ul-tum,"food and fodder, the head-tax"
AKT 8 2015.pdf,GÍN  qá-qá-dum,amounted for him to 15 shekels.
AKT 8 2015.pdf,ik-!u-sú  ta-!í-a-at,As costs of transport of
AKT 8 2015.pdf,TÚG.HI.A  wa-at-ru-/tim,10 extra textiles
AKT 8 2015.pdf,1(  ma-na  AN.NA,he (the harnesser) took
AKT 8 2015.pdf,il5-qé (  ma-[n]a  KÙ.B.,"1' mina of tin, ' mina of"
AKT 8 2015.pdf,bé-ú-la-t[ù-!]u,silver was his working capital.
AKT 8 2015.pdf,* ma-na  KÙ.B.  !a  a-na,The * mina of silver
AKT 8 2015.pdf,pá-ni-!u  tù-!é-bi4-lu,"you sent him en route,"
AKT 8 2015.pdf,GÍN.°TA a-na AN¿.[NA],was sold for tin at a rate of
AKT 8 2015.pdf,ta!(%A)-dí-in-ma  [mì-ma],10 :1 and this is the total
AKT 8 2015.pdf,a-nim  ga-am-ru-[um],of the expenses.
AKT 8 2015.pdf,ni-pu-ul-!u-um,payment of 2' minas of tin.
AKT 8 2015.pdf,a-na  5  GÍN KÙ.B.,For the 5 shekels of silver
AKT 8 2015.pdf,nu-ku-ra-im  (ù erased),that were disputed
AKT 8 2015.pdf,ù  1(   ma-na  AN.NA,and the 1' mina of tin
AKT 8 2015.pdf,ta-!í-a-tim  !a  il5-qé-ú,he took as transport costs
AKT 8 2015.pdf,da-ni-tí  a-qá-bi4-!u-um,I will state him my harsh conditions.
AKT 8 2015.pdf,mentioned in such accounts alongside the road-tax (see AOATT Ch. IX.5) and here add up to 29,"minas 32' shekels, which after deduction of the contested expenses for the transport of extra"
AKT 8 2015.pdf,TÚG ku-ta-n[i],"For 34 kut""nu-textiles"
AKT 8 2015.pdf,i-na-pu-lu-nim,they will balance me
AKT 8 2015.pdf,!a mì-!í-tim,of the holding;
AKT 8 2015.pdf,5/6 ma-na 3( GÍN,1 mina 53' shekels
AKT 8 2015.pdf,!a !ál-!a-tim,of the one-third parts
AKT 8 2015.pdf,i-na pá-nim-ma,I will take
AKT 8 2015.pdf,TÚG ku-ta-ni,"2 kut""nu-textiles"
AKT 8 2015.pdf,i-na-pá-lam,will balance me
AKT 8 2015.pdf,Pì-lá-ah-I!tar,"of Pilah-I""tar,"
AKT 8 2015.pdf,DUMU Ú-zu-a,son of Uzua.
AKT 8 2015.pdf,i-na mì-!í-tim,of 1' mina of silver
AKT 8 2015.pdf,) ma-na 5 GÍN,in the holding (and)
AKT 8 2015.pdf,i-!ál-!a-tim,to 45 shekels of
AKT 8 2015.pdf,rev.  A-!ur-kàr-wa,of the caravan of
AKT 8 2015.pdf,2)  ma-na 1 1/6 GÍN,2 minas 41 1/6 shekels of
AKT 8 2015.pdf,KÙ.B. !ál-!a-tim,silver as one third part
AKT 8 2015.pdf,!a  ILLAT  En-na-Sú-en,of Ennam-Suen’s caravan
AKT 8 2015.pdf,5*  ma-na 2) GÍN,5 minas 22 ) shekels
AKT 8 2015.pdf,i-na mì-!í-it,from the holding of
AKT 8 2015.pdf,rev.  ILLAT-lá-tim,that caravan
AKT 8 2015.pdf,"A""""ur-r#($, Dadiya and Ennam-A""""ur. Themany small sums (including those designated as","riksum, “bundle, packet”, or !%bultum, “consignment”, meant for business partners, friends and"
AKT 8 2015.pdf,"%allim-A""""ur","my ummi""n&"
AKT 8 2015.pdf,"A""""ur-n&d&",Elamma and
AKT 8 2015.pdf,"A""""ur-lamass$","my ummi""n&, for buying tin"
AKT 8 2015.pdf,"A""""ur-r#($, Dadiya, Ennam-A""""ur",for buying tin or textiles
AKT 8 2015.pdf,"Pilah-I""tar",27 s for 2 text
AKT 8 2015.pdf,"Ennam-A""""ur",52 s for 4 text
AKT 8 2015.pdf,Iddin-Suen ka,"ka of Karway, cf. 19:45-46"
AKT 8 2015.pdf,"I""tar-pilah","r""di un&tim of Hinn&ya"
AKT 8 2015.pdf,Iddin-Suen,"r""di un&tim of Hinn&ya"
AKT 8 2015.pdf,B#lum-b&ni ka,“the ka took his 2 textiles”; cf 18.
AKT 8 2015.pdf,"A""""ur-lamass$ (ka) 30 sh","l. 31-32, 2 text. be A dark&; cf. for"
AKT 8 2015.pdf,"(earlier) payment of a working capital is not mentioned. Others, sons of well-known merchants,","such as A""""ur-n&d&, the son of A""""ur-id$, in *38:6-7, and D&n-A""""sur, the son of %alim-ahum, in"
AKT 8 2015.pdf,"(wab""lum) to him by Ennam-A""""ur and %u-I""tar (lines 16-17, 22-23), men also attested as transporters in","*10:4-5 and *42:9.28, and together as witnesses in the transport contract *15:2-3."
AKT 8 2015.pdf,ina 15 GÍN.TA batiq). In * 128 tin was bought at a rate of 14 0 : 1.,"Addendum: See for the prices of tin now J.G. Dercksen in: H.D. Baker – M. Jursa (eds.),"
AKT 8 2015.pdf,"III. DEBT-NOTES, MEMOS AND RELATED RECORDS (54-78)                    85","III. DEBT-NOTES, MEMORANDUMS AND RELATED RECORDS"
AKT 8 2015.pdf,A. Debt-notes (54-64),Debt-notes with their envelopes intact probably were never paid back by the debtor. Those
AKT 8 2015.pdf,"A!!ur-b""ni, dated to the year REL 67. The interest is 33# % (no period mentioned); unique is",the statement for how much (capital+interest) the creditor will sue the defaulting debtor.
AKT 8 2015.pdf,KI$IB  Lu-zi-na,"Seal of Luzina,"
AKT 8 2015.pdf,KI$IB  A-$ur-DÙG  $a  hu-bu-ul,"seal of A!!ur-%""b, of the debt of"
AKT 8 2015.pdf,A-$ur-ba-ni  / DUMU Sú-°ku-ku¿*,"A!!ur-b""ni, son of Sukkuku."
AKT 8 2015.pdf,% ma-na  KÙ.B.,He will pay & mina
AKT 8 2015.pdf,a-na  e-tí-$u / i-$a-qal,of silver at the agreed time.
AKT 8 2015.pdf,$u-ma  lá  ì$-qú-ul,If he does not pay
AKT 8 2015.pdf,i-lá-ak-$u-um,will amount for him
AKT 8 2015.pdf,a-na  1  ma-na  KÙ.B.,"(and) Hinn""ya will sue him"
AKT 8 2015.pdf,Hi-na-a  i-$é-e-$u,for 1 mina of silver
AKT 8 2015.pdf,"III. DEBT-NOTES, MEMOS AND RELATED RECORDS (54-78)",seal A = CS 1163
AKT 8 2015.pdf,"seal C = CS 1165, fragmentary two-line inscription: x x [.......] / DUMU? x [.........].",Lack of filiation of the two witnesses makes it difficult to identify them.
AKT 8 2015.pdf,"ana (pace CAD KÙ.B. lá-qú-im BIN 4, 79:18’ is a stative D, not an infinitive, as shown by l.","14’, a))*r kaspum annium lá-qú-ú). This is an unusual formulation for a debt-note and raises the"
AKT 8 2015.pdf,ma-na 4  LÁ 1/6 GÍN,4 minas 3 5/6 shekels
AKT 8 2015.pdf,KÙ.B.  )a-ru-pá-am,of refined silver
AKT 8 2015.pdf,ha-mu-u$-tim  $a,the week of
AKT 8 2015.pdf,'u-ki-tim  ù  Ú-ra-a,"$ukutum and Ur""ya"
AKT 8 2015.pdf,1+ GÍN  i-na  ITU.1.KAM,he will add as interest
AKT 8 2015.pdf,IGI  I-lá-áb-ra-at-ba-ni,"In the presence of Ilabrat-b""ni,"
AKT 8 2015.pdf,IGI  Ib-ni-lí,of Ibni-il(
AKT 8 2015.pdf,"Garelli 125, note 4) and in CCT 1, 4:39, $u-I!tar s. 'u-kà-tim //  'u-ki-tim in AKT 3, 64:41.","7. The interest is a little less than normal, perhaps a favor to the debtor."
AKT 8 2015.pdf,eponymy year REL 85. It may well concern the “working capital” supplied to $umi-abiya as,"“harnesser”, according to *37:31-32 (1 mina for him and Uzua together, no date), but only if he"
AKT 8 2015.pdf,",  ma-na  KÙ.B  )a-ru-pá-am",) mina of refined silver
AKT 8 2015.pdf,i$-tù  ha-mu$-tim,From the week
AKT 8 2015.pdf,$a  DINGIR-na-da,"of Il(-n""d"""
AKT 8 2015.pdf,GÍN.TA  )í-ib-tám,he will add 1 shekel of silver
AKT 8 2015.pdf,IGI dI$KUR-pì-lá-ah,"In the presence of Adad-pilah,"
AKT 8 2015.pdf,IGI  En-um-A-$ur,"of Ennam-A!!ur,"
AKT 8 2015.pdf,DUMU  Puzur4-A-$ur,son of Puzur-A!!ur.
AKT 8 2015.pdf,KI$IB  E-la-lí  DUMU  I-ku-nim,"Seal of Elal(, son of Ik*num,"
AKT 8 2015.pdf,KI$IB En-na-Sú-in  DUMU  Sú-kà-lí-a,"seal of Ennam-Suen, son of Sukkalliya,"
AKT 8 2015.pdf,KI$IB I-dí-A-$ur  DUMU  A-$ur-ma-lik,"seal of Iddin-A!!ur, son of A!!ur-m""lik,"
AKT 8 2015.pdf,"$a  1 ma-na  1, GÍN  i-)é-er","that Il!u-rabi, son of Bul""li,"
AKT 8 2015.pdf,DINGIR-$u-GAL DUMU  Bu-la-lí,owes 1 mina 1) shekel of silver
AKT 8 2015.pdf,rev. ITU.KAM *á[b?-$a-ra-ni / li-mì-im],"month V?, eponymy of"
AKT 8 2015.pdf,$u-H[ubur?],seal C (upside down)
AKT 8 2015.pdf,a-na  ITU. 3. KAM  i-$a-qal,he will pay within 3 months. If he does
AKT 8 2015.pdf,$u-ma  lá  i$-qúl  ki-ma  a-wa-/at,not pay he will add (interest) in
AKT 8 2015.pdf,kà-ri-im  ú-)a-áb  KÙ.B.,accordance with the rule of the colony.
AKT 8 2015.pdf,i$-ri-iq-ma  kà-ru-um,He had stolen silver and the
AKT 8 2015.pdf,"III. DEBT-NOTES, MEMOS AND RELATED RECORDS (54-78)                    89",9-10. Signs damaged and missing due to a hole in the envelope and the readings ÁB and HU are
AKT 8 2015.pdf,"[KI$IB DINGIR-tap]-pá-a DUMU Id-na-a  [Seal of Il(-tap]p"", son of Idn""ya,",seal A (upside down)
AKT 8 2015.pdf,KI$IB A-ba-ta-na-nim,"seal of Abatan""num, son of"
AKT 8 2015.pdf,DUMU A-$ur-UTU$i KI$IB I-di-Sú-in,"A!!ur-!am!(, seal of Iddin-Suen,"
AKT 8 2015.pdf,DUMU A-$ùr-DÙG,"son of A!!ur-%""b."
AKT 8 2015.pdf,[x x GÍ]N KÙ.B. sa-ru-pá-am,[x she]kels of refined silver
AKT 8 2015.pdf,[áb-$]a-ra-nu  li-mu-um,eponymy of
AKT 8 2015.pdf,[DINGIR-$u]-GAL DUMU Ba-zi-a,"Il!u-rabi, son of Baziya"
AKT 8 2015.pdf,[a-na x h]a-am-$a-tim,[Within x] weeks he shall
AKT 8 2015.pdf,[i-$]a-qal $u-ma lá i$-qú-/ul,pay; if he does not pay
AKT 8 2015.pdf,[ki-m]a a-wa-at,he will add interest in accordance
AKT 8 2015.pdf,[kà]-ri-im ú-)a-áb,with the rule of the colony
AKT 8 2015.pdf,"seal B = CS 1211, inscription: I-di-°Sú-en¿ / DUMU dA-$u[r-DÙG], seal of the second witness.","seal C = CS 1184 = *312B, dated to eponymy year REL 89, the seal of Il(-tapp"", son of Idn""ya;"
AKT 8 2015.pdf,"ma-na 7,  GÍN KÙ.B.",1 mina 7) shekels of refined
AKT 8 2015.pdf,)a-ru-pá-am i-)é-/er,"silver +mur-I!tar,"
AKT 8 2015.pdf,A-mur-I$tar DUMU Da-da,"son of Dada, owes"
AKT 8 2015.pdf,i$-tù ha-mu$-tim,From the week of
AKT 8 2015.pdf,$a A-la-hi-im,Ali-ahum and
AKT 8 2015.pdf,a-na 11 ha-am-$a-tim,he will pay in
AKT 8 2015.pdf,$u-ma lá i$-qú-ul,if he does not pay
AKT 8 2015.pdf,"1, GÍN.TA )í-ib-/tám",he will add 1) shekel
AKT 8 2015.pdf,$a  qá-té  DINGIR-$u-GAL,"of Il!u-rabi,"
AKT 8 2015.pdf,DUMU Ba-zi-a,son of Baziya.
AKT 8 2015.pdf,IGI Im-dí-lim,"In the presence of Imd(-ilum,"
AKT 8 2015.pdf,u.e.  DUMU 'u-Lá-ba-an,"son of $u-Lab""n,"
AKT 8 2015.pdf,IGI E-me-me-i,"of Ememe’i,"
AKT 8 2015.pdf,le.e. DUMU A-zu-ta-a,son of Azutaya.
AKT 8 2015.pdf,"appears also in BIN 4, 28:14 (as witness). He or a namesake is attested as week-eponym,","together with A!!ur-n""d"", during eponymy year REL 86, and together with A!!ur-takl""ku"
AKT 8 2015.pdf,"Fragmentary case (A) with a complete tablet (B),  a contract about a silver debt owed by I!tar-il-","III. DEBT-NOTES, MEMOS AND RELATED RECORDS (54-78)                    91"
AKT 8 2015.pdf,)a-ru-pá-am  i-)é-er,seal C (upside down)
AKT 8 2015.pdf,ma-na-im  i-ITU.KAM,seal C (upside down)
AKT 8 2015.pdf,"seal D = CS 1223, fragmentary two-line inscription: [Ì-l]í-tù-r[a-am] / [DUMU A-$ù]r-mu-ta-","p[íl?], the name of the father of the third witness."
AKT 8 2015.pdf,KI$IB  'u-Bé-lim KI$I[B x  x  x],"seal of $u-B.lum, seal of [...........]."
AKT 8 2015.pdf,GÚ LÁ 10  ma-na URU[DU  i]-)é-er,50 minas of copper
AKT 8 2015.pdf,i-$u  i-na  ad-ri-im  i-$a-qal,At the time of the threshing he will
AKT 8 2015.pdf,URUDU  Ta-pá-$a-ta-°i¿-am*,weigh out pure copper of Tappa!atta.
AKT 8 2015.pdf,za-ak-wa-am $u-ma i-na ú-me-$u,"If he does not pay when his term is up,"
AKT 8 2015.pdf,lá  i$-qú-ul ki-ma a-wa-at,he will add interest
AKT 8 2015.pdf,kà-ri-im  Du-ur-hu-mì-it,in accordance with the rule
AKT 8 2015.pdf,)í-ib-ta-am  ú-)a-áb,of the Durhumit colony.
AKT 8 2015.pdf,GÍN  KÙ.B. a-ha-ma,Separately he will pay 10 shekels
AKT 8 2015.pdf,i-na  ku-bu-ur  ú-!í-tí-/im,"of silver in Kanesh,"
AKT 8 2015.pdf,i-na  Kà-ni-i$,when the barley is ripe.
AKT 8 2015.pdf,i-$a-qal  $u-ma  lá  i$-qú-ul,If he does not pay
AKT 8 2015.pdf,i-Du-ur-hu-mì-it,I will collect it in Durhumit
AKT 8 2015.pdf,i-)é-ri-$u  a-lá-qé,for his account.
AKT 8 2015.pdf,"1742:5, URUDU za-ku-am, used of copper, Copper 36.",8-10. “The rule of the Durhumit colony” on default interest payable on copper debts is attested
AKT 8 2015.pdf,GÍN KÙ.B. )a-ru-/<pá>-am,8 shekels of refined silver
AKT 8 2015.pdf,i-tù-a-ri-$u,pay when he returns
AKT 8 2015.pdf,IGI  'u-I$tar,In the presence of $u-I!tar.
AKT 8 2015.pdf,KI$IB  DINGIR-SIPAD,"Seal of Il(-r.’(,"
AKT 8 2015.pdf,KI$IB Ì-lí-dan,"seal of Il(-d""n,"
AKT 8 2015.pdf,DUMU  A-mur-I$tar,son of Amur-I!tar.
AKT 8 2015.pdf,10&  GÍN  KÙ.B.,10# shekels of
AKT 8 2015.pdf,)a-ru-pá-am,refined silver
AKT 8 2015.pdf,KÙ.B. i-na  a-lim/ki,He will pay the silver
AKT 8 2015.pdf,"III. DEBT-NOTES, MEMOS AND RELATED RECORDS (54-78)                    95",incurred and apparently paid by Galdaya are deducted from a larger debt he owed to Elamma.
AKT 8 2015.pdf,ma-na-im  ú-)a-áb,seal D (upside down)
AKT 8 2015.pdf,li-mu-um  A-bi-a,seal D (upside down)
AKT 8 2015.pdf,a-ha-ma  i-ba-$í,Translation of A.
AKT 8 2015.pdf,"seal D = CS 998 = *119B and *115C; inscription: Lá-qé!-pu-um / DUMU 'u-Hu-bu-ur, but on","our envelope used by a namesake, L""-q.pum, son of Iliya!"
AKT 8 2015.pdf,"A:2. The name spelled M(!ur-rabi is more commonly spelled M(!ar-rabi (-GAL or -ra-bi),","“Equity is great”, cf. *7:23, *99B:1 and *292:4."
AKT 8 2015.pdf,"$arrum-k.n attested in the texts KEL 43 and add $allim-A!!ur, son of LUGAL-GI.NA in Kt 87/k",552:40-41 (courtesy of K. Hecker).
AKT 8 2015.pdf,"Unopened envelope with an undated contract about a be’#l""tu-loan, which (following Larsen) I","translate by «working capital», belonging to Elamma and made available to Puzur-I!tar, who"
AKT 8 2015.pdf,KI$IB  Zi-qí-qí  DUMU  Ì-lí-dan,"Seal of Ziqiqi, son of Il(-d""n,"
AKT 8 2015.pdf,KI$IB  'ál-ma-A-$ur  DUMU  Ú-zu-a,"seal of $allim-A!!ur, son of Uzua,"
AKT 8 2015.pdf,KI$IB  Puzur4-I$tar  DUMU  Id-na-/a,"seal of Puzur-I!tar, son of Idn""ya."
AKT 8 2015.pdf,&  ma-na  5  GÍN  KÙ.B.,"25 shekels of refined silver,"
AKT 8 2015.pdf,DUMU  Id-na-a  il5-qé  i$-tí  KÙ./B.,"son of Idn""ya,  has received; with the"
AKT 8 2015.pdf,[ uk-ta-/al,[ silver he is held.
AKT 8 2015.pdf,KÙ  ú-ta-ar-ma  ú  i-ta-lá-/ak,When he returns the silver he can leave.
AKT 8 2015.pdf,$u-ma  a-e-ma  ú-dá-pì-ir,If goes somewhere else
AKT 8 2015.pdf,e-ga-ar-ma  ig-re,I will rent somebody and the wages
AKT 8 2015.pdf,sà-ri-dim  ú-ma-lá,of the donkey-driver he shall
AKT 8 2015.pdf,GÍN KÙ.B. lu-bu-$u,"Two shekels of silver, his clothing"
AKT 8 2015.pdf,"30:10, object s""ridam) and a D-stem, uggar (TC 3, 246A:6, object agr*, plural; but in OIP 27,","50:3, with a singular object, s""ridam). Instead of igr* s""ridim we also meet igr* agr*, “the"
AKT 8 2015.pdf,KI$IB En-nam-A-$ùr DUMU Kà-ri-a?,"seal of Ennam-A!!ur, son of Kariya(?),"
AKT 8 2015.pdf,"KI$IB Ki-ta-a  $a , ma-na","seal of Kitaya, that [Kitaya]"
AKT 8 2015.pdf,KÙ.B. )a-ru-pá-am,will manage ) mina
AKT 8 2015.pdf,$a E-lá-m[a Ki-ta-a],of silver belonging to
AKT 8 2015.pdf,uk-ta-al  $u-ma  a-e-$a-ma,the silver. If he goes away
AKT 8 2015.pdf,ú-da-pí-ir  1 GÍN.TA,"to somewhere else, he will"
AKT 8 2015.pdf,"na-na-tu[m] / DUMU.MÍ Puzur4-$a-/da, but no person of that name occurs in either text.","ICK 1, 24 may mention two or perhaps three women (if Muza is one), the creditor A-na-na"
AKT 8 2015.pdf,"III. DEBT-NOTES, MEMOS AND RELATED RECORDS (54-78)                    99","earlier one, kept in Assur, could not be cancelled in Anatolia. The name of the person who"
AKT 8 2015.pdf,"ma-na  3, GÍN",1 mina and 3) shekels of
AKT 8 2015.pdf,be-ú-lá-at,is the working capital of
AKT 8 2015.pdf,i$-tí  KÙ  uk-ta-/al,he is held by the silver.
AKT 8 2015.pdf,$u-ma  a-na,If he does not arrive
AKT 8 2015.pdf,A-limki  lá  ik-$u-dam-/ma,in the City and
AKT 8 2015.pdf,i$-tù  ha-mu-u$-tí-im,then from the week of
AKT 8 2015.pdf,$a  Ì-lí-ì$-tí-kál,Ili!-tikal and $u-Anum
AKT 8 2015.pdf,"ù  'u-A-nim  1, GÍN./TA",he will add
AKT 8 2015.pdf,ma-na-im  (ú-)a-áb erased),an interest of 1)  shekel
AKT 8 2015.pdf,IGI  Lá-qé-pì-im,"In the presence of L""-q.pum,"
AKT 8 2015.pdf,IGI  A-$ur-ma-lik,"of A!!ur-m""lik."
AKT 8 2015.pdf,!up-pu-um  $a  A-limki,The tablet in the City
AKT 8 2015.pdf,$a  be-ú-lá-tí-$u,concerning his working capital
AKT 8 2015.pdf,"9-11. This be’#l""tu-contract is, exceptionally, dated, presumably because it replaced an earlier",one (lines 16-18) and one had to know when this had happened. The double week eponymy is
AKT 8 2015.pdf,obligation of A!!ur-lamass( to provide Elamma with confirmation (ka’’unum) that he is not,liable for 11 textiles belonging to Elamma and that he will pay for them 25 shekels apiece if he
AKT 8 2015.pdf,$a  2  ma-na  KÙ.B. )a-ru-/pá-am,"That Enn""num,"
AKT 8 2015.pdf,i-)é-er  En-na-nim,"son of Azua, owes"
AKT 8 2015.pdf,DUMU  A-zu-a,2 minas of refined silver
AKT 8 2015.pdf,li-mu-um  $a  qá-té,eponymy of the successor of
AKT 8 2015.pdf,A-$ùr-SIG5  DUMU A-bar-sí-sí-im,"A!!ur-damiq, son of Abarsisum,"
AKT 8 2015.pdf,ha-mu$-tum  $a  A-$ur-mì-tísic,"week eponymy of A!!ur-imitt(,"
AKT 8 2015.pdf,DUMU  A-ta-a : %  ma-na.TA,"son of At""ya. He will pay"
AKT 8 2015.pdf,$u-ma  lá  i$-qúl,if he does not pay
AKT 8 2015.pdf,"1,   GÍN.TA  )í-ib-tám",he will add an interest of
AKT 8 2015.pdf,ú-)a-áb  IGI  E-na-a-nim,"In the presence of En(n)""num,"
AKT 8 2015.pdf,IGI  La-qé-pì-im,"of L""-q.pum."
AKT 8 2015.pdf,a-na  11  TÚG  ku-ta-ni,"For 11 kut""nu-textiles"
AKT 8 2015.pdf,A-mur-I$tar  ù  A-la-hi-im,A!!ur-lamass( will confirm to Elamma
AKT 8 2015.pdf,a-na  E-la-ma  A-$ùr-la-ma-/sí,(the liability of) +mur-I!tar and Ali-ahum
AKT 8 2015.pdf,ú-kà-an  $u-m[a l]á,If he does not confirm
AKT 8 2015.pdf,uk-ta-in-$u-nu,their liability
AKT 8 2015.pdf,& ma-na  5  GÍN.TA  KÙ.B.,A!!ur-lamass( will pay
AKT 8 2015.pdf,)a-ru-pá-am  a-na  E-lá-/ma,to Elamma 25 shekels
AKT 8 2015.pdf,A-$ùr-la-ma-sí,of silver apiece.
AKT 8 2015.pdf,IGI  A-bu $a-lim,In the presence of Abu-!alim
AKT 8 2015.pdf,DUMU  I-dí-Ìr-ra,"son of Iddin-Erra,"
AKT 8 2015.pdf,IGI  I-dí-A-$ùr,"of Iddin-A!!ur,"
AKT 8 2015.pdf,DUMU  Bu-°ur?¿*-sí-sí-im,son of Bursa/isum.
AKT 8 2015.pdf,"III. DEBT-NOTES, MEMOS AND RELATED RECORDS (54-78)                    101","2-3. Enn""num, son of Azua, occurs also in *110:2, where Elamma collects silver paid for a"
AKT 8 2015.pdf,A!!ur-lamass( (see also above note 36) probably was a agent working (also) for Elamma and,*35:32 mentions his working capital (if he is the same man; no patronym is given) and
AKT 8 2015.pdf,"kut""n#-textiles belonging to Elamma A!!ur-lamass( has to prove, most probably where brothers","of Elamma, known as investors in his joint-stock capital (see *2:7-11). A!!ur-lamass(, when"
AKT 8 2015.pdf,a-na 11 TÚG ku-ta-ni,"Concerning 11 kut""nu-textiles,"
AKT 8 2015.pdf,A-lá-ha-am ù A-mur-I$tar,A!!ur-lamass( shall
AKT 8 2015.pdf,A-$ur-lá-[ma]-sí,confirm the liability of
AKT 8 2015.pdf,a-na E-lá-{x}-ma,Ali-ahum and Amur-I!tar
AKT 8 2015.pdf,ITI.5.KAM  ú-kà-na-$u-nu,for Elamma within 5 months.
AKT 8 2015.pdf,$u-ma  lá ú-kà-i-na-$u-nu,If he does not confirm them
AKT 8 2015.pdf,& ma-na 5 GÍN.TA,he shall pay 25 shekels
AKT 8 2015.pdf,KÙ.BABBAR )a-ru-pá-am,of refined silver
AKT 8 2015.pdf,li-mu-um Puzur4-dMU$,eponymy of Puzur-Nirah.
AKT 8 2015.pdf,$u-ma  i-na  $a 10 TÚG-tum 1 TÚG,If one has taken extra pieces
AKT 8 2015.pdf,: wa-at-ru-ú-tim,"in the palace,"
AKT 8 2015.pdf,i-na É.GAL-lim,"on top of the tithe on textiles,"
AKT 8 2015.pdf,a-na E-lá-ma  i-na TÚG.HI-/tí-$u,to Elamma will be deducted
AKT 8 2015.pdf,i-)a-hi-ir-$u-um,for him from his textiles
AKT 8 2015.pdf,$a  ILLAT  La-qé-ep,"of the caravan of L""-q.p,"
AKT 8 2015.pdf,DUMU  Qá-a-a-tim,son of  Qa’atum.
AKT 8 2015.pdf,IGI I-dí-A-$ur  DUMU  B/Pu-sú-/sú,"In the presence of Iddin-A!!ur, son of"
AKT 8 2015.pdf,IGI  A-bu-$a-lim,"B/Pususu, of Abu-!alim,"
AKT 8 2015.pdf,DUMU I-dí-Èr-ra,son of Iddin-Erra.
AKT 8 2015.pdf,ha-mu$-tim $a  E-lá-ma ú Zu-ba,"III. DEBT-NOTES, MEMOS AND RELATED RECORDS (54-78)                    103"
AKT 8 2015.pdf,KI$IB A-$ur-dUTU$i  DUMU Ili5-tù-ra-am  $a  % ma-na 5  GÍN,"III. DEBT-NOTES, MEMOS AND RELATED RECORDS (54-78)"
AKT 8 2015.pdf,"<i$-tù> li-mì-im  A-lá-hi-im 1, GÍN.TA  )í-ib-tám  /  ú-)a-áb","(1) “Seal of Adad-pilah, son of An(num, seal of A!!ur-lamass(, son of L""-q.p, seal of Nazi, son"
AKT 8 2015.pdf,successor of $u-Hubur (= 89).,"(2) 12 8 minas of refined silver $uli, son of Puzur-Abeh, owes to Elamma. He will add as interest"
AKT 8 2015.pdf,"Since hab(b)urum would be unique, I assume a scribal mistake for ha-bu-ra-<ta>-am, a rare",by-form of the nisbe normally written ha-bu-ra-ta-i-am  (see *307:8 and Copper 217).
AKT 8 2015.pdf,"III. DEBT-NOTES, MEMOS AND RELATED RECORDS (54-78)                    105","39. The double week eponymy of Sukkallum and Kura (lines 39-40) occurs a few times, but"
AKT 8 2015.pdf,"attested as week-eponym (VS 26, 94B = EL 172:7-12). Contracts 7 and 8 show that Elamma’s","son carried out transactions in his own name, presumably for his own account. His two debtors,"
AKT 8 2015.pdf,"°1 5/6 ma-na 3, GÍN  KÙ.B.¿",1 mina 56)  shekels of silver
AKT 8 2015.pdf,A-$ùr-na-da  DUMU  Er-nu-id,"(with) A!!ur-n""d"", son of Ernu’’id;"
AKT 8 2015.pdf,", ma-na 3, GÍN  KÙ.B.  bé-ú-lá-at","33) shekels of silver, working capital"
AKT 8 2015.pdf,A-$ùr-i-mì-tí  DUMU  Ha-la1-bi-im,"of A!!ur-imitt(, son of Hali-abum;"
AKT 8 2015.pdf,& ma-na 5  GÍN KÙ.B.  bé-ú-lá-at,"25 shekels of silver, working capital"
AKT 8 2015.pdf,Gal-da-a 1 ma-na  KÙ.B. KI  Gal-da-a,"of Galdaya; 1 mina of silver with Galdaya,   4"
AKT 8 2015.pdf,i$-tù ITU.1.KAM  )í-ip-im,from month VII he will add
AKT 8 2015.pdf,li-mu-um A-bi-a  DUMU  'u-Da-gán,eponymy of Abiya son of $u-Dagan;
AKT 8 2015.pdf,5/6 ma-na % GÍN KÙ.B. KI  I-dí-A-$ùr,50& shekels of silver due from
AKT 8 2015.pdf,"$a Na-ah-ri-a 1, GÍN.TA",Iddin-A!!ur of Nahriya; he will add
AKT 8 2015.pdf,5/6 mana 5  GÍN KÙ.B. KI  Bur-Sú-in,55 shekels of silver with B*r-Suen;
AKT 8 2015.pdf,ma-na  URUDU KI  Ha-ab-tù-ni-ì$,48 minas of copper with Habtuni!;
AKT 8 2015.pdf,1 ma-na 15  GÍN KÙ.B.  'a-lim-A-$ur,"1 mina 15 shekels (with) $allim-A!!ur,"
AKT 8 2015.pdf,DUMU Up-ha-qí-im  2 GÚ 13 ma-na,"son of Uph""qum; 2 talents 13 minas"
AKT 8 2015.pdf,URUDU KI  DINGIR-ba-ni  DUMU,"of copper with Il(-b""ni, son of Ibni-il(;"
AKT 8 2015.pdf,l.e. 5/6 ma-na KÙ.B. KI  A-$ùr-ba-ni,"5/6 mina of silver with A!!ur-b""ni,"
AKT 8 2015.pdf,"DUMU Su-ku-ku  8, ma-na  KÙ.B.",son of Sukkuku; 8) minas of silver
AKT 8 2015.pdf,rev. KI  'u-li  DUMU I-li-li,"with $uli, son of Ellil-il(,"
AKT 8 2015.pdf,i$-tù ITU.1.KAM  na-ar-ma-ak-/A-$ur,from month III/IV he will
AKT 8 2015.pdf,ú-s--áb : li-mu-um,eponymy of $u-I!tar .
AKT 8 2015.pdf,1& ma-na  KÙ.B. KI  A-$ùr-du-/ri,1# mina of silver with A!!ur-d*r(;
AKT 8 2015.pdf,GÚ URUDU  KI  I-dí-MAR.TU,"5 talents of copper with Iddin-Amurrum,"
AKT 8 2015.pdf,DUMU 'u-hi-nim 1 ma-na  KÙ.B.,son of $uhanum; 1 mina of silver with
AKT 8 2015.pdf,KI  DINGIR-$u-GAL  DUMU Bu-lá-li,"Il!u-rabi, son of Bul""li;"
AKT 8 2015.pdf,1& ma-na  KÙ.B.  KI  Id-na-a,"1# mina of silver with Idn""ya;"
AKT 8 2015.pdf,15 ma-na  URUDU KI  A-$ùr-GAL,15 minas of copper with A!!ur-rabi;
AKT 8 2015.pdf,GÚ URUDU  KI  'u-I$-ha-ra,1 talent of copper with $u-I!hara;
AKT 8 2015.pdf,", ma-na KÙ.B. KI  Ha-na-nim",") mina of silver with Han""num;"
AKT 8 2015.pdf,ma-na URUDU KI  Puzur4-/A-be-eh,30 minas of copper with Puzur-Abeh;
AKT 8 2015.pdf,GÚ URUDU DUMU Da-zu-a-d/IM*,11 talents of copper the son of Dazu’a-
AKT 8 2015.pdf,17&  ma-na  KI  A-$ur-/ni-$u,"17# minas with A!!ur-ni!û,     [ Adad?;"
AKT 8 2015.pdf,IGI A-lá-hi-im  DUMU Zu-ku-a,"in the presence of Ali-ahum, son of Zuku’a;"
AKT 8 2015.pdf,ma-na  URUDU / DUMU Kà-áb-ri-/a 40 minas of copper the son of Kabriya.,"3-4. See *67:1-4, where the working capital is 63) shekels. The addition of ) mina of silver"
AKT 8 2015.pdf,"(REL 76). *286:19-20 mentions an El""l(, son of A!!ur-ennam $a b*t Galdaya.",29. See the comment on *55.
AKT 8 2015.pdf,"III. DEBT-NOTES, MEMOS AND RELATED RECORDS (54-78)                    107","usually not mentioned. Two debts are working capitals (be’#l""tum) given to persons who must"
AKT 8 2015.pdf,A!!ur-imitt(,"see *67:1-4, where the be’#l""tum is 30 shekels more."
AKT 8 2015.pdf,"A""""ur-b#ni","//*54, the original contract in an unopened case, dated to"
AKT 8 2015.pdf,Iddin-Amurrum,"//*74:1f., 4 tal. 42 mi., but *75:1ff. has 6 tal. 42 mi.; *73"
AKT 8 2015.pdf,ma-na  URUDU KI  I-ku-pí-A-$ur,"40 minas of copper due by Ik*n-p(-A!!ur, debt"
AKT 8 2015.pdf,DUMU 'u-I$tar  1 ma-na-amsic,"son of $u-I!tar, per 1 mina"
AKT 8 2015.pdf,GÍN i-na  ITU.KAM  )í-ib-/tám,he will add as interest
AKT 8 2015.pdf,ú-)a-áb  ITU.1.KAM,12 shekels per month;
AKT 8 2015.pdf,lí-mu-um 'u-Hu-bur,eponymy of $u-Hubur.
AKT 8 2015.pdf,DUMU  Ib-ni-lí 1 ma-na 15  GÍN KÙ.B.,son of Ibni-il(. 1 mina 15 shekels of silver
AKT 8 2015.pdf,lu  i-na  a-límki   lu °i-na¿ GÁN-lím,"he shall pay wherever we meet,"
AKT 8 2015.pdf,a-le ni-na-m[u-ru],either in Anatolia or in the City.
AKT 8 2015.pdf,"i-$a-qal  , ma-[na KÙ.B.]",) mina of silver due from
AKT 8 2015.pdf,le. KI  A-$ur-SIPAD  1 m[a-na-um],"A!!ur-r.’(, he will add"
AKT 8 2015.pdf,GÍN.TA  )í-i[b-tám],an interest of 10 shekels
AKT 8 2015.pdf,rev.  ú-)a-áb : re-e$15 [ITU.KAM],(per month); beginning of month
AKT 8 2015.pdf,Hu-bu-ur  li-m[u-um],"VI, eponymy of"
AKT 8 2015.pdf,'u-Hu-bur 18  GÍN  KÙ[.B.],$u-Hubur. 18 shekels of silver
AKT 8 2015.pdf,ITU.KAM  Ma-hu-ur-ì-lí,"month IV, he will"
AKT 8 2015.pdf,li-mu-um  'u-Hu-bur,year eponymy of $u-Hubur.
AKT 8 2015.pdf,ma-na 10  GÍN URUDU i$-/tí,9 minas 10 shekels of copper
AKT 8 2015.pdf,DUMU  Du-uk-$í-im,son of Duk!um.
AKT 8 2015.pdf,9 ma-na  URUDU  i$-tí,9 minas of copper due from
AKT 8 2015.pdf,Ib-ni-dI$KUR  ma-za-zi-im,"Ibni-Adad, the attendant."
AKT 8 2015.pdf,u.e. 20 ma-na  URUDU  i$-tí,20 minas of copper due
AKT 8 2015.pdf,le.e.  DUMU Da-a-a  % ma-na  KÙ.B.,"D""ya. & mina of silver,"
AKT 8 2015.pdf,be-ú-lá-at  A-$ur-SIPAD,"the working capital of A!!ur-r.’(,"
AKT 8 2015.pdf,DUMU I-dí-I$tar,son of Iddin-I!tar.
AKT 8 2015.pdf,"ma-na-am is a mistake for mana’um. The rate of interest is exceptionally high, 20% per","month; it resembles that in lines 13-14, 10 shekels per mina, but here “per month” is missing."
AKT 8 2015.pdf,"1, ma-na KÙ.B. )a-ru-pá-am",1) mina of refined silver
AKT 8 2015.pdf,i$-tí A-$ùr-na-da DUMU Er-nu-id,"due from A!!ur-n""d"", son of Ernu’’id;"
AKT 8 2015.pdf,i$-tù a-limki  i-tù-a-ri-$u,when he returns from the City
AKT 8 2015.pdf,i-$a-qal  $u-ma lá i$-qúl,he will pay; if he does not pay
AKT 8 2015.pdf,"1, GÍN.TA  i-ITU.KAM",he will add 1) shekel per month
AKT 8 2015.pdf,% ma-na LÁ 1 GÍN KÙ.B.,39 shekels of silver and a
AKT 8 2015.pdf,ù me-n[u]-ni-<a>-nam  KI nu-a-im,"menuni""nu-textile due from the native;"
AKT 8 2015.pdf,a-na ITU.1.KAM i-$a-qal,he will pay within one month.
AKT 8 2015.pdf,"2, ma-na  KÙ.B )a-ru-pu-um i-)é-/er",2) minas of refined silver
AKT 8 2015.pdf,i-$u i$-tù ha-mu$-tim,"from the week of Ennam""num"
AKT 8 2015.pdf,"$a En-na-ma-nim 1, GÍN.TA",he will add 1) shekel
AKT 8 2015.pdf,!up-pu-$u a-na-kam i-ba-$í,his tablet is here.
AKT 8 2015.pdf,$í-im 2 TÚG.HI.A & ma-na,"The price of 2 textiles, # mina"
AKT 8 2015.pdf,l.e. KÙ.B. )a-ru-pu-um i$-tí,"of refined silver, is with"
AKT 8 2015.pdf,A-mur-A-$ur DUMU Ili5-ba-ni,"Amur-A!!ur, son of Il(-b""ni."
AKT 8 2015.pdf,rev. 4 ma-ku-hu KI  I-dí-A$ùr,4 mak#hu-textiles with Iddin-A!!ur.
AKT 8 2015.pdf,"4, GÍN KÙ.B. KI (eras) *En-na-/nim","4) shekels of silver with Enn""num,"
AKT 8 2015.pdf,á$-li-kim 15 GÍN KÙ.B.,the fuller. 15 shekels of silver
AKT 8 2015.pdf,ù ku-sí-tám ma-al-°ku-a¿-i-tám,and a robe in the style of Malkua
AKT 8 2015.pdf,a-na .í-lá-dI$KUR,I gave to /illi-Adad
AKT 8 2015.pdf,a-na TÚG.HI.A  $a-a-mì-im a-dí-in,to buy textiles;
AKT 8 2015.pdf,$À.BA 1 TÚG  ú-$é-bi4-lam,thereof he sent me 1 textile.
AKT 8 2015.pdf,4+ GÍN KÙ.B. $a a-wi-/il5-tim,4' shekels of silver of the lady
AKT 8 2015.pdf,a-na Da-a-a  a-dí-in,"I gave to D""ya."
AKT 8 2015.pdf,& ma-na 4  GÍN KÙB. )a-ru-/pá-am,24 shekels of refined silver
AKT 8 2015.pdf,a-na En-um-A-$ur DUMU [Ú]-zu-a,"I gave to Ennam-A!!ur, son of Uzua,"
AKT 8 2015.pdf,", ma-na KÙ.B. i$-tù",") mina of silver A!!ur-n""d"""
AKT 8 2015.pdf,Bu-ru-u$-ha-tim i-na,will pay when the returns
AKT 8 2015.pdf,i-$a-qal  5& GÍN KÙ.B.,5# shekels silver are
AKT 8 2015.pdf,u.e. & ma-na KÙ.B. na-ki-ki? °x¿*,# mina of silver  ..........
AKT 8 2015.pdf,$a Ì-lí-a  [D]UMU  A-$ùr-[x x],"of  Iliya, son of  A!!ur-.......,"
AKT 8 2015.pdf,[I]d?-na-a  ú-bi4-i[l5],"[Id]n""ya brought away."
AKT 8 2015.pdf,le.e 10 GÍN KÙ.B. KI  'u-I$tar 1 GÍN KI,10 shekels of silver with $u-I!tar. 1 shekel
AKT 8 2015.pdf,4 GÍN KI 'u-Be-lim 2 GÍN i$-tí,4 shekels with $u-B.lum. 2 shekels with   15/16
AKT 8 2015.pdf,i-na qé-ra-áb  É-tim e-zi-ib,I left inside the house.
AKT 8 2015.pdf,initial debt that is now due by A!!ur-r.’(. It is dated by a week eponym whom we cannot date,"exactly, but who must be placed somewhere between years REL 82 and 91."
AKT 8 2015.pdf,i-6 GÚ 22 ma-na  URUDU,Of the 6 talents 22 minas of copper
AKT 8 2015.pdf,$a I-dí-dMAR.TU DUMU  'u-hu-/nim,"that Iddin-Amurrum, son of $uhunum,"
AKT 8 2015.pdf,1* GÚ 40 ma-na URUDU KI  A-$ur-,1 talent 40 minas of copper are due from
AKT 8 2015.pdf,DUMU I-dí-da  i-ku-ul         [ SIPAD,"A!!ur-r.’(, son of Idida, who used it."
AKT 8 2015.pdf,$í-tí  URUDU-$u 4  GÚ 42 ma-na,"The remainder of his copper, 4 talents 22"
AKT 8 2015.pdf,i-na  li-bi  I-dí-dMAR.TU,"minas, Iddin-Amurrum still owes to me."
AKT 8 2015.pdf,i-ri-ha-am  i$-tù  ha-mu-u$-/tim,From the week of
AKT 8 2015.pdf,$a Na-áb-Su-in  ù DUMU,"Nabi-Suen, son of"
AKT 8 2015.pdf,I-tur4-DINGIR  a-na 1 GÚ-tim,"It*r-il(, he will add an interest of"
AKT 8 2015.pdf,"ma-na-um  ,  ma-na.TA",1)! mina per talent
AKT 8 2015.pdf,"should be the amount mentioned in *75:1 where, however, the tablet has 6 GÚ 42 ma-na.","8-10. This week-eponymy is not attested elsewhere; the son of It*r-il( could be Puzur-A!!ur,"
AKT 8 2015.pdf,"month” would be an incredibly high rate, 1 ma-na-um (common in silver debts) must be a",mistake; the scribe probably meant 1) mina per month =   30% per year.
AKT 8 2015.pdf,GÚ 42  ma-na  URUDU i$-tí,4 talents 42 minas of copper
AKT 8 2015.pdf,",  ma-na  KÙ.B.  be-ú-lá-at",") mina of silver, working capital"
AKT 8 2015.pdf,Ki-ta-a  8 ma-na  KÙ.B.,of  Kitaya.  8 minas of silver
AKT 8 2015.pdf,KI 'u-li  DUMU Puzur4-A-be-eh,"with $uli, son of Puzur-Abeh."
AKT 8 2015.pdf,ma-na  4  LÁ 1/6 GÍN KÙ.B.,4 minas 3 5/6 shekels of silver
AKT 8 2015.pdf,ma-hu-ur-ì-lí  li-mu-um,eponymy of
AKT 8 2015.pdf,'u-da-a  1+ GÍN.TA,"$ud""ya; he will add  1' shekel"
AKT 8 2015.pdf,GÚ  20 ma-na URUDU,1 talent 20 minas of copper
AKT 8 2015.pdf,ù  & ma-na 5 GÍN <KÙ.B.>,and 25 shekels <of silver?>
AKT 8 2015.pdf,l.e. KI  I-ba-a 8 GÍN KÙ.B.,with Ibaya. 8 shekels of silver
AKT 8 2015.pdf,rev. 2 ma-na 10 GÍN KÙ.B.,2 minas 10 shekels of silver
AKT 8 2015.pdf,li-mu-um Ip-hu-ru-um,eponymy of Iphurum.
AKT 8 2015.pdf,"1, GÍN.TA )í-ib-tám",he will add 1) shekel per
AKT 8 2015.pdf,"ú-)a-áb  , ma-na  KÙ.B.",(mina per month). ) mina of
AKT 8 2015.pdf,KI Ba-al-!ù-im,silver with Bal%u’um.
AKT 8 2015.pdf,& ma-na 5 GÍN,25 shekels (of silver)
AKT 8 2015.pdf,be-ú-lá-at Gal-da-a,working capital of Galdaya.
AKT 8 2015.pdf,"A 12. B: 8, as expected, adds KÙ.B.",A 13-14. The same debt is recorded in *62 and *69:24f.
AKT 8 2015.pdf,GÚ URUDU SIG5  i$-tí  A-$ur-DÙG,"1 talent of refined copper due by A!!ur-%""b,  3"
AKT 8 2015.pdf,DUMU A-mur-Na-hu-u$,son of Amur-Nahu!; 1 talent 30 minas
AKT 8 2015.pdf,GÚ 30 °ma-na URUDU¿ SIG5  i$-tí,of refined copper due by the same A!!ur-   4
AKT 8 2015.pdf,DUMU A-mur-N[a-hu-u$-ma  x G]Ú,son of Amur-Nahu!; [... talents] of refined   5
AKT 8 2015.pdf,i$-tí  A-°$ur x x¿* 3 GÚ 20 ma-n[a],due by A!!ur-.....;  3 talents 20 minas of
AKT 8 2015.pdf,URUDU SIG5  i$-tí  A-du-dum,refined copper due by Ad*dum;
AKT 8 2015.pdf,GÚ 40 ma-na URUDU la-mu-nam,2 talents 40 minas of bad copper
AKT 8 2015.pdf,i$-tí  En-na-Sú-in  DUMU I-ku-a,"due by Ennam-Suen, son of Ik*a;"
AKT 8 2015.pdf,ma-na  URUDU SIG5 i$-tí  En-na-,15 minas of refined copper due by Ennam-   9
AKT 8 2015.pdf,DUMU  I-ku-a  28 ma-na  URUDU,son of Ikua; 28 minas of refined copper
AKT 8 2015.pdf,"1, ma-na  KÙ.B. )a-ru-pá-am",W.r;  1) mina of refined silver due by
AKT 8 2015.pdf,"i$-tí  Ur-$í-$í  1, ma-na KÙ.B.",Ur!i!i;  1) mina of refined silver
AKT 8 2015.pdf,)a-ru-pá-am  i$-tí  Ur-$í-$í-ma,"due by the same Ur!i!i, as whose"
AKT 8 2015.pdf,[$]a qá-t[a-t]í-$u  E-lá-ma,guarantors Elamma and Amur-I!tar
AKT 8 2015.pdf,rev.  [ù] A-mur-I$tar a-na Ì-l[í-x x],were registered on behalf of Il(-[......];
AKT 8 2015.pdf,"l[i-t]ap-tù-ni , ma-na KÙ.[B.]",") mina of silver, his working"
AKT 8 2015.pdf,[be-ú]-lá-ti-$u  i$-tí Ur-$í-[$í]-/ma,"capital, due by the same Ur!i!i;"
AKT 8 2015.pdf,[x GÚ] URUDU SIG5 i$-tí  En-um-[x x],[x] talents of refined copper due by
AKT 8 2015.pdf,ù  [x  x  x  x]-ì-lí,Ennam-[......] and [..........]-il(;
AKT 8 2015.pdf,20+[x ma-na URUDU] SIG5,20+x minas of refined copper
AKT 8 2015.pdf,[x x x x x] 15 ma-na °KÙ.B.¿,[................ ] 15 minas of silver
AKT 8 2015.pdf,[ x x x ]°x¿-ma [ x x] °x¿  KÙ.B,[.........] below (a price of)
AKT 8 2015.pdf,u.e.  °lá? * i-ba-t]a-aq?,[x] silver he shall not go?;
AKT 8 2015.pdf,TÚG.HI-tí  10& ma-na URU[DU],10 textiles (and) 10# minas of copper
AKT 8 2015.pdf,mana  URUDU SIG5 ù 6  GÍN KÙ.B,10 minas of refined copper and 6 shekels
AKT 8 2015.pdf,Kt a/k 977 (dated to eponymy REL 91) records a copper debt owed by this Ennam-Suen to,"Ilabrat-b""ni, which has been running for six years. Ennam-Suen is known from AKT 6, 184:"
AKT 8 2015.pdf,DUB $a 2 GÚ 40 ma-na,One tablet for 2 talents and
AKT 8 2015.pdf,URUDU )a-lá-mì-im,"40 minas of black copper,"
AKT 8 2015.pdf,rev. URUDU SIG5  $a hu-bu-ul,"refined copper, being the debt"
AKT 8 2015.pdf,!up-pu-um  $a,one tablet for
AKT 8 2015.pdf,ma-na  URUDU SIG5,23 minas of refined copper
AKT 8 2015.pdf,$a  hubu-ul,being the debt of
AKT 8 2015.pdf,A-$ur-ANDUL ù Dí-dí-a,"A!!ur-,ul*l( and Didiya."
AKT 8 2015.pdf,mì-ma  a-nim a-na,All this I left behind
AKT 8 2015.pdf,IGI I-$u-°hi-im¿,"In the presence of I!uhum,"
AKT 8 2015.pdf,DUMU *x-mì?-im  IG[I],"son of ......mum, and of"
AKT 8 2015.pdf,A-sà-nim DUMU,"As""num, son of"
AKT 8 2015.pdf,"III. DEBT-NOTES, MEMOS AND RELATED RECORDS (54-78)                    115","4,16. The ""leaving behind"" (ez""bum) could be as safe deposit, because the owner went away, or"
AKT 8 2015.pdf,in order to collect these debt-claims for the creditor.,"5-10. The excerpt in *76:10-11 qualifies the copper as lammunum, “bad”, and identifies the"
AKT 8 2015.pdf,KI$IB Dan-a-a  DUMU A-ta-a,"seal of Dannaya, son  of Ataya,"
AKT 8 2015.pdf,$a 10 ma-na  AN.NA,that for the 10 minas of tin
AKT 8 2015.pdf,[$a]  I-k[u]-pì-I$tar,that Ik*n-p(-I!tar
AKT 8 2015.pdf,1% ma-na KÙ.B. Im-dí-DINGIR,Imd(-ilum received 1& mina of
AKT 8 2015.pdf,il5-qé : $u-ma  um-me-a-nu,silver. If the investors of
AKT 8 2015.pdf,I-ku-pì-I$tar  ú-la  me-er-ú-/$u,Ik*n-p(-I!tar or his sons
AKT 8 2015.pdf,u.e.  Im-dí-DINGIR  ú-ba-áb-$u,Imd(-ilum will clear him.
AKT 8 2015.pdf,"III. DEBT-NOTES, MEMOS AND RELATED RECORDS (54-78)                    117",D. Alphabetical List of Elamma’s debtors
AKT 8 2015.pdf,text(iles). Dates are in eponymy years (REL) and months (I-XII) or h(amu$tum); due dates in,"m(onth), w(eek), (ana) etti$u, (upon) return (from) ..., or arrival (in) ..., (on the) threshing (floor,"
AKT 8 2015.pdf,Da-dí-a  ú  A-ta-a  qí-bi4-ma,"Dadiya and Ataya, thus"
AKT 8 2015.pdf,ma-na  URUDU i-!í-im,‘17 minas of copper from the price
AKT 8 2015.pdf,qá-qí-ri  °!a¿  É  Nu-ri-i-li,for a house-plot of N%r-il$
AKT 8 2015.pdf,ma-na URUDU !a DINGIR-ba-ni,"8 minas of copper belonging to Il$-b&ni,"
AKT 8 2015.pdf,DUMU  Ib-ni-lí  KI  A-ta-a URUDU,"son of Ibni-il$, is due from Ataya’."
AKT 8 2015.pdf,ma-lá  i-na  li-bi4-!u-nu,Settle accounts for all the copper
AKT 8 2015.pdf,i-°ba-!í¿-ú  !í-sí-a-ma,they still owe and
AKT 8 2015.pdf,"li-[qí-a]  ú  a-""é-er",collect it and add it
AKT 8 2015.pdf,!a  KÙ.GI  #í-ih-a-ma,to that derived from the gold.
AKT 8 2015.pdf,ú  !u-ma  i-na  ba-áb-/tí-a,"Moreover, if you have collected"
AKT 8 2015.pdf,mì-ma  tal-qé-a  ku-ta-ni,"anything of my outstanding claims, buy for"
AKT 8 2015.pdf,!a-ma-ma  !é-bi4-lá-nim,it kut$nu-textiles and send them to me”.
AKT 8 2015.pdf,#up-pá-am  na-á!-pár-tamx(TUM),“The tablet with the letter of
AKT 8 2015.pdf,!a  A-!ur-la-ma-sí  !a  a-!u-mì,A!!ur-lamass$ concerning the
AKT 8 2015.pdf,a-bi4-kà  ip-qí-du,"to your father, which they are"
AKT 8 2015.pdf,na-á!-ú-ni-kum  a-ma-kam,"bringing to you, read that tablet"
AKT 8 2015.pdf,#up-pá-am  !í-me-ma  li-ba-/kà,"over there, but do not"
AKT 8 2015.pdf,a-hi  a-ta  i-na  !a-ha-/at,"my brother, assist"
AKT 8 2015.pdf,!a-zu-úz-tí-a  i-zi-/iz-ma,my representative(s) and
AKT 8 2015.pdf,i-na  a-lá-ak,"send me, when a shipment"
AKT 8 2015.pdf,ma-á!-kà-tí-a TÚG.HI.A  i!-té-n[a],"of mine starts its journey,"
AKT 8 2015.pdf,ú  !a-na  !é-bi4-lam-ma,"each time one or two textiles, then"
AKT 8 2015.pdf,lá-ag-mì-il5-kà,I will do you a favor (in return).”
AKT 8 2015.pdf,"name), apparently stays somewhere in Anatolia, where he is handling, sel-ling and buying","textiles, the latter to be sent regularly to Elamma, probably in Kanesh."
AKT 8 2015.pdf,a-na-kam-ma  ú-na-hi-id-/kà,“It was here that I gave you
AKT 8 2015.pdf,um-ma  a-na-ku-ma,the following instruction:
AKT 8 2015.pdf,KÙ.B. 1  ma-na  ma-lá,‘Send me every mina of
AKT 8 2015.pdf,tù-tù-ú  pá-ni-a-ma,of silver as soon as you
AKT 8 2015.pdf,!é-bí-lam  KÙ.B. ma-lá,find it. All the silver
AKT 8 2015.pdf,i-qá-tí-kà  i-ba-!í-ú,you have already available
AKT 8 2015.pdf,*x-kà-ma  a-ta  ki-lá,you must retain for yourself.’
AKT 8 2015.pdf,6' TÚG.HI.A  káb-tù-tim,"6) heavy textiles,"
AKT 8 2015.pdf,!a &u-bi-ri-im,"of 'ubarean make,"
AKT 8 2015.pdf,mu-dí-a-am  ZI-lá-tí-a-am,Get hold of a specialist from Zilat
AKT 8 2015.pdf,"""a-ba-at-ma  #ù-re-!u-nu",and let him stretch their yarns
AKT 8 2015.pdf,lu-!a-dí-id-ma  a-ni-ib-ra-/re,and make them suitable for you for/as
AKT 8 2015.pdf,lu-sí-ma-ku-!u-nu-ma ma-lá,"nibr$ru-garments, so that you can"
AKT 8 2015.pdf,KÙ.B. 1 GÍN  tù-!é-lu-ú,realize at least some silver.
AKT 8 2015.pdf,lu-bu-!é  ra-qá-tim,With the next shipment
AKT 8 2015.pdf,ù  !u-lu-up-ki-e  i!-tí,"I will send you garments,"
AKT 8 2015.pdf,ú-!é-ba-lá-kum,'ulupkian textiles.
AKT 8 2015.pdf,lu  !u-ul-hu lu  ma-ku-hu,Look out for !ulhu-  or
AKT 8 2015.pdf,!a a-ma-kam #á-áb-ú-ku-<um>,mak(hu-textiles over there that
AKT 8 2015.pdf,a-mu-ur-ma  té-er-ta-[kà],please you and let your report
AKT 8 2015.pdf,li-li-kam-ma  i-ha-ra-an,come to me. And let with every single
AKT 8 2015.pdf,li-ta-lu-°ku¿-ni-ma,"regularly come to me, so that at least"
AKT 8 2015.pdf,KÙ.B. 1 GÍN  li-li-/[a]m,some silver becomes available to me.”
AKT 8 2015.pdf,"is !addudum, ""to extend, to stretch"", a unique D-stem, and its object then would be #urr(,","""yarns, twines"", not yet attested in OA. The result of this operation probably is (line 17a) that"
AKT 8 2015.pdf,"nibr$ru-garments, which are expected to yield some money. Nibr$r( (see Michel-Veenhof","2010, 237) occur in small quantities, both as imported from Assur and as current in Anatolia."
AKT 8 2015.pdf,ù  A-ta-a  qí-bi4-ma,"and Ataya, say,"
AKT 8 2015.pdf,a-na  lu-qú-tí-ku-nu  AN.NA,"“As for your merchandise, tin"
AKT 8 2015.pdf,ú  TÚG.HI.A  !a  Ì-lí-a-lúm,"and textiles, which Il$-&lum"
AKT 8 2015.pdf,ir-de8-a-ni : i-nu-mì,"brought here, when we had reached"
AKT 8 2015.pdf,ni-mì-ig-ru-ma  AN.NA,an agreement and I had
AKT 8 2015.pdf,ú  TÚG.HI.A al-qé-ú,"taken the tin and textiles,"
AKT 8 2015.pdf,!u-ma  kà-ru-um  !a-du-a-/tám,"I was authorized, if the colony levied the"
AKT 8 2015.pdf,il5-té-qé  i-na  KÙ.B.-áp,"the !addu’utu-tax, to take it from"
AKT 8 2015.pdf,°Ì¿-lí-a  i-na  !a  na-ru-qí-!u,"Iliya’s silver, that of his joint-stock"
AKT 8 2015.pdf,qá-bi-a-ku :  #up-pá-ak-nu,I have in my possession a
AKT 8 2015.pdf,ha-ar-ma-am  ú-kà-al,valid record of yours (to that effect).
AKT 8 2015.pdf,a-na-kam  a-na  kà-ri-im,Here I turned to the colony
AKT 8 2015.pdf,[a]-tù-°ur¿  um-ma  a-na-ku-ma,and I declared:
AKT 8 2015.pdf,[lu]-qú-tum  i-a-tum,"‘The merchandise belongs to me,"
AKT 8 2015.pdf,[mì-!]u-um  !a-du-a-tám,why have you levied !addu’utu-tax?’
AKT 8 2015.pdf,[lu]-°qú¿-tum  a-na  !a  Ì-lí-a,‘The merchandise has been
AKT 8 2015.pdf,!a-ak-na-at-ma,joined to that of Iliya and therefore
AKT 8 2015.pdf,nu-!a-dí  um-ma  a-na-ku-ma,we levied it.’ I said: ‘I am ready to
AKT 8 2015.pdf,lá-at-ma  lu-qú-tum  lu  i-a-tù-/ni,swear that the merchandise is truly mine!’
AKT 8 2015.pdf,ú  a-le-ma  a-na  kà-ri-im,"But, wherever they collected the"
AKT 8 2015.pdf,!a-du-a-tám  il5-té-qé-ú,the !addu’utu-tax for the colony
AKT 8 2015.pdf,ú-la  ig-da-am-lu-ni,they have not obliged me.
AKT 8 2015.pdf,ma-na  AN.NA il5-qé-ú,They took 36 minas of tin from which
AKT 8 2015.pdf,'À.BA  6  ma-na  ki-i!-da-at,I deducted 6 minas that
AKT 8 2015.pdf,"Ku-ni-lim  ú-""a-he-er",were for K%n-ilum’s account.
AKT 8 2015.pdf,a-hu-ú-a  a-tù-nu,"Please, my brothers,"
AKT 8 2015.pdf,ma-na  AN.NA ma-lá,send me [with the first opportunity]
AKT 8 2015.pdf,d[á]*-tí-!u  mu-#é-e-!u,"30 minas of tin, as much as amounts to"
AKT 8 2015.pdf,ú  ni-is-ha-tí-!u,"its road-tax, its underweight"
AKT 8 2015.pdf,[i-K]Ù.B-pì-ku-nu lá  a-lá-qé,have to take it from your silver here.
AKT 8 2015.pdf,"normal form, cf. Grammar § 9.30, and *157:18, amtum i-a-tum, while the absolute state in KTS","1, 7a:25, “the su’u-stone i-a-at”, is an exception."
AKT 8 2015.pdf,Contracted  mu-#é-e-!u instead of mu#$’)!u is very unusual.,Elamma has “taken” (in consignment?) a shipment of tin and textiles belonging to six bus-iness
AKT 8 2015.pdf,"in Elamma’s joint-stock fund (*2:1), Elamma corresponds with him (*3:1) and sends him silver","(*12:5). Iliya’s son L&-q""p apparently lived in Anatolia and cooperated with Elamma."
AKT 8 2015.pdf,for what he had paid as road-tax from Hahhum (until Kanesh)”. In also mentioning an,underweight of 2 minas and the payment of 4 minas as import tax52 this text is a nice parallel to
AKT 8 2015.pdf,um-ma  E-lá-ma-ma,Thus Elamma and
AKT 8 2015.pdf,Da-da  ù  I-n[a-a]h-DINGIR,Dada and +nah-il$:
AKT 8 2015.pdf,qí-bi-ma  30  ma-na  KÙ.B,“The 30 minas of silver
AKT 8 2015.pdf,!a  Ah-!a-lim  a-na,that Ah-!alim brought
AKT 8 2015.pdf,a-bi-ku-nu  ub-lá-ni,"to your father,"
AKT 8 2015.pdf,!u-ma  15  GÍN.TA,if there is tin available at a rate
AKT 8 2015.pdf,i-ba-!í  AN.NA  !a-ma-ma,"of 15 shekels (to 1), then buy it"
AKT 8 2015.pdf,!é-bi-lá-nim,and send it to me.
AKT 8 2015.pdf,!u-ma  i-na  15  GÍN.TA,It the rate is less than 15 shekels
AKT 8 2015.pdf,ba-tí-iq  mì-i!-lam,(to 1) then buy for one half of it tin
AKT 8 2015.pdf,AN.NA  mì-i!-lam,and for the other half textiles and
AKT 8 2015.pdf,TÚG.HI.A  !a-ma-ma,ship them to me with the
AKT 8 2015.pdf,li-ik-!u-dam,before the suspension of traffic.
AKT 8 2015.pdf,°i-nu¿-mì AN.NA ù TÚG.HI.A,When you seal the tin and
AKT 8 2015.pdf,[ta]-kà-na-kà-<ni>  i-pá-ni,the textiles write on the
AKT 8 2015.pdf,[!u-u]q-lá-tim,packets (with tin) and on the
AKT 8 2015.pdf,ù  sí-ke  TÚG.HI.A,hem of the textiles
AKT 8 2015.pdf,i-ki-dim  a-wa-at-ku-nu,No word of you should
AKT 8 2015.pdf,KÙ.B  !a  E-la-ma,The silver belongs to Elamma.”
AKT 8 2015.pdf,ta-á!-pu-ra-am  um-ma a-ta-/ma,“You wrote me as follows:
AKT 8 2015.pdf,#up-pu-um  i-hu-lá-pí-im,‘(There is) a tablet wrapped in a
AKT 8 2015.pdf,lá-wi : pá-nu-!u  KI'IB,"rag, on the face of which is"
AKT 8 2015.pdf,A-lá-hi-im  a-na Hi-na-a,written: ‘Seal of Ali-ahum
AKT 8 2015.pdf,ú E-lá-ma  lá-pí-it,to Hinn&ya and Elamma’.
AKT 8 2015.pdf,i-li-bi4  #up-pé  !a  A-!ur-/DÙG,We looked for it among the tablets of
AKT 8 2015.pdf,né-mu-ur-ma  lá-!u,"A!!ur-(&b, but it is not there."
AKT 8 2015.pdf,a-na  A-!ur-DÙG ni-i!-tap-ra!-am,We have now sent a letter to A!!ur-(&b.
AKT 8 2015.pdf,té-er-tù-!u  li-tù-ra-am-ma,When his message (telling)
AKT 8 2015.pdf,a-!ar !a-ak-nu,where it has been placed comes back
AKT 8 2015.pdf,nu-!é-ba-lá-ku-!u,we will send it to you.
AKT 8 2015.pdf,a-!u-mì  am-tí-im,As for the slave-girl of
AKT 8 2015.pdf,Dan-A-!ur  ni-i!-al-ma,we asked D&n-A!!ur and he
AKT 8 2015.pdf,um-ma !u-ut-ma  !í-im GEME2,said: ‘It was me who paid the price
AKT 8 2015.pdf,a-na-ku : i-ra-mì-ni-a,of the slave-girl out of my own
AKT 8 2015.pdf,a-na  Wa-ah-!u-!a-na,"will go to Wah!u!ana,"
AKT 8 2015.pdf,i-lá-ak  !í-be,he will interrogate
AKT 8 2015.pdf,ú-!a-a-lá-ma,the witnesses and then we will
AKT 8 2015.pdf,°a-dí¿ #up-pí-im !a,“As for the tablet about
AKT 8 2015.pdf,[t]a-á!-pu-<ra>-ni,which you wrote me as
AKT 8 2015.pdf,um-ma a-ta-ma KI'IB A-lá-hi-/im,"follows:“ ‘Seal of Ali-ahum,"
AKT 8 2015.pdf,#up-pu-um : i-li-bi4,that tablet is to be found
AKT 8 2015.pdf,#up-pé-kà : i-ba-!í,"among your tablets,"
AKT 8 2015.pdf,Ha-na-a ù Id-na-a,Han&ya and Idn&ya
AKT 8 2015.pdf,[i]k-nu-ku-!u  !u-ma,have sealed it. If
AKT 8 2015.pdf,"In both letters Elamma, who must be writing from somewhere outside Kanesh, asks Ahu-waqar","to find (and send him?) two different letters by Ali-ahum (presumably Elamma’s brother), one"
AKT 8 2015.pdf,"so-called “missive” (na!partum), a letter containing an authorization, a promise or a statement","of facts, which was carefully pre-served under seal in the archive for its evidentiary value (see"
AKT 8 2015.pdf,"who, at Elamma’s instruction, according to *25:6, together with A!!ur-m%tappil (presumably",Elamma’s son) has to take tin belonging to Elamma.54
AKT 8 2015.pdf,"*47, written to Elamma by A!!ur-imitt$, where he reports on silver delivered to him, which he",and A!!ur-n&d& checked.
AKT 8 2015.pdf,ù A-!ur-i-mì-tí-ma,and A!!ur-imitt$:
AKT 8 2015.pdf,me-at 2 TÚG.HI.[A ku-t]a-nu,“102 kut$nu-textiles
AKT 8 2015.pdf,qá-dí  !a  x* [x  li-wi-t]um,"including those .... [for wrapp]ng,"
AKT 8 2015.pdf,GÚ x [ma-na AN.NA ku-nu-k]i?,"4 talents [x minas of seal]ed [tin],"
AKT 8 2015.pdf,°ni¿-i!-qú-u[l  ki-ma  x  ma-na],we paid. [Instead of x minas]
AKT 8 2015.pdf,°AN¿.NA  *  ma-n[a],of tin we handed over
AKT 8 2015.pdf,A-!ùr-mu-ta-pì-il5,* mina of silver.
AKT 8 2015.pdf,AN.NA  A-!ur-i-mì-/tí,took ) mina
AKT 8 2015.pdf,TÚG  a-wi-il5-tum,The lady took 3
AKT 8 2015.pdf,°tal¿-qé  '  ma-na / 7  GÍN,textiles. 27 shekels was
AKT 8 2015.pdf,[!]í-im  AN'E,"the price of a donkey,"
AKT 8 2015.pdf,"GÍN  ""í-tum","2 shekels, expenditures?"
AKT 8 2015.pdf,le.e. KÙ.B.  Ah-!a-lim * i[l5-qé?],"in silver, Ah-!alim t[ook?]."
AKT 8 2015.pdf,"TÚG  !a  kà-""a-ri-i[m]",2 textiles of the harnesser.
AKT 8 2015.pdf,KI  Ah-!a-lim  ni-kà-/sí,We will settle accounts
AKT 8 2015.pdf,!u-lu-up-kà-ú,“The 2 'ulupkaean textiles
AKT 8 2015.pdf,!a  ú-!é-bi-lá-ni,I sent you
AKT 8 2015.pdf,a-na  30  ma-na  ma-sí-/am!,had taken for
AKT 8 2015.pdf,lá-ma :  a-li-kà-ni,30 minas of refined copper
AKT 8 2015.pdf,"[""ú-ba-t]i-kà : li-qé",‘Take your textiles!’
AKT 8 2015.pdf,[1] TÚG : !é-!é-r[a-a]m*,"[As for 1] ......... textile,"
AKT 8 2015.pdf,i-pu-hu-!u*,instead of it they
AKT 8 2015.pdf,!a-ni-am : ú-ri-!u-u!,asked for another one.
AKT 8 2015.pdf,TÚG : a-pá-ni-a,They deposited the
AKT 8 2015.pdf,a-bi  a-ta  be-lí  a-ta,"Please my father, my lord,"
AKT 8 2015.pdf,té-er-ta-kà,Let a message of yours
AKT 8 2015.pdf,li-li-kam-ma,come here so that
AKT 8 2015.pdf,![í-i]m  TÚG.HI.A  li-dí-/nu-nim-/ma,"they give me the price of the textiles,"
AKT 8 2015.pdf,lá-tal-°kam¿,then I will leave.
AKT 8 2015.pdf,a-ma  °a-!¿a  ta-ta-/ú-ni,"Now then, as for what  you said:"
AKT 8 2015.pdf,"3-8. Cf. *46:18, where A!!ur-m%tappil had taken 2 textiles from a large shipment, cleared in the","palace, and *91:21, where he had brought Elamma 2 kut$nu-textiles."
AKT 8 2015.pdf,a unique D-stem or a scribal mistake for e-ri-!u-u!.,23-25. Reading a-[!]a < ana !a explains the subjunctive in ta-ta-ú-ni. Perhaps the two word-
AKT 8 2015.pdf,"A!!ur-r""’$ answers Elamma’s question about tablets he took along from Assur: 'umi-abiya is",bringing them. Next he reports about a letter of “the girl” that had arrived in Assur and he
AKT 8 2015.pdf,[ta-á]!-pu-ra-am  um-ma,“You wrote me as follows:
AKT 8 2015.pdf,[a-t]a-ma  #up-pé-e  na-á!-pá-ra-tim,‘Send me the tablets with letters
AKT 8 2015.pdf,"°!a   i!-tù  a¿-limki  tù-!é-""í-a-/ni",that you took along from the City’.
AKT 8 2015.pdf,[!é-bi-l]am? : #up-pé-e,['um]i-abiya is on his way
AKT 8 2015.pdf,[na-á]!-pá-ra-tim !a  Da-dí-a,with the tablets with
AKT 8 2015.pdf,[ù]  En-um-A-!ùr,letters of Dadiya
AKT 8 2015.pdf,[&u-mì]-°a¿-bi-a  na-á!-a-kum,and Ennam-A!!ur.
AKT 8 2015.pdf,"[#up-pu]-um !a ""ú-ha-ar-tim",A letter of the girl arrived
AKT 8 2015.pdf,[i-li-ka]m  um-ma !í-it-ma,here in which she wrote:
AKT 8 2015.pdf,[lá  i-dí]-na-kum a-ta,the tablet? You
AKT 8 2015.pdf,[ x x ]-x-um  a-lik-ma,.............. go and
AKT 8 2015.pdf,[KÙ.B.] !e-bi-lam  !u-ma  a-bi a-ta,"‘send me [silver]! Please, my father,"
AKT 8 2015.pdf,[1 ù] 2 ma-na : <KI>  a-li-ki-im,send me [one or] two minas
AKT 8 2015.pdf,[pá-n]im-ma : !é-bi-lam-ma,"with the next caravan, lest"
AKT 8 2015.pdf,[!u-q]á-al-kà  lá  i-pá-#á-/ar-/ma,your packet (of tin) is opened
AKT 8 2015.pdf,[ù  l]i-ba-kà lá  i-lá-mì-in,and you get angry.
AKT 8 2015.pdf,[d]a-a-tum  ma-ri-i!-tum,We have incurred a terribly
AKT 8 2015.pdf,heavy road-tax”.,"The left edge of the tablet is gone (more at the bottom than at the top), so that the first signs of"
AKT 8 2015.pdf,"A!!ur-r""’$ is a business associate of Elamma (cf. *108:6, 9f.) and works as a transporter","(*10:50, *29:6 and *40:4; cf. Ch. II E, § 1-4), in which capacity he apparently also brought"
AKT 8 2015.pdf,"*86. It is not clear from where A!!ur-r""’$ wrote this letter.","9. The restoration of this name is conjectural. We meet a 'umi-abiya, son of A/Emu’a, who"
AKT 8 2015.pdf,ú-!a-sí-ih-ma,to appear here and
AKT 8 2015.pdf,pí-!u  En-nam-A-!ur,"Ennam-A!!ur, son"
AKT 8 2015.pdf,DUMU  Dí-dì-a-a,"of Didi(a)ya, heard his"
AKT 8 2015.pdf,a-na  A-limki,his way to the City.
AKT 8 2015.pdf,#up-pá-am  !a  hu-bu-/ul,A tablet recording
AKT 8 2015.pdf,ku-nu-ki-a  DUMU  Dí-dí-a,"my seals, Didiya’s son"
AKT 8 2015.pdf,na-á!-a-kum,has with him for you.
AKT 8 2015.pdf,lu-qú-ut-kà,I will clear your merchandise
AKT 8 2015.pdf,ú-za-kà  a-ta-lá-/kam,(then) I will leave.
AKT 8 2015.pdf,ù  Hi-na-[a-ma],"and Hinn&ya,"
AKT 8 2015.pdf,ma-na  KÙ. B.,your son sent
AKT 8 2015.pdf,ù 16  ma-na  KÙ.B,11 minas of silver
AKT 8 2015.pdf,!a  a-!u-mì  KÙ.GI,"and the 16 minas of silver,"
AKT 8 2015.pdf,En-nam-A-!ùr,on which you had given
AKT 8 2015.pdf,a-na  En-nam-A-!ur,"concerning gold,"
AKT 8 2015.pdf,ma-na  KÙ.B,Ennam-A!!ur took
AKT 8 2015.pdf,En-nam-A-!ur,these 16 minas of silver
AKT 8 2015.pdf,il5-qé-ma  2  ma-na,and sent 2 minas
AKT 8 2015.pdf,KÙ.GI  ù  11  ma-na,of gold and the 11 minas
AKT 8 2015.pdf,wa-ar-kà-tám,Later the son of
AKT 8 2015.pdf,DUMU  +a-lá-mì-im,18 minas of silver.
AKT 8 2015.pdf,"ú-!é-""í-am  KÙ.B",This silver and the
AKT 8 2015.pdf,ù  KÙ.GI  pá-ni-[a]m,earlier amount of gold
AKT 8 2015.pdf,nu-pá-he-er-ma,everything and
AKT 8 2015.pdf,"a-""é-er  !a  ki-[ma]",brought (it) into
AKT 8 2015.pdf,ku-a-tí  a-na  Kà-n[i-i!],Ka[nesh] to your
AKT 8 2015.pdf,i-té-er-tí  P[í-lá-a]h-I!tar GU'KIN¿,‘At the instruction of Pilah-
AKT 8 2015.pdf,a-na  DUMU +a-lá-mì-im,I!tar you must entrust the gold
AKT 8 2015.pdf,"pí-iq-da-ma  a-""é-er",to the son of -all&mum
AKT 8 2015.pdf,"Ennam-A!!ur, Iddin-A!!ur and Pilah-I!tar).",12-15. These lines imply that the 16 minas of silver were converted at the normal rate of 8:1
AKT 8 2015.pdf,ú  Da-dí-a-ma : a-na E-lá-ma,"and Dadiya, say to Elamma:"
AKT 8 2015.pdf,[Ah-!a]-lim  ú-nu-ut-kà,your goods to Ah-!alim
AKT 8 2015.pdf,[ni-ip]-qí-id  i-na ba-a[b1],"In the city-gate, when he"
AKT 8 2015.pdf,[i!-t]ù : ha-ra-nu-um,after the caravan had already
AKT 8 2015.pdf,i-li-kam-ma a-na 4 ma-[na],and A!!ur-id$ seized Ah-!alim
AKT 8 2015.pdf,KÙ.B. A-!ùr-i-dí  Ah-!a-lim,"for 4 minas of of silver,"
AKT 8 2015.pdf,ú-lá  ú-!a-ar-kà,‘I will not let you go!’.
AKT 8 2015.pdf,i-na re-em lu-qú-tim,"Out of consideration for the merchandise,"
AKT 8 2015.pdf,ki-ma ú-nu-tim,in order not let the goods be
AKT 8 2015.pdf,lá  ta-ú-ri-im a-na-[ku],"brought back, we, I and Dadiya, had"
AKT 8 2015.pdf,ú  Da-dí-a a-na 4 ma-na,ourselves booked as his guarantors
AKT 8 2015.pdf,KÙ.B.  qá-ta-tí-!u ni-il5-ta-[pá-at],for the 4 minas of silver.
AKT 8 2015.pdf,KÙ.B.  e-ri-i!-ma  um-ma,"for the silver, saying:"
AKT 8 2015.pdf,a-ta-ma  !a ki-ma  i-a-[tí],“My representatives let themselves
AKT 8 2015.pdf,qá-ta-tí-kà  il5-ta-a[p]-/tù,be booked as your guarantors.
AKT 8 2015.pdf,KÙ.B.  !u-qú-ul-ma,Pay the silver then I will send
AKT 8 2015.pdf,a-na a-wi-li  lu-!é-bi-il5-ma,"it to the gentlemen, so that they"
AKT 8 2015.pdf,[!]a ki-ma i-a-tí,My representatives
AKT 8 2015.pdf,[#up-pá¿-am [i!-pu-ru-ni]m,wrote me a letter
AKT 8 2015.pdf,[x] x [x] x x-°x¿* [!u-ma],[to that effect.” If] he
AKT 8 2015.pdf,le.e. e-ta-ba-°at¿ [!u-up]-ra-ma,"has fled, write to us,"
AKT 8 2015.pdf,a-na-kam Ébé-s[ú] a-na  !í-mì-/im,then we will sell
AKT 8 2015.pdf,lu ni-dí-in,his house here.
AKT 8 2015.pdf,give him a quittance. Next Iddin-abum tells Elamma that A!!ur-m%tappil is on his way to him,with two textiles and he asks him to send him his debt-note for 33 shekels of silver.
AKT 8 2015.pdf,a-na  Hi-na-a  ù  E-la-m[a],"Say to Hinn&ya and Elamma,"
AKT 8 2015.pdf,1/2  ma-na 5 GÍN KÙ.B. sa-ru-pá-am,“35 shekels of refined silver
AKT 8 2015.pdf,i-sé-er  dEN.LÍL-ba-ni,"Ellil-b&ni, son of Sasaya,"
AKT 8 2015.pdf,i-na  li-bi4 : #up-pé-a,is among my tablets (that are)
AKT 8 2015.pdf,i-na  Du-ur-hu-mì-it,"in Durhumit, in the house"
AKT 8 2015.pdf,É  Hi-na-a : i-ba-!í,of Hinn&ya.
AKT 8 2015.pdf,a-ba-ú-a : a-tù-nu,"Please, my fathers,"
AKT 8 2015.pdf,"""a-ab-ta-!u-ma  KÙ.B.",seize him and make him
AKT 8 2015.pdf,!a-á!-qí-la-!u : !u-ma  mì-ma,pay the silver. If he
AKT 8 2015.pdf,i-qá-bi4 : um-ma  !u-ut-ma,protests and says: ‘I will
AKT 8 2015.pdf,a-na  e-la-i-!u  KÙ.B.,pay him the silver when he
AKT 8 2015.pdf,"ú-la  ú-""í : ""a-ab-ta-!u-ma","for the countryside, seize him and"
AKT 8 2015.pdf,KÙ.B  !a-á!-qí-la-!u-ma,make him pay the silver
AKT 8 2015.pdf,ù  i!-té-en  i-ba-re-ku-nu,and let one of you
AKT 8 2015.pdf,ki-ma  #up-pu-!u : sà-ru,that his debt-note is no longer valid.”
AKT 8 2015.pdf,TÚG  ku-ta-ni  A-!ùr!-mu-ta-píl,"son of 'u-B""lum, brought you"
AKT 8 2015.pdf,DUMU  &u-Be-lim : i-na  ku-nu-uk,2 kut$nu-textiles provided
AKT 8 2015.pdf,Da-dí-a  kà-an-ku-ma,with Dadiya’s seal.
AKT 8 2015.pdf,ub-la-kum  a-bi  a-ta,"Please, my father,"
AKT 8 2015.pdf,!a  *  ma-na  3  GÍN KÙ.B,the tablet by which
AKT 8 2015.pdf,ha-bu-la-ku-ni :,"I owe you 33 shekels of silver,"
AKT 8 2015.pdf,ku-nu-uk-!u-ma,put it under seal and
AKT 8 2015.pdf,a-na  E-la-ma  ù  A-la-/hi-im,"say to Elamma and Ali-ahum,"
AKT 8 2015.pdf,qí-bi4-ma 1 ma-na  KÙ.B.,“1 mina of silver
AKT 8 2015.pdf,!a  #up-pá-am !a  Sá-li-a,for which you drew up
AKT 8 2015.pdf,li-dí-na-ku-ma,that 1 mina of silver and
AKT 8 2015.pdf,ù  !í-tí  KÙ.B.  #up-pì-i,as for the rest of the silver
AKT 8 2015.pdf,am-ra-ma  a-na,inspect my tablet to (discover)
AKT 8 2015.pdf,ar-be-e-!u,that I have already
AKT 8 2015.pdf,"gi5-mì-lam i-""é-ri-a","my brother, do me"
AKT 8 2015.pdf,ù  me-er-e!-a,and my sons this favor.
AKT 8 2015.pdf,!u-ku-un DAM.GÀR,"I have a creditor,"
AKT 8 2015.pdf,i-!u  a-ma-ma-an,(so) let nobody hear
AKT 8 2015.pdf,"i-pì-kà  lá  ú-""í-/i",(about it) from your mouth!”
AKT 8 2015.pdf,"memorandum listing Iddin-A!!ur’s debts. Since the words are addressed to Ali-ahum alone, am-","ra-ma should be an imp. sing. with dative suff., “look up/inspect for me”, with enclitic –ma to"
AKT 8 2015.pdf,"17-19. The payments collected by Ali-ahum should be kept secret, otherwise Iddin-A!!ur’s",creditor(s) might press their claims against him or try to seize the silver collected for him.
AKT 8 2015.pdf,Hi-na-a  i-na  *x x [ x],3 minas of tin
AKT 8 2015.pdf,ú-kà-al-ma,under seal and
AKT 8 2015.pdf,lá  i-pá-#ù-ru-nim,one must not open (the packet)
AKT 8 2015.pdf,!é-bi4-lam,1* mina of silver.
AKT 8 2015.pdf,lá  !a  á!-pu-ra-ku-ni,That I did not write you (earlier)
AKT 8 2015.pdf,um-ma  Hi-na-a-ma,is because Hinn&ya said:
AKT 8 2015.pdf,té-er-ta-kà  li-°li-kam¿-/[ma]?,‘If a message of yours arrives
AKT 8 2015.pdf,ú-!é-ba-la-am,I will send it to you.’ (But now)
AKT 8 2015.pdf,KÙ.B.  !é-bi4-lam,send me the silver!’
AKT 8 2015.pdf,li-l[i]-°am¿,silver be produced!
AKT 8 2015.pdf,le.e. KÙ.B.  lá  KÙ.B.-áp-/!u,"The silver is not his silver,"
AKT 8 2015.pdf,!u-<ut>-ma  KÙ.B.  I-dí-Sú-in,it is the silver of Iddin-Suen!”
AKT 8 2015.pdf,"A letter by K%n-ilum in the first place to Kurub-I!tar, Elamma’s business partner, but whose","delivered by +nah-il$ and apparently supervised by Elamma, but the fact that only about half of"
AKT 8 2015.pdf,a-na E-[lá-ma ù],Say to Elamma and
AKT 8 2015.pdf,i-nu-mì  E-na-h[i-li],“When +nah-il$ brought
AKT 8 2015.pdf,lu-qú-tí : ir-de8-e-n[i-ma],my merchandise here
AKT 8 2015.pdf,i-na É.GAL-lim : T[ÚG.HI.A],and one counted the textiles
AKT 8 2015.pdf,ma-ah-ri-kà  im-nu-[ú],"in the palace in your presenc,"
AKT 8 2015.pdf,TÚG.HI.A a-na [,you gave 16 textiles to/as
AKT 8 2015.pdf,ta-dí-in : ú *x [ x x x],..............   and you brought
AKT 8 2015.pdf,tù-!a-li-m[a* x x],(the rest ?) safely to ..........
AKT 8 2015.pdf,le.e. lu  i-ta-ba-al i-n[a] KÙ.B.,he has/will indeed take(n) along
AKT 8 2015.pdf,!a i!-tí *x x [ x x x],from the silver that is due by .......”
AKT 8 2015.pdf,"himself brings (na!i) merchandise to Elamma. *258 is a letter sent to him by Amur-A!!ur,",dealing with copper.
AKT 8 2015.pdf,+nah-il$ is well-known as transporter of Elamma.,8-11. Kurub-I!tar’s presence when K%n-ilum’s textiles arrived in Kanesh and were counted in
AKT 8 2015.pdf,latter’s associate Kurub-I!tar?,"9-10. Perhaps ana [nishatim], “as import-tax”, or ana [PN], a trader or agent."
AKT 8 2015.pdf,ú  TÚG : na-á!-ú-ni-kum,"textile and a normal one,"
AKT 8 2015.pdf,i!-tí  lu-qú-tí-kà,"together with your merchandise,"
AKT 8 2015.pdf,ù  !í-it-ra-am,and a shawl
AKT 8 2015.pdf,a-na  Lá-ma-sí-tim,for Lamassutum.
AKT 8 2015.pdf,a-na  a-wa-tim,As for the matter about
AKT 8 2015.pdf,!a ta-á!-pu-ra-ni,"which you wrote me,"
AKT 8 2015.pdf,a-wi-lu-um,the gentleman
AKT 8 2015.pdf,ih-tí-li-iq,has perished/disappeared.
AKT 8 2015.pdf,sà-ah-ra-<ku>-ma,I am staying here and
AKT 8 2015.pdf,ú-lá  a-pá-al,to answer for it.
AKT 8 2015.pdf,!a : ki : me-er-i-a,We were not to bring in the house
AKT 8 2015.pdf,né-nu lá  nu-!é-ra-áb,"somebody to replace my son,"
AKT 8 2015.pdf,a-na-ku  áp-lá-ah-ma,"(but) because I became afraid, I was"
AKT 8 2015.pdf,u!-té-ri-ib,the one who has now brought one in.
AKT 8 2015.pdf,a-la-nu-kà  a-ba-am,“I have no father
AKT 8 2015.pdf,ú bé-la-am  ú-la  i-!u,and lord but you!
AKT 8 2015.pdf,a-!a  i!-tí-kà  la u!-ta-me-/ru,Don’t be angry because
AKT 8 2015.pdf,a-la-ak  a-té-er-tí,"purchases (for you), I must travel"
AKT 8 2015.pdf,É  a-bi4-ni  a-la-ak,for an order of our paternal house.
AKT 8 2015.pdf,i-kà-lá-a-ni-ma  bi4-il5-tám,detain me and force me
AKT 8 2015.pdf,ú-!a-!a-a-ni,to carry a load (for him)’ (and)
AKT 8 2015.pdf,a!-ki-am la u!-ta-me-/er,for that reason I did not
AKT 8 2015.pdf,i!-tí-kà : i!-tí,turn up with you. But with
AKT 8 2015.pdf,lu-qú-tí-kà  pá-ni-e-ma,your next lot of merchandise
AKT 8 2015.pdf,a-[x]*-re-a-am,I will ..........”
AKT 8 2015.pdf,"annakam 9 i!tini la u!-ta-me-er, “he did not show up here with us”.",15-16. Instead of pan)mma one expects pan%timma. I do not know how to restore the verbal
AKT 8 2015.pdf,DUMU.MÍ  A-!ur-dan DUMU Zi-zi-/im,"“The daughter of A!!ur-d&n, son of Zizum,"
AKT 8 2015.pdf,"ra-bi4-""a-am  i!-tù a-límki",has obtained an attorney
AKT 8 2015.pdf,"ta-a""-ba-at-ma  ú-""a-am","from the City, who has left"
AKT 8 2015.pdf,a-ma-kam  wa-!a-áb,(and) is staying over there.
AKT 8 2015.pdf,!u-ma  KÙ.B. lu URUDU,If with the silver or copper
AKT 8 2015.pdf,!a ú-!é-lá-ku-ni,that I sent up to you
AKT 8 2015.pdf,!í-ma-am  a-dí-ni,you have not yet made
AKT 8 2015.pdf,la ta-á!-a-am  KÙ.B.,"purchases, then remove the silver"
AKT 8 2015.pdf,"!é-""í-ma  a-!ar  ku-wa-tí",and let it stay where
AKT 8 2015.pdf,"""a-ba-tim  ir-ta-ag-*°ma-/kum¿?","seize that silver,"
AKT 8 2015.pdf,KÙ.B.  KÙ.B.  kà-ri-im,the silver belongs to the colony.
AKT 8 2015.pdf,!u-ma a-na  am-tim,If he makes an attempt at
AKT 8 2015.pdf,ú-la É-té  ú-#á-hi,"a slave-girl or the house,"
AKT 8 2015.pdf,be-tù ù  [a-ma-t]um,the house and the slave-girls
AKT 8 2015.pdf,!a  a-wi-[il5-t]im,belong to the lady!
AKT 8 2015.pdf,a-na  ni-!í  a-wi-il5-tim,Say to the personnel
AKT 8 2015.pdf,qi-ib-a-ma  i!-tí-!u-nu,of the lady that he must
AKT 8 2015.pdf,!. lu-kà-i-na-kum).54 In the construction with two accusatives one refers to the item contested,and the other to the person considered liable and this is made clear in some by providing the
AKT 8 2015.pdf,"kaspam ""a-ru-pá-am D. I-dí-a-ba-am u !. uk!nnam), which we may render by “to bring","confirmation/proof for something against somebody”. It is also used in 98*:1-4, 1 kut!nam !. A-"
AKT 8 2015.pdf,"lá-ha-am ahu#u ana Elamma uka’’an). The same construction occurs in  68*:16-20, where the","disputed item is introduced by ana: A. has to provide Elamma with proof that not he, but two"
AKT 8 2015.pdf,TÚG ku-ta-nam 'u-lí,"!uli, son of Puzur-Abeh,"
AKT 8 2015.pdf,DUMU Puzur4-A-bé-eh  A-lá-ha-am,"will confirm that Ali-ahum,"
AKT 8 2015.pdf,a-hu-#u : a-na E-lá-ma,"his brother, owes 1 kut!nu-textile"
AKT 8 2015.pdf,ú-kà-a-an : #u-ma,to Elamma. If he
AKT 8 2015.pdf,KÙ.B. )  ma-na,"!uli will pay "" mina"
AKT 8 2015.pdf,'u-lí : a-na E-lá-ma,of silver to Elamma.
AKT 8 2015.pdf,ha-mu-u#-tim,the week eponymy
AKT 8 2015.pdf,#a A-#ùr-ma-lík,"of A##ur-m$lik,"
AKT 8 2015.pdf,"""a-lá-mì-im ki-ma","the black one, he will"
AKT 8 2015.pdf,a-na 1 ma-na-e-em,per mina according to the
AKT 8 2015.pdf,"""í-ib-tám ú-""a-áb",regulation of the colony.
AKT 8 2015.pdf,°lí-mu-um¿ [#]a °qá¿-té,Eponymy of the successor
AKT 8 2015.pdf,°Ba-z]i-a °DUMU ']é-pá-lím*,"of Baziya, son of"
AKT 8 2015.pdf,KI!IB La-q[é]-pí-im DUMU dAB-ba-ni,"seal of L$-q%pum, son of Ellil-b$ni,"
AKT 8 2015.pdf,KI!IB E-[la]-ma DUMU I-dí-Sú-in,"seal of Elamma, son of Iddin-Suen,"
AKT 8 2015.pdf,#a h[u-b]u-ul  E-la-ma,about the debt of Elamma
AKT 8 2015.pdf,DUMU I-dí-Sú-in 1 ma-na 6 GÍN,son of Iddin-Suen. 1 mina 6 shekels
AKT 8 2015.pdf,"[K]Ù.B. ""a-ru-pá-am  [i-""é-er]",of refined silver Elamma
AKT 8 2015.pdf,I-dí-A#ùr DUMU Ku-bi-dí,"Iddin-A##ur, son of Kub&di."
AKT 8 2015.pdf,°um-ma E-la -ma-ma 1 ma-na 6  GÍN,Elamma said: ‘Your 1 mina 6 shekels of
AKT 8 2015.pdf,[KÙ.B.-áp]-kà  A-mur-I#tar il5-qé,silver Amur-I#tar has collected’.
AKT 8 2015.pdf,[E-la-ma] a-na  Im-dí-[lim],[Elamma] shall confirm Amur-I#tar
AKT 8 2015.pdf,[A-mur-I#t]ar  ú-kà-an-[ma  #u-ma],(as having it) to Imd&-ilum [and if] he does
AKT 8 2015.pdf,[i-li]-bi  A-mur-I#tar  [lá  uk-t]a-in,"not confirm that Amur-I#tar has it,"
AKT 8 2015.pdf,"[KÙ.B.] ù ""í-ba-sú  [E-la-ma]",[Elamma] will pay [the silver] and its
AKT 8 2015.pdf,ma-na 6 GÍN,1 mina 6 shekels
AKT 8 2015.pdf,"KÙ.B.  ""a-ru-pá-am",of refined silver
AKT 8 2015.pdf,'u-da-a DUMU En-na-nim,"!ud$ya, son of Enn$num."
AKT 8 2015.pdf,KÙ.B.-ap1-kà a-na,"1 mina 6 shekels,"
AKT 8 2015.pdf,A-mur-I#tar ub?-lu-°nim?¿,"your silver, to Amur-I#tar”."
AKT 8 2015.pdf,l.e.  a-n[a! Im-dí-lim,Elamma will
AKT 8 2015.pdf,rev. ú-kà-an-ma,for Imd&-ilum and
AKT 8 2015.pdf,#u-ma i-na li-[bi4],if he has confirmed
AKT 8 2015.pdf,A-mur-I#tar KÙ.B.,that Amur-I#tar has
AKT 8 2015.pdf,uk-ta-in  KÙ.B.,"the silver in his possession,"
AKT 8 2015.pdf,"ù ""í-ba-tí-#u  A-mur-I#tar",Amur-I#tar shall pay the silver
AKT 8 2015.pdf,a-na Im-dí-lim  i-#a-qal,and the interest on it to Imd&-ilum.
AKT 8 2015.pdf,#u-ma E-la-ma  a-na,If Elamma fails to confirm
AKT 8 2015.pdf,Im-dí-lim  A-mur-I#tar,Amur-I#tar(‘s liability) for
AKT 8 2015.pdf,la uk-ta-in  KÙ.B.,"Imd&-ilum, Elamma will pay"
AKT 8 2015.pdf,"ù ""í-ba-tí-#u  E-la-ma",the silver and the interest
AKT 8 2015.pdf,u.e.  IGI A-mur-dUTU,"In the presence of Amur-!ama#,"
AKT 8 2015.pdf,IGI La-qé-pí-im,of L$-q%pum.
AKT 8 2015.pdf,"owned by Amur-!ama#, son of Mi#a/ur-rabi","seal B = CS 1219, inscription: A-ga-zi. It must be the seal used by L$-q%pum, son of Ellil-b$ni,"
AKT 8 2015.pdf,ma-na 10 GÍN AN.NA,11 minas 10 shekels of tin
AKT 8 2015.pdf,GÍN KÙ.B. #í-im 1/2 ku-ta-nim,"12 shekels of silver the price of "" kut!nu-"
AKT 8 2015.pdf,2) ma-na  KÙ.B.,"textile, (and) 2"" minas of silver,"
AKT 8 2015.pdf,#í-im 5 AN!E.HI.A,"the price of 5 donkeys,"
AKT 8 2015.pdf,#a  E-lá-ma,"belonging to Elamma and L$-q%p,"
AKT 8 2015.pdf,ù  Lá-qé-ep  A-lá-hu-um,Ali-ahum and Hinn$ya will
AKT 8 2015.pdf,ù  Hi-na-a  uk-t[a]-/nu-ma,establish who of them is liable
AKT 8 2015.pdf,a-#ar  i-bu-ru-ni,and from him who proves to be it
AKT 8 2015.pdf,)  ma-na.TA  KÙ.B.,Elamma and L$-q%p
AKT 8 2015.pdf,E-la-ma  ú  La-qé-ep,"will take "" mina"
AKT 8 2015.pdf,IGI  E-dí-na-a,"In the presence of Edin$ya,"
AKT 8 2015.pdf,IGI  En-um-A-#ùr,of Ennam-A##ur.
AKT 8 2015.pdf,"men, engaged by Elamma and A##ur-n$d$ to resolve their conflict. Elamma presumably had","summoned A##ur-n$d$ to pay for textiles of his he had acquired, whereupon A##ur-n$d$"
AKT 8 2015.pdf,E-la-ma ù A-#ur-/na-da,Elamma and A##ur-n$d$
AKT 8 2015.pdf,"i""-bu-tù-ni-a-tí-/ma",seized us and we passed
AKT 8 2015.pdf,dí-#u-nu  ni-dí-in-/ma,the following verdict for them:
AKT 8 2015.pdf,ù  A-#ùr-na-da,and A##ur-n$d$ will
AKT 8 2015.pdf,uk-ta-nu-ú-ma,establish who of them is liable
AKT 8 2015.pdf,#u-ma  TÚG.HI.A,and if the textiles
AKT 8 2015.pdf,*  ma-na  KÙ.B,"A##ur-n$d$, son of"
AKT 8 2015.pdf,A-#ùr-na-da DUM[U] Er-nu-id,"Ernu’’id, will pay"
AKT 8 2015.pdf,a-na  E-la-ma,( mina of silver
AKT 8 2015.pdf,DUMU  I#-me-lim,son of I#me-ilum.
AKT 8 2015.pdf,!u-Lab$n” (#umma kaspum 1 mana illibbi Kabiya 'u-Lab!n ibt%ram) he will pay !u-Lab$n 1(,"mina”, hence the debt augmented by a heavy fine. The role !u-Lab$n is unclear and the absence"
AKT 8 2015.pdf,"B. A conflict between Elamma and Pilah-A""""ur (102-105)",The following four texts (two of which are virtual duplicates) deal with a conflict between
AKT 8 2015.pdf,"Elamma and Pilah-A##ur about a commercial agreement. It must have led to a lawsuit, since",three of the texts are records of testimonies by persons who had been “seized” by the parties to
AKT 8 2015.pdf,i-na  ba-áb  ha-ra-ni-/#u,When Elamma was about
AKT 8 2015.pdf,Pí-lá-ah-A-#ùr-ma,Pilah-A##ur said to Elamma:
AKT 8 2015.pdf,a-na  E-lá-ma-ma La-qé-[ep],"“L$-q%p, the son of"
AKT 8 2015.pdf,DUMU 1-li-a : ku-nu-im,"Iliya, who belongs to you(r firm),"
AKT 8 2015.pdf,AN.NA  a-na  70  ha-am-#a-tim,offers me tin with a credit term of
AKT 8 2015.pdf,i-a-am  AN.NA-ki  le-qé-/ma,“Take my own tin and do me a favor
AKT 8 2015.pdf,gi5-im-lá-ni  a-na  20  ha-am-#a-/tim,by giving me (for it) not less than 8 shekels
AKT 8 2015.pdf,GÍN.TA  lá  ta-ba-ta-/qám,per (shekel of silver) in 20 weeks.”
AKT 8 2015.pdf,um-ma  Pí-lá-ah-°A¿-#ur-ma],Pilah-A##ur said: “[I will take]
AKT 8 2015.pdf,GÍN.TA  AN.[NA  a-lá-qé-ma],"the tin at the rate of 8 shekels,"
AKT 8 2015.pdf,a-ta-BA: mì-n[am  ta-da-nam],"but you, what will you [give me]?”"
AKT 8 2015.pdf,ú  a-na-ku  i#-[tù],"“And I , when I return"
AKT 8 2015.pdf,a-limki i-na [tù-a-ri-a],from the City I will
AKT 8 2015.pdf,°15¿  ma-na  KÙ.[B],give you 15 minas
AKT 8 2015.pdf,a-da-na-kum  a-n[a  a-limki],of silver. You will send it to
AKT 8 2015.pdf,tù-#é-ba-al  : #í-a-m[a-tim],the City and one will make (with it)
AKT 8 2015.pdf,i-#a-ú-mu-ni-kum,"purchases for you, it will be"
AKT 8 2015.pdf,[t]a-be-el-#u  IGI  GÍR #a [A-#ur],at your disposal.” Before [A##ur’s]
AKT 8 2015.pdf,°#í¿-bu-tí . a-dí-in,dagger I gave my testimony.
AKT 8 2015.pdf,"ma-na  KÙ.B.  ""a-ru-/pá-am",“I gave you 15 minas of refined
AKT 8 2015.pdf,#a-du-a-sú  #a-bu-ú,its transport fee paid for.
AKT 8 2015.pdf,a-dí-na-kum   a-na  A-limki,When you enter
AKT 8 2015.pdf,i-na   e-ra-bi-kà-ma,the City you must
AKT 8 2015.pdf,GÚ  AN.NA  #a-ma-a[m],buy for me 1 talent of tin
AKT 8 2015.pdf,ú  a-#í-tí  KÙ-pì-a,and for the rest of my silver
AKT 8 2015.pdf,TÚG.HI.A  #a-ma-a[m],"buy textiles for me,"
AKT 8 2015.pdf,i#-tí  °AN!E?¿-ri-kà,send them to me with your next
AKT 8 2015.pdf,ú-#é-ba-l[á-ku]m   IGI  GÍR         /-ma,“I will send them to you”. Before A##ur’s
AKT 8 2015.pdf,#a  A-°#ur¿  [#]í-bu-tí  a-dí-in,dagger I gave my testimony.
AKT 8 2015.pdf,"E-lá-ma  i""-ba-a[t-ni-a-tí-ma]",against Elamma and
AKT 8 2015.pdf,um-ma  Pí-lá-ah-A-#ur-ma,Pilah-A##ur said
AKT 8 2015.pdf,a-na  AN.NA-ki-kà,“With respect to your tin that you
AKT 8 2015.pdf,#a  ta-dí-na-ni . a-ga-mì-il5-/kà,"gave me, I will do you a favor: I will"
AKT 8 2015.pdf,GÍN.TA KÙ.B a-na / a-lim/ki,supply you in the city silver
AKT 8 2015.pdf,ú-#a-ak-#a-da-kà,at a rate of (1 shekel) per 8 shekels (of tin).
AKT 8 2015.pdf,ù  i-nu-mì  a-na-ku,“And when I
AKT 8 2015.pdf,a-na  a-limki,go to the City will you
AKT 8 2015.pdf,a-lu-ku  15  ma-na  KÙ.B,then give me 15 minas
AKT 8 2015.pdf,ta-da-nam-ma,of silver for my free disposal?”
AKT 8 2015.pdf,a-da-na-kum,“I will give it to you.”
AKT 8 2015.pdf,IGI  Lá-qé-pí-im,In the presence of L$-q%pum;
AKT 8 2015.pdf,'u-Be-lim : ù  LUGAL-dIM,"!u-B%lum and !arrum-Adad,"
AKT 8 2015.pdf,tap-pá-ú-a : a-na  a-wa-tim,were my fellow witnesses.
AKT 8 2015.pdf,a-ni-a-tim  kà-ru-um,For these words
AKT 8 2015.pdf,i-dí-n[i-ma],made me available and
AKT 8 2015.pdf,IGI  GÍR  #a  [A-#ur],[I gave] my testimony
AKT 8 2015.pdf,a-na  a-wa-tim  a-ni-a-tim / kà-ru-um,For these words the Kanesh colony
AKT 8 2015.pdf,Kà-ni-i#  i-dí-na-ni-ma,made me available and before
AKT 8 2015.pdf,IGI GÍR  #a  A-#ùr  [#í-bu-tí  a-dí-in],A##ur’s dagger [I gave my testimony].
AKT 8 2015.pdf,"seal A = CS 382, inscription:  Lá-qé-pu-um / DUMU I-zi-za-am-[DINGIR], identical to","Kt n/k 1729C, 1867B and 1951C."
AKT 8 2015.pdf,"i""-ba-at-ni-a-tí-ma",against Elamma and
AKT 8 2015.pdf,a-na  AN.NA-ki-k[à],“I will do you a favor
AKT 8 2015.pdf,#a  ta-dí-na-ni,"for your tin that you gave me,"
AKT 8 2015.pdf,a-ga-mì-il5-kà  8  GÍN.[TA],I will transfer to you in the
AKT 8 2015.pdf,KÙ.B.  a-na  a-limki,City silver at a rate of (1 shekel)
AKT 8 2015.pdf,ú-#a-a[k-#a-da-kà],per 8 shekels (of tin).
AKT 8 2015.pdf,a-na  [a-wa-tim],For these words
AKT 8 2015.pdf,a-ni-[a-tim  kà-ru-um],the Kanesh
AKT 8 2015.pdf,i-dí-ni-ma,me available and
AKT 8 2015.pdf,le.e. (up-pá-am  KÁ [DINGIR],I gave this tablet (drawn up)
AKT 8 2015.pdf,um-ma A-hu-qar ù,thus Ahu-waqar and
AKT 8 2015.pdf,"ni-i""-ba-at-ma  (up-pá-am",and we made him listen to
AKT 8 2015.pdf,me-eh-ra-am  #a Lá-qé-ep,"the tablet, a copy, of L$-q%p"
AKT 8 2015.pdf,nu-#a-á#-me-#u-ma  um-ma  né-nu-ma,and we said to him:
AKT 8 2015.pdf,#í-bu-ta-kà  dí-in,‘Give your testimony!’
AKT 8 2015.pdf,pá-na-ma  a-na  Pí-lá-ah-A-#ùr,I already gave my testimony
AKT 8 2015.pdf,#í-bu-tí  a-di-in  KÙ.B.,to Pilah-A##ur (that)
AKT 8 2015.pdf,a-na a-limki,no promise has been made to
AKT 8 2015.pdf,#a-ak-#u-dam,deliver the silver to the City’.
AKT 8 2015.pdf,lá  qá-bi  né-ru-ub-ma,We entered and listened to (the text of)
AKT 8 2015.pdf,me-eh-re  #a  ba-áb  DINGIR,the copies of his testimony drawn up
AKT 8 2015.pdf,#a #í-bu-tí-#u  #a  a-na,"in the gate of the god, that he had"
AKT 8 2015.pdf,Pì-lá-ah-A-#ùr  i-dí-nu,given to Pilah-A##ur (and they read):
AKT 8 2015.pdf,ni-i#-me  Lá-qí-ip  tap-pá-i,‘L$-q%p was my companion’.
AKT 8 2015.pdf,a-ma : me-eh-ri  : #í-me,"Here is my copy, listen to it;"
AKT 8 2015.pdf,Ib-ni-lí  DUMU A-#ùr-dUTU#i,"Here we questioned Ibni-il&, son of"
AKT 8 2015.pdf,wa-ar-kà-sú  nu-#a-°il5¿-ma,"A##ur-#am#&, about his record"
AKT 8 2015.pdf,ù  e-ba-ru-u#-#u,and we also questioned
AKT 8 2015.pdf,Ku-ni-lúm  ù  I-dí-I#tar,"his friends, K'n-ilum and"
AKT 8 2015.pdf,u.e.  nu-#a-il5-ma  e(-lu-um,"Iddin-I#tar, and the result was:"
AKT 8 2015.pdf,le.e. ú  wa-ar-kà-tám  i-#u,and has a (good) record.
AKT 8 2015.pdf,"""ú-ha-ar-tám  ta-da-nam",Let your instruction come to me
AKT 8 2015.pdf,lá  ta-da-nam  té-er-ta-kà,whether the girl must be given
AKT 8 2015.pdf,"(courtesy Y. Kawasaki, reference Kouwenberg) war-kà-sú #a’’il!ma, and in the OB letter AbB","9, 218:19f., where it is translated with “to question about the background“ (of something). In"
AKT 8 2015.pdf,"e-ba-ru-u#-#u (collated) is clear, but one would prefer e-ba-ru-tù-#u.",V.  LEGAL RECORDS OF VARIOUS NATURE
AKT 8 2015.pdf,"patronym) is unknown. In the texts we meet at least eight different Pilah-A##urs, in Elamma’s","archive the only one with a patronym is son of Dannum-il& (*197:15), witness during the year"
AKT 8 2015.pdf,confrontations between Pilah-A##ur (P.) and Elamma (E.). From 103*:17-18 we know that P.,"“seized” three witnesses, L$-q%p(um), !u-B%lum and !arrum-Adad (the “us” of 104B*:3); 102*"
AKT 8 2015.pdf,"!u-B%lum’s reliability. 102* must be of !u-B%lum, because it indeed contains two separate","testimonies.56 Moreover, !u-B%lum in 105*:12-14 asserts that the agreement between Pilah-"
AKT 8 2015.pdf,"According to the first testimony in 102* Pilah-A##ur confronted Elamma, when he was","about to depart on a journey to Assur (cf. lines 15-16, “when I return from the City”), with his"
AKT 8 2015.pdf,"within 20 weeks, which is a much shorter term. Pilah-A##ur then asks Elamma a favor in return",and the latter promises to give him on his return from Assur (perhaps after he had sold the
AKT 8 2015.pdf,"picture. Here Pilah-A##ur - not referring to what is reported in 102*:4-8, but only to Elamma’s","offer of tin as something of the past (taddin, l. 6) - reminds Elamma of his promise of putting"
AKT 8 2015.pdf,while here Pilah-A##ur himself intends to bring it to Assur (to make purchases with it). An again,"different picture is offered by the second testimony in 104*:22-37, for it states that Pilah-A##ur"
AKT 8 2015.pdf,"Unopened envelope with a witnessed agreement between Elamma and !u-I#tar, which obliges","the latter (who accordingly sealed the envelope) to pay Elamma for a shipment of tin, which the"
AKT 8 2015.pdf,KI!IB  'u-Ku-bi-im,"Seal of !u-K'bum,"
AKT 8 2015.pdf,KI!IB  'u-I#tar KI!IB A-mur-/A-#ur,"seal of !u-I#tar, seal of Amur-I#tar,"
AKT 8 2015.pdf,#a  2  GÚ  AN.NA,"that, when his tin comes up"
AKT 8 2015.pdf,i-na  e-lá  AN.NA-ki-#u,(from Assur) Elamma will send
AKT 8 2015.pdf,E-lá-ma  a-na  'u-I#tar,2 talents of tin
AKT 8 2015.pdf,°ú-#é¿-ba-al-#u-ma,Buru#hattum and that
AKT 8 2015.pdf,i-na  ma-hi-°ir¿  i-za-zu,!u-I#tar will deliver in full to him
AKT 8 2015.pdf,GÍN.TA : 'u-I#tar,1 shekel (of silver) per (shekel of tin)
AKT 8 2015.pdf,ú-ma-lá-°#um¿-ma  KÙ.B.,above the current rate of exchange and
AKT 8 2015.pdf,"""a-ru-pá-am  i-na  e-ra-áb",that he will pay purified silver
AKT 8 2015.pdf,AN.NA-ki-#u  i-#a-qal,on the arrival of his tin.
AKT 8 2015.pdf,"seal B =  CS 1181, inscription:  [KI!I]B 'u-I#tar / [DUMU] Puzur4-I#tar.","seal C = CS 482, same seal as Kt n/k 1779C, 1804B and 1913C; this must be the seal of !u-"
AKT 8 2015.pdf,[KI!IB ']u-Be-lim  KI!IB A-#ur-i-dí,"Seal of  !u-B%lum, seal of A##ur-id&,"
AKT 8 2015.pdf,[#]a E-lá-ma  'u-I#tar  ba-áb,(confirming) that Elamma seized !u-I#tar
AKT 8 2015.pdf,"[h]a-ra-ni-#u  i""-bu-tù-ma",when he was about to go on a journey
AKT 8 2015.pdf,[u]m-ma E-lá-ma-ma,and that Elamma said to him:
AKT 8 2015.pdf,12) ma-na  7) GÍN KÙ[B.],"“12 minas and 37"" shekels of refined"
AKT 8 2015.pdf,"°""a¿-ru-pá-am  i-na e-ra-bi4-/kà",silver you must send me when
AKT 8 2015.pdf,#é-bi4-lam  ù  #a #í-ti,And what (is due) for the remainder of
AKT 8 2015.pdf,AN.NA-ki-a  i-na  Bu-ru-u#-ha-/tim,my tin you must send me
AKT 8 2015.pdf,i-na  e-ra-bi4-kà-ma,when you enter Buru#hattum.
AKT 8 2015.pdf,#é-bi4-lam  #u-ma lá  tù-#é-bi4-lam,"If you fail to do so,"
AKT 8 2015.pdf,[ x x x] a-na URUDU SIG5,.............. for refined copper
AKT 8 2015.pdf,[x x x x]-kà  a-lá-qé,shall I  take your ..............?”
AKT 8 2015.pdf,[!u-I#]tar answered: “Take it”.,V.  LEGAL RECORDS OF VARIOUS NATURE
AKT 8 2015.pdf,"Seal B = CS 414, inscription: 'u-dBe-lim DUMU / A-#ùr-be-el-a-w[a-tim] = Kt n/k 1742B","(JNES 67 [2008], 84-88, fig. 3), Kt n/k 2079, and Kt v/k 178A (N. Özgüç 2006, 126)."
AKT 8 2015.pdf,4)  GÚ URUDU  SIG5,"4"" talents of refined copper,"
AKT 8 2015.pdf,GÚ 20  ma-na URUDU,1 talent and 20 minas of
AKT 8 2015.pdf,lá-mu-nu-um i-na,poor copper
AKT 8 2015.pdf,#a  A-mur-A-#ur  A-#ur-na-da,Elamma and A##ur-r%’&
AKT 8 2015.pdf,°E-lá¿-ma  ù  A-#ur-SIPA,brought out of the
AKT 8 2015.pdf,"[ú]-°#é¿-""í-ú",strong-room of Amur-A##ur.
AKT 8 2015.pdf,[A]-#ur-na-da ki-ma KÙ-pí-/#u,A##ur-n$d$ entered on account of
AKT 8 2015.pdf,°e¿-ru-ub  E-lá-ma,"his own (claim on) silver,"
AKT 8 2015.pdf,°ù¿ A-#ur-SIPA,Elamma and A##ur-r%’&
AKT 8 2015.pdf,[k]i-ma  um-mì-a-ni,entered in the name of the
AKT 8 2015.pdf,IGI  E-lá-li-a,and El$liya.
AKT 8 2015.pdf,(up-pí-#u  ib-ri-ú-ma,They inspected his tablets
AKT 8 2015.pdf,ù  #u-nu-ma  ik-nu-ku-ma,and they were also the ones who sealed
AKT 8 2015.pdf,"a-na  ma-""a-ar-tim",them (again) and brought them
AKT 8 2015.pdf,ú-#é-ri-bu,(again) into the strong-room.
AKT 8 2015.pdf,"12f.  The appearance of A##ur-ni#' is unexpected, since he is not mentioned in lines 5f.","14-16. The five witnesses presumably were a ”committee of five” (hami#tum), which had to"
AKT 8 2015.pdf,a-ma-kam  i-na,Over there no one of
AKT 8 2015.pdf,be-el  id-ma-tim,the share-holders
AKT 8 2015.pdf,#a  ki-ma  um-mì-a-né,representing the investors
AKT 8 2015.pdf,ma-ma-an : mì-ma,shall approach
AKT 8 2015.pdf,a-ma-lá  (up-pì-im,According to the tablet of the
AKT 8 2015.pdf,#a  a-limki,"City, (if he does) it will be"
AKT 8 2015.pdf,share-holders tried to obtain from his assets what they considered themselves to be entitled to.,V.  LEGAL RECORDS OF VARIOUS NATURE
AKT 8 2015.pdf,GÍN KÙ.B.  #í-im TÚG,"As for the 12 shekels of silver, the price"
AKT 8 2015.pdf,#a En-na-nim,"of a textile belonging to Enn$num,"
AKT 8 2015.pdf,DUMU A-zu-a : #a É-lá-ma,"son of Azua, which Elamma took,"
AKT 8 2015.pdf,a-na En-na-nim,"“I paid the silver to Enn$num,"
AKT 8 2015.pdf,DUMU A-ku-kà  um-me-a-ni-/kà,"the son of Akuka, your investor”."
AKT 8 2015.pdf,KÙ.B. á#-qúl um-ma Na-na-a-/ma,Nanaya said:
AKT 8 2015.pdf,En-na-núm i#-pu-ri-ma,“At Enn$num’s behest I took
AKT 8 2015.pdf,ak-ta : um-ma En-[na-num-ma],for Enn$num told (me):
AKT 8 2015.pdf,a-lík : a-ma-sú,‘Go and take his slave-girl
AKT 8 2015.pdf,i-pì En-na-nim,"“It was at the instruction of Enn$num,"
AKT 8 2015.pdf,DUMU A-ku-ka : Na-na-a,"son of Akuka, that Nanaya took"
AKT 8 2015.pdf,ik-ta : #u-ma E-lá-ma,If Elamma has paid
AKT 8 2015.pdf,KÙ.B. En-na-nim,the silver to Enn$num
AKT 8 2015.pdf,ú-#a-bi4 ) ma-na K[Ù]./B.,Nanaya will pay
AKT 8 2015.pdf,Na-na-a : a-na,""" mina of silver"
AKT 8 2015.pdf,[IGI x x *d]í?-a,"[In the presence of .......d]iya,"
AKT 8 2015.pdf,I[GI* x x x  D]UMU 'u-I#tar,"o[f .........], son of !u-I#tar,"
AKT 8 2015.pdf,IGI 'u-I#tar  DUMU Da-da-/nim,"of !u-I#tar, son of Dad$num."
AKT 8 2015.pdf,of the name A-ku-kà.,"7. Nanaya, a man, occurs only here in the archive and without patronym and with several dif-"
AKT 8 2015.pdf,da-a-sú  ù,The road-tax he incurs and
AKT 8 2015.pdf,ú-kúl-tù-#u  #a  Ki-ta-a,the food of Kitaya
AKT 8 2015.pdf,a-dí  a-limki,until the City
AKT 8 2015.pdf,E-lá-ma  i#-qúl,Elamma has paid.
AKT 8 2015.pdf,#u-ma  i#-tù,If he does not
AKT 8 2015.pdf,A-limki ú-nu-tám,transport of the goods
AKT 8 2015.pdf,lá  i-sà-ri-dam,from the City
AKT 8 2015.pdf,da-a-sú  ù  ú-kúl-/tù-#u,Kitaya will compensate
AKT 8 2015.pdf,IGI  'u-I#tar,"In the presence of !u-I#tar,"
AKT 8 2015.pdf,IGI  'u-A-#ùr,of !u-A##ur.
AKT 8 2015.pdf,"A##ur (cf. *118:1-4); here his name is spelled +é-eh-ri-ì-li, in *143:5 +a-he-er-ì-lí.",An agreement on caravan expenses and a share in the yield of tin
AKT 8 2015.pdf,KI!IB 'u-Ku-bi4-im  DUMU Qá-a-tim,"Seal of !u-K'bum, son of Qa’atum,"
AKT 8 2015.pdf,KI!IB A-lá-hi-im  DUMU A-#ur-ma-lik,"seal of Ali-ahum, son of A##ur-m$lik,"
AKT 8 2015.pdf,KI!IB Ku-na-a  DUMU Ma-na-na,"seal of Kunn$ya, son of Manana."
AKT 8 2015.pdf,a-na gám-ri-im,For expenses
AKT 8 2015.pdf,ù hu-lu-qá-e #a  ILLAT,and losses of the caravan
AKT 8 2015.pdf,Ì-lí-a-lim  a-na  mì-ma,"of Il&-$lum, whatsoever,"
AKT 8 2015.pdf,#u-um-#u  Ku-na-a  a-na,Kunn$ya shall not raise
AKT 8 2015.pdf,a-na 30 ma-na  AN.NA,"As for the 30 minas of tin,"
AKT 8 2015.pdf,#a  Ku-na-a : a-na  ILLAT,for which Kunn$ya served
AKT 8 2015.pdf,i-dí-ú  qá-dé  ILLAT-ma,it will belong to him together with
AKT 8 2015.pdf,a-na a-wi-tí-#u,(the other members of) the caravan
AKT 8 2015.pdf,i-za-sú-um,according to its declared value.
AKT 8 2015.pdf,"seal C = CS 1206, inscription: [KI]!IB I#?-me-a [x] / [DUM]U Ú?-me-a-x.",1-2. The same two men appear in *117:8-11 as witnesses for the delivery of silver; the second
AKT 8 2015.pdf,KI!IB  Hi-na-a,"Seal of Hinn$ya,"
AKT 8 2015.pdf,KI!IB  I-ku-pí-A-#ùr,"seal of Ikuppi-A##ur,"
AKT 8 2015.pdf,DUMU  En-um-A-#ur,"son of Ennam-A##ur,"
AKT 8 2015.pdf,#a  °1) ¿  ma-na  KÙ.B.,that Elamma sent
AKT 8 2015.pdf,me-eh-ra-at,"to L$-q%p 1"" mina of"
AKT 8 2015.pdf,ba-áb-tí-#u  #a  Lá-°qé-/ep¿,silver as counter value of
AKT 8 2015.pdf,ú-#é-bi-lu  Lá-[qé-ep  KÙ.B.]-áp-/#u,claims. L$-q%p will
AKT 8 2015.pdf,i-lá-qé  ![À.BA],take his silver (and)
AKT 8 2015.pdf,GÍN KÙ.[B.  #í-i]m,"from it 5 shekels of silver,"
AKT 8 2015.pdf,)  ku-ta-[ni]m,"the price of  "" kut!nu-textile,"
AKT 8 2015.pdf,"""a-[h]u-ru",have been deducted.
AKT 8 2015.pdf,ahum and Ali-il& for transport.,V.  LEGAL RECORDS OF VARIOUS NATURE
AKT 8 2015.pdf,KI!IB A-lá-hi-im,"Seal of Ali-ahum,"
AKT 8 2015.pdf,KI!IB A-li-li,"seal of Ali-il&,"
AKT 8 2015.pdf,KI!IB A-bi4-lá  KI!IB Lá-qé-ep,"seal of Abila, seal of L$-q%p,"
AKT 8 2015.pdf,#a  i-na  ba-áb-tim,that what Hinn$ya had seized
AKT 8 2015.pdf,#a  A-#ùr-be-el-ma-al-/ki-im,as part of an outstanding claim
AKT 8 2015.pdf,#a  i#-ti  DUMU  A-tù-°ri¿-a,of A##ur-b%l-malkim
AKT 8 2015.pdf,ù A-mur-A-#ùr,from At'riya’s son and
AKT 8 2015.pdf,"Hi-na-a  i""-bu-tù-ma",from Amur-A##ur and
AKT 8 2015.pdf,ma-na 13) GÍN KÙ.B.,"an amount of 2 minas 13"" shekels of"
AKT 8 2015.pdf,"""a-ru-pá-am  E-lá-ma","refined silver, which Elamma in turn"
AKT 8 2015.pdf,a-na  A-lá-hi-im ù A-li-li,had entrusted to Ali-ahum and
AKT 8 2015.pdf,ip-qí-du KÙ.B.,Ali-il& – that this silver will become
AKT 8 2015.pdf,a-na A-lá-hi-im A-li-li,the joint property/responsibility
AKT 8 2015.pdf,ù Hi-na-a  a-ba-re-#u-nu,"of  Ali-ahum, Ali-il&"
AKT 8 2015.pdf,seal B = CS 1195;  inscription: °A¿-mur-dA-#ùr / [DUMU] La-[....]. In both impressions LA in,the left column of the inscription is immediately followed by a little figure and while
AKT 8 2015.pdf,"there is some damage before LA there is hardly room for DUMU. Amur-A##ur, who is","not mentioned among the sealers, might have sealed, because the silver had been taken by"
AKT 8 2015.pdf,Lá-qé!-pu-um /  DUMU 'u-Hu-bu-ur  (KI = qé looks more like KU).,seal D =  CS 1196.
AKT 8 2015.pdf,"joint account” (33, a-ba-re-ni li-li-ik; not “will move as our joint property”, as CAD/B 246 s.v.",V.  LEGAL RECORDS OF VARIOUS NATURE
AKT 8 2015.pdf,re-tí-ku-nu 5 nad!’um) as “forming a partnership” (10 .... tapp!’utttam .....12 ep!#um).,This record was kept in Elamma’s archive as proof that he had handed over the silver he had
AKT 8 2015.pdf,i-nu-mì  A-hu-w[a-qar],When Ahu-waqar
AKT 8 2015.pdf,i-tù-°ra¿-[ni],from the City
AKT 8 2015.pdf,#u-uq-lam  [ku-nu-ki],[PN and] Elamma
AKT 8 2015.pdf,#a a-limki [ x x x  ù],will break open the packet
AKT 8 2015.pdf,E-lá-ma i-pá-([ù-ru-ma],with seals applied in the City
AKT 8 2015.pdf,ma-na  AN.N[A],and they will give him
AKT 8 2015.pdf,i-du-nu-#u-ma  i#-[tù],50 minas of tin and
AKT 8 2015.pdf,i-lá-qé-ú  15 ha-am-/#a-tim,the tin he will go (travel) for
AKT 8 2015.pdf,i-lá-ak-ma,15 weeks and then Ahu-waqar
AKT 8 2015.pdf,"""a-ru-pá-am  A-hu-wa-[qar]","8, minas of"
AKT 8 2015.pdf,1*  ma-na  KÙ.B.,1( mina of silver
AKT 8 2015.pdf,ku-nu-ki-a,under my seal
AKT 8 2015.pdf,a-na  Ah-#a-lim,"for Ah-#alim,"
AKT 8 2015.pdf,) ma-na KÙ.B.  ku-nu-ki-a,""" mina of silver under my seal"
AKT 8 2015.pdf,a-na  I-dí-A-#ur,"for Iddin-A##ur,"
AKT 8 2015.pdf,ú-bi4-il5-#u-nu-tí,brought it to them.
AKT 8 2015.pdf,IGI  'u-Ku-bi4-im,"In the presence of !u-K'bum,"
AKT 8 2015.pdf,IGI  A-lá-hi-im,"of Ali-ahum,"
AKT 8 2015.pdf,DUMU  A-#ur-ma-lik,son of A##ur-m$lik.
AKT 8 2015.pdf,) ma-na  KÙ.B.,""" mina of silver"
AKT 8 2015.pdf,a-na I-dí-A-#ur,for Iddin-A##ur;
AKT 8 2015.pdf,1* ma-na  KÙ.B.,1( mina of silver
AKT 8 2015.pdf,a-na Ah-#a-lim,"for Ah-#alim,"
AKT 8 2015.pdf,"!À.BA , ma-na","of which , mina is"
AKT 8 2015.pdf,a-na Lu-zi  ÌR,"for Luzi, the slave"
AKT 8 2015.pdf,#a A-lá-hi-im,of Ali-ahum;
AKT 8 2015.pdf,", ma-na a-na",", mina for"
AKT 8 2015.pdf,"[K]u-da-dim  kà-""a-ar","Kud$dum, the harnesser"
AKT 8 2015.pdf,°A¿-[#ur-m]a-lik,of [A##ur?]-m$lik.
AKT 8 2015.pdf,i-[na]  té-er-tí-a,He will give it to them
AKT 8 2015.pdf,i-da-an-#u-nu-tí,by my instruction.
AKT 8 2015.pdf,#a 3 GÍN KÙ.B.,For 3 shekels of silver
AKT 8 2015.pdf,"5-7. These lines imply a close relation between Ah-#alim and Ali-ahum. Luzi is unknown, but","Larsen in AKT 6, 812ff. publishes a number records where a Luzi is creditor for small amounts"
AKT 8 2015.pdf,KI!IB I-pí-lí-is,"Seal of Ippilis,"
AKT 8 2015.pdf,KI!IB La-qé-pí-im,"seal of L$-q%pum,"
AKT 8 2015.pdf,#a E-la-ma ù  Id-°na-a],that Elamma and Idn$ya
AKT 8 2015.pdf,ma-ah-ri-ni : ni-k[à-sé],settled accounts in our
AKT 8 2015.pdf,i-°sí-ú¿-ma¿*,presence (with the following result):
AKT 8 2015.pdf,") ma-na 5 G[ÍN KÙ.B. ""a-ru-pu-um]",35 shekels of refined silver
AKT 8 2015.pdf,ù 13) ma-na URUD[U  SIG5],"and 13"" minas of [refined] copper"
AKT 8 2015.pdf,i#-tù  ha-mu-u[#-tim],They become interest-bearing for him
AKT 8 2015.pdf,#a Am-ri-a  ù  °E¿-[lá-lí],at the rate stipulated by the colony
AKT 8 2015.pdf,ki-ma  a-wa-at  kà-ri-im,from  the week-eponymy
AKT 8 2015.pdf,"a-na ""í-ib-tim  i-lá-ak-/#um",of Amriya and El$l&.
AKT 8 2015.pdf,"1)  ma-na  KÙ.B. ""í-ib-tum","1"" mina of silver,"
AKT 8 2015.pdf,5/6 ma-na  KÙ.B. gam-ru-um,"5/6 mina of silver, expenses,"
AKT 8 2015.pdf,le.e. #a  i#-ta-pu-ru-#u-ni,about which he wrote him
AKT 8 2015.pdf,KI!IB  I-dí-A-#ur  DUMU / Ì-lí-dan,"Seal of Iddin-A##ur, son of Il&-d$n,"
AKT 8 2015.pdf,KI!IB A-#ur-SIPA  DUMU / I-dí-da,"seal of A##ur-r%’&, son of Idida,"
AKT 8 2015.pdf,KI!IB E-lá-ma  DUMU / I-dí-Sú-in,"seal of Elamma, son of Iddin-Suen,"
AKT 8 2015.pdf,[KI!IB]  Puzur4-I#tar  DUMU,"seal of Puzur-I#tar, son of"
AKT 8 2015.pdf,#í-ma-at  I-dí-A-/#ur,"Testament of Iddin-A##ur,"
AKT 8 2015.pdf,DUMU  Ì-lí-dan,son of Il&-d$n.
AKT 8 2015.pdf,be-el5  #í-ma-tí-a,They shall not lead
AKT 8 2015.pdf,a-na  ba-áb  DINGIR,my testamentary executors
AKT 8 2015.pdf,lá  ú-#é-ru-du,down to the Gate of the God.
AKT 8 2015.pdf,#a  ú-#é-ru-du,Who does lead them down
AKT 8 2015.pdf,seal A =  CS 20 = Kt n/k 1904B and Kt a/k 929B; inscription: I-ti?-A-#ùr / DUMU Ì-lí-dan.,"seal B =  CS 842 = Kt n/k 2069C, must be the seal of Puzur-I#tar, son of A##ur-m$lik, but Kt"
AKT 8 2015.pdf,seal D = CS 1171; inscription: KI!IB A-#ùr-SIPA / DUMU I-ti-d[a].,1. The testator thus far does not occur with his patronym in other texts and the contents of the
AKT 8 2015.pdf,"1264, sealed by him, [KI!IB k]à-ri-im / Kà-ni-i#, shows that he once acted as representative of",the colony.58 He should be someone with relations with Elamma and could be identical to Iddin-
AKT 8 2015.pdf,and *92 to Elamma and Ali-ahum.,6. The presence of this last will in Elamma's archive may be due to the fact that he was one of
AKT 8 2015.pdf,"24"" ma-na  KÙ.B.",24# minas of silver
AKT 8 2015.pdf,ù  #a  3  TÚG 1  ma-na,"and 1 mina for 3 textiles,"
AKT 8 2015.pdf,7$ GÍN  (erasure)  #a AN!E,"7$ shekels for a donkey,"
AKT 8 2015.pdf,(erasure)  #a  12  TÚG 4 ma-na,"for 12 textiles 4 minas,"
AKT 8 2015.pdf,#a  1  TÚG ku-ta-nim,"for 1 kut!nu-textile of K""n-ilum"
AKT 8 2015.pdf,#a  Ku-ni-lim 11 GÍN E-la-/ma,11 shekels  – Elamma.
AKT 8 2015.pdf,5/6  ma-na  ú  #a,23 5/6 minas and 1 mina
AKT 8 2015.pdf,TÚG 1  ma-na $u-Ku-bu-um,"for 3 textiles – !u-K""bum."
AKT 8 2015.pdf,°1¿  ma-na  15  GÍN,1 mina 15 shekels
AKT 8 2015.pdf,[Hi-na-a i-na-pá-a]l*,[Hinn!ya will b[alance]
AKT 8 2015.pdf,ma-na  10 [GÍN],2 minas 10 [shekels]
AKT 8 2015.pdf,$u-Ku-bu-um i-na-pá-/lam,"!u-K""bum will balance to me."
AKT 8 2015.pdf,i#-tù  ni-ip-lá-/tum,After the balance payments
AKT 8 2015.pdf,ú  $u-Ku-bi4-im,"and !u-K""bum"
AKT 8 2015.pdf,ba-at-qá-ni,have been deducted
AKT 8 2015.pdf,%  ma-na  2  GÍN,I will balance
AKT 8 2015.pdf,a-na  kà-ri-im,42 shekels to
AKT 8 2015.pdf,a-na-pá-al,the colony.
AKT 8 2015.pdf,Hi-na-a  qá-sú,Hinn%ya has deposited as
AKT 8 2015.pdf,i-dí  #a  3  TÚG!,his share. For 3 textiles
AKT 8 2015.pdf,qá-sú  i-dí  5$ TÚG.TA,"1 mina as his share, 5$ textiles"
AKT 8 2015.pdf,GÍN.TA 3 TÚG,"at 10 shekels apiece, (for) 3"
AKT 8 2015.pdf,#a  ik-ri-°bi4¿-kà,textiles of your temple-fund
AKT 8 2015.pdf,GÍN.TA  i#-ku-nu-nim,they submitted 10 shekels apiece.
AKT 8 2015.pdf,KÙ.B.  #a  a-ni-kà-sí-kà,"of silver, which you have"
AKT 8 2015.pdf,na-ad-a-tí-ni,as deposit on your account.
AKT 8 2015.pdf,ma-na  15  GÍN,1 mina and 15 shekels
AKT 8 2015.pdf,#a  tá-na-pu-lu,you have to balance
AKT 8 2015.pdf,#a  ni-kà-sí-#u! (KU),are of (for) Hinn%ya’s
AKT 8 2015.pdf,2/3 ma-na 5 GÍN,25 minas 45 shekels
AKT 8 2015.pdf,a ni-kà-sí-kà,"are for your account,"
AKT 8 2015.pdf,ma-na 15 GÍN,you will make a balance payment
AKT 8 2015.pdf,ta-na-pá-al,of 1 mina 15 shekels.
AKT 8 2015.pdf,a-ha-ma 5/6 ma-na KÙ.B.,"separately, 5/6 mina of silver from"
AKT 8 2015.pdf,#a lu-qú-tí-kà : i-li-bi4,your merchandise was charged to
AKT 8 2015.pdf,E-lá-ma 6  GÍN KÙ.B.,Elamma; 6 shekels of silver was what
AKT 8 2015.pdf,a-kà-ri-im na-pá-lam,I have been ordered to balance
AKT 8 2015.pdf,qá-bi4-a-ku-ni,to the colony.
AKT 8 2015.pdf,a-na E-lá-ma,To Elamma you will make
AKT 8 2015.pdf,"annual contribution, called d!tum, which important traders, called “d!tum-payers”, owed to the",colony in exchange for certain privileges (see the description in OAI 125ff.). The “shares”
AKT 8 2015.pdf,"person addressing “you” in A, and 2) Hinn%ya, whose account is the subject (A-B:2, A:14-15)","and who must be identical to the “you”, because of A:10-14, for he is the one who had made the"
AKT 8 2015.pdf,#a 1( ma-na 3 GÍN / AN.NA,"Of the 1 mina 33 shekels of tin,"
AKT 8 2015.pdf,#a ni-ip-lá-tim,of the balance payment
AKT 8 2015.pdf,#a Hi-na-a,"of Hinn%ya, at 7$ shekels"
AKT 8 2015.pdf,7( GÍN.TA KÙ.B.-#u,(of tin) per (shekel of silver)
AKT 8 2015.pdf,""" GÍN 15 !E / KÙ.B.",its amount in silver is 12 5/12 shekels.
AKT 8 2015.pdf,[G]ÍN KÙ.B.,"(owes?), 16 shekels of silver,"
AKT 8 2015.pdf,#a #a-du-i-tim,"of the #addu’utu-tax,"
AKT 8 2015.pdf,"ha-bu-lu !À.BA 12"" / GÍN /15 !E",thereof  Pilah-I&tar took
AKT 8 2015.pdf,Pì-lá-ah-I#tar,"12 5/12 shekels,"
AKT 8 2015.pdf,il5-qé 3( GÍN / 15 !E,Elamma took
AKT 8 2015.pdf,E-lá-ma il5-qé,3 7/12 shekels.
AKT 8 2015.pdf,"#addu’utu-tax also appears in *124: 20, where it is due (KI = i#ti) from a trader for a shipment","of silver and gold to Assur, see the comment on this text."
AKT 8 2015.pdf,TÚG  ku-ta-nu,2 kut!nu-textiles (cost)
AKT 8 2015.pdf,GÍN  KÙ 4 TÚG lu-bu-#[u],"10 shekels of silver, 4 garments,"
AKT 8 2015.pdf,TÚG ra-qá-ta-an,2 thin textiles (and)
AKT 8 2015.pdf,TÚG #u-lu-up-kà-ú,2 !ulupkaean textiles
AKT 8 2015.pdf,ma-na 9  GÍN  KÙ.B.,cost 1 mina 9 shekels
AKT 8 2015.pdf,it-bu-lu-ú,of silver.
AKT 8 2015.pdf,ma-na  AN.NA,24 minas of tin
AKT 8 2015.pdf,( ma-na °7¿  GÍN / KÙ.B,cost 97 shekels
AKT 8 2015.pdf,it-ba-[al],of silver.
AKT 8 2015.pdf,TÚG ku-ta-nu 1  ma-na  °KÙ.B.¿,1 kut!nu-textile (for) 1 mina of
AKT 8 2015.pdf,a-na  qá-tí-a  )á-hi,silver have been booked as my share.
AKT 8 2015.pdf,TÚG ku-ta-nu  DIRI-t[um?]*,"4 kut!nu-textiles of very fine quality,"
AKT 8 2015.pdf,TÚG #a  *ú-ùh-r[i-im],3 garments for youngsters
AKT 8 2015.pdf,#a  A-bu-#a-lim  i#-[ú-mu?],which Abu-&alim bought.
AKT 8 2015.pdf,#a  48  ma-na  KÙ[.B],For 48 minas of  silver (and)
AKT 8 2015.pdf,ma-na  KÙ.GI,2 minas of gold
AKT 8 2015.pdf,#a-du-a-tám,the #addu’utu-fee of
AKT 8 2015.pdf,A-#ur-i-mì-tí,A&&ur-imitt* < I paid? >. 16 shekels
AKT 8 2015.pdf,le.e. 16  GÍN  KÙ.B.  KI  A-#ur-i-/mì-tí,"of silver are due from A&&ur-imitt*,"
AKT 8 2015.pdf,ma-na  5  GÍN,2 minas 5 shekels
AKT 8 2015.pdf,"A&&ur-imitt*, a man with a very common name and without patronym, is not easily iden-","tified. He might be the writer of *47 and *85, or the man who figures as transporter in *42:40,"
AKT 8 2015.pdf,"Karw%ya and A&&ur-imitt*, in *52:7.","VI. MEMORANDUMS, LISTS AND NOTES (121-144)"
AKT 8 2015.pdf,GÚ  56% ma-na,2 talent 56+ minas
AKT 8 2015.pdf,AN.NA qá-dum,"of tin, including"
AKT 8 2015.pdf,AN.NA qá-tim,"the loose tin, at"
AKT 8 2015.pdf,LÁ  1/4  GÍN.TA,"14( shekels per (shekel of silver),"
AKT 8 2015.pdf,"ma-na  LÁ "" GÍN",its price in silver:
AKT 8 2015.pdf,KÙ.B.-áp-#u,11 minas 59 + shekels;
AKT 8 2015.pdf,#í-im TÚG.HI.A,"2# minas of silver,"
AKT 8 2015.pdf,KÙ.B.  !U.NIGIN (erasure),In all 14 minas
AKT 8 2015.pdf,"14"" ma-na LÁ "" GÍN / <<KÙ.B.>>",19+ shekels of
AKT 8 2015.pdf,KÙ.B. E-lá-ma,silver  Elamma
AKT 8 2015.pdf,a-#u-mì #a hu-lu-qá-e,For the matter of the losses.
AKT 8 2015.pdf,a-na-ku  Ku-ra <ù> $u-I#tar,"I,  Kura <and> !u-I&tar"
AKT 8 2015.pdf,ni-pá-hu-ur-ma,will come together and
AKT 8 2015.pdf,i#-té-ni-i# a-na,together we will
AKT 8 2015.pdf,a-wa!-tám ni-da-an,"Pilah-I&tar, son of Uzua,"
AKT 8 2015.pdf,IGI Lá-qé-ep  IGI E-me-me,"with L%-q'p, Ememe and"
AKT 8 2015.pdf,"Kura. Next on merchandise transported by Kurub-I&tar, two loaded donkeys, which he entrusted",to the anonymous writer.
AKT 8 2015.pdf,a-na 17 ku-ta-ni,For the 17 kut!nu-textiles
AKT 8 2015.pdf,#a i-na Ba-at-na,that were lost
AKT 8 2015.pdf,"1"" ma-na.TA  AN.NA",the caravan paid us a compensation
AKT 8 2015.pdf,ILLAT-tum  ú-ma-lí-/ni-a-tí,of 1# mina of tin per (person).
AKT 8 2015.pdf,#a  la-qá-im  Ku-ra,Kura has successively obtained
AKT 8 2015.pdf,be-ú-lá-tí-#u,"Kura has received # mina of silver,"
AKT 8 2015.pdf,Ku-ra i-na a-límki,"his working capital, in the City,"
AKT 8 2015.pdf,rev.  il5-qé (  ma-na  KÙ.B.,(and) $ mina of silver
AKT 8 2015.pdf,a-na pá-ni-#u,A&&ur-m%lik sent
AKT 8 2015.pdf,i-na lu-qú-tim,Of the merchandise shipped
AKT 8 2015.pdf,°2?¿ AN!E.HI.A sa-lá-me,15 kut!nu-textiles (and)
AKT 8 2015.pdf,°!À.BA¿ 1 #u-uq-lam,Of this load he has broken
AKT 8 2015.pdf,le.e. 11 ma-na AN.NA,and has taken
AKT 8 2015.pdf,[i]l5-té-qé,11 minas of silver.
AKT 8 2015.pdf,"Kurub-I&tar occurs as leader of a caravan also in CCT 1, 91a; Prag I 492; TPAK I, 147a; and","AKT 6, 134, where he and his caravan write a letter to the Envoys of the City and the travelers"
AKT 8 2015.pdf,2( TÚG ku-ta-ni,2$ kut!nu-textiles
AKT 8 2015.pdf,1(  GÍN  KÙ.B. i-lá-qé,he will get 1$ shekel of silver.
AKT 8 2015.pdf,(  ma-na  1%  / GÍN,31+ shekels
AKT 8 2015.pdf,i-na-pá-al,"will give as compensation,"
AKT 8 2015.pdf,ku-ta-nu  #a,12 kutanu textiles of
AKT 8 2015.pdf,#a  Kur-ub-I#tar,"of Kurub-I&tar,"
AKT 8 2015.pdf,arrived with a joint caravan. The balance payments by Iliya and Kurub-I&tar in *128 could,match the number of textiles owned by each according to the present memo. The latter would
AKT 8 2015.pdf,i-nu-mì  TÚG.HI.A,When we counted the textiles
AKT 8 2015.pdf,#a  #é-pí-a  ni-im-nu,shipped under my responsibility
AKT 8 2015.pdf,TÚG sà-áp-dí-nu(m) É.GAL-lúm,the palace took 2 sapdinnu-textiles;
AKT 8 2015.pdf,ú 2 ku-ta-nu,and 2 kut!nu-textiles
AKT 8 2015.pdf,me-at 17  #u-/ru-tum,117 dark textiles
AKT 8 2015.pdf,a-na É.GAL-lim,entered the
AKT 8 2015.pdf,!À.BA 2 TÚG qá-a-/tí,two of which are the
AKT 8 2015.pdf,#a Kur-ub-I#tar,share of Kurub-I&tar.
AKT 8 2015.pdf,TÚG  #a  DAM.MÍ,Two textiles of the wife!
AKT 8 2015.pdf,Kur-ub-I#tar,of Kurub-I&tar
AKT 8 2015.pdf,A&&ur-m%lik.,"1. DAM.MÍ, an unusual combination of logograms, most probably for simple DAM, “wife”;"
AKT 8 2015.pdf,"also AKT 5, 70:3, K. DAM.MÍ  A. // 40:8-9, K. DAM A.",Included here on the assumption that Kurub-I&tar is the well-known business associate of
AKT 8 2015.pdf,"(in Assur?) to A&&ur-m%lik, presumably to sell them.","VI. MEMORANDUMS, LISTS AND NOTES (121-144)"
AKT 8 2015.pdf,11)  GÍN i#-tí,11) shekels due from
AKT 8 2015.pdf,GÍN  KÙ.B. #a  DAM,9 shekels of silver which
AKT 8 2015.pdf,me-eh-ra-tim,its equivalent
AKT 8 2015.pdf,a-dí-#u-um,I gave to him.
AKT 8 2015.pdf,a-na  *é-er,In addition to 12 shekels
AKT 8 2015.pdf,GÍ°N 1¿3  GÍN  KÙ.B.,13 shekels of silver
AKT 8 2015.pdf,a-na  A-#ur-mu-/ta-/pì-il5,"for A&&ur-m""tappil."
AKT 8 2015.pdf,3(  ma-na  KÙ.B.-áp,3$ minas of silver
AKT 8 2015.pdf,Ú-zu-a  i-na  li-/bi-a,of Uzua Hinn%ya
AKT 8 2015.pdf,Hi-na-a  il5-qé,took at my expense.
AKT 8 2015.pdf,IGI  A-#ur-be-el-a-wa-/tim,"In the presence of A&&ur-b'l-aw%tim,"
AKT 8 2015.pdf,DUMU  $u-A-nim,"son of !u-Anum,"
AKT 8 2015.pdf,IGI  En-nam-dI!KUR,"of Ennam-Adad,"
AKT 8 2015.pdf,DUMU  Zi-ra,son of Zira.
AKT 8 2015.pdf,um-mì-a-nu-#u,His investors had contractually
AKT 8 2015.pdf,ú-ra-ki-sú-/ni,for making purchases.
AKT 8 2015.pdf,a-na GUDU4  1/6 GÍN,"for the priest, 1/6 shekel"
AKT 8 2015.pdf,a-na  nu-a-ri-im,"for the singer,"
AKT 8 2015.pdf,22(  !E.GÍN  a/-na,1/8 shekel for the
AKT 8 2015.pdf,a-na #a-AB-KI-tim*,for ............... .
AKT 8 2015.pdf,i#-tí  Eb-lá-i-im,"due from the man from Ebla,"
AKT 8 2015.pdf,"with Eblaites” (ana eb-lá-i la u#tebbul'). Individual Eblaites are mentioned in BIN 6, 193","rev.:7’ (owes or received 4 minas - of copper?) and TPAK 1, 109:4 (silver owed to an Eblaite"
AKT 8 2015.pdf,A-#ùr-ma-lik  i-lá-qé,"A&&ur-m%lik will take,"
AKT 8 2015.pdf,% ma-na 5/6 GÍN,40 5/6 shekels
AKT 8 2015.pdf,GÍN I*-mì-id-DINGIR,"11 shekels I,mid-Ilum,"
AKT 8 2015.pdf,( ma-na  3% GÍN,33+ shekels
AKT 8 2015.pdf,i-na 2 m[a-na KÙ.B.],Of the 2 mi[nas of silver]
AKT 8 2015.pdf,#a hu-bu-ul Pu[zur4-dEN.LÍL?],"that are the debt of Pu[zur-Ellil]?,"
AKT 8 2015.pdf,#a )up-pí-#u ha-[ar-mì-im],"recorded in his certified tablet,"
AKT 8 2015.pdf,ù  ( ma-na  K[Ù.B.],and of the $ mina of silver
AKT 8 2015.pdf,!À.BA 2( GÚ 4( °ma-na¿ / URUDU,thereof I obtained 2 talents 34$ minas
AKT 8 2015.pdf,al-qé  i-na 1 GÚ 50 ma-na,of copper. Of the 1 talent 50 minas
AKT 8 2015.pdf,URUDU ù 10  GÍN KÙ.B.,of copper and 10 shekels of silver
AKT 8 2015.pdf,#a hu-bu-ul,that are the debt
AKT 8 2015.pdf,Puzur4-dEN.LÍL,"of Puzur-Ellil,"
AKT 8 2015.pdf,rev.  KI $a-lím-A-#ùr,1 mina of silver
AKT 8 2015.pdf,relation between him and Puzur-Ellil is unclear.,"The rates of exchange copper : silver seem to be very different, in lines 105 ca. 1:62, in lines 7-8"
AKT 8 2015.pdf,[x ma]-na 17 GÍN  A-#ur-DÙL,"[x] mina(s) 17 shekels A&&ur-,ul""l*,"
AKT 8 2015.pdf,[x]+2? ma-na  2 GÍN,[x]+2 minas 2 shekels
AKT 8 2015.pdf,A-mur-I#tar  4 5/6 ma-na,"Amur-I&tar, 4 5/6 minas"
AKT 8 2015.pdf,5/6 ma-na 7 GÍN  A-zu-a,"2 minas 57 shekels Azua,"
AKT 8 2015.pdf,ma-na 7  GÍN  Ku-ra,"3 minas 7 shekels Kura,"
AKT 8 2015.pdf,ma-na  i-pá-ni-ú-tim,3 minas from an earlier settlement
AKT 8 2015.pdf,ni-kà-sé  Ku-ra,"of accounts Kura,"
AKT 8 2015.pdf,ma-na 12 GÍN,6 minas 12 shekels
AKT 8 2015.pdf,rev.  A-#ur-ma-lík  DUMU Ú-sà-ni-/[im],"A&&ur-m%lik, son of Us%num,"
AKT 8 2015.pdf,DUMU I-tur4-DINGIR,"the son of It""r-il*,"
AKT 8 2015.pdf,"[x] mina(s) P""&u-k'n,","VI. MEMORANDUMS, LISTS AND NOTES (121-144)"
AKT 8 2015.pdf,GÍN A-#[ur-i-m]ì-tí,9 shekels A&&ur-imitt*
AKT 8 2015.pdf,[x m]a-na   i-n[u-mì],[x] mina(s) when
AKT 8 2015.pdf,[x x]*-a ú Ku-ra,..........a and Kura
AKT 8 2015.pdf,[n]i-dí-#u-nu-tí,we gave to them.
AKT 8 2015.pdf,GÍN  KÙ.B. a-na,5 shekels silver for
AKT 8 2015.pdf,DUMU.MÍ  Hi-na-a  10 GÍN,"Hinn%ya’s daughter, 10 shekels"
AKT 8 2015.pdf,a-na DUMU.MÍ  A-#ur-ni-#u,"for A&&ur-ni&""’s daughter,"
AKT 8 2015.pdf,GÍN  a-na  DUMU.MÍ,3 shekels for the daughter
AKT 8 2015.pdf,I-dí-na-bi-im,"of Iddin-abum, son of"
AKT 8 2015.pdf,DUMU  Ba-la 1 GÍN  a-na,"Bala, 1 shekel for"
AKT 8 2015.pdf,Lá-ma-sí  #a  I#tar-pu-úz-ri,"Lamass* of I&tar-puzr*,"
AKT 8 2015.pdf,#é-bu-ul-ta-#a,"her consignment,"
AKT 8 2015.pdf,a-na  Lá-ma-sí,"I gave to Lamass*,"
AKT 8 2015.pdf,DUMU.MÍ A-#ur-dUTU#i,"daughter of A&&ur-&am&*,"
AKT 8 2015.pdf,a-dí-in  5( GÍN,5$ shekels
AKT 8 2015.pdf,a-na  Um-mì-I#-ha-ra,"for Umm*-I&hara,"
AKT 8 2015.pdf,ku-nu-ki-a a-na É,my seals for the house of
AKT 8 2015.pdf,A-lá-hi-im  ù  Zi-kur-ì-/lí,Ali-ahum and Zikur-il* -
AKT 8 2015.pdf,IGI  Da-dí-a  áp-qí-id,in the presence of Dadiya.
AKT 8 2015.pdf,#a  $u-Be-lim  DUMU A-#ur-be-el-a-,"son of A&&ur-b'l-aw%tim,"
AKT 8 2015.pdf,[ -n]a  a-ha-ti-#u                  [ wa-tim,for his sister
AKT 8 2015.pdf,[ù  DUM]U*.MÍtí-#u,and his daughter
AKT 8 2015.pdf,[IG]I  A-ta-a,I entrusted (for transport)
AKT 8 2015.pdf,áp-qí-id!(LI),in the presence of Ataya.
AKT 8 2015.pdf,a-na  É  kà-ri-im  a-dí-i,for 11 shekels at the colonial office.
AKT 8 2015.pdf,i-na  2 ma-na 10 GÍN KÙ.B.  #a  i-n[a],Of the 2 minas 10 shekels of silver that one
AKT 8 2015.pdf,"!À.BA 1"" ma-na  3 GÍN  KÙ.B.",1 mina 23 shekels thereof
AKT 8 2015.pdf,al-qé   #í-tí  KÙ.B.  % ma-na 7 GÍN,"I took; the rest of the silver, 47 shekels,"
AKT 8 2015.pdf,KI  A-#ùr-ma-lik  Ì-lí-a-lim,"I will collect from A&&ur-m%lik,"
AKT 8 2015.pdf,ù  La-qé-ep  a-lá-qé,Il*-%lum and L%-q'p.
AKT 8 2015.pdf,ma-na 14  GÍN  KÙ.B.  i-na  #a,2 minas 14 shekels of silver from what
AKT 8 2015.pdf,ma-na 2 GÍN,For 1 mina 2 shekels
AKT 8 2015.pdf,wa!(AH)-ar-ki-at,"C. Lists of bread, beer and silver"
AKT 8 2015.pdf,[ DUMU A-ta-a,[ son of Ataya
AKT 8 2015.pdf,!allim-A&&ur,"VI. MEMORANDUMS, LISTS AND NOTES (121-144)"
AKT 8 2015.pdf,DUMU a-hi-a,son of my brother
AKT 8 2015.pdf,"2, 8, 12. Because three different A&&ur-imitt*’s occur, they are distinguished by mentioning the","name of the father of the second and third one. A fourth one, “the son of Hali-abum”, was a"
AKT 8 2015.pdf,ki-ru-um ù zi-KI-KU-um,1 jar and a  ..........
AKT 8 2015.pdf,ki-ru-um  #a  a-ma-at,1 jar of the maid of
AKT 8 2015.pdf,"kirrum. Kouwenberg compares CCT 5, 33a:19, in a similar list (APU no. 319),  #ikram ZI-KU-ú","mi#lum (20) maz,tum mi#lum tabl!tum PN, “ZIKus with beer, half ..... half ......., for PN”, where"
AKT 8 2015.pdf,ZIKum must also be a jar of a particular size. Shoud on emend our text to zi-<<ki->>ku-um?,"12-13. The sign UTU is written at the end of the next line against the last sign of l. 13, which"
AKT 8 2015.pdf,case presumably Ali-ahum) supplied them to the persons mentioned. In Kt f/k 188 (presumably,"from the archive of Peruwa) several of the recipients have Anatolian names (e.g. Balhaziya,"
AKT 8 2015.pdf,"e.g. Amur-I&tar, A&&ur-r'’*, A&&ur-,ul""l*, An*num, L%-q'p, Kurub-I&tar, and !u-K""bum -  and it","probably includes personnel, business partners or relatives (the last one is “my brother’s son”)."
AKT 8 2015.pdf,GÍN En-na-ni-a,2  shekels Enn%niya
AKT 8 2015.pdf,GÍN A-#ur-dUTU#i,2 shekels A&&ur-&am&*
AKT 8 2015.pdf,"shekel Ennam-A&&ur,","VI. MEMORANDUMS, LISTS AND NOTES (121-144)"
AKT 8 2015.pdf,DUMU A-#ur-UTU#i,son of A&&ur-&am&*
AKT 8 2015.pdf,GÍN Puzur4-dI!KUR,2 shekels Puzur-Adad
AKT 8 2015.pdf,DUMU Sú-in-na-da,son of Suen-n%d%
AKT 8 2015.pdf,GÍN DUMU Sú-e-ta!-/ta,1 shekel the son of Suettata.
AKT 8 2015.pdf,"interpretation is unlikely, because most persons are not well-known from Elamma’s archive.","The latter is suggested by the subscript of APU 367:19-20 (a list of 17 amounts of silver, nearly"
AKT 8 2015.pdf,[x]* °ma¿-na !í-kam ig-ri !a bi4-il5-/tim,I gave [ x] minas of !ikku-copper as wage
AKT 8 2015.pdf,"[a]-dí  ""a-lá-du-a-ar  a-dí-in","of a porter until ""aladuwar,"
AKT 8 2015.pdf,"ma-na !í-kam i-na ""a-lá-du-a-/ar",20 minas of !ikku-copper I paid
AKT 8 2015.pdf,ú-!a-qí-il5  3  ma-na  a-É,"in ""aladuwar, 3 minas I gave"
AKT 8 2015.pdf,ub-ri  a-dí-in 10 ma-na URUDU a-na,"to the inn, 10 minas of copper I gave"
AKT 8 2015.pdf,!a  bi4-lá-tim  a-dí-in 7 ma-na,"to porters, 7 minas of copper"
AKT 8 2015.pdf,URUDU  a-Tár-ku-a  a-dí-in,"I gave to Tarkua,"
AKT 8 2015.pdf,ma-na URUDU a-dí Bu-ru-u!-ha-tim,3 minas of copper I spent until
AKT 8 2015.pdf,ag-mur  3  GÍN KÙ.B. i-na,"Buru!hattum, 3 shekels of silver in"
AKT 8 2015.pdf,Bu-ru-u!-ha-tim  a-na  kà-ri-/im,Buru!hattum I deposited for the k#rum
AKT 8 2015.pdf,!a-du-a-tám a-dí-i 3 ma-na / [URUD]U,"as !addu’utu-tax, 3 minas of copper"
AKT 8 2015.pdf,a-gám-ri-im  a-dí  U!-bu-ga-[ti]m?*,"for expenses until U!bugattum,"
AKT 8 2015.pdf,GÍN KÙ.B. a-É ub-ri °i-na¿,3 shekels of silver I paid to the
AKT 8 2015.pdf,1$ ma-na URUDU i!-tù Pu-<ru>-u!-/,1# mina of copper from Buru!hattum
AKT 8 2015.pdf,"ma-na URUDU a-dí i-""a-lá-/du-a-ar",10 minas of copper were spent
AKT 8 2015.pdf,[x] ma-na URUDU i-na-áb-ri-tim,[x] minas of copper were spent when
AKT 8 2015.pdf,[i-n]a Wa-ah-!u-!a-na lu  É ub-/ri,(the donkeys) were stabled in Wah!u!ana
AKT 8 2015.pdf,ga-me-er : 1$ ma-na URUDU a-dí,"and at the inn, 1# mina of copper I incurred"
AKT 8 2015.pdf,Tuhx(TUR4)*-pì-a  ik-!u-dí  3 ma-na,"until Tuhpiya, 3 minas of copper"
AKT 8 2015.pdf,a-dí  Kà-ni-i!ki  5  ma-na  SIG5,I incurred expenses of 5 minas of refined
AKT 8 2015.pdf,ik-!u-da-ni  3  ma-na  URUDU,"(copper), I spent 3 minas of copper"
AKT 8 2015.pdf,[!]a 4  GÍN KÙ.B.  sà-he-er-tám,I acquired and spent small wares
AKT 8 2015.pdf,[al-q]é-ma  ga-me-er,for a value of 4 shekels of silver.
AKT 8 2015.pdf,"in *146:23.25 (Dur4-hu-mì-it), which suggests they were written by the same scribe. Forlanini","2012, 297 doubts whether the reading Tuhx-pì-a in our text, important evidence for its location"
AKT 8 2015.pdf,1$  GÍN AN.NA i-na  a-al Bu-u'-/*[n]a-,1#  shekel of tin in the town of
AKT 8 2015.pdf,GÍN  AN.NA i-na  pá-'í  !a,6 shekels of tin in the area of
AKT 8 2015.pdf,a-na  É  ub-ri  a-dí-in,I gave to the inn;
AKT 8 2015.pdf,GÍN AN.NA i-na  Ha-ni-ga,"3 shekels of tin, when we left"
AKT 8 2015.pdf,wa-%a-i-ni  a-na  É ub-ri,"Hanigga, I gave to the inn."
AKT 8 2015.pdf,a-dí-in 3  GÍN AN.NA i-na,3 shekels of tin I gave in
AKT 8 2015.pdf,Wa-zi-da  a-na  É ub-ri  a-dí-in,Wazida to the inn.
AKT 8 2015.pdf,GÍN AN.NA a-na  ni-is-ha-tim,6 shekels of tin I gave in Hanaknak
AKT 8 2015.pdf,!a  TÚG.HI.A i-na  Ha-na-ak-na-ak,as import-tax on the textiles
AKT 8 2015.pdf,a-dí-in  14  GÍN KÙ.BABBAR,14 shekels of silver as price
AKT 8 2015.pdf,!í-im  <   >  á!-qúl  3  GÍN AN.NA,"< of ...... >  I paid. 3 shekels of tin,"
AKT 8 2015.pdf,i!-tù  Ha-na-ak-na-ak,when I left Hanaknak I gave
AKT 8 2015.pdf,i-<wa>-sà-i-a  a-na  É ub-ri-°ni¿,"to our inn, while we"
AKT 8 2015.pdf,a-dí  hu-lu-qá-e  ni-i!-e-ú,searched for goods lost;
AKT 8 2015.pdf,a-dí-in 3  GÍN AN.<NA>  i-na  a-al,3 shekels of tin I gave in the town
AKT 8 2015.pdf,Ku-pí-il5-!a-an  a-dí-in 1$ GÍN,of Kupil!an; 1# shekel of tin
AKT 8 2015.pdf,AN.NA i-na  Ta-pá-ga-á!  a-kà-!í-im,I gave in Tapagga! to the chief;
AKT 8 2015.pdf,a-dí-in  hi-dam  AN.NA a-na,A hiddu-bead of tin I gave to
AKT 8 2015.pdf,a-lá-hi-nim  !a  Ta-e-dí-zi-na,the steward of Ta’edizina;
AKT 8 2015.pdf,a-dí-in $ ma-na  URUDU a-né-bar-tim,# mina of copper I gave for the
AKT 8 2015.pdf,i-!a Dur4-hu-mì-it  a-dí-in,crossing in the area of Durhumit;
AKT 8 2015.pdf,ma-na  URUDU SIG5 ni-is-ha-/tim,"3 minas of refined copper, import-tax,"
AKT 8 2015.pdf,i-na  Dur4-hu-mì-it  a-kà-/!í-im,in Durhumit I gave to the chief;
AKT 8 2015.pdf,a-dí-in 5 ma-na  URUDU,5 minas of refined copper
AKT 8 2015.pdf,SIG5 i-nu-mì  a-na Wa-ah-!u-!a-na,"I put at the disposal of Il'-u(ranni,"
AKT 8 2015.pdf,°ur¿-ki  TÚG.HI.A i-li-ku  a-qá-tí,when he went to Wah!u!ana
AKT 8 2015.pdf,Ì-lí-ú%-ra-ni  a-dí-in,in pursuit of my textiles;
AKT 8 2015.pdf,ma-na  URUDU !í-kam lu  a-É ub-ri,10 minas of !ikku-copper for the
AKT 8 2015.pdf,lu gám-ri i-na Wa-ah-!u-!a-na,inn and expenses in Wah!u!ana.
AKT 8 2015.pdf,"specific local feature. Cf. #l Kupil!an (our text lines 17f.), #l I-a-!a (Ka 1113:4, usually","contracted to A-li-a-!a cf. CCT 2, 39:26 and now R. Kuzuo$lu, ArAn 7 (2004) 75ff.), #l ZI-ZI-"
AKT 8 2015.pdf,GÍN KÙ.B.  i-na,One shekel of silver in
AKT 8 2015.pdf,Hu-ra-ma  a-na  É,Hurama I gave
AKT 8 2015.pdf,ub-ri  a-dí-in 12  GÍN,to the inn; 12 shekels
AKT 8 2015.pdf,pá-zu-ur-tí  TÚG.HI.A,(the cost) of smuggling
AKT 8 2015.pdf,i-na  Lu-hu-sà-dí-a,textiles I gave in Luhuzaddiya
AKT 8 2015.pdf,a-na I-ku-pí-a  DUMU  Da-a-a,"to Ikuppiya, son of D&ya;"
AKT 8 2015.pdf,a-dí-in  3 GÍN AN.NA,3 shekels of tin [for the
AKT 8 2015.pdf,"[a-AN""]E*.HI.A  wa-bar-!u * °x?¿",donk]eys (and) his lodging
AKT 8 2015.pdf,[a/i-na x x x] a-dí-in,.... I gave [to/in ..........];
AKT 8 2015.pdf,[x GÍN AN.NA]  °i¿-tí-tù-ri-im,[x shekels of tin] at the bridge;
AKT 8 2015.pdf,[x GÍN AN].NA  a-na  É,[x shekels of t]in
AKT 8 2015.pdf,[wa]-áb-ri  i-na,I gave to the inn in
AKT 8 2015.pdf,"""a-mu-ha  a-dí-in 1$ GÍN","""amuha;  I gave 1#"
AKT 8 2015.pdf,KÙ.B.  a-na ig-ri  !a bi4-/il5-tim,shekel of silver as wages of
AKT 8 2015.pdf,GÍN AN.NA i-na Ha-tí-kà-it-ra*,3 shekels of tin I gave in
AKT 8 2015.pdf,a-dí-in 1$ GÍN AN.NA,Hatika’itra; 1#  shekel of tin
AKT 8 2015.pdf,i-na Ku-tí-a  a-ha-za-nim / a-dí-in,I gave in Kutiya to the mayor;
AKT 8 2015.pdf,GÍN AN.NA i-na,12 shekels of tin I gave
AKT 8 2015.pdf,Kà-ra-ah-na a-na  GAL sí-ki-/tim,in Karahna to the commander.
AKT 8 2015.pdf,a-dí  Ku-bu-ur-na-<at> 3 GÍN,Kuburnat the costs of porters
AKT 8 2015.pdf,KÙ.B. !a bi4-lá-tim,amounted to 3 shekels of
AKT 8 2015.pdf,ik-!u-ud  6 GÍN KÙ.B.,silver; 6 shekels of silver
AKT 8 2015.pdf,ni-is-ha-tim  a-ZU-LI*-[x (x)],import-tax to/for ..........
AKT 8 2015.pdf,a-dí-in : 2 GÍN AN.NA  a-na É [ub-ri],I gave; 2 shekels of tin
AKT 8 2015.pdf,"""Commander"", assuming that the well-known rabi sikkitim had a military function.","25. Neither a-pá-'i Kà-[ni-i!], nor a-pá-'í Kà[-ra-ah-na] (see for the use and meaning of p#'u"
AKT 8 2015.pdf,a-dí Kà-né-e! da-tum,until Kane! the road-tax amounted
AKT 8 2015.pdf,1* GÍN KÙ.B. ik-!u-dí,for me to 1) shekel of  silver.
AKT 8 2015.pdf,GÍN a-na kà-!í-im,1 shekel (of silver)
AKT 8 2015.pdf,i-na Kà-né-e!,for the official. (Since) I
AKT 8 2015.pdf,a-ku-ul  1 GÍN KÙ.B.,I consumed 10 shekels of silver.
AKT 8 2015.pdf,a-na É wa-áb-ri,1 shekel of silver for the inn
AKT 8 2015.pdf,GÍN KÙ.B. i-na,1 shekel of silver in
AKT 8 2015.pdf,Ha-hi-im a-na  É wa-áb-ri,Hahhum for the inn;
AKT 8 2015.pdf,Bu-ru-lim a-na,Burullum for
AKT 8 2015.pdf,GÍN KÙ.B. i!-tù,10 shekels of silver from
AKT 8 2015.pdf,Kà-né-e! a-di a-limki,Kanesh until the City
AKT 8 2015.pdf,(= Burallum in *149:10). This was an important road-station that occurs in several OA,“itineraries”59 and is also known from texts from Mari and Tell Leilan. It was located on the
AKT 8 2015.pdf,ma-na  hu-!a-e,5 minas of scrap (copper)
AKT 8 2015.pdf,i-na  kà-%í-im,in the steppe
AKT 8 2015.pdf,AN.NA  a-ta-!í-a-tim,of tin for transport.
AKT 8 2015.pdf,"AN""E  u!-pá-il5-ma",I replaced a donkey and
AKT 8 2015.pdf,AN.NA  a-pu-ul,15 shekels of tin.
AKT 8 2015.pdf,GÍN AN.NA  a-na,17 shekels of tin for
AKT 8 2015.pdf,ta-!í-a-tim  7 GÍN,transport. 7 shekels
AKT 8 2015.pdf,AN.NA  i!-tù  a-al,of tin from the Town
AKT 8 2015.pdf,Kà-ni-!í-e  a-dí  Tí-mì-il5-ki-/a,of the Kaneshites until Timilkiya
AKT 8 2015.pdf,a-na  ig-re  e-re-qí-/im,as hire for a wagon.
AKT 8 2015.pdf,"AN""E 2  GÍN  KÙ 2 GÍN",of a donkey I paid 2 shekels
AKT 8 2015.pdf,AN.NA á!-qúl,of silver (and) 2 shekels of tin.
AKT 8 2015.pdf,"travelled from ""ubat-Enlil to Ekall&tum via Burallum (where he stayed 5 days) and Tupham.",VII.  TRAVELING AND TRAVEL EXPENSES
AKT 8 2015.pdf,GÍN KÙ  3 GÍN AN.NA,3 shekels of silver (and) 3 shekels of tin
AKT 8 2015.pdf,"a-na  ig-re AN""E",as hire of a donkey.
AKT 8 2015.pdf,GÚ 16$ GÍN / AN.NA,8 talents 16# shekels of tin
AKT 8 2015.pdf,I-dí-Sú-in,of Iddin-Suen(‘s merchandise).
AKT 8 2015.pdf,"""À.BA 41 ma-na  15 GÍN / AN.NA","Thereof: 41 minas 15 shekels of tin,"
AKT 8 2015.pdf,qá-dì  !a ú-ku-ul-tim,including expenses for fodder.
AKT 8 2015.pdf,GÍN KÙ.B. ù 2 GÍN AN.NA,2 shekels of silver and 2 shekels of tin
AKT 8 2015.pdf,i!-tù Tí-mì-il5-ki-a,I paid from Timilkiya because
AKT 8 2015.pdf,á!-qúl 6 GÍN AN.NA,6 shekels of tin
AKT 8 2015.pdf,i!-tù Hu-ra-ma,I paid from Hurama
AKT 8 2015.pdf,á!-qúl 4 LÁ + GÍN KÙ.B.,3+ shekels of silver
AKT 8 2015.pdf,á!-qúl  mì-ma  a-nim,for straw. All this
AKT 8 2015.pdf,a-!u-mì  I-dí-Sú-in,I paid in the name of
AKT 8 2015.pdf,i-dí-nu-nim,"for expenses, which"
AKT 8 2015.pdf,"3, ma-na 7 GÍN.TA",amounted to 3 minas 47 shekels
AKT 8 2015.pdf,bi-il5-tám ik-!u-dam,per talent.
AKT 8 2015.pdf,GÚ 58 ma-na,4 talents 58 minas (of tin) the
AKT 8 2015.pdf,"a-wi-it : ""u-I!tar","declared value of ""u-I!tar(‘s shipment),"
AKT 8 2015.pdf,ma-na 10 GÍN,"24 minas 10 shekels (of tin),"
AKT 8 2015.pdf,qá-dum  ú-ku-ul-tim,"including the fodder,"
AKT 8 2015.pdf,ú-!a-qí-il5  6$ GÍN,I paid. 6# shekels (of tin)
AKT 8 2015.pdf,i!-tù  a-al  Kà-ni-!í-i,from the Town of the Kaneshites
AKT 8 2015.pdf,"ig-re AN""E i!-tù",the hire of a donkey from
AKT 8 2015.pdf,Hu-ra-ma  á!-qúl,Hurama I paid.
AKT 8 2015.pdf,4$ GÍN  KÙ.B. ù,4# shekels of silver and
AKT 8 2015.pdf,4$ GÍN  AN.NA,4# shekels of tin
AKT 8 2015.pdf,"ig-re AN""E ù",the hire of a donkey and
AKT 8 2015.pdf,Kà-ni-i! : á!-qúl,Kanesh I paid.
AKT 8 2015.pdf,mì-ma : a-nim,All this I paid
AKT 8 2015.pdf,"a-!u-mì : ""u-I!tar",for the sake
AKT 8 2015.pdf,ú-!a-qí-il5,"of ""u-I!tar."
AKT 8 2015.pdf,"amount mentioned in line 1 suggests that ""u-I!tar’s share consisted of three donkeys, two load-",ed with tin (with 8 textiles for wrapping) and one loaded with ca. 25 textiles The costs charged
AKT 8 2015.pdf,ku-ta-num  2  !u-re-/en6,1 kut#nu-textile (and) 2 dark textiles
AKT 8 2015.pdf,"a-na , ma-na  KÙ.B.",have been sold in
AKT 8 2015.pdf,"ta-ad-nu  ""À.BA","for , mina of silver. From it"
AKT 8 2015.pdf,!a  25  ma-na  URUDU  KÙ-áp-/!u,they deducted the silver equivalent
AKT 8 2015.pdf,"a-!u-mì  ""u-Ku-bi4-im","of 25 minas of copper for ""u-K*bum’s"
AKT 8 2015.pdf,ú-%a-hi-ru  !a  15  ma-na,account and that of 15 minas
AKT 8 2015.pdf,URUDU  a-!u-mì-a  ú-%a-hi-ru,of copper for my account.
AKT 8 2015.pdf,!í-tí  KÙ.B.-pì-!u,The rest of his silver
AKT 8 2015.pdf,"GÍN  ""À.BA",is 14 shekels. Thereof:
AKT 8 2015.pdf,GÍN  KÙ.B. i-na Kà-/ni-i!,10 shekels of silver
AKT 8 2015.pdf,"""a-lim-A-!ùr","""alim-ahum gave"
AKT 8 2015.pdf,GÍN KÙ.B.  a-na-ku,I myself will pay
AKT 8 2015.pdf,"""À.BA  $  ma-na LÁ 2  GÍN",Of this amount you paid him
AKT 8 2015.pdf,°KÙ.B.¿  té-pu-ul-!um,"28 shekels of silver,"
AKT 8 2015.pdf,GÍN  KÙ i-Tù-me-li-/a,2 shekels of silver I gave him
AKT 8 2015.pdf,"a-dí-!um  1,  GÍN","in Tumeliya. 1, shekel of"
AKT 8 2015.pdf,"KÙ.B.  ú-kúl-tí  AN""E",silver fodder for the donkey
AKT 8 2015.pdf,ù  da-a-sú  !a  a-dí,and road-tax for it until
AKT 8 2015.pdf,!a  30 TÚG.HI.A,for 30 textiles
AKT 8 2015.pdf,ù  É  wa-áb-ri,and (for) the cost of the inn.
AKT 8 2015.pdf,"té-pu-ul-!um, as Kouwenberg observes, is a problem, not only because it should be t#pul,",but also because the verb is normally construed with an accusative; a double scribal mistake?
AKT 8 2015.pdf,"A well-attested place-name, usually spelled Tumliya or Tumaliya (with its nisbe Tumli’aum","or Tumlium; note Tù-me!(LÁ)-li-i-a-im). Geography 234, note 886, locates it “in the area of"
AKT 8 2015.pdf,"careful, considering that the comparable spelling Tù-ma-li-a (not yet mentioned by Barjamovic)",also clearly refers to Tumliya as a source of grain.
AKT 8 2015.pdf,"1,  GÍN !a  da-at","1, shekel for the road-tax of"
AKT 8 2015.pdf,ni-a-tí  *  GÍN a-na  NINDA,"the five of us, ) shekel for bread"
AKT 8 2015.pdf,ma-na  URUDU  i-na  pá-'í,I gave 2 minas of copper
AKT 8 2015.pdf,!a Tí-i!-mur-na,in the territory of Ti!murna
AKT 8 2015.pdf,"a-dí-in  *  GÍN 15  ""E",5/12 shekel of silver
AKT 8 2015.pdf,KÙ.B. !a 1 UDU !a a-na,for one sheep that we
AKT 8 2015.pdf,mu-%í : ni-il5-qé-ú,acquired for the m)%iu-official
AKT 8 2015.pdf,a-na  Lá-dí-a  á!-qúl,I paid to Ladiya;
AKT 8 2015.pdf,ma-na  URUDU  SIG5,1 mina of refined silver
AKT 8 2015.pdf,GÍN  AN.NA a-qá-tí,(and) 10 shekels of tin
AKT 8 2015.pdf,%ú-ha-ri-!a,into the hands of her servant.
AKT 8 2015.pdf,GÍN  KÙ.B. sà-he-er-tám,For a value of 1 shekel of silver
AKT 8 2015.pdf,a-dí-!u-nu-tí,I gave them sundries.
AKT 8 2015.pdf,"GÍN  KÙ.B. a-na  Ì.GI""",1 shekel of silver for oil
AKT 8 2015.pdf,"*  GÍN ú-ku-ul-tí AN""E",)  shekel fodder for the donkey.
AKT 8 2015.pdf,"caravan journeys, mentioning mostly well-known road stations on the caravan route (see for",Hamiz&num the note on *149:5). Birtu’um in *149:11 is thus far unique and was only men-
AKT 8 2015.pdf,"woman” (!""bultam a!!i#tima), entrusted somewhere in Anatolia to Ellil-b!ni, presumably for",delivery in Kanesh. There are several references to her as sender of small amounts of silver to
AKT 8 2015.pdf,"was identical with Elamma’s aunt she was different from Lamassutum, daughter of E-ra-dí","(Prag I 569:8). The identity of the Lamassutum attested in EL 180, AKT 1, 1:3 (during eponymy"
AKT 8 2015.pdf,i-!í-im Ku-uk-ra,that remained from the
AKT 8 2015.pdf,i-ri-ih-ma,price for Kukra
AKT 8 2015.pdf,i!-tù  ha-mu-u!-tim,From the week eponymy
AKT 8 2015.pdf,!a  E-na-ah-DINGIR,"of )nah-il"""
AKT 8 2015.pdf,i-!a-qal !u-ma,he will pay. If he
AKT 8 2015.pdf,Ku-uk-ra  am-tum,the slave-girl Kukra is
AKT 8 2015.pdf,am-tí : ITU.KAM  té-i-na-tim,"my slave-girl. Month X,"
AKT 8 2015.pdf,%u-Sú-in DUMU Ba-bi4-lim,"(u-Suen, son of Babbilum."
AKT 8 2015.pdf,by Amur-A##ur.,"12-13. A literal quotation of what Lamassutum claimed, if her debtor did not pay in time; cf."
AKT 8 2015.pdf,KI(IB Lá-ba-na-da DUMU [I-d]í-Sú-in,"Seal of Lab!n-n!d!, son of Iddin-Suen,"
AKT 8 2015.pdf,KI(IB Na-áb-Sú-en6 DUMU %u-Be-lim,"seal of Nabi-Suen, son of (u-B&lum."
AKT 8 2015.pdf,KI(IB I-dí-I!tar  DUMU I-dí-A-bi4-im,"seal of Iddin-I#tar, son of Iddin-abum"
AKT 8 2015.pdf,KI(IB Puzur4-I!tar DUMU Dan-A-!ùr,"seal of Puzur-I#tar, son of D!n-A##ur."
AKT 8 2015.pdf,Dur4-hu-mì-it  i-dí-ni-a-tí-ma,made us available and
AKT 8 2015.pdf,!í-bu-tí-ni : ni-dí-in,we gave our testimony.
AKT 8 2015.pdf,!a  °DUMU Zu¿-za-nim,of the son of Zuz!num.
AKT 8 2015.pdf,last texts his  name is spelled Lá-ba-lá-da.,seal B : CS 1159
AKT 8 2015.pdf,am-tám : Ku-uk-ra,"The slave-girl Kukra,"
AKT 8 2015.pdf,!a  dUTU-a-bi  DUMU  Zu-za-nim,"which (ama#-ab"", son of Zuz!num,"
AKT 8 2015.pdf,[  i!-tí $ú-ha-ri-im,<had acquired?> from the boy
AKT 8 2015.pdf,!a  Ha-da-i-kur,"of Hada’ikur,"
AKT 8 2015.pdf,a-lá-hi-nim,"the alahhinnum,?"
AKT 8 2015.pdf,%a-lim-A-!ur,"(allim-A##ur, son of"
AKT 8 2015.pdf,DUMU  Ip-hu-ri-im,"Iphurum, has bought."
AKT 8 2015.pdf,i!-a-am  ha-ma-am,He cut off the
AKT 8 2015.pdf,i°b-t¿ù-uq,in our presence.
AKT 8 2015.pdf,i-dí-ni-a-tí-ma,gave us and
AKT 8 2015.pdf,IGI  Lá-ba-lá-da,"In the presence of Lab!n-n!d!,"
AKT 8 2015.pdf,DUMU  I-dí-Sú-en6,"son of Iddin-Suen,"
AKT 8 2015.pdf,IGI  Na-áb-Sú-en6,"of Nabi-Suen,"
AKT 8 2015.pdf,DUMU  %u-Be-lim,"son of (u-B&lum,"
AKT 8 2015.pdf,IGI  I-dí-I!tar,"of Iddin-I#tar,"
AKT 8 2015.pdf,DUMU  I-dí-a-bi4-im,"son of Iddin-abum,"
AKT 8 2015.pdf,le.e. IGI  Puzur4-I!tar,"of Puzur-I#tar,"
AKT 8 2015.pdf,DUMU  Dan-A-!ur,son of D!n-A##ur.
AKT 8 2015.pdf,"!a), without a verb, is strange. The personal name Ha-da-i-kur is unique. I now consider the","interpretation as “the slave-girl K., belonging to (, from the servant of H. (. has bought”,"
AKT 8 2015.pdf,"5-6. (allim-A##ur DUMU I[p-hu-]ri-im occurs in Kt 91/k 131:1, as witness in a record dated to","the year REL 110, and in ATHE 55:8, dated to  eponymy year REL 98."
AKT 8 2015.pdf,KI(IB  Du-!u-ba KI(IB %u-ni-il5-ga,"Seal of Du#uba, seal of (unilga,"
AKT 8 2015.pdf,KI(IB  %í-li-ú-ma-an,"seal of (iliuman,"
AKT 8 2015.pdf,KI(IB  Tal-ha-ma,"seal of Talhama,"
AKT 8 2015.pdf,KI(IB %ar-bu-nu-a  KI(IB  Kà-á!-!í,"seal of (arbunuwa, seal of Ka##i,"
AKT 8 2015.pdf,KI(IB Gà-dí-na  : am-tám,seal of Gadina. The slave-girl
AKT 8 2015.pdf,Du-!u-ba  ú  %u-ni-il5-ga,Du#uba and (unilga
AKT 8 2015.pdf,a-!í-mì-im  i-dí-nu-ma,sold her and
AKT 8 2015.pdf,GÍN  KÙ.B.,15 shekels of silver
AKT 8 2015.pdf,Lá-ma-sú-tum  ta-á!-qú-ul-ma,Lamassutum paid and
AKT 8 2015.pdf,am-tám  Ku-zi-zi  ta-á!-am,bought the slave-girl Kuzizi.
AKT 8 2015.pdf,!u-ma  um-ma  Du-!u-ba-ma,If Du#uba and (unilga say:
AKT 8 2015.pdf,ù  %u-ni-il5-ga-ma  a-ma-at-ni,"“We want to take our slave-girl along”,"
AKT 8 2015.pdf,ni-ta-ru ' ma-na  KÙ.B.,they will pay + mina of silver and
AKT 8 2015.pdf,i-!a-qú-lu-ma  am-tám  i-ta-ru,then they can take the slave-girl along.
AKT 8 2015.pdf,!u-ma  ma-ma-an  i-tù-ra-/am,"If anybody vindicates her, saying:"
AKT 8 2015.pdf,um-ma  !u-ut-ma  am-tum,“The slave-girl is mine!”
AKT 8 2015.pdf,i-a-tum  Du-!u-ba,then I have a claim on Du#uba
AKT 8 2015.pdf,ú  %u-ni-il5-ga ú  É-sú-nu,and (unilga and their house.
AKT 8 2015.pdf,lá  i-ta-ad-nu-nim,my silver then
AKT 8 2015.pdf,le.e. am-tum  Ku-zi-zi  am-tí,the slave-girl Kuzizi is my slave-girl
AKT 8 2015.pdf,ù  a-!í-mì-im  a-da-!í,and I can sell her.
AKT 8 2015.pdf,[KI](IB A-!ur-dUTU#i DUMU %u-I!tar,"Seal of A##ur-#am#"", son of (u-I#tar,"
AKT 8 2015.pdf,[KI(I]B A-!ur-lá-ma-sí,"seal of A##ur-lamass"","
AKT 8 2015.pdf,[KI(IB Da]n-A-!ur  DUMU Ku-sú-sà-,"seal of D!n-A##ur, son of Kusus!rum."
AKT 8 2015.pdf,[!]a  Kur-ub-I!tar ù,Kurub-I#tar and
AKT 8 2015.pdf,Ì-lí-i!-ta-kál  a-na,Ili#-tikal he will pay
AKT 8 2015.pdf,°4¿ ITI.KAM  i-!a-qal   !u-ma,in 4 months. If he does not
AKT 8 2015.pdf,lá  i!-qúl   ki-ma   a-wa-at,"pay, he will add interest"
AKT 8 2015.pdf,kà-ri-im  $í-ib-tám,in accordance with the regulation
AKT 8 2015.pdf,"seal C = CS 1234,  inscription:  dA-!ur-UTU!i / DUMU %u- I!tar.","3. The same man with his patronym is attested in CTMMA 74:15, a letter to Imd""-ilum."
AKT 8 2015.pdf,"There is little room before ma-na, presumably sufficient for 1 or +.","7-9. The same pair of week-eponyms in Kt c/k 1007:9, but also without mention of the"
AKT 8 2015.pdf,"eponymy year. Since double week-eponyms disappear after eponymy year REL 98, this","contract must date to the period when Lamassutum, while her husband was perhaps still alive,"
AKT 8 2015.pdf,KI(IB  A-!ur-dan  DUMU  I-ku-pì-a,"Seal of A##ur-d!n, son of Ik%n-p""ya,"
AKT 8 2015.pdf,KI(IB  I-dí-A-bi4-im,"seal of Iddin-abum,"
AKT 8 2015.pdf,DUMU  I-tur4-DINGIR,"son of It%r-il"","
AKT 8 2015.pdf,<ma-na> SÍG.HI.A na-ar-ba-tim,"30 <minas> of soft,"
AKT 8 2015.pdf,!a-kà-ki-i!,for making the weft
AKT 8 2015.pdf,i!-tù  Ha-qá  a-na,He will send it from Haqa
AKT 8 2015.pdf,!u-ma  lá  ú-u!-té-bi4-lam-/ma,If he has not sent it and
AKT 8 2015.pdf,<a>?-°É¿* A-limki i-ta-lá-/ak,has departed for? the City Hall
AKT 8 2015.pdf,i-na  tù-wa-ri-!u,he will weigh out on his return
AKT 8 2015.pdf,GÚ SÍG.HI.A  na-ar-b[a]-/tim,one talent of soft wool
AKT 8 2015.pdf,!a-kà-ki-i!  i-!a-/qal,for making the weft.
AKT 8 2015.pdf,ITU.1.KAM  ku-zal-lu  li-mu-um,"Month XI, eponymy of"
AKT 8 2015.pdf,A-!ur-na-da  DUMU  Puzur4-/A-na,"A##ur-n!d!, son of Puzur-Anna"
AKT 8 2015.pdf,"seal A: CS 1150, inscription: dNIN.(UBUR / SUKKAL.ZI AN.NA / GIDRI? KÙ.(U.DU7 / x?",dEN.ZU- ma-gi?-[ir?] (I am grateful to T.J.H. Krispijn for help in reading the inscription).
AKT 8 2015.pdf,"(London 1986), index p. 237, often writing SUKKAL AN.NA or SUKKAL dINANNA, but","ZI.AN.NA on no. 394. Some add to it, as does our seal,  gi#GIDRI KÙ.(U.DU7, “holding a"
AKT 8 2015.pdf,"correct, gives a hint of A##ur-takl!ku’s position.","Lamassutum must have been producing textiles in Kanesh, presumably woolen pirikann(-tex-"
AKT 8 2015.pdf,[i-$é-er?] be-ú-lá-tí-/!u,[In addition to] his [previous?]
AKT 8 2015.pdf,[!a] Lá-ma-!a,[which] Lama#a
AKT 8 2015.pdf,La-ma-sú-tum,gave 10 shekels
AKT 8 2015.pdf,[!u]-ma  a-e-ma,If he goes away
AKT 8 2015.pdf,[x  x  GÍ]N? ú-ma-lá,he shall compensate [x] shekels.
AKT 8 2015.pdf,[IGI  x  x ]-A-!ùr,"In the presence of [.....]-A##ur,"
AKT 8 2015.pdf,[IGI x  x  ]-dIM,of [........]-Adad.
AKT 8 2015.pdf,KI(IB %a-ar-ni-ga-a-!u,"Seal of (arnig!#u,"
AKT 8 2015.pdf,KI(IB E-na-A-!ur DU°MU x x¿,"seal of Ennam-A##ur, son of [.....],"
AKT 8 2015.pdf,KI(IB Wa-al-hi-[i!-na],"seal of Walhi#na,"
AKT 8 2015.pdf,KI(IB Pé-ru-wa KI([IB Tù-wa-tù-ú-i],"seal of Peruwa, se[al of  Tuwatuwi]."
AKT 8 2015.pdf,le.e. !u-ma KÙ.B. i-!a-x [       ],If [they] pay the silver ....
AKT 8 2015.pdf,GÍN KÙ.B. li-tí,15 shekels of refined
AKT 8 2015.pdf,SIG5 i-$é-er,liti-silver
AKT 8 2015.pdf,Pé-ru-wa ù Tù-wa-tù-ú-i,"Peruwa and Tuwatuwi,"
AKT 8 2015.pdf,a-!í-tí-!u Lá-ma-sà-tum,"his wife, owe to"
AKT 8 2015.pdf,ha-mu-u!-tim,from the week of
AKT 8 2015.pdf,a-na !a Pá-ar-kà,not later than the festival of Parka
AKT 8 2015.pdf,i-!a-qú-lu,they will pay.
AKT 8 2015.pdf,!u-ma lá i!-qú-lu,If they do not pay
AKT 8 2015.pdf,rev. $í-ib-tám,at a rate of 1+ shekel.
AKT 8 2015.pdf,i-qá-qá-<ad> !ál-mì-!u-nu,jointly liable for
AKT 8 2015.pdf,ra-ki-is !u-ma <i-na> u4-me-!u-/nu,the silver. Should they not pay
AKT 8 2015.pdf,lá i!-ta-aq-lu,"when their term is due,"
AKT 8 2015.pdf,Tù-wa-tù-wi,then I will take away
AKT 8 2015.pdf,IGI %a-ar-ni-/ga-a-!u,"In the presence of (arnig!#u,"
AKT 8 2015.pdf,le.e. IGI E-na-A-!ur,and of Ennam-A##ur.
AKT 8 2015.pdf,$a-ru-pá-am  i-$é-er,"silver Il""-b!ni,"
AKT 8 2015.pdf,Ili5-ba-ni  DUMU  A-!ur-UTU!i,"son of A##ur-#am#"","
AKT 8 2015.pdf,i!-tù : ha-mu!-tim,Reckoned from the week-eponymy
AKT 8 2015.pdf,!a  I-tur4-DINGIR (erasure),"of It%r-il"","
AKT 8 2015.pdf,li-mu-um  !a  qá-té,year-eponymy of the successor
AKT 8 2015.pdf,A-!ùr-i-mì-tí  ma-lá-hi-/im,"of A##ur-imtt"", the boatman,"
AKT 8 2015.pdf,[i-!]a-qal,he will pay.
AKT 8 2015.pdf,[!u-m]a  lá i!-qúl,If he does not pay
AKT 8 2015.pdf,[a-n]a  1 ma-na-im,he will add
AKT 8 2015.pdf,IGI  A-!ur-be-el-a-wa-/tim,"In the presence of A##ur-b&l-aw!tim,"
AKT 8 2015.pdf,DUMU I-dí-Da-gán,"son of Iddin-Dagan,"
AKT 8 2015.pdf,IGI A-!ùr-e-mu-qí,"of A##ur-em%q"","
AKT 8 2015.pdf,DUMU Ku-zi-zi-a,son of Kuziziya.
AKT 8 2015.pdf,mì-°x ] °x me-eh-r¿[i x x],......... the duplicates?
AKT 8 2015.pdf,!a [ta]-á!-pu-ri-ni,that you sent .......
AKT 8 2015.pdf,kà-sá-tum  ù  tù-dí-na-/tum,"3 cups and toggle pins,"
AKT 8 2015.pdf,!u-qú-ul-ta-á!-na,their weight in silver
AKT 8 2015.pdf,ma-na  KÙ.B.  ku-nu-ku-a,"1 mina, under my seals;"
AKT 8 2015.pdf,a-ha-ma  * ma-na  6!  GÍN KÙ.B.,separately 26! shekels of silver
AKT 8 2015.pdf,ku-nu-ku-a-ma  ik-ri-bu,"also under my seals, ikrib( of"
AKT 8 2015.pdf,!a  E-lá-ma  2  &up-pu-ú,Elamma; 2 tablets of
AKT 8 2015.pdf,!a  2  ma-na  15  GÍN KÙ.B.,"2 minas 15 shekels of silver,"
AKT 8 2015.pdf,!a  hu-bu-ul  nu-a-im 1 &up-pu-/um,being the debt of the Anatolian; 1 tablet
AKT 8 2015.pdf,!a   1' ma-na KÙ.B. !a  hu-bu-ul,"of 1+ mina of silver, being"
AKT 8 2015.pdf,Na-ni-a  1  &up-pu-um,the debt of Naniya; 1 tablet
AKT 8 2015.pdf,!a  1  ma-na 6  GÍN KÙ.B.,"of 1 mina and 6 shekels of silver,"
AKT 8 2015.pdf,!a  hu-bu-ul  Bur-Sú-en6,being the debt of B%r-Suen;
AKT 8 2015.pdf,&up-pu-um !a * ma-na 4 GÍN,1 tablet of 24 shekels of silver
AKT 8 2015.pdf,KÙ.B. !a  hu-bu-ul  Ili5-tap-pá,"being the debt of Il""-tapp!;"
AKT 8 2015.pdf,ma-na KÙ.B. a-na  Ir-ma-A-/!ùr,1 mina of silver (that) I gave to
AKT 8 2015.pdf,a-na  !í-a-ma-tim,Ir’am-A##ur for making purchases;
AKT 8 2015.pdf,a-dí-in 1  ma-na  KÙ.B.,1 mina of silver (that)
AKT 8 2015.pdf,a-na  Ah-!a-lim  a-na,I gave to Ah-#alim for
AKT 8 2015.pdf,a-na  Pí-lá-ah-I!tar,(which) I gave to Pilah-I#tar
AKT 8 2015.pdf,a-na  !í-a-ma-tim  a-dí!-in!,for making purchases;
AKT 8 2015.pdf,ÌR-du  ù  5  a-ma-tum,"5 slaves and 5 slave-girls,"
AKT 8 2015.pdf,(À.BA 1  am-tum  I-a-an-tal-/ga,"of whom 1 slave-girl, named Iyantalga,"
AKT 8 2015.pdf,!a Ì-lí-na DUMU.SAL A-!ur-DÙG,"is for Ilina, daughter of A##ur--!b."
AKT 8 2015.pdf,mì-ma  a-nim  Lá-ma-sà-tum,"All this, Lamassutum,"
AKT 8 2015.pdf,DAM E-lá-ma,"the wife of Elamma,"
AKT 8 2015.pdf,En-na-Sú-in  ù  Ma-$í-ì-lí,"Ennam-Suen and Ma'i-il"","
AKT 8 2015.pdf,DUMU  um-mì-a-nim  ù  ma-ri-!a,will entrust it to an affiliated trader
AKT 8 2015.pdf,i-pá-qí-du-ma  a-na,and to her sons and they
AKT 8 2015.pdf,a-limki  ú-bu-lu-ú-ma,will bring it to the City and
AKT 8 2015.pdf,le .e. !í-ma-tí-!u-nu me-er-i-tí : NIN.DINGIR,"priestess, and my sons will act"
AKT 8 2015.pdf,ù  ma-ru-ú-a e-pu-![u],in accordance with the testamentary
AKT 8 2015.pdf,"brother Ali-ahum), who had somehow deserved Lamassutum’s gratitude.","28-30. It is not clear whether all three men or (which seems more likely) only the third, Ma'i-il"","
AKT 8 2015.pdf,"K%bum, as debtor of Ali-ahum, Elamma’s brother, in *300:5, 21. There are too many different","Ennam-Suen’s to identify him, but he may well be the man of that name many of whose"
AKT 8 2015.pdf,"herself, resulting from her commercial activities, as documented in the debt-notes published","above, and from the fact that she had made amounts of silver available to Assyrians, among"
AKT 8 2015.pdf,"eldest son), Ennam-A!!ur, fI!tar-lamass$, Pilah-I!tar, f%alimma, %u-B&lum, fUmm$-I!hara and",U'ur-p$-A!!ur. Not all of them are well attested and several figure in records that have found
AKT 8 2015.pdf,a-!u-mì  li-ba-kà,“As for the fact that
AKT 8 2015.pdf,"lam!(NAM)-nu-ma  tù-""ú-ú-ni",you left in anger (and)
AKT 8 2015.pdf,!a KÙ.B. 10  GÍN i-na,that I did not even have 10 shekels
AKT 8 2015.pdf,b&ti!u 15 un#t' libbi!i / !umma (u-B&lum la!!u / ana Umm'-%$bat piqd' / !umma Umm'-%$bat / mah$ram la,tamu’a 20 ana a!!at (u-B&lim / ana Ab'-d#r' piqd' !a iqqerbim / iba!!iu liknuk#. It seems likely that the
AKT 8 2015.pdf,qá-tí-a lá  i-°!u¿-ú-ma lá tí-°x x*?¿,"of silver available, so that you? ....."
AKT 8 2015.pdf,ú i-a!-ú-um li-bi4-i,and that my feeling too ran high and
AKT 8 2015.pdf,lá  a-ta-wu-ú  a-hi  a-ta,"with you - please, my brother,"
AKT 8 2015.pdf,a-lá-nu-kà °a-ha¿-am,you are the only
AKT 8 2015.pdf,rev.  !a-ni-[a-a]m  ú-lá,brother I have!
AKT 8 2015.pdf,i-!u  i-n[a] pá-ni-tí-ma  ha-°ra-/ni-im,With the next caravan
AKT 8 2015.pdf,TÚG.HI.A  SIG5-tim,I will send you two
AKT 8 2015.pdf,a-na  lí(NI)-ta-áb-!í-kà,fine garments for
AKT 8 2015.pdf,KÙ.B. 1 ma-na (eras.),"As for the 1 mina of silver,"
AKT 8 2015.pdf,!a !í-im  er-dí-im,"the price of the slave, whom"
AKT 8 2015.pdf,!a a-dí-n[u  a]-lá-qé-ma,"I sold, if I collect it"
AKT 8 2015.pdf,AN.NA a-![a-am-ma],I [will buy] tin
AKT 8 2015.pdf,ù-!é-ba-[lá-kum x x?],and send it to you.
AKT 8 2015.pdf,°ú¿  ni-a-am l[i-ba-am] / ha-dí,and make us too happy!”
AKT 8 2015.pdf,um-ma  Bé-lá-num ù  Lá-ma-sà-/tum-ma,"Thus B&l#num and Lamassutum,"
AKT 8 2015.pdf,Pì-lá-ah-I!tar  qí-bi-ma,and Pilah-I!tar:
AKT 8 2015.pdf,TÚG.HI.A  !a  (u-Sú-in,"“26 textiles belonging to %u-Suen,"
AKT 8 2015.pdf,DUMU  Ì-lí-a  i-na  5  na-ru-qá-/tim,"son of Iliya, are packed in 5 bags"
AKT 8 2015.pdf,dar-ku  ku-nu-ku  !a  En-um-A-!ur,"under the seals of Ennam-A!!ur, son"
AKT 8 2015.pdf,DUMU E-lá-ma a-ha-ma 1 TÚG ku-sí-tum of Elamma. Separately 1 kus'tu-garment,IX.  THE CHILDREN OF ELAMMA (165-178)
AKT 8 2015.pdf,"!a  Ú-""ur-!a-A-!ur  ur!(IS)-kà-num",of U'ur-!a-A!!ur that has been
AKT 8 2015.pdf,A-!ur-dUTU-!i  DUMU Na-na-kà-!í-/im,"A!!ur-!am!$, son of Nanaka!(!)um,"
AKT 8 2015.pdf,En-um-A-!ur  DUMU  E-lá-ma,"Ennam-A!!ur, son of Elamma"
AKT 8 2015.pdf,DUMU  A-zi-da  IGI  A-!ur-ma-lik,"son of Azida, A!!ur-m#lik, son of"
AKT 8 2015.pdf,DUMU En-um-A-!ur IGI! Sú-in-/na-da,"Ennam-A!!ur, (and) Suen-n#d#, son of"
AKT 8 2015.pdf,a-wi-lúm  sà-ki-il5 2!í-ta,The man is stupid.  Pilah-I!tar
AKT 8 2015.pdf,na-á!-pè-ra-tim  !a  En-um-/A-!ur,has with him 2 missives
AKT 8 2015.pdf,Pì-lá-ah-I!tar  na-!í,of Ennam-A!!ur.
AKT 8 2015.pdf,!u-ma a-na TÚG.HI.A w[a]-!u-/r[i]-im,If A!!ur-!am!$  protests
AKT 8 2015.pdf,A-!ur-dUTU!i : mì-ma,"against releasing the textiles,"
AKT 8 2015.pdf,i-qá-bi4 : na-á!-pè-er-tí,let him hear the missive
AKT 8 2015.pdf,En-um-A-!ur  !a-á!-me-a-/!u-ma,of Ennam-A!!ur and let him
AKT 8 2015.pdf,TÚG.HI.A : ku-nu-ke !a  na-ru-/qá-tim!,entrust the textiles (and?) the seals
AKT 8 2015.pdf,li-ip-qí-da-ku-nu-tí-ma,of the bags to youplur  and
AKT 8 2015.pdf,a-hi-!u  mu-nu-a-!u-<nu>ma,"his brother Pilah-I!tar, who must act"
AKT 8 2015.pdf,a-ma-lá  té-er-tí-ni  le-/pu-u!,in accordance with our instruction.
AKT 8 2015.pdf,"UR! (a reading Is/zg/#num, attested as PN, is possible, but would require adding <DUMU>).","Other mistakes are the omission of –at in l. 9,  of a preposition (ana) at the end of line 10, the"
AKT 8 2015.pdf,A %ama!-b#ni occurs in some texts of the archive. *190 is a letter by Ennam-A!!ur to Ir’am-,"A!!ur (Elamma’s son-in-law) and him, and *240 a letter that a %ama!-b#ni, together with two"
AKT 8 2015.pdf,"others, wrote to %u-I!tar. In *236 %u-I!tar asks him to collect a debt owed by Idn#ya and to",instruct %ama!-b#ni not to make things easy for the debtor. When the memo *327 mentions that
AKT 8 2015.pdf,"addressee, %ama!-b#ni, stayed. It must have been delivered by Pilah-I!tar (see l. 19), who also","brought the missives of his brother Ennam-A!!ur along from Kanesh, as his mother there"
AKT 8 2015.pdf,"(l. 6), had to be handed over to the addressees in order to be “counted out” to Pilah-I!tar, who",probably would have to sell them. He was ordered “to act in accordance with our instruction” (l.
AKT 8 2015.pdf,"A letter, its reverse rather worn, from B&l#num to Ennam-A!!ur, Iddin-A!!ur and Pilah-I!tar","about the sale of a donkey-load of tin and some textiles, which Pilah-I!tar is bringing from"
AKT 8 2015.pdf,I-dí-A-!ùr ù Pì-lá-°ah-/I!tar¿,Iddin-A!!ur and Pilah-I!tar:
AKT 8 2015.pdf,qí-bi-ma 2  GÚ AN.NA,"“As for the 2 talents of tin, 4 textiles"
AKT 8 2015.pdf,TÚG.SIG5  3  TÚG !a qá-tim,"of fine quality, 3 of current quality,"
AKT 8 2015.pdf,"ù  AN%E ""a-lá-ma-am","and a black donkey,"
AKT 8 2015.pdf,!a Pí-lá-ah-I!tar  i!-tù,which Pilah-I!tar
AKT 8 2015.pdf,Ha-hi-im  ù-!é-ra-da-/ni,will bring down from Hahhum -
AKT 8 2015.pdf,!u-ma  8  GÍN.TA,"if a rate of 8:1 is possible,"
AKT 8 2015.pdf,a-na  KÙ.B. AN.NA,sell the tin for silver and
AKT 8 2015.pdf,dí-na  ù  té-er-°tak¿-nu,let your report
AKT 8 2015.pdf,[!]u-ma  8 GÍN.TA,If a rate of 8 : 1
AKT 8 2015.pdf,a-na  KÙ.B. °lá-!u¿,against silver is impossible
AKT 8 2015.pdf,°a-na  KÙ.B.¿ *lá t[a-d]a-/na,do not sell it for silver.
AKT 8 2015.pdf,(a-la-ah-!u-wa,the tin on via
AKT 8 2015.pdf,ki-ma  !a-lá-am  AN.NA-ki,For the safety of the tin
AKT 8 2015.pdf,e-ba-ar  Tí-mì-il5-ki-a-ma,one must ship the tin on
AKT 8 2015.pdf,[!]a Ku-bu-ur-na-at,If people from Kuburnat
AKT 8 2015.pdf,AN.NA li-x (x)*-ma,let the tin be unpacked?  and
AKT 8 2015.pdf,ri-ik-°sé¿  a-na  *x-a-[x (x)],put small packets for/as ......
AKT 8 2015.pdf,i-°na li-bi4¿,here and there inside
AKT 8 2015.pdf,!a-áp-tim ù ma!-ke,the wool and the hides
AKT 8 2015.pdf,!í!(%A)-ta-kà-na-ma  lu-!é-tí-qú,and so ship them on.
AKT 8 2015.pdf,[        ]* a-na  KÙ.B. a-na,[Sell it?] for silver to [ .......].”
AKT 8 2015.pdf,"25-26. Barjamovic, who collated the tablet in Geography 171, proposes AN.NA li-°!í-ib¿-ma",and translates ”leave the tin to them and have it placed all over the packs for [...] (tucked) inside
AKT 8 2015.pdf,"[A]-ta-a-a  DUMU  Bu-""í-a","Ataya, son of Bu'iya,"
AKT 8 2015.pdf,ù  En-nam-A-!ùr  DUMU  E-lá-ma,"and Ennam-A!!ur, son of Elamma,"
AKT 8 2015.pdf,"was sealed by A-ku5-ú-a DUMU Ba-zi-a, a filiation that also occurs in Kt m/k 145:13 (see","Appendix, text no. 7). The inscription on the seal, however, reads (1) A-!ùr-x [x] (2)"
AKT 8 2015.pdf,DUMU A-!ùr-i-d[i] and l. 4 of our text also gives A!!ur-id$ as the name of his father. Did,Ak(a use a seal formerly owned by a relative and/or does variation between Baziya and
AKT 8 2015.pdf,"Pilah-I!tar, U'ur-!a-A!!ur",IX.  THE CHILDREN OF ELAMMA (165-178)
AKT 8 2015.pdf,ù  A-bu-!a-lim  qí-bi4-ma,"and Abu-!alim, and in"
AKT 8 2015.pdf,"GÚ  SÍG.HI.A  2  AN%E  ""a-lá-me","“4 talents of wool, 2 black donkeys"
AKT 8 2015.pdf,ù  ú-nu-sú-nu  !a  DAM.GÀR,"and their harness, belonging to the"
AKT 8 2015.pdf,!a  i-na  IGI  !í-be-e,"merchant, which I entrusted to you"
AKT 8 2015.pdf,áp-qí-da-ku-ni,"in the presence of witnesses,"
AKT 8 2015.pdf,lu-qú-tum  !a  DAM.GÀR,‘The merchandise belongs to the
AKT 8 2015.pdf,dUTU  e-ru-bu-ni,Convert it the very day
AKT 8 2015.pdf,lu-qú-tám  a-na  KÙ.B.,it arrives into silver
AKT 8 2015.pdf,ta-er-ma  A-bu-!a-lim,and let Abu-!alim not
AKT 8 2015.pdf,u4-me-e  lá  tù-sà-as-ha-/ar,stay around for even 5 days!’
AKT 8 2015.pdf,lá  tù-sà-as-hu-ru-!u-/ni,stay around for 5 days
AKT 8 2015.pdf,!u-ma  a-hi : a-ta,"Please, my brother,"
AKT 8 2015.pdf,dUTU  %up-pá-am  ta-!a-me-ú,"the very day you hear this tablet,"
AKT 8 2015.pdf,lu-qú-tám : a-na  Pì-lá-°ah¿-I!tar,you must entrust the merchandise
AKT 8 2015.pdf,ù  A-bu-!a-lim,to Pilah-I!tar and
AKT 8 2015.pdf,pì-qí-id-ma,Abu-!alim so that
AKT 8 2015.pdf,!u-ma  a-bi-/ma,If [you] are my father ......”
AKT 8 2015.pdf,En-um-A-!ur  ù  A-bu-/!a-lim,Ennam-A!!ur and
AKT 8 2015.pdf,a-!a-me-ma A-!ur-DÙG  lá  li-bi4,"“I  hear that A!!ur-""#b has"
AKT 8 2015.pdf,be-lu-ú-a  a-tù-nu,"my fathers and lords,"
AKT 8 2015.pdf,i-na  dUTU!i,the very day you
AKT 8 2015.pdf,%up-pì  ta-!a-me-a-ni,hear my letter you
AKT 8 2015.pdf,lu  pá-ni-tám,earlier and the later
AKT 8 2015.pdf,lu  ur-ki-tám,merchandise and
AKT 8 2015.pdf,za-ki-a-ma  ku-un-kà-/ma,put it under seal and
AKT 8 2015.pdf,A-bu-!a-lim  %ur4-da-nim,the first opportunity.
AKT 8 2015.pdf,!u-ma URUDU  mì-ma,If any copper is still
AKT 8 2015.pdf,ù  wa-tù-ur,price and ship
AKT 8 2015.pdf,mì-ma  KÙ.B. 1 GÍN,Not a single shekel of
AKT 8 2015.pdf,a-ma-k[am],silver must be retained
AKT 8 2015.pdf,Lu-lu  En-nam-A-!ur  ù,"Lullu, Ennam-A!!ur and"
AKT 8 2015.pdf,A-!ùr-DÙG  DUMU  E-lá-ma,"A!!ur-""#b, the son of Elamma,"
AKT 8 2015.pdf,"i""-bu-tù-ni-a-tí-ma","A!!ur-""#b, son of Ali-ahum, and"
AKT 8 2015.pdf,um-ma  !u-nu-ma  !í-im,they said: “As for the price of
AKT 8 2015.pdf,GÚ  9  ma-na  URUDU  ma-sí-/im,21 talents 9 minas of purified copper
AKT 8 2015.pdf,!a  A-!ur-DÙG  DUMU  E-lá-ma,"belonging to A!!ur-""#b, son of Elamma,"
AKT 8 2015.pdf,!a  i-na  É-tí-kà,which had been deposited
AKT 8 2015.pdf,i-ni-id-ú  a-na  !í-mì-/im,"in your house, did you sell it?”"
AKT 8 2015.pdf,a-dí-!u-ma  17 5/6,"“ I sold it and its price,"
AKT 8 2015.pdf,ma-na  2  GÍN,17 minas and 53
AKT 8 2015.pdf,KÙ.B.  !í-im-!u,"shekels of silver,"
AKT 8 2015.pdf,na-á!-a-ku  eq-lam,"I have with me, it will go"
AKT 8 2015.pdf,a-!u-mì  A-!ur-DÙG DUMU  E-lá-/ma,overland in the name of
AKT 8 2015.pdf,KÙ.B.  e-tí-iq,"A!!ur-""#b, son of Elamma”."
AKT 8 2015.pdf,a-na  a-wa-tim  a-ni-a-/tim,For these words the
AKT 8 2015.pdf,!í-bu-tí-ni  IGI  GÍR  !a  A-/!ur,our testimony before A!!ur’s dagger.
AKT 8 2015.pdf,ni-dí-in  IGI  I-ku-pì-a,Witnessed by Ikuppiya (and)
AKT 8 2015.pdf,by U'ur-!a-A!!ur.,The differences in lines 1-15 (// 1-17 in *171) are in the distribution of the words over the lines
AKT 8 2015.pdf,"IGI  Ú-""ú-ur-!a-A-!ur",In the presence of  U'ur-!a-A!!ur
AKT 8 2015.pdf,IGI  I-ku-pí-a : a-na,(and) of Ik(ppiya. For
AKT 8 2015.pdf,!í-bu-tim  a-ni-a-tim,this testimony
AKT 8 2015.pdf,kà-ru-um  Bu-ur-u!-ha-/tum,the Buru!hattum colony
AKT 8 2015.pdf,i-dí-in-ni-a-tí-ma,made us available and
AKT 8 2015.pdf,!í-bu-tí-ni,we gave our testimony
AKT 8 2015.pdf,rendered by two arbitrators to solve a conflict between Amur-I!tar and Ennam-A!!ur. It deals,"with the possible existence of an unpaid debt in the form of a “working capital” (be’#l$tum),"
AKT 8 2015.pdf,KI%IB A-lu-lá-a DUMU A-li-a,"Seal of Alul#ya, son of Aliya,"
AKT 8 2015.pdf,A-mur-I!tar  ú  En-um-A-!ur,Amur-I!tar and Ennam-A!!ur
AKT 8 2015.pdf,dí-!u-nu  ni-dí-ma  i-ta-ma,for them the following verdict:
AKT 8 2015.pdf,A-mur-I!tar  i-na  !u-ga-ri-/e,Amur-I!tar will swear by the
AKT 8 2015.pdf,!a  A-!ur  %up-pá-am,!ugarria’u-emblem of A!!ur that
AKT 8 2015.pdf,a-bi4-!u  IGI  Be-lá-nim,the contract of the working capital
AKT 8 2015.pdf,"ú  Ma-""í-ì-lí  DUMU  Bu-zu-/zi-im","in the presence of B&l#num and Ma'i-il$,"
AKT 8 2015.pdf,lá  ú-kà-li-mu-[m]a,"son of Buzuzum, and then,"
AKT 8 2015.pdf,i-ta-ma-m[a ú E]n-um-A-!ur,"when he swears, Ennam-A!!ur"
AKT 8 2015.pdf,%up-pá-am !a  k[u-nu-ki]-!u En-um-,will give Amur-I!tar
AKT 8 2015.pdf,a-na  A-mur-I!tar ° i-d¿á-an   [ A-!ur,a tablet with his seal stating that
AKT 8 2015.pdf,!a  ki-ma  a-na  be-ú-lá-at,the daughter of Elamma and
AKT 8 2015.pdf,A-!ur-i-mì-tí  me-er-at  E-lá-ma,the sons of Elamma
AKT 8 2015.pdf,ú  me-er-ú  E-lá-ma  a-na,will not raise claims
AKT 8 2015.pdf,a-wi-lu  a-ni-ú-tum,The above mentioned men
AKT 8 2015.pdf,"According to *67 Elamma had supplied a working capital to A!!ur-imitt$, who was Amur-",I!tar’s father.
AKT 8 2015.pdf,"We may restore i-ta-ma-m[a ù], since there are cases of a verbal form + ma + ù to","emphasize the sequence of events, “and then”, but the second -ma could also be an erasure."
AKT 8 2015.pdf,"*!!ur-imitt$, recorded in text *67, dated by a double week eponymy and thus earlier than REL","97. By it A!!ur-imitt$ owed no less than 63 ) shekels of silver, probably an old working-capital"
AKT 8 2015.pdf,"asked them to be shown the valid be’#l$tu-contract as proof, Ennam-A!!ur had been unable to","do so. He seems not to have given up his claim and this must have led, some years later (our"
AKT 8 2015.pdf,i-na  8  ma-na  KÙ.B.,Of the 8 minas of refined silver
AKT 8 2015.pdf,"""a-ru-pá-am  !a  E-lá-lí","that Elal$, son of"
AKT 8 2015.pdf,i-qí-pu-ma i-na  %up-pì-!u,and (for which) in his tablet
AKT 8 2015.pdf,DAM.GÀR lá-áp-tù,"was written “(belongs to) the tamk$rum”,"
AKT 8 2015.pdf,A-!ur-lá-ma-sí  A-!ùr-SIG5,"(and) on which tablet A!!ur-lamass$,"
AKT 8 2015.pdf,ù  A-!ur-be-el-a-wa-tim,A!!ur-damiq and A!!ur-b&l-aw#tim
AKT 8 2015.pdf,i-na  KÙ.B. a-nim,2 minas 15 shekels
AKT 8 2015.pdf,ma-na  15  GÍN  KÙ.B.,of that silver +nah-il$
AKT 8 2015.pdf,ki-ma  E-lá-ma,has collected in the
AKT 8 2015.pdf,I-na-ah-DINGIR il5-qé-(erased ú)-ma,name of Elamma and
AKT 8 2015.pdf,ma-hu-ur-DINGIR,eponymy of
AKT 8 2015.pdf,!u-ma  a-na  2  ma-na  15  GÍN,If for these 2 minas 15 shekels
AKT 8 2015.pdf,"KÙ.B. ù  ""í-ba-tí-!u",of silver and the interest on it
AKT 8 2015.pdf,En-um-A-!ur  DUMU  (u-Be-lim,"Ennam-A!!ur, son of %u-B&lum,"
AKT 8 2015.pdf,um-mì-a-nu  I!tar-pì-lá-ah,the investors of I!tar-pilah
AKT 8 2015.pdf,ù  me-er-ú  I!tar-pì-lá-ah,"or the sons of I!tar-pilah,"
AKT 8 2015.pdf,DAM  E-lá-ma  En-um-A-!ur,"wife, Ennam-A!!ur (and)"
AKT 8 2015.pdf,E-lá-ma  A-!ur-i-mì-tí,"(and) A!!ur-imitt$,"
AKT 8 2015.pdf,DUMU  A-!ur-DÙG  ú-bu-bu-!u,"son of A!!ur-""#b, will clear him."
AKT 8 2015.pdf,same nickname is in LB 1209:11 given to one A!!ur-r&'$.,"9.  See for n$l#, “lying on”, used of witnesses whose seal has been impressed on the envelope of"
AKT 8 2015.pdf,"I!tar-pilah, had given as trust (iq'pu) to Ennam-A!sur, the deaf (sakkukum), in Hahhum (5) and","for which he had drawn up in Hahhum his certified record, which I!me-A!!ur, son of Hinn#ya"
AKT 8 2015.pdf,not know why this trust was subsequently divided into four; could Ennam-A!!ur not handle it,alone or was he in financial problems? The division reminds me somewhat of the transaction
AKT 8 2015.pdf,i!-tí  Um-mì-I!-ha-ra,%u-B&lum and Ennam-A!!ur
AKT 8 2015.pdf,ù  En-um-A-!ùr  Pí-lá-ah-I!tar,reached the following agreement
AKT 8 2015.pdf,ù  (u-Be-lúm  i-mì-ig-ru-ma,with Umm$-I!hara and %u-B&lum:
AKT 8 2015.pdf,KÙ.B  6 )  ma-na  !a  É,"6 , minas of silver of the house of"
AKT 8 2015.pdf,Hi-na-a  4  ma-na  KÙ.B,"Hinn#ya, 4 minas of silver of"
AKT 8 2015.pdf,!a  Kur-ub-I!tar DUMU A-lá-hi-im,"Kurub-I!tar, son of Ali-ahum"
AKT 8 2015.pdf,ù  i-na  ku-ur-sí-nim,and from the ‘pot’ of
AKT 8 2015.pdf,!a  I!tar-pì-lá-ah  1* ma-na KÙ.B.,I!tar-pilah 1- mina of silver have been
AKT 8 2015.pdf,na-dí-!u-nu-tí  KÙ.B. a-nàm,"deposited for them. As for this silver,"
AKT 8 2015.pdf,Pì-lá-ah-I!tar ù (u-Be-lúm  a-na,Pilah-I!tar and %u-B&lum have in favor
AKT 8 2015.pdf,Um-mì-I!-ha-ra  ù  En-um-A-!ur,of Umm$- I!hara and Ennam-A!!ur dropped
AKT 8 2015.pdf,qá-sú-nu : ik-bu-sú-ma  !a-lá-á!,their right on a share <by giving them> a
AKT 8 2015.pdf,!u-ba-tim : qá-qí-ri  !a  5-tum,"house-plot of 3 !ubat, which the committee of"
AKT 8 2015.pdf,i-dí-nu-!u-nu-tí-ni : i!-tí  um-mì-a-an,five had given them. When Umm$-I!hara and
AKT 8 2015.pdf,ù  En-um-A-!ùr  ú-bu-bu,the investors of their father Elamma
AKT 8 2015.pdf,qá-qí-ri-!u-nu :  i-lá-qé-ú,they will acquire their plot.
AKT 8 2015.pdf,ITU.KAM  té-i-na-ti[m  l]i-mu-um,"Month X, eponymy of"
AKT 8 2015.pdf,En-na-Sú-en6  DUMU  (u-A-!ùr,"Ennam-Suen, son of %u-I!tar."
AKT 8 2015.pdf,rev.  a-na  3  !a-na-tim,They will effectuate the clearance of their
AKT 8 2015.pdf,qá-qí-ri-!u-nu  ú-bu-bu-!u-nu-tí,plot for them within three years.
AKT 8 2015.pdf,!u-ma : lá  ú-bi-bu-ú,"If they fail to do so,"
AKT 8 2015.pdf,ma-na  KÙ.B.  i-na,they will acquire 3 minas
AKT 8 2015.pdf,!a  Kur-ub-I!tar  i-lá-qé-ú-/ma,of the silver of Kurub-I!tar and so satisfy
AKT 8 2015.pdf,!í-im : qá-qí-ri-!u-nu,themselves with the value of
AKT 8 2015.pdf,u!-ta-bu-ú-ma  a-na  qá-qí-ri-/!u-nu,their plot and will not vindicate
AKT 8 2015.pdf,ù-lá  i-tù-ru : i-na,their plot.  On 3 minas of the
AKT 8 2015.pdf,ma-na  KÙ.B.  !a  Kur-ub-I!tar,silver of Kurub-I!tar
AKT 8 2015.pdf,qá-tí  Pì-lá-ah-I!tar  ù,a claim of Pilah-I!tar and
AKT 8 2015.pdf,(u-Be-lim : !a-ak-na-at,%u-B&lum now rests. If the
AKT 8 2015.pdf,!u-ma : té-bi-ib-tum  i-tab-!í,clearance has been effectuated they will
AKT 8 2015.pdf,qá-dí : a-hi-!u-nu-ma : e-bi-bu,be cleared together with their brothers.
AKT 8 2015.pdf,i-zi-iz : !u-ma  a-na,If any of the (other) sons of Elamma
AKT 8 2015.pdf,!a  qá-tí  Pì-lá-ah-I!tar  ù,"of silver of Kurub-I!tar,"
AKT 8 2015.pdf,(u-Be-lim : !a-ak-na-at-ni,on which a claim of
AKT 8 2015.pdf,ma-ma-an  i-na  me-er-e,of Pilah-I!tar and
AKT 8 2015.pdf,En-um-A-!ùr  ù  Um-mì-I!-ha-/ra,Ennam-A!!ur and Umm$-I!hara
AKT 8 2015.pdf,ù-bu-bu-!u-nu  IGI I-dí-dI%KUR,will clear them. In the presence of
AKT 8 2015.pdf,le.e. DUMU (u-I!tar  IGI En-um-A-!ùr,"Iddin-Adad, son of %u-I!tar,  of Ennam-"
AKT 8 2015.pdf,[ DUMU +í-li-I!tar,"[ A!!ur, son of .illi-I!tar,"
AKT 8 2015.pdf,IGI En-na-nim  DUMU  A-bu-sà,"of Enn#num, son of Abussa, of %u-Anum,"
AKT 8 2015.pdf,[ IGI  (u-A-nim,[ son of L#-q&p.
AKT 8 2015.pdf,DUMU Lá-qé-ep  a-na  ma-lá,In accordance with the testamentary dis-
AKT 8 2015.pdf,"partners, transporters and debtors. See for Kurub-I!tar Introduction p. XL; I!tar-pilah was a",transporter working for Hinnaya (*19:7-8 and 40-41).
AKT 8 2015.pdf,"be taken only from the 4 minas owed by Kurub-I!tar,",This record also acquaints us with the rather surprising fact that many years after their
AKT 8 2015.pdf,"inheritance, consisting of various assets, investments, debt-claims and houses, could be com-",plicated and take time. This is also clear from the following document that deals with a small
AKT 8 2015.pdf,"C. U%ur-p&-A""""ur and his inheritance (176-178)","The following three texts, a verdict by the Kanesh colony, a memo in the first person singular,"
AKT 8 2015.pdf,Another case where a hami!tum-committee was active in such a situation is mentioned in the heavily,"damaged KTK 110, the reverse of which can be restored to read: “... in [the house] of the[ir] father, in the"
AKT 8 2015.pdf,[15 GÍN KÙ.B.],[15 shekels of silver]
AKT 8 2015.pdf,i-na  a-limki,If in the City
AKT 8 2015.pdf,%up-pá-am !a  ku-nu-ki-!u,a tablet with the
AKT 8 2015.pdf,"!a  Ú-""ú-ur-pì-A-!ur",seal of U'ur-p$-A!!ur
AKT 8 2015.pdf,<i-na  a-limki>,<in the City>
AKT 8 2015.pdf,Um-mì-I!-ha-ra,their sister Umm$-I!hara
AKT 8 2015.pdf,a-ha-sú-nu  gu5-ba-áb-tum,"<has/shows>,  to the effect"
AKT 8 2015.pdf,!a  a-na  wa-ar-kà-<at>,that he will not claim
AKT 8 2015.pdf,Lá-ma-sà-tim,what her mother
AKT 8 2015.pdf,ú  wa-ar-ki-tí-!a,and what had been
AKT 8 2015.pdf,lá  i-tù-ru,"left behind by her,"
AKT 8 2015.pdf,"Ú-""ú-ur-pì-A-!ùr",will give back
AKT 8 2015.pdf,IGI  I-na-ah-DINGIR,"In the presence of +nah-il$,"
AKT 8 2015.pdf,IGI  (a-lim-I!tar,of %alim-I!tar
AKT 8 2015.pdf,IGI  A-!ùr-[x x ],of A!!ur-[........]
AKT 8 2015.pdf,IGI  Ma-sà-a-a  IGI  A-!ùr-ma-lik,"of Mas(s)#ya, of A!!ur-m#lik"
AKT 8 2015.pdf,kà-ru-um K[à-ni-i!],The plenary Kanesh colony
AKT 8 2015.pdf,TUR GAL dí-na[m i-dí-ma],passed the following verdict:
AKT 8 2015.pdf,a-na ma-lá  qá-[bi-ú-ni],“In conformity with what [they have
AKT 8 2015.pdf,"Ú-""ur-pì-A-!ur i!-[tí  a-hi-!u]","promised], U'ur-p$-A!!ur will enter and"
AKT 8 2015.pdf,En-um-A-!ùr a-na be-e[t],leave their paternal house together with
AKT 8 2015.pdf,"a-bi4-!u-nu e-ra-ab1 ú ú-""[í-(ma?)]",[his brother]  Ennam-A!!ur (and) will eat
AKT 8 2015.pdf,qá-dé-!u-ma e-kál ù i-!a-tí,and drink together with him.
AKT 8 2015.pdf,GEMÉ ki-ma ah-zu-ni,He stays married to the maid just as
AKT 8 2015.pdf,a-hi-iz : GEMÉ a-!í-mì-im,"he has married (her), he shall not"
AKT 8 2015.pdf,lá i-da-an,sell the maid.
AKT 8 2015.pdf,té-er-tum a-na a-limki,A  report will go
AKT 8 2015.pdf,"a-""é-er a-ha-ti-!u","to the City,"
AKT 8 2015.pdf,i-tù-ra-ni,has come back
AKT 8 2015.pdf,be-tum8  ú ú-tù-up-tum8,the house and its inventory
AKT 8 2015.pdf,i-ba-re-!u-nu,is their common property.
AKT 8 2015.pdf,ma-ma-an  a-!í-mì-im,Nobody shall
AKT 8 2015.pdf,GÍN KÙ.B.  i[!-tù],15 shekels of silver from the
AKT 8 2015.pdf,ha-mu!-tim  !a  *x [x x ]/ [x],"week-eponymy of .........,"
AKT 8 2015.pdf,É  DAM.GÀR  1  GÍN.T[A],I borrowed at the house of a merchant
AKT 8 2015.pdf,"a-""í-ib-tim  al-qé-ma",at an interest of 1 shekel per (month)
AKT 8 2015.pdf,"a-dí-!u-um  ,  GÍN KÙ.B.",and I gave it to him. ) shekel of silver
AKT 8 2015.pdf,a-ha-ma  ú-ku-ul-tí,I gave separately as food for
AKT 8 2015.pdf,ÌR  a-!ar  ú-kà-i-lu-!u-/ni,"the slave, where he held him"
AKT 8 2015.pdf,a-dí-in  ur-ki-tám,Later the slave escaped
AKT 8 2015.pdf,"ÌR  i-qá-tí  Ú-""ú-ur-pì-/A-!ur",from U/ur-p$-A!!ur’s grip and
AKT 8 2015.pdf,e-bu-ut-ma  3  GÍN,I paid 3 shekels of silver
AKT 8 2015.pdf,KÙ.B  a-na  É  nu-a-im,to the house of the Anatolian (and)
AKT 8 2015.pdf,"á!-qúl  ÌR  ú-!é-""í-am",I obtained the release of the slave.
AKT 8 2015.pdf,"GEMÉ-tám  !a  ""ú-ha-ar-/tim","The female slave belonging to the girl,"
AKT 8 2015.pdf,lá  qá-bi-ú-ni,"a verdict of the colony,"
AKT 8 2015.pdf,ú-da-bi-sí-ma,"has ........... her, whereupon"
AKT 8 2015.pdf,it-bi-ma  i-<ta>-lá-ak,he got up and went away.
AKT 8 2015.pdf,"e ta-%í-pì-il5-ma in AKT 3, 88:54.","70 The name is extremely rare; an abbreviated form is Ú-""ur-pí-a, in TPAK 1, 203:3ff., and in OIP 27,"
AKT 8 2015.pdf,attested U'ur-!a-A!!ur.,IX.  THE CHILDREN OF ELAMMA (165-178)
AKT 8 2015.pdf,perhaps the slave himself was a defaulting debtor sold into debt-bondage. This could explain,"why he fled, but how and why he ended up in an Anatolian’s house is unclear, also because the"
AKT 8 2015.pdf,kels borrowed from a money-lender according to*178. He may have done so to prevent it from,being formally recorded in a dated debt-note. Text *176 suggests that U'ur-!a-A!!ur had
AKT 8 2015.pdf,produce (?; the verb is missing) a valid record by which U'ur-p$-A!!ur had renounced any,further claims on the inheritance. What he had already received is unknown. *164 registers the
AKT 8 2015.pdf,some time earlier had married (*177:8-9 uses the verb ah$zum) a slave-girl as concubine or wife,and that the Kanesh colony decided that this “acquisition” was an accepted fact (k'ma ahzuni
AKT 8 2015.pdf,"(Assur) a slave-girl as hierodule”(? ana i!tariutti!u), three others “will each take one slave-girl",from those with whom they had already intercourse (!a lamd#) and she will be deducted from
AKT 8 2015.pdf,"mutta muttama), but adds that “A!!ur-id$’s concubine is relinquished to him” (!awissu !a A.",wa!!urassum). This must mean that he can keep her and perhaps that this girl is not included in
AKT 8 2015.pdf,"Text *178:17-19 describes how this affair ended, apparently stating that U'ur-p$-A!!ur","somehow got rid of the girl (the verb is unfortunately unclear) and left, perhaps frustrated by the"
AKT 8 2015.pdf,elusive U'ur-p$-A!!ur.,"X.  I!TAR-LAMASS""  AND HER DEATH (179-188)"
AKT 8 2015.pdf,"I!tar-lamass"". She was a daughter of Elamma, as is stated in Kt 94/k 181 (courtesy C. Michel),",where she seals an undated contract in which her sister #alimma (the wife of Ir’am-A!!ur) buys
AKT 8 2015.pdf,"a slave. She was originally married to the Assyrian K$n-ilum, with whom she had two sons,","Iliya and Ilabrat-b%ni, and a daughter, #""mat-I!tar, who lived in Assur as ugbabtu-priestess."
AKT 8 2015.pdf,ta-!í-im-m[a i-na],will as follows: Of the
AKT 8 2015.pdf,ma-na  LÁ 3  GÍN [KÙ.B.],57 shekels of [silver}
AKT 8 2015.pdf,!a  i-ba-!í-ú-[ni],"that are available,"
AKT 8 2015.pdf,#  ma-na °7¿ G[ÍN],Iliya will take
AKT 8 2015.pdf,Ì-lí-a  i-lá-q[é],37 shekels;
AKT 8 2015.pdf,$ ma-na dNIN.#U[BUR]/-b[a-ni],Ilabrat-b%ni will take
AKT 8 2015.pdf,i-lá-qé  2% GÍN KÙ.G[I],20 shekels; 2' shekels of gold
AKT 8 2015.pdf,ù  7#  GÍN KÙ.B. [ù],and 7( shekels of silver
AKT 8 2015.pdf,ku-nu-kam a-na DUMU.MÍ-[i-a],plus the seal one will send to
AKT 8 2015.pdf,gu5-ba-ab-tim ú-!é-b[u-lu],my daughter who is a gubabtu-priestess.
AKT 8 2015.pdf,#  ma-na KÙ.B. !a  [Ø],( mina of silver for which
AKT 8 2015.pdf,É-tù  uk-ta-[lu],the house is held (as security)
AKT 8 2015.pdf,GÍN KÙ.B. *a-l °á?-x x ],15 shekels of silver ....... .
AKT 8 2015.pdf,É-tù-!a  uk-[ta-lu],"her house is held (as security),"
AKT 8 2015.pdf,&up-pu-!u-nu  a-na [Ì-lí-a?],the relevant tablets belong to [Iliya?].
AKT 8 2015.pdf,i-za-zu  lu-q°ú-tum¿?,The merchandise?
AKT 8 2015.pdf,!a a-bi-!u-nu  [a-na],of their father
AKT 8 2015.pdf,ki-lá-le-![u-nu],belongs to the two
AKT 8 2015.pdf,i-za-zu  *I[D?-x x x],of them. With [............]
AKT 8 2015.pdf,ta-lá-qé  qá-á[b?*-li-tám],she will take. A qabl'tu-bowl
AKT 8 2015.pdf,i-lá-qé  mu-![a-lam],will take. The mirror
AKT 8 2015.pdf,ù  !u-ga-ri-[a-am],"and the !ugarri""’um"
AKT 8 2015.pdf,dNIN.#UBUR-ba-ni  i-lá-qé,Ilabrat-b%ni will take.
AKT 8 2015.pdf,IGI Ma-(í-ì-lí  IGI  Puzur4-I![tar],"In the presence of Ma)i-il"", of"
AKT 8 2015.pdf,IGI En-um-A-!ur,"Puzur-I!tar, of Ennam-A!!ur."
AKT 8 2015.pdf,X.  I#TAR-LAMASS&  (179-188),"each weighing 1 mina (of silver), were owned by I!tar-lamass"" according to *186:4-5 (in l. 18"
AKT 8 2015.pdf,"A letter by family members in Kanesh with #""mat-I!tar as main addressee (l. 5, “your mother”),","together with relatives living in Assur, among whom Lamassutum’s daughter Umm""-I!hara and"
AKT 8 2015.pdf,ù En-um-A-!ur-ma  a-na  A-ta-a-/a,"and Ennam-A!!ur, say to Ataya,"
AKT 8 2015.pdf,ù  +í-ma-at-I!tar  qí-bi4-ma,"and #""mat-I!tar:"
AKT 8 2015.pdf,lá  li-bi  i-lim-ma : um-mì-ki,“Unfortunately your mother
AKT 8 2015.pdf,ù  ki-lá-lá-ma : a-hu-ki : me-tù,and both your brothers are dead.
AKT 8 2015.pdf,i-na  ba-áb  :  mu-wa-tim,When your mother was
AKT 8 2015.pdf,!a  um-mì-ki  3  me-er-e,"on her deathbed, we seized"
AKT 8 2015.pdf,um-mì-a-ni :  ni-i(-ba-at-ma,three affiliated traders and
AKT 8 2015.pdf,a-na  (é-er  : um-mì-ki,"brought them inside, to your"
AKT 8 2015.pdf,né-ru-ub-ma : IGI  3  me-er-e,mother and in the presence of these
AKT 8 2015.pdf,um-mì-a-ni : ta-ma-lá-ke-!a,"three affiliated traders your mother,"
AKT 8 2015.pdf,i-na  bu-ul-&í-!a-ma,opened her coffers
AKT 8 2015.pdf,ta-ap-&ù-ur-ma  KÙ.B.,and they saw every shekel
AKT 8 2015.pdf,GÍN : i-!u : qá-tí-!a,"of silver, her cash money"
AKT 8 2015.pdf,!a  ib-!í-ú  e-mu-ru-ma,that there was and she
AKT 8 2015.pdf,2% GÍN GU#KIN  ù,gave 2' shekels of gold and
AKT 8 2015.pdf,GÍN KÙ.B. : a-na   ku-a-tí,8 shekels of silver to you.
AKT 8 2015.pdf,ta-dí-in  #  ma-na  7  GÍN,37 shekels of silver she gave
AKT 8 2015.pdf,KÙ.B  a-na  Ì-lí-a : a-hi-ki¡(KÀ),"to your brother Iliya,"
AKT 8 2015.pdf,ta-dí-in  : $ ma-na  KÙ.B.,20 shekels of silver
AKT 8 2015.pdf,a-na  dNIN.#UBUR-ba-ni,she gave to Ilabrat-b%ni.
AKT 8 2015.pdf,um-mì-ki-ma : lá-ma : a-na  sí-kà-/tim,"before we left for the campaign,"
AKT 8 2015.pdf,i!-tù  i-!u : qá-tí-!u : ig-mu-ru,all he had available and (since)
AKT 8 2015.pdf,ù  nu-a-um :  !a  um-mì-ki :  e-hu-zu,Iliya was married with the daughter of
AKT 8 2015.pdf,Ì-lí-a : me-er-a-sú  : a-hi-iz,"the Anatolian, who had married your mother,"
AKT 8 2015.pdf,nu-a-um :  gám-ra-am a-na,that Anatolian paid the
AKT 8 2015.pdf,ki-!a-ar-!í-im : ig-mu-ur-/ma,expenses made for the jail and
AKT 8 2015.pdf,i!-tù  nu-a-um :  ga-ma-ar-!u,after the Anatolian had recovered his
AKT 8 2015.pdf,il5-qé-ú :  lu  a-na  bi-ki-tim,"expenses, 27 shekels of silver have been"
AKT 8 2015.pdf,!a  um-mì-ki  ù  a-he-ki  (erasure),spent for the bewailing of your mother
AKT 8 2015.pdf,$  ma-na  7  GÍN KÙ.B. ga-me-er,and your brothers. Here
AKT 8 2015.pdf,a-na-kam : !a  ki-ma  DUMU  Hi-na-a,the representative of the son of
AKT 8 2015.pdf,[D]AM.GÀR-ru-um  !a  a-he-ki,"Hinn%ya, the creditor of your brothers,"
AKT 8 2015.pdf,a-na  (a-ba-at  KÙ.B.,"took steps to seize the silver,"
AKT 8 2015.pdf,[i-z]i-iz-ma  En-um-A-!ùr  ù,but Ennam-A!!ur and
AKT 8 2015.pdf,[+u-mì-a-b]i-a  !a  ki-ma  ku-a-tí,"#umi-abiya, your representatives"
AKT 8 2015.pdf,[x  x  x¿*-ma  um-ma  né-nu-ma  KÙ.B,[warned us] and we said:
AKT 8 2015.pdf,[lá i]-(a-ba-at : KÙ.B. : ma-nu-!u,‘He shall not seize the silver!’ Who is he
AKT 8 2015.pdf,"have available (KÙ.B. 1 GÍN  i-!u q""tiki); TC 3, 66:22, i-!u b*t abikunu; Prag I 440: 31, i!tu i-!i","ú q""tia agmuru; and below *189:47, KÙ.B. 1 GÍN i-!u q""tika. They show that i!)m here is a"
AKT 8 2015.pdf,i-ba-áb-tim : té-zi-bu,her daughter as part of the outstanding
AKT 8 2015.pdf,a-he-!a : a-tù-nu :  ta-lá-qé-a,"for the debt, for her brothers?”"
AKT 8 2015.pdf,ni-zi-iz-ma : i-na,We took action and rebutted
AKT 8 2015.pdf,a-wa-tim : ni-bu-!u-nu-ma,them by our argumentation.
AKT 8 2015.pdf,i!-tù : gám-ru-um  ù  !a  a-na,After the expenses made for the
AKT 8 2015.pdf,bi-ki-tim : !a  um-mì-ki,bewailing of your mother and
AKT 8 2015.pdf,ù  a-he-ki : i(-hi-ru : !í-tí,"your brothers had been deducted, the rest"
AKT 8 2015.pdf,KÙ.B  #  ma-na  7  GÍN KÙ.B.,"of the silver, 37 shekels of silver, and 2'"
AKT 8 2015.pdf,ù  2%  GÍN KÙ.GI  ku-nu-ki,"shekels of gold, under the seals"
AKT 8 2015.pdf,!a  En-um-A-!ùr  ù,of Ennam-A!!ur and #umi-abiya
AKT 8 2015.pdf,DUMU  Ha-da-a : i-na,"Ennam-il"", the son of Had%ya,"
AKT 8 2015.pdf,pu-ùh-ri-ni :  ni-ip-qí-/id-ma,and he is on his way
AKT 8 2015.pdf,i-na  #À.BA  KÙ.B.  ri-ik-sí-/im,In the packet of silver 2' shekels
AKT 8 2015.pdf,2%  GÍN  KÙ.B. !a  Ì-lí-a,"of silver of Iliya, excise"
AKT 8 2015.pdf,ni-is-ha-tum :  !a  A-!ùr (eras.),"for (the city of) A!!ur, have been put."
AKT 8 2015.pdf,na-ad-a : KÙ.B  !u-a-tí  a-na,Give that silver to the office
AKT 8 2015.pdf,É  li-mì-im : dí-ni :  KÙ.B,of the l'mum. This silver
AKT 8 2015.pdf,a-ni-um :  É  E-lá-ma :  ib-!í,was in Elamma’s house.
AKT 8 2015.pdf,i-ba-!í-ú : pá-al-ha-[ni]-ma,and mother. We did not dare to open
AKT 8 2015.pdf,pá-&á-ra-am  ú-lá  ni-mu-wa,them because we were afraid.
AKT 8 2015.pdf,lá  ta-á!-ta-na-me-i : ki-ma,Have you not heard that
AKT 8 2015.pdf,um-mì-ki : i!-tù  10  !a-na-/tim,the Anatolian is since ten years
AKT 8 2015.pdf,nu-a-um  ah-zu-ma,married to your mother and that
AKT 8 2015.pdf,le.e. i-na  É  nu-a-im  wa-á!-ba-at-/ni,she lived in the house of the
AKT 8 2015.pdf,lá  ta-da-gi5-li : KÙ.B,"silver, (there are only) the afore-mentioned"
AKT 8 2015.pdf,a-mì-um  ù KI#IB-kam um-mì-ki,silver and the seal your mother.”
AKT 8 2015.pdf,"3-4. Hu-bu-ul in the absolute state is strange, perhaps something (a PN or a pron. suffix) was","omitted. What we read here is also mentioned *180:36-39, where “a creditor of your brothers”"
AKT 8 2015.pdf,# ma-na 7 GÍN KÙ.B.,37 shekels of silver
AKT 8 2015.pdf,ú  2% GÍN KÙ.GI  I!tar-lá-ma-/sí,and 2' shekels of gold
AKT 8 2015.pdf,DAM  Ku-ni-li,"I!tar-lamass"", wife of K$n-ilum,"
AKT 8 2015.pdf,DAM  E-lá-ma,wife of Elamma.
AKT 8 2015.pdf,té-zi-ib  KÙ.B  ú  KÙ.KI,That silver and gold
AKT 8 2015.pdf,ú  +u-<mì>-a-bi4-a  DUMU  A-mu-a,"Elamma’s son Ennam-A!!ur,"
AKT 8 2015.pdf,DAM  E-lá-ma  (erasure),"son of A!!ur-d%n, and"
AKT 8 2015.pdf,E-lá-ma  i-!a-ha-at,son of Amua.
AKT 8 2015.pdf,um-mì-!u  i-zi-iz-ma,In the presence of
AKT 8 2015.pdf,DUMU I-ku-pí-a IGI A-mur-DINGIR,"son of Ik$n-p""ya,"
AKT 8 2015.pdf,DUMU  +u-Ku-bi-im,"of Amur-il"", son of #u-K$bum,"
AKT 8 2015.pdf,IGI  Ma-(í-ì-lí,"of Ma)i-il"", son"
AKT 8 2015.pdf,DUMU  Bu-zu-zu,"of Buzuzu,"
AKT 8 2015.pdf,IGI  Puzur2-I!tar,"of Puzur-I!tar,"
AKT 8 2015.pdf,1/2 ma-na  LÁ 1 GÍN KÙ.B.,"29 shekels of silver,"
AKT 8 2015.pdf,a-ha-ma  8 GÍN KÙ.B.,separately 8 shekels of silver and
AKT 8 2015.pdf,ù 2% GÍN KÙ.KI !a  DAM Ku-ni-lim,"2' shekels of gold of K$n-ilum’s wife,"
AKT 8 2015.pdf,2%  GÍN KÙ.B.  ni-is-ha-tum,"2' shekels of silver, excise"
AKT 8 2015.pdf,!a  A-!ur  I-li-a  DUMU  Ku-ni-lim,"for Assur, Iliya, son of K$n-ilum"
AKT 8 2015.pdf,e-zi-ib  KÙ.B.  a-ni-um,"left behind. This money,"
AKT 8 2015.pdf,!a  I!tar-lá-ma-sí  DAM,"which I!tar-lamass"", K$n-ilum’s"
AKT 8 2015.pdf,ki-ma me-er-e  Ku-ni-lim,acting for K$n-ilum’s sons
AKT 8 2015.pdf,En-um-A-!ur  DUMU  A-!ur-dan,"Ennam-A!!ur, son of A!!ur-d%n,"
AKT 8 2015.pdf,ù +u-mí-a-bi4-a  DUMU  E-mu-a,"and #umi-abiya, son of Emua,"
AKT 8 2015.pdf,!a-zu-uz-tum  !a,the representatives of
AKT 8 2015.pdf,me-er-e  Ku-ni-lim  KÙ.B. ù,"K$n-ilum’s sons, have sealed"
AKT 8 2015.pdf,KÙ.KI  ik-nu-ku-ma  a-na,this silver and gold and
AKT 8 2015.pdf,ni-ip-qí-<id>-ma : a-na a-limki,"son of Had%ya, to bring it to the"
AKT 8 2015.pdf,a-(é-er  DUMU.MÍ  Ku-ni-lim,"City, to the address of K$n-ilum’s"
AKT 8 2015.pdf,ú-ba-al : !a-du-a-sú,daughter. He has been paid his
AKT 8 2015.pdf,!a-bu  IGI  Ip-pa-lu,transport fee. In the presence of
AKT 8 2015.pdf,DUMU A-mur-I!tar,"Ippalu, son of Amur-I!tar,"
AKT 8 2015.pdf,u.e.  IGI  A-!ur-ma-lik  DUMU  A-mu-ra,"of A!!ur-m%lik, son of Amura,"
AKT 8 2015.pdf,IGI  A-!ur-i-mì-tí  DUMU  A-ni-nim,"of A!!ur-imitt"", son of An""num."
AKT 8 2015.pdf,i-na  KÙ.B.-áp  I!tar-lá-ma-/sí,"From the silver of I!tar-lamass"""
AKT 8 2015.pdf,!a : a : DUMU-e-!a,that she gave to her sons
AKT 8 2015.pdf,ta-dí-nu-ma  KÙ.B. i-na!,and which silver rested as safe deposit
AKT 8 2015.pdf,É!  E-lá-ma a-na-áb-!é-em,"in Elamma’s house,"
AKT 8 2015.pdf,ib-!í-ú  #À.BA  7 GÍN,"from that silver Iliya, when he was"
AKT 8 2015.pdf,KÙ.B.  Ì-lí-a  i-bu-ul-&í-!u,"still alive, took 7 shekels from"
AKT 8 2015.pdf,i-qá-tí-!u  il5-qé i!-tù,his share. After the sons of
AKT 8 2015.pdf,l.e. lu a-na  bi-ki-tí-!u-nu,(when) our brothers arrived for
AKT 8 2015.pdf,lu  a-ku-sí-im  !a,bewailing them and
AKT 8 2015.pdf,rev. um-mì-!u-nu  &á-bu-im,for removing the chair
AKT 8 2015.pdf,a-hu-ni  e-ru-bu-ni-ma,"of their mother,"
AKT 8 2015.pdf,$  ma-na  LÁ #  GÍN KÙ.B.,19( shekels of silver
AKT 8 2015.pdf,lu  a-bi4-ki-tí-!u-nu  lu a-na,both for bewailing them
AKT 8 2015.pdf,ku-sí-im  !a  um-mì-!u-nu,"and for the chair of their mother,"
AKT 8 2015.pdf,lu  a-na nu-a-im  a-!u-mì  I-lí-a,and 7 ( shekels of silver
AKT 8 2015.pdf,7#  GÍN  KÙ/B.,"to the Anatolian, because of Iliya"
AKT 8 2015.pdf,a-hu-bu-<li>-!u i-!í-qí-il5,"for his debt, were paid."
AKT 8 2015.pdf,!í-tí  KÙ.B. a-(é-er,The rest of the silver was sent to address
AKT 8 2015.pdf,a-ha-tí-!u-nu  DUMU.MÍ  Ku-ni-lim,"of their sister, the daughter of K$n-ilum,"
AKT 8 2015.pdf,l.e.  a-na  a-limki  : DUMU A-!ur-dan,"to the City, by son of A!!ur-d%n"
AKT 8 2015.pdf,ù  +u-ma-bi-a  !a  ki-ma,"and #umi-abiya, the representatives"
AKT 8 2015.pdf,DUMU-e  Ku-ni-lim  ú-!é-bi4-lu,of K$n-ilum’s sons.
AKT 8 2015.pdf,"naruq 2 DUG / buqlim / ana ku-sí-im (5) !a ummi!a / &á-bu-im / Anana / DAM ,nah-il' / ana","+alimma (10) tahbul, “For 1 sack and 2 jars of wheat (and) 1 sack and 2 jars of malt, for the"
AKT 8 2015.pdf,Puzur4-A-!ur  DUMU  I-ku-/pí-a,"Puzur-A!!ur, son op Ik$n-p""ya,"
AKT 8 2015.pdf,En-um-A-!ur  DUMU I-dí-/Sú-/in,"Ennam-A!!ur, son of Iddin-Suen,"
AKT 8 2015.pdf,I-dí-I!tar  DUMU Ah-!a-lim,"Iddin-I!tar, son of Ah-!alim,"
AKT 8 2015.pdf,DUMU A-!ur-dan,"son of A!!ur-d%n,"
AKT 8 2015.pdf,DUMU-e   Ku-ni-lim,the sons of K$n-ilum -
AKT 8 2015.pdf,i-pu-ùh-ri-!u-nu <gamram !a>,collectively paid <the expenses>
AKT 8 2015.pdf,bi4-ki-tí-!u-nu,of bewailing them and
AKT 8 2015.pdf,ù ku-sí-im  !a  I!tar/-lá-/ma-sí,"of I!tar-lamass""’s chair"
AKT 8 2015.pdf,i-KÙ.B. !a  i-É,from the silver that was
AKT 8 2015.pdf,u.e. DAM  E-lá-ma  ib-!í-/ú,was in the house of
AKT 8 2015.pdf,l.e. hu-!a-li  DUMU A-!ur-/dan,The son of A!!ur-d%n
AKT 8 2015.pdf,ù +u-ma-a-bi4-a,and #umi-abiya
AKT 8 2015.pdf,tioned alongside K$n-ilum);,"I!tar-b%ni, perhaps the son of Asq$dum, mentioned in *306:1, 5;"
AKT 8 2015.pdf,&up-pá-am  !a  Bi-zi-lá,(Of) 1 tablet of Bizila
AKT 8 2015.pdf,ù  I!tar-lá-ma-sí : qá-sá,"and I!tar-lamass"", the share"
AKT 8 2015.pdf,!a  I!tar-lá-ma-sí,"of I!tar-lamass"";"
AKT 8 2015.pdf,!a  1  ma-na.TA  KÙ.B.,"of 1 mina silver each ,"
AKT 8 2015.pdf,ù  ma-az-li-ki,and some mazliku’s.
AKT 8 2015.pdf,mì-ma : a-nim : a-na,All this I entrusted to
AKT 8 2015.pdf,hu-bu-ul  dNIN.#UBUR-ba-ni,Lullu for the debt
AKT 8 2015.pdf,a-na  Lu-lu  (áp-qí-id  erased),"of Ilabrat-b%ni,"
AKT 8 2015.pdf,áp-qí-id  um-ma  a-na-ku-ma,with the words:
AKT 8 2015.pdf,a-na  É  a-bi-a  ù,"""You shall not again claim"
AKT 8 2015.pdf,um-mì-a  a-na  mì-ma,anything from the house of
AKT 8 2015.pdf,!u-um-!u  ú-lá  ta-tù-/ar,"my father and mother,"
AKT 8 2015.pdf,lu  i-na  !í-im  bé-tim,"neither from the price of the house,"
AKT 8 2015.pdf,lu  i-!i-im  TÚG.HI.A,"nor from the price of textiles,"
AKT 8 2015.pdf,lu  i-!í-im  qá-áb-li-a-/tim,"nor from the price of qabl'tu's,"
AKT 8 2015.pdf,mu-!a-li-im,"the mirror,"
AKT 8 2015.pdf,i!-°tù¿ : nu-a-am : hu-bu-ul,After you will have paid
AKT 8 2015.pdf,dNIN.#UBUR-ba-ni,the Anatolian the debt of
AKT 8 2015.pdf,tù-!a-bu-ú : !í-tum,"Ilabrat-b%ni, for the rest"
AKT 8 2015.pdf,KÙ.B. : mì-ma  i-na  li-bi-kà,"of the silver, whatever you"
AKT 8 2015.pdf,i-!í-tù : i-le-e,"still owe me, I have the gods"
AKT 8 2015.pdf,i-na  &up-pí-im : pá-qá-dim,When the tablet was handed over
AKT 8 2015.pdf,Bi-za-lá : a-na  qá-tí-!a,Bizala took responsibility for
AKT 8 2015.pdf,ta-zi-iz : IGI  Dan-A-!ur,"her share. In the presence of D%n-A!!ur,"
AKT 8 2015.pdf,le.e. IGI A-mur-DINGIR IGI Ma-(í-ì-lí,"of Amur-ili, of Ma)i-il"","
AKT 8 2015.pdf,IGI  A-!ur-i!-ta-ki-il5,of A!!uri!-takil.
AKT 8 2015.pdf,IGI  Ha-pu-a-!u  !a  SÍG.HI.A,"of Happua!a, the wool-trader,"
AKT 8 2015.pdf,"speaker “entrusted” to the person addressed property – I!tar-lamass""’s share in an asset owned",jointly with a certain Bizila72 and various precious objects of silver and bronze - for paying what
AKT 8 2015.pdf,KI#IB Puzur4-A-!ur  DUMU I-ku-pí-a,"Seal of Puzur-A!!ur, son of Ik$n-p""ya,"
AKT 8 2015.pdf,KI#IB Dan-A-!ur  DUMU Puzur4-A-!ur,"seal of D%n-A!!ur, son of Puzur-A!!ur,"
AKT 8 2015.pdf,KI#IB Pè-ru-a  DUMU  +u-up-ip-ra,"seal of Peruwa, son of #uppibra,"
AKT 8 2015.pdf,KI#IB Pè-ru-a  DUMU  A-ra-wa,"seal of Peruwa, son of Arawa,"
AKT 8 2015.pdf,KI#IB Za-ba DUMU Ha-nu KI#IB Lu-lu,"seal of Zaba, son of Hanu, seal of Lullu,"
AKT 8 2015.pdf,DUMU  Ha-pí  Lu-lu  DUMU  Ha-pí,"son of Hapi, <that is> Lullu, son of Hapi,"
AKT 8 2015.pdf,!a  I!tar-lá-ma-sí  DAM  Ku-ni-lim,"who had married I!tar-lamass"", wife of"
AKT 8 2015.pdf,e-hu-zu  i!-tù  a-wi-il5-tum,K$n-ilum. After the lady
AKT 8 2015.pdf,me-ta-at-ni  a-wa-tù-!u-nu,"had died, their  affairs were"
AKT 8 2015.pdf,i-gi5-im-ra-ma  lu  gám-ra-am,were settled and for the expenses
AKT 8 2015.pdf,!a  a-na  a-wi-il5-tim  ig-mu-ru,"made for the lady,"
AKT 8 2015.pdf,lu  a-na  Ì-lí-a  !a  a-na,"and those made for Iliya, who"
AKT 8 2015.pdf,<< a >>  ki-!ar!-!í-im  i-ni-id-ú,had been thrown into jail <and>
AKT 8 2015.pdf,(erasure)  Lu-lu  gám-ra-am,"whose expenses Lullu had paid,"
AKT 8 2015.pdf,ig-mu-ru  lu  !a  a-wi-il5-tim,"for both those made for the lady,"
AKT 8 2015.pdf,le.e. lu  a-!a  Ì-lí-a  a-na  mì-ma  !u-um-/!u,"and those made for Iliya, Lullu,"
AKT 8 2015.pdf,(seal D)  a-na  me-er-e,"son of Hapi, will not raise any claims"
AKT 8 2015.pdf,Ha-ni-im  Lu-lu DUMU Ha-pì  lá  i-tù-/ar,against the sons of Hanum.
AKT 8 2015.pdf,i-na  $  ma-na  KÙ.B.,"From the , mina of silver"
AKT 8 2015.pdf,!a  qá-tí  dNIN.#UBUR-ba-/ni,that was Ilabrat-b%ni’s share
AKT 8 2015.pdf,GÍN  a-na  bi4-ki-tim,we booked 2 shekels for
AKT 8 2015.pdf,ni-il5-pu-tù  2-  GÍN,"the bewailing, 2- shekels of"
AKT 8 2015.pdf,KÙ.B.  a-na  GIG  a-Lu-lu,silver for wheat we gave
AKT 8 2015.pdf,ni-dí-in  2  ki-ra-tim,"to Lullu, 2 jars of beer we"
AKT 8 2015.pdf,i-!a-am-!í   bi4-ki-tim  ni-il5-/qé,took on the day of the bewailing.
AKT 8 2015.pdf,i-na  !a(?NI)-nim  u4-mì-im,On the second day we paid
AKT 8 2015.pdf,3%  GÍN  a-2  UDU.HI.A,"3' shekels for 2 sheep,"
AKT 8 2015.pdf,l.e. a-na  e-(é  %  GÍN,"for firewood, ' shekel"
AKT 8 2015.pdf,a-sú-ba-ri-im,"for sub""rum,"
AKT 8 2015.pdf,rev. %  GÍN  a-na  qá-nu-e,"' shekel for reed,"
AKT 8 2015.pdf,#E  a-!u-um-ke 15  #E,"1/12 shekel for onions, 1/12"
AKT 8 2015.pdf,a-qá-nu-e  !a  ki-ra-tim,"shekel for reed for the jars,"
AKT 8 2015.pdf,1/6  GÍN a-na  UDU e-ri-/im,2 1/6 shekels for a ‘naked’  sheep;
AKT 8 2015.pdf,ki-ra-tim  $ GÍN  7#  #E,"7 jars of beer we drew, 3/8 shekel;"
AKT 8 2015.pdf,ni-is-bi4 : i-na  !a-nim  u4-mì-im,on the second day
AKT 8 2015.pdf,ki-ra-tim  ni-is-bi4,4 jars of beer we drew;
AKT 8 2015.pdf,1 GÍN  KÙ.B.  DUMU A-!ur-dan  ù,1 shekel of silver (for) the son of A!!ur-d%n
AKT 8 2015.pdf,1$ GÍN a-na  Lu-lu  a-na  GIG,"and 1, shekel for Lullu, for wheat,"
AKT 8 2015.pdf,u.e. nu-ra-dí  #  GÍN 15 <#E>  a-na,we added; 7/12 shekel for
AKT 8 2015.pdf,ki-ra-tim ni-i!-qúl,2 jars of beer we paid;
AKT 8 2015.pdf,GÍN  KÙ.B. a-na  UDU  ni-i!-qúl,1 shekel silver we paid for a sheep.
AKT 8 2015.pdf,"What I!tar-lamass"" and presumably her sons left behind was more than cash money. Lines","*179:13-27 of the last will mention “tablets”, probably recording debts for which houses were"
AKT 8 2015.pdf,XI.  IR’AM-A!!UR (189-205),"Ir’am-A!!ur was the son of Id(d)i-b""ni74 and married to #alimma, a daughter of Elamma, as"
AKT 8 2015.pdf,"Ir’am-A!!ur’s name is usually spelled Ir-ma-A!!ur, with contraction, but occasionally Ir-","am-A!!ur (*226A:1//B:18) and he even occurs as Na-ra-am-A!!ur, son of Id(d)i-b""ni (in *233:"
AKT 8 2015.pdf,"DUMU I-dí-ba-ni, shows that NI- is to be read Ì-, but I do not know what the name means. Ir’am-A!!ur’s","son was named after this grandfather, see *192:15-16."
AKT 8 2015.pdf,"3, 27a:1; 5, 26d:14; CTMMA 78c:1; EL 93:1; 235:9.27.30 (correct in both texts Abum-A!!ur into Ir-ma-","A!!ur); KTBl. 5:16; Prag I, 535:23; 653:6; 750:2; RA 58 no. 22:18. 24; TC 3, 67-69 (letter of Enlil-b""ni"
AKT 8 2015.pdf,XI.  IR’AM-A##UR (189-205)                                                  268,"have sworn an oath by the City and they have been entitled77, so that they will not raise claims"
AKT 8 2015.pdf,"A.  Ir’am-A""""ur and Ennam-A""""ur (189-194)","The next six texts document business relations between Ennam-A!!ur, a son of Elamma"
AKT 8 2015.pdf,En-um-A-!ur-ma  i-nu-[mì  i-na],Ennam-A!!ur: “When in Hurama
AKT 8 2015.pdf,Hu-ra-ma  na-á!-pè-er-tá[m],you wrote for me a document
AKT 8 2015.pdf,a-dí  TÚG.HI.A  tù-lá-pì-ta-[ni],"concerning the textiles, apart from"
AKT 8 2015.pdf,e-lá  2# GÍN KÙ.B. !a  [Ø],the 2%  shekels of silver that you had
AKT 8 2015.pdf,gám-ra-am  !a  ha-ra-nim  a-qá-[tí-a],"cash the travel expenses’,"
AKT 8 2015.pdf,dí-na-am  um-ma  a-ta-ma  a-°dí¿,but you answered me:
AKT 8 2015.pdf,TÚG.HI.A  ta-!a-lá-ha-ni  ù a-na-ku,‘Only when you salvage the textiles
AKT 8 2015.pdf,a-lá-ak-ma  i!-tù  Ha-hi-im,I will go and send you from Hahhum
AKT 8 2015.pdf,ú-!é-ba-lá-kum  ù  a-dí  ma-lá ù !í-/ni-!u,expenses’. Then I wrote a few times
AKT 8 2015.pdf,a-na  Ha-hi-im  á!-pu-ra-ku-ma  a-ta,"to you in Hahhum, but you did not send"
AKT 8 2015.pdf,mì-ma  lá  tù-u!-té-bi-lam  i-nu-mì,me anything. Did you not know that when
AKT 8 2015.pdf,ta-tal-ku : lá  tí-dí-e  ki-ma  ha-ra-na-tum,you had left the roads were in turmoil
AKT 8 2015.pdf,sà-hu-a-ni  ù  É.GAL-lu  da-nu-ni,and the palaces were headstrong?
AKT 8 2015.pdf,a-dí  a-wa-tum  iz-ku-a-ni  ITU.8. KAM,Until the matter was cleared I had
AKT 8 2015.pdf,i-na  li-bi  ma-tim  as-hu-ur,to stay 8 months in the interior.
AKT 8 2015.pdf,TÚG.HI-tù  i-na  a-lá-ni  a-!ar  ib-!í-ú-ni,"I went to where the textiles were, in the"
AKT 8 2015.pdf,TÚG.HI.A a-%é-er  !a-zu-za-tí-kà  a-na,great effort I brought the textiles into
AKT 8 2015.pdf,Wa-ah-!u-!a-na  °ú¿-!é-ri-ib-ma,Wah!u!ana to your representatives.
AKT 8 2015.pdf,TÚG.HI.A a-gám-ri-im  i-gi5-im-ru,Three textiles were spent for expenses.
AKT 8 2015.pdf,TÚG.HI.A   sà-sà-am  lá-áp-tù-ma,The textiles are affected by moth and in
AKT 8 2015.pdf,!í-mu-um  lá  i-ba-!í  Pì-lá-ah-I!tar,"them for sale, but there were no buyers."
AKT 8 2015.pdf,a-ma-kam  lá  e-ta-wu-ku-um   ki-ma,Did Pilah-I!tar not tell you there that
AKT 8 2015.pdf,sà-sú-um  u!-ta-am-ri-%ú-!u-nu,moths have spoiled them and that one
AKT 8 2015.pdf,ù  !í-ma-am  ba-at-qám   ú-kà-i-lu-ni,offers a bad price for them?
AKT 8 2015.pdf,TÚG.HI.A  a-na  2$ ma-na  KÙ.B.,Ten textiles have now been sold for 2&
AKT 8 2015.pdf,[ ta-/ad-nu,[ minas of silver.
AKT 8 2015.pdf,KÙ.B. !a  ki-ma  ku-a-tí ik-nu-ku-nim-ma,Your representatives sealed the silver
AKT 8 2015.pdf,a-na-kam  i-ba-!í  ki-ma  i-na  Hu-ra-ma,and it is here. While you instructed me in
AKT 8 2015.pdf,tù-na-hi-dí-ni  um-ma  a-ta-ma  !u-ma,Hurama as follows: ‘If your sister goes
AKT 8 2015.pdf,a-ha-at-kà  a-na  a-limki ta-lá-kam KÙ.B.,"to the City, give the silver, the price the"
AKT 8 2015.pdf,!í-im  TÚG.HI.A dí-!í-ma  °lu¿ ta-li-kam,"textiles yielded, to her and let her come"
AKT 8 2015.pdf,a-na-kam  ki-ma  ku-%ú  da-nu-ni-ma,here’. But since a severe cold reigns here
AKT 8 2015.pdf,[ lá  na-&ù-ma,[ it is not feasible for her
AKT 8 2015.pdf,lá  ta-lá-kà-ni  a-dí  ki-am  KÙ.B. lá,to go and therefore I did not yield the
AKT 8 2015.pdf,[ ú-!ar-!í-im,[ silver to her.
AKT 8 2015.pdf,a-ta  a-ma-kam  ma-lá-kà  3 ma-na  LÁ,It is up to you there what to do. I sent
AKT 8 2015.pdf,KÙ.B.  i!-tí  (u-Sú-en6  i!-tù  Ha-tim,"of silver with #u-Suen from Hattum,"
AKT 8 2015.pdf,ú-<!é>-bi-lá-ku-ma  um-ma  a-na-ku-ma,"thinking: ‘He is my father, he will go"
AKT 8 2015.pdf,i-lá-ak-ma  i!-tù A-limki  AN.NA ú-!é-lá-°ma¿,and bring tin up for me from the City so
AKT 8 2015.pdf,KÙ.B. 1 GÍN e-li-a-ma ù KÙ.B. a-DAM.,that I obtain at least some silver and also
AKT 8 2015.pdf,[  [GÀR-ri-a],[can pay silver to my creditor and send
AKT 8 2015.pdf,a-![a-qa]l-ma a-na !a &up-pì-a ú-!é-b[a-al],(what I owe) on the basis of my tablet’.
AKT 8 2015.pdf,a-ta  um-ma a-ta-ma  KÙ.B. a-ha-[at-kà],"But you, you said: ‘Your sister needed"
AKT 8 2015.pdf,ta-°ah¿-!a-ah-ma  a-na  !a  &up-p[ì-kà,silver and I have given it to her on the
AKT 8 2015.pdf,[ a-tí-dí-!í-im],[ basis of your tablet’.
AKT 8 2015.pdf,ur-ki-tám i-°ba¿-áb ha-ra-ni-kà  [um-ma,"Later, when you were about to set out on"
AKT 8 2015.pdf,[  a-ta-ma],"[ a journey, you said: ‘Give me"
AKT 8 2015.pdf,KÙ.B.1 GÍN i-!u qá-tí-kà dí-na-[ma AN.NA],every single shekel of silver you have
AKT 8 2015.pdf,ma-na  lá-á!-a-ma-ku-ma  KÙ.B.,"then I will buy for you tin, 10 minas, so"
AKT 8 2015.pdf,[ li-li-a-ku-ma li-ba-am],[ that you can obtain silver and gather
AKT 8 2015.pdf,ri-!í  a-ta  ki-ma  li-bi4-i[m  ta-da-nim],"courage’. But instead of encouraging me,"
AKT 8 2015.pdf,ma-na  14  GÍN KÙ.B.  ni-[is-ha-sú DIRI,(for) the 1 mina 14 shekels of silver - its
AKT 8 2015.pdf,!a-du-a-sú  !a-bu a-ha-m[a $ ma-na KÙ.B.],"and in addition & mina of silver, temple"
AKT 8 2015.pdf,ik-ri-bu  !a  A-!ur  ni-is-h[a-sú  DIRI,"funds of A!!ur -  its excise added, its"
AKT 8 2015.pdf,[  <!a-du-a-sú>,[ transport fee paid – that I gave you
AKT 8 2015.pdf,°!a¿-bu  IGI  A-zu-ta-a  ù  Ì-d[í-ba-ni],"in the presence of Azutaya and Idi-b""ni"
AKT 8 2015.pdf,le.e. a-na  !í-a-ma-tim  a-dí-na-kum a-ta a-dí,"to make purchases with, until this very"
AKT 8 2015.pdf,[ u4-mì-im  a-nim  °AN.NA¿ / !í-im,[day you have not sent me the tin bought
AKT 8 2015.pdf,[ KÙ.B.-pì-a lá  tù-u!-té-bi4-la-am,[ with  my silver!
AKT 8 2015.pdf,col. I  um-ma  a-na-ku-ma  a-bi  a-ta,"I had said: ‘You are my father, my boss,"
AKT 8 2015.pdf,be-lí  a-ta  AN.NA. 10 ma-na,"purchase for me tin,"
AKT 8 2015.pdf,!a-ma-ma  !é-bi4-lam,"10  minas, and send it me’."
AKT 8 2015.pdf,col. II  a-bi4  a-ta  be-lí  a-ta  !í-im  KÙ.B.,"Please, my father, my boss, send what"
AKT 8 2015.pdf,!a  a-dí-na-ku-ni  AN.NA-!u  !é-bi4-lam,"was bought with the silver I gave you, its"
AKT 8 2015.pdf,e-en6  A-!ur <!a-mì-ra-ni>,tin. Enable me to face A!!ur!”
AKT 8 2015.pdf,"Earlier I had restored !a-[ni-tám la] taddinanni, a reading taken over in Geography footnote","438, but it is impossible, since it does not explain the subjunctive of the verbal form."
AKT 8 2015.pdf,a-na  Ir-ma-A-!ur  ù  dUTU-ba-ni,"To Ir’am-A!!ur and #ama!-b""ni,"
AKT 8 2015.pdf,a-na  Ir-ma-A-!ur  qí-bi-ma,"and in particular to Ir’am-A!!ur,"
AKT 8 2015.pdf,ma-na  LÁ 3 GÍN KÙ.B. i-pá-ni-tim,“Previously I sent you 2 minas
AKT 8 2015.pdf,i!-tù  Ha-tim  i!-tí  (u-Sú-en6,57 shekels of silver from Hattum
AKT 8 2015.pdf,ú-!é-bi-lá-ku-ma  um-ma  a-na-ku-ma,with #u-Suen and I thought:
AKT 8 2015.pdf,a-bi  !u-ut  i-lá-ak-ma  i!-tù,"‘He is my father, he will go and send"
AKT 8 2015.pdf,a-limki AN.NA 10 ma-na ú-!é-ba-lá-ma,me from the City at least 10 minas of tin
AKT 8 2015.pdf,li-ba-am  i-da-nam  ù  KÙ.B.,and thereby encourage me. And when some
AKT 8 2015.pdf,GÍN  e-li-a-ma  KÙ.B. a-na,silver becomes available for me I will then
AKT 8 2015.pdf,DAM.GÀR-ri-a  a-na  !a  &up-pì-a,be able to send silver to my creditor
AKT 8 2015.pdf,ú-!é-ba-al  a-ta  um-ma  a-ta-ma,on the basis of my tablet’. But you said:
AKT 8 2015.pdf,KÙ.B. a-ha-at-kà  ta-ah-!a-ah-ma,"‘Your sister needed the silver, so I gave it"
AKT 8 2015.pdf,a-na  !a  &up-pì-kà  a-tí-dí-!í-im,to her on the basis of your tablet’.
AKT 8 2015.pdf,ur-ki-tám i-ba-áb  ha-ra-<ni>-kà,"Later, when you were about to set out on"
AKT 8 2015.pdf,um-ma  a-ta-ma  KÙ.B. 1  GÍN,"a journey, you said: ‘Give me every single"
AKT 8 2015.pdf,i-!u  qá-tí-kà  dí-na-ma  AN.NA,shekel of silver you have available then I
AKT 8 2015.pdf,ma-na  lá-á!-a-ma  lu-!é-bi4-lá-ku-ma,"will buy for you and send you tin, 10"
AKT 8 2015.pdf,KÙ.B. li-li-a-ku-ma  li-ba-/am,"minas, so that you can obtain silver and"
AKT 8 2015.pdf,ri-![í]  um-ma  a-ta-ma,gather courage!’ You also said: ‘You must
AKT 8 2015.pdf,ù  [a-n]a  TÚG.HI-tí-a  a-na-ah-ma,also exert yourself for my textiles and
AKT 8 2015.pdf,TÚG.HI-tù  lá  i-ha-li-qú  °i¿-nu-mì,The textiles must not get lost!’ When
AKT 8 2015.pdf,ta-tal-ku  lá  tí-dí-e  ki-ma,"you left, did you not know that the roads"
AKT 8 2015.pdf,ha-ra-na-tum  ù  É.GAL-lu,and the palaces were causing difficulties?
AKT 8 2015.pdf,da-nu-ni a-dí TÚG.HI.A á!-lu-hu ITU.7./,Until I had salvaged the textiles I stayed
AKT 8 2015.pdf,i-na li-bi  ma-tim as-hu-ur         [ KAM,seven months in the interior. Three textiles
AKT 8 2015.pdf,TÚG.HI.A  a-gám-ri-im !a ha-ra-nim,"were spent for the expenses of the trip,"
AKT 8 2015.pdf,i-gi5-im-ru-ma TÚG.HI.A  ku-nu-ki !a,but I managed to ship the textiles under
AKT 8 2015.pdf,a-%é-er !a-zu-za-tí-kà ú-<!é>-li-ma,Kulumaya’s seals to your representatives.
AKT 8 2015.pdf,TÚG.HI.A  sà-sà-am  !a-am-ru-%ú-ma,The textiles are badly affected by moth
AKT 8 2015.pdf,a-na  3$  ma-na  KÙ.B. ta-ad-nu,and have been sold for (only) 3& minas
AKT 8 2015.pdf,KÙ.B. i-ku-<nu>-uk  !a-zu-uz-tí-kà,"silver. The silver, under the seals of your"
AKT 8 2015.pdf,i-ba-!í  a-bi4  a-ta  be-lí  a-ta,"Please, my father, my boss, to whom"
AKT 8 2015.pdf,e-lá-kà  a-ma-nim  a-da-gal  KÙ.B.,else but you can I look (for help)? I collec-
AKT 8 2015.pdf,GÍN i-!u qá-tí-a ú-pá-he-er-ma,ted every single shekel I had available and
AKT 8 2015.pdf,[ 1  ma-na / 14  GÍN,"[ 1 mina 14 shekels of silver,"
AKT 8 2015.pdf,ni-is-ha-sú  DIRI  !a-du-a-sú  !a-bu,"its excise added, its transport fee paid,"
AKT 8 2015.pdf,ku-nu-ki-a IGI  A-zu-ta-a IGI Ì-dí-ba-ni,"funds of A!!ur, I gave you in the presence"
AKT 8 2015.pdf,i-na  Hu-ra-ma  a-na  !í-a-ma-tim,"of Azut""ya and of Idi-b""ni in Hurama"
AKT 8 2015.pdf,IGI A-zu-ta-a IGI Ì-dí-ba-ni a-dí-na-kum,for making purchases << in the presence of
AKT 8 2015.pdf,um-ma a-na-ku-ma a-bi4 a-ta be-lí a-ta,"Azut""ya and of Id$-b""ni >>  and I said:"
AKT 8 2015.pdf,AN.NA 10  ma-na,"‘Please my father, my boss, buy for me"
AKT 8 2015.pdf,l.e. I !a-ma-ma  !é-bi4-lam-ma,"tin, 10 minas, and send it to me and"
AKT 8 2015.pdf,e-en  A-!ur  ù  e-né-kà,so allow me to face A!!ur and
AKT 8 2015.pdf,!a-mì-ra-ni  mì-nam,and you!’ What misdeed
AKT 8 2015.pdf,l.e. II ar-!í-a-ku-ma  ù  a-dí-i,against you that until this
AKT 8 2015.pdf,lá  tù-!é-ba-lam !í-im KÙ.B.-/pì-a,the tin?  Send me the tin
AKT 8 2015.pdf,AN.NA  !é-bi-lam,bought with my silver!”
AKT 8 2015.pdf,Either add <i-na> or read ur-ki-tam with *189:46.,"21. See for the verb an""hum, Veenhof, Lex., s.v."
AKT 8 2015.pdf,XI.  IR’AM-A##UR (189-205)                                                  272,"occurrence in a letter of #at-A!!ur, BIN 4, 22:11 and 30, of ú-lá-ku-a-tí and a-lá-ku-a-tí (see"
AKT 8 2015.pdf,um-ma  En-um-A-!ur-ma,thus Ennam-A!!ur: “I sent you
AKT 8 2015.pdf,ma-na  LÁ 3 GÍN  KÙ.B. i-pá-ni-tim,earlier 2 minas 57 shekels of silver
AKT 8 2015.pdf,a-na  Kà-ni-ì!  ú-!é-bi4-lá-ku-ma,to Kanesh and you brought
AKT 8 2015.pdf,KÙ.B  a-na  a-limki  tù-bi-il5-ma,that silver to the City and I thought:
AKT 8 2015.pdf,[um-ma] a-na-ku  a-bi  !u-ut  i-lá-ak-ma,"‘He is my father, he will go and [bring"
AKT 8 2015.pdf,[i!-t]ù  a-limki  AN.NA  10  ma-na,"up] from the City tin, 10 minas, so that"
AKT 8 2015.pdf,[ú-!é-lá]-ma KÙ.B 1 GÍN e-li KÙ.B,I can seal and send at least some silver
AKT 8 2015.pdf,[  a-!a  &up-pì-a,[ on top of
AKT 8 2015.pdf,[a-kà-n]a-ak-ma  ú-!é-ba-al,that (owed) according to my tablet’.
AKT 8 2015.pdf,[a-ta AN.N]A  lá  ta-á!-ta-ma-am,"But you have bought no tin for me,"
AKT 8 2015.pdf,[um-ma a-ta]-ma  KÙ.B  a-ha-at-kà,with the argument: ‘Your sister needed
AKT 8 2015.pdf,[ta-ah-!a-ah]-ma °a-na  a¿-ha-tí-kà,"the silver, so I gave it to your sister"
AKT 8 2015.pdf,[a-!a &up-pí-kà  a-t]í-dí-!u-um-ma,[on the basis of you tablet] and ...
AKT 8 2015.pdf,[1 ma-na 14 G]ÍN KÙ.B ni-is-ha-[sú],"[1 mina 14] shekels of silver, its excise"
AKT 8 2015.pdf,[DIRI  !a-d]u-a-sú  !a-bu  a-ha-ma,"added, its transport fee paid, and separately"
AKT 8 2015.pdf,[$ ma-na  KÙ.B]  ni-is-ha-sú  DIRI,"[& mina of silver], its excise added, its"
AKT 8 2015.pdf,[  !a-du-a-sú,"[ transport fee paid,"
AKT 8 2015.pdf,"[!a-bu  ik]-ri-bi4  !a  A-!ur  ku-nu-ki-a,","temple funds of A!!ur, I gave you under"
AKT 8 2015.pdf,[IGI  A]-zu-ta-a  IGI  Ì-dí-ba-ni,"my seals in Hurama, with Azutaya"
AKT 8 2015.pdf,i-na  Hu-ra-ma  a-dí-na-ku-um,"and Idi-b""ni as witnesses. I said:"
AKT 8 2015.pdf,AN.NA  !a-ma-ma  !é-bi4-lálam,"me tin and send it to me’, but"
AKT 8 2015.pdf,a-ta  mì-ma-!a-ma  lá  tù-u!-té-bi4-lam,you have not sent me anything!
AKT 8 2015.pdf,TÚG.HI-tù  !a  i-na  Lu-hu-sà-dí-a,As for the textiles you entrusted to me in
AKT 8 2015.pdf,tap-qí-da-ni  ha-ra-na-tum  sà-ah-a-ma,Luhusaddiya – there was trouble on the roads
AKT 8 2015.pdf,a-dí-i  a-wa-tum  iz-ku-a-ni TÚG.HI-tù,and the textiles stayed in the villages until
AKT 8 2015.pdf,a-lá-ni-ma  ib-!í-ú  ITU.6.KAM,the situation was cleared. Six months ago
AKT 8 2015.pdf,i-na  Hu-ra-ma  gám-ra-am  e-ri-/i!-kà,I asked from you in Hurama (to pay) my
AKT 8 2015.pdf,um-ma  a-ta-ma  a-lá-ak-ma,expenses. You said: ‘I will go and
AKT 8 2015.pdf,ù  2  ma-na  [ú-!é-ba-lá-kum],minas of tin. But you have not
AKT 8 2015.pdf,mì-ma  lá  tù-u!-té-[bi-lam],sent me anything!
AKT 8 2015.pdf,ma-na 14  GÍN KÙ./B.,"1 mina 14 shekels of silver,"
AKT 8 2015.pdf,a-ha-ma $ ma-na  KÙ.B.,"separately & mina of silver,"
AKT 8 2015.pdf,ik-ri-bu ku-nu-ki,"temple funds, under the seals"
AKT 8 2015.pdf,!a  DAM.GÀR En-um-A-/!ur,"of tamk""rum, Ennam-A!!ur"
AKT 8 2015.pdf,ip-qí-id-ma  a-na,Ir’am-A!!ur and
AKT 8 2015.pdf,a-limki a-na  !í-a-ma-/tim,he brought it to the City
AKT 8 2015.pdf,IGI A-zu-ta-a  DUMU,"In the presence of Azut""ya, son"
AKT 8 2015.pdf,IGI Ì-dí-ba-ni,"of Idi-b""ni,"
AKT 8 2015.pdf,DUMU Ir-ma-A-!ur.,son of Ir’am-A!!ur.
AKT 8 2015.pdf,XI.  IR’AM-A##UR (189-205)                                                  274,"7-8. “Seal of the tamk""rum” could be used to keep the name of the owner secret, be short for"
AKT 8 2015.pdf,5/6 ma-na 7 G[ÍN],2 minas 57 shekels of silver
AKT 8 2015.pdf,°KÙ.B.¿ ku-nu-ki !a En-um-/A-!ur,"under the seals of Ennam-A!!ur,"
AKT 8 2015.pdf,DUMU E-lá-ma,"son of Elamma,"
AKT 8 2015.pdf,(u-Sú-in  DUMU Ì-lí-a,"#u-Suen, son of Iliya,"
AKT 8 2015.pdf,ù Ir-ma-A-!ur ip-qí-id-/ma,and Ir’am-A!!ur and
AKT 8 2015.pdf,KÙ.B. Ir-ma-A-!ur,Ir’am-A!!ur will bring
AKT 8 2015.pdf,a-na a-limki A-!ur,the silver to the
AKT 8 2015.pdf,ú-ba-al-!u  a-na,city of Assur . He
AKT 8 2015.pdf,rev.  En-um-A-!ur,the debt of Ennam-A!!ur
AKT 8 2015.pdf,a-na  DAM.GÀR i-!a-qal,to the creditor.
AKT 8 2015.pdf,KÙ.B. a-!u-mì En-um-A-!ur,The silver will travel overland
AKT 8 2015.pdf,GÁN-lam e-tí-iq,in the name of Ennam-A!!ur.
AKT 8 2015.pdf,IGI A-!ur-ba-ni  DUMU,"and by A!!ur-b""ni, son of"
AKT 8 2015.pdf,um-ma Dan-A-!ur ù,"Thus D""n-A!!ur and"
AKT 8 2015.pdf,TÚG.HI.A ku-nu-ki  !a,“10 textiles with the seals of
AKT 8 2015.pdf,ub-lam  #À.BA 2 TÚG,brought us. Two of these are
AKT 8 2015.pdf,ù  TÚG.HI-tù,and these textiles
AKT 8 2015.pdf,(a-lá-du-a-ar,brought them into
AKT 8 2015.pdf,ú-!é-ri-ib-!u-nu-ma,#aladuwar and
AKT 8 2015.pdf,GÍN.TA !í-im-!u-nu,"he gave us 15 shekels apiece,"
AKT 8 2015.pdf,i-dí-ni-a-tí-ma 2$ ma-/na,"the price made for them, and"
AKT 8 2015.pdf,KÙ.B. ku-nu-ki-ni,Ennam-A!!ur is now on his way
AKT 8 2015.pdf,En-um-A-!ur,to you with 2& minas of
AKT 8 2015.pdf,na-á!-a-ku-um  a-ma-kam,silver under our seals. Over there
AKT 8 2015.pdf,le.e. li-iz-ku,these textiles.
AKT 8 2015.pdf,XI.  IR’AM-A##UR (189-205)                                                  276,"be in financial problems, because he has to pay one or more creditors in Assur. The background"
AKT 8 2015.pdf,XI.  IR’AM-A##UR (189-205)                                                  277,"of 1 mina 44 shekels of silver (*189:50-52//190:36-39//191:22-25), sufficient to buy ca. 20"
AKT 8 2015.pdf,"(*191:31-32). A situation with unsafe roads (stative of sah""’um, D-stem) and unyielding local","palaces (dannum, *189:16) had obliged E. to wait many months “in the interior” until the trade"
AKT 8 2015.pdf,XI.  IR’AM-A##UR (189-205)                                                  278,had to pay expenses and wrote for E. a “document concerning the textiles” (see the note on
AKT 8 2015.pdf,"Ennam-A!!ur was in Luhuzattiya, Irma-A!!ur sent him a letter [from Hurama? *189:3], some",silver and an order on what to do with a consignment of textiles arriving in Hurama from
AKT 8 2015.pdf,"Assur. Thereupon [*189:14f. //*190:23f.] Irma-A!!ur continued his journey to Hahhum, where",he stayed for a while [*189:10-13] before finally leaving for Assur [implied by *189:41ff.].  In
AKT 8 2015.pdf,"situation had settled down, Ennam-A!!ur sent the goods from Hattum to Wah!u!ana [*189:21-","22, cf. *190:30]. Furthermore, he sent #u-Suen from Hattum to Irma-A!!ur in Kane! with a"
AKT 8 2015.pdf,XI.  IR’AM-A##UR (189-205)                                                  279,order to come to Luhusaddiya / Hurama to receive a new consignment. Why this consignment
AKT 8 2015.pdf,"A letter of Ir’am-A!!ur, perhaps sent from Assur,  to three persons in Kanesh about a payment","they have to make for him, about how they should act in connection with a shipment of silver,"
AKT 8 2015.pdf,ù En-um-A-!ùr  qí-bi-ma,and Ennam-A!!ur:
AKT 8 2015.pdf,ma-na KÙ.B. ku-nu-ku-a : !a,"“1 mina of silver under my seals,"
AKT 8 2015.pdf,(u-Lá-ba-an ù Ku-ra-ra  dí-na-!u,"there to #u-Lab""n and Kurara"
AKT 8 2015.pdf,ù !í-bé !u-uk-na  ki-ma KÙ.B.,and you must set witnesses
AKT 8 2015.pdf,!a Sú-en6-na-da °il5¿-qé-ú-ni,"that they received Suen-n""d""’s silver."
AKT 8 2015.pdf,a-na %é-er A-!ur-GAL dEN.LÍL-ba-ni,"under my seals, I sent Ellil-b""ni, son of"
AKT 8 2015.pdf,a-!a-me-ma : a-dí-ni : a-ma-kam,I hear that he is still staying there
AKT 8 2015.pdf,wa-!a-áb : !u-ma a-na pá-ni,and if he has indeed not left
AKT 8 2015.pdf,KÙ.B.  pu-u&-ra-ma AN.NA,unpack the silver and buy for me
AKT 8 2015.pdf,lu 9 GÍN.TA lu ma-lá,tin at 9 shekels per (shekel of silver)
AKT 8 2015.pdf,ta-le-e-a-ni !a-ma-ma,or as favorably as you can and
AKT 8 2015.pdf,dEN.LÍL-ba-ni ù  dUTU-e-nam,"send Ellil-b""ni and #ama!-ennam"
AKT 8 2015.pdf,KI a-lí-ki-im pá-nim-ma,here with the first caravan.
AKT 8 2015.pdf,&ur4-da-nim : a-!u-mì  &up-pé-a,As for my tablets recording that I became
AKT 8 2015.pdf,!a a-na  I-na-a DUMU E-lá-lí,"indebted for silver to Inn""ya, son of El""l$,"
AKT 8 2015.pdf,En-na-Sú-en6 DUMU (u-I!tar,"to Ennam-Suen, son of #u-I!tar"
AKT 8 2015.pdf,ù A-!ur-ma-lík DUMU Qá-a-tim,"and to A!!ur-m""lik, son of Qa’""tum,"
AKT 8 2015.pdf,KÙ.B.  a-hi-ib-lu  KÙ.B.  ú-!é-bi-lá-/,"I have sent them the silver, they"
AKT 8 2015.pdf,!a-bu-ú : &up-pé-a  i!-tí          [!u-nu-tí,are satisfied. Are my tablets with
AKT 8 2015.pdf,Lá-ma-sà-tim  i-ba-!í-ú,Lamassutum or does someone
AKT 8 2015.pdf,lu [ma]-ma-an  i-na  !a-zu-uz-[tí-a],from my representatives have them
AKT 8 2015.pdf,°ú¿-kà-al-!u-nu : a-dí [ma-lá],in his possession? I have written
AKT 8 2015.pdf,ú !í-ni-!u  á!-pu-r[a-ku-nu-tí],you several times. Why has
AKT 8 2015.pdf,le.e. [m]ì-!u-um : ma-tí-ma : té-er-ta-ku-/nu,no report of yours ever
AKT 8 2015.pdf,lá  i-lí-kam-ma  úz-ni,reached me and do you not
AKT 8 2015.pdf,"Ik)n-p$-A!!ur must be the same man as in *240:16, where he figures alongside Ir’am-A!!ur. I","have restored Lamassutum’s name, because she should be informed about Ir’am-A!!ur’s request"
AKT 8 2015.pdf,"#u-Lab""n could be the man who had invested in Elamma’s joint-stock capital, *2:3.","9. It is not clear whether tamk""rum here means “the creditor” (whose name is not revealed) or"
AKT 8 2015.pdf,"10, 14. A!!ur-rabi according to *200 – if it is the same man – was in Ir’am-A!!ur’s service as","harnesser, having received from him a “working capital”. This fits the fact that the silver is sent"
AKT 8 2015.pdf,KI#IB kà-ri-im Kà-ni-i!,Seal of the Kanesh colony
AKT 8 2015.pdf,%a-he-er GAL kà-ru-um,in plenary session. The Kanesh
AKT 8 2015.pdf,[x  m]a-na  KÙ.B.,"“[x] mina of silver,"
AKT 8 2015.pdf,[be-ú-lá]-at  Zi-ki-im,[the working] capital of Zikum
AKT 8 2015.pdf,"A debt-note dated to eponymy year REL 92, recording that Imlik-A!!ur owes Ir’am-A!!ur a","small amount of gold, payable within 15 weeks."
AKT 8 2015.pdf,°2¿ GÍN KÙ.KI,2 shekels of kupur!innu-
AKT 8 2015.pdf,ku-pu-ur-!í-ni-in,gold of fine quality
AKT 8 2015.pdf,i-!u i!-tù ha-mu!(IR)-u!-tim,From the week of
AKT 8 2015.pdf,ha-am-!a-tim,will pay within 15
AKT 8 2015.pdf,i-!a-qal  !u-ma,weeks. If he does
AKT 8 2015.pdf,lá  ì!-qul  ki-ma,not pay he will add (interest)
AKT 8 2015.pdf,a-wa-at  kà-ri-im,in accordance with the regulation
AKT 8 2015.pdf,ú-%a-áb ITU.KAM,of the colony.
AKT 8 2015.pdf,li-mu-um E-lá-lí,"year eponymy of El""l$,"
AKT 8 2015.pdf,DUMU I-ku-nim,son of Ik)num.
AKT 8 2015.pdf,IGI Pí-lá-ah-A-!ur,"In the presence of Pilah-A!!ur,"
AKT 8 2015.pdf,DUMU Da-nu-um-ì-lí,"son of Dannum-il$,"
AKT 8 2015.pdf,DUMU A-zu-za,son of Azuza.
AKT 8 2015.pdf,XI.  IR’AM-A##UR (189-205)                                                  282,"2. In 2 !iql*n kupur!inn*n the item counted is in apposition to the numeral, but the constructions"
AKT 8 2015.pdf,"(nàm?), and TC 3, 43:8, $ ma-na GU#KIN ku-pu-ur-!í-NIM (nominative in a list?) suggest that",the case ending could be conditioned by the syntax of the sentence. But this is not the case in
AKT 8 2015.pdf,"TC 1, 47:17, GU#KIN ... ku-pu-ur-!í-nu-um mamman ..la u!ebbalam. The exchange rate against","silver, 6+:1 in TC 3, 43:9, shows that kupur!innum is a cheaper kind of gold."
AKT 8 2015.pdf,"A small, damaged and crumbling debt-note dated to eponymy year REL 96 or 100, recording","the remainder of a debt owed by Ir’am-A!!ur, but the name of the creditor is not mentioned. The"
AKT 8 2015.pdf,KI#IB Ì-lí-á!-ra-ni,"Seal of Il$-a!ranni,"
AKT 8 2015.pdf,DUMU A-!ur-DÙG KI#IB,"son of A!!ur-(""b, seal of"
AKT 8 2015.pdf,(u-Sú-in DUMU Da-dí-im,"#u-Suen, son of Dadum,"
AKT 8 2015.pdf,KI#IB E-nu-Bé-lúm !a !í-tí,"seal of Ennam-B*lum, of the remainder"
AKT 8 2015.pdf,!a °hu-bu-ul¿  Ir-ma-A-!ur,of the debt of  Ir’am-A!!ur.
AKT 8 2015.pdf,li-mu-um !a qá-té,eponymy of the successor
AKT 8 2015.pdf,[A-!u]r-na-da a-na,"of A!!ur-n""d"", to/within"
AKT 8 2015.pdf,[ x x nim?¿ i-!a-qal,[................] he will pay.
AKT 8 2015.pdf,[!u-ma lá i!-qul],[If he does not pay]
AKT 8 2015.pdf,[1 1/2 GÍN.TA],[1& shekels per]
AKT 8 2015.pdf,[a-wa]-at kà-ri-im,the regulation of the colony
AKT 8 2015.pdf,"A contract recording a silver debt dated to eponymy year REL 94, which Ir’am-A!!ur, Iri!um","and Il$-wed""ku owe to U,ur-!a-A!!ur, payable within four weeks, with a stipulation on which"
AKT 8 2015.pdf,+ ma-na KÙ.B. %a-ru-pá-am,+ mina of refined silver -
AKT 8 2015.pdf,i-na ma-na-im,he cut it off with the (1-)mina
AKT 8 2015.pdf,!a A-mur-dUTU ba-lúm  du-na-e,"weight of Amur-#ama!,"
AKT 8 2015.pdf,ù  Ili5-me-ta-ku,"and Il$-wed""ku owe to"
AKT 8 2015.pdf,i!-tù ha-mu!-tim,From the week of
AKT 8 2015.pdf,!a A-!ùr-i-dí,A!!ur-id$  and
AKT 8 2015.pdf,li-mu-um  dI#KUR-ba-ni,"of Adad-b""ni,"
AKT 8 2015.pdf,a-na 4 ha-am-!a-tim,they will pay within 4 weeks.
AKT 8 2015.pdf,i-!a-qú-lu  !u-ma  lá i!-qú-lu,If they do not pay they will
AKT 8 2015.pdf,1$  GÍN.TA  i-ITU.KAM-im,add (an interest of) 1& shekel
AKT 8 2015.pdf,!ál-mì-!u-nu  ra-ki-is,jointly liable for the silver.
AKT 8 2015.pdf,IGI  DÙG-A-!ur,"In the presence of -""b-A!!ur,"
AKT 8 2015.pdf,IGI (u-I!tar,of #u-I!tar.
AKT 8 2015.pdf,"Ir’am-A!!ur’s co-debtors, hard to identify without patronyms, occur only in this text.",8. The sign MU# has a peculiar shape.
AKT 8 2015.pdf,+ ma-na  KÙ.B.,+ mina of refined
AKT 8 2015.pdf,%a-ru-pá-am,"silver, the"
AKT 8 2015.pdf,!a  Ir-ma-A-!ùr,"of Ir’am-A!!ur,"
AKT 8 2015.pdf,i!-tí  KÙ.B.,With the silver
AKT 8 2015.pdf,"silver debt owed by Ir’am-A!!ur to Puzur-I!tar. It is dated to eponymy year REL 108, rather","than 116. Considering its date, A!!ur-(""b probably was the son of Ali-ahum, Elamma’s brother."
AKT 8 2015.pdf,KI#IB (u-mì-a-bi4-a DUMU A-ba-ra-a,"Seal of #umi-abia, son of Abaraya,"
AKT 8 2015.pdf,KI#IB En-na-nim DUMU (u-Hu-bur,"seal of Enn""num, son of #u-Hubur,"
AKT 8 2015.pdf,°+? G¿[ÍN  K]Ù.B. %a-ru-pá-am,3 +? shekels of refined silver
AKT 8 2015.pdf,a-na Puzur4-I!tar  a-!u-mì,"A!!ur-(""b paid to"
AKT 8 2015.pdf,Ir-ma-A-!ùr  A-!ùr-DÙG,Puzur-I!tar in the name of
AKT 8 2015.pdf,rev. !u-um-!u  Puzur4-I!tar,Puzur-I!tar will not come back for
AKT 8 2015.pdf,i!-tù ha-mu!-tim !a Kur-ub-I!tar,"From the week of Kurub-I!tar,"
AKT 8 2015.pdf,ITI.KAM  !a  sá-ra-tim,month III of the
AKT 8 2015.pdf,li-mu-um  !a qá-té,eponymy of the successor of
AKT 8 2015.pdf,"seal A = CS 77, inscription:  A-!ur-ta-°ak¿-[lá-ku] / DUMU Puzur4-[I!tar], also impressed as","seal B on the bulla Kt n/k 1717. Its user was the creditor Puzur-I!tar, who must have in-"
AKT 8 2015.pdf,"REL 115, since the latest eponymy in a record mentioning Ir’am-A!!ur is REL 109.",Such a quittance was issued when the original debt-note could not (yet) be returned. The clause
AKT 8 2015.pdf,"normally present in such quittances, “when the (original) debt-note turns up it is invalid” is","lacking and this quittance apparently was also not exchanged for the original debt-note, after"
AKT 8 2015.pdf,ù %í-ba-sú,with the interest on it
AKT 8 2015.pdf,!a  Dan-A-!ur,"of D""n-A!!ur;"
AKT 8 2015.pdf,ma-na KÙ.B. É kà-ri-/im,1 mina of silver of the colonial office;
AKT 8 2015.pdf,$  ma-na KÙ.B.,& mina of silver
AKT 8 2015.pdf,#À.BA 2$  ma-na $ GÍN,Of this Ir’am-A!!ur will take
AKT 8 2015.pdf,rev.  KÙ.B. Ir-ma-A-!ur,2 minas 30& shekels
AKT 8 2015.pdf,i-lá-qé  mì-ma,of silver.  All this
AKT 8 2015.pdf,e-zi-ib IGI (u-I!tar,"in the presence of #u-I!tar,"
AKT 8 2015.pdf,DUMU Da-da-nim,"son of Dad""num,"
AKT 8 2015.pdf,IGI Sà-ba-sí-a,and of Sabasiya.
AKT 8 2015.pdf,Puzur4-A-!ùr  ù  Ir-ma-A!ur,Puzur-A!!ur and Ir’am-A!!ur
AKT 8 2015.pdf,i-na a-limki  i%-bu-tù-ni-a-tí-ma,seized us in the city and
AKT 8 2015.pdf,um-ma  Ir-ma-A-!ùr-ma  a-na,Ir’am-A!!ur said to
AKT 8 2015.pdf,i-na  Wa-ah-!u-!a-na :  ta-áp-té-[m]a,my tablets in Wah!u!ana and
AKT 8 2015.pdf,&up-pá-am  !a  + ma-na 5  GÍN KÙ.B.,you took a tablet of 45 shekels of silver
AKT 8 2015.pdf,tal-qé  &up-pá-am : !a 15 GÍN KÙ.[B.],(and) you took a tablet of 15 shekels
AKT 8 2015.pdf,!a  Kà-as-kà-nu-i-il5 : tal-q[é],of silver of Kaskanu’il”.
AKT 8 2015.pdf,al-qé : !a-zu-uz-ti  : a-ta,"I took (them). You, as my representative,"
AKT 8 2015.pdf,ù Puzur4 dUTU  DUMU  (u-°Nu-nu¿,"and Puzur-#ama!, son of #u-Nunu,"
AKT 8 2015.pdf,[!í?]*-sí-a : [l]á-lik-ma,"must settle accounts, then I will go"
AKT 8 2015.pdf,[me-e]°h-ri-a ù¿* ta-[ah-s]í-sà-ti-a,[to inspect] my copies and memos
AKT 8 2015.pdf,[x x x x]-lá DUMU (u-Nu-nu,"...........la,  the son of #u-Nunu"
AKT 8 2015.pdf,[na-á!-a¿-kum : a-%é-er,[is bringing?] to you. To your
AKT 8 2015.pdf,"[x ma-n]a *1,  GÍN KÙ.B.-pì-kà 1 ma-na",[x mina] 1. shekel of silver
AKT 8 2015.pdf,°ú-r]a-da-ma : ú-!é-ba-lá-ku-ma,[I will ad]d 1 mina and send it to you and
AKT 8 2015.pdf,ù i-na e-lá-i-kà : lu ni-iz-ku,"when you come here, we must clear"
AKT 8 2015.pdf,a-na a-wa-tim : a-ni-a-tim,accounts. For these words
AKT 8 2015.pdf,kà-ru-um Kà-ni-i!ki,the Kanesh colony made me available
AKT 8 2015.pdf,i-dí-ni-ma  IGI GÍR !a A-!ùr,and before the dagger of A!!ur
AKT 8 2015.pdf,!í-bu-tí  : a-dí-in IGI Bu-°za-zu¿,I gave my testimony. In the presence of
AKT 8 2015.pdf,DUMU Pu-!u-ki-in,"Buz""zu, son of P)!u-k*n;"
AKT 8 2015.pdf,Li-ip-tí-I!tar DUMU I!-ma-A-[!]ur,"Lipit-I!tar, son of I!me-A!!ur"
AKT 8 2015.pdf,DUMU Ì-lí-a-lúm,"-""b-,illi-A!!ur, son of Il$-""lum,"
AKT 8 2015.pdf,°Lá¿-qé-pí-im DUMU Puzur4-A-na,"La-q*pum, son of Puzur-Anna,"
AKT 8 2015.pdf,°ù¿ I-!u-hi-im DUMU (u-lí,"and I!uhum, son of #uli,"
AKT 8 2015.pdf,!a ki-ma (u-lí  i%-ba-at-ni-a-/tí-ma,"representing #uli, and"
AKT 8 2015.pdf,um-ma Ir-ma-°A-!ur¿-ma,Ir’am-A!!ur said: “2& minas
AKT 8 2015.pdf,2$ ma-na  KÙ.B. °!a¿ (u-lí,"of silver belonging to #uli, son of"
AKT 8 2015.pdf,DUMU Ì-lí-a a-na  !í-a-ma-°tim¿,"Iliya, gave me for making  purchases"
AKT 8 2015.pdf,i-dí-na-ni-ma qá-tí   ú-kà-i-lu-/ma,and which I kept in my possession and
AKT 8 2015.pdf,Bé-lá-num  °DUMU¿ (u-A-!ur  ù,"B*l""num, son of #u-A!!ur, and"
AKT 8 2015.pdf,A-!ur-°tak¿-lá-ku  DUMU  A-lá-¿hi¿-im,"A!!ur-takl""ku, son of Ali-ahum"
AKT 8 2015.pdf,ig-mu-ru-ni  KÙ.B. !u-a-tí,"settled my case, with that silver yousing."
AKT 8 2015.pdf,ki-ma (u-lí  !a-bu-a-tí,have been satisfied as representative of #uli.
AKT 8 2015.pdf,rev.  (u-lí  DUMU  Bu-zu-ta-a,"#uli, son of Buzut""ya, shall not raise"
AKT 8 2015.pdf,Lá-qé-ep  DUMU Puzur2-A-na,"La-q*p, son of Puzur-Anna, and"
AKT 8 2015.pdf,ù  I-!u-hu-um  DUMU  (u-lí,"I!uhum, son of #uli, answered"
AKT 8 2015.pdf,a-na Ir-ma-A-!ur-ma  KÙ.B.,"Ir’am-A!!ur: “With the silver of #uli,"
AKT 8 2015.pdf,!a  (u-lí  !a  a-wa-at-kà,"whose affair with you has been settled,"
AKT 8 2015.pdf,gám-ra-a-ni  (u-lí  !a-bu-a-ni,we have satisfied #uli.
AKT 8 2015.pdf,a-na !a  &up-pí-kà,On the basis of what your record states
AKT 8 2015.pdf,a-na KÙ.B. DAM.GÀR-ru-um,"the tamk""rum will sue you"
AKT 8 2015.pdf,i-!é-e-kà  i-na  ha-mu!-/tim,for the silver”. During the week of
AKT 8 2015.pdf,!a A-!ur-i!-tí-kál  DUMU Sú-kà-<li>-a,"A!!uri!-tikal, son of Sukkalliya,"
AKT 8 2015.pdf,u.e.  ITU.KAM  tí-i-na-tim,month X of the eponymy of
AKT 8 2015.pdf,le.e.  Ma-%í-ì-[lí  I]GI Ku-da-dim,"In the presence of Kud""dum,"
AKT 8 2015.pdf,DUMU A-!ùr-[DÙG]  IGI  DINGIR?-,"son of A!!ur-[(""b], of Il$-n""d"","
AKT 8 2015.pdf,DUMU °A-!ur¿-na-da           [ na-da,"son of A!!ur-n""d""."
AKT 8 2015.pdf,XI.  IR’AM-A##UR (189-205)                                                  289,"30. The restoration of the first name is suggested by the room available and by TC 3, 29:27,"
AKT 8 2015.pdf,"debt-notes, at times also ones that left the creditor anonymous (calling him tamk""rum), e.g.",because it was not yet clear who was entitled to the money (e.g. when a firm was liquidated).
AKT 8 2015.pdf,KÙ.B. i-li-bi4,silver due from
AKT 8 2015.pdf,"since according to *208 she had two grown-up sons, !u-I""tar and A""""ur-imitt$, active in Kanesh,","to whom she writes a letter from Assur. She may have been Elamma’s oldest daughter, perhaps"
AKT 8 2015.pdf,"mother of Ir’am-A""""ur’s daughter Suhkana, married off in Kanesh to a certain A""""ur-m#lik","according to Kt 94/k 149 (edited by Michel-Garelli 1995, 298f.), and this Suhkana then could"
AKT 8 2015.pdf,"Ir’am-A""""ur, also after the latter had returned to Assur and she had refused to join him, as *206","tells us. When she eventually returned to Assur her two sons may have continued to live in it, as"
AKT 8 2015.pdf,"A !alimma also occurs in a letter written by Ir’am-A""""ur to Hus#rum (Kt 94/k 438: 25-30, courtesy of","G. Barjamovic), who designates her as “your bride-in spe” (kallutum): “For your sake the 25% shekels of"
AKT 8 2015.pdf,"""a !a-li-ma / kallitikunu ú-ta-er-""í-ma / MU.3.!È : i-bi4-lá-ni-ma / ina  b&b harr&nia / tù-ta-e-ra-""u). Is",“your bride” a girl married off by Hus#rum c.s. or one that had entered his family as bride? Although
AKT 8 2015.pdf,"i-na  pá-ni : a-wi-lim : tù-u""-ta-zi-zi",79 The contacts between the families suggests that this Lamassutum is indeed Elamma’s wife.
AKT 8 2015.pdf,"lá  ta-""a-pí-ri-im","To Lamassutum and !alimma, thus says Umm$-I""hara:"
AKT 8 2015.pdf,"29-30. Kouwenberg suggests that in ta-tù-ar-ma ... tazakkarim, with a masc. and a fem. form,",the first is a mistake for ta-tù-ri-ma.
AKT 8 2015.pdf,ù !a-li-ma,"and !alimma,"
AKT 8 2015.pdf,"me-ku-um / i-ra-mu-""[u], a seal originating from Ebla and owned by Ir’am/Nar#m-A""""ur,","son of Id(d)i-b#ni, who figures as witness; see Teissier 1994 no. 527."
AKT 8 2015.pdf,"x x x x-""u  Ir-ma-A-[""ur?......","What is readable shows that this is not part of the envelope of the letter  206*, as I assumed in"
AKT 8 2015.pdf,"ù a-na A-""ùr-i-mì-tí  <qí-bi-ma >","and A""""ur-imitt$,"
AKT 8 2015.pdf,qi-bi-ma me-er-i,"“Please, my son,"
AKT 8 2015.pdf,a-ta : ta-ma-lá-ki,open my tablet
AKT 8 2015.pdf,pí-tí-a-ma,and take out of it
AKT 8 2015.pdf,"rev.  ""a hu-bu-ul",the debt of
AKT 8 2015.pdf,a-na-kam : )a-al-tám,Here he has started
AKT 8 2015.pdf,le.e.  me-er-ú-a,"Please, my sons,"
AKT 8 2015.pdf,i-na ha-a[r-pì-im ...................],"in sum[mer they will..................],"
AKT 8 2015.pdf,"i-""a  A-na  °KÙ.B. i¿-[""a-qú-lu]",at Anna’s festival they will pay the  silver.
AKT 8 2015.pdf,KÙ.B. i-na *áb-nim  ni-°a-tim],"They will weigh it out by our weight,"
AKT 8 2015.pdf,"ta-ki-tám  i-""a-qú-lu",in the correct amount.
AKT 8 2015.pdf,GÍN KÙ.B. i-)é-er,15 shekels of silver
AKT 8 2015.pdf,"I""-ha-""a-ra ú A-li-a-ah-/""u-""ar","I""ha""ara and Ali’ah""u""ar"
AKT 8 2015.pdf,6? na-ru-uq  ú-(á-tí-im / i-na,"6? sacks of grain,"
AKT 8 2015.pdf,!À.BA na-ru-uq ú 2  kà-ar-pá-at,- thereof 1 sack and 2 jars
AKT 8 2015.pdf,"ar-""a-tim  )í-ib-tám",of wheat they will add
AKT 8 2015.pdf,ú-)ú-bu i-na  ha-ar-pì-im,as interest – they will pay  in the
AKT 8 2015.pdf,"i-""a-qú-lu  ú 10 ak-le",summer and they will add
AKT 8 2015.pdf,"IGI  Ta-ra-ak-""a","before Tarak""a, and"
AKT 8 2015.pdf,"""u-ma  KÙ.B. ú-ta-ru*-nim",When they give back silver
AKT 8 2015.pdf,"rev.  i-""a  A-na  i-""a-qú-lu",they will pay at Anna's festival.
AKT 8 2015.pdf,"°É¿ ""a I""tar-lá-ma-/sí","The house of I""tar-lamass$"
AKT 8 2015.pdf,KÙ.B. a-na,for 2% minas
AKT 8 2015.pdf,"KÙ.B. ""í-im  É-""u-nu",and with price for their house
AKT 8 2015.pdf,"A-""ùr-DÙG ù I""tar-lá-ma-sí","A""""ur-&#b and"
AKT 8 2015.pdf,"""u-ma  ma-ma-an",If anybody raises a claim
AKT 8 2015.pdf,"a-na  Ébe-tí  i-tù-a-ar-/<""í>-im","against her for the house,"
AKT 8 2015.pdf,"A-""ùr-DÙG ù  I""tar-lá-ma-/sí","A""""ur-&#b and I""tar-lamass$"
AKT 8 2015.pdf,"ú-bu-bu-""í",will clear her.
AKT 8 2015.pdf,"(up-pá-am  ""a  ""í-im",The tablet recording the payment
AKT 8 2015.pdf,Ébe-tí   a-ni-ú-tim,for this house with the seal
AKT 8 2015.pdf,"""a  ku-nu-uk  nu-a-im",of the Anatolian who was
AKT 8 2015.pdf,"be-el  É  pá-nim  A-""ùr-/DÙG","the previous owner of the house,"
AKT 8 2015.pdf,a-na !a-lim-ma  i-dí-in,"A""""ur-&#b has given to !alimma."
AKT 8 2015.pdf,IGI  dUTU-ba-ni,"In the presence of !ama""-b#ni,"
AKT 8 2015.pdf,"[IGI]  A-""ur-ma-lik","[of] A""""ur-m#lik,"
AKT 8 2015.pdf,[IGI]  Sú-in-SIPAD,[of] Suen-r(’$.
AKT 8 2015.pdf,"It is tempting, although both names are not rare, to identify I""tar-lamass$ with Elamma’s","daughter of that name and A""""ur-&#b with her brother. If so, the fact that I""tar-lamass$ is"
AKT 8 2015.pdf,"°lu¿  ""a-mu-ni",seal E (upside down)
AKT 8 2015.pdf,"seal F:  inscription A-""ùr-DINGIR / DUMU  x [ ......]",The other seals have no inscriptions
AKT 8 2015.pdf,XIII. ENNAM-SUEN (211-234),"The house of Elamma contained about thirty texts related to a certain Ennam-Suen, letters"
AKT 8 2015.pdf,"not mention a name) refers to Ennam-Suen. The 1992 group, however, also comprises a fair","number of records of Elamma and Lamassutum (letters, memorandums, etc., mainly those with"
AKT 8 2015.pdf,Ennam-Suen was a very popular name and we know some forty different men so named.,"Only two texts of our group give the name of his father, Amur-!ama"" in *232:4-8, where"
AKT 8 2015.pdf,"*233:7-8, a quittance for a debt Ennam-Suen owed to Ilam-kurub.85 Their subject matter does","not link up with that of the other texts in this chapter, but if #l-$%b was indeed the brother of"
AKT 8 2015.pdf,"“our” Ennam-Suen, it becomes understandable why he acted as his guarantor in *226 during","eponymy year 82,86 which is only one year later than *232. The dated occurrences of Ennam-"
AKT 8 2015.pdf,"Suen in our file, always in debt-notes, eponymy years 82 (*229), 92 (*230), 96 (*231), and 99","(*228), have a time range which is entirely possible for one single trader. Moreover, the exca-"
AKT 8 2015.pdf,Ennam-Suens occur:,"E. son of Ennam-A""""ur, witness in *298 during the year REL 108. Outside the archive as"
AKT 8 2015.pdf,"as “one third share (""al""$tum) in the caravan of Ennam-Suen”.","87 Kt 94/k 180 (courtesy of C. Michel) is a quittance for a silver debt owed by Ir’am-A""""ur to !u-I""tar, but"
AKT 8 2015.pdf,"Muti-A""""ur as judge in a conflict between A""""ur-m%lik and !*-B&lum, and in *76:10-13 // *77:",5-10 (see the comments on these texts) we meet an Ennam-Suen indebted for two amounts of
AKT 8 2015.pdf,AN.NA a-na ni-ip-lá-/tim,‘I took the tin as
AKT 8 2015.pdf,al-qe-ma 7 GÍN.TA,balance payment and I  have
AKT 8 2015.pdf,a-na KÙ.B. pá-i,promised a rate of 7 shekels to 1
AKT 8 2015.pdf,a-dí-in AN.NA-kam,in silver.’ You took along the tin
AKT 8 2015.pdf,"[tù-u]b?-lá-""u-ma* tù-pá-&é-er-""u","and unpacked it,"
AKT 8 2015.pdf,"tù-BA-li-ih  ""u-/ma",you have ..........  If
AKT 8 2015.pdf,rev.  a-ta AN.NA a-na KÙ.B.,you want to take tin for silver
AKT 8 2015.pdf,"sú-ri : té-ta-na-pá-á""-ma","deceit, so that I cannot fail"
AKT 8 2015.pdf,"""a  tù-BA-li-hu  li-bi4",to be angry because you have
AKT 8 2015.pdf,ú-lá  ma-ri-i' ù a-na,..............  and angry
AKT 8 2015.pdf,"KÙ.B. ""a té-ri-""u-ni",too about the silver
AKT 8 2015.pdf,li-bi4 ú-lá ma-ri-i',that you requested?
AKT 8 2015.pdf,"mì-""um TÚG ""a a-ha-tí",Why have you held back
AKT 8 2015.pdf,"a-na li-ta-áb-""í-a tù-""é-bi4-lá-/ni",the garment my sister had
AKT 8 2015.pdf,ta-ak-lá ù TÚG lu-bé-°ri?]*,sent me to wear? Send me also
AKT 8 2015.pdf,"le.e. [""a] ta-ak-lu-ú : ""é-bi4-lam","the ..... garments that you held back,."
AKT 8 2015.pdf,[x ] a-ta-al-kam-ma,[then] leave and come here
AKT 8 2015.pdf,"Darga, 212), maknakam ... tap&urma u &upp# tu-BA-li-ha, «you opened the (sealed) strong room","and ..... the tablets», which seems to require a different verb, used in l. 14 without a direct"
AKT 8 2015.pdf,"TÚG lu-bé-[x (x)] must be the rare noun lub#rum, mentioned in Michel – Veenhof 2010,","235, which also occurs in TPAK 1, 32:32 and 59:18."
AKT 8 2015.pdf,ù En-na-Sú-in  [qí-bi4-ma],and Enna(m)-Suen:
AKT 8 2015.pdf,"la1-dí-a-am-ma  mì-""[u]","my goods at the start, so why"
AKT 8 2015.pdf,ú-nu-tí-a  ta-at-ba-al-m[a],have you taken away my goods
AKT 8 2015.pdf,ú-lá  ta-sí  ù  u4-ma-[am],with me? And today you have
AKT 8 2015.pdf,lu-qú-tí x* ta-ar-de8-°a¿-/ma,taken along my merchandise
AKT 8 2015.pdf,"ku-nu-ke  ""a  a-bi4-/a",and the seals of my father
AKT 8 2015.pdf,ù  um-mì-a-ni-a,"and my investor(s), you have"
AKT 8 2015.pdf,tù-pá-&é-er-ma,me even having seen them and
AKT 8 2015.pdf,tu-BA-li-ih TÚG 'u-ba-/tám,so have .........  My sister
AKT 8 2015.pdf,na-ar-ba-am  a-ha-tí,"sent me a soft garment,"
AKT 8 2015.pdf,"tù-""é-bi4-lam a-ta  TÚG",but you have held back
AKT 8 2015.pdf,"ta-ak-ta-lá  ""u-ma a-""u-um","that garment. If, because of"
AKT 8 2015.pdf,TÚG  a-mì-e-im  ki-ma (eras),"this textile, as if it were your"
AKT 8 2015.pdf,"""a  a-bi4-kà  na-pá-á""-/ta-[kà?]","father’s, I have not cut your throat,"
AKT 8 2015.pdf,ha-bu-lá-ku-ma  3 TÚG 'ú-[ba-tí-a],that you have held back
AKT 8 2015.pdf,ta-ak-ta-lá  ki-ma,3 textiles of mine?  That
AKT 8 2015.pdf,[a-ta?] sà-ra-tí-ni-m[a .......],....... you are false(?) and
AKT 8 2015.pdf,le.e. pu-ru-sà  °i-dí¿*-ni  a-na-ku,"the decision of  ............,"
AKT 8 2015.pdf,"lá  i-de8-e  mì-""um  a-ta",would I not know that? Why have
AKT 8 2015.pdf,ú-nu-tí-a  ta-at-°ba-al],you taken away my goods?”
AKT 8 2015.pdf,"immediately», occur. Cf. Kt n/k 1618:5-11, 6 TUG.HI.A l% pani%tim l% urki%tim .... ana (8) b#t","k$rim niddi 3 TÚG.TA ina pana (10) niddi ú 3 TÚG.HI urki%tim, “we deposited 6 textiles from"
AKT 8 2015.pdf,"Iddin-Suen also mentions the fear he experienced in *211:10, 14.","17. a-""u-um for a-""u-mì is unique, but the final sign (written over an erasure) seems to be UM."
AKT 8 2015.pdf,like DÍ (i-lí-ni is not possible). I follow Kouwenberg's suggestion to take the sentence as a,"question, because of the plene writing of id#."
AKT 8 2015.pdf,A letter on a small oblong tablet (3.6 x 4.3 cm) in which Iddin-Suen gives Ennam-Suen,"instructions involving a certain Hadia""""u, who is not known from other texts, and again raises"
AKT 8 2015.pdf,qí-bi4-ma  'ú-ha-<<'ú>>-ra-am,“The boy who is
AKT 8 2015.pdf,"°dí-""]u-m[a*  x x¿*  li-qí","Sell him and collect [his price?],"
AKT 8 2015.pdf,"KÙ.B.  ku-""u-ud",(and so) obtain silver.
AKT 8 2015.pdf,ù TÚG a-bar-ni-am,and the Abarnian one
AKT 8 2015.pdf,"""a ta-ak-lu-/ú","that you held back,"
AKT 8 2015.pdf,"kà-[il5]  ""u-ma",his hem. If he does
AKT 8 2015.pdf,"A letter to A""""ur-n%d%, Suen-il""u and Ennam-Suen by !arrum-k&n. The issue is a conflict about","textiles of one of the addressees, presumably the first one, who had accused the writer of having"
AKT 8 2015.pdf,ù En-na-Su-in,"and Ennam-Suen,"
AKT 8 2015.pdf,"i-na Wa-á""-ha-ni-a",“When we met in
AKT 8 2015.pdf,ni-na-me-er-ma  um-ma,"Wa""haniya yousing said:"
AKT 8 2015.pdf,a-ta-ma TÚG.HI.A  É.GAL-lúm,‘It was not the palace that took
AKT 8 2015.pdf,ú-la it-ba-al  a-ta-ma,"the textiles away, it was yousing"
AKT 8 2015.pdf,"ta-at-ba-al-""u-nu",who took them away!’
AKT 8 2015.pdf,"i-nu-mì  ú-""é-'í-ú-ni",When it removed them
AKT 8 2015.pdf,"a-na-ku lá-""u-<a>-ku : qá-tí","I was not present, the palace"
AKT 8 2015.pdf,i'-ba-at-ma É-tí,traders and they searched
AKT 8 2015.pdf,ú-na-dí-du-ma TÚG.HI-tí-kà,my house and removed your textiles.
AKT 8 2015.pdf,a-dì(TI)-a-kum,a tablet for you
AKT 8 2015.pdf,"l.e. ú ""í-bé-a az-ku-ra-/kum",and I named you my witnesses.
AKT 8 2015.pdf,"""í-bé-a a-na ba-áb / DINGIR",I am ready to lead my witnesses
AKT 8 2015.pdf,"rev. ú-""é-ra-da-ma",down to the Gate of the god so that
AKT 8 2015.pdf,"&up-pá-am ""a ku-nu-ki-""u!(KU)-nu",you can acquire a tablet with their
AKT 8 2015.pdf,"""a 4 : ""u-nu-tí *ta-lá!(TAL)-qé","seals, those of these four men."
AKT 8 2015.pdf,"a-hi a-ta : ""a a-wa-tim","Please my brother, are we men to"
AKT 8 2015.pdf,"né-nu ""u-ma a-na ma-mì-tim",fight? If you wish to start a judicial
AKT 8 2015.pdf,"li-bi-kà a-na ""a ki-/ma <ku-a-tí>",write down you grievances for  <your>
AKT 8 2015.pdf,lá-pí-ta-ma,"representatives, so that they"
AKT 8 2015.pdf,lu-ta-mì-ú-ni &up-pá-am,can make me swear. Give the tablet
AKT 8 2015.pdf,"""a ku-nu-ki-a ""a tù-kà-lu-/ú",with my seal that you have in your
AKT 8 2015.pdf,"a-na ""a ki-ma i-a-tí",possession to my representatives.
AKT 8 2015.pdf,"dí-in ""u-ma la ta-da-an","If you do not wish that, have me"
AKT 8 2015.pdf,"""a-sí-hi-ma lu-ma","transferred here, so that I can come"
AKT 8 2015.pdf,lá-li-kam ma-a'-a-/tí-ma,to swear. You have taken the
AKT 8 2015.pdf,u.e. a-ma-kam lu ni-ta-wu,"initiative, so let us discuss over there."
AKT 8 2015.pdf,"swear an oath” (a""ar ni-pá-li-lu r$bi'um lutammi). The question remains whether this, ex-","pressed in our text by pal$lum ana mam!tim, is (has to be) always the case."
AKT 8 2015.pdf,"Three letters from ""u-I$tar: “Get rid of the maid!” (215-217)",The following three letters – the third one could be a second page or a letter without
AKT 8 2015.pdf,"payment of a bride’s “price”, ""!m%). While selling a slave-girl was her owner’s right, selling","one’s Anatolian bride would have been unacceptable, unless the girl’s misbehavior might have"
AKT 8 2015.pdf,"Lines 6-12, ""umma / sarrat ul mimma / ta""allal / 'ubassa u nahlapta""a 10 ihammassima / e-za-za-am-ri-","""a / i&arrassi (courtesy of  C. Michel)."
AKT 8 2015.pdf,"attunu written with crasis as a-hu-a-tù-nu *(215:11 and *217:1), while *215:3 and *218:2 spell","qibima in the address with the sign bi2, which is uncommon. These features may be due to !u-"
AKT 8 2015.pdf,"ù Ú-'ú-<ur>-""a-A-""ur","and U)ur-""a-A""""ur,"
AKT 8 2015.pdf,a-ma-kam  a-am-tám,“Keep the maid there
AKT 8 2015.pdf,sà-ni-qá-ma  i-na  Ú-zi-/ni-im,under control and let her not
AKT 8 2015.pdf,"e  té-pu-u""-ma  nu-a-am",operate in Uzinum and not
AKT 8 2015.pdf,"e  ta-al-pu-ut  a-ni-""a-/am",affect the native Anatolian.
AKT 8 2015.pdf,"ta-á""-pu-ra-am  um-ma  ""í-it-/ma",She wrote me here as follows:
AKT 8 2015.pdf,ma-ma-an  li-il5-qé,the price due to me’.
AKT 8 2015.pdf,a-hu-a-tù-nu  a-ma-kam,"May dear colleagues, keep the"
AKT 8 2015.pdf,"ú  sí-li-a-""í-ma",and cheat her
AKT 8 2015.pdf,um-ma  a-tù-nu-ma,by telling her:
AKT 8 2015.pdf,a-na 'é-er  be-li-ki-i,‘One will conduct you
AKT 8 2015.pdf,i-ra-de8-ú-ki,to your lord.
AKT 8 2015.pdf,lu  sà-he-er-tí-ki  lu  KÙ.B.,Collect your small goods
AKT 8 2015.pdf,"GÍN tí-""u-i  pá-hi-ri-ma",and any silver you have
AKT 8 2015.pdf,KI  a-li-ki-im  pá-ni-ma,and then you will
AKT 8 2015.pdf,a-na  'é-er  be-li-ki-i,go to your lord with the
AKT 8 2015.pdf,ta-li-ki   a-na-ma,first caravan!’  And as soon as
AKT 8 2015.pdf,tù-pá-hu-ru-ni,she is gathering her belongings
AKT 8 2015.pdf,"'ú-ba-sà-a  ù  ""a qá-qí-/dí-""a-a",deprive her of her garment
AKT 8 2015.pdf,e&-ra-ma  a-na,and her head-dress and
AKT 8 2015.pdf,Ta-al-ha-tí-i-im,sell her to somebody from Talhat.
AKT 8 2015.pdf,"le.e. dí-na-""í  a-na  DUMU A-""ùr",Do not sell her to an Assyrian
AKT 8 2015.pdf,"ù  DUMU  Kà-né-e""  lá  ta-dá-/""í!",or to a citizen of Kanesh.
AKT 8 2015.pdf,"ha-li-qá-á""  ù  ma-at",Get rid of her and she shall never
AKT 8 2015.pdf,"Kà-ne-e""  lá  i-na-mar",(again) be seen in the land of Kanesh!”
AKT 8 2015.pdf,"mì-""u ""a  ta-á""-pu-ra-ma",“Why have you written
AKT 8 2015.pdf,hu-bu-lá-am,has contracted
AKT 8 2015.pdf,ù  hu-bu-lá-am,but is also contracting
AKT 8 2015.pdf,"a-na  na-q/ki-""a-a",a debt for her ..........
AKT 8 2015.pdf,"té-pá-á"" 10 ma-na 10 GÍN",I have sent her consignments
AKT 8 2015.pdf,"KÙ.B.  ""é-bu-lá-tim",of silver amounting to
AKT 8 2015.pdf,"u""-té-bi4-lá-""í-im",10 minas and 10 shekels!
AKT 8 2015.pdf,ta-[&]á-ba-am*,that you are being nice?
AKT 8 2015.pdf,a-[a]m-tám ha-li-iq,"Get rid of the maid,"
AKT 8 2015.pdf,le.e. a-na Ta-al-ha-tim,"sell her to a man from Talhat,"
AKT 8 2015.pdf,"dí-i-""í  a-na",do not sell her
AKT 8 2015.pdf,a-hu-a-tù-nu,"“Please, my brothers,"
AKT 8 2015.pdf,lu tù-pá-qí-dá  nu-dí-ma,"with barley .............,"
AKT 8 2015.pdf,a-lá-nu-ma,and from there(?)
AKT 8 2015.pdf,"lá tù-pá-ra-dá-""u",you must not scare her!.
AKT 8 2015.pdf,"'ú-ba-sà-a  ù  ""í-it-/ar-""a-a",Deprive her of her garment
AKT 8 2015.pdf,"a-na DUMU A-""ùr",You must not sell her!
AKT 8 2015.pdf,"ù a-na DUMU Kà-né-e""",to an Assyrian or to
AKT 8 2015.pdf,"lá ta-dá-na-""u",a citizen of Kanesh.
AKT 8 2015.pdf,a-na Ta-al-ha-/tim,Sell her! to a man
AKT 8 2015.pdf,ta-dá-na-ni,you sell (her)
AKT 8 2015.pdf,a-wi-il5-tám,back to the land
AKT 8 2015.pdf,lá tù-ta-ra-nim,of Kanesh!’ ”
AKT 8 2015.pdf,"A letter of Iddin-Suen, not addressed to Ennam-Suen, but to two men, among whom Abila (cf.","*212:2), in which he asks them to take action so that Ennam-Suen acquires the copper he is"
AKT 8 2015.pdf,a-na Ás-*q[ú-dim? ù] A¿-bi4-lá,Say to Asq[udum? and] Abila
AKT 8 2015.pdf,GÚ  URUDU  SIG5 [a]-na,copper 1 talent of refined copper
AKT 8 2015.pdf,a-hu-a  a-tù-nu,"Please, my brothers,"
AKT 8 2015.pdf,"""a-á""-qí!-lá : ù",pay the copper and
AKT 8 2015.pdf,"""u-up-ra-nim",his reaction.
AKT 8 2015.pdf,"""a  (u-I""tar  li-i""-qú-ul","of copper of !u-I""tar. He has"
AKT 8 2015.pdf,ba-lu-um  té-er-tí-a,come to an agreement with the man
AKT 8 2015.pdf,KI  a-wi-lim  i-mì-gi5-ir,without an instruction of mine.
AKT 8 2015.pdf,i-zi-za-ma  a-na,and be ready?
AKT 8 2015.pdf,"kà-ú-l[i-""u]  ù",to support him and
AKT 8 2015.pdf,qí-bi4-ma  5 né-nu,“The five of us
AKT 8 2015.pdf,TÚG.HI.A  ma-ah-ri-ni,and 24 textiles were submitted
AKT 8 2015.pdf,"i-""í-ik-nu  6  TÚG.HI./A",to us. 6 textiles
AKT 8 2015.pdf,Kà-zi-a  ta-al-qé,"Kaziya took,"
AKT 8 2015.pdf,"TÚG.HI.A  ""í-tám",the remaining 18 textiles
AKT 8 2015.pdf,En-na-Su-in,Ennam-Suen has made
AKT 8 2015.pdf,"lu  ""a li-tí-""u",so that you are satisfied
AKT 8 2015.pdf,"lu  ""a  ma-ku-ur",both with his .........
AKT 8 2015.pdf,"""a-bu-a-tí-ni",and with what is ........
AKT 8 2015.pdf,"a-na  ""a-al-""a-tí-/ku-nu",About your one-third share
AKT 8 2015.pdf,lá  ta-'a-al,with your brother(s);
AKT 8 2015.pdf,lu  &á-ba-tí,with your brother(s)!”
AKT 8 2015.pdf,"possibly one in which Ennam-A""""ur, Kaziya and Ennam-Suen had participated.",B.  A conflict between Ennam-Suen and A$$ur-$am$% (220-224)
AKT 8 2015.pdf,"um-ma  A-""ur-i-mi-tí  ù","Thus A""""ur-imitt' and"
AKT 8 2015.pdf,"ù Sú-in-DINGIR-""u qí-bi-ma","and Suen-il""u:"
AKT 8 2015.pdf,"ta-ah-sí-is-tam  ""a",“Look for the document
AKT 8 2015.pdf,a-wa-at  En-na-Sú-in,(recording) that we settled
AKT 8 2015.pdf,"ù  A-""ur-dUTU""i",the affair of Ennam-Suen
AKT 8 2015.pdf,ni-ig-mu-ru  a-ma-kam,"and A""""ur-""am""',"
AKT 8 2015.pdf,lu  i-na qá-tí  a-wil-il5-/tim,either among what the lady has
AKT 8 2015.pdf,"lu  i-na  &up-pé-e!(IM) ""a",with her or among the tablets!
AKT 8 2015.pdf,ku-nu-ki-ni  am-ra-ma,under our seals and give him the
AKT 8 2015.pdf,"ma-la  a-wa-tù-""u",record declaring that his whole
AKT 8 2015.pdf,"ga-am-ra-ni dí-na-""u-ma","affair has been settled, so that"
AKT 8 2015.pdf,li-il5-ma-sí,he can take cognizance of it.
AKT 8 2015.pdf,"rev.  lá-""u-a-at  a-wa-tí-""u","If it is not there, we"
AKT 8 2015.pdf,né-nu : nu-kà-a-al,remember his words
AKT 8 2015.pdf,ù  a-tù-nu  a-ma-kam,and you there must write down
AKT 8 2015.pdf,lá-pì-ta-ni-ma  a-wa-at-/ni,so that our statement becomes
AKT 8 2015.pdf,"a-na i""-té-et (eras.)",one and the same and
AKT 8 2015.pdf,"a-wa-sú  lu  ni-iq-bi4-""um",(the outcome of ) his affair.
AKT 8 2015.pdf,"A-na-ah-ì-lí  ha-mu-u""-ni",#nah-il' was our fifth man.”
AKT 8 2015.pdf,"""a  3 ma-na KÙ.B.  ú-mu-kà",“Your term for the 3 minas of
AKT 8 2015.pdf,e-ta-at-qú-ú  ù  KÙ.B.,silver has passed and the silver
AKT 8 2015.pdf,ma-lá  K[Ù.B. qá]-at-kà,Give all the silver
AKT 8 2015.pdf,"lu-ub-lam  ki-a-a-ma : wa-á""-ba-/ku",It is for that reason that I am staying!
AKT 8 2015.pdf,"GÍN  KÙ ig-ri-""u / dí-in",Give him 5 shekels of silver as wages.
AKT 8 2015.pdf,"third sign, a clear ZI, excludes reading im-tí-id, “has become much”. Reading the last sign as IR","would yield imtis/zir, but mas/z$rum is excluded, because it is not an i-class verb."
AKT 8 2015.pdf,"i-na  ba-[áb] ha-ra-ni-""u",when he was about to go on a journey
AKT 8 2015.pdf,né-ru-u°b-ma  u¿m-ma  En-na-Sú-°in],and Ennam-Suen said
AKT 8 2015.pdf,"ni-i""-tí-ú : a-wa-tí-im",from the cup I want to declare
AKT 8 2015.pdf,lá  ta-ma-lá :  i-nu-mì  i-n[a],angry!  When they detained
AKT 8 2015.pdf,ma-na  KÙ.B.  a-ha-ti,my sister send you to me with 2
AKT 8 2015.pdf,"tù-""é-bi-lá-kà  um-ma A-""ùr-[UTU]""i","minas of silver?” A""""ur-""am""' answered:"
AKT 8 2015.pdf,"ke-na  tù-""é-bi-lá-ni-/ma","“Sure, she sent me, but"
AKT 8 2015.pdf,En-na-Sú-i[n]-ma   u4-ma-am,Ennam-Suen then said: “Today
AKT 8 2015.pdf,a-ha-tí  ta-tù-ra-am,my sister has come back here
AKT 8 2015.pdf,"um-ma  ""í-it-ma  ta-al-tám-/nam",and she said: ‘You have done me wrong!
AKT 8 2015.pdf,"KÙ.B.   ù  'í-ba-tí-""u`",Produce the silver and its interest
AKT 8 2015.pdf,"""é-'í-ma  dí-nam  um-ma","and give it to me!’” A""""ur-""am""'"
AKT 8 2015.pdf,"a-na  ""é-ep  A-""ur-i-mì-tí","I have humbly begged A""""ur-imitt',"
AKT 8 2015.pdf,am-qú-ut : a-hu-ú-a :  a-tù-/nu,"saying: ‘Please, my brothers,"
AKT 8 2015.pdf,a-ma  GU!KIN  15  GÍN  ù 1 ma-na,"here are gold, 15 shekels, and 1 mina"
AKT 8 2015.pdf,sà-am-tum  ma-lá  ta-le-/a-ni,"of carnelian, appease the palace"
AKT 8 2015.pdf,"um-ma  A-""ùr-UTU""i-ma  a-n[a]","A""""ur-""am""' also said to"
AKT 8 2015.pdf,"En-na-Sú-in-ma  ""u-ma",Ennam-Suen: “If the
AKT 8 2015.pdf,KÙ.B.  a-na  m°a-dí¿-im  i-tù-ar,silver (due) has increased much
AKT 8 2015.pdf,"al-kam-ma  ""í-b[é]-kà","then come here, let me seize your witnesses"
AKT 8 2015.pdf,la-a'-ba-a[t]-ma  ma-,and do with me what you think best!”
AKT 8 2015.pdf,"a-na  A-""ùr-UTU""i-ma É.GAL-lúm KÙ.B.","A""""ur-""am""' as follows: “The palace"
AKT 8 2015.pdf,"ma-dam i-'é-ri-a  <i-""u >",<has> a substantial silver claim on me ....”
AKT 8 2015.pdf,"*219 he warns Ennam-A""""ur not to quarrel with his brothers). A""""ur-""am""' is in a difficult","position, because the local Anatolian palace (in Wa""haniya, l. 9) is angry with him (lines 23-25),"
AKT 8 2015.pdf,KI!IB  Zu-ba  DUMU En-na-nim,"Seal of Zuba, son of Enn%num,"
AKT 8 2015.pdf,"DUMU I-dí-I""tar","son of Iddin-I""tar;"
AKT 8 2015.pdf,A-lá-bu-um  DUMU Zi-a,"Ali-abum, son of Ziya,"
AKT 8 2015.pdf,tap-pá-i-ni,was our companion.
AKT 8 2015.pdf,"Kà-né-e""  i-dí-ni-a-tí-ma",made us available and
AKT 8 2015.pdf,&up-pá-am  IGI  <<IGI>>  GÍR,this tablet we gave
AKT 8 2015.pdf,"""a  A-""ùr  ""í-bu-tí-ni",as our testimony
AKT 8 2015.pdf,"seal  A = CS 1240 = *227 seal A, inscription: [KI!IB]  Zu-ba / DUMU En-na-ni[m]","seal  B = CS 1236 = *233 seal A, inscription: KI!IB Puzur4-dI!KUR / [D]UMU I-dí-I""tar"
AKT 8 2015.pdf,i'-bu-tù-ni-a-tí-ma,seized us and
AKT 8 2015.pdf,um-ma En-na-Sú-in-/ma,Ennam-Suen said
AKT 8 2015.pdf,"KÙ.B.  ki-i""-da-tí-/a",“Give me the silver
AKT 8 2015.pdf,KÙ.B. ú-lá  a-da-na-kum,“I will/can not give you
AKT 8 2015.pdf,a-na  li-ta-tim (over erasure),"the silver, for I have ......"
AKT 8 2015.pdf,ak-ru-ub-kà,you  ........for ........ “.
AKT 8 2015.pdf,um-ma  En-na-Sú-in-<ma>,Ennam-Suen said:
AKT 8 2015.pdf,me-er-i-kà  ku-ru-ub,.Do it to your sons!”
AKT 8 2015.pdf,a-na  ga-am-ri-kà,“I will personally take
AKT 8 2015.pdf,a-na-ku  a-za-za-kum,your expenses for my account”.
AKT 8 2015.pdf,IGI Puzur4-dI!KUR,of Puzur-Adad;
AKT 8 2015.pdf,tap-pá-i-ni  a-na,was our colleague. For
AKT 8 2015.pdf,"kà-rum Kà-ni-e""",the Kanesh colony
AKT 8 2015.pdf,"A letter by #l-$%b to A""""ur-""am""' and Ennam-Suen - both together are addressed as “my","brothers” in l. 13, the former as “my father» in l. 21, - not related to the previous records, but"
AKT 8 2015.pdf,ù  En-na-Sú-in  qí-bi4-ma,"and Ennam-Suen,"
AKT 8 2015.pdf,"'í-tám ni-""a-kà-an",we must submit the expenditures’?
AKT 8 2015.pdf,"tám-kà-ru-um  i-na  re-""í-/a",The creditor keeps a check on me
AKT 8 2015.pdf,i-za-az  KÙ.B.  1  ma-na,(because) I have to pay
AKT 8 2015.pdf,"a-""a-qá-al : ke-e",1 mina of silver! How could
AKT 8 2015.pdf,KÙ.B.  i-na  qá-tí-a,have 10 shekels of silver
AKT 8 2015.pdf,"i-ba-""í  a-hu-a","available?  Please, my"
AKT 8 2015.pdf,"""u-ma  e-mu-qá-tám",If he treats you in a
AKT 8 2015.pdf,ma  a-kà-ri-im  i-lá-/ak-ma,turns to the colony and
AKT 8 2015.pdf,kà-ru-um  i-da-ku-nu,"the colony makes you appear in court,"
AKT 8 2015.pdf,"a-bi4  a-ta  ""é-&ù-ta-kà","My dear father, could I"
AKT 8 2015.pdf,"a-ba-am  ""a-ni-am",Do we have any father but you?
AKT 8 2015.pdf,"ni-""u  a-na Tù-ùh-pì-a",I will travel on to Tuhpiya
AKT 8 2015.pdf,e-tí-iq-ma  KÙ.B. 10 GÍN,"and try to get some silver,"
AKT 8 2015.pdf,ù *  ma-na  ma-lá,"10 or 20 shekels, as much"
AKT 8 2015.pdf,ga-am-ri-a : a-lá-qé-a-ma,"as I need for my expenses,"
AKT 8 2015.pdf,ù  a-ta-bi4-a-ma,then I will get moving
AKT 8 2015.pdf,a-ta-lá-kam  a-bi4  a-ta,"and depart for you. You, my father,"
AKT 8 2015.pdf,"(u-I""tar ù En-na-Sú-in","!u-I""tar and Ennam-Suen"
AKT 8 2015.pdf,um-ma  En-na-Sú-in-ma,Ennam-Suen said:
AKT 8 2015.pdf,"KÙ ""a  qá-ta-at",“The silver for which we had our-
AKT 8 2015.pdf,Ki-li-ri-e  ni-il5-tap-/tù,"of Al-$%b concerning the Kilirians,"
AKT 8 2015.pdf,"KÙ ""u-qú-ul  um-ma","pay that silver”.  !u-I""tar"
AKT 8 2015.pdf,ki-ma  a-wa-at,in accordance with the ruling
AKT 8 2015.pdf,a-li-a : a-lá-kam-ma,"of my city, I will come and"
AKT 8 2015.pdf,um-ma  En-na-Sú-°in¿-ma,Ennam-Suen said:
AKT 8 2015.pdf,"""u-ma a-na 6  ITU.KAM  a-na",“If you do not come to Tawiniya
AKT 8 2015.pdf,Ta-wi-ni-a  lá  [ta]-lá-kam-/ma,within 6 months and do not
AKT 8 2015.pdf,a-wa-tám  lá ta-dí-nam,"render account to me, will you then"
AKT 8 2015.pdf,ba-lum  dí-nim  ba-lúm  ma-mì-tim,not give me the silver and its interest
AKT 8 2015.pdf,"KÙ ú 'í-ba-tí-""u lá  ta-dá/nam",without resorting to legal action or oath?”
AKT 8 2015.pdf,"um-ma (u-I""tar-ma  lá-dí-na-kum","!u-I""tar answered: “I will give it you”."
AKT 8 2015.pdf,a-na a-wa-tim a-ni-a-tim,For these words the Tawiniya colony
AKT 8 2015.pdf,kà-ru-um Ta-wi-ni-a i-dí-ni-a-/tí-ma,made us appear in court and
AKT 8 2015.pdf,"IGI GÍR ""a A-""ur &up-pá-am","before A""""ur’s dagger we gave this"
AKT 8 2015.pdf,"KI!IB A-dé-lá-at KI![IB Ir-am¿- dA-""ùr","Seal of Adad-ellat, seal of Ir’am-A""""ur,"
AKT 8 2015.pdf,DUMU I-dí-ba-ni,"son of Idi-b%ni,"
AKT 8 2015.pdf,"KI!IB Pí-lá-ah-I""tar  DUMU I-bi4-sú-a","seal of Pilah-I""tar, son of Ibisua,"
AKT 8 2015.pdf,"""a 12  GÍN KÙ.B. A-al-DÙG",to the effect that #l-$%b owes
AKT 8 2015.pdf,a-na Kur-ub-Sú-in  ha-bu-lu-ma,12 shekels of silver to Kurub-Suen
AKT 8 2015.pdf,En-na-Sú-in  qá-ta-tù-n[i],and Ennam-Suen is guarantor
AKT 8 2015.pdf,°12¿  GÍN  KÙ.B.  ki-ma,The 12 shekels of silver instead of ....
AKT 8 2015.pdf,"""a  A-al-DÙG a-na",which #l-$%b owes to
AKT 8 2015.pdf,Kur-ub-Sú-in  ha-bu-lu-ma,Kurub-Suen and (for which)
AKT 8 2015.pdf,KÙ.B.  ki-ma  Kur-ub-Sú-in,"Pilah-I""tar collected that silver"
AKT 8 2015.pdf,"Pilah-I""tar  il5-qé","in the name of Kurub-Suen,"
AKT 8 2015.pdf,En-na-Sú-in  ki-ma,Ennam-Suen paid it
AKT 8 2015.pdf,"""u-ma  Kur-ub-Sú-in",If Kurub-Suen raises a claim
AKT 8 2015.pdf,a-na  A-al-DÙG,"(for it) for against #l-$%b,"
AKT 8 2015.pdf,"Pì-lá-ah-I""tar  ú-ba-áb-""u",will clear him.
AKT 8 2015.pdf,KÙ.B.  i-na  li-mì-im,He collected the silver
AKT 8 2015.pdf,(u-da-a (eras) ITU.KAM,"during the eponymy of !udaya,"
AKT 8 2015.pdf,DUMU Ì-dí-ba-ni,son of Idi-b%ni.
AKT 8 2015.pdf,"not informed him about it. The relation between Pilah-I""tar (attested in ICK 2,132:41; TC 2,","56:3’; TC 3, 251A:2; Kt 87, 384:24; and *232:1, where he is witness to a debt owed by Ennam-"
AKT 8 2015.pdf,"Undated contract in an unopened envelope, whereby A""""ur-""am""' and Ennam-Suen are",registered as guarantors for #l-$%b and stipulate that the latter’s house in Assur serves as their
AKT 8 2015.pdf,KI!IB Zu-ba  DUMU En-na-nim,"Seal of Zuba, son of Enn%num,"
AKT 8 2015.pdf,"KI!IB Puzur4-A-na DUMU A-""ur-dan","seal of Puzur-Anna, son of A""""ur-d%n,"
AKT 8 2015.pdf,KI!IB Na-áb-Sú-in DUMU,"seal of Nabi-Suen, son of"
AKT 8 2015.pdf,KI!IB  A-al-DÙG,"seal of #l-$%b,"
AKT 8 2015.pdf,"""a 11 ma-na  KÙ.B.","11 minas of silver A""""ur-""am""'"
AKT 8 2015.pdf,qá-ta-at  A-al-DÙG,and Ennam-Suen had themselves
AKT 8 2015.pdf,"A-""ur-dUTU  ú  En-na-Sú-in",registered as guarantors of
AKT 8 2015.pdf,"il5-ta-ap-tù-ni  ""u-ma",#l-$%b. If the silver is
AKT 8 2015.pdf,"KÙ  i-na 'é-er  A-""ur-dUTU",collected at the expense of
AKT 8 2015.pdf,ú  En-na-Sú-in  i-ta-al-qé,"A""""ur-""am""' and Ennam-Suen"
AKT 8 2015.pdf,"Ébé-tum  ""a  a-limki",#l-$%b’s house in the City
AKT 8 2015.pdf,"""a  A-al-DÙG  e-ru-ba-at / KÙ",serves a security for the silver.
AKT 8 2015.pdf,"seal A = CS 1240 = *220A, inscription: [KI!IB]  Zu-ba / [DU]MU En-na-ni[m].","seal B = CS 1251, by elimination the seal of #l-$%b."
AKT 8 2015.pdf,"A""""ur-d%n. The 3 records known (Kt n/k 1850 is unpublished) have no common sealer,","but it is extremely likely that the seal was used on ICK 1, 20A by A""""ur-d%n, son of"
AKT 8 2015.pdf,"""a  qá-ta-at","for which A""""ur-""am""' and"
AKT 8 2015.pdf,il5-ta-áp-tù,"of #l-$%b,"
AKT 8 2015.pdf,"""u-ma KÙ.B. i-na",should the silver
AKT 8 2015.pdf,"'é-er  A-""ur-dUTU",be collected at the
AKT 8 2015.pdf,ú  En-na-Sú-/in,"expense of A""""ur-""am""',"
AKT 8 2015.pdf,i-ta-al-qé,"and Ennam-Suen,"
AKT 8 2015.pdf,"""a a-limki  ""a  A-al-DÙG",in the City is a
AKT 8 2015.pdf,e-ru-ba-at  KÙ.B.,pledge for the silver.
AKT 8 2015.pdf,IGI  Zu-ba  IGI Puzur4-/A-na,"In the presence of Zuba, of Puzur-Anna,"
AKT 8 2015.pdf,IGI  Na-áb-Sú-in,of Nabi-Suen.
AKT 8 2015.pdf,"Ennam-Suen, both sons of Amur-!ama"", which explains why he (together with A""""ur-""am""')",took the risk of acting as guarantor for him. According to *226:8 (from the year REL 82)
AKT 8 2015.pdf,"together with !u-I""tar, he had guaranteed for #l-$%b in a transaction concerning men from Kilir.",He may also have been the man who according to *326 had paid 43 shekels of silver on behalf
AKT 8 2015.pdf,2+ ma-na 4  GÍN,A debt of  2 minas 44 shekels
AKT 8 2015.pdf,KÙ.B. 'a-ru-pá-am  i-'é-er,of refined silver !alim-ahum
AKT 8 2015.pdf,(a-lim-A-hi-im  ù  (u-Sú-in,and !u-Suen owe to
AKT 8 2015.pdf,"i""-tù  SAG ITU.KAM","From the beginning of month III,"
AKT 8 2015.pdf,"""a  ki-na-tim  li-mu-/um",eponymy of the successor of
AKT 8 2015.pdf,"""a qá-té Ì-lí-dan","of Il'-d%n, they will"
AKT 8 2015.pdf,"""u-ma lá i""-qú-lu",If they fail to pay
AKT 8 2015.pdf,1) GÍN.TA : a-na,they will add  1+
AKT 8 2015.pdf,"IGI A-da DUMU E-na-A-""ur","of Ada, son of Ennam-A""""ur."
AKT 8 2015.pdf,"weeks, with a clause on default interest. Ennam-Suen promises to protect the debtor against","claims by the sons of A""""ur-$%b."
AKT 8 2015.pdf,'a-ru-pá-am  i-'é-/er,silver Malaba owes
AKT 8 2015.pdf,(u-da-a  DUMU  En-na-nim,"!udaya, son of Enn%num"
AKT 8 2015.pdf,"a-na 3  ha-am-""a-tim",he will pay
AKT 8 2015.pdf,"""u-ma  lá  i""-qúl",If he does not pay
AKT 8 2015.pdf,"ú-'a-áb  ""u-ma",If the sons
AKT 8 2015.pdf,"DUMU  A-""ùr-DÙG","of A""""ur-$%b"
AKT 8 2015.pdf,"ú-ba-áb-""u",will clear him.
AKT 8 2015.pdf,"before A""""ur-dugul.",4-19. This clause suggests that Ennam-Suen had somehow taken over (by cession or sale or as
AKT 8 2015.pdf,KI!IB (u-A-nim  DUMU A-ki-a-nim,"seal of !u-Anim, son of Aki%num,"
AKT 8 2015.pdf,"KI!IB A-""ur-du-gul  DUMU Im-da-hi","seal of A""""ur-dugul, son of Imd'-ah',"
AKT 8 2015.pdf,"KI!IB A-""ur-°DÙG¿ DUMU I-[d]í-ba-/ni","seal of A""""ur-$%b, son of Idi-b%ni,"
AKT 8 2015.pdf,°GÍN¿  KÙ.B.  i-['é-er],Ennam-Suen has a claim
AKT 8 2015.pdf,"A-""ùr-DÙG  DUMU  I-dí-ba-ni",of 12 shekels of silver on
AKT 8 2015.pdf,"En-na-Sú-in  i-""u","A""""ur-$%b, son of Idi-b%ni;"
AKT 8 2015.pdf,E-lá-li   DUMU  I-ku-nim,"Elal', son of Ik*num."
AKT 8 2015.pdf,'í-ib-tám  ki-ma,He will add interest according
AKT 8 2015.pdf,"Kà-né-e""  ú-'a-áb",of the Kanesh colony.
AKT 8 2015.pdf,"KI!IB A-""ur-be-el-a-wa-tim","Seal of  A""""ur-b&l-aw%tim,"
AKT 8 2015.pdf,1/3 ma-na 8 GÍN KÙ. B. 'a-ru-pá-am,28 shekels of refined silver
AKT 8 2015.pdf,"i-'é-er  A-bu-""a-lim  DUMU","Abu-""alim, son of A""""ur-b&l-aw%tim,"
AKT 8 2015.pdf,"En-na-Sú-in i-""u  i""-tù",From the week of
AKT 8 2015.pdf,"ha-mu-u""-tim ""a kà-""í-im",the official who took over from
AKT 8 2015.pdf,"li-mu-um ""a qá-té  A-""ur-na-/da","eponymy of the successor of A""""ur-n%d%,"
AKT 8 2015.pdf,DUMU Puzur-A-na  8 GÍN,"son of Puzur-Anna, he will pay 8 shekels"
AKT 8 2015.pdf,"i-""a-qal 10  GÍN KÙ.B.  a-na",10 shekels within 6 weeks
AKT 8 2015.pdf,"ha-am-""a-tim  i-""a-qal  10 GÍN","he will pay, and 10 shekels he will"
AKT 8 2015.pdf,"i-""a-qal  ""u-ma  i-na  u4-me-""u",If he does not pay
AKT 8 2015.pdf,"ma-al-ú-tim lá  i""-qú-ul",when his term is over
AKT 8 2015.pdf,ki-ma      seal D,he will add  interest
AKT 8 2015.pdf,'í-ib-tám  ú-'a-áb,the regulation of the colony.
AKT 8 2015.pdf,"ik-ri-bu ""a  A-""ur","temple fund of A""""ur."
AKT 8 2015.pdf,"KI!IB Pí-la-ah-I""tar DUMU I-bi4-sú-a","Seal of Pilah-I""tar, son of Ibisua,"
AKT 8 2015.pdf,"KI!IB (u-ma-li-bi4-A-""ur","seal of  !umma-libbi-A""""ur,"
AKT 8 2015.pdf,DUMU  Ku-ús-ku-sí-im,"son of  Kuskusum,"
AKT 8 2015.pdf,KI!IB A-al-DÙG DUMU  A-mur- dUTU,"seal of #l-$%b, son of Amur-!ama"","
AKT 8 2015.pdf,"""a hu-bu-ul",(to the effect) that  the debt of
AKT 8 2015.pdf,ù  A-al-DÙG  me-er-e!  A-mur-dUTU,"#l-$%b, sons of Amur-!ama"","
AKT 8 2015.pdf,3) ma-na 5 GÍN  KÙ.B.,is 3+ minas 5 shekels of
AKT 8 2015.pdf,"'a-ru-pu-um  i""-tù",refined silver. From
AKT 8 2015.pdf,"ha-mu-u""-tim ""a",the week of
AKT 8 2015.pdf,"A-""ùr-i-mì-tí  ù  A-mur-I""tar","A""""ur-imitt' and Amur-I""tar"
AKT 8 2015.pdf,a-na 1 ma-na-im,they will add per 1 mina
AKT 8 2015.pdf,GÍN.TA i-na  ITU.KAM,2 shekels per month
AKT 8 2015.pdf,ú-'ú-bu  KÙ.B.,For the silver
AKT 8 2015.pdf,"li-mu-um  ""a <i>- qá-té",eponymy of the one who
AKT 8 2015.pdf,Sú-kà-lí-a  il-qé-ú,took over from Sukkalliya.
AKT 8 2015.pdf,"seal B =  CS 1238, inscription: En-na-Sú-°in¿ / DUMU dA-""ùr-U[TU], cf. l. 4.","seal C = CS 381 = Kt n/k 1729B, 1733A, 1879C. The common sealer of the last three texts"
AKT 8 2015.pdf,"seal D = CS 1239, inscription: [(u]-ma-li-bi-A-[""ùr] / DUMU A-ta-a. The text on the envelope","identifies this witness as son of Kuskusum, a patronym also attested for him in CCT 5,"
AKT 8 2015.pdf,"Hanana (see l. 4), who apparently had been unable to return Ennam-Suen’s debt-note and as-",sumes the obligation to clear the ex-debtor if it turns up.
AKT 8 2015.pdf,"KI!IB Ka-ku-a DUMU I-dí-I""tar","Seal of Kakua, son of Iddin-I""tar"
AKT 8 2015.pdf,"KI!IB Puzur4-dI!KUR DUMU I-dí-I""tar","seal of Puzur-Adad, son of Iddin-I""tar"
AKT 8 2015.pdf,* ma-na 5 GÍN KÙ.B. 'a-ru-pá-am,"25 shekels of refined silver, being"
AKT 8 2015.pdf,"""a  ik-ri-bi : ""a me-er-ú","temple funds, which the sons of"
AKT 8 2015.pdf,Ilam-kurub had acquired as claim on,seal B (upside down)
AKT 8 2015.pdf,"DUMU A-mur-dUTU ir-""í-ú-ni","Ennam-Suen, son of Amur-!ama"","
AKT 8 2015.pdf,ki-ma me-er-e DINGIR-kur-ub  KÙ.B.,"Hanana, representing the sons of"
AKT 8 2015.pdf,"ù 'í-ba-sú  Ha-na-na  ""a-bu",is satisfied with the silver and its interest.
AKT 8 2015.pdf,"&up-pu-um ""a  * ma-na 5 GÍN KÙ.B.","The tablet of 25 shekels of silver,"
AKT 8 2015.pdf,"""a hu-bu-ul En-na-Sú-in","recording the debt of Ennam-Suen,"
AKT 8 2015.pdf,"""a  e-li-a-ni  sà-ar  ""u-ma",which turns up is invalid. If
AKT 8 2015.pdf,me-er-ú  DINGIR-kur-ub  a-na  En-na-,the sons of Ilam-kurub raise a claim
AKT 8 2015.pdf,"i-tù-ru-ú   Ha-na-na  ú-ba-áb-""u   [Sú-/in","against Ennam-Suen, Hanana will clear"
AKT 8 2015.pdf,"KÙ.B. ""a  IGI En-na-nim ù  DUMU °x]*",him. (It is) silver that they gave him
AKT 8 2015.pdf,"i-dí-nu-""u-ni",and of the son of ..........
AKT 8 2015.pdf,"is Hanana, son of Ilam-kurub (KKS 4b:1, where dI""tar is a mistake for DINGIR-lam!). It","also figures as seal A on Kt 86/k 175, where it used by Hanana’s brother, A""""ur-tukult',"
AKT 8 2015.pdf,son of Ilam-kurub.,seal B:  CS 1235
AKT 8 2015.pdf,ù En-na-Sú-in,and Ennam-Suen
AKT 8 2015.pdf,ni-kà-sé  i-sí-ú-ma,settled accounts and
AKT 8 2015.pdf,"i-°""a-qal¿",48+ minas of copper
AKT 8 2015.pdf,rev.  31) ma-na URUDU,and Adad-b%ni
AKT 8 2015.pdf,"Witnessed by Puzur-A""""ur.","This settlement probably reflects some kind of a joint venture (an investment or a purchase), the"
AKT 8 2015.pdf,XIV. !U-I!TAR (235-245),"The texts published here belonged to or concern men called !u-I""tar and the question is"
AKT 8 2015.pdf,"witnesses, but we also have witnesses without patronym (e.g. !u-I""tar in *199:19, during","eponymy year REL 94). In Elamma’s archive we meet - apart from the week eponym !u-I""tar,"
AKT 8 2015.pdf,"men whose father is called !u-I""tar and at least five !u-I""tars with different fathers; they are:","!. son of Dad#num, see below;"
AKT 8 2015.pdf,"them, shows a few scribal peculiarities, which do not return in other ‘!u-I""tar texts’. !u-I""tar",also occurs five times as owner of lots of textiles in the lists presented in Ch. XX (alongside
AKT 8 2015.pdf,"*150 is a very similar record about a shipment of Iddin-Suen, who appears alongside !u-I""tar in","several of the textile lists. Something similar may well be the background of *126, according to"
AKT 8 2015.pdf,"*244 one by witnesses concerning a private summons, whereby !u-I""tar tried to collect a debt","of 4 shekels of gold owed by Puzur-A""""ur, son of Itur-il'. Texts *235 and *236 are letters of !u-"
AKT 8 2015.pdf,"mentioned in *238 and *240 P(""u-k&n is somehow involved and *240:14 mentions an","agreement between !u-I""tar and Ir’am-A""""ur."
AKT 8 2015.pdf,"Abduata to Unap""e, *263 (Kt 91/k 543) an isolated letter from !at-Ta""m&tim, *267 (Kt 91/k","547) a letter(?) by !ama""-b#ni, and *268 (Kt 91/k 550) a letter by Puzur-Anna and A""""ur-rabi to"
AKT 8 2015.pdf,"!u-B&lum. Since it is better to keep separate what cannot be proved to belong together, I did not",include these last texts in this chapter. The just-mentioned four letters figure among the “Letters
AKT 8 2015.pdf,Id-na-a ù I-°ku-pí¿-/A-!ur,"Idn#ya and Ik(n-p'-A""""ur"
AKT 8 2015.pdf,qí-bi4-ma 3 ma-na,“3 minas of
AKT 8 2015.pdf,KÙ.B. #a-ru-pá-am,refined silver
AKT 8 2015.pdf,e-tí-qú  a-hi a-ta,"overdue. Please, my brother,"
AKT 8 2015.pdf,KÙ.B. ú #í-ba-sú  !u-qú-ul-/ma,pay the silver and its interest
AKT 8 2015.pdf,a-na té-er-tí-a,and let them give it to
AKT 8 2015.pdf,li-dí-nu (erasure),where I will instruct’.
AKT 8 2015.pdf,a-na  !a ki-ma i-a-tí,Say to my representatives:
AKT 8 2015.pdf,!a-á!-qí-lá-!u-ma,the silver and the interest on it
AKT 8 2015.pdf,le.e. pá-ni-a,I will instruct’.”
AKT 8 2015.pdf,ú I-ku-pì-A-!ur,"and Ik(n-p'-A""""ur,"
AKT 8 2015.pdf,KÙ.B. ú #í-ba-sú-ú,Idn#ya pay the silver
AKT 8 2015.pdf,Id-na-<a>  !a-á!-qí-lá,and the interest on it.
AKT 8 2015.pdf,a-le-e KÙ.B. [Id-na-a],Consider where silver of
AKT 8 2015.pdf,GÍN e-li-a-[ni],"Idn#ya, if only 10 shekels,"
AKT 8 2015.pdf,rev. mì-li-ik !u-m[a],may turn up. If
AKT 8 2015.pdf,KÙ.B. i-!u-ú,"has silver, then"
AKT 8 2015.pdf,dUTU-ba-ni  na-hi-da-ma,"warn !ama""-b#ni that"
AKT 8 2015.pdf,lá ú-!a-ar-!u,water. (For)
AKT 8 2015.pdf,KÙ.B.-pu-um KÙ.B.-áp-kà,the silver is your silver!
AKT 8 2015.pdf,a-wi-lu-um la-mu-un,"The man is a crook,"
AKT 8 2015.pdf,!a-á!-qí-lá,the silver and the interest on it!”
AKT 8 2015.pdf,"!ama""-b#ni. He probably is identical to the man to whom !u-I""tar’s letter *240 was addressed.",Idn#ya might be identical to the man who occurs as debtor of Elamma in *55:3//74:6-7//75:5-6
AKT 8 2015.pdf,"and in whose caravan Elamma had a share according to *72:4-5. !u-I""tar’s polite, but un-","successful letter to his representatives and Idn#ya, *235, must have been followed by the severe"
AKT 8 2015.pdf,a-na Ku-da-dim  Hu-ma-da-!u  ù,"to Kud#dum, Humada""u and"
AKT 8 2015.pdf,GÍN KÙ.B. a-na  Ku-da-dim,"“4 shekels of silver for Kud#dum,"
AKT 8 2015.pdf,GÍN KÙ.B. a-na  Nu-hu-!a-tim,"2 shekels of silver for Nuhu""atum,"
AKT 8 2015.pdf,a-ha-ma 5 GÍN KÙ.B.,(and) separately 5 shekels of silver
AKT 8 2015.pdf,li-qí-a-ma,Take it and
AKT 8 2015.pdf,GÍN KÙ.B. Hu-li,Make Huli pay 15 shekels of
AKT 8 2015.pdf,!a-á!-qí-lá-!u-ma  !a ' ma-na,silver and draw up a debt-note
AKT 8 2015.pdf,(up-pu-!u  lu-up-ta  ' GÍN,"of his for ) mina. Dudu, son"
AKT 8 2015.pdf,Du-du  DUMU A-!ur-DÙG,"of A""""ur-%#b, owes me ) shekel"
AKT 8 2015.pdf,ha-bu-lam  !u-ma  wa-!a-/áb,of silver; if he is staying there
AKT 8 2015.pdf,KÙ.B. !a-á!-qí-lá-!u,make him pay the silver.
AKT 8 2015.pdf,(up-pu-!u i-na ta-ma-/lá-kà-[x],His debt-note is in the
AKT 8 2015.pdf,!a &a-lim-ma  kà-an-/ku,with the seals of
AKT 8 2015.pdf,"bought from I""tar-lamass' and A""""ur-%#b (*210). In her letter *208 she asks A""""ur-imitt' to take","out of her tablet-box(es) a debt-note of Il'-b#ni, which !u-I""tar then has to bring her. The"
AKT 8 2015.pdf,&u-lí ù GE6-li-I!tar,"!uli and *illi-I""tar,"
AKT 8 2015.pdf,ta-á!-pu-ra-am,“You wrote us as follows:
AKT 8 2015.pdf,um-ma a-ta-ma 15 na-ru-/qá-tim,‘15 bags under my
AKT 8 2015.pdf,ku-nu-ke-a : É Ga-lu-a,seals I left in Galua’s house
AKT 8 2015.pdf,e-zi-ib  (up-pá-am,Find the tablet
AKT 8 2015.pdf,!a Pu-!u-ki-in,"of P(""u-k&n and"
AKT 8 2015.pdf,ep-!a  i-na DUB-pì-im,In the tablet of
AKT 8 2015.pdf,lá-áp-tu(m),"‘130 textiles’,"
AKT 8 2015.pdf,na-ru-qá-tim,but when we took delivery
AKT 8 2015.pdf,nu-ma-hi-ir-ma,of the bags there were
AKT 8 2015.pdf,me-at 16 TÚG.HI.A,(only) 116 textiles!
AKT 8 2015.pdf,TÚG.HI.A 10 na-ru-/qá-/tim,60? textiles (in) 10 bags
AKT 8 2015.pdf,IGI A-!ur-ta-ak-/lá-ku,in the presence of
AKT 8 2015.pdf,IGI En-na-A-!ur,"of Amurrum-b#ni,"
AKT 8 2015.pdf,ni-ip-qí-id,"(and) of Ennam-A""""ur."
AKT 8 2015.pdf,56? TÚG*  S[IG5]?,56 textiles of good quality
AKT 8 2015.pdf,É Ga-lu-a* : i-ba-!í-ú,are still in Galua’s house.”
AKT 8 2015.pdf,"A friendly letter to !u-I""tar by Ili""-tikal explaining why he did not meet him. The promise to",pay him the triple (!u!al!um) of a possible debt amounts to a denial that he owes him anything.
AKT 8 2015.pdf,[q]í-bi4-ma um-ma,"speak, this is what"
AKT 8 2015.pdf,!u-!ál-!u-um,I will pay (it)
AKT 8 2015.pdf,IGI (erasure),"4. &an$’um, “to become different”, in OA is used in the G-stem with libbum, (""mum and"
AKT 8 2015.pdf,ú  dUTU-ba-ni-ma a-!u-mì,"and !ama""-b#ni: “As for the wool"
AKT 8 2015.pdf,!a-áp-tim !a ta-á!-pu-ra-/ni,"about which you wrote,"
AKT 8 2015.pdf,e(-lu-tum  i-ma-qú-tù-/ni-ma,when the men arrive here
AKT 8 2015.pdf,!a-áp-tám  i!-té-ni-/i!6(IS),we will sell all the wool
AKT 8 2015.pdf,ni-dá-an-ma  KÙ.B.,together and we will
AKT 8 2015.pdf,ni-zu-wa-azx(Á!) : *KI i!-°x/ x (x)¿,divide the silver and with ......
AKT 8 2015.pdf,a-na Pu-!u-ki-/in,we will send it to
AKT 8 2015.pdf,nu-!é-ba-lam a-!u-mì,"P(""u-k&n. As for calling"
AKT 8 2015.pdf,Ébe-et DAM.<GÀR>-ri-im,"at a merchant’s house (for a loan),"
AKT 8 2015.pdf,!ax(ZA)-sà-im : qá-áb-a-tí-/ni,"as you have promised, I have"
AKT 8 2015.pdf,Ir-ma-A-!ur a-ta-am-ga-/ar,"with Ir’am-A""""ur and he said:"
AKT 8 2015.pdf,um-ma !u-ut-ma té-er-/tù-!u,‘Let his instruction
AKT 8 2015.pdf,[ú i]-a-tí li-li-/kam-ma,"and to me, then"
AKT 8 2015.pdf,[la-dí]-na-ku-ma,I will give it to you’.
AKT 8 2015.pdf,[x x x x¿* !a  Ma-ma-a,[..... wool?] of Mamma
AKT 8 2015.pdf,[ x x x a¿-na !í-tí,................ for the rest of
AKT 8 2015.pdf,"representatives (among them Ik(n-p'-A""""ur) have to warn in *236:13.","18. The object of the verb is not clear, either the instruction or the loan to be taken out."
AKT 8 2015.pdf,IGI A-da-da DUB.SAR,"witnessed by Adada, the scribe,"
AKT 8 2015.pdf,IGI  Im-li-kà-a,and by Imlikaya.
AKT 8 2015.pdf,e-zi-ib-!u-ma,I  left to him and
AKT 8 2015.pdf,7' GÍN KÙ.B.,7) shekels of silver
AKT 8 2015.pdf,GÍN KÙ.B. i-li-/bi4,5 shekels of silver owed
AKT 8 2015.pdf,* ma-na 8 GÍN,28 shekels of
AKT 8 2015.pdf,AN.NA i-li-bi4,tin owed by
AKT 8 2015.pdf,"Puzur-A""""ur.","5. The scribe Adada, son of Adad-rabi (also a scribe, cf. CCT 1, 8a:3 and  Kt m/k 76:3f.), who"
AKT 8 2015.pdf,[x ma-na] 2 GÍN,[x minas and] 2 shekels
AKT 8 2015.pdf,KÙ.B. [#a-r]u-pá-am,of refined silver
AKT 8 2015.pdf,[D]UMU Id-na-A-!ur,"son of Id(di)n-A""""ur,"
AKT 8 2015.pdf,DUMU Puzur4-I!-/tár,"son of Puzur-I""tar,"
AKT 8 2015.pdf,IGI &u-ku-[bi-im],and by !u-K([bum].
AKT 8 2015.pdf,lu i!-tù Ku-bu-ur-/na-at,he will send it me from
AKT 8 2015.pdf,[ú]-!é-ba-lam,Kuburnat or I will
AKT 8 2015.pdf,[lu] i-na ba-a-áb-tí-!u,take it from his outstanding
AKT 8 2015.pdf,a-lá-qé  !í-tí  KÙ.B.,claims. The rest of the silver
AKT 8 2015.pdf,a-na #í-ib-tim,I will (then) borrow at
AKT 8 2015.pdf,a-la-qé-ma KÙ.B.,interest and the silver
AKT 8 2015.pdf,ù #í-ba-sú,and the interest on it
AKT 8 2015.pdf,[ú-m]a!-lá,will compensate.
AKT 8 2015.pdf,TÚG.HI.A ku-ta-ni,Two kut$nu-textiles belonging
AKT 8 2015.pdf,!a &u-I!tar DUMU Lu-zi-ni,"to !u-I""tar, son of Luzini,"
AKT 8 2015.pdf,a-na 27 ma-na URUDU,Lipt#num gave to
AKT 8 2015.pdf,ma-sí-im Li-ip-ta-/num,"Iddin-A""""ur, son of"
AKT 8 2015.pdf,a-na I-dí-A-!ùr,"D#n-A""""ur, for 27 minas"
AKT 8 2015.pdf,DUMU Dan-A-!ùr  i-dí-in,of refined copper.
AKT 8 2015.pdf,a-na a-wa-tim,For these words
AKT 8 2015.pdf,a-ni-a-tim,"the Wah""u""ana"
AKT 8 2015.pdf,u.e.  IGI !u-ga-ri-a-im,before the !.-symbol
AKT 8 2015.pdf,rev.  !a A-!ùr !í-bu-tí,"of A""""ur I gave my"
AKT 8 2015.pdf,a-dí-in IGI Bu-za-zu,testimony. In the presence of
AKT 8 2015.pdf,A-!ùr-du-ri DUMU,"A""""ur-d(r', son of Puzur-I""tar"
AKT 8 2015.pdf,Puzur4-I!tar  tap-pá-i,was my fellow witness.
AKT 8 2015.pdf,"same man must also be meant in *348:10. A""""ur-d(r' occurs without filiation in texts dated to","the years REL 97-104. He, or an earlier namesake, features in *70:25//74:16//75:10 as debtor of"
AKT 8 2015.pdf,i#-ba-at-ni-[a-tí-ma],"the son of It(r-il', and"
AKT 8 2015.pdf,um-ma &u-I!tar-ma,"!u-I""tar said"
AKT 8 2015.pdf,!a &a-at-A-!ùr,which you owe
AKT 8 2015.pdf,+í-lu-lu ù,*ilulu and
AKT 8 2015.pdf,Da-da-a DUMU,"Dadaya, son of"
AKT 8 2015.pdf,*Ub?-ra-e-im,the man from Ubra?.
AKT 8 2015.pdf,IGI !u-ga-ri-a-i[m],gave their ta[blet]
AKT 8 2015.pdf,!a A-!ùr DU[B-pu-!u-nu],before the !.-emblem
AKT 8 2015.pdf,DUMU I-<zi>-za-am-ì-lí :,son of Izizam-il'
AKT 8 2015.pdf,ù A-bi4-a DUMU A-°ta¿ -a,"and Abiya, son of Ataya,"
AKT 8 2015.pdf,pá-!u-nu i!-me-ú,heard their statement.
AKT 8 2015.pdf,"have no information on a possible relation between Puzur-A""""ur and !at-A""""ur.",16. Reading of the first sign uncertain; the word must be a nisbe.
AKT 8 2015.pdf,4' GÍN KÙ.B.,"4) shekels of silver,"
AKT 8 2015.pdf,rev. a-na a-wa-at,“I take the responsibility
AKT 8 2015.pdf,"!u-I""tar in the latter’s absence, presumably because he had a claim on him. He assumes",responsibility for his action.
AKT 8 2015.pdf,"XV.  !U-B""LUM (246-251)","Several documents of or concerning !u-B""lum were found in 1991, but it is difficult to"
AKT 8 2015.pdf,Mu-za  DUMU.<MÌ> Is-pu-nu-ma-an,"Muza, daughter! of Ispunuman,"
AKT 8 2015.pdf,"a-""a-at  #u-Be-lim","is the wife of !u-B""lum."
AKT 8 2015.pdf,"a-""ar  li-bi-<""u>  #u-Be-lúm","!u-B""lum can take her along"
AKT 8 2015.pdf,"i-ra-dé-""í  ""u-ma",where <he> wishes. If
AKT 8 2015.pdf,ú-ul  ar-nam!,or commits
AKT 8 2015.pdf,"ù  ""í-lá-tám",a crime or an
AKT 8 2015.pdf,"Mu-za  ta-""a-qal-ma",1 mina of silver and
AKT 8 2015.pdf,IGI  %ú-lu-lá,"In the presence of (ulula,"
AKT 8 2015.pdf,"IGI In-ba-A-""ur","of Inib-A%%ur,"
AKT 8 2015.pdf,"IGI En-um-A-""ur","of Ennum-A%%ur,"
AKT 8 2015.pdf,"A contract about a small silver debt owed by A%%ur-takl&ku to !u-B""lum, dated to the year  REL","96, with the usual default interest, witnessed by one single person."
AKT 8 2015.pdf,"A-""ur-ta-ak-lá-ku",son of A’aya
AKT 8 2015.pdf,"ha-mu-u""-tim",the week of
AKT 8 2015.pdf,a-na ITU.KAM,he will pay within
AKT 8 2015.pdf,"i-""a-qal  ""u-ma",a month. If
AKT 8 2015.pdf,ma-al-ú-tim,when his term is due
AKT 8 2015.pdf,"lá  i""-qúl  22) !E / KÙ.B.",he will add 1/8 shekel
AKT 8 2015.pdf,i-na  ITU.KAM,of silver per month.
AKT 8 2015.pdf,"A-""ur-na-da",of A%%ur-n&d&.
AKT 8 2015.pdf,Witnessed by A%%ur-id#.,"3-4. The name written A-a-a is attested a few times, in TuM 3d:5 and Kt n/k 1807:7, and also"
AKT 8 2015.pdf,ú-$a-áb  li-mu-um,Year eponymy of
AKT 8 2015.pdf,"ha-mu-u""-tum",week eponymy of
AKT 8 2015.pdf,Witnessed by A%%ur-id#,"8-10. The interest is high, 100% per year, but less remarkable for a small loan for a short period."
AKT 8 2015.pdf,"KI!IB  En-um-A-""ur DUMU I""tar-lá-ma-[sí]","Seal of Ennam-A%%ur, son of I%tar-lamass#,"
AKT 8 2015.pdf,"KI!IB  In-ba-A-""ur","seal of Inib-A%%ur,"
AKT 8 2015.pdf,DUMU Pì-lá-ah-Sú-in,"son of Pilah-Suen,"
AKT 8 2015.pdf,"KI!IB °Puzur4¿-I""tar DUMU DINGIR-na-da","seal of Puzur-I%tar, son of Il#-n&d&."
AKT 8 2015.pdf,rev. 3 GÍN KÙ.B. i-$é-er,3 shekels of silver
AKT 8 2015.pdf,"Pu[zur4-I""tar DUMU DINGIR-na-da]","Puz[ur-I%tar, son of Il#-n&d&]"
AKT 8 2015.pdf,"°ha-mu¿-[u""-tim¿ ""a #u-Ku-[bi-im]",the week of !u-K$bum
AKT 8 2015.pdf,ú Ka-zi-a  22) !E i-na,and Kaziya he will add + shekel
AKT 8 2015.pdf,ITU.KAM  Ma-hu-ur-DINGIR  li-m[u-um],"Month IV, eponymy of"
AKT 8 2015.pdf,"u.e. ""a qá-té  dI!KUR-ba-ni",the successor of Adad-b&ni.
AKT 8 2015.pdf,"8-9. A well-attested double week eponymy, with several occurrences during eponymy years","REL 89-96 (also in Kt 94/k 134, month IX). The same week eponymy occurs with its two"
AKT 8 2015.pdf,"KI!IB  A-""ur-ta-ak-lá-ku","seal of A%%ur-takl&ku,"
AKT 8 2015.pdf,KI!IB  Qá-ta-tim,seal of Qat&tum.
AKT 8 2015.pdf,1/6  GÍN KÙ.B.,4 1/6 shekels of silver
AKT 8 2015.pdf,Kà-zi-a ù  #u-Ku-bi4-im,Kaziya and !u-K$bum
AKT 8 2015.pdf,ki-ma  a-wa-at  kà-ri-[im],he will add interest
AKT 8 2015.pdf,ITU.KAM ú-$a-áb °KÙ.B..,the regulation of the k!rum.
AKT 8 2015.pdf,"after !u-K$bum, coming first.",15. The person whose name begins with Ibni-  could have been a guarantor.
AKT 8 2015.pdf,men acting as “judges”. It obliges A%%ur-m&lik to come within three months (to Kanesh?) with,"his written evidence, to discuss a conflict with !u-B""lum. Non-compliance earns him a fine."
AKT 8 2015.pdf,"+up-pá-am  ""a  ""í-be-""u",A%%ur-m&lik shall bring
AKT 8 2015.pdf,ù +up-pá-am (eras.),the tablet of his witnesses
AKT 8 2015.pdf,"""a  wa-ba-ar-tim",and the tablet of the trading-station
AKT 8 2015.pdf,"ú-ba-lam-ma  i""-tí",and discuss
AKT 8 2015.pdf,"""u-ma  a-na  ITU.3.KAM",If within three months
AKT 8 2015.pdf,"""a  ""í-be-""u",the tablet of his witnesses
AKT 8 2015.pdf,"ú  ""a  wa-ba-ar-tim",and the one of
AKT 8 2015.pdf,lá  i-ta-áb-lam,"the trading-station,"
AKT 8 2015.pdf,a-na #u-Be-lim,will pay ) mina
AKT 8 2015.pdf,"A-""ùr-ma-lik",of silver to
AKT 8 2015.pdf,"""a Bu-zu-ta-a",of Buzutaya
AKT 8 2015.pdf,"ù  A-""ùr-i-mì-tí","and A%%ur-imitt#,"
AKT 8 2015.pdf,li-mu-um  dI!KUR-ba-ni,of Adad-b&ni.
AKT 8 2015.pdf,"ù  Mu-ti1-A-""ùr","and Muti-A%%ur,"
AKT 8 2015.pdf,"(also written Tù-ur-a-a, AKT 6, 482:19?; possibly an abbreviation of a name containing the verb","tu!rum), Muti-A%%ur (note the spelling with TI1) is known only from this text; the name could"
AKT 8 2015.pdf,"latter in an earlier stage had rejected, an outcome that !u-B""lum apparently would not accept",unless good evidence was presented. A%%ur-m&lik is now obliged to do so and to negotiate with
AKT 8 2015.pdf,"already led to legal action. Its outcome may have encouraged A%%ur-m&lik to reject !u-B""lum’s","claim or he had failed to implement the solution then proposed, which would explain why a"
AKT 8 2015.pdf,"more Ennam-A!!urs in our file - I have decided not to present them in Ch. IX, devoted to","Elamma’s children, but here. The notes to the individual texts will deal with possible iden-"
AKT 8 2015.pdf,"Nabi-Suen, Ennam-A!!ur, Lib$r-b%l&","Wardum, son of Kuziya"
AKT 8 2015.pdf,a-na A-al-DÙG ù,say to &l-$%b and
AKT 8 2015.pdf,A-!ur-ta-ak-lá-ku  na-á!-a-ku-nu-tí,7 shekels of silver under my seal.
AKT 8 2015.pdf,a-ma-kam  !í-it-re !a pu-°ki¿-im,Buy there scarfs? of p$ku-weave
AKT 8 2015.pdf,dam-qú-tim wa-at-ru-tim,"of extremely good quality,"
AKT 8 2015.pdf,!a-ma-ma ku-nu-kà-ma,seal them and hand them over
AKT 8 2015.pdf,a-na A-!ur-tak-lá-ku  dí-na-ma,to A!!ur-takl%ku and
AKT 8 2015.pdf,!u-ma  e-eb-ru  a-tù-nu,if you are really friends
AKT 8 2015.pdf,[p]ì-iq-da-ma  (ù-ur-da-ni-!u-nu,with the first caravan.
AKT 8 2015.pdf,rev.  a-hu-ú-a-tù-nu  ih-da-ma,"Heed my request, my brothers,"
AKT 8 2015.pdf,ú a-na-ku  a-wa-at-ku-nu,and I too can listen to what you
AKT 8 2015.pdf,a-!a-me  a-ma-kam  'ú-ha-ru-um,say! The boy must not
AKT 8 2015.pdf,(ù-ur-da-ni-!u-ma  a-wi-lam,quickly here so that I can
AKT 8 2015.pdf,lu-(í-ba-am  a-ha-ma,please the gentleman. Separately he
AKT 8 2015.pdf,") GÍN KÙ.B. a-na  Ì.GI""",has with him * shekel of silver
AKT 8 2015.pdf,sà-ar-dim na-°!í  a¿-na,for (buying) olive oil”.
AKT 8 2015.pdf,A-al-DÙG qí-bi4-ma  a-dí-i,Say to &l-$ab: “As for
AKT 8 2015.pdf,KÙ.B. !a  E-lá-lí/ni-ú-ma-/an,the silver of Elal/niuman
AKT 8 2015.pdf,ù  DAM a-hi-kà,"and your brother’s wife,"
AKT 8 2015.pdf,i-na e-ra-áb a-wi-/il5-tim,when the lady arrives
AKT 8 2015.pdf,"‘L'huile’, but occurs now also in AKT 5, 57:14-15, 10 ma-na Ì.GI"" sà-ar-dam (where the oil is","not measured but weighed!), and probably (notwithstanding the different vowel) in the payment"
AKT 8 2015.pdf,"term ana sé-er-dim pan%mma, “by the next olive (harvest)”, see OBO 160/5, 239, 3.","25. A reading [!]a-bi4-a, “satisfy”, does not match the traces of the first sign and we also expect"
AKT 8 2015.pdf,ù  Pè-°ru¿-wa  qí-bi4-ma,"and Peruwa say,"
AKT 8 2015.pdf,)  ma-na + GÍN KÙ.B.,30+ shekels of silver
AKT 8 2015.pdf,ù °15¿  ma-na,and 15 minas of
AKT 8 2015.pdf,URUDU  ma-sí-a-am,purified copper
AKT 8 2015.pdf,SÍG.HI.A : za-ku-<tim>,Buy for me
AKT 8 2015.pdf,lá  ta-be-e-lá,half a shekel of silver!
AKT 8 2015.pdf,IGI  A-!ur  lá-ak-ru-/ba-ku-nu-<tí>,"I will pray for you before A!!ur,"
AKT 8 2015.pdf,"Same name in Kt 93/k 176:4, cf. KU-sú-be-lí in Kt 93/k 654:3 (both courtesy of C. Michel)","and perhaps GA-sà-ba-a-li in ICK 1, 15:7. Its meaning is unknown, but its bearer was an"
AKT 8 2015.pdf,"Za-ku - a mistake for za-ku-tim/tám – is not attested for wool, but note TÚG za-ki-am in BIN","4, 23:4 (za-ku-tim in BIN 4, 158:17 means textiles “cleared’ at the accounting)."
AKT 8 2015.pdf,"them, Lamassutum in KUG 39:18, and ""'mat-A!!ur in AKT 4, 63:14-15. They probably were","priestesses, as the second indicates by writing “before my god A!!ur”. See for such promises"
AKT 8 2015.pdf,ù  Da-da-a  qí-bi-ma,"and Dadaya, and in particular"
AKT 8 2015.pdf,lu-lá-am  ku-nu-ki-a  ù  ar-za-/lam,“The antimony under my seal and the
AKT 8 2015.pdf,!a  e-zi-ba-ku-ni !u-ma,"arzallum, which I left to you,"
AKT 8 2015.pdf,a-hi  a-ta  lu-lá-am,"please, my brother, give that antimony"
AKT 8 2015.pdf,ku-nu-ki-a  ù  ar-za-lam,under my seal and the arzallum
AKT 8 2015.pdf,lu-lá-am  ù  ar-za-/lam,the antimony and
AKT 8 2015.pdf,a-na  Da-da-a,and the arzallum
AKT 8 2015.pdf,[!]u-ma  lu-lá-am  ù,“If he does not give you
AKT 8 2015.pdf,[a]r-za-lam  lá  i-da-na-/ku-um,"the antimony and the arzallum,"
AKT 8 2015.pdf,[d]a-na-at-kà,state to him your harsh
AKT 8 2015.pdf,ta-á!-ta-na-pá-ra-ni,me about the silver?
AKT 8 2015.pdf,a-wa-tí-a : A-!ur-ma-lik,A!!ur-m%lik and Kurub-I!tar
AKT 8 2015.pdf,ù  Kur-ub-I!tar ú-ga-me-ru-/ma,have settled my case and
AKT 8 2015.pdf,i-nu-mì-!u-ma a-na,paid 3 minas of silver
AKT 8 2015.pdf,á!-qúl  !í-tí  KÙ.B.,The rest of the silver
AKT 8 2015.pdf,a-na  Kur-ub-I!tar,I have now paid to
AKT 8 2015.pdf,ma-lá  ú  !í-ni-!u,I have written to you
AKT 8 2015.pdf,lá  ta-á!-ta-na-pá-ra-/am,about the silver!’
AKT 8 2015.pdf,A-bu-!a-lim mì-ma,Abu-!alim has taken
AKT 8 2015.pdf,lá  il5-qé  a-wa-tù-a,"nothing (of it), Abu-!alim"
AKT 8 2015.pdf,IGI  A-bu-!a-lim-ma,actually witnessed that
AKT 8 2015.pdf,i-gi5-im-ra,my affair was settled!”
AKT 8 2015.pdf,a-le-e : i-lu-ú,“Where is the god
AKT 8 2015.pdf,!a  i-ta-mu-ú-ni,by whom the oath was sworn?
AKT 8 2015.pdf,NINDA !a  ni-ku-lu-ni,He surely knows that we eat bread
AKT 8 2015.pdf,kà-sà-am : !a  ni-i!-tù-ú,and drank the cup (together)!
AKT 8 2015.pdf,lu  i-dí-e : a-hi  a-ta,"My dear bother,"
AKT 8 2015.pdf,'í-ba-at : KÙ.B-pì-a,I do not need the interest
AKT 8 2015.pdf,ú-lá  ha-á!-ha-ku,"on my silver,"
AKT 8 2015.pdf,qá-qá-ad  KÙ.B-pì-a,send me (only) my
AKT 8 2015.pdf,!é-bi4-lam :  a-na-kam,silver capital. As for what
AKT 8 2015.pdf,ú-(á-tám  ú  mì-ma,Barley and whatever
AKT 8 2015.pdf,i-ha-!u-hu-ni  a-da-an,he needs I will give.
AKT 8 2015.pdf,!a  a-wi-il5-tim,The woven cloth
AKT 8 2015.pdf,mì-ih-'a-am  a-dí-na-kum,of the lady I gave you
AKT 8 2015.pdf,a-na  DINGIR-lim : !u-a-tí  !í-im-!u,"For god’s sake, send its price"
AKT 8 2015.pdf,!é-bi4-lam  !u-ma  a-hi  a-ta,"to me. If you are my brother,"
AKT 8 2015.pdf,URUDU  'a-al-ma-am,send me a lump of black
AKT 8 2015.pdf,ki-i'-ra-am  i!-tí  ma-ma-an,copper with somebody.
AKT 8 2015.pdf,!é-bi4-lam : a-na-ku : em-'a-ku,Am I short of food? I am
AKT 8 2015.pdf,DINGIR-lúm  lu  i-dé  i-na  ba-re-ni,God may be witness between us!”
AKT 8 2015.pdf,"3-7. I follow a suggestion of Kouwenberg to take i-lu-ú (singular, alongside DINGIR-li/um in",lines 20 and 27) as singular subject of l$ idê in l. 7. He is invoked as witness of the bond
AKT 8 2015.pdf,"ta-ta-wa-a-ni seems to be a 2nd person plural with subjective ending (cf. BIN 6, 80:6), but","since all other 2nd person verbal forms, addressed to Baziya, are in the singular, one might"
AKT 8 2015.pdf,!a-be-e-ku instead of !a-bi-a-ku is very irregular.,"The letter is difficult because of various scribal (l. 3, i-lu-ú as singular; l.6, ni!t$ with unusual"
AKT 8 2015.pdf,[ù E]n-na-nim [qí-bi-ma],"and Enn%num, and in particular"
AKT 8 2015.pdf,+ ma-na  KÙ.B.  a-na-°kam¿?,"“+ mina of silver, [which] here"
AKT 8 2015.pdf,*B[u?-']ú?-a : mì-i!-lá [x x] /-ku-ni,Bu(u’a? for half of it  ............
AKT 8 2015.pdf,i-na ba-áb : ha-ra-ni-/a,when I was about to start my journey
AKT 8 2015.pdf,*i -°x  x -t]a?-bi?-lá-ni-/ma,he has ......... me and
AKT 8 2015.pdf,ú um-ma a-ta-ma,And  you said:
AKT 8 2015.pdf,wa-a[r]-kà-at-kà-ma,‘After your departure
AKT 8 2015.pdf,a-na KÙ.B. : ú 'í-ib-tí-!u,then I will take responsibility for
AKT 8 2015.pdf,a-na-ku lá-zi-iz,the silver and the interest on it
AKT 8 2015.pdf,a-ma-kam : [w]a-á!-ba-tí : ú a-na-ku,"this very day. And I,"
AKT 8 2015.pdf,ku-a-tí : ta-ak-lá-ku-ma,"I trusted you, but"
AKT 8 2015.pdf,a-dí : u4-mì-im : a-ni-im,until this very day
AKT 8 2015.pdf,ku-ta-nam : lá ú-!é-bi4-lam-ma,"with a friend or colleague,"
AKT 8 2015.pdf,KÙ.B. a-na Zu-ú-lu lá i-*x [x?],and give? the silver to Zûlu.
AKT 8 2015.pdf,a-ta : a-na u4-°mì-im a-nim¿,"And you, until this very day"
AKT 8 2015.pdf,ta-á!-ta-p[u x x x ],you have kept silent!
AKT 8 2015.pdf,A-!ur  ú  i-lu-ú,A!!ur and the god(s) of
AKT 8 2015.pdf,a-[bi-n]i  l[i-(ù-l]á,our father may witness
AKT 8 2015.pdf,[um-ma¿ A-mur-A-!ur-ma  a-!u-mì,thus Amur-A!!ur: “As for
AKT 8 2015.pdf,°URUDU¿ !a  A-!ur-dUTU!i,"A!!ur-!am!'’s copper, about"
AKT 8 2015.pdf,!a ta-á!-pu-ra-ni  um-ma  a-ta-/ma,"which you wrote me, saying:"
AKT 8 2015.pdf,i-nu-mì a-ta-al-kà-ni,‘When I left I decided to
AKT 8 2015.pdf,URUDU  i-na ba-áb-tí-a : á!-lu-u(-ma,entrust to you (the collection of) copper
AKT 8 2015.pdf,áp-qí-da-ku-nu-tí um-ma a-na-ku-ma,"from my outstanding claims, saying:"
AKT 8 2015.pdf,a-na A-!ur-dUTU!i  !é-bi4-lá,talents of copper to A!!ur-!am!'’.
AKT 8 2015.pdf,i-na ba-áb-tim !a ta-á!-lu-(ù-/ni-a-tí-ni,Of the outstanding claims you authorized
AKT 8 2015.pdf,GÚ 3 ma-na  !a #u-mì-/a-ar,"us to collect, 1 talent 3 minas"
AKT 8 2015.pdf,i-mu-ut-ma : me-er-ú-!u,"(but) ""umi’ar has died and his"
AKT 8 2015.pdf,a-di  u4-mì-im  a-nim u!-bu-/ma,"in Kunanamit, so that"
AKT 8 2015.pdf,URUDU i-ta-am-sà-ar,the copper has been tied up.
AKT 8 2015.pdf,rev.  a-ni : i-li-ku-nim-ma,"They have now come here,"
AKT 8 2015.pdf,nu-ku-ra-e : e-ta-wu,"of the copper, saying:"
AKT 8 2015.pdf,um-ma  !u-nu-ma  40 ma-na-e-ma,"‘Our father only owes 40 minas,"
AKT 8 2015.pdf,!í-im  hi-dim  KÙ.KI  a-bu-ni,the price of a golden bead!’
AKT 8 2015.pdf,ma-na  !í-im  hi-dim KÙ.KI,"‘40 minas, the price of the golden bead"
AKT 8 2015.pdf,ù 23 ma-na !í-im AN.NA,"plus 23 minas, the price of tin,"
AKT 8 2015.pdf,i!-té-ni-i!  1 GÚ 3  ma-na,together 1 talent 3 minas
AKT 8 2015.pdf,URUDU né-ma-ra-ku-um-ma,‘We will find the copper for you and
AKT 8 2015.pdf,ù ta-ta-ma : ta-lá-qé,"then, when you swear you can take it’."
AKT 8 2015.pdf,GÚ !a Du-du-na,As for the 1 talent that Duduna
AKT 8 2015.pdf,ha-bu-lu  a'-ba-sú-ma,"owes, I seized him and"
AKT 8 2015.pdf,um-ma !u-ut-ma URUDU lá i-!u,"he said: ‘I have no copper,"
AKT 8 2015.pdf,a-na 1 GÚ URUDU SIG5,For the 1 talent of refined copper
AKT 8 2015.pdf,GÚ 30 ma-na,he will pay 1* talent
AKT 8 2015.pdf,u.e.  URUDU SIG5,"of refined copper,"
AKT 8 2015.pdf,ma-na URUDU !í-im  am-tim,"43 minas of copper, the price of a"
AKT 8 2015.pdf,"slave-girl, is [due by?] Zizulayali.”,","6,10. I take !al""(um + personal dative in l. 10 is an abbreviation of !al""(um + paq""dum in line"
AKT 8 2015.pdf,shekels” (+ ma-na LÁ 2 GÍN 27 nu-ku-ra-e : e-ta-ú).,"32. See for sah""rum in this expression also KKS 6A:15, ""If he does not pay per mina one half"
AKT 8 2015.pdf,"mina i-sà-hu-ur” (tablet i-sé-hu-ur), and with personal dative, Kt o/k 40 19f., ""per 1 mina *","mina isahhur!un$ti “ (,. Albayrak, Proc. 3rd Int. Congress of Hittitologists, Ankara 1998, 4f.)."
AKT 8 2015.pdf,lu-qú-tí : !ál-ma-a[t],"“My merchandise is safe,"
AKT 8 2015.pdf,ú  a-na-ku  !ál-ma-[ku],and I myself am also well.
AKT 8 2015.pdf,ta-á!-pu-ra-am  um-ma a-t[a-ma],You wrote me as follows:
AKT 8 2015.pdf,GÚ 30 ma-na  KÙ.B.,‘I left  behind 1* talent
AKT 8 2015.pdf,e-zi-ib  mì-i!-lam,of silver’. Half of it
AKT 8 2015.pdf,al-qe  mì-i!-lam,"I collected, half of it"
AKT 8 2015.pdf,ú A-!ur-i!-tí-kál,"and A!!uri!-tikal,"
AKT 8 2015.pdf,á!-pu-ra-ku-nu-<tí> um-ma,“I wrote you as follows:
AKT 8 2015.pdf,a-na-ku<-ma>  DAM Ha-lá-bi4-im,‘The wife of Hali-abum
AKT 8 2015.pdf,a-na hu-ur-!í-im,and bring it into
AKT 8 2015.pdf,ki-ma i-a-tí,and seal it
AKT 8 2015.pdf,ma-ma-na : am-tám,that somebody intends
AKT 8 2015.pdf,a-na  a-ha-zi-im,to marry the maid.
AKT 8 2015.pdf,i-za-az : !a-i-lá-ma,Make inquiries and whether it is
AKT 8 2015.pdf,lu  DUMU A-!ur : lu nu-a-um,"an Assyrian or an Anatolian,"
AKT 8 2015.pdf,lá  e-ha-sí  : mì-ma,He shall not marry her! Seize everything
AKT 8 2015.pdf,'a-bi4-sí  : a-hu-ú-a,"Please, my brothers,"
AKT 8 2015.pdf,a-tù-nu  i-ih-da (erasure),"take care, (for) the man"
AKT 8 2015.pdf,°i¿-ta-ba-al,a lot of silver.
AKT 8 2015.pdf,bu-lá-tí-<a>  !ar-!í-a-ni,Make me obtain my assets!”
AKT 8 2015.pdf,return in lines 19-21 – “the maid” could be an Anatolian slave-girl belonging to Hali-abum’s,deceased wife and the attempt to prevent her marriage may have been because she was part of
AKT 8 2015.pdf,"In I!me-A!!ur’s letter *257 we also find Ennam-A!!ur and A!!uri!-tikal among the addressees,",but there is no connection between their contents. The presence of these leters in Elamma’s
AKT 8 2015.pdf,En-um-A-!ur  ù  Li-bur-be-lí,"Ennam-A!!ur and Lib)r-b#l',"
AKT 8 2015.pdf,"DUMU Ás-qú-di-a   KI""IB  ÌR-dim",son of Asqudiya. Seal of
AKT 8 2015.pdf,DUMU Ku-zi-a,"Wardum, son of Kuziya."
AKT 8 2015.pdf,"gether with Nabi-Suen, Suen-r#’' and A!!uri!-tikal, as recipient of a letter from I!me-A!!ur.",Nabi-Suen probably was the son of Puzur-W#r and he figures in *227:4 as witness in a contract
AKT 8 2015.pdf,um-ma  Lá-ma-sí-ma,thus Lamass' and
AKT 8 2015.pdf,[ni-ta-n]a-lá-ak-ma,"to the City Hall, but"
AKT 8 2015.pdf,ta-ak-![í]-tum,There is no way of
AKT 8 2015.pdf,i-na  a-lim°ki¿ lá-!u,making profit in the City!
AKT 8 2015.pdf,mì-!u-um  lá  ta-!a-ra-ni-a-tí,Why do you not care for us?
AKT 8 2015.pdf,lá  tí-dí-e : ki-ma,Don’t you realize that
AKT 8 2015.pdf,°ra-qí¿-im : té-zi-bu-ni-a-tí,in an empty house?
AKT 8 2015.pdf,[Me]-ra-lí  1  GÍN KÙ.B.,We asked Merali for
AKT 8 2015.pdf,né-ri-!u-ma,"one single shekel of silver,"
AKT 8 2015.pdf,[l]á  i-dí-ni-a-tí,but he did not give it to us.
AKT 8 2015.pdf,ku-lu-ni : nu-ta-ni-°ih-ma¿,"All of us have been toiling,"
AKT 8 2015.pdf,!ál-ma-ni  : ú-ru-za-na-tim,but we are now well. The u.’s
AKT 8 2015.pdf,Me-ra-lí  !a  ub-lá-ni,"of Merali, which he brought,"
AKT 8 2015.pdf,a-na  ku-sí-im,We will be dead
AKT 8 2015.pdf,ni-mu-a-at,before the winter!
AKT 8 2015.pdf,pá-né-e-em-[m]a,for us with the
AKT 8 2015.pdf,[m]ì-!u-um  i!-tù,Why is it that since
AKT 8 2015.pdf,!a-am-!í-im,the day you
AKT 8 2015.pdf,lá  ta-!a-ra-ni-a-tí,to provide for us?”
AKT 8 2015.pdf,"writers it is normally written after the last name) to identify her, while Ah-b%!t' is unique.",5-6. The readings fit the space available and the head of a lower horizontal suggests –!u as third
AKT 8 2015.pdf,"meaning. Another occurrence of this Dt-stem, possibly expressing plurality, is in Kt n/k 218","(JNES 70 [2011], 30 no.2):20-21, m""nahtam !a ú-ta-ni-hu, “all the trouble I have experien-"
AKT 8 2015.pdf,Puzur4-A-na  ú #u-Sú-in,"Puzur-Anna and ""u-Suen:"
AKT 8 2015.pdf,qí-bi4-ma  be-tum  ha-bi4-it-ma,“The house has been robbed and
AKT 8 2015.pdf,!u-ma  a-hu-ú-a : a-tù-nu,"Please, my brothers,"
AKT 8 2015.pdf,al-kà-nim-ma  !a-li-ú-um,come here so that nobody
AKT 8 2015.pdf,i-'é-er  É a-bi4-ku-nu lá i-!a-/lá,will harm your paternal house.
AKT 8 2015.pdf,a-na Tù-ra-mì-il5 DUMU Ba-al-(ù-um,"To T)ram-il', son of Bal$um,"
AKT 8 2015.pdf,qá-tim a-na qá-tim 'u-ba-tum / e-ni-[x],a ....  garment has immediately
AKT 8 2015.pdf,'a-ba-sú-ma  'u-ba-tám  li-dí-na-kum,and let hem give you the garment.
AKT 8 2015.pdf,!u-ma  ar-hi-i!  lá  ta-li-kà-nim,If you do not come quickly
AKT 8 2015.pdf,ep-ra-am  a-lu-um,the city will take away the
AKT 8 2015.pdf,ú  #u-Sú-in  qí-bi4-ma,"and ""u-Suen, thus"
AKT 8 2015.pdf,um-ma  #a-Ta-á!-me-tim-ma,"""%t-Ta!m#tum: ‘Why is this the case"
AKT 8 2015.pdf,mì-!a-ni-ú-um !a  *a-ta-na-x / x-ú-ma,"that I keep  ........., but he does"
AKT 8 2015.pdf,ÌR a-ba-am lá i-da-[n]a-ku-[nu]-tí-ni,not give you the slave .............?
AKT 8 2015.pdf,!u-ma  a-hu-ú-a  a-t[ù]-nu,If you are really my brothers
AKT 8 2015.pdf,lá  i-!a-lá  ÌR [a-!]ar,Forward the slave to them
AKT 8 2015.pdf,pá-nu-im  pá-ni-a-!u-nu-tí-ma,"where you can, so that"
AKT 8 2015.pdf,[x]-li-!í-a-t[a]?*  !a tù-!é-ba-lá-/ni-ni,"As for the ...... you are sending me,"
AKT 8 2015.pdf,°a¿-ta-ma  tí-dé-e  'u-ba-tamx(TUM),you yourself know that I stripped
AKT 8 2015.pdf,bu-dé-a  *ah-mu-ú'-ma,the garment from my shoulder
AKT 8 2015.pdf,a-dí-na-kum : i!-tí,and gave it to you!  Provide silver
AKT 8 2015.pdf,pá-ni-i[m]-ma  a-li-ki-im,and let one bring it me
AKT 8 2015.pdf,KÙ.B.  dí-in-ma  lu-ub-lu-[nim],with the first caravan.
AKT 8 2015.pdf,!u-ma li-BE-tí,If you love your
AKT 8 2015.pdf,tí-ba-nim-[ma]  a-ta-al-kà-nim,get moving and come here!”
AKT 8 2015.pdf,"Kienast, 255f. and Kt 94/k 1194:1 (courtesy of Larsen), 1) GÍN KÙ.B. Ta-á!-me-tum. I inter-","pret the name as ""%t-Ta!m#tim in analogy with several names of women consisting of #""t +"
AKT 8 2015.pdf,".......”, %n A!!ur DINGIR-ka ù li-BE-tí-kà ""mur. I originally understood this as “your brick-","work”, meaning the paternal house of the family (although “the eye of the brickwork” in Kt n/k"
AKT 8 2015.pdf,qí-bi4-ma  a-hi  a-ta,"“Please, my brother,"
AKT 8 2015.pdf,e-eb-ri  a-ta,"my friend,"
AKT 8 2015.pdf,ú-lá  a-da-ga-al,"the others there,"
AKT 8 2015.pdf,a-ta  1  <GÍN> KÙ.B.  ta-qí-!a-!u,You must bind him contractually for
AKT 8 2015.pdf,ra-ki-sú-ma,every shekel of silver you donated to him
AKT 8 2015.pdf,Zi-ki  ú  #u-Ku-ba-am,"and as for Ziki and ""u-K)bum, they must"
AKT 8 2015.pdf,GÍN  KÙ.B. !é-bi4-/lam,Send me 6 shekels of silver
AKT 8 2015.pdf,"""À.BA +  GÍN dí-in-ma",and make + shekel of it available
AKT 8 2015.pdf,!a-°x-x¿*-am : ta-![a-/a]m,so that she/you can buy wool?.
AKT 8 2015.pdf,1/6  GÍN  a-m[u]-u!-(á-tim,Give 1/6 shekel for combs
AKT 8 2015.pdf,dí-in-ma  ku-nu-uk-ma,and put it under seal and
AKT 8 2015.pdf,KÙ.B.  !é-bi4-lam  li-bi4,"Send me silver, do not"
AKT 8 2015.pdf,"ku""ti a-mannim !anîm adaggal?","11. i-bi4-TUM a hypercorrect spelling for i-bi4-tù, see comment on  *238:14 and Grammar § 2.5;"
AKT 8 2015.pdf,"One finds erium, “naked, empty-handed”, in phrases like “he (you) must not go/leave","empty-handed” (eriuma la illak//u''i); lá is not certain, but makes better sense than of a word-"
AKT 8 2015.pdf,a-na  Sú-ú-a-a  ù  E/n-um-/A-!ur,To S)aya and Ennam-A!!ur.
AKT 8 2015.pdf,"KI""IB  A-!ur-i-dí",Seal of A!!ur-id'.
AKT 8 2015.pdf,"witness for a debt owed by Bal$u-!ar to Elamma (double hamu!tu-eponymy, hence before REL","98). That our letter was not opened could mean that the addressees were absent, which would be"
AKT 8 2015.pdf,TÚG  pá-ra-kà-nu-kà,“Your parakannu-textiles and
AKT 8 2015.pdf,"ú  !í-tí  Ì.GI""  a-na-kam",and the rest of the oil
AKT 8 2015.pdf,!a  ki-ma  !a-zu-za-tí-kà,Your representatives!
AKT 8 2015.pdf,!a  kà-ri-im,by the colony is in force
AKT 8 2015.pdf,!a  ki-ma  a-na,that nobody
AKT 8 2015.pdf,nu-a-im : mì-ma,shall sell
AKT 8 2015.pdf,lá  i-du-nu :,to the Anatolian.
AKT 8 2015.pdf,+  ma-na 1 GÍN  KÙ.B.,-%b-(illi-A!!ur is on his way
AKT 8 2015.pdf,ku-nu-ki-ni : DÙG-'í-lá-A-!ùr,to you with 21 shekels of
AKT 8 2015.pdf,na-á!-a-kum  a-hi  a-/ta,"silver. Please my brother,"
AKT 8 2015.pdf,le.e. lá  a-ni-tum  li-li-/kam,yes or no.
AKT 8 2015.pdf,KÙ.B. 1 GÍN,I will not consume
AKT 8 2015.pdf,lá  a-kà-al,a single shekel of silver!”
AKT 8 2015.pdf,"and not uniform. We have #a-ra-Sú-en (CCT 4, 24b/25a:26.34, cf. EL p. 104 note a), where","!arrum as predicate should be in the absolute state, with inserted vowel (*""arr-Suen > ""arra-"
AKT 8 2015.pdf,"A!!ur-rabi holds a be’$l""tu-loan from Ir’am-A!!ur (*200), one is a debtor of Elamma for 15","minas of copper (*70:30), 3 minas of silver are shipped to one, reports Ir’am-A!!ur (*195:10),"
AKT 8 2015.pdf,Ha-nu ù dUTU-ba-ni,"Hanu and ""ama!-b%ni cleared accounts"
AKT 8 2015.pdf,iz-ku-ú-ma  um-ma  dUTU-ba-/ni-ma,"and ""ama!-b%ni said to Hanu:"
AKT 8 2015.pdf,a-na Ha-nu  4 ma-na / ù 10 GÍN,“As for the 4 minas and 10 shekels
AKT 8 2015.pdf,!a a-na DAM.GÀR,"we owe to the creditor,"
AKT 8 2015.pdf,[l]i-bi4-a  lá-!u  tám-kà-ra-/am,anything. Satisfy the creditor
AKT 8 2015.pdf,[!a]-bi-ma  (up-pì–ni,and obtain our debt-note and
AKT 8 2015.pdf,[x x¿* a-ma-tim !a ba-re-/ni,"“[As for the ...] slave-girls, our joint"
AKT 8 2015.pdf,[K]Ù.B.  ha-bu-lá-ni-ni,". mina of silver,"
AKT 8 2015.pdf,°x¿ x* a-ma-tim dí-in-ma,sell .....the slave-girls and
AKT 8 2015.pdf,KÙ.B. !a-bi4-ma  (up-pì-ni !é-'í-/ma,"pay the silver, obtain our debt-note and"
AKT 8 2015.pdf,li-dí-ma  qá-tám + ma-/na,let him deposit it and give +? mina as share.
AKT 8 2015.pdf,a-!a  ki-ma  i-a-tí  dí-in  !u-ma,give to my representatives. If
AKT 8 2015.pdf,[x] ku-ta-ni  ta  x AK?* !a ki-ma,"[you need?] kut""nu-textiles, let my"
AKT 8 2015.pdf,I[GI] A-lá-°hi-im¿,In the presence of Ali-ahum
AKT 8 2015.pdf,Pilah-I!tar (Elamma’s son) in*168.,"17. Reading and interpretation are not certain, but “1/3 mina” makes sense as half of the debt of"
AKT 8 2015.pdf,ù A-!ur-ra-bi-ma,"and A!!ur-rabi,"
AKT 8 2015.pdf,wa-ar-ki-<kà>-ma,"after your departure,"
AKT 8 2015.pdf,1+ ma-na 3 GÍN KÙ.KI,the 1 mina 23 shekels of fine
AKT 8 2015.pdf,pá-!ál-lam  SIG5  a-ni-qí,quality pa!allu-gold in the shape
AKT 8 2015.pdf,!a  ta-mu-ru A-!ur-ma-lik,"of rings, which you had spotted,"
AKT 8 2015.pdf,DUMU  Èr-ra-a  ù,"A!!ur-m%lik, son of Erraya,"
AKT 8 2015.pdf,"dI""KUR-'ú-lu-li",and Adad-(ul)l' have shipped
AKT 8 2015.pdf,[1/3?] ma-na 2 G[ÍN],In their name It)r-il' took
AKT 8 2015.pdf,[KÙ. KI?] a-!u-mì-°!u-nu¿,[ +?] mina 2 shekels
AKT 8 2015.pdf,I-tur4-DINGIR tal-qe,of  [gold?].
AKT 8 2015.pdf,É  kà-ri-im  a-na,When the colonial office took
AKT 8 2015.pdf,ni-im-hu-ur-!u-nu-ma,we appealed to them and deposited
AKT 8 2015.pdf,GÍN KÙ.B. !a-du-a-at-/kà,"18 shekels of silver, the !addu’tu-tax"
AKT 8 2015.pdf,ni-dí  8 GÍN.TA,you owe. 13* shekels of gold at a rate
AKT 8 2015.pdf,)!  GÍN  KÙ.GI,of 8 shekels to 1 (yields) as price of the
AKT 8 2015.pdf,!í-im  KÙ.KI  1) ma-na 6 / )  GÍN,"of the gold 1 mina 36* shekels (of silver),"
AKT 8 2015.pdf,KÙ.GI-'í : *ù !í?-tí,It is my gold and the rest of
AKT 8 2015.pdf,KÙ.GI-'í-kà  - ma-na / 5) GÍN,"your gold, 45* shekels"
AKT 8 2015.pdf,KÙ.GI  pá-!a-lumx(LAM),"of  pa!allu-gold,"
AKT 8 2015.pdf,*°x x x¿-a-!u a-Kà-ni-i!,that he may bring his ......
AKT 8 2015.pdf,le.e. lu-bi4-il5  ú-ul  a-mì-!a-am,to Kanesh or send it to you
AKT 8 2015.pdf,a-na I-tur4-DINGIR mì-ma lá tù-!é-,30 minas of tin to It)r-il'!”
AKT 8 2015.pdf,[ [ba-lam].,"15. Talqe implies that It)r-il' is a woman, which is surprising."
AKT 8 2015.pdf,"6-7 write KÙ.KI pa!allum and l. 25 GU""KIN pa!allum suggests there is no difference between","the two, although the alternation in lines 21-25 seems deliberate.The figures of the text present"
AKT 8 2015.pdf,a-na  #u-A-!ùr  ù,"To ""u-A!!ur and"
AKT 8 2015.pdf,°2¿ TÚG tí-sà-bu  !a  A-al-°DÙG¿,"“2 tis""bu-textiles of &l-$%b"
AKT 8 2015.pdf,[x] ni-ib-ra-ru SIG5,"[x] nibr""ru of good quality,"
AKT 8 2015.pdf,"[""À].BA 1 TÚG  !í-it-ru-um",one of which belongs to
AKT 8 2015.pdf,[!]a  ik-ri-bi,temple-funds of
AKT 8 2015.pdf,[!]a  Sú-in  ú  dUTU,"(the gods) Suen and ""ama!,"
AKT 8 2015.pdf,a-hi  a-ta,"Please, my brother,"
AKT 8 2015.pdf,Du-ma-na  i-zi-iz-/ma,Dumana and
AKT 8 2015.pdf,i-hi-id-ma i-n[a],and take care to get as
AKT 8 2015.pdf,!í-mì-!u-nu  KÙ.B. °SIG5¿,payment for them silver
AKT 8 2015.pdf,DIRI  e-pu-u!,of extra good quality.
AKT 8 2015.pdf,a-dí  sà-ah-ra-ku,The silver must arrive with me
AKT 8 2015.pdf,a-hi  a-ta  !í-im,"Please, my brother,"
AKT 8 2015.pdf,le.e. !a  ik-ri-bi  [i!-tí],scarfs of the temple-fund yield
AKT 8 2015.pdf,a-li-ki-im  pá-ni-[ma],with the first
AKT 8 2015.pdf,"horizontals, that of l. 16 probably with two. In l. 15 one might perhaps read i!-té-na, “one at a","time”, followed by an imperative ku-sú-m[a]?), “bind, tie together and ...”. Dercksen suggested"
AKT 8 2015.pdf,"a precative of the verb !ar""(um, D-stem, “let him tear off / into strips”, a verb used with pieces","of textile as object, also in OA, see Prag I 768:13-14, p""lil$ m""di! / !arru($, “the p""lilu-textiles"
AKT 8 2015.pdf,"A letter with a damaged obverse, to ""u-A!!ur, Mannu-k'-abiya and Il'-p'-u(ur from Abu-!alim,","asking to buy for him pirikannu-textiles and, at the end, to give the (his?) maid what she asks."
AKT 8 2015.pdf,ù Ì-lí-°pì-ú-'ur¿,"and Il'-p'-u(ur,"
AKT 8 2015.pdf,KÙ.B. ù 4) °GÍN¿,of silver and  4* shekels
AKT 8 2015.pdf,"GU""KIN  ma-li-°a-am¿",of full quality? gold
AKT 8 2015.pdf,a-h[u]-ú-a  a-°tù-nu¿,"Please, my brothers,"
AKT 8 2015.pdf,i-na !a-am-°!í-im/ma?¿*(erasure?),buy on the very day
AKT 8 2015.pdf,pí-ri-kà-ni,pirikannu-textiles
AKT 8 2015.pdf,!a-ma-nim-ma,and send them
AKT 8 2015.pdf,i!-tí  pá-nim-ma,to me with the first
AKT 8 2015.pdf,#u-A-!ur  qí-bi-ma,"Say to ""u-Anum: ‘Make the"
AKT 8 2015.pdf,"!í-im  GU""KIN  me-eh-ra-tim",equivalent of the yield of the gold
AKT 8 2015.pdf,i-dí-ma  pí-ri-kà-ni,available by buying pirikannu-textiles
AKT 8 2015.pdf,!a-ma-nim : a-ta i-na,for me’. You yourself must take
AKT 8 2015.pdf,"!í-im  GU""KIN  KÙ.B.-áp-kà",your silver from the yield of the
AKT 8 2015.pdf,le-qé  : gi4-mì-lam,gold. Do me this
AKT 8 2015.pdf,i-'é-ri-a  !u-ku-un,favor and (know that)
AKT 8 2015.pdf,°a¿-le-e !u-ma am-tum,If the maid asks
AKT 8 2015.pdf,[-x-e¿-ma? té-ri-i!-kà,"........... from you, give it her and"
AKT 8 2015.pdf,[l]i-li-kà-ma  KÙ.B.,then I will send you
AKT 8 2015.pdf,lu-!é-bi4-lá-kum,the silver (for it).”
AKT 8 2015.pdf,"Ma-li-a-am might be an imperative D, “make full”, as it is attested (with a double accusative)","in CCT 3, 1:12-15, “Fill a donkey with refined copper as my share (URUDU ana q""tia AN""E"
AKT 8 2015.pdf,um-ma Áb-du-a-ta-ma,this is what Abduata says:
AKT 8 2015.pdf,#u-A-nu[m] [x] x] !a,"“""u-Anum ........ who"
AKT 8 2015.pdf,ta x x KÙ.B.-pì-!u  !a  ba-áb-/tim,"..... of his silver of outstanding claims,"
AKT 8 2015.pdf,!a i-Ma-ma  NÌ.KA-sé,about which you settled accounts for
AKT 8 2015.pdf,ta-sí-a-ni  TÚG.HI.A a-ha-/ma,"me in Mamma. Separately, call for /"
AKT 8 2015.pdf,a-!a iq-bi4-a-ku-ni,obtain the textiles according to what
AKT 8 2015.pdf,!é/í-s/'í-ma TÚG.HI.A,"he promised you, so that we can"
AKT 8 2015.pdf,a-!í-mì-im lu ni-dí-!u-nu-ma,"sell the textiles. And also, as concerns"
AKT 8 2015.pdf,lo.e. ú KÙ.B.-pì ku-ta-ni,"my silver for the kut""nu-textiles,"
AKT 8 2015.pdf,i!-tù ta-'í-ru-!u,"after you have fixed the price for him,"
AKT 8 2015.pdf,"pu-!u !í (I"")-me-ma",listen to what he has to say and
AKT 8 2015.pdf,!u-ma i!-tí-kà a-na a-hu-/tim,if you aim at him establishing
AKT 8 2015.pdf,a-wa-tám  !a i-pì-!u,"every word your hear from his mouth,"
AKT 8 2015.pdf,ta-!a-me-ú  SIG5.SIG5-ma,if it is positive / carefully
AKT 8 2015.pdf,i-(ù-pì-im  lu-up-ta-ma,for me on a tablet and send
AKT 8 2015.pdf,!é-bi4-lá-am  um-ma Ab-du-ma,Abdu says/said:
AKT 8 2015.pdf,!u-m[a]  a-bi4  a-ta  a-le-e,"‘Please, my father, I can"
AKT 8 2015.pdf,mì-ma !a  ta-!a-pá-ra-ni,I will do whatever you will  write me.
AKT 8 2015.pdf,[l]e-pu-u! a-ma-kam a-na a-wa-tí-/a,"Over there, stand up for my case"
AKT 8 2015.pdf,i-zi-iz-ma lu  ga-am-lá-ku,and let me enjoy (your) favor!’
AKT 8 2015.pdf,(up-pá-am a-na  DUB.SAR,The tablet you must give to a scribe
AKT 8 2015.pdf,!a !u-bi4-ri-a-ta-am,"who understands ""ubarian"
AKT 8 2015.pdf,le.e. i-!a-me-ú  dí-ma  li-i!-ta-sí,so that he can read it.”
AKT 8 2015.pdf,[ù #]u-ma-bi-a-/ma,"[and] ""umi-abiya:"
AKT 8 2015.pdf,[qi-bi-m]a  a-ba-ú-a,"“Please, my fathers,"
AKT 8 2015.pdf,°ih-d¿a-ma  i-na dUTU!i,"take care to open, the very day"
AKT 8 2015.pdf,[t]a-ma-la-ke-a  pì-tí-a-ma,my tablet boxes
AKT 8 2015.pdf,[(u]p-pá-am  !a  Zu-ba,and entrust the
AKT 8 2015.pdf,lu-!é-tí-qá-am  ù  i-na,it across. And when you entrust
AKT 8 2015.pdf,(up-pí-im pá-qá-dí-im,the tablet (declare) that the tablet
AKT 8 2015.pdf,(up-pu-um a-!u-mì  Zu-ba GÁN-/lam,has to go overland in the
AKT 8 2015.pdf,le-tí-qá-am a-dí a-ni-tim,name of Zuba. Because of this
AKT 8 2015.pdf,sá-ah-ra-ku-ma a-na a-límki,for a year and I could
AKT 8 2015.pdf,[a-lá-ka]m  lá  a-le  a-wi-lu-um,not go to the City. The man
AKT 8 2015.pdf,[x x x x x] °a¿-na qá-/té,.............. to the hands of
AKT 8 2015.pdf,!u-ma  mì-ma,‘If any of the smuggled
AKT 8 2015.pdf,pá-zu-ur-tí  x x (x)*,goods of ......
AKT 8 2015.pdf,lá e-ru-ba-am,"has not arrived,"
AKT 8 2015.pdf,rev. 2 GÚ AN.NA,Two talents of tin (and)
AKT 8 2015.pdf,TÚG dam-qú-tim,10 textiles of fine quality
AKT 8 2015.pdf,lu-!é-bi-lam-ma,to you and you must
AKT 8 2015.pdf,pá-ze-er-!í,of Puzur-A!!ur.
AKT 8 2015.pdf,"ZU-UD-re is unknown. Perhaps a noun from the root str, attested in West Semitic as “to","cover”, which would be the name for a textile product, which fits the context."
AKT 8 2015.pdf,a-°ba-ú¿-[a]  be-l[u-a],"“please my fathers, my lords,"
AKT 8 2015.pdf,a-tù-nu  li-ba-a[k-n]u,you know very well that
AKT 8 2015.pdf,!u-ma  li-bi-ku-nu x,"If you so wish,  provide"
AKT 8 2015.pdf,!a  ri-a-'í-im  ri-'a [ø],all the help you can and we will
AKT 8 2015.pdf,ú  ku-uk-ri-ni-am,"make the man of Kukrin,"
AKT 8 2015.pdf,r[u]-ba-am  lu  nu-ta-mi-[ma],"the ruler, swear the oath"
AKT 8 2015.pdf,qá-at-ni : lu-kà-il5-!u,so that we can control him.
AKT 8 2015.pdf,!u-ut-ma :  i-kà-!a-ad,it is him who can achieve it.
AKT 8 2015.pdf,al-at  Ha-na-na-ri-im,The caravan? of Hanna-n%rum
AKT 8 2015.pdf,i-na  Bu-ru-dim e-tí-iq-ma,has traveled on from Buruddum
AKT 8 2015.pdf,i!-tù  Bu-ru-dim i!-pu-ra-/ma,and from Buruddum he wrote me
AKT 8 2015.pdf,um-ma  !u-ut-ma  É.GAL-lúm,as follows: ‘The palace
AKT 8 2015.pdf,a-!u-mì   !a-du-e-<tí>-im,because of the !addu’utu-tax
AKT 8 2015.pdf,le.e. [x x x x x ]-ku-na-e : i!-ta-ak-nu,........... they have placed
AKT 8 2015.pdf,"14’. I take al-at as a strange syllabic writing of ellat, “caravan”.",18’-19’. The emendation in l. 19 was suggested by Kouwenberg. Massuhum is also used in Kt
AKT 8 2015.pdf,a-be-ú-lá-tí-!u,“(If) for his working capital
AKT 8 2015.pdf,lá  i-da-ra-kam,he does not do the packing
AKT 8 2015.pdf,i-nu-mì lu-qú-tám,When you entrust
AKT 8 2015.pdf,ta-pá-qí-da-ni,merchandise (for transport).
AKT 8 2015.pdf,sà-ri-im  !a  ki-ma,who replaces/represents?
AKT 8 2015.pdf,i-na  ma!-kà-tí-a,Buy from my funds
AKT 8 2015.pdf,!í-ma-am  !a  A-ki-dí-/e,Akkadian textiles
AKT 8 2015.pdf,!a 1 ma-na °KÙ¿,for a value of 1 mina
AKT 8 2015.pdf,kà-'a-ra-am,"As for a harnesser,"
AKT 8 2015.pdf,ta-ga-ra-ni,"hiring one, (even) when it concerns"
AKT 8 2015.pdf,!u-ma 3 TÚG SIG5,(only) 3 textiles of fine quality
AKT 8 2015.pdf,ú  ma-na-a  lá  ta-pá-/qí-da,"and  for (a value of) a mina, do not"
AKT 8 2015.pdf,How to understand the ma-na-a (with accusative ending) is not clear. My interpretation,links lines 16-17 with 10-11 (!a 1 mana) and takes into account that Akkadian textiles are ex-
AKT 8 2015.pdf,a-!é-e-a-kum a-ta,"what is good for you,"
AKT 8 2015.pdf,lam-ni-i! té-pu-u!-<a>-ni,you have treated me badly
AKT 8 2015.pdf,x ta-'a-ba-at ú i-a-tí,"and you have seized  ....  As for me,"
AKT 8 2015.pdf,[b]e-li : ki-ma NINDA e-kà-lá-/ni,my lord is consuming me like bread.
AKT 8 2015.pdf,am-tim a-na me-er-i-a,the price of the slave-girl
AKT 8 2015.pdf,lá  ta-dí-ni  a-na,"to my son!’, for that reason"
AKT 8 2015.pdf,!í-a-tí  a-na  me-er-i-kà,I have not given her to
AKT 8 2015.pdf,lá  a-dí-!í  !í-im,your son. Send me the price of
AKT 8 2015.pdf,URUDU ù KÙ.B. ba-áb-tám,the copper and the outstanding silver
AKT 8 2015.pdf,[!]a? nu-a-am  °ú¿-!a-zi-za-ku-ni,for which I made the native
AKT 8 2015.pdf,!é-bi4-lam-ma ù,responsible to you and send me
AKT 8 2015.pdf,!u-up-ra-am-ma,a message then I will give
AKT 8 2015.pdf,a-ma-at-kà a-!a ki-ma,your slave-girl to
AKT 8 2015.pdf,ku-a-tí lá-dí-in,your representative.”
AKT 8 2015.pdf,*°x x ) ¿ GÍN KÙ.B.,............ You have been ordered
AKT 8 2015.pdf,a-na a-limki !a-ak-!u-dí,after my departure to forward  [x] *
AKT 8 2015.pdf,wa-ar-ki-a  qá-bi4-a-tí,shekels of silver to me in the city.
AKT 8 2015.pdf,!u-ma  wa-ar-ki-tí,If after my departure you
AKT 8 2015.pdf,a-na a-limki lá tù-!a-ak-/!í-di,do not forward it to me in the city
AKT 8 2015.pdf,ma-na-um  - ma-na,you will pay me in the city
AKT 8 2015.pdf,a-hi  a-ta  KÙ.B.,"Please, my brother, pay the"
AKT 8 2015.pdf,a-na É-a-ba-á!-tí,silver to Ea-b%!t' and see to it
AKT 8 2015.pdf,!u-qú-ul-ma  wa-ar-ki-tí,that it catches up with me
AKT 8 2015.pdf,a-na a-limki !a-ak-!í-dí,in the city.
AKT 8 2015.pdf,a-ra-!í-a-ku-um,"angry with you, (for)"
AKT 8 2015.pdf,a-wa-tim !a ta-ta-wu-/ni,the words you spoke
AKT 8 2015.pdf,*°la1¿-!í-na-ma KÙ.B. a-na,are improper! Pay the
AKT 8 2015.pdf,[É]-a-ba-á!-tí !u-qú-ul-ma,silver to Ea-b%!t' and
AKT 8 2015.pdf,i-na [                   ],"in [................, when PN]"
AKT 8 2015.pdf,i-lu-ku-°ni¿ [        ],comes I will buy
AKT 8 2015.pdf,a-!a-a-ma [i-na],[...........] and send (him)
AKT 8 2015.pdf,pá-ni-ú-tí-m[a],to you with the first
AKT 8 2015.pdf,"an agreement reached when accounts were settled between A!!ur-n""d"" and Ab#-il#, presumably",in order to settle an old debt. The latter would pay the former for a shipment of tin brought from
AKT 8 2015.pdf,ba-áb ha-ra-ni-[#u],"When A!!ur-n""d"" was about to leave"
AKT 8 2015.pdf,A-#ur-na-da DU[MU] Ah-#a-l[im],"son of Ah-!alim,"
AKT 8 2015.pdf,ù A-bi4-ì-lí,and Ab#-il#
AKT 8 2015.pdf,i#-tù a-limki,When he comes up
AKT 8 2015.pdf,i-na  e-lá-i-#u,from the City
AKT 8 2015.pdf,A-#ur-na-da : a-na,15 minas of tin
AKT 8 2015.pdf,A-bi4-ì-lí  i-da-an-ma,"to Ab#-il#, who"
AKT 8 2015.pdf,ú-l[á *i¿-ba-ta-aq-#um,than 2 minas of silver
AKT 8 2015.pdf,ra?  x  x*  i-na,and then Ab#-il#
AKT 8 2015.pdf,IGI En-na-Sú-in,"In the presence of Ennam-Suen,"
AKT 8 2015.pdf,DUMU A-#ur-DÙG a-na,"son of A!!ur-%""b."
AKT 8 2015.pdf,a-wa-tim a-ni-a-tim,For these words
AKT 8 2015.pdf,kà-ru-um Wa-ah-#u-#a-na,the Wah!u!ana colony
AKT 8 2015.pdf,$up-pá-am #a #í-bu-tí-a,I gave the tablet with my
AKT 8 2015.pdf,!°ú-ha¿-ru-°ú ¿: A-°sà-nim¿,"The servants of As""num, who"
AKT 8 2015.pdf,#a  É  Ás-qú-dim  ú,"belongs to the house of Asq'dum,"
AKT 8 2015.pdf,Pì-lá-ah-I#tar : DUMU  E-lá-ma,"and Pilah-I!tar, son of Elamma,"
AKT 8 2015.pdf,i-li-ku-nim-ma  (erased a-na),a business trip and
AKT 8 2015.pdf,É  Ku-bi-a  i#-té-ni-i#,entered Kubiya’s house and
AKT 8 2015.pdf,e-ru-bu-ma  ni-°is-ha¿-tí-#u-nu,the palace levied the import-
AKT 8 2015.pdf,i-!í-bi-it-ma  lu-qú-/tám,seized and the palace
AKT 8 2015.pdf,#a  A-sà-nim  É.GAL-lúm,"took away As""num’s"
AKT 8 2015.pdf,i-ta-ba-al : AN.NA,merchandise. The tin that
AKT 8 2015.pdf,Ku-bi-a  ú-pá-zi-ru-ma,"in Kubiya’s house,"
AKT 8 2015.pdf,i#-lim-°ma¿  Be-lá-num,"the lodging and when Bel""num came"
AKT 8 2015.pdf,i-li-kam-ma  ki-ma,he claimed the right to take
AKT 8 2015.pdf,Pí-lá-ah-I#tar  im-!í-ma,the tin in Pilah-I!tar’s name
AKT 8 2015.pdf,AN.NA  il5-qé : Ku-bi4-a,and Kubiya entrusted the
AKT 8 2015.pdf,a-na  Bé-lá-nim  DUMU  &u-A-#ur,"tin to B(l""num, the"
AKT 8 2015.pdf,AN.NA  ip-qí-id,son of )u-A!!ur.
AKT 8 2015.pdf,°ma¿-!a-ku  a-ma-lá  $up-[pí-im],the responsibility!” In accordance
AKT 8 2015.pdf,[#]a  A-limki : kà-ru-um,with the tablet of the City
AKT 8 2015.pdf,Hu-ra-ma  !a-he-er  GAL,the plenary Hurama colony made us
AKT 8 2015.pdf,i-dí-ni-a-tí-ma  IGI  GÍR,available and we gave our
AKT 8 2015.pdf,IGI  Ir-ma-A-#ur DUMU A-#ur-ma-lik,"by Ir’am-A!!ur, son of A!!ur-m""lik,"
AKT 8 2015.pdf,IGI  °A-bu¿-#a-lim DUMU  &u-I#tar,"and by Abu-!alim, son of )u-I!tar."
AKT 8 2015.pdf,"said during a confrontation between B(l""num and Lipit-I!tar in eponymy year REL 115, in",which the former made the latter confirm the terms of a debt owed by him.
AKT 8 2015.pdf,Lá-li-im  i!-ba-at-ni-a-/tí-ma,"son of Lalum, and"
AKT 8 2015.pdf,um-ma Be-la1-nu-um-ma,"B(l""num said:"
AKT 8 2015.pdf,1( ma-na KÙ.B. i#-tù,“You will pay me 1$ mina of
AKT 8 2015.pdf,ha-mu#-tim #a  &u-I#tar,silver within 6 weeks
AKT 8 2015.pdf,DUMU A-#ur-ba-ni  a-na,reckoned from the week
AKT 8 2015.pdf,ha-am-#a-tim,"eponymy of )u-I!tar, son of"
AKT 8 2015.pdf,ta-#a-qá-lam,"A!!ur-b""ni. If you"
AKT 8 2015.pdf,#u-ma  lá  ta-á#-qú-lam,have not paid me
AKT 8 2015.pdf,)  GÍN 15  )E.TA,you will add for me
AKT 8 2015.pdf,a-na 1 ma-na-im  i-na,an interest of  * shekel
AKT 8 2015.pdf,Li-ip-it-I#tar-ma,answered: “I will
AKT 8 2015.pdf,ú-!a-ba-ku-um  ITU.KAM Qá-ra-/tim,"add it for you”. Month VIII,"
AKT 8 2015.pdf,li-mu-um  En-na-Sú-in,"year eponymy of Ennam-Suen,"
AKT 8 2015.pdf,DUMU &u-I#tar  a-na a-wa-tim,son of )u-I!tar. For these words
AKT 8 2015.pdf,Hu-ra-ma  i-dí-ni-a-tí-ma,and before A!!ur’s dagger
AKT 8 2015.pdf,IGI  GÍR  #a A-#ur  #í-bu-tí-ni,we gave our testimony.
AKT 8 2015.pdf,ni-dí-in  IGI  &u-zu-zu,"In the presence of )uzuzu, son of"
AKT 8 2015.pdf,an attempt to render the pronunciation Lipti!tar (cf. the spelling Li-ip-tí-I#tar in Kt c/k 904:1).,"7. This week eponymy is also found in CCT 1, 4:8-9, during the same month and year, also in"
AKT 8 2015.pdf,"witnesses, seized to be present at a confrontation between +l-%""b and Amur-A!!ur, dealing with","the payment of a ransom. +l-%""b, presumably as plaintiff, had taken the initiative and “seized”"
AKT 8 2015.pdf,KI)IB A-ta-tí-a,"Seal of Atatiya,"
AKT 8 2015.pdf,DUMU En-na-nim,"son of Enn""nim,"
AKT 8 2015.pdf,KI)IB A-hu-wa-qar,"seal of Ahu-waqar,"
AKT 8 2015.pdf,DUMU A-#ur-SIPAD,"son of A!!ur-r(’#,"
AKT 8 2015.pdf,KI)IB A-mur-A-#ur DUMU &u-I#-ha-ra,"seal of Amur-A!!ur, son of )u-I!hara,"
AKT 8 2015.pdf,KI)IB dA-#ur-dUTU#i,"seal of A!!ur-!am!#,"
AKT 8 2015.pdf,DUMU Ili5-ba-ni,"son of Il#-b""ni, to the"
AKT 8 2015.pdf,#a A-al-DÙG a-na,"effect that +l-%""b seized us"
AKT 8 2015.pdf,um-ma A-al-DÙG-ma,"+l-%""b said"
AKT 8 2015.pdf,KÙ.B. a-ta  ú,‘Have you and )u-I!tar
AKT 8 2015.pdf,mì-i#-la  i-na,"to pay silver,"
AKT 8 2015.pdf,#a ip-$í-ri-i?*,each as his share
AKT 8 2015.pdf,#a-qá-lá-am,half of what
AKT 8 2015.pdf,la  qá-bi4-a-tù-nu,was the ransom?’
AKT 8 2015.pdf,ke-na  : qá-bi4-a-ni,"‘Yes, we have promised it"
AKT 8 2015.pdf,ú i-na  né-me-limx(LAM),and also that he (each?)
AKT 8 2015.pdf,á#-du-na-kà*,"share of the profit,"
AKT 8 2015.pdf,ú  a-na  i-bi4-sà-e,and also would take
AKT 8 2015.pdf,#a-li-i#-tám,for his account one
AKT 8 2015.pdf,KI)IB A-t[a]-tí-a DUMU En-na-nim,"Seal of Atatiya, son of Enn""num,"
AKT 8 2015.pdf,KI)IB Amur-A#ur DUMU &u-E#-ha-ra,"seal of Amur-A!!ur, son of )u-I!hara,"
AKT 8 2015.pdf,KI)IB A-#ur-dUTU#i  DUMU Ili5-ba-ni,"seal A!!ur-!am!#, son of Il#-b""ni."
AKT 8 2015.pdf,#a  ip-$í-re,Translation of the text on the tablet
AKT 8 2015.pdf,"seal B = CS 1254, damaged inscription: dA-#[ùr]-UT[U#i?] / [DU]MU DINGIR-ba-[ni].",seal C = CS 1255
AKT 8 2015.pdf,"283A:19. The slightly damaged [#]ál-tám, as *282:25 shows, is a mistake for #ali#tam.","283B:19-20. This note, added as an appendix to identify or explain the agreement, is enigmatic,"
AKT 8 2015.pdf,"witness Taliya is designated as #a sú-ba-ri-im (after one qualified as native Anatolian, nu""’um,","and before one designated as “one of us”, ni""’um). If this is acceptable a##umi subirim (or"
AKT 8 2015.pdf,"three witnesses, while Amur-A!!ur, as mentioned in *282:5, had sealed the record as proof of","his acceptance of the facts as stated. Whether *283, kept in its sealed envelope, was the original"
AKT 8 2015.pdf,"Kt f/k 190 (very broken, courtesy L. Umur), where a certain A!!ur-b""ni seems to have supplied","silver for a partnership ( 4’f., ana TAB.BA i#kun) and the last lines may be read “A!!ur-b""ni"
AKT 8 2015.pdf,i!-ba-at-ma,by his hem whereupon
AKT 8 2015.pdf,um-ma &u-Sú-en-ma,)u-Suen said:
AKT 8 2015.pdf,a-na gam-ri-im,“For the expenses
AKT 8 2015.pdf,lu  ú-kà-al,"by the city, that"
AKT 8 2015.pdf,DUMU  A-#ur-DÙG,"son of A!!ur-%""b,"
AKT 8 2015.pdf,IGI  A-bu-#a-lim,"of Abu-!alim, son of"
AKT 8 2015.pdf,um-ma kà-ru-um,Thus the Kanesh
AKT 8 2015.pdf,a-na a-li-ki,to the travelers:
AKT 8 2015.pdf,im-hu-ur-ni-a-/tí-ma,has appealed to us
AKT 8 2015.pdf,um-ma #u-ut-ma,and he said:
AKT 8 2015.pdf,DUMU Qar-da-a,"son of Qardaya,"
AKT 8 2015.pdf,ú-ta-ra-am,to be brought back;
AKT 8 2015.pdf,a-na ta-ú-ri-#u,I take responsiblity for
AKT 8 2015.pdf,a-tù-nu lu e-/,You must be his
AKT 8 2015.pdf,a-na Mar-KU-tí  DUMU Da-dí-a,"I said to MarKuti, son of Dadiya,"
AKT 8 2015.pdf,DUMU I-la-a-a-a  i-na,"son of Il""ya, in"
AKT 8 2015.pdf,Za-al-pá  i#-tù  ITU.KAM ku-zal-li,"Zalpa, at the end of  month XI"
AKT 8 2015.pdf,li-mu-um Kà-pá-tí-a,of the eponymy year of Kapatiya:
AKT 8 2015.pdf,um-ma  a-na-ku-ma  $up-pu-um,“A tablet of  0 mina
AKT 8 2015.pdf,"#a , ma-na  KÙ.B. #a","of silver, being the debt"
AKT 8 2015.pdf,hu-bu-ul  a-bi-kà  i-Kà-né-e#,"of your father, has turned up"
AKT 8 2015.pdf,[$up-pí-im] #a hu-bu-ul :,the seal of your father
AKT 8 2015.pdf,[a-bi-kà  ku]-nu-uk,at the top of your
AKT 8 2015.pdf,a-bi-kà  a-mu-ur-ma,father’s debt-note and
AKT 8 2015.pdf,ù KÙ.B. ù !í-ba-sú,then pay the silver and the
AKT 8 2015.pdf,#u-ma-BA $up-pá-am #a  hu-bu-/ul,“If you really have in your
AKT 8 2015.pdf,ku-nu-uk  a-bi-a,with the seal of my father
AKT 8 2015.pdf,a-ma-ar-ma  mì-nam  a-qá-bi4,I will inspect it and - how could I protest? -
AKT 8 2015.pdf,a-#a-qal  hu-bu-ul  a-/bi4-a,"I will pay, (for) it is my father’s debt”."
AKT 8 2015.pdf,IGI  E-lá-lí DUMU A-#ur-en-nam,"In the presence of El""l#, son of A!!ur-ennam,"
AKT 8 2015.pdf,u.e.    #a É Gal-da-a,"of the house of Galdaya,"
AKT 8 2015.pdf,le.e.  IGI A-da-da-a,"of Adadaya,"
AKT 8 2015.pdf,DUMU A-bi4-a DUMU Be-be-e,"son of Abiya, son of Beb(."
AKT 8 2015.pdf,KI)IB  A-#ur-ma-lik  DUM &u-/Lá-ba-an,"seal of A!!ur-m""lik, son of )u-Lab""n."
AKT 8 2015.pdf,$up-pu-um a-ni-um,This tablet contains
AKT 8 2015.pdf,#a  ma-mì-it  Ku-ra,"the oath by Kura,"
AKT 8 2015.pdf,DUMU A-#ur-ma-lik,"son of A!!ur-m""lik."
AKT 8 2015.pdf,A-#ur-UTU#i-ma / a-ma,"A!!ur-!am!#  said: “Now then,"
AKT 8 2015.pdf,[#]a-ha-tí-kà  li-zi-iz-/ma,assist you and
AKT 8 2015.pdf,[ a-#a?] É.GAL-lúm  i-na,[for whatever] the palace
AKT 8 2015.pdf,[!é]-ri-kà  i-lá-qé-ú,will take at your expense
AKT 8 2015.pdf,a-na-ku : a-za-za-am,I myself will accept responsibility”.
AKT 8 2015.pdf,KI$IB  !u-mì-a-bi-a DUMU Zu-zu-ú,"Seal of $umi-abiya, son of Zuz%,"
AKT 8 2015.pdf,KI$IB Lá-ba-na-da DUMU I-dí-/Sú-in,"seal of Lab#n-n#d#, son of Iddin-Suen,"
AKT 8 2015.pdf,GÚ  AN.NA  ku-nu-ki,1 talent of tin with seals
AKT 8 2015.pdf,"""a  a-limki  i-#é-er","of the city, A!!ur-""#b"
AKT 8 2015.pdf,"i-tù-a-ar  DINGIR-""u-GAL","When Il!u-rabi, the servant"
AKT 8 2015.pdf,"l.e. #ú-ha-ri-im ""a A-""ur-DÙG","of A!!ur-""#b, returns from"
AKT 8 2015.pdf,"i""-tù a-limki [i-na]","the city, immediately when"
AKT 8 2015.pdf,"rev. ri-i-i""  AN.NA","(he receives) the tin,"
AKT 8 2015.pdf,5  GÚ URUDU SIG5 ma-s[í-am],5 talents of refined copper of
AKT 8 2015.pdf,"A-""ur-DÙG A-hu-qar i-""a-°qal¿","waqar will pay to A!!ur-""#b"
AKT 8 2015.pdf,"GÚ AN.NA-ak-""u",(and) Ahu-waqar will
AKT 8 2015.pdf,A-hu-qar i-lá-qé,get his 1 talent of tin.
AKT 8 2015.pdf,"26, 71:36), of a joint-stock capital (naruqqum, Kt n/k 1654:14), of a written document (ina r$""","'uppia,  ICK 1, 86:12; KTS 2, 3:15; na""partum, ICK 1, 1:58), or of the settling of accounts"
AKT 8 2015.pdf,KI$IB A-zu-a  DUMU  Sú-kà-lim,"Seal of Azua, son of Sukkallum,"
AKT 8 2015.pdf,KI$IB  En-na-ni-a,"seal of Enn#niya,"
AKT 8 2015.pdf,DUMU I-zi-za-am-ì-lí,"son of Izzizam-il(,"
AKT 8 2015.pdf,"""a 20 ma-na  URUDU","that as for the 20 minas of copper,"
AKT 8 2015.pdf,"""a A-al-DÙG  DUMU A-""ùr-DÙG","which 'l-""#b, son of A!!ur-""#b,"
AKT 8 2015.pdf,"a-na A-al-DÙG  DUMU A-mur-A-""ur","owes to 'l-""#b, son of Amur-A!!ur,"
AKT 8 2015.pdf,"ha-bu-lu-ni  ""u-ma","if 'l-""#b, son of"
AKT 8 2015.pdf,"A-al-DÙG  DUMU Amur-A-""ur","Amur-A!!ur, has already"
AKT 8 2015.pdf,ma-na-um  ) ma-na,will pay on 12 1/6
AKT 8 2015.pdf,"KÙ.B.  En-nam-A-""ur",shekels of silver
AKT 8 2015.pdf,"DUMU  A-""ùr-DÙG  i-""a-qal","son of  A!!ur-""#b."
AKT 8 2015.pdf,"2-3. Enn#niya, a fairly rare name, might be the man to whom a payment is made and a slave-girl","is “left” goods are “left” in *325:5 and 11, and who receives some silver in *144:6."
AKT 8 2015.pdf,ma-na URUDU,22 minas of copper
AKT 8 2015.pdf,"DUMU A-""ùr-DÙG","son of A!!ur-""#b."
AKT 8 2015.pdf,"i-""u  IGI  dI$KUR-ba-ni",In the presence of Adad-b#ni
AKT 8 2015.pdf,"URUDU  a-na Mì-/""u-GAL",the copper to
AKT 8 2015.pdf,M(!ur-rabi.,The names of creditor and debtor and the nature and amount of the debt make it rather likely
AKT 8 2015.pdf,"A witnessed agreement, in a very cursive writing, between the anonymous writer and Ì-dí-ba-ni","that the latter will confirm, prove (ka’’unum) for the writer that two persons jointly owe them"
AKT 8 2015.pdf,a-na 8 ma-na KÙ.B.,For 8 minas of refined
AKT 8 2015.pdf,#a-ru-pí-im,silver Idi-b#ni
AKT 8 2015.pdf,Ì-dí-ba-ni,shall confirm for me
AKT 8 2015.pdf,"Ì-li-a-lúm ù Mì-""u-ra-bi","Il(-#lum and M(!ur-rabi(’s liability),"
AKT 8 2015.pdf,ú-kà-nam  a-na-ku  ú  Ì-dí-ba-/ni,(that) I and Idi-b#ni are each (entitled
AKT 8 2015.pdf,"[ mì-ì""-lá  (erasure)",[ to) half the amount.
AKT 8 2015.pdf,"ú  'up-pu-""u  ha-ar-ma-am","Moreover, he shall give me a valid"
AKT 8 2015.pdf,"i-da-namx(LAM) ""a KÙ./B.",record of his stating that he owes
AKT 8 2015.pdf,ma-na : ha-bu-lu,8 minas of silver.
AKT 8 2015.pdf,"ú 'up-pu-""u",and also to
AKT 8 2015.pdf,lá i-ta-a[d]-nam,"his valid record, (then)"
AKT 8 2015.pdf,a-na  mu-nu-a-tí-a (erasure of KÙ.B. ),Idi-b#ni shall sue
AKT 8 2015.pdf,a-na  4  ma-na  KÙ.B,Puzur-A!!ur for my computed
AKT 8 2015.pdf,"Ì-dí-ba-ni  Puzur4-A-""ur","share, for 4 minas of silver."
AKT 8 2015.pdf,"i-""é-e  IGI !u-dEN.<LIL>","In the presence of $u-El<lil>,"
AKT 8 2015.pdf,"IGI !u-ki-tim  IGI A-mur-/I""tar","of $uk(k)utum, of Amur-I!tar,"
AKT 8 2015.pdf,IGI !u-Be-lúm,and of $u-B+lum.
AKT 8 2015.pdf,KI$IB  Du-d[u]-li  GAL ma-hi-ri-/im,"Seal of Duduli, head of the market,"
AKT 8 2015.pdf,"KI$IB  !u-pì-ah-""u","seal of $uppiah!u,"
AKT 8 2015.pdf,KI$IB  Lu-hu-du-ma-an,"seal of Luhuduman,"
AKT 8 2015.pdf,"KI$IB !u-pì-ah-""u  KI$IB Ba-ba-""í-ba","seal of  $uppiah!u, seal of  Baba!iba,"
AKT 8 2015.pdf,"""í-im-<tí>  Ba-ba-""í-ba",Baba!iba and $uppiah!u
AKT 8 2015.pdf,"rev.  ù  !u-pì-ah-""u","will bring back to me [3 donkeys],"
AKT 8 2015.pdf,ú-ta-ru-ni-ni-ma,"the number <I > had fixed,"
AKT 8 2015.pdf,ma-na  KÙ.[B.] A-al-DÙG,"and that 'l-""#b then will pay"
AKT 8 2015.pdf,"i-""a-qú-lu-ni",2 minas of silver.
AKT 8 2015.pdf,"""u-ma  AN$E  ""í-im-tí",<That> if they do not bring back
AKT 8 2015.pdf,la ú-ta-e-ru-ni,the number of donkeys I had fixed
AKT 8 2015.pdf,"ma-na KÙ.B. Ba-ba-""í-/ba",Baba!iba and $uppiah!u
AKT 8 2015.pdf,"ù !u-pì-ah-""u",will pay 2 minas
AKT 8 2015.pdf,"i-""a-qú-lu",of silver.
AKT 8 2015.pdf,ú-ta-e-ru-nim,"the number I had fixed,"
AKT 8 2015.pdf,1) ma-na KÙ.B.,"'l-""#b will pay"
AKT 8 2015.pdf,"A-al-DÙG  i-""a-qal",1) mina of silver.
AKT 8 2015.pdf,"""u-ma ""í-im-tí",If they do not bring back
AKT 8 2015.pdf,AN$E  lá  ú-ta-e-<ru>-/nim,the number of donkeys I had fixed
AKT 8 2015.pdf,"Ba-ba-""í-ba",$uppiah!u will pay
AKT 8 2015.pdf,"ù !u-pì-ah-""u  i-""a-qú-/lu",2 minas of silver.
AKT 8 2015.pdf,IGI  Du-du-li,"In the presence of Duduli,"
AKT 8 2015.pdf,GAL ma-hi-ri-im,"head of the market,"
AKT 8 2015.pdf,"IGI  !u-pì-ah-""u",of $uppiah!u.
AKT 8 2015.pdf,"Lu-wa-du-ma-an (cf. the spelling Lu-ha-du-ma-an in BIN 4, 189:2).",seal D = CS 1260
AKT 8 2015.pdf,two joint-debtors presumably were bound by one single seal impression.,A:1. This is the first occurrence of Duduli as “head of the market”; seven others are listed in
AKT 8 2015.pdf,"donkeys; A:6 has AN$E ""í-im-tí ta’’urum (A: 11f., B), B:6 ""í-im-tí AN$E ta’’urum, while B:2","uses ""imt& as independent object, referring back to “3 donkeys” of  l. 1. Since the construct state"
AKT 8 2015.pdf,5/6 ma-na  6)  GÍN,"56) shekels of silver,"
AKT 8 2015.pdf,"KÙ.B.  ""a  Sú-hu-ur-pì-/a-lá",which  Suhurpiyala
AKT 8 2015.pdf,ha-bu-lu  KÙ.B.  A-al-DÙG,"that silver 'l-""#b"
AKT 8 2015.pdf,"i""-qú-ul  A-al-DÙG",has paid.  Suhurpiyala (!)
AKT 8 2015.pdf,né-mu-lu-um,if there is
AKT 8 2015.pdf,"rev. i-ta-áb-""í","profit, he will"
AKT 8 2015.pdf,i-né-mì-li-im,take it (the silver)
AKT 8 2015.pdf,"i-lá-qé  ""u-ma",from the profit.
AKT 8 2015.pdf,"né-mu-lu-um  lá-""u",If there is no profit
AKT 8 2015.pdf,KÙ.B.  ù  #í-ba-sú,Aliya and Har!a
AKT 8 2015.pdf,"A-li-a  ù  Ha-ar-""a",will pay the silver
AKT 8 2015.pdf,"IGI  !í-il5-ma-""u","In the presence of $ilma!u,"
AKT 8 2015.pdf,IGI  !u-pu-nu-ma-an,of $uppunuman.
AKT 8 2015.pdf,1/6 GÍN KÙ.B.,"8 1/6 shekels of silver,"
AKT 8 2015.pdf,"""í-im  Étí-""u","the price of his house,"
AKT 8 2015.pdf,i-tù-wa-ar,"the house,"
AKT 8 2015.pdf,"a-na  A-""ùr-i-mì-tí",22) shekels of silver
AKT 8 2015.pdf,"IGI Ú-#ur-""a-A-""ùr","In the presence of U,ur-!a-A!!ur,"
AKT 8 2015.pdf,IGI Sí-ki-le-i,"of Sikile’i,"
AKT 8 2015.pdf,KI$IB Ta-mu-[ri-a¿ [KI$IB ........],"Seal of Tamuriya,  [seal of  .......],"
AKT 8 2015.pdf,KI$IB !ar-bu-nu-a  KI$IB Re-e-/ma,"seal of $arbunuwa, seal of Re’ema,"
AKT 8 2015.pdf,KI$IB Sú-la  KI$IB  !u-dUTU,"seal of Sula, seal of $u-$ama!,"
AKT 8 2015.pdf,KI$IB Ga-na-be-li + ma-/na LÁ 1 GÍN,seal of Ganabeli. 39 shekels of
AKT 8 2015.pdf,"KÙ.B. ""í-im  am-tim","silver, the price of a slave-girl,"
AKT 8 2015.pdf,rev.  Sú-la1 ù Ga-na-be-li,Sula and Ganabeli have received.
AKT 8 2015.pdf,"il5-qé-ú  am-tám  i""-tí  Sú-la",Gazazu bought the slave-girl
AKT 8 2015.pdf,"ù Ga-na-be-li  Ga-za-zu  i""-am-/""í",from Sula and Ganabeli.
AKT 8 2015.pdf,"""u-ma  ma-ma-an  a-""u-mì  am-tim",If anybody raises a claim against
AKT 8 2015.pdf,a-na Ga-za-zu  i-tù-a-ar,"Gazazu because of the slave-girl,"
AKT 8 2015.pdf,Sú-la1 ù Ga-na-be-li,Sula and Ganabeli will
AKT 8 2015.pdf,+ ma-na LÁ 1 GÍN KÙ.B.,pay 39 shekels of silver and then
AKT 8 2015.pdf,"u.e.  i-""a-qú-lu ù a-ma-sú",the slave-girl becomes his(!).
AKT 8 2015.pdf,"seal A = CS 359 = Kt n/k 1716 seal A (incomplete), with inscriptíon: A-""ùr-dUTU""í / DUMU !u-","A-nim. It must have belonged to Sula, the only sealer of both envelopes. How he"
AKT 8 2015.pdf,"a-ma-sú, with a singular possessive suffix, is peculiar, since both sellers also figure as","sealers, and it is probably a mistake for amassunu, “their slave-girl”."
AKT 8 2015.pdf,"a child, sold into debt-slavery. “Coming back” then equals redemption, which must be the case","in our contract, as shown by l. 13, which states that the girl (again) becomes “their! slave-girl”."
AKT 8 2015.pdf,"KI$IB  Ni-mar-I""tar  DUMU  Ba-lá","Seal of Nimar-I!tar, son of Bala,"
AKT 8 2015.pdf,"KI$IB En-um-A-""ur  DUMU","seal of Ennam-A!!ur, son of"
AKT 8 2015.pdf,"I-dí-Sú-en6  KI$IB En-um-A-""ur","Iddin-Suen, seal of Ennam-A!!ur,"
AKT 8 2015.pdf,DUMU  E-lá-ma,son of Elamma.
AKT 8 2015.pdf,"[I-dí-I""ta]r  ù  dNIN.$UBUR-b[a]-ni",[Iddin-I!tar] and Ilabrat-b#ni
AKT 8 2015.pdf,[i-mì]-ig-ru-ma,reached the following agreement:
AKT 8 2015.pdf,"É-tù  ""a  Kà-ni-i""",The house in Kanesh
AKT 8 2015.pdf,"ù  ú-tù-up-tum  ""a  I-dí-I""tar","and its furniture belong to Iddin-I!tar,"
AKT 8 2015.pdf,"hu-bu-ul  a-bi-""u-nu  ki-la-la-""u-nu-ma",together will take for their account
AKT 8 2015.pdf,i-za-zu  a-na  qú-bu-ur  Pu-zu-ur,the debt of their father. The tomb of
AKT 8 2015.pdf,"um-mì-""u-nu",their mother Puzur and
AKT 8 2015.pdf,a-na  gám-ri-im  ù  hu-bu-ul,the expenses and debts of
AKT 8 2015.pdf,"Pu-zu-ur  um-mì-""u-nu",their mother  Puzur  are the
AKT 8 2015.pdf,"I-dí-I""tar-ma  i-za-az",responsibility of Iddin-I!tar.
AKT 8 2015.pdf,"le.e. i-nu-mì  ""a  i-na  a-l[imki]",When the property in the city
AKT 8 2015.pdf,i-za-ku-ú-ni  É-tù,"will be cleared,  the house"
AKT 8 2015.pdf,"""a  Kà-ni-i""  lá  i-""a-ku-nu",in Kanesh shall not be included.
AKT 8 2015.pdf,XIX. DEBT-NOTES AND MEMOS ON DEBTS (298-315),"This chapter presents a variety of debt-notes, with known and unknown creditors. Some"
AKT 8 2015.pdf,"Among the debt-notes there are two (*312-313, section E) for a “working capital” (be’#l!tum),",an interest-free loan the debtor receives and which obliges him to serve his creditor as
AKT 8 2015.pdf,GÍN  KÙ.B.  $a-ru-pá-am,16 shekels of refined silver
AKT 8 2015.pdf,li-mì-im  A-ku-tim,"eponymy year of Ak""tum,"
AKT 8 2015.pdf,a-na  ITU.5.KAM,he will pay within
AKT 8 2015.pdf,"""u-ma lá  i""-qú-ul",If he does not pay
AKT 8 2015.pdf,ki-ma a-wa-at,he will add interest
AKT 8 2015.pdf,$í-ib-tám  ú-$a-áb,regulation of the colony.
AKT 8 2015.pdf,i-na 2  TÚG  ku-ta-ni,The hand of the
AKT 8 2015.pdf,"""a-ak-na-at",2 kut!nu-textiles.
AKT 8 2015.pdf,"IGI  E-nam-A-""ur","In the presence of Ennam-A!!ur,"
AKT 8 2015.pdf,DUMU Ú-$a-ri-a,"son of U#$riya,"
AKT 8 2015.pdf,IGI  E-na-Sú-in,"of Enna(m)-Suen,"
AKT 8 2015.pdf,"DUMU  En-nam-A-""ur",son of Ennam-A!!ur
AKT 8 2015.pdf,"Ma-lá-wa-á""-he",owes to the
AKT 8 2015.pdf,"i""-tù ha-mu""-tim",She will pay
AKT 8 2015.pdf,"[ITU.K]AM ""a ke-na-tim",reckoning from the week
AKT 8 2015.pdf,[li-m]u-um,"eponymy of Amur-A!!ur,"
AKT 8 2015.pdf,"[a-n]a  ""a-na-at",year eponymy of  the
AKT 8 2015.pdf,"ta-""a-qal  ""u-ma",successor of Inn$ya.
AKT 8 2015.pdf,"i-ma-lá  u4-me-""a",If she has not paid
AKT 8 2015.pdf,"lá ta-á""-qú-ul  ki-ma",when her term is over
AKT 8 2015.pdf,$í-ib-tám  tù-$a-áb,with the regulation of the colony.
AKT 8 2015.pdf,IGI I-dí-a-bi4-im,In the presence of Iddin-abum.
AKT 8 2015.pdf,"KI&IB I""tar-pá-li-il5  DUMU %u-Ku-/bi4-im","Seal of I!tar-p$lil, son of &u-K""bum,     1"
AKT 8 2015.pdf,"KI&IB Ni-mar-I""tar  DUMU Ba-la","seal of Nimar-I!tar, son of Bala,"
AKT 8 2015.pdf,"KI&IB A-bu-""a-lim  DUMU Ì-lí-a-lúm","seal of Abu-!alim, son of Il'-$lum."
AKT 8 2015.pdf,1/2 ma-na  KÙ.B.  $a-ru-pá-am,% mina of refined silver
AKT 8 2015.pdf,"i-$é-er  I""tar-pá-li-il5","I!tar-p$lil, son of &u-K""bum,"
AKT 8 2015.pdf,DUMU %u-Ku-bi4-im  DAM.GÀR-ru-um,owes to the creditor.
AKT 8 2015.pdf,"i-""u  i""-tù  ha-mu""-/tim",From the week-eponymy of
AKT 8 2015.pdf,a-na KÙ.B. a-nim  $í-ib-tám,per month for this
AKT 8 2015.pdf,ú-$a-áb : li-mu-um,silver. Eponymy of
AKT 8 2015.pdf,"KI&IB I""tar-pá-li-il5  DUMU %u-Ku-bi4-/im","Seal of I!tar-p$lil, son of &u-K""bum,      2"
AKT 8 2015.pdf,"KI&IB A-""ùr-i""-ti-kal  DUMU Hi-na-a","seal of A!!uri!-tikal, son of Hinn$ya,"
AKT 8 2015.pdf,KI&IB A-lá-hi-im  DUMU Sú-sà-a-a,"seal of Ali-ahum, son of  Sus$ya,"
AKT 8 2015.pdf,"KI&IB Puzur2-I""tar  DUMU %u-Ku-bi4-im","seal of Puzur-I!tar, son of &u-K""bum,"
AKT 8 2015.pdf,KI&IB Be-°lúm-ba¿-ni  DUMU Ga-zi-a,"seal of B(lum-b$ni, son of Gaziya,"
AKT 8 2015.pdf,"KI&IB Áb-""a-lim  DAM  A-lá-hi-im","seal of Ab-!alim, the wife of Ali-ahum."
AKT 8 2015.pdf,rev.  ' ma-na  KÙ.B. $a-ru-pá-am,% mina of refined silver
AKT 8 2015.pdf,"Áb-""a-lim  DAM A-lá-hi-im","Ali-ahum, and the sons of Ali-ahum"
AKT 8 2015.pdf,ù  DUMU-e A-lá-hi-im  DAM.GÀR,owe to the creditor.
AKT 8 2015.pdf,"i-""u  i""-tù  ha-mu-<u"">-tim ""a  Ha-na-/a",From the week-eponymy of
AKT 8 2015.pdf,$í-ib-tá[m  i-na] ITU.KAM,they will add 1% shekel
AKT 8 2015.pdf,"KÙ.B. °i-qá-qá-ad  ""ál-m]ì-""u-nu",The silver is bound on [the one of them]
AKT 8 2015.pdf,"ú  ke-[ni-""u-nu  ra-ki-i]s",who is solvent and reliable.
AKT 8 2015.pdf,li-mu-um °Ha-na-na-ru¿-um,Eponymy of Hanna-n$rum.
AKT 8 2015.pdf,"i-""a-ha-at  Áb-""a-lim","B(lum-b$ni, son of Gaziya,"
AKT 8 2015.pdf,ú  me-°er-e¿ A-lá-hi-im  Be-°lúm-ba-ni¿,assisted Ab-!alim and the sons of
AKT 8 2015.pdf,DUMU Ga-zi-a  i-zi-iz  &up-°pá- am¿,Ali-ahum. A tablet of 24 minas
AKT 8 2015.pdf,"""a  24' ma-na 5 GÍN AN.NA","and 35 shekels of tin,"
AKT 8 2015.pdf,"°""a  ""u¿-mì  tám-k°à-ri-im¿ [wa-du]","on the name of ‘creditor’, has been"
AKT 8 2015.pdf,"a-""a-par-tim  na-di-ma  KÙ.B.  a-num",deposited as pledge. This silver was
AKT 8 2015.pdf,"a-""u-mì  A-lá-hi-im  lá-qé  KI&IB A-""ùr-",taken in the name of Ali-ahum.  Seal      3
AKT 8 2015.pdf,[   ta-ak-/lá-ku,"[ of A!!ur-takl$ku, son of"
AKT 8 2015.pdf,"DUMU Qar-da-a-a KI&IB DÙG-$í-lá-A-""ùr","Qard$ya, seal of )$b-#illi-A!!ur, son"
AKT 8 2015.pdf,"DUMU A-""ùr-ba-lá-<&í>  KI&IB Da-da-a","of A!!ur-bal$*', seal of Dad$ya, son of"
AKT 8 2015.pdf,"DUMU Ni-mar-I""tar  24' ma-na / 5 GÍN",Nimar-I!tar. 24 minas 35 shekels of
AKT 8 2015.pdf,AN.NA ku-uk-ru  4  °TÚG¿.HI.A  i-$é-er,"kukru-tin (and) 4 textiles Dad$ya, son"
AKT 8 2015.pdf,"""a  A-""ùr-ta-ak-lá-ku","of  A!!ur-takl$ku,"
AKT 8 2015.pdf,"le.e.  DUMU A-lá-hi-im a-na 16 ha-am-""a-tim","son of Ali-ahum, he shall pay within"
AKT 8 2015.pdf,"i-na   u4-mì-""u  ma-al-ú-tim  lá  i""-qú-ul","when his term is due, he has not paid,"
AKT 8 2015.pdf,[  1' GÍN.TA,[ he will add
AKT 8 2015.pdf,$í-ib-tám  i-na ITI.KAM ú-$a-áb : ITU.KAM,an interest of 1% shekels per month.
AKT 8 2015.pdf,[ ku-zal-li,"[ Month XI, year eponymy of"
AKT 8 2015.pdf,"li-mu-um  Ma-$í-ì-li  AN.NA  ""ál-ma-am",Ma#i-il'. He will pay the full amount
AKT 8 2015.pdf,"ba-lúm  da-tim  ú  ta-""í-a-tim  i-""a-qal",of tin without (deducting) fees and
AKT 8 2015.pdf,"eponymic date;  34:  4  GÍN;   35:  omitted;   38:  a""""umi  DUMU-e (29) A-la-hi-im  lá-qé-e.","34-37. The value of the pledged tablet, in Anatolia ca. 4 minas of silver, is much higher than the"
AKT 8 2015.pdf,"(anonymous) creditor"". That a debt-note, dated to eponymy year REL 109, was pledged for a","debt dated to eponymy year  REL 116, implies that the debt had not yet been collected seven"
AKT 8 2015.pdf,KI&IB  Ma-num  DUMU  Kà-bi-a,"Seal of Manum, son of Kabiya,"
AKT 8 2015.pdf,"KI&IB A-""ur-DÙG DUMU %u-I""tar KI&IB","seal of A!!ur-*$b, son of &u-I!tar,"
AKT 8 2015.pdf,"A-hu-""u  DUMU  A-""ur-i-dí","seal of Ahu!u, son of A!!ur-id',"
AKT 8 2015.pdf,ma-na KÙ.B. li-tám dam-qám,5 minas of good quality l(tu-silver
AKT 8 2015.pdf,"I""-[ma-A-""ur DUMU?] Hi-na-a i-""u","owes to I!me-A!!ur, son of Hinn$ya."
AKT 8 2015.pdf,"i[""-tù  ha-mu]""-tim  ""a  Ku-lu-ma-a","From the week of Kulumaya,"
AKT 8 2015.pdf,"IT[U.KAM áb-""a-r]a-ni  li-mu-um","month V, year eponymy of"
AKT 8 2015.pdf,"Sá-[ma-a  a-na  x  ha-a]m-""a-tim","Samaya, he will pay within [x] weeks;"
AKT 8 2015.pdf,"i-°""a-qal  ""u¿-ma  lá  i""-qúl",if he does not pay he will add
AKT 8 2015.pdf,1' GÍN.TA  i-na  ITU.KAM-im,of the colony an interest of 1% shekel
AKT 8 2015.pdf,ú-$a-áb  KI&IB  Puzur4-A-na,"Seal of  Puzur-Anna, son of"
AKT 8 2015.pdf,"DUMU I-dí-dI&KUR KI&IB A-mur-A-""ur","Iddin-Adad, seal of $mur-A!!ur,"
AKT 8 2015.pdf,"DUMU A-""ur-be-el-a-wa-tim KI&IB","son of A!!ur-b(l-aw$tim, seal of"
AKT 8 2015.pdf,"[ En-um-/A-""ur","[  Ennam-[A!!ur, his brother,"
AKT 8 2015.pdf,GÚ  URUDU  ma-sí-am  i-$é-er,"5 talents of refined copper $mur-A!!ur,"
AKT 8 2015.pdf,"A-mur-A-""ur DUMU A-""ur-be-el-a-wa-tim","son of A!!ur-b(l-aw$tim, <and>"
AKT 8 2015.pdf,"<ù> En-um-A-""ur a-hi-""u : Li-ip-i[t]-/I""tar","Ennam-A!!ur, his brother, owe to"
AKT 8 2015.pdf,"i-""u  a-na  MU.5.&È  i-""a-qú-/lu",Lipit-I!tar. They will pay in 5 years;
AKT 8 2015.pdf,"""u-ma  lá  i""-qú-lu  1' ma-na.TA",when they do not pay they will add
AKT 8 2015.pdf,i-na  ITU.KAM-im  $í-ib-tám,1% mina per (talent) per month
AKT 8 2015.pdf,"ú-$ú-bu  I-ku-pì-A-""ur  DUMU Hi-na-a","as interest. Ik""n-p'-A!!ur, son of Hinn$ya,"
AKT 8 2015.pdf,li-mu-um  Bu-zu-ta-[a],eponymy year of Buzutaya.
AKT 8 2015.pdf,' ma-na KÙ.B.,“Half a mina of
AKT 8 2015.pdf,$a-ru-pá-am,refined silver
AKT 8 2015.pdf,"rev.  ""a  ma-ra-e-em",for fattening
AKT 8 2015.pdf,"TÚG.HI.A), JCS 14, 4 no. 3:11-12 (AN&E.HI.A $á-lá-ma-am), TPAK 1, 212:9 (1 TÚG.HI.A",kut!nam) and Kt n/k 212:2 (GEMÉ.HI-kà).
AKT 8 2015.pdf,"three times a ""a-li-nu-um is assigned to a person, preceded by a long list of lá-GA-nu-um and","followed by assignments of wool. CAD %/I 246f., s.v. ""alinnu A, considers it “a type of sheep”,"
AKT 8 2015.pdf,"and ""alinn#”), unless it denotes lamb or young sheep alongside a full-grown emmerum. Another","possibility might be “calf”, which would explain the use of GUD and the mention of “fattening”"
AKT 8 2015.pdf,"“fattened ox”, GUD mar-a-(a-)-am, in two texts quoted in Dercksen 2008a, 96, note 19.",12. The reading $arrup#tim is the only one possible and it is the only evidence of the use of
AKT 8 2015.pdf,"Unopened envelope containing a debt-note for silver owed by Il'-b$ni to Ennam-A!!ur, dated to",eponymy year REL 85 and payable within one month.
AKT 8 2015.pdf,"KI&IB A-""ur-ba-ni","Seal of A!!ur-b$ni,"
AKT 8 2015.pdf,"DUMU A-""ùr-be-el-a-wa-tim","son of A!!ur-b(l-aw$tim,"
AKT 8 2015.pdf,"KI&IB  Pì-lá-ah-A-""ùr DUMU","seal of Pilah-A!!ur, son"
AKT 8 2015.pdf,KI&IB  Ili5-[b]a-ni DUMU,"seal of Il'-b$ni, son"
AKT 8 2015.pdf,"""a ' ma-na  KÙ.B.",to the effect that Il'-b$ni
AKT 8 2015.pdf,"Ili5-ba-ni  En-nam-A-""ùr",% mina of refined silver.
AKT 8 2015.pdf,"i-""u-ú  i""-tù",Reckoned from the
AKT 8 2015.pdf,"dUTU-ba-ni ù A-""ùr-ma-/lik",&ama!-b$ni and A!!ur-m$lik
AKT 8 2015.pdf,"a-na ITU.1.KAM  i-""a-qal",he will pay within one month.
AKT 8 2015.pdf,"""u-ma  lá  ì""-qú-ul",If he does not pay
AKT 8 2015.pdf,LÁ ) GÍN.TA i-ITU.1.KAM,he will add as interest
AKT 8 2015.pdf,li-mu-um Puzur4-[Ni-]-ra-/ah,eponymy of Puzur-Nirah
AKT 8 2015.pdf,"le.e. DUMU A-""ur-ba-ni",son of A!!ur-b$ni
AKT 8 2015.pdf,"18-19. The eponymy year is REL 85, since this double hamu""tu-eponym is attested several","times during that year (see Kryszat 2004, 192, and Kt 99/k 1:5ff, during months X and XII; also"
AKT 8 2015.pdf,ma-na 2 GÍN KÙ.B.,1 mina 2 shekels of
AKT 8 2015.pdf,°$a¿-ru-pá-am  i-$é-er,refined silver
AKT 8 2015.pdf,a-2 ITU.KAM,he will send me the silver
AKT 8 2015.pdf,"""u-ma lá  ú-""é-/bi4-lam",If he does not send it
AKT 8 2015.pdf,IGI  Na-áb-Sú-/in,"In the presence of Nabi-Suen,"
AKT 8 2015.pdf,IGI °%u-Ku¿-/bi4-im,"of &u-K""bum."
AKT 8 2015.pdf,"week-eponyms during these early years and an abbreviation is unlikely, since Il'-n$d$ is not",attested as one of a pair. The younger one is also attested as week eponym during the year REL
AKT 8 2015.pdf,"Unopened, damaged envelope containing a debt-note for copper due by I!tar-b$ni, payable","within one month, dated to year REL 91; the name of the creditor is missing due to damage."
AKT 8 2015.pdf,"KI&IB I""tar-ba-ni  DUMU Ás-qú-dim","Seal of I!tar-b$ni, son of Asqudum,"
AKT 8 2015.pdf,KI&IB Ku-lu-ma-a  DUMU A-ta-a,"seal of Kulumaya, son of At$ya."
AKT 8 2015.pdf,"[ha-mu-u]""-tim  ""a  Ì-[lí-a]",the week of Iliya and Karwaya
AKT 8 2015.pdf,[ù Kàr]-wa-a  a-na [ITU. KAM],he will pay within one month.
AKT 8 2015.pdf,"[i]-""a-qal  ""u-ma",If he does not pay
AKT 8 2015.pdf,"lá i""-qú-ul ki-ma",he will add interest
AKT 8 2015.pdf,"li-mu-um  DÙG-A-""ur",eponymy of )$b-A!!ur
AKT 8 2015.pdf,"tion reads: A-""ùr-ni-ma-[x x] / DUMU A-""ùr-i-m[ì-tí]. I don’t know how to read the first",name and there is no son of A!!ur-imitt' with such a name. Since none of the sealers can
AKT 8 2015.pdf,"are visible: ""a Ì-lí-a / ù Kàr-w[a-a] / edge a-na ITU.[KAM]. This double week eponymy is also at-","tested in Kt c/k 205:5-6 (courtesy Dercksen), but in reversed order, during the month III of the"
AKT 8 2015.pdf,KI&IB DINGIR-SIPAD DUMU A-ta-a,"Seal of Il'-r(’', son of Ataya,"
AKT 8 2015.pdf,KI&IB %u-Lá-ba-an DUMU Ib-ni-lí,"seal of &u-Lab$n, son of Ibni-il',"
AKT 8 2015.pdf,KI&IB Puzur4-A-bé-eh,"seal of Puzur-Abeh,"
AKT 8 2015.pdf,"DUMU dA-""ur-dUTU!i","son of A!!ur-!am!' ,"
AKT 8 2015.pdf,"[""a] %u-I""-ha-ra *DUM[U ..........-a¿","[that] &u-I!hara, son of .........,"
AKT 8 2015.pdf,rev.  °ù¿ Puzur4-A-be-eh,and Puzur-Abeh
AKT 8 2015.pdf,GÚ URUDU SIG5,"will pay 9 talents of refined,"
AKT 8 2015.pdf,ha-bu-ra-ta-i-am,broken copper from
AKT 8 2015.pdf,"""a-bu-ra-am i""-tù",Haburata from the
AKT 8 2015.pdf,"ha-mu-u""-tim ""a dUTU-DÙG",week of &ama!-*$b
AKT 8 2015.pdf,"i-°""a¿-qú-lu ""u-ma",If they do not pay
AKT 8 2015.pdf,"u.e. i-na u4-me-""u-nu",when their
AKT 8 2015.pdf,[1'?] ma-na.TA i-na,they will add as
AKT 8 2015.pdf,le.e. a-na 1 GÚ-tim ú-[$ú-bu],per talent per month.
AKT 8 2015.pdf,URUDU i-na qá-qá-ad,The copper is bound to the person of
AKT 8 2015.pdf,"""al-mì-""u-nu ra-ki-is",of who of them is solvent.
AKT 8 2015.pdf,GÍN KÙ.B. $a-ru-pá-am,10 shekels of refined silver
AKT 8 2015.pdf,"i""-tù ha-mu-u""-tim",he will send to me reckoned
AKT 8 2015.pdf,"""a dUTU-ba-ni",from the week eponymy of
AKT 8 2015.pdf,"ù A-""ur-ma-lik",of &ama!-b$ni and
AKT 8 2015.pdf,"""a ta-la-kà-ni",not later than the
AKT 8 2015.pdf,rev.  15 GÍN  KÙ.B.,then he will pay 15
AKT 8 2015.pdf,IGI En-na-nim,"In the presence of Enn$num,"
AKT 8 2015.pdf,"IGI A-""ùr-mu-/ta-pí-il5",of A!!ur-mutappil.
AKT 8 2015.pdf,GIG  $í-ib-tum,the interest
AKT 8 2015.pdf,"""a  ""a-da-aq-de-/em","of last year,"
AKT 8 2015.pdf,rev.  10  na-ru-uq,10 bags of barley
AKT 8 2015.pdf,&E-am  a-na-áp-°&ù-/ur¿,when the snow disappears
AKT 8 2015.pdf,"ku-pá-im  i-[""]a-da-/dam",he will haul to me.
AKT 8 2015.pdf,na-ru-uq  GIG,5 bags of wheat
AKT 8 2015.pdf,a-na  e-bu-ri-im,he will haul to me
AKT 8 2015.pdf,"i-""a-da-dam",not later than the harvest.
AKT 8 2015.pdf,"snow melts”, with pa&!rum N-stem, “to be loosened, cleared away”, “to withdraw” (CAD P,","301f., 18 and 22). See Veenhof, Lex., s.v. nabr(tum, text 10."
AKT 8 2015.pdf,ma-na KÙ.B. $a-ru-pá-am,3 minas of refined silver
AKT 8 2015.pdf,ú $í-ba-sú KI I-ku-pì-a,"and its interest due from Ik""n-p'ya;"
AKT 8 2015.pdf,ma-na KÙ.B. ú $í-ba-sú,3 minas of silver and its interest
AKT 8 2015.pdf,KI  I-ku-pì-a  DUMU %u-dE[N].LÍL,"due from Ik""n-p'ya, son of &u-Ellil;"
AKT 8 2015.pdf,KI  Lá-qí-pì-im 2 ma-na KÙ.B.,due from L$-q(pum; 2 minas of silver
AKT 8 2015.pdf,ú $í-ba-sú KI  Sá-li-a,and its interest due from Saliya;
AKT 8 2015.pdf,' ma-na KÙ.B. ú $í-ba-/sú,% mina of silver and its interest
AKT 8 2015.pdf,KI  DUMU dEN.ZU-na-da,due from Suen-n$d$’s son;
AKT 8 2015.pdf,' ma-na 5 GÍN KÙ.B.,35 shekels of silver
AKT 8 2015.pdf,ú $í-ba-sú,and its interest
AKT 8 2015.pdf,"KI  DUMU *í-li-I""tar",due from -illi-I!tar’s son
AKT 8 2015.pdf,"ú tap-pá-i-""u  nu-a-im",and his Anatolian partner;
AKT 8 2015.pdf,4+ ma-na KÙ.B.,4. minas of silver due from
AKT 8 2015.pdf,KI %u-Be-lim DUMU I-tur4-ki-in,"&u-B(lum, son of It""r-k(n;"
AKT 8 2015.pdf,"GÍN KÙ.B. KI A-""é-ed",14 shekels of silver due from A!e’ed
AKT 8 2015.pdf,"ú me-er-i-""u a-na","and his son, they will pay at the gathering"
AKT 8 2015.pdf,p[á]*-ha-ar ad-ri-im,(of the barley) on the threshing floor;
AKT 8 2015.pdf,"15-16. This &u-B(lum does not occur in other texts. We know various A!e’ed’s, sons of Aru-","ruba! (see for his little archive V. Donbaz, AfO 25 [1988] 48-63), Laram-ZU (TC 3, 191:4, cf."
AKT 8 2015.pdf,+  ma-na  KÙ.B,. mina of refined
AKT 8 2015.pdf,KÙ.B  (erasure),With that silver A!!ur-*$b
AKT 8 2015.pdf,"A-""ur-DÙG  ""a-bu",has been satisfied.
AKT 8 2015.pdf,"""a  + ma-na",a debt of . mina
AKT 8 2015.pdf,"KÙ.B  ""a  hu-bu-ul",of silver owed
AKT 8 2015.pdf,"""a  e-li-a-ni",which turns up is invalid.
AKT 8 2015.pdf,"sá-ar  IGI Ì-lí-/á""-ra-ni",In the presence of Il'-a!ranni
AKT 8 2015.pdf,"DUMU  Tù-ur-A-""ur","son of T""r-A!!ur"
AKT 8 2015.pdf,"KI&IB  A-""ur-mu-ta-pí-il5","seal of A!!ur-m""tappil,"
AKT 8 2015.pdf,KI&IB  Ili5-TAB.BA  DUMU Id-na-a,"seal of Il'-tapp$, son of Idn$ya."
AKT 8 2015.pdf,+ ma-na 2' <GÍN> KÙ.B bé-ú-lá-at,"22% shekels of silver, the working capital"
AKT 8 2015.pdf,"A-ta-ah-""u  Ha-pu-a-""u","of Atah!u, his father"
AKT 8 2015.pdf,"il5-qé  <i""-tí>  KÙ.B  uk-ta-al",He is held with the silver.
AKT 8 2015.pdf,"""u-ma  a-na  Kà-ni-i""",When I send him to
AKT 8 2015.pdf,"a-""a-pá-ra-""u : ma-ma-an",Kanesh no creditor of his
AKT 8 2015.pdf,"bé-el  hu-bu-li-""u  ""a  a-bi-""u","father, whosoever,"
AKT 8 2015.pdf,"lá  i-&á-hi-""u-um",shall approach him.
AKT 8 2015.pdf,"no. 14:2, where we must read °Id¿-na-a. An Il'-tapp$ also sealed TPAK 1, 124:4’ as","witness, but there is no picture of this seal impression."
AKT 8 2015.pdf,"figures at witnesses in debt-note *161 (from eponymy year REL 106), in which Lamassutum is",the creditor and an Anatolian couple are the debtors.
AKT 8 2015.pdf,"KI&IB A-""ur-na-da","Seal of A!!ur-n$d$,"
AKT 8 2015.pdf,DUMU A-mur-lu-sú,"son of /mur-il""ssu,"
AKT 8 2015.pdf,KI&IB I-di-dI&KUR,"seal of Iddin-Adad,"
AKT 8 2015.pdf,"DUMU A-""ur-DÙG","son of A!!ur-*$b,"
AKT 8 2015.pdf,"rev.  KI&IB I-di-A-""ur","seal of Iddin-A!!ur,"
AKT 8 2015.pdf,KI&IB Zu-ba,"seal of Zuba,"
AKT 8 2015.pdf,"[KI&]IB A-ta-ah-""u",seal of Atah!u.
AKT 8 2015.pdf,"[""]a 16 GÍN KÙ.B.","concerning 16 shekels of silver,"
AKT 8 2015.pdf,[be]-ú-lá-at,the working capital
AKT 8 2015.pdf,"[A-t]a-ah-""u-ú",of Atah!u.
AKT 8 2015.pdf,"[i""]-ti KÙ.B. uk-ta-al",With the silver he is held.
AKT 8 2015.pdf,"GÍN K[Ù.B. ........] / A-ta-ah-""u [.....].",XIX. DEBT-NOTES AND MEMOS ON DEBTS (298-315)
AKT 8 2015.pdf,"“working capital” in *311 and *313. As usual, be’#l!tu-contracts are not dated, but since in","*311 Atah!u’s father receives the working capital, this contract is probably older than *313"
AKT 8 2015.pdf,GÍN.TA  KÙ.B.,they will pay
AKT 8 2015.pdf,IGI Ki-li-*nu?-ma-an,In the presence of Kilinuman.
AKT 8 2015.pdf,"qú-lu). Another adverbial is ""anassumma, “every year”, used in Kalley C 35:6 and Kt d/k 50:5,","and finally there is the expression ina ""attim ""attim “every year, year upon year”, attested in our"
AKT 8 2015.pdf,"text. We also find it in several debt-notes of the Kt f/k archive (courtesy L. Umur), e.g. in Kt f/k","64:6-9, where of a debt of probably 1 mina of silver, the debtors “will pay each year % mina of"
AKT 8 2015.pdf,"silver at the festival of Anna” (' mana.TA KÙ.B. / i-""a-tim ""a-tim / ina ""a Anna / i""aqqul#).","Similarly in Kt f/k 175B:5-7, where the debtor “will pay every year 15 shekels of silver” (ina"
AKT 8 2015.pdf,KI&IB  Pè-ru-a,"Seal of Peruwa,"
AKT 8 2015.pdf,"KI&IB  %a-hi-i""-nu-ma-an","seal of &ahi!numan,"
AKT 8 2015.pdf,KI&IB  Ba-ri-me-a,seal of Barimea.
AKT 8 2015.pdf,"a-""í-tí-""u  ú  A-""e-a-ad","his wife, and A!e’ad,"
AKT 8 2015.pdf,"me-er-i-""u","his son, owe to"
AKT 8 2015.pdf,a-na  ha-ar-pè,At summer time they will give
AKT 8 2015.pdf,KÙ.B. 1  na-ru!-uq  &E-am,"the silver, 1 sack of barley,"
AKT 8 2015.pdf,bu-uq-lá-am,2 jars of malt.
AKT 8 2015.pdf,"i-du-nu  ""u-ma",If they do
AKT 8 2015.pdf,"lá  ú-""a-bu-ú",not satisfy (the creditor)
AKT 8 2015.pdf,"le.e. A-""é-a-ad  i-ta-ru",he will take A!e’ad along.
AKT 8 2015.pdf,"""ál-mì-""u-nu  ra-ki-is",liable for the silver.
AKT 8 2015.pdf,"""abbu’um is highly unusual in debt-notes, which nearly always write ""aq!lum or tad!num. It",is normal in deeds of sale to mention the satisfaction of the seller with the price and in
AKT 8 2015.pdf,"(Hinn#ya appears in *319:6, but he survived Elamma). Here we meet Ennam-Suen, Iddin-Suen","and $u-I!tar as their owners. *322 has a different structure, being a memorandum in the first"
AKT 8 2015.pdf,TÚG !u-ru-tum,31 dark textiles
AKT 8 2015.pdf,!a I-dí-Sú-in,"of Iddin-Suen,"
AKT 8 2015.pdf,!a A-!ur-SIPAD,"of A!!ur-r%’"","
AKT 8 2015.pdf,"!a ""u-I!tar","of $u-I!tar,"
AKT 8 2015.pdf,!a En-na-Sú-in,"of Ennam-Suen,"
AKT 8 2015.pdf,TÚG a-na ni-is-ha-tim,"8 textiles as import-tax,"
AKT 8 2015.pdf,TÚG a-na !í-mì-im,"10 textiles as pre-emption,"
AKT 8 2015.pdf,TÚG i-na li-wi-tim,"33 textiles used for wrapping,"
AKT 8 2015.pdf,TÚG ku-nu-ku-!u-nu,12 textiles whose seals
AKT 8 2015.pdf,TÚG ha-al-qú,3 textiles lost.
AKT 8 2015.pdf,TÚG !a A-!ur-SIPAD,"35 textiles of A!!ur-r%’"","
AKT 8 2015.pdf,"TÚG !a ""u-I!tar","32 textiles of $u-I!tar,"
AKT 8 2015.pdf,TÚG En-na-Sú-in,"15 textiles Ennam-Suen,"
AKT 8 2015.pdf,TÚG Ah-!a-lim,"6 textiles (of) Ah-!alim,"
AKT 8 2015.pdf,TÚG Ili5-ba-ni,"2 textiles (of) Il""-b#ni,"
AKT 8 2015.pdf,TÚG DAM.GÀR,"2 textiles (of) the merchant,"
AKT 8 2015.pdf,TÚG Lá-qé-ep,2 textiles L#-q%p -
AKT 8 2015.pdf,$U-NIGIN2 1 me-at 42 TÚG,in all 142 textiles.
AKT 8 2015.pdf,LÁ 1 TÚG !u-ru-tum,29 dark textiles
AKT 8 2015.pdf,TÚG !a En-na-Sú-in,15 textiles of Ennam-Suen -
AKT 8 2015.pdf,$U.NIGIN2 44 TÚG !u-ru-tum,in all 44 dark textiles
AKT 8 2015.pdf,$À.BA 4 TÚG i-na,Thereof: 4 textiles
AKT 8 2015.pdf,TÚG ni-is-ha-tum,"4 textiles import-tax,"
AKT 8 2015.pdf,TÚG i-!í-mì-im,4 textiles by pre-emption.
AKT 8 2015.pdf,TÚG ku-ta-n[u],31 kut#nu-textiles
AKT 8 2015.pdf,!a I-dí-Sú-i[n],"of Iddin-Suen,"
AKT 8 2015.pdf,TÚG ku-ta-nu,30 kut#nu-textiles
AKT 8 2015.pdf,!a Ah-!a-lim,"of Ah-!alim,"
AKT 8 2015.pdf,!a Hi-na-a ù Ú-$ú-ra-/nim,"of Hinn#ya and U&ur#num,"
AKT 8 2015.pdf,!a Lá-qé-ep,"of L#-q%p,"
AKT 8 2015.pdf,TÚG a-!í-mì-im,17 textiles as pre-emption.
AKT 8 2015.pdf,i-na  51 TÚG !u-ru-tim,Of 51 dark textiles
AKT 8 2015.pdf,!a  I-dí-Sú-in,"of Iddin-Suen,"
AKT 8 2015.pdf,TÚG  i-na li-wi-/tim,"8 textiles were for wrapping,"
AKT 8 2015.pdf,TÚG  ni-is-ha-tum,5 were import-tax and
AKT 8 2015.pdf,ù 7  GÍN KÙ.B.,they will balance him
AKT 8 2015.pdf,i-na-pu-lu-!um,"7 shekels of silver,"
AKT 8 2015.pdf,TÚG  a-!í-mì-im,4 textiles for pre-emption.
AKT 8 2015.pdf,!í-tí  TÚG-tí-!u,The rest of his textiles amounts
AKT 8 2015.pdf,i-na  47  ku-ta-ni,"Of the 47 kut#nu-textiles,"
AKT 8 2015.pdf,qá-du-um : ta-ad-mì-qá-/tí-!u,"including those of his free loans,"
AKT 8 2015.pdf,ù 7 GÍN KÙ.B. i-na-pá-/al,"he will balance 7 shekels of silver,"
AKT 8 2015.pdf,ku-ta-nu-!u,41 kut#nu-textiles of his
AKT 8 2015.pdf,TÚG 3 GÍN KÙ.B.,32 textiles. His share
AKT 8 2015.pdf,i-na hu-lu-qá-e,in the losses amounted to
AKT 8 2015.pdf,ik-!u-da-!u,3 shekels of silver.
AKT 8 2015.pdf,IGI I-dí-dI$KUR,in the presence of Iddin-Adad
AKT 8 2015.pdf,IGI I-dí-A-!ur,"and of Iddin-A!!ur,"
AKT 8 2015.pdf,DUMU Sú-e-ta-ta,son of Suettata.
AKT 8 2015.pdf,!a li-wi-tim,for wrapping
AKT 8 2015.pdf,IGI A-!ùr-SIPAD,I gave him in the presence
AKT 8 2015.pdf,"(nishatum, nominally 5 %) and pre-empted a number of them (at most 10%, frequently also",less).103 The result of these operations was that the remainder of the textiles became “cleared”
AKT 8 2015.pdf,"Most numerous are the so-called “dark textiles” (TÚG !&rum), which are the only ones","occurring in *316-318, and they are somewhat cheaper than kut#n&, alongside which they occur"
AKT 8 2015.pdf,"much, but no balance payment is mentioned. A pre-emption of 17 pieces on 272 – 14 (nishatum)","= 258, however, is much less than the expected 26 pieces. In *316 an import tax of 8 pieces on"
AKT 8 2015.pdf,"realized. Dercksen in OAI 173f., discussing cases where only 6% were pre-empted, states that","the colonial office “assessed the situation, apparently involving a calculation of the percentage"
AKT 8 2015.pdf,"r%’"" 3x, Ennam-Suen 4x, Iddin-Suen 4x, $u-I!tar 5x, and a few others less frequently. That",Iddin-Suen in all lists where he occurs is mentioned first may indicate his status. Where these
AKT 8 2015.pdf,"persons occur together (in *320 all textiles belong to Iddin-Suen, in *321 to $u-I!tar) their","individual lots probably had been shipped by one and the same caravan (ellutum), with one"
AKT 8 2015.pdf,!a  li-bi-a,"that I have in my possession,"
AKT 8 2015.pdf,!À.BA  1  GÍN  KÙ.B.,thereof: 1 shekel silver
AKT 8 2015.pdf,"3""  GÍN  7# !E",3  3/8 shekels
AKT 8 2015.pdf,!í-im : 1 *UDU?,owes as price of one sheep.
AKT 8 2015.pdf,ha-bu-lu * i[!]-ni-[a]m,He entrusted it (for shipment)
AKT 8 2015.pdf,ip-qí-dam-ma  a-dí-ni,"to me for the second time,"
AKT 8 2015.pdf,ú-<lá>  al-qé  KÙ.B.,but I have not yet obtained it.
AKT 8 2015.pdf,!a  Sà-li-bu,The silver that
AKT 8 2015.pdf,ma-na  URUDU,40 minas of
AKT 8 2015.pdf,!í-im  AN!E,"the price of a donkey,"
AKT 8 2015.pdf,a-wi-il5-tum,when the lady
AKT 8 2015.pdf,a-na  15  ma-na,for 15 minas
AKT 8 2015.pdf,!a  $u-Ku-bi4-im,the servant of
AKT 8 2015.pdf,ma-[n]a  KÙ.B.,The 2 minas of silver
AKT 8 2015.pdf,!a  té-zi-[bu-ni¿-a-tí-ni,that you left behind to us
AKT 8 2015.pdf,a-na  DAM.GÀR  ni-i!-qúl,we paid to the merchant; it was
AKT 8 2015.pdf,GÍN °im¿-'í   ( ma-na # GÍN,1 shekel short.  40' shekels
AKT 8 2015.pdf,a-na  E-na-ni-a,"I paid to Enn$niya,"
AKT 8 2015.pdf,á!-qúl   !À.BA 10 GÍN,"10 shekels, thereof"
AKT 8 2015.pdf,)í-lu-lu  il5-qé,(ilulu took.
AKT 8 2015.pdf,#  ma-na  KÙ.B. !í-[im],"' mina of silver, the price of"
AKT 8 2015.pdf,am-tim  KI  ku-um-ri-im,a slave-girl is due by the priest.
AKT 8 2015.pdf,GÍN  KÙ.B.  KI  Zu-ba,"5 shekels of silver due from Zuba,"
AKT 8 2015.pdf,%ú-ha-ru-um  mì-ma,1 young slave - all this
AKT 8 2015.pdf,( ma-na 3 GÍN,43 shekels of silver
AKT 8 2015.pdf,KÙ.B.  a-na  Sú-sá-a,I paid to Sus$ya
AKT 8 2015.pdf,a-!u-mì  A-al-DÙG,on behalf of
AKT 8 2015.pdf,IGI  En-na-nim,"In the presence of Enn$num,"
AKT 8 2015.pdf,na-pá-hi-im,"the blacksmith,"
AKT 8 2015.pdf,IGI En-um-A-/!ùr,"of Ennam-A""""ur,"
AKT 8 2015.pdf,DUMU Bu-ut-qí-im,"son of Butqum,"
AKT 8 2015.pdf,IGI A-!ùr-be-el-a-wa-/tim,"of A""""ur-b%l-aw$tim,"
AKT 8 2015.pdf,DUMU Zu-ba.,son of Zuba.
AKT 8 2015.pdf,"5"" ma-na 2 GÍN",5 minas 22 shekels
AKT 8 2015.pdf,a-na tap-hi-ri,I paid to the fund;
AKT 8 2015.pdf,( ma-na 5 GÍN,45 shekels
AKT 8 2015.pdf,i-nu-mì  $a-lim-be-lí,when !alim-b%l)
AKT 8 2015.pdf,a-dí-in # ma-na,the lady; ' mina
AKT 8 2015.pdf,i-nu-mì  dUTU-/ba-ni,"when !ama""-b$ni"
AKT 8 2015.pdf,le.e. i-tal-kam # DUG,had come here (and)
AKT 8 2015.pdf,GIG # ma-na,' jar of wheat (and?)
AKT 8 2015.pdf,a-dí-!í-im,' mina (of copper) I gave her.
AKT 8 2015.pdf,"sutum and perhaps I""tar-lamass) or !alimma.","7. !ama""-b$ni, possibly the son of Aki/utum (who shipped silver for Elamma to Assur, see"
AKT 8 2015.pdf,"*20:27), appears alongside Ir’am-A""""ur in *190:1, Lamassutum writes to him in *166:2, and he","writes together with others to !u-I""tar in *240:3. He could be the writer of the letter *267:1 and"
AKT 8 2015.pdf,i!-tù  ha-mu-/u!-tim,Reckoned from the week
AKT 8 2015.pdf,!a  A-lá-hi-im,eponymy of Ali-ahum
AKT 8 2015.pdf,ù  Bu-sí-a,and Bu+iya
AKT 8 2015.pdf,i-!a Na-ra-am-ZU,we paid the silver during
AKT 8 2015.pdf,ù I-k[u-n]im,that of Naram-Suen
AKT 8 2015.pdf,KÙ.B. [ni]-i!-qúl,and Ik&num.
AKT 8 2015.pdf,8# GÍN  KÙ.B.,8' shekels of silver
AKT 8 2015.pdf,GÍN  KÙ.B. a-na  NINDA,1 shekel of silver for
AKT 8 2015.pdf,a-dì-na-kum,I gave to you;
AKT 8 2015.pdf,LÁ * GÍN mu-sú-/ha-am,", shekel of bad quality"
AKT 8 2015.pdf,!À.BA  10 ma-na  SÍG.HI.A,Thereof you have given me
AKT 8 2015.pdf,ú  5 GÍN AN.NA,10 minas of wool
AKT 8 2015.pdf,ta-dí-na-am,and 5 shekels of tin.
AKT 8 2015.pdf,"Kouwenberg suggests taking mu-sú-ha-am = musuhh&’am, a singular by-form of musukk&’+,","since a purrus-adjective instead of parrus (massuhum, ”spoiled”) is difficult to accept in OA."
AKT 8 2015.pdf,ma-na  URUDU a-na,1 mina of copper
AKT 8 2015.pdf,Da-di-a  a-!u-mì,I paid to Dadiya
AKT 8 2015.pdf,?-ba-ni  á!-qúl,in the name of Il)-b$ni;
AKT 8 2015.pdf,[x] ma-na a-na,I gave [x] mina[(s)
AKT 8 2015.pdf,[x m]a-na 5 GÍN,[x] mina 5 shekels
AKT 8 2015.pdf,[!í]-im a-ri-im,[as pay]ment for a hide;
AKT 8 2015.pdf,[ x x¿* mu-%í-!u,"[......], his exit fee,"
AKT 8 2015.pdf,[á!-q]úl  1 ma-na,I paid; 1 mina
AKT 8 2015.pdf,[h]a-bu-lá-ak-/!u-um,for 3 minas 45 shekels.
AKT 8 2015.pdf,ma-na  a-x-/x,2 minas for ..........;
AKT 8 2015.pdf,lo.e. a-na A-pu-ut-ri-a,for Aputriya;
AKT 8 2015.pdf,"1"" ma-na KÙ.B.",1- mina of silver
AKT 8 2015.pdf,°(¿ ma-na 3 GÍN KÙ./GI,"For the 43 shekels of gold,"
AKT 8 2015.pdf,[!a?¿ Ib-na-a,[which] Ibnaya
AKT 8 2015.pdf,[i?-!]u-ni : ni-is-ha-/,"has in his possession,"
AKT 8 2015.pdf,ni-dí-in-ma,on it and the (remaining)
AKT 8 2015.pdf,( ma-na ( GÍN,40. shekels of gold we bought
AKT 8 2015.pdf,[KÙ].GI  ni-i!6-°am-ma¿,and at 7. shekels (of silver)
AKT 8 2015.pdf,ma-na 11 5/6 GÍN,was 5 minas 11 5/6 shekels.
AKT 8 2015.pdf,ma-na LÁ 4 GÍN KÙ./ B.,3 minas 56 shekels of silver
AKT 8 2015.pdf,!a TÚG.HI.A ù AN.NA,I took for textiles and tin
AKT 8 2015.pdf,al-qé-ma !í-tí  KÙ.B./-pì-!u,"and the rest of his silver,"
AKT 8 2015.pdf,ma-na 15! 5/6 GÍN,1 mina 15? 5/6 shekels of
AKT 8 2015.pdf,KÙ.B.  a-°!a  ki¿-ma,"silver, I gave to his"
AKT 8 2015.pdf,!u-a-tí  a-dí-°ma?¿,representative and
AKT 8 2015.pdf,°i¿-!a-°qá-lam¿,he will weigh it out to him.
AKT 8 2015.pdf,ma-na KÙ.B. a-na,Give 1 mina of silver
AKT 8 2015.pdf,A-!ur-ma-lik dí-in!-![u]-/ma,"to A""""ur-m$lik and"
AKT 8 2015.pdf,i-na  !a <<na>>,we will deduct it
AKT 8 2015.pdf,na-ru-qí-im i-na,from the assets of the
AKT 8 2015.pdf,nu-%a-ha-ar,that we control.
AKT 8 2015.pdf,ma-na  KÙ.B. a-na,Give 2 minas
AKT 8 2015.pdf,#  ma-na  KÙ,' mina of silver
AKT 8 2015.pdf,a-na  Ku-lu-ma-a,for Kulum$ya
AKT 8 2015.pdf,!a  Lá-ma-sí,of Lamass).
AKT 8 2015.pdf,ku-nu-ki  !a  I-ku-pí-/I!tar,"under the seals of Ik&n-p)-I""tar,"
AKT 8 2015.pdf,DUMU  I-ku-a-a,son of Ik&’aya
AKT 8 2015.pdf,IGI  $u-Ku-bi-im,"in the presence of !u-K&bum,"
AKT 8 2015.pdf,DUMU  Qá-a-tim,son of Qa’atum (and)
AKT 8 2015.pdf,IGI  A-!ur-ma-lik,"of A""""ur-m$lik,"
AKT 8 2015.pdf,DUMU  A-lá-hi-im,son of Ali-ahum.
AKT 8 2015.pdf,"2""  ma-na  KÙ.B.","2- minas of refined silver,"
AKT 8 2015.pdf,%a-ru-pá-am  ku-nu-ki-a,"under my seal,"
AKT 8 2015.pdf,Be-lá-lá-a  ú-bi4-il5,Belalaya brought away;
AKT 8 2015.pdf,GÍN KÙ.B. a-qá-tí-!u,3 shekels of silver I gave him
AKT 8 2015.pdf,a-dí-in 2  GÍN KÙ.B.,"for expenses, 2 shekels of silver"
AKT 8 2015.pdf,a-pá-ni-ri  3#  ma-na,"for panna/ir+,  3' minas of"
AKT 8 2015.pdf,[URUDU]  !a  4  GÍN KÙ.B,copper  with a value of 4 shekels
AKT 8 2015.pdf,[sà-he]-er-tám,of silver (for) small wares.
AKT 8 2015.pdf,[x  x] °ú¿  A-!ùr-mu-ta-/pì-il5,".............  and A""""ur-m&tappil"
AKT 8 2015.pdf,[ub]-lu  IGI  dI!KUR-ba-ni,brought away. In the presence of
AKT 8 2015.pdf,DUMU  Ga-na-a,"Adad-b$ni, son of Ganaya,"
AKT 8 2015.pdf,IGI  Ku-lu-ma-a,(and) of Kulumaya.
AKT 8 2015.pdf,A-!ùr-i-mì-tí,"As for A""""ur-imitt),"
AKT 8 2015.pdf,"""  ma-na  5  GÍN KÙ./B.",25 shekels of silver
AKT 8 2015.pdf,GÍN KÙ.GI  A-ta-/ah-!u,(and) 1 shekel gold
AKT 8 2015.pdf,ú-bi4-il5-!u-um,"Atah""u brought him."
AKT 8 2015.pdf,"pa-ni-re !a  alp,,  cf. CAD P, 83.","16. Atah""u could be the man contracted to serve Elamma(?), cf. *312:5 and *313:10."
AKT 8 2015.pdf,ma-na !a DAM.GÀR  !À.BA,"2 minas of the tamk&rum. Thereof,"
AKT 8 2015.pdf,a-ma-lá  té-er-tí-kà,"in accordance with your instruction,"
AKT 8 2015.pdf,ma-na 10 GÍN !a  ik-ri-/bi4,4 minas 10 shekels of temple funds
AKT 8 2015.pdf,a-na A-ta-a-a <ù> GAL-A-!ur,"for Ataya <and> Rabi-A""""ur;"
AKT 8 2015.pdf,ma-na  8# GÍN,2 minas 8'  shekels
AKT 8 2015.pdf,a-na Hi-na-a ú  A-ta-a-a,for Hinn$ya and Ataya;
AKT 8 2015.pdf,#  ma-na  a-na A-!ur-DÙG,"' mina for A""""ur-#$b;"
AKT 8 2015.pdf,( ma-na 1 GÍN a-na,41 shekels for
AKT 8 2015.pdf,"A-ta-a-a "" ma-na",Ataya; - mina for
AKT 8 2015.pdf,a-na A-!ùr-ba-ni  mì-ma,"for A""""ur-b$ni – all this"
AKT 8 2015.pdf,a-nim ku-nu-ki  GAL-A-!ur  na-/!í,"under my seals Rabi-A""""ur is bringing."
AKT 8 2015.pdf,"a-na 2 AN!E  "" ma-na 3 /GÍN","For 2 donkeys we paid 23 shekels,"
AKT 8 2015.pdf,ni-i!-qul 12  GÍN KÙ,12 shekels of silver
AKT 8 2015.pdf,[a-na] °kà-!í¿*-im ú  ma-%a-ra-tim,for the official and the guarding
AKT 8 2015.pdf,[ x x x URU]DU !í-kam GAL-A-!ur,".............!ikku-copper Rabi-A""""ur."
AKT 8 2015.pdf,TÚG  ma-ku-ha-a[n],2 mak+hu-textiles
AKT 8 2015.pdf,a-na  be-el  a-lim,for the lord of the town
AKT 8 2015.pdf,[x] x* !a  A-mur-dUTU,"the ..... of Amur-!ama"";"
AKT 8 2015.pdf,8# GÍN KÙ.B. i!-tí,8' shekels of silver
AKT 8 2015.pdf,5* GÍN KÙ.B.,5/ shekels of silver
AKT 8 2015.pdf,i-%í-ba-at,from the interest
AKT 8 2015.pdf,13* GÍN KÙ.B.,"13/ shekels of silver,"
AKT 8 2015.pdf,rev.  hu-sà-ri-n[i]?,"our lapis lazuli,"
AKT 8 2015.pdf,!a  i-$u-pì-lu-/li-a,which I sold in
AKT 8 2015.pdf,i!-tí  kà-ri-im,is due from the
AKT 8 2015.pdf,( ma-na 3  LÁ 1/6 / GÍN,42 5/6 shekels
AKT 8 2015.pdf,KÙ.B.  i-li-bi4-/!u-nu,of silver is still due
AKT 8 2015.pdf,"witnesses, presumably an excerpt of a debt-note or larger memorandum.","XXI. NOTES, MEMOS, LISTS AND VARIA (323-358)"
AKT 8 2015.pdf,3( ma-na 2 GÍN,3 minas 42 shekels
AKT 8 2015.pdf,IGI A-!ur-dan,"In the presence of A""""ur-d$n,"
AKT 8 2015.pdf,IGI Ir-ma-A-!ur,"of Ir’am-A""""ur."
AKT 8 2015.pdf,!a 4 AN!E.HI.A  zu-ur-/zu,"of 4 donkeys, pouches,"
AKT 8 2015.pdf,ù  pá-at-ru-u[m],and 1 dagger -
AKT 8 2015.pdf,with Puzur-Anna,"4. Here and in l.17 masr&dum, but in CCT 1, 31a:9, masridim < *masr-dum)."
AKT 8 2015.pdf,DUG GIG 3( GÍN / 15 !E,(For) 3 jars of wheat I paid
AKT 8 2015.pdf,á!-qúl 1 na-ru-uq,"3, shekels; (for) 1 sack"
AKT 8 2015.pdf,!E-im (erasure) 3 GÍN á!-qúl,of barley 3 shekels;
AKT 8 2015.pdf,1# GÍN a-na UDU,1'  shekel for a sheep;
AKT 8 2015.pdf,# GÍN a-qá-nu-e,' shekel I paid for reed
AKT 8 2015.pdf,a-na bi-lá-tim e-%é,I paid for a few loads
AKT 8 2015.pdf,1/6 GÍN a-Ì.NUN,1/6  shekel I paid for
AKT 8 2015.pdf,á!-qúl 1' GÍN,butter; 1'  shekel I paid
AKT 8 2015.pdf,a-na !E-im 2 DUG,for two jars of
AKT 8 2015.pdf,1* GÍN a-na 1 DUG,1/ shekel I paid
AKT 8 2015.pdf,GIG á!-qúl,for 1 jar of wheat;
AKT 8 2015.pdf,""" GÍN a-na e-%é",- shekel I paid for a few
AKT 8 2015.pdf,bi-lá-tim á!-qúl,loads of firewood.
AKT 8 2015.pdf,GÍN a-na !í-i'-ri-im !a pu-ki-/im,"I paid 4 shekels for a scarf of p+ku-weave,"
AKT 8 2015.pdf,"1"" GÍN a-na e-re-qi-im qá-nu-e",1- shekel for a wagonload of reed;
AKT 8 2015.pdf,á!-qúl  1( GÍN a-sú-ba-ri-im á!-qúl,I paid 1. shekel for sub&rum;
AKT 8 2015.pdf,""" ma-na  KÙ.B. a-na  a-bar-ni-im","I paid - mina of silver for an Abarnian textile,"
AKT 8 2015.pdf,á!-qúl  1/6 GÍN a-na  um-%í-im,"1/6 shekel for a piece of dried meat,"
AKT 8 2015.pdf,* GÍN a-!u-um-ki [ x x x ],"/ shekel for onions, [ x shekels for]"
AKT 8 2015.pdf,°x¿ na-ru-uq : *G[IG x x x x],[x] bags of wheat ......;
AKT 8 2015.pdf,rev.  [x x] *GÍ[N a-na .........],[I paid .............] shek[els for]
AKT 8 2015.pdf,*a-wa-ar-nu-a-lim  ( GÍN a-na,for a ..........; I paid  . shekel for
AKT 8 2015.pdf,e-%é  á!-qúl ( GÍN a-pá-e,firewood; . shekels I paid
AKT 8 2015.pdf,ú-!a-qi-il5 1 bi-il5-té-en,"for chaff, for a double load"
AKT 8 2015.pdf,# GÍN á!-qúl  * GÍN a-na,I paid ' shekel; / shekel for the
AKT 8 2015.pdf,* GÍN.TA ù 7 # !E.TA,"at  52' grains (of silver) each,"
AKT 8 2015.pdf,#  GÍN a-na [ x x x x ],' shekel for ........
AKT 8 2015.pdf,10’  1/6  GÍN a-n[a x x x x],1/6 shekel for ....
AKT 8 2015.pdf,a-na [ x x x x],for ................
AKT 8 2015.pdf,"(saddle) bag (consisting of two half-packs, muttatum), as carried by a donkey.",7’. See for the blacksmith also *326:6 and *329:3.
AKT 8 2015.pdf,i-nu-mì  !a-ap-li-i ha-mu!-tim,During the bottom end of the week-eponymy
AKT 8 2015.pdf,1*  GÍN a-na UDU ( GÍN 15  !E /,"1/ shekel for a sheep; , shekel for 3 double"
AKT 8 2015.pdf,"bi4-il5-té-en "" GÍN 15 !E   [ a-na",loads <of firewood>; 5/12 shekel for
AKT 8 2015.pdf,a-na  um-%í-im  1(  GÍN a-na,dried meat; 1. shekel for
AKT 8 2015.pdf,Ì.NUN  2# GÍN a-na UDU i-nu-mì,butter; 2' shekels for a sheep at the time
AKT 8 2015.pdf,1# GÍN a-na  pá-!u-re  ù      [ li-ma-ni,of our eponymy; 1' shekel for tables and
AKT 8 2015.pdf,ha-!a-le  22#  !E  a-kà-ni-im,...........; 22 '  grains for  a pot-stand?
AKT 8 2015.pdf,!a  IGI  ku-sí-im  1# GÍN,which is in front of the chair; 1' shekel
AKT 8 2015.pdf,a-na  e-%é  !a  ni-ib-sí-im,for wood of the  ...........;
AKT 8 2015.pdf,2(  GÍN a-na-ru-uq  !E-im,2. shekels for a sack of barley;
AKT 8 2015.pdf,GÍN a-na  2  DUG  GIG,2 shekels for two jars of wheat
AKT 8 2015.pdf,""" GÍN 15  !E  a-na  3",5/12 shekels paid for 3
AKT 8 2015.pdf,bi4-lá-tim  e-%é  !a-qí-il5,loads of firewood;
AKT 8 2015.pdf,1# GÍN a-na  4  ki-ra-tim,1' shekel I paid for 4 jars of beer;
AKT 8 2015.pdf,á!-qúl  2  DUG  GIG  2 1/6  GÍN,(for) 2 jars of wheat 2 1/6 shekels;
AKT 8 2015.pdf,"DUG  !E-um 2"" GÍN !a-qí-il5",(for) 2 jars of barley 2- shekels was
AKT 8 2015.pdf,i-ha-mu!-tim  á!-qúl,paid; I paid (it) during the week-eponymy.
AKT 8 2015.pdf,"2"" GÍN a-na-ru-uq  !E-im",I paid 2- shekels for a sack of barley
AKT 8 2015.pdf,"á!-qúl  2  DUG  GIG  2"" GÍN",barley; (for) 2 jars of wheat I paid 2-
AKT 8 2015.pdf,"á!-qúl  1"" GÍN 15  !E  a-na",shekels; I paid 1 shekel 75 grains for
AKT 8 2015.pdf,"bi4-lá-tim á!-qúl  "" GÍN",3 loads; - shekel for the grain
AKT 8 2015.pdf,a-ni-qí  !a  ú-'í-tim  e-pu-!u,offering that I made;
AKT 8 2015.pdf,# GÍN a-qá-nu-e  i-Wa-li-ba-ni,' shekel I paid for reed in Walibani;
AKT 8 2015.pdf,á!-qúl  #  na-ru-uq  !E-am,(for) ' sack of barley
AKT 8 2015.pdf,"2""  GÍN á!-qúl",I paid 2- shekels;
AKT 8 2015.pdf,DUG  GIG  3# GÍN á!-qúl,for 3 jars of wheat I paid 3' shekels;
AKT 8 2015.pdf,"1""? GÍN a-na UDU  1# GÍN",1-?  shekel for a sheep; 1' shekel
AKT 8 2015.pdf,e-%é  !a  ni-ib-sí-im,for firewood of  ..........  during the
AKT 8 2015.pdf,i-!a  Pár-kà  1/6 GÍN a-ni-i[b-sí-im]?*,festival of Parka; 1/6 shekel for ..........
AKT 8 2015.pdf,ma-na 3 GÍN,5 minas 3 shekels
AKT 8 2015.pdf,a-na  $a-lim-be-li,for !alim-b%li;
AKT 8 2015.pdf,3# ma-na URUDU a-na,3' minas of copper for
AKT 8 2015.pdf,a-na-ku  al-qé,I myself took;
AKT 8 2015.pdf,5/6 ma-na  a-na,5/6 mina for
AKT 8 2015.pdf,i-nu-mì A-mur-ZU,when Amur-Suen
AKT 8 2015.pdf,# ma-na  a-na,' mina I paid to
AKT 8 2015.pdf,"""  ma-na  5 GÍN",25 shekels for
AKT 8 2015.pdf,i-nu-mì  $u-Ku-bu-/um,when I invited
AKT 8 2015.pdf,ù  $ál-ma-A-/!ur,!u-K&bum and
AKT 8 2015.pdf,"!allim-A""""ur",2. The same man in *327:10.
AKT 8 2015.pdf,[KÙ.B. i]t-bu-lu,shekels [of silver];
AKT 8 2015.pdf,[x x x] 2 GÍN it-[ba-al/bu-lu],a/the .......cost 2 shekels;
AKT 8 2015.pdf,[ x x x]* 4 GÍN  x[ x x],.......  4  shekels .........
AKT 8 2015.pdf,[ x x] GÍN i[t-ba-al/bu-lu],[.....] cost [x] shekels
AKT 8 2015.pdf,a-na  e-*°x x x x],for .......... [x shekels];
AKT 8 2015.pdf,!E  a-!u-um-[ke],15 grain for onions;
AKT 8 2015.pdf,i-ha-mu-u!-tim,consumed/paid during/from
AKT 8 2015.pdf,"Restoring [KÙ.B.], because l. 9 mentions an amount expressed in grains.",12. Hamu!tum denotes either the (term of) office of a “week eponym” or a person’s “one fifth
AKT 8 2015.pdf,i-na 1 ma-na  KÙ.B.,From the 1 mina of silver
AKT 8 2015.pdf,!a a-na a-limki,which I had
AKT 8 2015.pdf,ú-!é-bi-lá-ni,"for making purchases,"
AKT 8 2015.pdf,!À.BA  ( ma-na,. mina silver
AKT 8 2015.pdf,KÙ.B.  a-na ik-ri-bi4-a,thereof will
AKT 8 2015.pdf,DUMU  Puzur4-I!tar,"son of Puzur-I""tar."
AKT 8 2015.pdf,[x]+8 ( GÍN,[x]+8. shekels
AKT 8 2015.pdf,K[Ù.B.] ![í-i]m,of silver is the price of
AKT 8 2015.pdf,AN.NA  TÚG.HI.A,"tin, textiles"
AKT 8 2015.pdf,7* GÍN KÙ.B.,The additions
AKT 8 2015.pdf,té-%ú-bu bi-il5-tám,amounted to  7/  shekels
AKT 8 2015.pdf,1# ma-na 2 [GÍN],For 1 mina 32 shekels
AKT 8 2015.pdf,i-'up-pì-im,he has been registered
AKT 8 2015.pdf,a-qá-tí-a  t[a-dí],you deposited as my share.
AKT 8 2015.pdf,!u-mì  Ku-ni-[lim],have been booked
AKT 8 2015.pdf,i-5 ku-ta-n[i? /T[A?]*,Of the 5 kut&nu-textiles each?
AKT 8 2015.pdf,!a É kà-ri-i[m],that they deposited
AKT 8 2015.pdf,i-dí-ú-ni  2 [TÚG !a?],"in the colonial office, 2 pieces"
AKT 8 2015.pdf,# TÚG  i-qá-[tí] Ku-n[i-lim],I will transfer ' textile
AKT 8 2015.pdf,"sold by his widow I""tar-lamass), cf. the comment on *210.","13-15. The reading !À is not fully certain, but makes sense."
AKT 8 2015.pdf,3# ma-na 7  GÍN  KÙ.B.,3 minas 37 shekels of silver
AKT 8 2015.pdf,qá-sú  !a  Ku-ni-lim,the share of K&n-ilum;
AKT 8 2015.pdf,# ma-n[a      ] GÍN  °KÙ.B.¿,4' minas [x] shekels
AKT 8 2015.pdf,a-ha-ma  *°x ma-na  KÙ.B.],separately; x [minas of silver]
AKT 8 2015.pdf,!í-im  9  °ku-ta-ni¿,the price of 9 kut&nu-textiles
AKT 8 2015.pdf,ù  2  !u-ru-tim,and 2 dark textiles.
AKT 8 2015.pdf,21(  ma-na  2  GÍN  KÙ.B.,21 minas 42 shekels of silver
AKT 8 2015.pdf,!í-im  AN.NA  ù  TÚG.HI.A,the price of tin and textiles that
AKT 8 2015.pdf,iz-ku-am  !a  É  I1-li1-[x x],"became available, of the house of Il)-[.........]."
AKT 8 2015.pdf,[ù] a-na-ku,"and I myself,"
AKT 8 2015.pdf,[lu né]-ta-wu,we will discuss
AKT 8 2015.pdf,[ha-m]u-u!-tum,the week eponymy of
AKT 8 2015.pdf,[!a] A-!ur-ba-ni,"of A""""ur-b$ni."
AKT 8 2015.pdf,[ha-m]u-u!-tim,the week eponymy
AKT 8 2015.pdf,[ù A¿-!ur-i!-ta-kál,"and A""""uri""-tikal"
AKT 8 2015.pdf,"mentions a single week eponym (A""""ur-b$ni, thus far only attested in Jena 353 = EL 42, A:6","//B:11), while lines 8-10 mention a double one, attested in KKS 16, during month VIII of year"
AKT 8 2015.pdf,me-at  !E-am  i-na,200 measures of barley -
AKT 8 2015.pdf,%í-im-dim  !a BU-TIM,by the 3-s+tu-measure of .... he himself
AKT 8 2015.pdf,a-lam  !u-ut-ma ú-ma-lá  i!-tí,will complement (it in?) the City - are
AKT 8 2015.pdf,me 50  BANE!  !E-am  i-na,250 3-s+tu-measures of barley -
AKT 8 2015.pdf,a-lam  !u-ut-ma  ú-ma-lá,he himself will complement  (it in?)
AKT 8 2015.pdf,i!-tí  A-ba-a,the city - are with Abaya.
AKT 8 2015.pdf,°42¿*  !E-am  i-na,"42? measures of barley,"
AKT 8 2015.pdf,!a BU-TIM i!-tí,"of ........, are with"
AKT 8 2015.pdf,me-at  4 BANE!  !E-am  i-na,104 3-s+tu-measures of barley -
AKT 8 2015.pdf,i!-tí  A-ba-a : a-né-ma,are with Abaya. He shall measure
AKT 8 2015.pdf,BANE!  !E-am  KI  E-wa-ar-nim,8 3-s+tu-measures of barley with Ewarnum;
AKT 8 2015.pdf,ki  !u-ut-ma,50 3-s+tu-measures of barley – he himself
AKT 8 2015.pdf,DUMU  $u-na-a,son of !un$ya.
AKT 8 2015.pdf,"........... D$n-A""""ur ........","104 The spelling excludes the adjective !apium, “thick”, used in OA of hides or fleeces and textiles (see"
AKT 8 2015.pdf,[x  ma]-na  1  GÍN  KÙ.B.,[x] mina(s) 1 shekel of silver
AKT 8 2015.pdf,[x  x]-A-!ur  DUMU  $a-lim-A-[x x],"[for ....]-A""""ur, son of !alim-A[.....];"
AKT 8 2015.pdf,[x+] 5  ma-na  URUDU  i-n[a],[x+]5 minas of copper by the
AKT 8 2015.pdf,[a-ba-a]n  ma-tim 1 GÍN  KÙ.[B],local weight; 1 shekel of silver
AKT 8 2015.pdf,[a-n]a  Ú-%ú-ur-!a-A-!ur,"for U+ur-""a-A""""ur,"
AKT 8 2015.pdf,[D]UMU Da-mu-ma 2 me-at LÁ 5 /,son of Damuma; 195 minas
AKT 8 2015.pdf,URUDU  a-na  Lu-lu            [ ma-na,of copper for Lullu.
AKT 8 2015.pdf,mì-ma  a-nim  a-hu-bu-ul,"All this A""""ur-""am"")"
AKT 8 2015.pdf,A-!ur-DÙG  A-!ur-dUTU!i,paid for the debt of
AKT 8 2015.pdf,GÍN  KÙ.B. °tù¿-dí-na-/ti[m],he bought for 17 shekels of silver
AKT 8 2015.pdf,a-na  A-!ur-[DÙG¿ i-dí-/in,"gave to A""""ur-#$b."
AKT 8 2015.pdf,a-ha-ma  2# ma-na,Separately 2' minas of silver
AKT 8 2015.pdf,KÙ.B. ku-nu-ki  !a  A-!ur-/dUTU!i,"under the seals of A""""ur-""am"")"
AKT 8 2015.pdf,i-na  KÙ.B. !a  e-pu-lu,Of the silver he paid
AKT 8 2015.pdf,[x +]2(  ma-na  KÙ.B.,[x+]2. minas of silver are
AKT 8 2015.pdf,[KI? A]-lá-bi4-im  DUMU  Ma-nu-a,"[with] Ali-abum, son of Manua,"
AKT 8 2015.pdf,[x  m]a-na  KI  Pá-na-kà,[x] minas with Panaka.
AKT 8 2015.pdf,[x+] 5 ma-na URUDU !í-im ki-ra-nim,"[x+]5 minas of copper, the price of"
AKT 8 2015.pdf,[x  x  k]à-!í-im  31#  ma-[na],"wine [for?] the official, 31' minas,"
AKT 8 2015.pdf,[!í-im  ki]-ra-nim  ú  *x [x  x],[price of] wine and ..........
AKT 8 2015.pdf,[x  x  x]-im *KI? DUMU  [x  x  x],.............are with the son of ...........
AKT 8 2015.pdf,[x  x  x  x]  URUDU KI [x  x  x],............. copper with ...............
AKT 8 2015.pdf,[                                ]-!a-lim  DUMU,".............................-""alim, son of"
AKT 8 2015.pdf,[                         Pu]zur4-I!tar  DUMU,".................... Puzur-I""tar, son of"
AKT 8 2015.pdf,[                 ] DUMU E-lá-ma  Hi-na-a,"............son of Elamma, Hinn$ya"
AKT 8 2015.pdf,"shown by Kt c/k 135:5, he must be Puzur-A""""ur, who served as week-eponym.","10’. Lullu could be the husband of I""tar-lamass), who figures in Ch. X."
AKT 8 2015.pdf,*[x] dí  x  bu  ni-i!-°a?-ma¿,[....] ............ we bought and
AKT 8 2015.pdf,1# ma-na KÙ.B.-kà,1' mina of your silver
AKT 8 2015.pdf,[ x] x KU BI  il5-qé-ú,[.........] of silver he took
AKT 8 2015.pdf,[x x x x] um-ma  !u-ut-m[a],[..............] he said:
AKT 8 2015.pdf,[ x x x x x x ] KÙ.B.,[.................] silver.
AKT 8 2015.pdf,#  ma-na 5  GÍN,35 shekels of tin
AKT 8 2015.pdf,a-na  Be-el-DÙG,I gave to B%l-#$b;
AKT 8 2015.pdf,hi-dim  a-na,4 beads I gave
AKT 8 2015.pdf,nu-a-im  a-dí-in,to the Anatolian;
AKT 8 2015.pdf,ma-na  5  GÍN  URUDU,6 minas 5 shekels of copper
AKT 8 2015.pdf,1( °ma¿-na  5  GÍN,1 mina 45 shekels
AKT 8 2015.pdf,IGI  [Me]-ra-lí,he gave me in the
AKT 8 2015.pdf,le.e. 4? ma-na  15 / GÍN,4? minas 15 shekels
AKT 8 2015.pdf,nu-ma-<lá>?,we will compensate.?
AKT 8 2015.pdf,"(hiddum < hindum) is shown by ARM 31, 287:5 (hi-id-di), alongside 9 hi-in-du GU!KIN in M.","10382:25 (ARM 32, p. 424). In OA the word is several times spelled hi-DIM, irrespective of its"
AKT 8 2015.pdf,"(courtesy Dercksen, 9 hi-DIM kaspim), and AKT 6-b, 511:4 (14 hi-DIM), and cf. hi-DAM in","AKT 6, 348:34. But we also meet the plural hidd+, in CCT 3, 29:26 and TC 1, 30:13 (in both"
AKT 8 2015.pdf,behind I made beads (hi-de8) for Ahaha».,5. This person occurs also in *103:18
AKT 8 2015.pdf,[                            ]-ma  a-%é-er,to the address of
AKT 8 2015.pdf,[                          ] ú-bi-il5,he brought
AKT 8 2015.pdf,[                    pí]-ri-kà-nu,pirikannu-textiles
AKT 8 2015.pdf,[                    ]x ù  a-ha-ma,and separately
AKT 8 2015.pdf,[2 pí-r]i-kà-an  ku-nu-ki-a,"2 pirikannu-textiles with my seals,"
AKT 8 2015.pdf,[a-nim a]-na A-!ur-e-nam,"to/for A""""ur-ennam ....."
AKT 8 2015.pdf,"A-!ùr-ba?-n[i]? / DUMU ""u-°x x]?","The father could be !u-I""tar, who occurs often in the archive of Elamma's brother Ali-ahum."
AKT 8 2015.pdf,"#nah-il$, presumably called after his grandfather, in AKT 1, 76A:11-12//B:3-4 and in Kt v/k","175:3-4, as holder of a be’#l$tu-loan from D&n-A""""ur (courtesy V. Donbaz). An #nah-il$ occurs"
AKT 8 2015.pdf,a-na E-lá-ma / KI!IB  I!tar-pí-lá-ah,The marks on the reverse the bulla show that it was attached to packet in the shape of a stringed
AKT 8 2015.pdf,[KI!IB x x]-i-dí  DUMU  Zu-za-ni[m],"Since –id% as predicate of a divine name is very rare - I know B(lum-id$, TC 3, 162:29,"
AKT 8 2015.pdf,"DINGIR-id%, ICK 1, 5:4 and AKT 1, 78:2, and Erra-id$, spelled E-ra-dí - the most likely","restoration, also proposed by Tunca, is [A""""ur]-id$, but I have been unable to find this man in"
AKT 8 2015.pdf,na-á!-pè-er-tu[m !a ............] / KI!IB A-!ur-i!-tí-kál °ù¿ / A-ta-a-a,"In the archive no letter written by these two men has been found. A""""uri""-tikal is the writer,"
AKT 8 2015.pdf,KI!IB Dan-A-![ur] / [DUMU x ] x-Sí-i[n],It is not clear to which of the two seals this statement refers. The beginning of the name of D&n-
AKT 8 2015.pdf,"filiation attested in ICK 2, 131:8, where the name is spelled Na-bi-Sú-en (cf.  ICK 1, 153:20,","spelled Na-áb-S[ú-en]). The spelling of the name of the moongod as Sí-in is a late phenomenon,"
AKT 8 2015.pdf,"Elamma functioned at least five times as week-eponym (hamu""tum), always as one of a",pair and his colleagues were: Zuba during months III and IV of year 84 and month I of year 89
AKT 8 2015.pdf,"(see *69:6-11 and below, text 9); ""u-K!bum, during month V of year 85; Kurub-I#tar (pres-","umably his business associate, see Introduction XL), during month VIII of year 92; and Puzur-"
AKT 8 2015.pdf,"senders was Iddin-I#tar, A##ur-n%d%’s son (l. 25). It mentions a debt-note him and a certain","Adad-&ul!l', which Hinn%ya’s sons took out of Elamma’s strong room."
AKT 8 2015.pdf,a-na  um-me-a-né E-lá-ma,To the investors of Elamma
AKT 8 2015.pdf,"ù  ""a  ki-ma  E-lá-ma","and Elamma’s representatives,"
AKT 8 2015.pdf,qí-bi-ma  um-ma,this is what
AKT 8 2015.pdf,"ù A-bu-""a-lim-ma",and Abu-#alim say:
AKT 8 2015.pdf,"ta-á""-pu-ra-nim  um-ma  a-tù-nu-/ma",“You wrote us as follows:
AKT 8 2015.pdf,a-ma-kam É E-lá-ma,"‘Over there, in Elamma’s house"
AKT 8 2015.pdf,ma-$a-ar-tám : pí-tí-a-ma,open the strong room and
AKT 8 2015.pdf,"lu  KÙ.B.  ma-lá  i-ba-""í-ú",put all silver and all copper
AKT 8 2015.pdf,"lu  URUDU : i-ba-""í  ku-un-kà-/ma",there is under seal and
AKT 8 2015.pdf,"En-um-A-""ur  ù A-bu-""a-lim",and Abu-#alim had
AKT 8 2015.pdf,ma-$a-ar-tám,(already) opened the strong
AKT 8 2015.pdf,ip-té-ú-ma  DUB-pá-am,room and taken
AKT 8 2015.pdf,"""a 12 ma-na  KÙ.B.","for 12 minas of silver,"
AKT 8 2015.pdf,"""a  hu-bu-ul",recording the debt of
AKT 8 2015.pdf,"dI""KUR-$ú-lu-li",Adad-&ul!l'  and
AKT 8 2015.pdf,"ù  I-dí-I""tar  DUMU A-""ur-na-/da","Iddin-I#tar, son of  A##ur-n%d%,"
AKT 8 2015.pdf,a-na  a-wa-at  um-me-a-né,‘We take this responsibility at the
AKT 8 2015.pdf,ma!-a$-a-ni: ki-ma,order of the investors!’ As soon
AKT 8 2015.pdf,ma-$a-ar-tám : ip-té-ú-/ni,as they had opened the strong room
AKT 8 2015.pdf,"ú-""é-ri-bu-ma","outsiders, enter (the house) and"
AKT 8 2015.pdf,"ú-""a-ak-ni-ku  ù ""u-/nu",seal it (again) and they themselves
AKT 8 2015.pdf,"ki-ma ku-nu-ke ""a A-""ur-DÙG ù",Since they had broken the seals
AKT 8 2015.pdf,"""a A-""ur-$ú-lu-li",of A##ur-(%b and A##ur-&ul!l'
AKT 8 2015.pdf,"ip-té-ú-ni : a-""u-mì-ku-/nu",we became afraid for your sake
AKT 8 2015.pdf,ni-ip-lá-ah-ma,and we did not open
AKT 8 2015.pdf,ma-$a-ar-tám : lá ni-ip-/té,the strong room (again).
AKT 8 2015.pdf,"a-na  ""a-a-li-ku-/nu",We wrote this letter
AKT 8 2015.pdf,"ni-i""-pu-ra-am",to ask your instructions.
AKT 8 2015.pdf,"i-na  ""a-am-""í","Let, as soon as your hear"
AKT 8 2015.pdf,"DUB-pì-ni  ta-""a-me-/a-ni","this letter of ours, an instruction"
AKT 8 2015.pdf,le.e  té-er-ta-ak-nu  li-li-kam-ma,of yours arrive here then
AKT 8 2015.pdf,ma-$a-ar-tám  lu ni-ip-té,we will open the strong room.
AKT 8 2015.pdf,$ú-ha-ru  lá  i-sà-hu-ru,The boys must not tarry.
AKT 8 2015.pdf,"I-dí-A-""ur ú A-""ur-ba-ni  u4-ma-kál",Do not cause Iddin-A##ur and A##ur-b%ni
AKT 8 2015.pdf,"investors, tried to get access to his strong room in apparently un-coordinated actions. But while","the instruction sent to the writers of our letter, quoted in lines 8-13, was comprehensive, to take"
AKT 8 2015.pdf,cording to *4 Elamma had also invested in Hinn%ya’s joint-stock capital).,"That Elamma’s strong room already had been opened “before Ilabrat-b%ni, Ennam-A##ur"
AKT 8 2015.pdf,"GÚ AN.NA ""a  Hi-na-[a]",Four talents of tin of Hinn%ya
AKT 8 2015.pdf,i-na É  Hi-na-a  E-lá-ma,Elamma and A##ur-n%d%
AKT 8 2015.pdf,i-zu-zu-ma 1 GÚ 20 ma-na,house and 1 talent 20 minas
AKT 8 2015.pdf,AN.NA  E-lá-ma il5-qé,"of tin Elamma took,"
AKT 8 2015.pdf,GÚ 22 ma-na AN.NA,1 talent 22 minas of tin
AKT 8 2015.pdf,"A-""ur-na-da  il5-qé","A##ur-n%d% took,"
AKT 8 2015.pdf,GÚ 20 ma-na AN.NA qá-sú,"1 talent 20 minas of tin,"
AKT 8 2015.pdf,"A-""ur-na-da  ù  A-""ur-dan?",A##ur-n%d% and A##ur-d%n
AKT 8 2015.pdf,a-na Dur5-hu-mì-it  a-$é-er,"sent to Durhumit, to the"
AKT 8 2015.pdf,"Kàr-wa-a  ú-""é-bi4-lu",address of Karw%ya.
AKT 8 2015.pdf,"a-bi-""u : i-zi-iz",assisted his father.
AKT 8 2015.pdf,Hi-na-a : a-lam : im-hu-ur-/[m]a,Hinn%ya appealed to the City
AKT 8 2015.pdf,ra-bi4-$a-am  e-hu-úz-/ma,and contracted an attorney
AKT 8 2015.pdf,"DUB-pá-am  ""a dí-in",and (got) a tablet with a verdict of the City
AKT 8 2015.pdf,a-limki  lu za-iz : AN.NA,(stating): ‘Whoever got a share of
AKT 8 2015.pdf,"""a Hi-na-a  lu  DUMU a-wi-lim","Hinn%ya’s tin, either the son of the"
AKT 8 2015.pdf,"lu  a-""a-at  a-wi-lim","gentleman, or his wife,"
AKT 8 2015.pdf,"lu kà-$a-ru-um  lu ""a  i-re-è""","or a harnesser, or who had assisted"
AKT 8 2015.pdf,a-wi-lim  i-zi-zu,"the gentleman, or who heard"
AKT 8 2015.pdf,"ba-áb : né-be-ri-""u : i""-me-ú","when he was about to die <must testify>’,"
AKT 8 2015.pdf,"a-na  kà-ri-im  Kà-ni-i""",(that tablet) he brought to the Kanesh
AKT 8 2015.pdf,ub-lam-ma  a-ma-lá  DUB-pì-im,"colony, whereupon the Kanesh colony,"
AKT 8 2015.pdf,"""a a-limki  kà-ru-um",in accordance with the tablet of
AKT 8 2015.pdf,"Kà-ni-i"" : i-dí-ni-a-tí-ma","the City, made us take the stand and"
AKT 8 2015.pdf,"A-""ur-na-da  ""a AN.NA","we – A##ur-n%d%, who had divided the"
AKT 8 2015.pdf,"i""-tí  E-lá-ma  i-zu-zu","tin together with Elamma,"
AKT 8 2015.pdf,"ú A-bu-""a-lim  DUMU E-lá-ma","and Abu-#alim, Elamma’s son,"
AKT 8 2015.pdf,"""a  i-re-è""  a-bi4-""u",who had assisted
AKT 8 2015.pdf,i-zi-zu IGI GÍR,his father - before A##ur’s
AKT 8 2015.pdf,"""a A-""ur  ""í-bu-tí-ni",dagger we gave
AKT 8 2015.pdf,le.e. ni-dí-in,our testimony.
AKT 8 2015.pdf,From a letter of Hinn%ya to P!#u-k$n.,"“4 talents of tin and its extras (u itrassu) of the caravan of A##ur-takl%ku, Elamma, A##ur-n%d%"
AKT 8 2015.pdf,"14-15. ""ali""tum ""attum / a-lá-qá : AN.NA : MU. 5.""È is difficult, but if we assume that “5 years”","qualifies the preceding “tin”, it could mean that already 3 years of the period of 5 years, for"
AKT 8 2015.pdf,"text 4 he asks, together with A##ur-d%n (cf. text 2:10) and P!#u-k$n, presumably at Hinn%ya’s","behest, the other two debtors, A##ur-n%d% and Elamma’s son Abu-#alim for the silver they owe."
AKT 8 2015.pdf,"d%n, in text 2, apparently in Kanesh, cooperates with Elamma and A##ur-n%d% in sending Kar-","w%ya’s tin to Durhumit and in text 4, in a letter also addressed to him, Hinn%ya regrets that he"
AKT 8 2015.pdf,had not sent A##ur-d%n after his debtors much earlier to dun them. A##ur-d%n’s common name,"and the lack of a patronym make it difficult to identify him, but he probably is the son of ""alim-"
AKT 8 2015.pdf,"Kar-wa-a ù Pu-""u-ke-en6",Karw%ya and P!#u-k$n:
AKT 8 2015.pdf,qí-bi-ma : a-na  KÙ.B.,“For the silver
AKT 8 2015.pdf,"""a  AN.NA ""a li-bi4","of the tin, which is owed"
AKT 8 2015.pdf,E-lá-ma : ù a-na,"by Elamma, and for"
AKT 8 2015.pdf,"ma-na-e : ""a  a-[ x x]","the 10 minas, which ..... ...,"
AKT 8 2015.pdf,"""a  tám-kà-ar [ x x x ]",which the agent ........
AKT 8 2015.pdf,a-ma-lá  dí-in,In accordance with the verdict
AKT 8 2015.pdf,"kà-ri-im K[à-n]i-i""",of the plenary Kanesh
AKT 8 2015.pdf,DUB.SAR i$-b[a-a]t-ni-a-tí-ma,"the scribe, seized us"
AKT 8 2015.pdf,né-ru-ub-ma : ku-nu-ki,Elamma’s house and
AKT 8 2015.pdf,"""a ma-ak-na-ki-im",broke the seals of the
AKT 8 2015.pdf,"ni-i""-[ru]-ma : i-na",sealed room and we
AKT 8 2015.pdf,ma-ak-na-ki-im,we left (them) in the
AKT 8 2015.pdf,A-ku-ú-a DUMU B[a-z]i-a,"Ak!a, son of B[aziya]"
AKT 8 2015.pdf,il-qé IGI Ma-sà-a,took. Witnessed by
AKT 8 2015.pdf,"DUMU A-""ùr-ni-im-ri","Masaya, son of A##ur-nimr',"
AKT 8 2015.pdf,DUMU Bu-zu-zi-im,"son of Buzuzum,"
AKT 8 2015.pdf,KÙ.B. $a-ru-pá-am,refined silver
AKT 8 2015.pdf,"<<""a E-lá-ma>>",<<of Elamma>>
AKT 8 2015.pdf,"""u-ma  ú-da-pí-ir",If he disappears
AKT 8 2015.pdf,GÍN.TA : i-na ITU./KAM,he will add 1 shekel of silver
AKT 8 2015.pdf,ina ITU.KAM-im on the envelope) For this reason its text is not repeated here (note that the,"The debt matured after about half a year, which is not unusual for agents who acquire mer-"
AKT 8 2015.pdf,"A letter written by Elamma to A##ur-n%d%, the trader whose archive has been reconstructed by","Larsen in OAA 1, where its transliteration can be found. My edition follows some but not all of"
AKT 8 2015.pdf,"«Thus Elamma, say to A##ur-n%d%, Iddin-abum and A##ur-lamass', in particular to A##ur-","lamass': ‘As for my tin, which you brought up here from the City, send me word about where"
AKT 8 2015.pdf,AN.NA-ki at the end of l. 20) was entrusted (for transport or given on consignment?) have to be,reminded of the names of those who had witnessed this. In l. 18 the combination –ma ù is un-
AKT 8 2015.pdf,ma-na KÙ.B. $a-ru-pá-/am,"6 minas of refined silver,"
AKT 8 2015.pdf,"GÍN ""a-du-a-sú","6 shekels his transport-fee,"
AKT 8 2015.pdf,"DUMU A-""ur-dan áp-qí-id",the son of A##ur-d%n.
AKT 8 2015.pdf,"IGI A-""ur-na-da!(ID)","In the presence of A##ur-n%d%,"
AKT 8 2015.pdf,"DUMU A-""ur-i-dí IGI  Zu-ba","son of A##ur-id', and of  Zuba."
AKT 8 2015.pdf,"""í-im AN-NA-ki-kà",(It is) the price of your tin
AKT 8 2015.pdf,ma-na KÙ.GI,"5 minas of gold,"
AKT 8 2015.pdf,"ú  ""a-du-a-sú  <""a-bu>","and its transport-fee <paid>,"
AKT 8 2015.pdf,"a-na  ""í-a-ma-tim",brought away for making
AKT 8 2015.pdf,ú-bi?-il5  GÁN-lam,purchases. It will travel overland
AKT 8 2015.pdf,"a-""u-mì-<""u>-nu-ma i-tí-/iq","at their expense, (for)"
AKT 8 2015.pdf,"KÙ  ""a  qí-ip-tí-""u-nu",it is money of their trust.
AKT 8 2015.pdf,"IGI  A-""ùr-na-da!(ID)","In the presence of A##ur-n%d%,"
AKT 8 2015.pdf,"DUMU  A-""ur-i-dí","son of A##ur-id',"
AKT 8 2015.pdf,IGI  Ás-qú-dim,and of Asq!dum.
AKT 8 2015.pdf,"A letter presumably written from Assur by A##ur-ka#id to A##ur-n%d% and Zikur-il', in which he","quotes a «caravan account» the addressees had sent him, dealing with a shipment of two donkey"
AKT 8 2015.pdf,"A letter addressed by A##ur-id' to Ali-ahum, Elamma, P!#u-k$n and A##ur-takl%ku (A##ur-id''s","youngest son), in which he asks them to intercede for him with the (Kanesh) colony to obtain"
AKT 8 2015.pdf,"had to be divided, I assume that Hinn%ya was a participant in a caravan lead by Ali-ahum. That","Hinn%ya sent merchandise to Anatolia with such a joint caravan is suggested by BIN 4, 19"
AKT 8 2015.pdf,"P!#u-k$n, Iddin-abum and A##ur-&ul!l' (from) where they are with you. (21) Break their earlier","seals, take cognizance of them (litammad#) and put the seals (25) you will break inside (the"
AKT 8 2015.pdf,"contacts is clear from letter *91, addressed by Iddin-abum to Hinn%ya and Elamma, in which he",asks them to collect a debt owed to him by Ellil-b%ni and which mentions a debt owed by Iddin-
AKT 8 2015.pdf,"A letter of Hinn%ya to P!#u-k$n and +nah-il', where we read:","”As for the silver, the 15) minas of Kukkul%num, (5) which Elamma has been ordered to pay, if"
AKT 8 2015.pdf,"In a letter of Hinn%ya to L%-q$pum, P!#u-k$n and I#tar-pilah:","”4 minas 34 7/12 shekels (5) of refined silver Ibni-il' owes to ""alim-ahum. When Elamma's"
AKT 8 2015.pdf,"term is due (10) and he pays,  he (Ibni-il')  too shall pay”. Lines  12-20 mention another debt,","owed by Pilah-A##ur to ""alim-ahum, dated to the year REL 80,"
AKT 8 2015.pdf,"A letter to Elamma and A!!ur-n""d"" from Amur-I!tar and K#n-ilum:","“13 minas of refined silver under our seals, which is Hinn""ya’s temple fund (ikrib!), Iddin-I!tar"
AKT 8 2015.pdf,"After mentioning a shipment which is “mine” (probably referring to Ali-ahum), lines 11b-13","mention “1 talent [x minas] / of tin, 2 textiles its [wrapping] /  belonging to Elamma”."
AKT 8 2015.pdf,A!!ur and $u-I!tar.,"c) 93/k 293, a letter to Ali-ahum and Ennam-Adad by Elamma and A!!ur-m""lik, in which"
AKT 8 2015.pdf,"e) 93/k 331, a letter to Ali-ahum, Elamma and L""-q%p by A!!ur-b%l-aw""tim and Buzuliya","dealing with a certain Enn""num, who has probably died (his death is also the subject of Kt 93/k"
AKT 8 2015.pdf,"authorizes Amur-I!tar and A!!ur-n""d"" to take this action.","25. Texts in the archive of Ali-ahum, son of A!!ur-m""lik (Kt c/k)"
AKT 8 2015.pdf,"A!!ur-m""[lik]”.","g) c/k 795:14, “3 textiles Elamma”, in a list of textiles with the subscript “In all 100 dark"
AKT 8 2015.pdf,"ICK 1, 181:5, in a list about the distribution of bread (NINDA), “x breads Elamma“,","followed by breads for Puzur-A##ur and for Kurub-I#tar, son of Ali-ahum;"
AKT 8 2015.pdf,Imd'-ilum and Puzur-A##ur.,"33. BIN 6, 222 rev. 9', Elamma, witness to an undated testament of Amur-I#tar concerning his"
AKT 8 2015.pdf,DUMU Puzur4-[I!tar],"15A,113A  Ga-zu-um; seal of !u-"
AKT 8 2015.pdf,A-!ur-dUTU!i / DUMU,"""u-A-nim, seal of Sula"
AKT 8 2015.pdf,"!ama$  or Pilah-I$tar,",son of Ibisua; see CS
AKT 8 2015.pdf,"seal of Iddin-Adad,",son of A$$ur-'#b
AKT 8 2015.pdf,son of M%$a/ur-rabi,"seal of Il%-n#d#, son of"
AKT 8 2015.pdf,"sealof Ennam-A$$ur, son",of  U)#riya
AKT 8 2015.pdf,inscr.: ........ / DUMU,"A/Ku?-da-[a]?, seal of"
AKT 8 2015.pdf,"seal of A$$ur-b(l-aw#tim,",son of Zuba
AKT 8 2015.pdf,of *#b-)illi-A$$ur,490                             XXIV. SEALS AND SEALERS – LIST OF SEALERS
AKT 8 2015.pdf,"A-!ùr-i-[dí?],  used by","Ak""a, son of A$$ur-id%"
AKT 8 2015.pdf,Da-mu / !a  me-ku-um /,"i-ra-mu-![u],  seal of"
AKT 8 2015.pdf,"seal of Ik""n-p%-A$$ur,",son of Ennam-A$$ur
AKT 8 2015.pdf,A-ga-zi seal of L#-q(pum,son of Ellil-b#ni
AKT 8 2015.pdf,"standardized (e.g. I-dí-Aßßur > Iddin-Aßßur, En-na-Suen > Ennam-Suen, etc.). Data on the","spelling of the names, occurrences of the seals on other texts (for which I gratefully used the"
AKT 8 2015.pdf,[A!!ur-!am!$ s #u-Anum,s. of Sula 115
AKT 8 2015.pdf,s A!!ur-id$,seal inscr
AKT 8 2015.pdf,"* CS 77 was also used by Hanana’s brother, A((ur-tukult#, as judge, as seal A on Kt 86/k 175.",SEALS AND SEALERS – LIST OF SEALERS
AKT 8 2015.pdf,s. Ú?-me-a-x,seal inscr
AKT 8 2015.pdf,s. #u-Hubur,witness     64:1;115:3
