id,transliteration,translation
0,a-šu-um KÙ.GI ša wa-ar-di-ni a-na É.GAL-lim u-šé-bi-lu a-na-kam áš-me,"Concerning the gold that our slave sent to the palace, I have heard about it here."
1,iš-tù a-lim(ki) a-na É.GAL-lim a-li-ik-ma TÚG.HI.A ba-qí-ir,Go from the City to the palace and claim the textiles.
2,ru-ba-im me-et ú ni-kà-sú-šu sà-ah-ú,"The king is dead, and his accounts are in a mess."
3,1 GÍN TÚG.HI.A i-na bu-ru-uš-ha-tum a-na wa-ar-di-ni áš-qúl,I paid 1 shekel of textiles to our slave in Burushhattum.
4,um-ma ši-ip-ri-ni-ma a-na da-a-a-nu-um qí-bi-ma,Thus says our messenger: Speak to the judge:
5,iš-tù ha-hi-im a-na É.GAL-lim a-li-ik-ma KÙ.GI ba-qí-ir,Go from Hahhum to the palace and claim the gold.
6,a-šu-um ṭup-pám ša DAM.GÀR a-na bu-ru-uš-ha-tum u-šé-bi-lu a-na-kam áš-me,"Concerning the tablet that merchant sent to Burushhattum, I have heard about it here."
7,ṭup-pám ša wa-ar-di-ni a-mur-ma kà-ni-kám šé-bi-lam,Examine the tablet of our slave and send the sealed document.
8,ṭup-pám ša ru-ba-im a-mur-ma KÙ.BABBAR šé-bi-lam,Examine the tablet of the king and send the silver.
9,a-wi-lúm a-wi-lam i-na ha-hi-im ú-kà-al,One man is holding the other in Hahhum.
10,2 bi-lá-tim URUDU dam-qám i-na bu-ru-uš-ha-tum a-na a-wi-lim áš-qúl,I paid 2 talents of fine copper to the boss in Burushhattum.
11,ki-ma Pú-zur4-A-šur me-tù-ni a-ha-tí-kà AN.NA i-ki-mu-ni,"When Puzur-Ashur died, your sister deprived me of the tin."
12,a-wi-lúm a-wi-lam i-na bu-ru-uš-ha-tum ú-kà-al,One man is holding the other in Burushhattum.
13,ši-ip-ri-ni me-et ú ni-kà-sú-šu sà-ah-ú,"Our messenger is dead, and his accounts are in a mess."
14,lu-qú-tum a-na a-lim(ki) e-ru-ub-ma ma-ṣa-ru ni-is-ha-tum i-lá-qé,"The merchandise entered the City, and the guards will take the deduction-taxes."
15,a-ma-kam <gap> ša-e-il5-ma té-er-ta-kà li-li-kam,Question <gap> there and let your instruction come to me.
16,lu-qú-tum a-na a-lim(ki) e-ru-ub-ma DAM.GÀR ni-is-ha-tum i-lá-qé,"The merchandise entered the City, and the merchant will take the deduction-taxes."
17,a-na ma-ṣa-ru qí-bi-ma um-ma a-hu-a-ma,Speak to the guards: thus says my brother.
18,ṭup-pám ša <gap> a-mur-ma kà-ni-kám šé-bi-lam,Examine the tablet of <gap> and send the sealed document.
19,um-ma da-a-a-nu-um-ma a-na ma-ṣa-ru qí-bi-ma,Thus says the judge: Speak to the guards:
20,10 ma-na ŠE a-na ši-ip-ri-ni di-in-ma šé-bi-lam,Give 10 minas of grain to our messenger and send it to me.
21,<gap> a-na hu-bu-li-šu i-ta-wa-ar-ma in-ta-bi-it,"<gap> was overwhelmed by his debts, and he fled."
22,tí-ib-ma a-lik-ma KÙ.BABBAR ša-áṣ-bi-sú,"Arise, go, and make him deposit the silver."
23,2 bi-lá-tim AN.NA i-na wa-ah-šu-ša-na a-na DAM.GÀR áš-qúl,I paid 2 talents of tin to the merchant in Wahshushana.
24,a-šu-um kà-ni-kám ša <gap> a-na a-lim(ki) u-šé-bi-lu a-na-kam áš-me,"Concerning the sealed document that <gap> sent to the City, I have heard about it here."
25,šu-ma a-hu-a URUDU dam-qám lá u-šé-bi-lam a-na kà-ri-im a-ša-par,"If my brother does not send the fine copper to me, I will write to the colony."
26,a-na a-wi-lim qí-bi-ma um-ma a-ha-tí-kà-ma,Speak to the boss: thus says your sister.
27,ki-ma a-hu-a me-tù-ni DAM.GÀR kà-ni-kám i-ki-mu-ni,"When my brother died, the merchant deprived me of the sealed document."
28,a-na <gap> qí-bi-ma um-ma a-hu-a-ma,Speak to <gap>: thus says my brother.
29,iš-tù kà-ni-iš a-na a-lim(ki) a-li-ik-ma URUDU dam-qám ba-qí-ir,Go from Kanesh to the City and claim the fine copper.
30,ṭup-pám ša DAM.GÀR a-mur-ma <gap> šé-bi-lam,Examine the tablet of the merchant and send the <gap>.
31,2 bi-lá-tim <gap> a-na A-šur-na-da di-in-ma šé-bi-lam,Give 2 talents of <gap> to Ashur-nada and send it to me.
32,1 ma-na kà-ni-kám i-na kà-ri-im a-na ši-ip-ri-ni áš-qúl,I paid 1 mina of the sealed document to our messenger in the colony.
33,Pú-zur4-A-šur me-et ú ni-kà-sú-šu sà-ah-ú,"Puzur-ashur is dead, and his accounts are in a mess."
34,1 ma-na KÙ.BABBAR i-na kà-ri-im a-na ru-ba-im áš-qúl,I paid 1 mina of silver to the king in the colony.
35,a-šu-um AN.NA ša A-šur-na-da a-na wa-ah-šu-ša-na u-šé-bi-lu a-na-kam áš-me,"Concerning the tin that Ashur-nada sent to Wahshushana, I have heard about it here."
36,A-šur-na-da a-na hu-bu-li-šu i-ta-wa-ar-ma in-ta-bi-it,"Ashur-nada was overwhelmed by his debts, and he fled."
37,1/3 ma-na TÚG.HI.A a-na a-wi-lim di-in-ma šé-bi-lam,Give one-third of a mina of textiles to the boss and send it to me.
38,a-na <gap> qí-bi-ma um-ma wa-ar-di-ni-ma,Speak to <gap>: thus says our slave.
39,a-wi-lúm a-wi-lam i-na É.GAL-lim ú-kà-al,One man is holding the other in the palace.
40,1 GÍN lu-qú-tám a-na um-mì-a di-in-ma šé-bi-lam,Give 1 shekel of merchandise to my mother and send it to me.
41,1 GÍN KÙ.GI a-na ru-ba-im di-in-ma šé-bi-lam,Give 1 shekel of gold to the king and send it to me.
42,a-wi-lúm a-wi-lam i-na kà-ni-iš ú-kà-al,One man is holding the other in Kanesh.
43,šu-ma Pú-zur4-A-šur kà-ni-kám lá u-šé-bi-lam a-na ha-hi-im a-ša-par,"If Puzur-Ashur does not send the sealed document to me, I will write to Hahhum."
44,lu-qú-tum a-na <gap> e-ru-ub-ma A-šur-na-da ni-is-ha-tum i-lá-qé,"The merchandise entered <gap>, and Ashur-nada will take the deduction-taxes."
45,1 me-at URUDU dam-qám i-na wa-ah-šu-ša-na a-na a-bi-a áš-qúl,I paid 100 units of fine copper to my father in Wahshushana.
46,a-ma-kam a-bi-a ša-e-il5-ma té-er-ta-kà li-li-kam,Question my father there and let your instruction come to me.
47,a-na a-hu-a šu-a-tí lá ta-ta-kà-al KÙ.GI i-kà-al,"Do not trust that my brother, he will embezzle the gold."
48,ṭup-pám ša DAM.GÀR a-mur-ma KÙ.BABBAR šé-bi-lam,Examine the tablet of the merchant and send the silver.
49,a-šu-um ŠE ša um-mì-a a-na É.GAL-lim u-šé-bi-lu a-na-kam áš-me,"Concerning the grain that my mother sent to the palace, I have heard about it here."
50,a-šu-um AN.NA ša a-ha-tí-kà a-na É DAM.GÀR u-šé-bi-lu a-na-kam áš-me,"Concerning the tin that your sister sent to the merchant's house, I have heard about it here."
51,1/3 ma-na ŠE a-na ma-ṣa-ru di-in-ma šé-bi-lam,Give one-third of a mina of grain to the guards and send it to me.
52,lu-qú-tum a-na É DAM.GÀR e-ru-ub-ma a-ha-tí-kà ni-is-ha-tum i-lá-qé,"The merchandise entered the merchant's house, and your sister will take the deduction-taxes."
53,ṭup-pám ša ši-ip-ri-ni a-mur-ma URUDU dam-qám šé-bi-lam,Examine the tablet of our messenger and send the fine copper.
54,iš-tù É DAM.GÀR a-na kà-ri-im a-li-ik-ma KÙ.BABBAR ba-qí-ir,Go from the merchant's house to the colony and claim the silver.
55,um-ma kà-ru-um wa-ah-šu-ša-na-ma a-na ru-ba-im qí-bi-ma,Thus says the Wahshushana colony: Speak to the king:
56,šu-ma Pú-zur4-A-šur AN.NA lá u-šé-bi-lam a-na wa-ah-šu-ša-na a-ša-par,"If Puzur-Ashur does not send the tin to me, I will write to Wahshushana."
57,um-ma ši-ip-ri-ni-ma a-na DAM.GÀR qí-bi-ma,Thus says our messenger: Speak to the merchant:
58,um-ma DAM.GÀR-ma a-na a-hu-a ú um-mì-a qí-bi-ma,Thus says the merchant: Speak to my brother and my mother:
59,iš-tù a-lim(ki) a-na wa-ah-šu-ša-na a-li-ik-ma lu-qú-tám ba-qí-ir,Go from the City to Wahshushana and claim the merchandise.
60,ki-ma a-bi-a me-tù-ni wa-ar-di-ni KÙ.GI i-ki-mu-ni,"When my father died, our slave deprived me of the gold."
61,a-ha-tí-kà a-na hu-bu-li-šu i-ta-wa-ar-ma in-ta-bi-it,"Your sister was overwhelmed by his debts, and he fled."
62,um-ma kà-ru-um a-lim(ki)-ma a-na A-šur-na-da qí-bi-ma,Thus says the City colony: Speak to Ashur-nada:
63,lu-qú-tum a-na kà-ri-im e-ru-ub-ma DAM.GÀR ni-is-ha-tum i-lá-qé,"The merchandise entered the colony, and the merchant will take the deduction-taxes."
64,1 GÍN ṭup-pám a-na um-mì-a di-in-ma šé-bi-lam,Give 1 shekel of the tablet to my mother and send it to me.
65,iš-tù kà-ni-iš a-na É.GAL-lim a-li-ik-ma KÙ.GI ba-qí-ir,Go from Kanesh to the palace and claim the gold.
66,a-ma-kam wa-ar-di-ni ša-e-il5-ma té-er-ta-kà li-li-kam,Question our slave there and let your instruction come to me.
67,lu-qú-tum a-na kà-ri-im e-ru-ub-ma ru-ba-im ni-is-ha-tum i-lá-qé,"The merchandise entered the colony, and the king will take the deduction-taxes."
68,2 bi-lá-tim TÚG.HI.A i-na bu-ru-uš-ha-tum a-na DAM.GÀR áš-qúl,I paid 2 talents of textiles to the merchant in Burushhattum.
69,um-ma wa-ar-di-ni-ma a-na ma-ṣa-ru qí-bi-ma,Thus says our slave: Speak to the guards:
70,ki-ma Pú-zur4-A-šur me-tù-ni A-šur-na-da ŠE i-ki-mu-ni,"When Puzur-Ashur died, Ashur-nada deprived me of the grain."
71,ki-ma um-mì-a me-tù-ni Pú-zur4-A-šur KÙ.GI i-ki-mu-ni,"When my mother died, Puzur-Ashur deprived me of the gold."
72,um-ma a-ha-tí-kà-ma a-na da-a-a-nu-um ú a-wi-lim qí-bi-ma,Thus says your sister: Speak to the judge and the boss:
73,DAM.GÀR a-na hu-bu-li-šu i-ta-wa-ar-ma in-ta-bi-it,"The merchant was overwhelmed by his debts, and he fled."
74,ki-ma da-a-a-nu-um me-tù-ni A-šur-na-da TÚG.HI.A i-ki-mu-ni,"When the judge died, Ashur-nada deprived me of the textiles."
75,um-ma ma-ṣa-ru-ma a-na Pú-zur4-A-šur ú a-hu-a qí-bi-ma,Thus says the guards: Speak to Puzur-Ashur and my brother:
76,a-ma-kam a-wi-lim ša-e-il5-ma té-er-ta-kà li-li-kam,Question the boss there and let your instruction come to me.
77,a-ha-tí-kà me-et ú ni-kà-sú-šu sà-ah-ú,"Your sister is dead, and his accounts are in a mess."
78,um-ma a-ha-tí-kà-ma a-na a-wi-lim ú da-a-a-nu-um qí-bi-ma,Thus says your sister: Speak to the boss and the judge:
79,1 GÍN KÙ.BABBAR a-na DAM.GÀR di-in-ma šé-bi-lam,Give 1 shekel of silver to the merchant and send it to me.
80,a-na um-mì-a šu-a-tí lá ta-ta-kà-al KÙ.GI i-kà-al,"Do not trust that my mother, he will embezzle the gold."
81,a-na Pú-zur4-A-šur šu-a-tí lá ta-ta-kà-al lu-qú-tám i-kà-al,"Do not trust that Puzur-Ashur, he will embezzle the merchandise."
82,iš-tù kà-ri-im a-na É DAM.GÀR a-li-ik-ma KÙ.BABBAR ba-qí-ir,Go from the colony to the merchant's house and claim the silver.
83,a-wi-lúm a-wi-lam i-na <gap> ú-kà-al,One man is holding the other in <gap>.
84,a-na um-mì-a šu-a-tí lá ta-ta-kà-al <gap> i-kà-al,"Do not trust that my mother, he will embezzle the <gap>."
85,um-ma um-mì-a-ma a-na Pú-zur4-A-šur qí-bi-ma,Thus says my mother: Speak to Puzur-Ashur:
86,a-šu-um kà-ni-kám ša a-wi-lim a-na É DAM.GÀR u-šé-bi-lu a-na-kam áš-me,"Concerning the sealed document that boss sent to the merchant's house, I have heard about it here."
87,ṭup-pám ša da-a-a-nu-um a-mur-ma kà-ni-kám šé-bi-lam,Examine the tablet of the judge and send the sealed document.
88,a-bi-a a-na hu-bu-li-šu i-ta-wa-ar-ma in-ta-bi-it,"My father was overwhelmed by his debts, and he fled."
89,a-na <gap> qí-bi-ma um-ma a-ha-tí-kà-ma,Speak to <gap>: thus says your sister.
90,a-na a-ha-tí-kà qí-bi-ma um-ma a-wi-lim-ma,Speak to your sister: thus says the boss.
91,ṭup-pám ša ru-ba-im a-mur-ma KÙ.GI šé-bi-lam,Examine the tablet of the king and send the gold.
92,šu-ma wa-ar-di-ni AN.NA lá u-šé-bi-lam a-na a-lim(ki) a-ša-par,"If our slave does not send the tin to me, I will write to the City."
93,um-ma kà-ru-um ha-hi-im-ma a-na a-ha-tí-kà qí-bi-ma,Thus says the Hahhum colony: Speak to your sister:
94,<gap> ŠE i-na É DAM.GÀR a-na a-hu-a áš-qúl,I paid <gap> of grain to my brother in the merchant's house.
95,ki-ma ru-ba-im me-tù-ni a-bi-a lu-qú-tám i-ki-mu-ni,"When the king died, my father deprived me of the merchandise."
96,a-šu-um lu-qú-tám ša DAM.GÀR a-na ha-hi-im u-šé-bi-lu a-na-kam áš-me,"Concerning the merchandise that merchant sent to Hahhum, I have heard about it here."
97,lu-qú-tum a-na kà-ni-iš e-ru-ub-ma A-šur-na-da ni-is-ha-tum i-lá-qé,"The merchandise entered Kanesh, and Ashur-nada will take the deduction-taxes."
98,lu-qú-tum a-na bu-ru-uš-ha-tum e-ru-ub-ma DAM.GÀR ni-is-ha-tum i-lá-qé,"The merchandise entered Burushhattum, and the merchant will take the deduction-taxes."
99,um-ma a-ha-tí-kà-ma a-na ma-ṣa-ru ú ši-ip-ri-ni qí-bi-ma,Thus says your sister: Speak to the guards and our messenger:
100,ki-ma wa-ar-di-ni me-tù-ni ši-ip-ri-ni KÙ.GI i-ki-mu-ni,"When our slave died, our messenger deprived me of the gold."
101,a-na wa-ar-di-ni šu-a-tí lá ta-ta-kà-al URUDU dam-qám i-kà-al,"Do not trust that our slave, he will embezzle the fine copper."
102,um-ma kà-ru-um bu-ru-uš-ha-tum-ma a-na ru-ba-im qí-bi-ma,Thus says the Burushhattum colony: Speak to the king:
103,iš-tù É.GAL-lim a-na a-lim(ki) a-li-ik-ma ŠE ba-qí-ir,Go from the palace to the City and claim the grain.
104,a-ma-kam A-šur-na-da ša-e-il5-ma té-er-ta-kà li-li-kam,Question Ashur-nada there and let your instruction come to me.
105,a-na wa-ar-di-ni šu-a-tí lá ta-ta-kà-al KÙ.GI i-kà-al,"Do not trust that our slave, he will embezzle the gold."
106,ṭup-pám ša A-šur-na-da a-mur-ma ŠE šé-bi-lam,Examine the tablet of Ashur-nada and send the grain.
107,um-ma kà-ru-um kà-ni-iš-ma a-na ma-ṣa-ru qí-bi-ma,Thus says the Kanesh colony: Speak to the guards:
108,ki-ma Pú-zur4-A-šur me-tù-ni ru-ba-im TÚG.HI.A i-ki-mu-ni,"When Puzur-Ashur died, the king deprived me of the textiles."
109,iš-tù É.GAL-lim a-na ha-hi-im a-li-ik-ma AN.NA ba-qí-ir,Go from the palace to Hahhum and claim the tin.
110,um-ma <gap>-ma a-na ma-ṣa-ru ú a-wi-lim qí-bi-ma,Thus says <gap>: Speak to the guards and the boss:
111,a-šu-um kà-ni-kám ša a-hu-a a-na wa-ah-šu-ša-na u-šé-bi-lu a-na-kam áš-me,"Concerning the sealed document that my brother sent to Wahshushana, I have heard about it here."
112,ṭup-pám ša ma-ṣa-ru a-mur-ma KÙ.BABBAR šé-bi-lam,Examine the tablet of the guards and send the silver.
113,a-wi-lim a-na hu-bu-li-šu i-ta-wa-ar-ma in-ta-bi-it,"The boss was overwhelmed by his debts, and he fled."
114,a-šu-um ŠE ša ru-ba-im a-na É.GAL-lim u-šé-bi-lu a-na-kam áš-me,"Concerning the grain that king sent to the palace, I have heard about it here."
115,ki-ma Pú-zur4-A-šur me-tù-ni a-bi-a kà-ni-kám i-ki-mu-ni,"When Puzur-Ashur died, my father deprived me of the sealed document."
116,lu-qú-tum a-na ha-hi-im e-ru-ub-ma ru-ba-im ni-is-ha-tum i-lá-qé,"The merchandise entered Hahhum, and the king will take the deduction-taxes."
117,iš-tù kà-ri-im a-na É.GAL-lim a-li-ik-ma KÙ.GI ba-qí-ir,Go from the colony to the palace and claim the gold.
118,ṭup-pám ša da-a-a-nu-um a-mur-ma lu-qú-tám šé-bi-lam,Examine the tablet of the judge and send the merchandise.
119,lu-qú-tum a-na wa-ah-šu-ša-na e-ru-ub-ma ši-ip-ri-ni ni-is-ha-tum i-lá-qé,"The merchandise entered Wahshushana, and our messenger will take the deduction-taxes."
120,šu-ma wa-ar-di-ni ṭup-pám lá u-šé-bi-lam a-na É DAM.GÀR a-ša-par,"If our slave does not send the tablet to me, I will write to the merchant's house."
121,da-a-a-nu-um a-na hu-bu-li-šu i-ta-wa-ar-ma in-ta-bi-it,"The judge was overwhelmed by his debts, and he fled."
122,iš-tù É.GAL-lim a-na a-lim(ki) a-li-ik-ma <gap> ba-qí-ir,Go from the palace to the City and claim <gap>.
123,ṭup-pám ša A-šur-na-da a-mur-ma lu-qú-tám šé-bi-lam,Examine the tablet of Ashur-nada and send the merchandise.
124,lu-qú-tum a-na kà-ri-im e-ru-ub-ma ši-ip-ri-ni ni-is-ha-tum i-lá-qé,"The merchandise entered the colony, and our messenger will take the deduction-taxes."
125,ma-ṣa-ru a-na hu-bu-li-šu i-ta-wa-ar-ma in-ta-bi-it,"The guards was overwhelmed by his debts, and he fled."
126,iš-tù a-lim(ki) a-na É DAM.GÀR a-li-ik-ma KÙ.GI ba-qí-ir,Go from the City to the merchant's house and claim the gold.
127,1 GÍN ṭup-pám a-na a-bi-a di-in-ma šé-bi-lam,Give 1 shekel of the tablet to my father and send it to me.
128,1 ma-na TÚG.HI.A a-na <gap> di-in-ma šé-bi-lam,Give 1 mina of textiles to <gap> and send it to me.
129,um-ma a-ha-tí-kà-ma a-na ru-ba-im ú Pú-zur4-A-šur qí-bi-ma,Thus says your sister: Speak to the king and Puzur-Ashur:
130,da-a-a-nu-um me-et ú ni-kà-sú-šu sà-ah-ú,"The judge is dead, and his accounts are in a mess."
131,lu-qú-tum a-na <gap> e-ru-ub-ma da-a-a-nu-um ni-is-ha-tum i-lá-qé,"The merchandise entered <gap>, and the judge will take the deduction-taxes."
132,a-šu-um kà-ni-kám ša ru-ba-im a-na É DAM.GÀR u-šé-bi-lu a-na-kam áš-me,"Concerning the sealed document that king sent to the merchant's house, I have heard about it here."
133,um-ma ši-ip-ri-ni-ma a-na da-a-a-nu-um ú um-mì-a qí-bi-ma,Thus says our messenger: Speak to the judge and my mother:
134,iš-tù ha-hi-im a-na bu-ru-uš-ha-tum a-li-ik-ma URUDU dam-qám ba-qí-ir,Go from Hahhum to Burushhattum and claim the fine copper.
135,a-šu-um ṭup-pám ša a-ha-tí-kà a-na ha-hi-im u-šé-bi-lu a-na-kam áš-me,"Concerning the tablet that your sister sent to Hahhum, I have heard about it here."
136,ṭup-pám ša wa-ar-di-ni a-mur-ma KÙ.GI šé-bi-lam,Examine the tablet of our slave and send the gold.
137,ki-ma ru-ba-im me-tù-ni wa-ar-di-ni KÙ.GI i-ki-mu-ni,"When the king died, our slave deprived me of the gold."
138,lu-qú-tum a-na <gap> e-ru-ub-ma a-hu-a ni-is-ha-tum i-lá-qé,"The merchandise entered <gap>, and my brother will take the deduction-taxes."
139,um-ma ši-ip-ri-ni-ma a-na a-ha-tí-kà ú um-mì-a qí-bi-ma,Thus says our messenger: Speak to your sister and my mother:
140,um-ma wa-ar-di-ni-ma a-na um-mì-a ú A-šur-na-da qí-bi-ma,Thus says our slave: Speak to my mother and Ashur-nada:
141,a-wi-lúm a-wi-lam i-na É DAM.GÀR ú-kà-al,One man is holding the other in the merchant's house.
142,a-šu-um KÙ.GI ša ru-ba-im a-na a-lim(ki) u-šé-bi-lu a-na-kam áš-me,"Concerning the gold that king sent to the City, I have heard about it here."
143,iš-tù É.GAL-lim a-na kà-ri-im a-li-ik-ma ṭup-pám ba-qí-ir,Go from the palace to the colony and claim the tablet.
144,um-mì-a me-et ú ni-kà-sú-šu sà-ah-ú,"My mother is dead, and his accounts are in a mess."
145,a-na <gap> šu-a-tí lá ta-ta-kà-al TÚG.HI.A i-kà-al,"Do not trust that judge, he will embezzle the textiles."
146,iš-tù kà-ri-im a-na kà-ni-iš a-li-ik-ma kà-ni-kám ba-qí-ir,Go from the colony to Kanesh and claim the sealed document.
147,a-na A-šur-na-da qí-bi-ma um-ma da-a-a-nu-um-ma,Speak to Ashur-nada: thus says the judge.
148,ṭup-pám ša Pú-zur4-A-šur a-mur-ma ŠE šé-bi-lam,Examine the tablet of Puzur-Ashur and send the grain.
149,ki-ma wa-ar-di-ni me-tù-ni A-šur-na-da TÚG.HI.A i-ki-mu-ni,"When our slave died, Ashur-nada deprived me of the textiles."
150,um-ma kà-ru-um ha-hi-im-ma a-na a-hu-a qí-bi-ma,Thus says the Hahhum colony: Speak to my brother:
151,um-ma <gap>-ma a-na wa-ar-di-ni ú a-ha-tí-kà qí-bi-ma,Thus says <gap>: Speak to our slave and your sister:
152,lu-qú-tum a-na kà-ri-im e-ru-ub-ma a-wi-lim ni-is-ha-tum i-lá-qé,"The merchandise entered the colony, and the boss will take the deduction-taxes."
153,5 GÍN URUDU dam-qám a-na ru-ba-im di-in-ma šé-bi-lam,Give 5 shekels of fine copper to the king and send it to me.
154,a-wi-lúm a-wi-lam i-na kà-ri-im ú-kà-al,One man is holding the other in the colony.
155,a-šu-um KÙ.GI ša a-bi-a a-na bu-ru-uš-ha-tum u-šé-bi-lu a-na-kam áš-me,"Concerning the gold that my father sent to Burushhattum, I have heard about it here."
156,lu-qú-tum a-na kà-ni-iš e-ru-ub-ma da-a-a-nu-um ni-is-ha-tum i-lá-qé,"The merchandise entered Kanesh, and the judge will take the deduction-taxes."
157,1 ma-na AN.NA i-na kà-ri-im a-na A-šur-na-da áš-qúl,I paid 1 mina of tin to Ashur-nada in the colony.
158,lu-qú-tum a-na wa-ah-šu-ša-na e-ru-ub-ma a-bi-a ni-is-ha-tum i-lá-qé,"The merchandise entered Wahshushana, and my father will take the deduction-taxes."
159,um-ma <gap>-ma a-na ši-ip-ri-ni ú a-bi-a qí-bi-ma,Thus says <gap>: Speak to our messenger and my father:
160,ki-ma DAM.GÀR me-tù-ni Pú-zur4-A-šur AN.NA i-ki-mu-ni,"When the merchant died, Puzur-Ashur deprived me of the tin."
161,um-ma kà-ru-um a-lim(ki)-ma a-na ru-ba-im qí-bi-ma,Thus says the City colony: Speak to the king:
162,um-ma kà-ru-um kà-ri-im-ma a-na a-bi-a qí-bi-ma,Thus says the colony colony: Speak to my father:
163,um-ma kà-ru-um kà-ri-im-ma a-na ru-ba-im qí-bi-ma,Thus says the colony colony: Speak to the king:
164,10 ma-na kà-ni-kám i-na kà-ni-iš a-na a-ha-tí-kà áš-qúl,I paid 10 minas of the sealed document to your sister in Kanesh.
165,um-ma ši-ip-ri-ni-ma a-na ma-ṣa-ru ú a-wi-lim qí-bi-ma,Thus says our messenger: Speak to the guards and the boss:
166,a-na a-wi-lim šu-a-tí lá ta-ta-kà-al AN.NA i-kà-al,"Do not trust that boss, he will embezzle the tin."
167,ši-ip-ri-ni a-na hu-bu-li-šu i-ta-wa-ar-ma in-ta-bi-it,"Our messenger was overwhelmed by his debts, and he fled."
168,a-ma-kam a-ha-tí-kà ša-e-il5-ma té-er-ta-kà li-li-kam,Question your sister there and let your instruction come to me.
169,a-ma-kam Pú-zur4-A-šur ša-e-il5-ma té-er-ta-kà li-li-kam,Question Puzur-Ashur there and let your instruction come to me.
170,lu-qú-tum a-na <gap> e-ru-ub-ma DAM.GÀR ni-is-ha-tum i-lá-qé,"The merchandise entered <gap>, and the merchant will take the deduction-taxes."
171,a-ma-kam DAM.GÀR ša-e-il5-ma té-er-ta-kà li-li-kam,Question the merchant there and let your instruction come to me.
172,a-wi-lúm a-wi-lam i-na a-lim(ki) ú-kà-al,One man is holding the other in the City.
173,lu-qú-tum a-na a-lim(ki) e-ru-ub-ma da-a-a-nu-um ni-is-ha-tum i-lá-qé,"The merchandise entered the City, and the judge will take the deduction-taxes."
174,ki-ma a-ha-tí-kà me-tù-ni a-hu-a <gap> i-ki-mu-ni,"When your sister died, my brother deprived me of the <gap>."
175,um-mì-a a-na hu-bu-li-šu i-ta-wa-ar-ma in-ta-bi-it,"My mother was overwhelmed by his debts, and he fled."
176,a-na um-mì-a šu-a-tí lá ta-ta-kà-al ŠE i-kà-al,"Do not trust that my mother, he will embezzle the grain."
177,a-na ru-ba-im šu-a-tí lá ta-ta-kà-al TÚG.HI.A i-kà-al,"Do not trust that king, he will embezzle the textiles."
178,ṭup-pám ša a-ha-tí-kà a-mur-ma ṭup-pám šé-bi-lam,Examine the tablet of your sister and send the tablet.
179,ki-ma <gap> me-tù-ni Pú-zur4-A-šur AN.NA i-ki-mu-ni,"When <gap> died, Puzur-Ashur deprived me of the tin."
180,ki-ma a-hu-a me-tù-ni Pú-zur4-A-šur kà-ni-kám i-ki-mu-ni,"When my brother died, Puzur-Ashur deprived me of the sealed document."
181,a-na ši-ip-ri-ni qí-bi-ma um-ma wa-ar-di-ni-ma,Speak to our messenger: thus says our slave.
182,a-na <gap> qí-bi-ma um-ma ru-ba-im-ma,Speak to <gap>: thus says the king.
183,1 GÍN URUDU dam-qám i-na kà-ni-iš a-na ma-ṣa-ru áš-qúl,I paid 1 shekel of fine copper to the guards in Kanesh.
184,ki-ma a-ha-tí-kà me-tù-ni um-mì-a KÙ.BABBAR i-ki-mu-ni,"When your sister died, my mother deprived me of the silver."
185,um-ma kà-ru-um kà-ri-im-ma a-na a-wi-lim qí-bi-ma,Thus says the colony colony: Speak to the boss:
186,lu-qú-tum a-na bu-ru-uš-ha-tum e-ru-ub-ma a-hu-a ni-is-ha-tum i-lá-qé,"The merchandise entered Burushhattum, and my brother will take the deduction-taxes."
187,a-na a-ha-tí-kà šu-a-tí lá ta-ta-kà-al KÙ.GI i-kà-al,"Do not trust that your sister, he will embezzle the gold."
188,um-ma um-mì-a-ma a-na ši-ip-ri-ni ú DAM.GÀR qí-bi-ma,Thus says my mother: Speak to our messenger and the merchant:
189,ṭup-pám ša a-wi-lim a-mur-ma ṭup-pám šé-bi-lam,Examine the tablet of the boss and send the tablet.
190,a-ma-kam um-mì-a ša-e-il5-ma té-er-ta-kà li-li-kam,Question my mother there and let your instruction come to me.
191,1/3 ma-na kà-ni-kám i-na a-lim(ki) a-na a-ha-tí-kà áš-qúl,I paid one-third of a mina of the sealed document to your sister in the City.
192,šu-ma A-šur-na-da AN.NA lá u-šé-bi-lam a-na É.GAL-lim a-ša-par,"If Ashur-nada does not send the tin to me, I will write to the palace."
193,a-na DAM.GÀR šu-a-tí lá ta-ta-kà-al kà-ni-kám i-kà-al,"Do not trust that merchant, he will embezzle the sealed document."
194,iš-tù kà-ni-iš a-na kà-ri-im a-li-ik-ma <gap> ba-qí-ir,Go from Kanesh to the colony and claim the <gap>.
195,<gap> me-et ú ni-kà-sú-šu sà-ah-ú,"<gap> is dead, and his accounts are in a mess."
196,šu-ma um-mì-a AN.NA lá u-šé-bi-lam a-na É DAM.GÀR a-ša-par,"If my mother does not send the tin to me, I will write to the merchant's house."
197,a-na ma-ṣa-ru šu-a-tí lá ta-ta-kà-al TÚG.HI.A i-kà-al,"Do not trust that guards, he will embezzle the textiles."
198,a-na wa-ar-di-ni šu-a-tí lá ta-ta-kà-al ŠE i-kà-al,"Do not trust that our slave, he will embezzle the grain."
199,a-šu-um ṭup-pám ša a-hu-a a-na É.GAL-lim u-šé-bi-lu a-na-kam áš-me,"Concerning the tablet that my brother sent to the palace, I have heard about it here."
200,um-ma a-bi-a-ma a-na a-wi-lim ú a-wi-lim qí-bi-ma,Thus says my father: Speak to the boss and the boss:
201,ki-ma a-ha-tí-kà me-tù-ni ma-ṣa-ru lu-qú-tám i-ki-mu-ni,"When your sister died, the guards deprived me of the merchandise."
202,iš-tù bu-ru-uš-ha-tum a-na É.GAL-lim a-li-ik-ma <gap> ba-qí-ir,Go from Burushhattum to the palace and claim <gap>.
203,a-šu-um URUDU dam-qám ša ma-ṣa-ru a-na kà-ni-iš u-šé-bi-lu a-na-kam áš-me,"Concerning the fine copper that guards sent to Kanesh, I have heard about it here."
204,um-ma DAM.GÀR-ma a-na a-ha-tí-kà qí-bi-ma,Thus says the merchant: Speak to your sister:
205,5 GÍN TÚG.HI.A a-na DAM.GÀR di-in-ma šé-bi-lam,Give 5 shekels of textiles to the merchant and send it to me.
206,lu-qú-tum a-na ha-hi-im e-ru-ub-ma a-bi-a ni-is-ha-tum i-lá-qé,"The merchandise entered Hahhum, and my father will take the deduction-taxes."
207,2 bi-lá-tim ṭup-pám a-na a-ha-tí-kà di-in-ma šé-bi-lam,Give 2 talents of the tablet to your sister and send it to me.
208,10 ma-na lu-qú-tám i-na bu-ru-uš-ha-tum a-na wa-ar-di-ni áš-qúl,I paid 10 minas of merchandise to our slave in Burushhattum.
209,iš-tù ha-hi-im a-na bu-ru-uš-ha-tum a-li-ik-ma ŠE ba-qí-ir,Go from Hahhum to Burushhattum and claim the grain.
210,šu-ma Pú-zur4-A-šur AN.NA lá u-šé-bi-lam a-na kà-ni-iš a-ša-par,"If Puzur-Ashur does not send the tin to me, I will write to Kanesh."
211,um-ma A-šur-na-da-ma a-na DAM.GÀR ú ma-ṣa-ru qí-bi-ma,Thus says Ashur-nada: Speak to the merchant and the guards:
212,ki-ma ru-ba-im me-tù-ni um-mì-a KÙ.BABBAR i-ki-mu-ni,"When the king died, my mother deprived me of the silver."
213,ṭup-pám ša A-šur-na-da a-mur-ma KÙ.GI šé-bi-lam,Examine the tablet of Ashur-nada and send the gold.
214,iš-tù bu-ru-uš-ha-tum a-na É DAM.GÀR a-li-ik-ma KÙ.GI ba-qí-ir,Go from Burushhattum to the merchant's house and claim the gold.
215,a-šu-um ŠE ša ru-ba-im a-na wa-ah-šu-ša-na u-šé-bi-lu a-na-kam áš-me,"Concerning the grain that king sent to Wahshushana, I have heard about it here."
216,Pú-zur4-A-šur a-na hu-bu-li-šu i-ta-wa-ar-ma in-ta-bi-it,"Puzur-ashur was overwhelmed by his debts, and he fled."
217,lu-qú-tum a-na kà-ni-iš e-ru-ub-ma ma-ṣa-ru ni-is-ha-tum i-lá-qé,"The merchandise entered Kanesh, and the guards will take the deduction-taxes."
218,a-bi-a me-et ú ni-kà-sú-šu sà-ah-ú,"My father is dead, and his accounts are in a mess."
219,a-na a-hu-a šu-a-tí lá ta-ta-kà-al KÙ.BABBAR i-kà-al,"Do not trust that my brother, he will embezzle the silver."
220,lu-qú-tum a-na É DAM.GÀR e-ru-ub-ma da-a-a-nu-um ni-is-ha-tum i-lá-qé,"The merchandise entered the merchant's house, and the judge will take the deduction-taxes."
221,ki-ma DAM.GÀR me-tù-ni ši-ip-ri-ni URUDU dam-qám i-ki-mu-ni,"When the merchant died, our messenger deprived me of the fine copper."
222,a-na ši-ip-ri-ni qí-bi-ma um-ma Pú-zur4-A-šur-ma,Speak to our messenger: thus says Puzur-Ashur.
223,um-ma a-hu-a-ma a-na a-bi-a qí-bi-ma,Thus says my brother: Speak to my father:
224,um-ma kà-ru-um É DAM.GÀR-ma a-na a-bi-a qí-bi-ma,Thus says the merchant's house colony: Speak to my father:
225,a-na a-hu-a qí-bi-ma um-ma a-wi-lim-ma,Speak to my brother: thus says the boss.
226,ṭup-pám ša um-mì-a a-mur-ma TÚG.HI.A šé-bi-lam,Examine the tablet of my mother and send the textiles.
227,2 bi-lá-tim URUDU dam-qám i-na bu-ru-uš-ha-tum a-na um-mì-a áš-qúl,I paid 2 talents of fine copper to my mother in Burushhattum.
228,ṭup-pám ša um-mì-a a-mur-ma ṭup-pám šé-bi-lam,Examine the tablet of my mother and send the tablet.
229,ṭup-pám ša a-hu-a a-mur-ma TÚG.HI.A šé-bi-lam,Examine the tablet of my brother and send the textiles.
230,a-na DAM.GÀR šu-a-tí lá ta-ta-kà-al URUDU dam-qám i-kà-al,"Do not trust that merchant, he will embezzle the fine copper."
231,1 me-at ŠE i-na É DAM.GÀR a-na a-wi-lim áš-qúl,I paid 100 units of grain to the boss in the merchant's house.
232,iš-tù kà-ni-iš a-na ha-hi-im a-li-ik-ma kà-ni-kám ba-qí-ir,Go from Kanesh to Hahhum and claim the sealed document.
233,um-ma ru-ba-im-ma a-na ši-ip-ri-ni ú a-hu-a qí-bi-ma,Thus says the king: Speak to our messenger and my brother:
234,um-ma kà-ru-um É.GAL-lim-ma a-na DAM.GÀR qí-bi-ma,Thus says the palace colony: Speak to the merchant:
235,ma-ṣa-ru me-et ú ni-kà-sú-šu sà-ah-ú,"The guards is dead, and his accounts are in a mess."
236,šu-ma wa-ar-di-ni ŠE lá u-šé-bi-lam a-na bu-ru-uš-ha-tum a-ša-par,"If our slave does not send the grain to me, I will write to Burushhattum."
237,a-šu-um kà-ni-kám ša ši-ip-ri-ni a-na wa-ah-šu-ša-na u-šé-bi-lu a-na-kam áš-me,"Concerning the sealed document that our messenger sent to Wahshushana, I have heard about it here."
238,a-na da-a-a-nu-um šu-a-tí lá ta-ta-kà-al TÚG.HI.A i-kà-al,"Do not trust that judge, he will embezzle the textiles."
239,a-šu-um ṭup-pám ša da-a-a-nu-um a-na wa-ah-šu-ša-na u-šé-bi-lu a-na-kam áš-me,"Concerning the tablet that judge sent to Wahshushana, I have heard about it here."
240,wa-ar-di-ni me-et ú ni-kà-sú-šu sà-ah-ú,"Our slave is dead, and his accounts are in a mess."
241,um-ma kà-ru-um É DAM.GÀR-ma a-na wa-ar-di-ni qí-bi-ma,Thus says the merchant's house colony: Speak to our slave:
242,1 GÍN AN.NA i-na É.GAL-lim a-na a-wi-lim áš-qúl,I paid 1 shekel of tin to the boss in the palace.
243,1/3 ma-na KÙ.GI a-na a-ha-tí-kà di-in-ma šé-bi-lam,Give one-third of a mina of gold to your sister and send it to me.
244,lu-qú-tum a-na ha-hi-im e-ru-ub-ma A-šur-na-da ni-is-ha-tum i-lá-qé,"The merchandise entered Hahhum, and Ashur-nada will take the deduction-taxes."
245,1 me-at AN.NA i-na <gap> a-na DAM.GÀR áš-qúl,I paid 100 units of tin to the merchant in <gap>.
246,a-šu-um ṭup-pám ša da-a-a-nu-um a-na bu-ru-uš-ha-tum u-šé-bi-lu a-na-kam áš-me,"Concerning the tablet that judge sent to Burushhattum, I have heard about it here."
247,ru-ba-im a-na hu-bu-li-šu i-ta-wa-ar-ma in-ta-bi-it,"The king was overwhelmed by his debts, and he fled."
248,5 GÍN <gap> i-na ha-hi-im a-na DAM.GÀR áš-qúl,I paid 5 shekels of <gap> to the merchant in Hahhum.
249,ki-ma um-mì-a me-tù-ni ši-ip-ri-ni ŠE i-ki-mu-ni,"When my mother died, our messenger deprived me of the grain."
250,5 GÍN TÚG.HI.A a-na a-ha-tí-kà di-in-ma šé-bi-lam,Give 5 shekels of textiles to your sister and send it to me.
251,lu-qú-tum a-na <gap> e-ru-ub-ma ma-ṣa-ru ni-is-ha-tum i-lá-qé,"The merchandise entered <gap>, and the guards will take the deduction-taxes."
252,um-ma um-mì-a-ma a-na A-šur-na-da ú a-bi-a qí-bi-ma,Thus says my mother: Speak to Ashur-nada and my father:
253,a-šu-um AN.NA ša ru-ba-im a-na a-lim(ki) u-šé-bi-lu a-na-kam áš-me,"Concerning the tin that king sent to the City, I have heard about it here."
254,a-na a-ha-tí-kà šu-a-tí lá ta-ta-kà-al AN.NA i-kà-al,"Do not trust that your sister, he will embezzle the tin."
255,2 bi-lá-tim ŠE i-na kà-ni-iš a-na ru-ba-im áš-qúl,I paid 2 talents of grain to the king in Kanesh.
256,1 ma-na KÙ.GI i-na kà-ri-im a-na <gap> áš-qúl,I paid 1 mina of gold to <gap> in the colony.
257,<gap> ṭup-pám a-na DAM.GÀR di-in-ma šé-bi-lam,Give <gap> of the tablet to the merchant and send it to me.
258,iš-tù kà-ri-im a-na a-lim(ki) a-li-ik-ma <gap> ba-qí-ir,Go from the colony to the City and claim the <gap>.
259,1/3 ma-na URUDU dam-qám a-na a-ha-tí-kà di-in-ma šé-bi-lam,Give one-third of a mina of fine copper to your sister and send it to me.
260,šu-ma ma-ṣa-ru URUDU dam-qám lá u-šé-bi-lam a-na a-lim(ki) a-ša-par,"If the guards does not send the fine copper to me, I will write to the City."
261,a-šu-um ŠE ša A-šur-na-da a-na kà-ni-iš u-šé-bi-lu a-na-kam áš-me,"Concerning the grain that Ashur-nada sent to Kanesh, I have heard about it here."
262,a-wi-lim me-et ú ni-kà-sú-šu sà-ah-ú,"The boss is dead, and his accounts are in a mess."
263,um-ma <gap>-ma a-na a-hu-a ú a-wi-lim qí-bi-ma,Thus says <gap>: Speak to my brother and the boss:
264,um-ma a-hu-a-ma a-na DAM.GÀR qí-bi-ma,Thus says my brother: Speak to the merchant:
265,2 bi-lá-tim kà-ni-kám i-na kà-ni-iš a-na a-hu-a áš-qúl,I paid 2 talents of the sealed document to my brother in Kanesh.
266,a-šu-um KÙ.GI ša ši-ip-ri-ni a-na É DAM.GÀR u-šé-bi-lu a-na-kam áš-me,"Concerning the gold that our messenger sent to the merchant's house, I have heard about it here."
267,a-na ši-ip-ri-ni šu-a-tí lá ta-ta-kà-al URUDU dam-qám i-kà-al,"Do not trust that our messenger, he will embezzle the fine copper."
268,um-ma DAM.GÀR-ma a-na a-wi-lim ú a-wi-lim qí-bi-ma,Thus says the merchant: Speak to the boss and the boss:
269,a-ma-kam a-hu-a ša-e-il5-ma té-er-ta-kà li-li-kam,Question my brother there and let your instruction come to me.
270,5 GÍN lu-qú-tám a-na ma-ṣa-ru di-in-ma šé-bi-lam,Give 5 shekels of merchandise to the guards and send it to me.
271,um-ma <gap>-ma a-na ru-ba-im ú a-wi-lim qí-bi-ma,Thus says <gap>: Speak to the king and the boss:
272,ki-ma ma-ṣa-ru me-tù-ni A-šur-na-da KÙ.BABBAR i-ki-mu-ni,"When the guards died, Ashur-nada deprived me of the silver."
273,a-na ši-ip-ri-ni qí-bi-ma um-ma ru-ba-im-ma,Speak to our messenger: thus says the king.
274,10 ma-na kà-ni-kám a-na a-wi-lim di-in-ma šé-bi-lam,Give 10 minas of the sealed document to the boss and send it to me.
275,a-šu-um kà-ni-kám ša a-bi-a a-na ha-hi-im u-šé-bi-lu a-na-kam áš-me,"Concerning the sealed document that my father sent to Hahhum, I have heard about it here."
276,ki-ma a-bi-a me-tù-ni a-wi-lim TÚG.HI.A i-ki-mu-ni,"When my father died, the boss deprived me of the textiles."
277,a-šu-um AN.NA ša a-ha-tí-kà a-na ha-hi-im u-šé-bi-lu a-na-kam áš-me,"Concerning the tin that your sister sent to Hahhum, I have heard about it here."
278,iš-tù É.GAL-lim a-na É DAM.GÀR a-li-ik-ma ṭup-pám ba-qí-ir,Go from the palace to the merchant's house and claim the tablet.
279,um-ma da-a-a-nu-um-ma a-na ši-ip-ri-ni ú a-ha-tí-kà qí-bi-ma,Thus says the judge: Speak to our messenger and your sister:
280,1 ma-na ŠE i-na <gap> a-na a-ha-tí-kà áš-qúl,I paid 1 mina of grain to your sister in <gap>.
281,a-šu-um AN.NA ša ma-ṣa-ru a-na ha-hi-im u-šé-bi-lu a-na-kam áš-me,"Concerning the tin that guards sent to Hahhum, I have heard about it here."
282,ki-ma A-šur-na-da me-tù-ni a-hu-a kà-ni-kám i-ki-mu-ni,"When Ashur-nada died, my brother deprived me of the sealed document."
283,a-na da-a-a-nu-um qí-bi-ma um-ma Pú-zur4-A-šur-ma,Speak to the judge: thus says Puzur-Ashur.
284,a-na um-mì-a šu-a-tí lá ta-ta-kà-al TÚG.HI.A i-kà-al,"Do not trust that my mother, he will embezzle the textiles."
285,um-ma kà-ru-um wa-ah-šu-ša-na-ma a-na wa-ar-di-ni qí-bi-ma,Thus says the Wahshushana colony: Speak to our slave:
286,šu-ma a-hu-a ŠE lá u-šé-bi-lam a-na É.GAL-lim a-ša-par,"If my brother does not send the grain to me, I will write to the palace."
287,um-ma kà-ru-um a-lim(ki)-ma a-na ši-ip-ri-ni qí-bi-ma,Thus says the City colony: Speak to our messenger:
288,5 GÍN KÙ.BABBAR a-na ši-ip-ri-ni di-in-ma šé-bi-lam,Give 5 shekels of silver to our messenger and send it to me.
289,ṭup-pám ša a-wi-lim a-mur-ma URUDU dam-qám šé-bi-lam,Examine the tablet of the boss and send the fine copper.
290,1/3 ma-na URUDU dam-qám a-na ši-ip-ri-ni di-in-ma šé-bi-lam,Give one-third of a mina of fine copper to our messenger and send it to me.
291,1/3 ma-na kà-ni-kám i-na É.GAL-lim a-na A-šur-na-da áš-qúl,I paid one-third of a mina of the sealed document to Ashur-nada in the palace.
292,a-na a-wi-lim šu-a-tí lá ta-ta-kà-al kà-ni-kám i-kà-al,"Do not trust that boss, he will embezzle the sealed document."
293,um-ma a-bi-a-ma a-na Pú-zur4-A-šur qí-bi-ma,Thus says my father: Speak to Puzur-Ashur:
294,a-šu-um ŠE ša um-mì-a a-na É DAM.GÀR u-šé-bi-lu a-na-kam áš-me,"Concerning the grain that my mother sent to the merchant's house, I have heard about it here."
295,iš-tù É DAM.GÀR a-na kà-ri-im a-li-ik-ma TÚG.HI.A ba-qí-ir,Go from the merchant's house to the colony and claim the textiles.
296,a-na A-šur-na-da šu-a-tí lá ta-ta-kà-al ŠE i-kà-al,"Do not trust that Ashur-nada, he will embezzle the grain."
297,um-ma a-ha-tí-kà-ma a-na DAM.GÀR ú a-hu-a qí-bi-ma,Thus says your sister: Speak to the merchant and my brother:
298,šu-ma da-a-a-nu-um kà-ni-kám lá u-šé-bi-lam a-na a-lim(ki) a-ša-par,"If the judge does not send the sealed document to me, I will write to the City."
299,šu-ma a-ha-tí-kà lu-qú-tám lá u-šé-bi-lam a-na ha-hi-im a-ša-par,"If your sister does not send the merchandise to me, I will write to Hahhum."
300,DAM.GÀR me-et ú ni-kà-sú-šu sà-ah-ú,"The merchant is dead, and his accounts are in a mess."
301,lu-qú-tum a-na a-lim(ki) e-ru-ub-ma a-wi-lim ni-is-ha-tum i-lá-qé,"The merchandise entered the City, and the boss will take the deduction-taxes."
302,ṭup-pám ša a-wi-lim a-mur-ma ŠE šé-bi-lam,Examine the tablet of the boss and send the grain.
303,iš-tù É.GAL-lim a-na kà-ni-iš a-li-ik-ma TÚG.HI.A ba-qí-ir,Go from the palace to Kanesh and claim the textiles.
304,šu-ma a-wi-lim KÙ.BABBAR lá u-šé-bi-lam a-na É DAM.GÀR a-ša-par,"If the boss does not send the silver to me, I will write to the merchant's house."
305,1/3 ma-na lu-qú-tám i-na ha-hi-im a-na um-mì-a áš-qúl,I paid one-third of a mina of merchandise to my mother in Hahhum.
306,um-ma <gap>-ma a-na A-šur-na-da qí-bi-ma,Thus says <gap>: Speak to Ashur-nada:
307,a-ma-kam ru-ba-im ša-e-il5-ma té-er-ta-kà li-li-kam,Question the king there and let your instruction come to me.
308,a-na ru-ba-im šu-a-tí lá ta-ta-kà-al ŠE i-kà-al,"Do not trust that king, he will embezzle the grain."
309,iš-tù a-lim(ki) a-na kà-ni-iš a-li-ik-ma kà-ni-kám ba-qí-ir,Go from the City to Kanesh and claim the sealed document.
310,ṭup-pám ša a-wi-lim a-mur-ma AN.NA šé-bi-lam,Examine the tablet of the boss and send the tin.
311,a-ma-kam ma-ṣa-ru ša-e-il5-ma té-er-ta-kà li-li-kam,Question the guards there and let your instruction come to me.
312,um-ma ši-ip-ri-ni-ma a-na a-bi-a ú da-a-a-nu-um qí-bi-ma,Thus says our messenger: Speak to my father and the judge:
313,1 me-at AN.NA i-na kà-ri-im a-na da-a-a-nu-um áš-qúl,I paid 100 units of tin to the judge in the colony.
314,1 GÍN <gap> a-na a-bi-a di-in-ma šé-bi-lam,Give 1 shekel of <gap> to my father and send it to me.
315,iš-tù É DAM.GÀR a-na wa-ah-šu-ša-na a-li-ik-ma ṭup-pám ba-qí-ir,Go from the merchant's house to Wahshushana and claim the tablet.
316,a-na A-šur-na-da qí-bi-ma um-ma DAM.GÀR-ma,Speak to Ashur-nada: thus says the merchant.
317,um-ma a-bi-a-ma a-na ru-ba-im qí-bi-ma,Thus says my father: Speak to the king:
318,a-na ru-ba-im qí-bi-ma um-ma Pú-zur4-A-šur-ma,Speak to the king: thus says Puzur-Ashur.
319,iš-tù a-lim(ki) a-na kà-ri-im a-li-ik-ma TÚG.HI.A ba-qí-ir,Go from the City to the colony and claim the textiles.
320,iš-tù É DAM.GÀR a-na bu-ru-uš-ha-tum a-li-ik-ma AN.NA ba-qí-ir,Go from the merchant's house to Burushhattum and claim the tin.
321,ki-ma ši-ip-ri-ni me-tù-ni DAM.GÀR KÙ.GI i-ki-mu-ni,"When our messenger died, the merchant deprived me of the gold."
322,2 bi-lá-tim AN.NA a-na Pú-zur4-A-šur di-in-ma šé-bi-lam,Give 2 talents of tin to Puzur-Ashur and send it to me.
323,iš-tù ha-hi-im a-na wa-ah-šu-ša-na a-li-ik-ma KÙ.GI ba-qí-ir,Go from Hahhum to Wahshushana and claim the gold.
324,um-ma Pú-zur4-A-šur-ma a-na a-bi-a ú da-a-a-nu-um qí-bi-ma,Thus says Puzur-Ashur: Speak to my father and the judge:
325,um-ma um-mì-a-ma a-na Pú-zur4-A-šur ú a-bi-a qí-bi-ma,Thus says my mother: Speak to Puzur-Ashur and my father:
326,um-ma ru-ba-im-ma a-na ši-ip-ri-ni ú ma-ṣa-ru qí-bi-ma,Thus says the king: Speak to our messenger and the guards:
327,šu-ma Pú-zur4-A-šur lu-qú-tám lá u-šé-bi-lam a-na kà-ni-iš a-ša-par,"If Puzur-Ashur does not send the merchandise to me, I will write to Kanesh."
328,a-na ši-ip-ri-ni šu-a-tí lá ta-ta-kà-al KÙ.BABBAR i-kà-al,"Do not trust that our messenger, he will embezzle the silver."
329,um-ma DAM.GÀR-ma a-na Pú-zur4-A-šur ú a-bi-a qí-bi-ma,Thus says the merchant: Speak to Puzur-Ashur and my father:
330,a-šu-um ŠE ša ru-ba-im a-na kà-ri-im u-šé-bi-lu a-na-kam áš-me,"Concerning the grain that king sent to the colony, I have heard about it here."
331,a-na da-a-a-nu-um qí-bi-ma um-ma um-mì-a-ma,Speak to the judge: thus says my mother.
332,a-na a-wi-lim šu-a-tí lá ta-ta-kà-al KÙ.GI i-kà-al,"Do not trust that boss, he will embezzle the gold."
333,iš-tù bu-ru-uš-ha-tum a-na É DAM.GÀR a-li-ik-ma <gap> ba-qí-ir,Go from Burushhattum to the merchant's house and claim the <gap>.
334,um-ma DAM.GÀR-ma a-na a-wi-lim qí-bi-ma,Thus says the merchant: Speak to the boss:
335,lu-qú-tum a-na kà-ni-iš e-ru-ub-ma DAM.GÀR ni-is-ha-tum i-lá-qé,"The merchandise entered Kanesh, and the merchant will take the deduction-taxes."
336,šu-ma a-hu-a KÙ.BABBAR lá u-šé-bi-lam a-na a-lim(ki) a-ša-par,"If my brother does not send the silver to me, I will write to the City."
337,a-ma-kam da-a-a-nu-um ša-e-il5-ma té-er-ta-kà li-li-kam,Question the judge there and let your instruction come to me.
338,<gap> kà-ni-kám a-na a-ha-tí-kà di-in-ma šé-bi-lam,Give <gap> of the sealed document to your sister and send it to me.
339,iš-tù a-lim(ki) a-na ha-hi-im a-li-ik-ma ŠE ba-qí-ir,Go from the City to Hahhum and claim the grain.
340,a-šu-um lu-qú-tám ša ma-ṣa-ru a-na kà-ri-im u-šé-bi-lu a-na-kam áš-me,"Concerning the merchandise that guards sent to the colony, I have heard about it here."
341,1/3 ma-na TÚG.HI.A a-na a-hu-a di-in-ma šé-bi-lam,Give one-third of a mina of textiles to my brother and send it to me.
342,a-na a-bi-a šu-a-tí lá ta-ta-kà-al AN.NA i-kà-al,"Do not trust that my father, he will embezzle the tin."
343,2 bi-lá-tim TÚG.HI.A a-na Pú-zur4-A-šur di-in-ma šé-bi-lam,Give 2 talents of textiles to Puzur-Ashur and send it to me.
344,ki-ma A-šur-na-da me-tù-ni ma-ṣa-ru KÙ.BABBAR i-ki-mu-ni,"When Ashur-nada died, the guards deprived me of the silver."
345,iš-tù ha-hi-im a-na É.GAL-lim a-li-ik-ma URUDU dam-qám ba-qí-ir,Go from Hahhum to the palace and claim the fine copper.
346,um-ma DAM.GÀR-ma a-na da-a-a-nu-um ú a-wi-lim qí-bi-ma,Thus says the merchant: Speak to the judge and the boss:
347,ki-ma <gap> me-tù-ni ru-ba-im lu-qú-tám i-ki-mu-ni,"When <gap> died, the king deprived me of the merchandise."
348,1 GÍN lu-qú-tám a-na ši-ip-ri-ni di-in-ma šé-bi-lam,Give 1 shekel of merchandise to our messenger and send it to me.
349,lu-qú-tum a-na bu-ru-uš-ha-tum e-ru-ub-ma um-mì-a ni-is-ha-tum i-lá-qé,"The merchandise entered Burushhattum, and my mother will take the deduction-taxes."
350,ki-ma ru-ba-im me-tù-ni a-ha-tí-kà TÚG.HI.A i-ki-mu-ni,"When the king died, your sister deprived me of the textiles."
351,1 me-at ṭup-pám i-na <gap> a-na um-mì-a áš-qúl,I paid 100 units of the tablet to my mother in <gap>.
352,10 ma-na <gap> i-na kà-ni-iš a-na wa-ar-di-ni áš-qúl,I paid 10 minas of <gap> to our slave in Kanesh.
353,a-na DAM.GÀR šu-a-tí lá ta-ta-kà-al ŠE i-kà-al,"Do not trust that merchant, he will embezzle the grain."
354,um-ma kà-ru-um bu-ru-uš-ha-tum-ma a-na Pú-zur4-A-šur qí-bi-ma,Thus says the Burushhattum colony: Speak to Puzur-Ashur:
355,a-šu-um ṭup-pám ša ma-ṣa-ru a-na É.GAL-lim u-šé-bi-lu a-na-kam áš-me,"Concerning the tablet that guards sent to the palace, I have heard about it here."
356,1 GÍN URUDU dam-qám i-na a-lim(ki) a-na a-hu-a áš-qúl,I paid 1 shekel of fine copper to my brother in the City.
357,a-na <gap> qí-bi-ma um-ma DAM.GÀR-ma,Speak to <gap>: thus says the merchant.
358,um-ma da-a-a-nu-um-ma a-na a-hu-a qí-bi-ma,Thus says the judge: Speak to my brother:
359,šu-ma DAM.GÀR KÙ.BABBAR lá u-šé-bi-lam a-na wa-ah-šu-ša-na a-ša-par,"If the merchant does not send the silver to me, I will write to Wahshushana."
360,ki-ma a-hu-a me-tù-ni da-a-a-nu-um KÙ.BABBAR i-ki-mu-ni,"When my brother died, the judge deprived me of the silver."
361,a-šu-um kà-ni-kám ša um-mì-a a-na kà-ni-iš u-šé-bi-lu a-na-kam áš-me,"Concerning the sealed document that my mother sent to Kanesh, I have heard about it here."
362,a-šu-um TÚG.HI.A ša a-wi-lim a-na É DAM.GÀR u-šé-bi-lu a-na-kam áš-me,"Concerning the textiles that boss sent to the merchant's house, I have heard about it here."
363,1 me-at ṭup-pám a-na a-hu-a di-in-ma šé-bi-lam,Give 100 units of the tablet to my brother and send it to me.
364,1 me-at ṭup-pám i-na kà-ri-im a-na a-bi-a áš-qúl,I paid 100 units of the tablet to my father in the colony.
365,ṭup-pám ša da-a-a-nu-um a-mur-ma KÙ.GI šé-bi-lam,Examine the tablet of the judge and send the gold.
366,1 me-at kà-ni-kám i-na É DAM.GÀR a-na Pú-zur4-A-šur áš-qúl,I paid 100 units of the sealed document to Puzur-Ashur in the merchant's house.
367,1 me-at ŠE i-na a-lim(ki) a-na a-bi-a áš-qúl,I paid 100 units of grain to my father in the City.
368,um-ma ši-ip-ri-ni-ma a-na Pú-zur4-A-šur ú da-a-a-nu-um qí-bi-ma,Thus says our messenger: Speak to Puzur-Ashur and the judge:
369,iš-tù kà-ri-im a-na kà-ni-iš a-li-ik-ma TÚG.HI.A ba-qí-ir,Go from the colony to Kanesh and claim the textiles.
370,lu-qú-tum a-na É.GAL-lim e-ru-ub-ma DAM.GÀR ni-is-ha-tum i-lá-qé,"The merchandise entered the palace, and the merchant will take the deduction-taxes."
371,um-ma Pú-zur4-A-šur-ma a-na a-wi-lim ú a-ha-tí-kà qí-bi-ma,Thus says Puzur-Ashur: Speak to the boss and your sister:
372,a-na wa-ar-di-ni šu-a-tí lá ta-ta-kà-al ṭup-pám i-kà-al,"Do not trust that our slave, he will embezzle the tablet."
373,5 GÍN AN.NA i-na kà-ni-iš a-na um-mì-a áš-qúl,I paid 5 shekels of tin to my mother in Kanesh.
374,ṭup-pám ša a-ha-tí-kà a-mur-ma ŠE šé-bi-lam,Examine the tablet of your sister and send the grain.
375,lu-qú-tum a-na É DAM.GÀR e-ru-ub-ma DAM.GÀR ni-is-ha-tum i-lá-qé,"The merchandise entered the merchant's house, and the merchant will take the deduction-taxes."
376,ṭup-pám ša DAM.GÀR a-mur-ma ŠE šé-bi-lam,Examine the tablet of the merchant and send the grain.
377,lu-qú-tum a-na wa-ah-šu-ša-na e-ru-ub-ma DAM.GÀR ni-is-ha-tum i-lá-qé,"The merchandise entered Wahshushana, and the merchant will take the deduction-taxes."
378,a-na um-mì-a qí-bi-ma um-ma ma-ṣa-ru-ma,Speak to my mother: thus says the guards.
379,lu-qú-tum a-na É.GAL-lim e-ru-ub-ma a-hu-a ni-is-ha-tum i-lá-qé,"The merchandise entered the palace, and my brother will take the deduction-taxes."
380,a-na DAM.GÀR qí-bi-ma um-ma a-bi-a-ma,Speak to the merchant: thus says my father.
381,um-ma <gap>-ma a-na wa-ar-di-ni ú a-wi-lim qí-bi-ma,Thus says <gap>: Speak to our slave and the boss:
382,2 bi-lá-tim ŠE a-na a-hu-a di-in-ma šé-bi-lam,Give 2 talents of grain to my brother and send it to me.
383,a-šu-um TÚG.HI.A ša a-bi-a a-na wa-ah-šu-ša-na u-šé-bi-lu a-na-kam áš-me,"Concerning the textiles that my father sent to Wahshushana, I have heard about it here."
384,a-šu-um ṭup-pám ša um-mì-a a-na bu-ru-uš-ha-tum u-šé-bi-lu a-na-kam áš-me,"Concerning the tablet that my mother sent to Burushhattum, I have heard about it here."
385,ṭup-pám ša ru-ba-im a-mur-ma URUDU dam-qám šé-bi-lam,Examine the tablet of the king and send the fine copper.
386,1 GÍN URUDU dam-qám i-na ha-hi-im a-na a-hu-a áš-qúl,I paid 1 shekel of fine copper to my brother in Hahhum.
387,um-ma kà-ru-um bu-ru-uš-ha-tum-ma a-na DAM.GÀR qí-bi-ma,Thus says the Burushhattum colony: Speak to the merchant:
388,ki-ma a-bi-a me-tù-ni a-hu-a TÚG.HI.A i-ki-mu-ni,"When my father died, my brother deprived me of the textiles."
389,1 ma-na AN.NA a-na A-šur-na-da di-in-ma šé-bi-lam,Give 1 mina of tin to Ashur-nada and send it to me.
390,um-ma kà-ru-um bu-ru-uš-ha-tum-ma a-na ši-ip-ri-ni qí-bi-ma,Thus says the Burushhattum colony: Speak to our messenger:
391,a-na wa-ar-di-ni šu-a-tí lá ta-ta-kà-al lu-qú-tám i-kà-al,"Do not trust that our slave, he will embezzle the merchandise."
392,iš-tù <gap> a-na É DAM.GÀR a-li-ik-ma TÚG.HI.A ba-qí-ir,Go from <gap> to the merchant's house and claim the textiles.
393,šu-ma <gap> ŠE lá u-šé-bi-lam a-na bu-ru-uš-ha-tum a-ša-par,"If <gap> does not send the grain to me, I will write to Burushhattum."
394,a-na DAM.GÀR qí-bi-ma um-ma ši-ip-ri-ni-ma,Speak to the merchant: thus says our messenger.
395,um-ma a-ha-tí-kà-ma a-na a-hu-a qí-bi-ma,Thus says your sister: Speak to my brother:
396,um-ma kà-ru-um É.GAL-lim-ma a-na a-bi-a qí-bi-ma,Thus says the palace colony: Speak to my father:
397,a-na wa-ar-di-ni qí-bi-ma um-ma a-ha-tí-kà-ma,Speak to our slave: thus says your sister.
398,šu-ma ru-ba-im ŠE lá u-šé-bi-lam a-na a-lim(ki) a-ša-par,"If the king does not send the grain to me, I will write to the City."
399,1 ma-na ṭup-pám a-na ru-ba-im di-in-ma šé-bi-lam,Give 1 mina of the tablet to the king and send it to me.
400,2 bi-lá-tim AN.NA a-na a-bi-a di-in-ma šé-bi-lam,Give 2 talents of tin to my father and send it to me.
401,a-šu-um TÚG.HI.A ša a-hu-a a-na ha-hi-im u-šé-bi-lu a-na-kam áš-me,"Concerning the textiles that my brother sent to Hahhum, I have heard about it here."
402,ṭup-pám ša ma-ṣa-ru a-mur-ma AN.NA šé-bi-lam,Examine the tablet of the guards and send the tin.
403,iš-tù a-lim(ki) a-na É DAM.GÀR a-li-ik-ma TÚG.HI.A ba-qí-ir,Go from the City to the merchant's house and claim the textiles.
404,1 ma-na KÙ.GI i-na É DAM.GÀR a-na da-a-a-nu-um áš-qúl,I paid 1 mina of gold to the judge in the merchant's house.
405,um-ma <gap>-ma a-na A-šur-na-da ú DAM.GÀR qí-bi-ma,Thus says <gap>: Speak to Ashur-nada and the merchant:
406,um-ma ru-ba-im-ma a-na um-mì-a ú Pú-zur4-A-šur qí-bi-ma,Thus says the king: Speak to my mother and Puzur-Ashur:
407,lu-qú-tum a-na bu-ru-uš-ha-tum e-ru-ub-ma a-ha-tí-kà ni-is-ha-tum i-lá-qé,"The merchandise entered Burushhattum, and your sister will take the deduction-taxes."
408,šu-ma Pú-zur4-A-šur TÚG.HI.A lá u-šé-bi-lam a-na É DAM.GÀR a-ša-par,"If Puzur-Ashur does not send the textiles to me, I will write to the merchant's house."
409,1/3 ma-na ṭup-pám i-na É DAM.GÀR a-na ma-ṣa-ru áš-qúl,I paid one-third of a mina of the tablet to the guards in the merchant's house.
410,a-šu-um AN.NA ša a-hu-a a-na É DAM.GÀR u-šé-bi-lu a-na-kam áš-me,"Concerning the tin that my brother sent to the merchant's house, I have heard about it here."
411,um-ma a-wi-lim-ma a-na da-a-a-nu-um qí-bi-ma,Thus says the boss: Speak to the judge:
412,um-ma kà-ru-um É.GAL-lim-ma a-na ši-ip-ri-ni qí-bi-ma,Thus says the palace colony: Speak to our messenger:
413,5 GÍN AN.NA i-na ha-hi-im a-na wa-ar-di-ni áš-qúl,I paid 5 shekels of tin to our slave in Hahhum.
414,ki-ma ši-ip-ri-ni me-tù-ni a-bi-a KÙ.BABBAR i-ki-mu-ni,"When our messenger died, my father deprived me of the silver."
415,ṭup-pám ša ma-ṣa-ru a-mur-ma kà-ni-kám šé-bi-lam,Examine the tablet of the guards and send the sealed document.
416,a-na um-mì-a qí-bi-ma um-ma a-ha-tí-kà-ma,Speak to my mother: thus says your sister.
417,um-ma kà-ru-um kà-ni-iš-ma a-na Pú-zur4-A-šur qí-bi-ma,Thus says the Kanesh colony: Speak to Puzur-Ashur:
418,a-na a-hu-a šu-a-tí lá ta-ta-kà-al ŠE i-kà-al,"Do not trust that my brother, he will embezzle the grain."
419,um-ma DAM.GÀR-ma a-na Pú-zur4-A-šur ú a-wi-lim qí-bi-ma,Thus says the merchant: Speak to Puzur-Ashur and the boss:
420,ṭup-pám ša DAM.GÀR a-mur-ma AN.NA šé-bi-lam,Examine the tablet of the merchant and send the tin.
421,ki-ma da-a-a-nu-um me-tù-ni a-hu-a TÚG.HI.A i-ki-mu-ni,"When the judge died, my brother deprived me of the textiles."
422,a-šu-um lu-qú-tám ša Pú-zur4-A-šur a-na É.GAL-lim u-šé-bi-lu a-na-kam áš-me,"Concerning the merchandise that Puzur-Ashur sent to the palace, I have heard about it here."
423,lu-qú-tum a-na É.GAL-lim e-ru-ub-ma um-mì-a ni-is-ha-tum i-lá-qé,"The merchandise entered the palace, and my mother will take the deduction-taxes."
424,šu-ma a-bi-a AN.NA lá u-šé-bi-lam a-na kà-ni-iš a-ša-par,"If my father does not send the tin to me, I will write to Kanesh."
425,lu-qú-tum a-na a-lim(ki) e-ru-ub-ma um-mì-a ni-is-ha-tum i-lá-qé,"The merchandise entered the City, and my mother will take the deduction-taxes."
426,A-šur-na-da me-et ú ni-kà-sú-šu sà-ah-ú,"Ashur-nada is dead, and his accounts are in a mess."
427,<gap> URUDU dam-qám a-na ma-ṣa-ru di-in-ma šé-bi-lam,Give <gap> of fine copper to the guards and send it to me.
428,ki-ma um-mì-a me-tù-ni ma-ṣa-ru kà-ni-kám i-ki-mu-ni,"When my mother died, the guards deprived me of the sealed document."
429,lu-qú-tum a-na É DAM.GÀR e-ru-ub-ma <gap> ni-is-ha-tum i-lá-qé,"The merchandise entered the merchant's house, and <gap> will take the deduction-taxes."
430,um-ma wa-ar-di-ni-ma a-na A-šur-na-da ú a-ha-tí-kà qí-bi-ma,Thus says our slave: Speak to Ashur-nada and your sister:
431,ki-ma a-hu-a me-tù-ni a-ha-tí-kà AN.NA i-ki-mu-ni,"When my brother died, your sister deprived me of the tin."
432,lu-qú-tum a-na É.GAL-lim e-ru-ub-ma da-a-a-nu-um ni-is-ha-tum i-lá-qé,"The merchandise entered the palace, and the judge will take the deduction-taxes."
433,iš-tù ha-hi-im a-na wa-ah-šu-ša-na a-li-ik-ma URUDU dam-qám ba-qí-ir,Go from Hahhum to Wahshushana and claim the fine copper.
434,um-ma A-šur-na-da-ma a-na a-bi-a ú a-ha-tí-kà qí-bi-ma,Thus says Ashur-nada: Speak to my father and your sister:
435,šu-ma Pú-zur4-A-šur ŠE lá u-šé-bi-lam a-na kà-ri-im a-ša-par,"If Puzur-Ashur does not send the grain to me, I will write to the colony."
436,wa-ar-di-ni a-na hu-bu-li-šu i-ta-wa-ar-ma in-ta-bi-it,"Our slave was overwhelmed by his debts, and he fled."
437,a-šu-um TÚG.HI.A ša ma-ṣa-ru a-na kà-ri-im u-šé-bi-lu a-na-kam áš-me,"Concerning the textiles that guards sent to the colony, I have heard about it here."
438,šu-ma ma-ṣa-ru lu-qú-tám lá u-šé-bi-lam a-na kà-ni-iš a-ša-par,"If the guards does not send the merchandise to me, I will write to Kanesh."
439,ṭup-pám ša um-mì-a a-mur-ma kà-ni-kám šé-bi-lam,Examine the tablet of my mother and send the sealed document.
440,a-šu-um URUDU dam-qám ša wa-ar-di-ni a-na wa-ah-šu-ša-na u-šé-bi-lu a-na-kam áš-me,"Concerning the fine copper that our slave sent to Wahshushana, I have heard about it here."
441,um-ma <gap>-ma a-na Pú-zur4-A-šur ú a-wi-lim qí-bi-ma,Thus says <gap>: Speak to Puzur-Ashur and the boss:
442,a-šu-um kà-ni-kám ša <gap> a-na wa-ah-šu-ša-na u-šé-bi-lu a-na-kam áš-me,"Concerning the sealed document that guards sent to Wahshushana, I have heard about it here."
443,šu-ma a-hu-a lu-qú-tám lá u-šé-bi-lam a-na kà-ni-iš a-ša-par,"If my brother does not send the merchandise to me, I will write to Kanesh."
444,ki-ma ru-ba-im me-tù-ni a-hu-a KÙ.BABBAR i-ki-mu-ni,"When the king died, my brother deprived me of the silver."
445,10 ma-na KÙ.BABBAR i-na kà-ni-iš a-na A-šur-na-da áš-qúl,I paid 10 minas of silver to Ashur-nada in Kanesh.
446,a-na wa-ar-di-ni šu-a-tí lá ta-ta-kà-al <gap> i-kà-al,"Do not trust that our slave, he will embezzle <gap>."
447,lu-qú-tum a-na É.GAL-lim e-ru-ub-ma ma-ṣa-ru ni-is-ha-tum i-lá-qé,"The merchandise entered the palace, and the guards will take the deduction-taxes."
448,ki-ma a-hu-a me-tù-ni da-a-a-nu-um TÚG.HI.A i-ki-mu-ni,"When my brother died, the judge deprived me of the textiles."
449,um-ma <gap>-ma a-na um-mì-a qí-bi-ma,Thus says <gap>: Speak to my mother:
450,ṭup-pám ša a-ha-tí-kà a-mur-ma KÙ.BABBAR šé-bi-lam,Examine the tablet of your sister and send the silver.
451,ṭup-pám ša ru-ba-im a-mur-ma ŠE šé-bi-lam,Examine the tablet of the king and send the grain.
452,ṭup-pám ša wa-ar-di-ni a-mur-ma ŠE šé-bi-lam,Examine the tablet of our slave and send the grain.
453,lu-qú-tum a-na wa-ah-šu-ša-na e-ru-ub-ma <gap> ni-is-ha-tum i-lá-qé,"The merchandise entered Wahshushana, and <gap> will take the deduction-taxes."
454,ki-ma ma-ṣa-ru me-tù-ni A-šur-na-da TÚG.HI.A i-ki-mu-ni,"When the guards died, Ashur-nada deprived me of the textiles."
455,1 ma-na lu-qú-tám a-na um-mì-a di-in-ma šé-bi-lam,Give 1 mina of merchandise to my mother and send it to me.
456,a-šu-um KÙ.BABBAR ša ši-ip-ri-ni a-na a-lim(ki) u-šé-bi-lu a-na-kam áš-me,"Concerning the silver that our messenger sent to the City, I have heard about it here."
457,1/3 ma-na ŠE i-na <gap> a-na ši-ip-ri-ni áš-qúl,I paid one-third of a mina of grain to our messenger in <gap>.
458,um-ma A-šur-na-da-ma a-na da-a-a-nu-um qí-bi-ma,Thus says Ashur-nada: Speak to the judge:
459,a-šu-um TÚG.HI.A ša um-mì-a a-na kà-ri-im u-šé-bi-lu a-na-kam áš-me,"Concerning the textiles that my mother sent to the colony, I have heard about it here."
460,lu-qú-tum a-na ha-hi-im e-ru-ub-ma <gap> ni-is-ha-tum i-lá-qé,"The merchandise entered Hahhum, and <gap> will take the deduction-taxes."
461,a-šu-um kà-ni-kám ša ši-ip-ri-ni a-na a-lim(ki) u-šé-bi-lu a-na-kam áš-me,"Concerning the sealed document that our messenger sent to the City, I have heard about it here."
462,iš-tù kà-ri-im a-na É DAM.GÀR a-li-ik-ma KÙ.GI ba-qí-ir,Go from the colony to the merchant's house and claim the gold.
463,a-na Pú-zur4-A-šur qí-bi-ma um-ma da-a-a-nu-um-ma,Speak to Puzur-Ashur: thus says the judge.
464,um-ma da-a-a-nu-um-ma a-na a-ha-tí-kà ú ru-ba-im qí-bi-ma,Thus says the judge: Speak to your sister and the king:
465,iš-tù ha-hi-im a-na bu-ru-uš-ha-tum a-li-ik-ma lu-qú-tám ba-qí-ir,Go from Hahhum to Burushhattum and claim the merchandise.
466,šu-ma da-a-a-nu-um lu-qú-tám lá u-šé-bi-lam a-na É DAM.GÀR a-ša-par,"If the judge does not send the merchandise to me, I will write to the merchant's house."
467,1 GÍN <gap> a-na A-šur-na-da di-in-ma šé-bi-lam,Give 1 shekel of <gap> to Ashur-nada and send it to me.
468,lu-qú-tum a-na <gap> e-ru-ub-ma a-bi-a ni-is-ha-tum i-lá-qé,"The merchandise entered <gap>, and my father will take the deduction-taxes."
469,1 me-at URUDU dam-qám i-na É DAM.GÀR a-na Pú-zur4-A-šur áš-qúl,I paid 100 units of fine copper to Puzur-Ashur in the merchant's house.
470,iš-tù É.GAL-lim a-na wa-ah-šu-ša-na a-li-ik-ma <gap> ba-qí-ir,Go from the palace to Wahshushana and claim the <gap>.
471,1 ma-na KÙ.BABBAR i-na É DAM.GÀR a-na wa-ar-di-ni áš-qúl,I paid 1 mina of silver to our slave in the merchant's house.
472,a-šu-um kà-ni-kám ša da-a-a-nu-um a-na a-lim(ki) u-šé-bi-lu a-na-kam áš-me,"Concerning the sealed document that judge sent to the City, I have heard about it here."
473,šu-ma ru-ba-im ṭup-pám lá u-šé-bi-lam a-na bu-ru-uš-ha-tum a-ša-par,"If the king does not send the tablet to me, I will write to Burushhattum."
474,iš-tù ha-hi-im a-na É DAM.GÀR a-li-ik-ma ṭup-pám ba-qí-ir,Go from Hahhum to the merchant's house and claim the tablet.
475,um-ma kà-ru-um bu-ru-uš-ha-tum-ma a-na wa-ar-di-ni qí-bi-ma,Thus says the Burushhattum colony: Speak to our slave:
476,um-ma kà-ru-um kà-ni-iš-ma a-na <gap> qí-bi-ma,Thus says the Kanesh colony: Speak to <gap>:
477,lu-qú-tum a-na bu-ru-uš-ha-tum e-ru-ub-ma a-wi-lim ni-is-ha-tum i-lá-qé,"The merchandise entered Burushhattum, and the boss will take the deduction-taxes."
478,5 GÍN TÚG.HI.A i-na wa-ah-šu-ša-na a-na ru-ba-im áš-qúl,I paid 5 shekels of textiles to the king in Wahshushana.
479,1 GÍN URUDU dam-qám a-na ši-ip-ri-ni di-in-ma šé-bi-lam,Give 1 shekel of fine copper to our messenger and send it to me.
480,a-na a-bi-a qí-bi-ma um-ma um-mì-a-ma,Speak to my father: thus says my mother.
481,2 bi-lá-tim lu-qú-tám a-na Pú-zur4-A-šur di-in-ma šé-bi-lam,Give 2 talents of merchandise to Puzur-Ashur and send it to me.
482,5 GÍN KÙ.BABBAR i-na kà-ni-iš a-na <gap> áš-qúl,I paid 5 shekels of silver to <gap> in Kanesh.
483,um-ma da-a-a-nu-um-ma a-na ru-ba-im ú Pú-zur4-A-šur qí-bi-ma,Thus says the judge: Speak to the king and Puzur-Ashur:
484,1/3 ma-na KÙ.GI i-na bu-ru-uš-ha-tum a-na Pú-zur4-A-šur áš-qúl,I paid one-third of a mina of gold to Puzur-Ashur in Burushhattum.
485,ki-ma <gap> me-tù-ni ru-ba-im AN.NA i-ki-mu-ni,"When <gap> died, the king deprived me of the tin."
486,a-šu-um KÙ.GI ša um-mì-a a-na a-lim(ki) u-šé-bi-lu a-na-kam áš-me,"Concerning the gold that my mother sent to the City, I have heard about it here."
487,šu-ma ma-ṣa-ru URUDU dam-qám lá u-šé-bi-lam a-na kà-ri-im a-ša-par,"If the guards does not send the fine copper to me, I will write to the colony."
488,a-šu-um KÙ.GI ša ma-ṣa-ru a-na É DAM.GÀR u-šé-bi-lu a-na-kam áš-me,"Concerning the gold that guards sent to the merchant's house, I have heard about it here."
489,ki-ma ru-ba-im me-tù-ni a-wi-lim ṭup-pám i-ki-mu-ni,"When the king died, the boss deprived me of the tablet."
490,lu-qú-tum a-na ha-hi-im e-ru-ub-ma wa-ar-di-ni ni-is-ha-tum i-lá-qé,"The merchandise entered Hahhum, and our slave will take the deduction-taxes."
491,um-ma DAM.GÀR-ma a-na A-šur-na-da qí-bi-ma,Thus says the merchant: Speak to Ashur-nada:
492,um-ma <gap>-ma a-na a-ha-tí-kà qí-bi-ma,Thus says <gap>: Speak to your sister:
493,10 ma-na KÙ.BABBAR a-na um-mì-a di-in-ma šé-bi-lam,Give 10 minas of silver to my mother and send it to me.
494,šu-ma um-mì-a TÚG.HI.A lá u-šé-bi-lam a-na a-lim(ki) a-ša-par,"If my mother does not send the textiles to me, I will write to the City."
495,a-na ru-ba-im šu-a-tí lá ta-ta-kà-al ṭup-pám i-kà-al,"Do not trust that king, he will embezzle the tablet."
496,1 GÍN AN.NA a-na da-a-a-nu-um di-in-ma šé-bi-lam,Give 1 shekel of tin to the judge and send it to me.
497,a-hu-a a-na hu-bu-li-šu i-ta-wa-ar-ma in-ta-bi-it,"My brother was overwhelmed by his debts, and he fled."
498,1/3 ma-na KÙ.GI i-na kà-ni-iš a-na A-šur-na-da áš-qúl,I paid one-third of a mina of gold to Ashur-nada in Kanesh.
499,lu-qú-tum a-na É.GAL-lim e-ru-ub-ma ši-ip-ri-ni ni-is-ha-tum i-lá-qé,"The merchandise entered the palace, and our messenger will take the deduction-taxes."
500,1/3 ma-na TÚG.HI.A a-na DAM.GÀR di-in-ma šé-bi-lam,Give one-third of a mina of textiles to the merchant and send it to me.
501,5 GÍN TÚG.HI.A a-na ši-ip-ri-ni di-in-ma šé-bi-lam,Give 5 shekels of textiles to our messenger and send it to me.
502,a-na A-šur-na-da qí-bi-ma um-ma a-bi-a-ma,Speak to Ashur-nada: thus says my father.
503,um-ma Pú-zur4-A-šur-ma a-na um-mì-a ú um-mì-a qí-bi-ma,Thus says Puzur-Ashur: Speak to my mother and my mother:
504,1/3 ma-na URUDU dam-qám i-na bu-ru-uš-ha-tum a-na da-a-a-nu-um áš-qúl,I paid one-third of a mina of fine copper to the judge in Burushhattum.
505,iš-tù É DAM.GÀR a-na kà-ri-im a-li-ik-ma KÙ.GI ba-qí-ir,Go from the merchant's house to the colony and claim the gold.
506,um-ma wa-ar-di-ni-ma a-na a-bi-a qí-bi-ma,Thus says our slave: Speak to my father:
507,a-na ru-ba-im qí-bi-ma um-ma a-wi-lim-ma,Speak to the king: thus says the boss.
508,1 me-at KÙ.GI a-na a-wi-lim di-in-ma šé-bi-lam,Give 100 units of gold to the boss and send it to me.
509,um-ma kà-ru-um a-lim(ki)-ma a-na a-hu-a qí-bi-ma,Thus says the City colony: Speak to my brother:
510,1/3 ma-na ŠE a-na Pú-zur4-A-šur di-in-ma šé-bi-lam,Give one-third of a mina of grain to Puzur-Ashur and send it to me.
511,lu-qú-tum a-na a-lim(ki) e-ru-ub-ma <gap> ni-is-ha-tum i-lá-qé,"The merchandise entered the City, and <gap> will take the deduction-taxes."
512,10 ma-na ŠE a-na Pú-zur4-A-šur di-in-ma šé-bi-lam,Give 10 minas of grain to Puzur-Ashur and send it to me.
513,a-na A-šur-na-da šu-a-tí lá ta-ta-kà-al ṭup-pám i-kà-al,"Do not trust that Ashur-nada, he will embezzle the tablet."
514,lu-qú-tum a-na kà-ri-im e-ru-ub-ma um-mì-a ni-is-ha-tum i-lá-qé,"The merchandise entered the colony, and my mother will take the deduction-taxes."
515,2 bi-lá-tim ṭup-pám i-na kà-ni-iš a-na um-mì-a áš-qúl,I paid 2 talents of the tablet to my mother in Kanesh.
516,um-ma wa-ar-di-ni-ma a-na ma-ṣa-ru ú a-wi-lim qí-bi-ma,Thus says our slave: Speak to the guards and the boss:
517,šu-ma A-šur-na-da ŠE lá u-šé-bi-lam a-na ha-hi-im a-ša-par,"If Ashur-nada does not send the grain to me, I will write to Hahhum."
518,um-ma a-wi-lim-ma a-na A-šur-na-da qí-bi-ma,Thus says the boss: Speak to Ashur-nada:
519,1 ma-na KÙ.BABBAR i-na bu-ru-uš-ha-tum a-na da-a-a-nu-um áš-qúl,I paid 1 mina of silver to the judge in Burushhattum.
520,a-na Pú-zur4-A-šur šu-a-tí lá ta-ta-kà-al ṭup-pám i-kà-al,"Do not trust that Puzur-Ashur, he will embezzle the tablet."
521,ki-ma a-bi-a me-tù-ni a-hu-a <gap> i-ki-mu-ni,"When my father died, my brother deprived me of the <gap>."
522,lu-qú-tum a-na É DAM.GÀR e-ru-ub-ma Pú-zur4-A-šur ni-is-ha-tum i-lá-qé,"The merchandise entered the merchant's house, and Puzur-Ashur will take the deduction-taxes."
523,a-šu-um KÙ.BABBAR ša a-wi-lim a-na <gap> u-šé-bi-lu a-na-kam áš-me,"Concerning the silver that boss sent to <gap>, I have heard about it here."
524,a-na ru-ba-im šu-a-tí lá ta-ta-kà-al AN.NA i-kà-al,"Do not trust that king, he will embezzle the tin."
525,a-šu-um ṭup-pám ša Pú-zur4-A-šur a-na kà-ri-im u-šé-bi-lu a-na-kam áš-me,"Concerning the tablet that Puzur-Ashur sent to the colony, I have heard about it here."
526,ṭup-pám ša ru-ba-im a-mur-ma kà-ni-kám šé-bi-lam,Examine the tablet of the king and send the sealed document.
527,2 bi-lá-tim AN.NA i-na ha-hi-im a-na da-a-a-nu-um áš-qúl,I paid 2 talents of tin to the judge in Hahhum.
528,um-ma da-a-a-nu-um-ma a-na a-ha-tí-kà qí-bi-ma,Thus says the judge: Speak to your sister:
529,iš-tù kà-ni-iš a-na wa-ah-šu-ša-na a-li-ik-ma kà-ni-kám ba-qí-ir,Go from Kanesh to Wahshushana and claim the sealed document.
530,ki-ma ši-ip-ri-ni me-tù-ni a-wi-lim ŠE i-ki-mu-ni,"When our messenger died, the boss deprived me of the grain."
531,a-šu-um KÙ.GI ša DAM.GÀR a-na <gap> u-šé-bi-lu a-na-kam áš-me,"Concerning the gold that merchant sent to <gap>, I have heard about it here."
532,a-šu-um <gap> ša a-ha-tí-kà a-na É.GAL-lim u-šé-bi-lu a-na-kam áš-me,"Concerning <gap> that your sister sent to the palace, I have heard about it here."
533,ki-ma ši-ip-ri-ni me-tù-ni a-hu-a KÙ.GI i-ki-mu-ni,"When our messenger died, my brother deprived me of the gold."
534,um-ma wa-ar-di-ni-ma a-na DAM.GÀR ú a-wi-lim qí-bi-ma,Thus says our slave: Speak to the merchant and the boss:
535,a-wi-lúm a-wi-lam i-na wa-ah-šu-ša-na ú-kà-al,One man is holding the other in Wahshushana.
536,ki-ma DAM.GÀR me-tù-ni ma-ṣa-ru ṭup-pám i-ki-mu-ni,"When the merchant died, the guards deprived me of the tablet."
537,1/3 ma-na KÙ.BABBAR i-na ha-hi-im a-na Pú-zur4-A-šur áš-qúl,I paid one-third of a mina of silver to Puzur-Ashur in Hahhum.
538,a-na ma-ṣa-ru qí-bi-ma um-ma ru-ba-im-ma,Speak to the guards: thus says the king.
539,šu-ma Pú-zur4-A-šur URUDU dam-qám lá u-šé-bi-lam a-na ha-hi-im a-ša-par,"If Puzur-Ashur does not send the fine copper to me, I will write to Hahhum."
540,ki-ma ma-ṣa-ru me-tù-ni a-wi-lim KÙ.GI i-ki-mu-ni,"When the guards died, the boss deprived me of the gold."
541,a-na ši-ip-ri-ni šu-a-tí lá ta-ta-kà-al ŠE i-kà-al,"Do not trust that our messenger, he will embezzle the grain."
542,iš-tù kà-ni-iš a-na É DAM.GÀR a-li-ik-ma KÙ.GI ba-qí-ir,Go from Kanesh to the merchant's house and claim the gold.
543,um-ma kà-ru-um kà-ni-iš-ma a-na ši-ip-ri-ni qí-bi-ma,Thus says the Kanesh colony: Speak to our messenger:
544,ki-ma ši-ip-ri-ni me-tù-ni A-šur-na-da <gap> i-ki-mu-ni,"When our messenger died, Ashur-nada deprived me of the <gap>."
545,um-ma A-šur-na-da-ma a-na ma-ṣa-ru ú ši-ip-ri-ni qí-bi-ma,Thus says Ashur-nada: Speak to the guards and our messenger:
546,1 me-at URUDU dam-qám a-na wa-ar-di-ni di-in-ma šé-bi-lam,Give 100 units of fine copper to our slave and send it to me.
547,1/3 ma-na ŠE i-na É DAM.GÀR a-na da-a-a-nu-um áš-qúl,I paid one-third of a mina of grain to the judge in the merchant's house.
548,a-šu-um KÙ.GI ša wa-ar-di-ni a-na ha-hi-im u-šé-bi-lu a-na-kam áš-me,"Concerning the gold that our slave sent to Hahhum, I have heard about it here."
549,a-ma-kam ši-ip-ri-ni ša-e-il5-ma té-er-ta-kà li-li-kam,Question our messenger there and let your instruction come to me.
550,iš-tù wa-ah-šu-ša-na a-na kà-ni-iš a-li-ik-ma kà-ni-kám ba-qí-ir,Go from Wahshushana to Kanesh and claim the sealed document.
551,a-na wa-ar-di-ni šu-a-tí lá ta-ta-kà-al kà-ni-kám i-kà-al,"Do not trust that our slave, he will embezzle the sealed document."
552,um-ma wa-ar-di-ni-ma a-na ru-ba-im ú a-ha-tí-kà qí-bi-ma,Thus says our slave: Speak to the king and your sister:
553,šu-ma a-bi-a TÚG.HI.A lá u-šé-bi-lam a-na wa-ah-šu-ša-na a-ša-par,"If my father does not send the textiles to me, I will write to Wahshushana."
554,ṭup-pám ša a-hu-a a-mur-ma KÙ.BABBAR šé-bi-lam,Examine the tablet of my brother and send the silver.
555,um-ma DAM.GÀR-ma a-na Pú-zur4-A-šur ú da-a-a-nu-um qí-bi-ma,Thus says the merchant: Speak to Puzur-Ashur and the judge:
556,um-ma kà-ru-um É DAM.GÀR-ma a-na <gap> qí-bi-ma,Thus says the merchant's house colony: Speak to <gap>:
557,a-na um-mì-a qí-bi-ma um-ma ru-ba-im-ma,Speak to my mother: thus says the king.
558,a-šu-um lu-qú-tám ša ru-ba-im a-na kà-ni-iš u-šé-bi-lu a-na-kam áš-me,"Concerning the merchandise that king sent to Kanesh, I have heard about it here."
559,ki-ma a-wi-lim me-tù-ni Pú-zur4-A-šur TÚG.HI.A i-ki-mu-ni,"When the boss died, Puzur-Ashur deprived me of the textiles."
560,ki-ma a-ha-tí-kà me-tù-ni ru-ba-im KÙ.GI i-ki-mu-ni,"When your sister died, the king deprived me of the gold."
561,a-na a-ha-tí-kà šu-a-tí lá ta-ta-kà-al ṭup-pám i-kà-al,"Do not trust that your sister, he will embezzle the tablet."
562,lu-qú-tum a-na ha-hi-im e-ru-ub-ma a-hu-a ni-is-ha-tum i-lá-qé,"The merchandise entered Hahhum, and my brother will take the deduction-taxes."
563,a-na da-a-a-nu-um qí-bi-ma um-ma DAM.GÀR-ma,Speak to the judge: thus says the merchant.
564,1 ma-na AN.NA i-na É DAM.GÀR a-na A-šur-na-da áš-qúl,I paid 1 mina of tin to Ashur-nada in the merchant's house.
565,um-ma A-šur-na-da-ma a-na wa-ar-di-ni qí-bi-ma,Thus says Ashur-nada: Speak to our slave:
566,ṭup-pám ša wa-ar-di-ni a-mur-ma <gap> šé-bi-lam,Examine the tablet of our slave and send the <gap>.
567,šu-ma da-a-a-nu-um KÙ.GI lá u-šé-bi-lam a-na ha-hi-im a-ša-par,"If the judge does not send the gold to me, I will write to Hahhum."
568,um-ma um-mì-a-ma a-na ši-ip-ri-ni ú da-a-a-nu-um qí-bi-ma,Thus says my mother: Speak to our messenger and the judge:
569,ki-ma a-hu-a me-tù-ni ma-ṣa-ru AN.NA i-ki-mu-ni,"When my brother died, the guards deprived me of the tin."
570,ki-ma a-wi-lim me-tù-ni wa-ar-di-ni lu-qú-tám i-ki-mu-ni,"When the boss died, our slave deprived me of the merchandise."
571,ki-ma a-bi-a me-tù-ni a-hu-a kà-ni-kám i-ki-mu-ni,"When my father died, my brother deprived me of the sealed document."
572,a-na a-bi-a qí-bi-ma um-ma Pú-zur4-A-šur-ma,Speak to my father: thus says Puzur-Ashur.
573,1 GÍN TÚG.HI.A a-na wa-ar-di-ni di-in-ma šé-bi-lam,Give 1 shekel of textiles to our slave and send it to me.
574,2 bi-lá-tim KÙ.BABBAR a-na DAM.GÀR di-in-ma šé-bi-lam,Give 2 talents of silver to the merchant and send it to me.
575,a-na wa-ar-di-ni šu-a-tí lá ta-ta-kà-al KÙ.BABBAR i-kà-al,"Do not trust that our slave, he will embezzle the silver."
576,2 bi-lá-tim URUDU dam-qám a-na wa-ar-di-ni di-in-ma šé-bi-lam,Give 2 talents of fine copper to our slave and send it to me.
577,ki-ma Pú-zur4-A-šur me-tù-ni A-šur-na-da URUDU dam-qám i-ki-mu-ni,"When Puzur-Ashur died, Ashur-nada deprived me of the fine copper."
578,šu-ma Pú-zur4-A-šur AN.NA lá u-šé-bi-lam a-na É DAM.GÀR a-ša-par,"If Puzur-Ashur does not send the tin to me, I will write to the merchant's house."
579,a-na <gap> qí-bi-ma um-ma ši-ip-ri-ni-ma,Speak to <gap>: thus says our messenger.
580,šu-ma ru-ba-im lu-qú-tám lá u-šé-bi-lam a-na kà-ri-im a-ša-par,"If the king does not send the merchandise to me, I will write to the colony."
581,ki-ma a-wi-lim me-tù-ni a-hu-a kà-ni-kám i-ki-mu-ni,"When the boss died, my brother deprived me of the sealed document."
582,um-ma A-šur-na-da-ma a-na ma-ṣa-ru qí-bi-ma,Thus says Ashur-nada: Speak to the guards:
583,lu-qú-tum a-na kà-ni-iš e-ru-ub-ma a-wi-lim ni-is-ha-tum i-lá-qé,"The merchandise entered Kanesh, and the boss will take the deduction-taxes."
584,a-šu-um ŠE ša Pú-zur4-A-šur a-na bu-ru-uš-ha-tum u-šé-bi-lu a-na-kam áš-me,"Concerning the grain that Puzur-Ashur sent to Burushhattum, I have heard about it here."
585,a-na Pú-zur4-A-šur šu-a-tí lá ta-ta-kà-al KÙ.GI i-kà-al,"Do not trust that Puzur-Ashur, he will embezzle the gold."
586,a-na a-bi-a šu-a-tí lá ta-ta-kà-al ṭup-pám i-kà-al,"Do not trust that my father, he will embezzle the tablet."
587,1 GÍN URUDU dam-qám i-na wa-ah-šu-ša-na a-na A-šur-na-da áš-qúl,I paid 1 shekel of fine copper to Ashur-nada in Wahshushana.
588,5 GÍN ŠE i-na <gap> a-na Pú-zur4-A-šur áš-qúl,I paid 5 shekels of grain to Puzur-Ashur in <gap>.
589,ki-ma um-mì-a me-tù-ni A-šur-na-da URUDU dam-qám i-ki-mu-ni,"When my mother died, Ashur-nada deprived me of the fine copper."
590,a-šu-um URUDU dam-qám ša um-mì-a a-na ha-hi-im u-šé-bi-lu a-na-kam áš-me,"Concerning the fine copper that my mother sent to Hahhum, I have heard about it here."
591,a-šu-um AN.NA ša ru-ba-im a-na wa-ah-šu-ša-na u-šé-bi-lu a-na-kam áš-me,"Concerning the tin that king sent to Wahshushana, I have heard about it here."
592,um-ma a-ha-tí-kà-ma a-na Pú-zur4-A-šur qí-bi-ma,Thus says your sister: Speak to Puzur-Ashur:
593,ṭup-pám ša a-ha-tí-kà a-mur-ma AN.NA šé-bi-lam,Examine the tablet of your sister and send the tin.
594,a-šu-um KÙ.GI ša ma-ṣa-ru a-na a-lim(ki) u-šé-bi-lu a-na-kam áš-me,"Concerning the gold that guards sent to the City, I have heard about it here."
595,a-šu-um ŠE ša DAM.GÀR a-na kà-ni-iš u-šé-bi-lu a-na-kam áš-me,"Concerning the grain that merchant sent to Kanesh, I have heard about it here."
596,um-ma kà-ru-um É DAM.GÀR-ma a-na ši-ip-ri-ni qí-bi-ma,Thus says the merchant's house colony: Speak to our messenger:
597,ki-ma a-hu-a me-tù-ni a-ha-tí-kà ṭup-pám i-ki-mu-ni,"When my brother died, your sister deprived me of the tablet."
598,um-ma a-bi-a-ma a-na a-ha-tí-kà qí-bi-ma,Thus says my father: Speak to your sister:
599,1 ma-na TÚG.HI.A a-na ma-ṣa-ru di-in-ma šé-bi-lam,Give 1 mina of textiles to the guards and send it to me.
600,ṭup-pám ša a-ha-tí-kà a-mur-ma TÚG.HI.A šé-bi-lam,Examine the tablet of your sister and send the textiles.
601,iš-tù ha-hi-im a-na É.GAL-lim a-li-ik-ma kà-ni-kám ba-qí-ir,Go from Hahhum to the palace and claim the sealed document.
602,iš-tù kà-ri-im a-na a-lim(ki) a-li-ik-ma AN.NA ba-qí-ir,Go from the colony to the City and claim the tin.
603,1 ma-na ŠE a-na A-šur-na-da di-in-ma šé-bi-lam,Give 1 mina of grain to Ashur-nada and send it to me.
604,iš-tù bu-ru-uš-ha-tum a-na kà-ri-im a-li-ik-ma URUDU dam-qám ba-qí-ir,Go from Burushhattum to the colony and claim the fine copper.
605,ki-ma a-hu-a me-tù-ni ma-ṣa-ru kà-ni-kám i-ki-mu-ni,"When my brother died, the guards deprived me of the sealed document."
606,um-ma kà-ru-um wa-ah-šu-ša-na-ma a-na da-a-a-nu-um qí-bi-ma,Thus says the Wahshushana colony: Speak to the judge:
607,a-na um-mì-a šu-a-tí lá ta-ta-kà-al KÙ.BABBAR i-kà-al,"Do not trust that my mother, he will embezzle the silver."
608,iš-tù bu-ru-uš-ha-tum a-na a-lim(ki) a-li-ik-ma <gap> ba-qí-ir,Go from Burushhattum to the City and claim the <gap>.
609,a-šu-um kà-ni-kám ša ru-ba-im a-na É.GAL-lim u-šé-bi-lu a-na-kam áš-me,"Concerning the sealed document that king sent to the palace, I have heard about it here."
610,1 GÍN lu-qú-tám a-na Pú-zur4-A-šur di-in-ma šé-bi-lam,Give 1 shekel of merchandise to Puzur-Ashur and send it to me.
611,a-na <gap> qí-bi-ma um-ma a-bi-a-ma,Speak to <gap>: thus says my father.
612,ṭup-pám ša a-hu-a a-mur-ma lu-qú-tám šé-bi-lam,Examine the tablet of my brother and send the merchandise.
613,um-ma kà-ru-um kà-ni-iš-ma a-na a-hu-a qí-bi-ma,Thus says the Kanesh colony: Speak to my brother:
614,ṭup-pám ša a-wi-lim a-mur-ma TÚG.HI.A šé-bi-lam,Examine the tablet of the boss and send the textiles.
615,iš-tù a-lim(ki) a-na bu-ru-uš-ha-tum a-li-ik-ma KÙ.BABBAR ba-qí-ir,Go from the City to Burushhattum and claim the silver.
616,5 GÍN URUDU dam-qám i-na <gap> a-na a-ha-tí-kà áš-qúl,I paid 5 shekels of fine copper to your sister in <gap>.
617,<gap> kà-ni-kám i-na É.GAL-lim a-na ši-ip-ri-ni áš-qúl,I paid <gap> of the sealed document to our messenger in the palace.
618,ki-ma ru-ba-im me-tù-ni a-hu-a lu-qú-tám i-ki-mu-ni,"When the king died, my brother deprived me of the merchandise."
619,lu-qú-tum a-na bu-ru-uš-ha-tum e-ru-ub-ma ru-ba-im ni-is-ha-tum i-lá-qé,"The merchandise entered Burushhattum, and the king will take the deduction-taxes."
620,um-ma a-bi-a-ma a-na wa-ar-di-ni qí-bi-ma,Thus says my father: Speak to our slave:
621,ki-ma ru-ba-im me-tù-ni ši-ip-ri-ni lu-qú-tám i-ki-mu-ni,"When the king died, our messenger deprived me of the merchandise."
622,šu-ma a-bi-a kà-ni-kám lá u-šé-bi-lam a-na kà-ri-im a-ša-par,"If my father does not send the sealed document to me, I will write to the colony."
623,a-šu-um ṭup-pám ša ma-ṣa-ru a-na kà-ri-im u-šé-bi-lu a-na-kam áš-me,"Concerning the tablet that guards sent to the colony, I have heard about it here."
624,šu-ma ma-ṣa-ru KÙ.BABBAR lá u-šé-bi-lam a-na bu-ru-uš-ha-tum a-ša-par,"If the guards does not send the silver to me, I will write to Burushhattum."
625,<gap> kà-ni-kám a-na ru-ba-im di-in-ma šé-bi-lam,Give <gap> of the sealed document to the king and send it to me.
626,ṭup-pám ša a-bi-a a-mur-ma URUDU dam-qám šé-bi-lam,Examine the tablet of my father and send the fine copper.
627,a-šu-um TÚG.HI.A ša wa-ar-di-ni a-na É DAM.GÀR u-šé-bi-lu a-na-kam áš-me,"Concerning the textiles that our slave sent to the merchant's house, I have heard about it here."
628,a-na ru-ba-im šu-a-tí lá ta-ta-kà-al KÙ.BABBAR i-kà-al,"Do not trust that king, he will embezzle the silver."
629,ki-ma DAM.GÀR me-tù-ni Pú-zur4-A-šur KÙ.BABBAR i-ki-mu-ni,"When the merchant died, Puzur-Ashur deprived me of the silver."
630,a-šu-um ŠE ša <gap> a-na kà-ri-im u-šé-bi-lu a-na-kam áš-me,"Concerning the grain that <gap> sent to the colony, I have heard about it here."
631,ki-ma ši-ip-ri-ni me-tù-ni wa-ar-di-ni ŠE i-ki-mu-ni,"When our messenger died, our slave deprived me of the grain."
632,a-šu-um URUDU dam-qám ša Pú-zur4-A-šur a-na <gap> u-šé-bi-lu a-na-kam áš-me,"Concerning the fine copper that Puzur-Ashur sent to <gap>, I have heard about it here."
633,iš-tù kà-ni-iš a-na kà-ri-im a-li-ik-ma URUDU dam-qám ba-qí-ir,Go from Kanesh to the colony and claim the fine copper.
634,um-ma da-a-a-nu-um-ma a-na wa-ar-di-ni qí-bi-ma,Thus says the judge: Speak to our slave:
635,iš-tù wa-ah-šu-ša-na a-na kà-ni-iš a-li-ik-ma KÙ.BABBAR ba-qí-ir,Go from Wahshushana to Kanesh and claim the silver.
636,a-na a-ha-tí-kà šu-a-tí lá ta-ta-kà-al lu-qú-tám i-kà-al,"Do not trust that your sister, he will embezzle the merchandise."
637,1 me-at TÚG.HI.A a-na ma-ṣa-ru di-in-ma šé-bi-lam,Give 100 units of textiles to the guards and send it to me.
638,a-šu-um ṭup-pám ša a-bi-a a-na É.GAL-lim u-šé-bi-lu a-na-kam áš-me,"Concerning the tablet that my father sent to the palace, I have heard about it here."
639,10 ma-na TÚG.HI.A a-na um-mì-a di-in-ma šé-bi-lam,Give 10 minas of textiles to my mother and send it to me.
640,lu-qú-tum a-na É.GAL-lim e-ru-ub-ma a-ha-tí-kà ni-is-ha-tum i-lá-qé,"The merchandise entered the palace, and your sister will take the deduction-taxes."
641,5 GÍN lu-qú-tám a-na ši-ip-ri-ni di-in-ma šé-bi-lam,Give 5 shekels of merchandise to our messenger and send it to me.
642,lu-qú-tum a-na bu-ru-uš-ha-tum e-ru-ub-ma A-šur-na-da ni-is-ha-tum i-lá-qé,"The merchandise entered Burushhattum, and Ashur-nada will take the deduction-taxes."
643,iš-tù <gap> a-na wa-ah-šu-ša-na a-li-ik-ma lu-qú-tám ba-qí-ir,Go from <gap> to Wahshushana and claim the merchandise.
644,1 GÍN ṭup-pám a-na ši-ip-ri-ni di-in-ma šé-bi-lam,Give 1 shekel of the tablet to our messenger and send it to me.
645,a-na wa-ar-di-ni qí-bi-ma um-ma Pú-zur4-A-šur-ma,Speak to our slave: thus says Puzur-Ashur.
646,iš-tù kà-ni-iš a-na É.GAL-lim a-li-ik-ma kà-ni-kám ba-qí-ir,Go from Kanesh to the palace and claim the sealed document.
647,1/3 ma-na <gap> a-na ru-ba-im di-in-ma šé-bi-lam,Give one-third of a mina of <gap> to the king and send it to me.
648,ṭup-pám ša ma-ṣa-ru a-mur-ma URUDU dam-qám šé-bi-lam,Examine the tablet of the guards and send the fine copper.
649,a-šu-um lu-qú-tám ša DAM.GÀR a-na É DAM.GÀR u-šé-bi-lu a-na-kam áš-me,"Concerning the merchandise that merchant sent to the merchant's house, I have heard about it here."
650,lu-qú-tum a-na wa-ah-šu-ša-na e-ru-ub-ma a-wi-lim ni-is-ha-tum i-lá-qé,"The merchandise entered Wahshushana, and the boss will take the deduction-taxes."
651,5 GÍN ŠE a-na um-mì-a di-in-ma šé-bi-lam,Give 5 shekels of grain to my mother and send it to me.
652,um-ma <gap>-ma a-na ma-ṣa-ru qí-bi-ma,Thus says <gap>: Speak to the guards:
653,um-ma ši-ip-ri-ni-ma a-na DAM.GÀR ú ru-ba-im qí-bi-ma,Thus says our messenger: Speak to the merchant and the king:
654,1 me-at TÚG.HI.A i-na É.GAL-lim a-na DAM.GÀR áš-qúl,I paid 100 units of textiles to the merchant in the palace.
655,2 bi-lá-tim AN.NA i-na ha-hi-im a-na um-mì-a áš-qúl,I paid 2 talents of tin to my mother in Hahhum.
656,šu-ma ši-ip-ri-ni URUDU dam-qám lá u-šé-bi-lam a-na É DAM.GÀR a-ša-par,"If our messenger does not send the fine copper to me, I will write to the merchant's house."
657,a-na A-šur-na-da qí-bi-ma um-ma a-hu-a-ma,Speak to Ashur-nada: thus says my brother.
658,a-šu-um ṭup-pám ša um-mì-a a-na kà-ni-iš u-šé-bi-lu a-na-kam áš-me,"Concerning the tablet that my mother sent to Kanesh, I have heard about it here."
659,1 GÍN URUDU dam-qám a-na a-hu-a di-in-ma šé-bi-lam,Give 1 shekel of fine copper to my brother and send it to me.
660,lu-qú-tum a-na kà-ri-im e-ru-ub-ma a-bi-a ni-is-ha-tum i-lá-qé,"The merchandise entered the colony, and my father will take the deduction-taxes."
661,ki-ma wa-ar-di-ni me-tù-ni a-ha-tí-kà URUDU dam-qám i-ki-mu-ni,"When our slave died, your sister deprived me of the fine copper."
662,a-šu-um URUDU dam-qám ša ši-ip-ri-ni a-na a-lim(ki) u-šé-bi-lu a-na-kam áš-me,"Concerning the fine copper that our messenger sent to the City, I have heard about it here."
663,1/3 ma-na ṭup-pám a-na um-mì-a di-in-ma šé-bi-lam,Give one-third of a mina of the tablet to my mother and send it to me.
664,um-ma A-šur-na-da-ma a-na a-wi-lim qí-bi-ma,Thus says Ashur-nada: Speak to the boss:
665,um-ma wa-ar-di-ni-ma a-na um-mì-a ú a-hu-a qí-bi-ma,Thus says our slave: Speak to my mother and my brother:
666,1/3 ma-na KÙ.GI i-na É DAM.GÀR a-na a-wi-lim áš-qúl,I paid one-third of a mina of gold to the boss in the merchant's house.
667,10 ma-na kà-ni-kám i-na É.GAL-lim a-na um-mì-a áš-qúl,I paid 10 minas of the sealed document to my mother in the palace.
668,1 ma-na URUDU dam-qám i-na a-lim(ki) a-na ši-ip-ri-ni áš-qúl,I paid 1 mina of fine copper to our messenger in the City.
669,um-ma kà-ru-um kà-ni-iš-ma a-na ru-ba-im qí-bi-ma,Thus says the Kanesh colony: Speak to the king:
670,a-šu-um KÙ.GI ša wa-ar-di-ni a-na wa-ah-šu-ša-na u-šé-bi-lu a-na-kam áš-me,"Concerning the gold that our slave sent to Wahshushana, I have heard about it here."
671,iš-tù kà-ni-iš a-na a-lim(ki) a-li-ik-ma lu-qú-tám ba-qí-ir,Go from Kanesh to the City and claim the merchandise.
672,2 bi-lá-tim AN.NA a-na DAM.GÀR di-in-ma šé-bi-lam,Give 2 talents of tin to the merchant and send it to me.
673,a-šu-um TÚG.HI.A ša ma-ṣa-ru a-na bu-ru-uš-ha-tum u-šé-bi-lu a-na-kam áš-me,"Concerning the textiles that guards sent to Burushhattum, I have heard about it here."
674,a-šu-um <gap> ša um-mì-a a-na kà-ni-iš u-šé-bi-lu a-na-kam áš-me,"Concerning the <gap> that my mother sent to Kanesh, I have heard about it here."
675,ṭup-pám ša a-bi-a a-mur-ma kà-ni-kám šé-bi-lam,Examine the tablet of my father and send the sealed document.
676,5 GÍN lu-qú-tám i-na bu-ru-uš-ha-tum a-na a-wi-lim áš-qúl,I paid 5 shekels of merchandise to the boss in Burushhattum.
677,ṭup-pám ša a-hu-a a-mur-ma <gap> šé-bi-lam,Examine the tablet of my brother and send the <gap>.
678,um-ma Pú-zur4-A-šur-ma a-na a-bi-a qí-bi-ma,Thus says Puzur-Ashur: Speak to my father:
679,lu-qú-tum a-na ha-hi-im e-ru-ub-ma ma-ṣa-ru ni-is-ha-tum i-lá-qé,"The merchandise entered Hahhum, and the guards will take the deduction-taxes."
680,1 me-at lu-qú-tám a-na ši-ip-ri-ni di-in-ma šé-bi-lam,Give 100 units of merchandise to our messenger and send it to me.
681,iš-tù É DAM.GÀR a-na wa-ah-šu-ša-na a-li-ik-ma URUDU dam-qám ba-qí-ir,Go from the merchant's house to Wahshushana and claim the fine copper.
682,a-šu-um URUDU dam-qám ša Pú-zur4-A-šur a-na É DAM.GÀR u-šé-bi-lu a-na-kam áš-me,"Concerning the fine copper that Puzur-Ashur sent to the merchant's house, I have heard about it here."
683,um-ma DAM.GÀR-ma a-na um-mì-a ú a-hu-a qí-bi-ma,Thus says the merchant: Speak to my mother and my brother:
684,2 bi-lá-tim KÙ.GI i-na a-lim(ki) a-na <gap> áš-qúl,I paid 2 talents of gold to <gap> in the City.
685,ṭup-pám ša A-šur-na-da a-mur-ma KÙ.BABBAR šé-bi-lam,Examine the tablet of Ashur-nada and send the silver.
686,šu-ma Pú-zur4-A-šur kà-ni-kám lá u-šé-bi-lam a-na kà-ni-iš a-ša-par,"If Puzur-Ashur does not send the sealed document to me, I will write to Kanesh."
687,ṭup-pám ša da-a-a-nu-um a-mur-ma ṭup-pám šé-bi-lam,Examine the tablet of the judge and send the tablet.
688,lu-qú-tum a-na kà-ni-iš e-ru-ub-ma ši-ip-ri-ni ni-is-ha-tum i-lá-qé,"The merchandise entered Kanesh, and our messenger will take the deduction-taxes."
689,šu-ma da-a-a-nu-um ṭup-pám lá u-šé-bi-lam a-na bu-ru-uš-ha-tum a-ša-par,"If the judge does not send the tablet to me, I will write to Burushhattum."
690,um-ma a-hu-a-ma a-na um-mì-a qí-bi-ma,Thus says my brother: Speak to my mother:
691,a-šu-um KÙ.GI ša um-mì-a a-na É.GAL-lim u-šé-bi-lu a-na-kam áš-me,"Concerning the gold that my mother sent to the palace, I have heard about it here."
692,1/3 ma-na lu-qú-tám i-na bu-ru-uš-ha-tum a-na ši-ip-ri-ni áš-qúl,I paid one-third of a mina of merchandise to our messenger in Burushhattum.
693,a-šu-um ṭup-pám ša ru-ba-im a-na kà-ri-im u-šé-bi-lu a-na-kam áš-me,"Concerning the tablet that king sent to the colony, I have heard about it here."
694,um-ma kà-ru-um a-lim(ki)-ma a-na wa-ar-di-ni qí-bi-ma,Thus says the City colony: Speak to our slave:
695,a-na A-šur-na-da šu-a-tí lá ta-ta-kà-al URUDU dam-qám i-kà-al,"Do not trust that Ashur-nada, he will embezzle the fine copper."
696,1 ma-na URUDU dam-qám i-na É.GAL-lim a-na ma-ṣa-ru áš-qúl,I paid 1 mina of fine copper to the guards in the palace.
697,a-na a-ha-tí-kà šu-a-tí lá ta-ta-kà-al ŠE i-kà-al,"Do not trust that your sister, he will embezzle the grain."
698,iš-tù É.GAL-lim a-na É DAM.GÀR a-li-ik-ma KÙ.GI ba-qí-ir,Go from the palace to the merchant's house and claim the gold.
699,a-šu-um ŠE ša wa-ar-di-ni a-na wa-ah-šu-ša-na u-šé-bi-lu a-na-kam áš-me,"Concerning the grain that our slave sent to Wahshushana, I have heard about it here."
700,a-na DAM.GÀR šu-a-tí lá ta-ta-kà-al KÙ.GI i-kà-al,"Do not trust that merchant, he will embezzle the gold."
701,um-ma kà-ru-um É DAM.GÀR-ma a-na da-a-a-nu-um qí-bi-ma,Thus says the merchant's house colony: Speak to the judge:
702,a-na da-a-a-nu-um šu-a-tí lá ta-ta-kà-al ŠE i-kà-al,"Do not trust that judge, he will embezzle the grain."
703,a-na <gap> šu-a-tí lá ta-ta-kà-al KÙ.GI i-kà-al,"Do not trust that king, he will embezzle the gold."
704,a-na a-wi-lim qí-bi-ma um-ma wa-ar-di-ni-ma,Speak to the boss: thus says our slave.
705,lu-qú-tum a-na ha-hi-im e-ru-ub-ma da-a-a-nu-um ni-is-ha-tum i-lá-qé,"The merchandise entered Hahhum, and the judge will take the deduction-taxes."
706,a-na a-ha-tí-kà qí-bi-ma um-ma ši-ip-ri-ni-ma,Speak to your sister: thus says our messenger.
707,šu-ma <gap> KÙ.BABBAR lá u-šé-bi-lam a-na kà-ni-iš a-ša-par,"If <gap> does not send the silver to me, I will write to Kanesh."
708,šu-ma da-a-a-nu-um KÙ.GI lá u-šé-bi-lam a-na wa-ah-šu-ša-na a-ša-par,"If the judge does not send the gold to me, I will write to Wahshushana."
709,lu-qú-tum a-na É.GAL-lim e-ru-ub-ma ru-ba-im ni-is-ha-tum i-lá-qé,"The merchandise entered the palace, and the king will take the deduction-taxes."
710,lu-qú-tum a-na kà-ni-iš e-ru-ub-ma <gap> ni-is-ha-tum i-lá-qé,"The merchandise entered Kanesh, and <gap> will take the deduction-taxes."
711,1 ma-na URUDU dam-qám i-na É DAM.GÀR a-na a-wi-lim áš-qúl,I paid 1 mina of fine copper to the boss in the merchant's house.
712,um-ma kà-ru-um a-lim(ki)-ma a-na da-a-a-nu-um qí-bi-ma,Thus says the City colony: Speak to the judge:
713,um-ma a-hu-a-ma a-na ši-ip-ri-ni qí-bi-ma,Thus says my brother: Speak to our messenger:
714,ki-ma um-mì-a me-tù-ni da-a-a-nu-um kà-ni-kám i-ki-mu-ni,"When my mother died, the judge deprived me of the sealed document."
715,a-na da-a-a-nu-um qí-bi-ma um-ma wa-ar-di-ni-ma,Speak to the judge: thus says our slave.
716,5 GÍN lu-qú-tám i-na kà-ri-im a-na um-mì-a áš-qúl,I paid 5 shekels of merchandise to my mother in the colony.
717,1 GÍN ṭup-pám i-na bu-ru-uš-ha-tum a-na <gap> áš-qúl,I paid 1 shekel of the tablet to <gap> in Burushhattum.
718,um-ma Pú-zur4-A-šur-ma a-na a-hu-a ú da-a-a-nu-um qí-bi-ma,Thus says Puzur-Ashur: Speak to my brother and the judge:
719,a-šu-um ŠE ša a-bi-a a-na wa-ah-šu-ša-na u-šé-bi-lu a-na-kam áš-me,"Concerning the grain that my father sent to Wahshushana, I have heard about it here."
720,5 GÍN KÙ.BABBAR i-na wa-ah-šu-ša-na a-na a-hu-a áš-qúl,I paid 5 shekels of silver to my brother in Wahshushana.
721,um-ma ši-ip-ri-ni-ma a-na ru-ba-im qí-bi-ma,Thus says our messenger: Speak to the king:
722,a-na ru-ba-im šu-a-tí lá ta-ta-kà-al kà-ni-kám i-kà-al,"Do not trust that king, he will embezzle the sealed document."
723,ki-ma A-šur-na-da me-tù-ni ši-ip-ri-ni <gap> i-ki-mu-ni,"When Ashur-nada died, our messenger deprived me of the <gap>."
724,10 ma-na ŠE i-na <gap> a-na a-bi-a áš-qúl,I paid 10 minas of grain to my father in <gap>.
725,um-ma Pú-zur4-A-šur-ma a-na DAM.GÀR ú a-wi-lim qí-bi-ma,Thus says Puzur-Ashur: Speak to the merchant and the boss:
726,šu-ma ru-ba-im URUDU dam-qám lá u-šé-bi-lam a-na bu-ru-uš-ha-tum a-ša-par,"If the king does not send the fine copper to me, I will write to Burushhattum."
727,a-hu-a me-et ú ni-kà-sú-šu sà-ah-ú,"My brother is dead, and his accounts are in a mess."
728,um-ma kà-ru-um É.GAL-lim-ma a-na ma-ṣa-ru qí-bi-ma,Thus says the palace colony: Speak to the guards:
729,1/3 ma-na TÚG.HI.A i-na a-lim(ki) a-na DAM.GÀR áš-qúl,I paid one-third of a mina of textiles to the merchant in the City.
730,um-ma a-hu-a-ma a-na a-bi-a ú A-šur-na-da qí-bi-ma,Thus says my brother: Speak to my father and Ashur-nada:
731,ṭup-pám ša ši-ip-ri-ni a-mur-ma ṭup-pám šé-bi-lam,Examine the tablet of our messenger and send the tablet.
732,iš-tù É.GAL-lim a-na bu-ru-uš-ha-tum a-li-ik-ma TÚG.HI.A ba-qí-ir,Go from the palace to Burushhattum and claim the textiles.
733,10 ma-na TÚG.HI.A i-na a-lim(ki) a-na ru-ba-im áš-qúl,I paid 10 minas of textiles to the king in the City.
734,šu-ma ma-ṣa-ru TÚG.HI.A lá u-šé-bi-lam a-na bu-ru-uš-ha-tum a-ša-par,"If the guards does not send the textiles to me, I will write to Burushhattum."
735,um-ma a-bi-a-ma a-na ma-ṣa-ru ú wa-ar-di-ni qí-bi-ma,Thus says my father: Speak to the guards and our slave:
736,a-na Pú-zur4-A-šur qí-bi-ma um-ma um-mì-a-ma,Speak to Puzur-Ashur: thus says my mother.
737,iš-tù É.GAL-lim a-na É DAM.GÀR a-li-ik-ma ŠE ba-qí-ir,Go from the palace to the merchant's house and claim the grain.
738,<gap> TÚG.HI.A a-na a-hu-a di-in-ma šé-bi-lam,Give <gap> of textiles to my brother and send it to me.
739,a-na A-šur-na-da šu-a-tí lá ta-ta-kà-al lu-qú-tám i-kà-al,"Do not trust that Ashur-nada, he will embezzle the merchandise."
740,ki-ma a-hu-a me-tù-ni a-wi-lim <gap> i-ki-mu-ni,"When my brother died, the boss deprived me of the <gap>."
741,lu-qú-tum a-na bu-ru-uš-ha-tum e-ru-ub-ma ši-ip-ri-ni ni-is-ha-tum i-lá-qé,"The merchandise entered Burushhattum, and our messenger will take the deduction-taxes."
742,šu-ma ši-ip-ri-ni lu-qú-tám lá u-šé-bi-lam a-na bu-ru-uš-ha-tum a-ša-par,"If our messenger does not send the merchandise to me, I will write to Burushhattum."
743,a-na a-ha-tí-kà šu-a-tí lá ta-ta-kà-al <gap> i-kà-al,"Do not trust that your sister, he will embezzle the <gap>."
744,um-ma um-mì-a-ma a-na a-hu-a ú a-hu-a qí-bi-ma,Thus says my mother: Speak to my brother and my brother:
745,a-na a-bi-a šu-a-tí lá ta-ta-kà-al KÙ.GI i-kà-al,"Do not trust that my father, he will embezzle the gold."
746,um-ma <gap>-ma a-na ru-ba-im qí-bi-ma,Thus says <gap>: Speak to the king:
747,a-šu-um TÚG.HI.A ša a-ha-tí-kà a-na ha-hi-im u-šé-bi-lu a-na-kam áš-me,"Concerning the textiles that your sister sent to Hahhum, I have heard about it here."
748,iš-tù a-lim(ki) a-na bu-ru-uš-ha-tum a-li-ik-ma KÙ.GI ba-qí-ir,Go from the City to Burushhattum and claim the gold.
749,1/3 ma-na ṭup-pám a-na DAM.GÀR di-in-ma šé-bi-lam,Give one-third of a mina of the tablet to the merchant and send it to me.
750,ki-ma ru-ba-im me-tù-ni wa-ar-di-ni <gap> i-ki-mu-ni,"When the king died, our slave deprived me of the <gap>."
751,iš-tù a-lim(ki) a-na kà-ni-iš a-li-ik-ma AN.NA ba-qí-ir,Go from the City to Kanesh and claim the tin.
752,lu-qú-tum a-na a-lim(ki) e-ru-ub-ma a-ha-tí-kà ni-is-ha-tum i-lá-qé,"The merchandise entered the City, and your sister will take the deduction-taxes."
753,2 bi-lá-tim ṭup-pám i-na wa-ah-šu-ša-na a-na Pú-zur4-A-šur áš-qúl,I paid 2 talents of the tablet to Puzur-Ashur in Wahshushana.
754,1 GÍN TÚG.HI.A i-na É DAM.GÀR a-na a-wi-lim áš-qúl,I paid 1 shekel of textiles to the boss in the merchant's house.
755,a-šu-um ṭup-pám ša wa-ar-di-ni a-na kà-ni-iš u-šé-bi-lu a-na-kam áš-me,"Concerning the tablet that our slave sent to Kanesh, I have heard about it here."
756,a-šu-um ṭup-pám ša <gap> a-na kà-ni-iš u-šé-bi-lu a-na-kam áš-me,"Concerning the tablet that <gap> sent to Kanesh, I have heard about it here."
757,a-na a-hu-a qí-bi-ma um-ma a-ha-tí-kà-ma,Speak to my brother: thus says your sister.
758,1/3 ma-na kà-ni-kám i-na É DAM.GÀR a-na ma-ṣa-ru áš-qúl,I paid one-third of a mina of the sealed document to the guards in the merchant's house.
759,ki-ma wa-ar-di-ni me-tù-ni DAM.GÀR KÙ.GI i-ki-mu-ni,"When our slave died, the merchant deprived me of the gold."
760,šu-ma a-bi-a AN.NA lá u-šé-bi-lam a-na É.GAL-lim a-ša-par,"If my father does not send the tin to me, I will write to the palace."
761,a-šu-um URUDU dam-qám ša wa-ar-di-ni a-na <gap> u-šé-bi-lu a-na-kam áš-me,"Concerning the fine copper that our slave sent to <gap>, I have heard about it here."
762,1 ma-na ṭup-pám i-na a-lim(ki) a-na a-wi-lim áš-qúl,I paid 1 mina of the tablet to the boss in the City.
763,um-ma Pú-zur4-A-šur-ma a-na DAM.GÀR qí-bi-ma,Thus says Puzur-Ashur: Speak to the merchant:
764,šu-ma a-wi-lim KÙ.BABBAR lá u-šé-bi-lam a-na kà-ni-iš a-ša-par,"If the boss does not send the silver to me, I will write to Kanesh."
765,šu-ma ši-ip-ri-ni ṭup-pám lá u-šé-bi-lam a-na É DAM.GÀR a-ša-par,"If our messenger does not send the tablet to me, I will write to the merchant's house."
766,a-šu-um lu-qú-tám ša da-a-a-nu-um a-na kà-ri-im u-šé-bi-lu a-na-kam áš-me,"Concerning the merchandise that judge sent to the colony, I have heard about it here."
767,a-na Pú-zur4-A-šur šu-a-tí lá ta-ta-kà-al AN.NA i-kà-al,"Do not trust that Puzur-Ashur, he will embezzle the tin."
768,ki-ma Pú-zur4-A-šur me-tù-ni a-ha-tí-kà kà-ni-kám i-ki-mu-ni,"When Puzur-Ashur died, your sister deprived me of the sealed document."
769,a-šu-um <gap> ša um-mì-a a-na ha-hi-im u-šé-bi-lu a-na-kam áš-me,"Concerning the <gap> that my mother sent to Hahhum, I have heard about it here."
770,2 bi-lá-tim ŠE a-na Pú-zur4-A-šur di-in-ma šé-bi-lam,Give 2 talents of grain to Puzur-Ashur and send it to me.
771,a-na a-hu-a qí-bi-ma um-ma da-a-a-nu-um-ma,Speak to my brother: thus says the judge.
772,ki-ma a-ha-tí-kà me-tù-ni a-bi-a KÙ.GI i-ki-mu-ni,"When your sister died, my father deprived me of the gold."
773,1 me-at KÙ.BABBAR i-na bu-ru-uš-ha-tum a-na wa-ar-di-ni áš-qúl,I paid 100 units of silver to our slave in Burushhattum.
774,a-na DAM.GÀR šu-a-tí lá ta-ta-kà-al KÙ.BABBAR i-kà-al,"Do not trust that merchant, he will embezzle the silver."
775,um-ma a-wi-lim-ma a-na a-bi-a qí-bi-ma,Thus says the boss: Speak to my father:
776,10 ma-na AN.NA i-na ha-hi-im a-na A-šur-na-da áš-qúl,I paid 10 minas of tin to Ashur-nada in Hahhum.
777,ki-ma A-šur-na-da me-tù-ni a-hu-a ṭup-pám i-ki-mu-ni,"When Ashur-nada died, my brother deprived me of the tablet."
778,lu-qú-tum a-na kà-ri-im e-ru-ub-ma ma-ṣa-ru ni-is-ha-tum i-lá-qé,"The merchandise entered the colony, and the guards will take the deduction-taxes."
779,um-ma wa-ar-di-ni-ma a-na DAM.GÀR ú a-bi-a qí-bi-ma,Thus says our slave: Speak to the merchant and my father:
780,um-ma ši-ip-ri-ni-ma a-na A-šur-na-da qí-bi-ma,Thus says our messenger: Speak to Ashur-nada:
781,ṭup-pám ša ši-ip-ri-ni a-mur-ma AN.NA šé-bi-lam,Examine the tablet of our messenger and send the tin.
782,um-ma ma-ṣa-ru-ma a-na a-bi-a ú a-bi-a qí-bi-ma,Thus says the guards: Speak to my father and my father:
783,šu-ma Pú-zur4-A-šur URUDU dam-qám lá u-šé-bi-lam a-na a-lim(ki) a-ša-par,"If Puzur-Ashur does not send the fine copper to me, I will write to the City."
784,šu-ma a-bi-a URUDU dam-qám lá u-šé-bi-lam a-na wa-ah-šu-ša-na a-ša-par,"If my father does not send the fine copper to me, I will write to Wahshushana."
785,šu-ma ši-ip-ri-ni URUDU dam-qám lá u-šé-bi-lam a-na a-lim(ki) a-ša-par,"If our messenger does not send the fine copper to me, I will write to the City."
786,a-šu-um KÙ.BABBAR ša da-a-a-nu-um a-na a-lim(ki) u-šé-bi-lu a-na-kam áš-me,"Concerning the silver that judge sent to the City, I have heard about it here."
787,ki-ma a-hu-a me-tù-ni DAM.GÀR TÚG.HI.A i-ki-mu-ni,"When my brother died, the merchant deprived me of the textiles."
788,um-ma Pú-zur4-A-šur-ma a-na ši-ip-ri-ni qí-bi-ma,Thus says Puzur-Ashur: Speak to our messenger:
789,šu-ma da-a-a-nu-um TÚG.HI.A lá u-šé-bi-lam a-na kà-ni-iš a-ša-par,"If the judge does not send the textiles to me, I will write to Kanesh."
790,a-šu-um lu-qú-tám ša ši-ip-ri-ni a-na a-lim(ki) u-šé-bi-lu a-na-kam áš-me,"Concerning the merchandise that our messenger sent to the City, I have heard about it here."
791,ki-ma wa-ar-di-ni me-tù-ni ma-ṣa-ru ŠE i-ki-mu-ni,"When our slave died, the guards deprived me of the grain."
792,5 GÍN ŠE i-na kà-ri-im a-na a-ha-tí-kà áš-qúl,I paid 5 shekels of grain to your sister in the colony.
793,um-ma kà-ru-um ha-hi-im-ma a-na DAM.GÀR qí-bi-ma,Thus says the Hahhum colony: Speak to the merchant:
794,um-ma kà-ru-um kà-ni-iš-ma a-na da-a-a-nu-um qí-bi-ma,Thus says the Kanesh colony: Speak to the judge:
795,a-šu-um <gap> ša um-mì-a a-na É DAM.GÀR u-šé-bi-lu a-na-kam áš-me,"Concerning <gap> that my mother sent to the merchant's house, I have heard about it here."
796,1 me-at ṭup-pám a-na <gap> di-in-ma šé-bi-lam,Give 100 units of the tablet to <gap> and send it to me.
797,um-ma a-hu-a-ma a-na Pú-zur4-A-šur qí-bi-ma,Thus says my brother: Speak to Puzur-Ashur:
798,ki-ma ma-ṣa-ru me-tù-ni A-šur-na-da <gap> i-ki-mu-ni,"When the guards died, Ashur-nada deprived me of the <gap>."
799,um-ma kà-ru-um É DAM.GÀR-ma a-na a-hu-a qí-bi-ma,Thus says the merchant's house colony: Speak to my brother:
800,lu-qú-tum a-na É.GAL-lim e-ru-ub-ma <gap> ni-is-ha-tum i-lá-qé,"The merchandise entered the palace, and <gap> will take the deduction-taxes."
801,ṭup-pám ša a-ha-tí-kà a-mur-ma kà-ni-kám šé-bi-lam,Examine the tablet of your sister and send the sealed document.
802,ṭup-pám ša a-bi-a a-mur-ma TÚG.HI.A šé-bi-lam,Examine the tablet of my father and send the textiles.
803,um-ma kà-ru-um wa-ah-šu-ša-na-ma a-na <gap> qí-bi-ma,Thus says the Wahshushana colony: Speak to <gap>:
804,1 ma-na lu-qú-tám i-na kà-ri-im a-na a-wi-lim áš-qúl,I paid 1 mina of merchandise to the boss in the colony.
805,a-na DAM.GÀR qí-bi-ma um-ma a-hu-a-ma,Speak to the merchant: thus says my brother.
806,a-na wa-ar-di-ni qí-bi-ma um-ma a-bi-a-ma,Speak to our slave: thus says my father.
807,ṭup-pám ša wa-ar-di-ni a-mur-ma AN.NA šé-bi-lam,Examine the tablet of our slave and send the tin.
808,10 ma-na KÙ.BABBAR i-na É DAM.GÀR a-na A-šur-na-da áš-qúl,I paid 10 minas of silver to Ashur-nada in the merchant's house.
809,5 GÍN KÙ.BABBAR i-na ha-hi-im a-na ru-ba-im áš-qúl,I paid 5 shekels of silver to the king in Hahhum.
810,1 me-at kà-ni-kám a-na A-šur-na-da di-in-ma šé-bi-lam,Give 100 units of the sealed document to Ashur-nada and send it to me.
811,um-ma Pú-zur4-A-šur-ma a-na a-wi-lim qí-bi-ma,Thus says Puzur-Ashur: Speak to the boss:
812,a-na um-mì-a šu-a-tí lá ta-ta-kà-al ṭup-pám i-kà-al,"Do not trust that my mother, he will embezzle the tablet."
813,10 ma-na ṭup-pám i-na É.GAL-lim a-na ši-ip-ri-ni áš-qúl,I paid 10 minas of the tablet to our messenger in the palace.
814,iš-tù É.GAL-lim a-na kà-ni-iš a-li-ik-ma kà-ni-kám ba-qí-ir,Go from the palace to Kanesh and claim the sealed document.
815,a-šu-um KÙ.BABBAR ša um-mì-a a-na bu-ru-uš-ha-tum u-šé-bi-lu a-na-kam áš-me,"Concerning the silver that my mother sent to Burushhattum, I have heard about it here."
816,a-na A-šur-na-da šu-a-tí lá ta-ta-kà-al kà-ni-kám i-kà-al,"Do not trust that Ashur-nada, he will embezzle the sealed document."
817,ṭup-pám ša DAM.GÀR a-mur-ma lu-qú-tám šé-bi-lam,Examine the tablet of the merchant and send the merchandise.
818,a-na ru-ba-im qí-bi-ma um-ma ši-ip-ri-ni-ma,Speak to the king: thus says our messenger.
819,um-ma kà-ru-um kà-ri-im-ma a-na Pú-zur4-A-šur qí-bi-ma,Thus says the colony colony: Speak to Puzur-Ashur:
820,ki-ma A-šur-na-da me-tù-ni ma-ṣa-ru AN.NA i-ki-mu-ni,"When Ashur-nada died, the guards deprived me of the tin."
821,a-na <gap> qí-bi-ma um-ma Pú-zur4-A-šur-ma,Speak to <gap>: thus says Puzur-Ashur.
822,šu-ma DAM.GÀR lu-qú-tám lá u-šé-bi-lam a-na wa-ah-šu-ša-na a-ša-par,"If the merchant does not send the merchandise to me, I will write to Wahshushana."
823,um-ma wa-ar-di-ni-ma a-na ru-ba-im ú DAM.GÀR qí-bi-ma,Thus says our slave: Speak to the king and the merchant:
824,a-na A-šur-na-da qí-bi-ma um-ma ši-ip-ri-ni-ma,Speak to Ashur-nada: thus says our messenger.
825,iš-tù kà-ni-iš a-na wa-ah-šu-ša-na a-li-ik-ma TÚG.HI.A ba-qí-ir,Go from Kanesh to Wahshushana and claim the textiles.
826,a-na um-mì-a šu-a-tí lá ta-ta-kà-al AN.NA i-kà-al,"Do not trust that my mother, he will embezzle the tin."
827,um-ma DAM.GÀR-ma a-na a-wi-lim ú um-mì-a qí-bi-ma,Thus says the merchant: Speak to the boss and my mother:
828,iš-tù kà-ni-iš a-na a-lim(ki) a-li-ik-ma TÚG.HI.A ba-qí-ir,Go from Kanesh to the City and claim the textiles.
829,ki-ma DAM.GÀR me-tù-ni da-a-a-nu-um KÙ.GI i-ki-mu-ni,"When the merchant died, the judge deprived me of the gold."
830,5 GÍN KÙ.GI a-na da-a-a-nu-um di-in-ma šé-bi-lam,Give 5 shekels of gold to the judge and send it to me.
831,um-ma kà-ru-um É.GAL-lim-ma a-na <gap> qí-bi-ma,Thus says the palace colony: Speak to <gap>:
832,5 GÍN TÚG.HI.A i-na ha-hi-im a-na <gap> áš-qúl,I paid 5 shekels of textiles to <gap> in Hahhum.
833,a-na ma-ṣa-ru qí-bi-ma um-ma DAM.GÀR-ma,Speak to the guards: thus says the merchant.
834,1 me-at KÙ.BABBAR i-na É.GAL-lim a-na A-šur-na-da áš-qúl,I paid 100 units of silver to Ashur-nada in the palace.
835,um-ma wa-ar-di-ni-ma a-na um-mì-a ú ru-ba-im qí-bi-ma,Thus says our slave: Speak to my mother and the king:
836,iš-tù kà-ni-iš a-na bu-ru-uš-ha-tum a-li-ik-ma <gap> ba-qí-ir,Go from Kanesh to Burushhattum and claim the <gap>.
837,1 ma-na lu-qú-tám a-na DAM.GÀR di-in-ma šé-bi-lam,Give 1 mina of merchandise to the merchant and send it to me.
838,2 bi-lá-tim KÙ.BABBAR a-na da-a-a-nu-um di-in-ma šé-bi-lam,Give 2 talents of silver to the judge and send it to me.
839,ki-ma ma-ṣa-ru me-tù-ni um-mì-a URUDU dam-qám i-ki-mu-ni,"When the guards died, my mother deprived me of the fine copper."
840,šu-ma A-šur-na-da TÚG.HI.A lá u-šé-bi-lam a-na bu-ru-uš-ha-tum a-ša-par,"If Ashur-nada does not send the textiles to me, I will write to Burushhattum."
841,a-šu-um AN.NA ša Pú-zur4-A-šur a-na ha-hi-im u-šé-bi-lu a-na-kam áš-me,"Concerning the tin that Puzur-Ashur sent to Hahhum, I have heard about it here."
842,iš-tù kà-ri-im a-na wa-ah-šu-ša-na a-li-ik-ma lu-qú-tám ba-qí-ir,Go from the colony to Wahshushana and claim the merchandise.
843,1 me-at KÙ.GI a-na <gap> di-in-ma šé-bi-lam,Give 100 units of gold to <gap> and send it to me.
844,ṭup-pám ša ru-ba-im a-mur-ma AN.NA šé-bi-lam,Examine the tablet of the king and send the tin.
845,iš-tù É DAM.GÀR a-na kà-ni-iš a-li-ik-ma AN.NA ba-qí-ir,Go from the merchant's house to Kanesh and claim the tin.
846,a-šu-um kà-ni-kám ša DAM.GÀR a-na <gap> u-šé-bi-lu a-na-kam áš-me,"Concerning the sealed document that merchant sent to <gap>, I have heard about it here."
847,1 me-at ŠE a-na ši-ip-ri-ni di-in-ma šé-bi-lam,Give 100 units of grain to our messenger and send it to me.
848,1 me-at AN.NA i-na É.GAL-lim a-na da-a-a-nu-um áš-qúl,I paid 100 units of tin to the judge in the palace.
849,ṭup-pám ša Pú-zur4-A-šur a-mur-ma TÚG.HI.A šé-bi-lam,Examine the tablet of Puzur-Ashur and send the textiles.
850,um-ma <gap>-ma a-na a-wi-lim qí-bi-ma,Thus says <gap>: Speak to the boss:
851,um-ma Pú-zur4-A-šur-ma a-na a-hu-a ú ma-ṣa-ru qí-bi-ma,Thus says Puzur-Ashur: Speak to my brother and the guards:
852,ṭup-pám ša Pú-zur4-A-šur a-mur-ma KÙ.GI šé-bi-lam,Examine the tablet of Puzur-Ashur and send the gold.
853,ki-ma <gap> me-tù-ni um-mì-a ŠE i-ki-mu-ni,"When <gap> died, my mother deprived me of the grain."
854,um-ma kà-ru-um bu-ru-uš-ha-tum-ma a-na a-ha-tí-kà qí-bi-ma,Thus says the Burushhattum colony: Speak to your sister:
855,um-ma a-bi-a-ma a-na ma-ṣa-ru ú a-wi-lim qí-bi-ma,Thus says my father: Speak to the guards and the boss:
856,um-ma A-šur-na-da-ma a-na da-a-a-nu-um ú A-šur-na-da qí-bi-ma,Thus says Ashur-nada: Speak to the judge and Ashur-nada:
857,ṭup-pám ša da-a-a-nu-um a-mur-ma ŠE šé-bi-lam,Examine the tablet of the judge and send the grain.
858,a-šu-um AN.NA ša um-mì-a a-na bu-ru-uš-ha-tum u-šé-bi-lu a-na-kam áš-me,"Concerning the tin that my mother sent to Burushhattum, I have heard about it here."
859,um-ma kà-ru-um É.GAL-lim-ma a-na a-ha-tí-kà qí-bi-ma,Thus says the palace colony: Speak to your sister:
860,um-ma ru-ba-im-ma a-na A-šur-na-da qí-bi-ma,Thus says the king: Speak to Ashur-nada:
861,šu-ma A-šur-na-da AN.NA lá u-šé-bi-lam a-na kà-ri-im a-ša-par,"If Ashur-nada does not send the tin to me, I will write to the colony."
862,1 me-at ṭup-pám i-na kà-ri-im a-na a-wi-lim áš-qúl,I paid 100 units of the tablet to the boss in the colony.
863,um-ma a-ha-tí-kà-ma a-na a-wi-lim qí-bi-ma,Thus says your sister: Speak to the boss:
864,um-ma kà-ru-um É DAM.GÀR-ma a-na ru-ba-im qí-bi-ma,Thus says the merchant's house colony: Speak to the king:
865,šu-ma a-ha-tí-kà KÙ.BABBAR lá u-šé-bi-lam a-na ha-hi-im a-ša-par,"If your sister does not send the silver to me, I will write to Hahhum."
866,um-ma kà-ru-um <gap>-ma a-na a-wi-lim qí-bi-ma,Thus says <gap> colony: Speak to the boss:
867,1 ma-na KÙ.BABBAR i-na a-lim(ki) a-na wa-ar-di-ni áš-qúl,I paid 1 mina of silver to our slave in the City.
868,5 GÍN ŠE a-na a-wi-lim di-in-ma šé-bi-lam,Give 5 shekels of grain to the boss and send it to me.
869,a-na ma-ṣa-ru qí-bi-ma um-ma a-wi-lim-ma,Speak to the guards: thus says the boss.
870,šu-ma ma-ṣa-ru KÙ.GI lá u-šé-bi-lam a-na kà-ri-im a-ša-par,"If the guards does not send the gold to me, I will write to the colony."
871,1/3 ma-na lu-qú-tám i-na É DAM.GÀR a-na A-šur-na-da áš-qúl,I paid one-third of a mina of merchandise to Ashur-nada in the merchant's house.
872,iš-tù bu-ru-uš-ha-tum a-na kà-ri-im a-li-ik-ma ŠE ba-qí-ir,Go from Burushhattum to the colony and claim the grain.
873,šu-ma a-hu-a ṭup-pám lá u-šé-bi-lam a-na kà-ri-im a-ša-par,"If my brother does not send the tablet to me, I will write to the colony."
874,5 GÍN kà-ni-kám a-na a-wi-lim di-in-ma šé-bi-lam,Give 5 shekels of the sealed document to the boss and send it to me.
875,a-šu-um AN.NA ša da-a-a-nu-um a-na É.GAL-lim u-šé-bi-lu a-na-kam áš-me,"Concerning the tin that judge sent to the palace, I have heard about it here."
876,a-na <gap> qí-bi-ma um-ma da-a-a-nu-um-ma,Speak to <gap>: thus says the judge.
877,šu-ma <gap> KÙ.BABBAR lá u-šé-bi-lam a-na wa-ah-šu-ša-na a-ša-par,"If <gap> does not send the silver to me, I will write to Wahshushana."
878,5 GÍN kà-ni-kám i-na wa-ah-šu-ša-na a-na ru-ba-im áš-qúl,I paid 5 shekels of the sealed document to the king in Wahshushana.
879,a-na ši-ip-ri-ni šu-a-tí lá ta-ta-kà-al ṭup-pám i-kà-al,"Do not trust that our messenger, he will embezzle the tablet."
880,šu-ma um-mì-a lu-qú-tám lá u-šé-bi-lam a-na <gap> a-ša-par,"If my mother does not send the merchandise to me, I will write to <gap>."
881,šu-ma da-a-a-nu-um URUDU dam-qám lá u-šé-bi-lam a-na bu-ru-uš-ha-tum a-ša-par,"If the judge does not send the fine copper to me, I will write to Burushhattum."
882,lu-qú-tum a-na kà-ni-iš e-ru-ub-ma ru-ba-im ni-is-ha-tum i-lá-qé,"The merchandise entered Kanesh, and the king will take the deduction-taxes."
883,lu-qú-tum a-na É.GAL-lim e-ru-ub-ma Pú-zur4-A-šur ni-is-ha-tum i-lá-qé,"The merchandise entered the palace, and Puzur-Ashur will take the deduction-taxes."
884,a-šu-um KÙ.GI ša DAM.GÀR a-na wa-ah-šu-ša-na u-šé-bi-lu a-na-kam áš-me,"Concerning the gold that merchant sent to Wahshushana, I have heard about it here."
885,um-ma a-wi-lim-ma a-na ru-ba-im ú ru-ba-im qí-bi-ma,Thus says the boss: Speak to the king and the king:
886,um-ma kà-ru-um bu-ru-uš-ha-tum-ma a-na a-wi-lim qí-bi-ma,Thus says the Burushhattum colony: Speak to the boss:
887,a-na ma-ṣa-ru šu-a-tí lá ta-ta-kà-al URUDU dam-qám i-kà-al,"Do not trust that guards, he will embezzle the fine copper."
888,šu-ma um-mì-a KÙ.BABBAR lá u-šé-bi-lam a-na ha-hi-im a-ša-par,"If my mother does not send the silver to me, I will write to Hahhum."
889,a-šu-um AN.NA ša a-hu-a a-na ha-hi-im u-šé-bi-lu a-na-kam áš-me,"Concerning the tin that my brother sent to Hahhum, I have heard about it here."
890,ṭup-pám ša da-a-a-nu-um a-mur-ma KÙ.BABBAR šé-bi-lam,Examine the tablet of the judge and send the silver.
891,šu-ma a-bi-a AN.NA lá u-šé-bi-lam a-na É DAM.GÀR a-ša-par,"If my father does not send the tin to me, I will write to the merchant's house."
892,iš-tù wa-ah-šu-ša-na a-na ha-hi-im a-li-ik-ma KÙ.BABBAR ba-qí-ir,Go from Wahshushana to Hahhum and claim the silver.
893,10 ma-na TÚG.HI.A a-na a-hu-a di-in-ma šé-bi-lam,Give 10 minas of textiles to my brother and send it to me.
894,ki-ma a-ha-tí-kà me-tù-ni ši-ip-ri-ni ṭup-pám i-ki-mu-ni,"When your sister died, our messenger deprived me of the tablet."
895,šu-ma DAM.GÀR ṭup-pám lá u-šé-bi-lam a-na É.GAL-lim a-ša-par,"If the merchant does not send the tablet to me, I will write to the palace."
896,a-na Pú-zur4-A-šur qí-bi-ma um-ma ru-ba-im-ma,Speak to Puzur-Ashur: thus says the king.
897,ṭup-pám ša a-bi-a a-mur-ma lu-qú-tám šé-bi-lam,Examine the tablet of my father and send the merchandise.
898,ki-ma DAM.GÀR me-tù-ni ma-ṣa-ru KÙ.BABBAR i-ki-mu-ni,"When the merchant died, the guards deprived me of the silver."
899,a-na um-mì-a qí-bi-ma um-ma ši-ip-ri-ni-ma,Speak to my mother: thus says our messenger.
900,a-šu-um URUDU dam-qám ša ma-ṣa-ru a-na bu-ru-uš-ha-tum u-šé-bi-lu a-na-kam áš-me,"Concerning the fine copper that guards sent to Burushhattum, I have heard about it here."
901,10 ma-na TÚG.HI.A a-na <gap> di-in-ma šé-bi-lam,Give 10 minas of textiles to <gap> and send it to me.
902,um-ma ru-ba-im-ma a-na um-mì-a ú a-bi-a qí-bi-ma,Thus says the king: Speak to my mother and my father:
903,ki-ma A-šur-na-da me-tù-ni Pú-zur4-A-šur AN.NA i-ki-mu-ni,"When Ashur-nada died, Puzur-Ashur deprived me of the tin."
904,a-šu-um lu-qú-tám ša a-bi-a a-na a-lim(ki) u-šé-bi-lu a-na-kam áš-me,"Concerning the merchandise that my father sent to the City, I have heard about it here."
905,ki-ma a-wi-lim me-tù-ni A-šur-na-da <gap> i-ki-mu-ni,"When the boss died, Ashur-nada deprived me of the <gap>."
906,a-na ši-ip-ri-ni šu-a-tí lá ta-ta-kà-al <gap> i-kà-al,"Do not trust that our messenger, he will embezzle <gap>."
907,ki-ma ma-ṣa-ru me-tù-ni a-hu-a TÚG.HI.A i-ki-mu-ni,"When the guards died, my brother deprived me of the textiles."
908,5 GÍN TÚG.HI.A i-na É DAM.GÀR a-na a-hu-a áš-qúl,I paid 5 shekels of textiles to my brother in the merchant's house.
909,ṭup-pám ša ru-ba-im a-mur-ma TÚG.HI.A šé-bi-lam,Examine the tablet of the king and send the textiles.
910,lu-qú-tum a-na É DAM.GÀR e-ru-ub-ma um-mì-a ni-is-ha-tum i-lá-qé,"The merchandise entered the merchant's house, and my mother will take the deduction-taxes."
911,1/3 ma-na ŠE i-na É.GAL-lim a-na um-mì-a áš-qúl,I paid one-third of a mina of grain to my mother in the palace.
912,šu-ma a-ha-tí-kà ŠE lá u-šé-bi-lam a-na wa-ah-šu-ša-na a-ša-par,"If your sister does not send the grain to me, I will write to Wahshushana."
913,um-ma ru-ba-im-ma a-na a-bi-a qí-bi-ma,Thus says the king: Speak to my father:
914,a-na ma-ṣa-ru šu-a-tí lá ta-ta-kà-al ŠE i-kà-al,"Do not trust that guards, he will embezzle the grain."
915,5 GÍN ṭup-pám a-na Pú-zur4-A-šur di-in-ma šé-bi-lam,Give 5 shekels of the tablet to Puzur-Ashur and send it to me.
916,um-ma a-ha-tí-kà-ma a-na um-mì-a ú DAM.GÀR qí-bi-ma,Thus says your sister: Speak to my mother and the merchant:
917,a-na um-mì-a šu-a-tí lá ta-ta-kà-al lu-qú-tám i-kà-al,"Do not trust that my mother, he will embezzle the merchandise."
918,2 bi-lá-tim URUDU dam-qám i-na wa-ah-šu-ša-na a-na wa-ar-di-ni áš-qúl,I paid 2 talents of fine copper to our slave in Wahshushana.
919,um-ma da-a-a-nu-um-ma a-na a-wi-lim ú a-hu-a qí-bi-ma,Thus says the judge: Speak to the boss and my brother:
920,ṭup-pám ša a-bi-a a-mur-ma AN.NA šé-bi-lam,Examine the tablet of my father and send the tin.
921,1 me-at lu-qú-tám a-na a-bi-a di-in-ma šé-bi-lam,Give 100 units of merchandise to my father and send it to me.
922,um-ma DAM.GÀR-ma a-na wa-ar-di-ni ú wa-ar-di-ni qí-bi-ma,Thus says the merchant: Speak to our slave and our slave:
923,2 bi-lá-tim KÙ.BABBAR a-na wa-ar-di-ni di-in-ma šé-bi-lam,Give 2 talents of silver to our slave and send it to me.
924,ki-ma ši-ip-ri-ni me-tù-ni ru-ba-im KÙ.GI i-ki-mu-ni,"When our messenger died, the king deprived me of the gold."
925,ṭup-pám ša ši-ip-ri-ni a-mur-ma lu-qú-tám šé-bi-lam,Examine the tablet of our messenger and send the merchandise.
926,lu-qú-tum a-na É DAM.GÀR e-ru-ub-ma a-hu-a ni-is-ha-tum i-lá-qé,"The merchandise entered the merchant's house, and my brother will take the deduction-taxes."
927,iš-tù É DAM.GÀR a-na bu-ru-uš-ha-tum a-li-ik-ma TÚG.HI.A ba-qí-ir,Go from the merchant's house to Burushhattum and claim the textiles.
928,lu-qú-tum a-na ha-hi-im e-ru-ub-ma ši-ip-ri-ni ni-is-ha-tum i-lá-qé,"The merchandise entered Hahhum, and our messenger will take the deduction-taxes."
929,um-ma DAM.GÀR-ma a-na ru-ba-im ú wa-ar-di-ni qí-bi-ma,Thus says the merchant: Speak to the king and our slave:
930,iš-tù <gap> a-na kà-ri-im a-li-ik-ma lu-qú-tám ba-qí-ir,Go from <gap> to the colony and claim the merchandise.
931,lu-qú-tum a-na a-lim(ki) e-ru-ub-ma wa-ar-di-ni ni-is-ha-tum i-lá-qé,"The merchandise entered the City, and our slave will take the deduction-taxes."
932,10 ma-na ṭup-pám i-na kà-ri-im a-na ši-ip-ri-ni áš-qúl,I paid 10 minas of the tablet to our messenger in the colony.
933,lu-qú-tum a-na wa-ah-šu-ša-na e-ru-ub-ma da-a-a-nu-um ni-is-ha-tum i-lá-qé,"The merchandise entered Wahshushana, and the judge will take the deduction-taxes."
934,1 ma-na URUDU dam-qám a-na ma-ṣa-ru di-in-ma šé-bi-lam,Give 1 mina of fine copper to the guards and send it to me.
935,lu-qú-tum a-na bu-ru-uš-ha-tum e-ru-ub-ma <gap> ni-is-ha-tum i-lá-qé,"The merchandise entered Burushhattum, and <gap> will take the deduction-taxes."
936,šu-ma ma-ṣa-ru <gap> lá u-šé-bi-lam a-na a-lim(ki) a-ša-par,"If the guards does not send the <gap> to me, I will write to the City."
937,ṭup-pám ša um-mì-a a-mur-ma AN.NA šé-bi-lam,Examine the tablet of my mother and send the tin.
938,um-ma ši-ip-ri-ni-ma a-na a-bi-a ú a-hu-a qí-bi-ma,Thus says our messenger: Speak to my father and my brother:
939,a-na Pú-zur4-A-šur qí-bi-ma um-ma a-bi-a-ma,Speak to Puzur-Ashur: thus says my father.
940,um-ma Pú-zur4-A-šur-ma a-na um-mì-a ú wa-ar-di-ni qí-bi-ma,Thus says Puzur-Ashur: Speak to my mother and our slave:
941,<gap> TÚG.HI.A a-na ši-ip-ri-ni di-in-ma šé-bi-lam,Give <gap> of textiles to our messenger and send it to me.
942,1 me-at KÙ.BABBAR i-na kà-ri-im a-na ma-ṣa-ru áš-qúl,I paid 100 units of silver to the guards in the colony.
943,ṭup-pám ša <gap> a-mur-ma KÙ.BABBAR šé-bi-lam,Examine the tablet of <gap> and send the silver.
944,a-šu-um kà-ni-kám ša wa-ar-di-ni a-na kà-ni-iš u-šé-bi-lu a-na-kam áš-me,"Concerning the sealed document that our slave sent to Kanesh, I have heard about it here."
945,um-ma Pú-zur4-A-šur-ma a-na a-bi-a ú Pú-zur4-A-šur qí-bi-ma,Thus says Puzur-Ashur: Speak to my father and Puzur-Ashur:
946,<gap> KÙ.GI i-na wa-ah-šu-ša-na a-na DAM.GÀR áš-qúl,I paid <gap> of gold to the merchant in Wahshushana.
947,iš-tù bu-ru-uš-ha-tum a-na wa-ah-šu-ša-na a-li-ik-ma lu-qú-tám ba-qí-ir,Go from Burushhattum to Wahshushana and claim the merchandise.
948,iš-tù wa-ah-šu-ša-na a-na ha-hi-im a-li-ik-ma URUDU dam-qám ba-qí-ir,Go from Wahshushana to Hahhum and claim the fine copper.
949,a-šu-um AN.NA ša <gap> a-na kà-ni-iš u-šé-bi-lu a-na-kam áš-me,"Concerning the tin that <gap> sent to Kanesh, I have heard about it here."
950,1 GÍN ŠE i-na kà-ni-iš a-na a-hu-a áš-qúl,I paid 1 shekel of grain to my brother in Kanesh.
951,a-na Pú-zur4-A-šur qí-bi-ma um-ma ma-ṣa-ru-ma,Speak to Puzur-Ashur: thus says the guards.
952,a-šu-um <gap> ša ma-ṣa-ru a-na É.GAL-lim u-šé-bi-lu a-na-kam áš-me,"Concerning the <gap> that guards sent to the palace, I have heard about it here."
953,šu-ma ši-ip-ri-ni AN.NA lá u-šé-bi-lam a-na wa-ah-šu-ša-na a-ša-par,"If our messenger does not send the tin to me, I will write to Wahshushana."
954,5 GÍN kà-ni-kám i-na bu-ru-uš-ha-tum a-na a-wi-lim áš-qúl,I paid 5 shekels of the sealed document to the boss in Burushhattum.
955,šu-ma A-šur-na-da AN.NA lá u-šé-bi-lam a-na wa-ah-šu-ša-na a-ša-par,"If Ashur-nada does not send the tin to me, I will write to Wahshushana."
956,šu-ma a-bi-a TÚG.HI.A lá u-šé-bi-lam a-na É DAM.GÀR a-ša-par,"If my father does not send the textiles to me, I will write to the merchant's house."
957,ṭup-pám ša a-hu-a a-mur-ma ŠE šé-bi-lam,Examine the tablet of my brother and send the grain.
958,a-šu-um ŠE ša ru-ba-im a-na bu-ru-uš-ha-tum u-šé-bi-lu a-na-kam áš-me,"Concerning the grain that king sent to Burushhattum, I have heard about it here."
959,1 GÍN KÙ.GI a-na ma-ṣa-ru di-in-ma šé-bi-lam,Give 1 shekel of gold to the guards and send it to me.
960,ṭup-pám ša A-šur-na-da a-mur-ma URUDU dam-qám šé-bi-lam,Examine the tablet of Ashur-nada and send the fine copper.
961,a-na a-bi-a šu-a-tí lá ta-ta-kà-al lu-qú-tám i-kà-al,"Do not trust that my father, he will embezzle the merchandise."
962,a-na a-wi-lim šu-a-tí lá ta-ta-kà-al ŠE i-kà-al,"Do not trust that boss, he will embezzle the grain."
963,iš-tù a-lim(ki) a-na É.GAL-lim a-li-ik-ma ṭup-pám ba-qí-ir,Go from the City to the palace and claim the tablet.
964,ki-ma a-bi-a me-tù-ni wa-ar-di-ni ŠE i-ki-mu-ni,"When my father died, our slave deprived me of the grain."
965,a-šu-um TÚG.HI.A ša a-bi-a a-na É DAM.GÀR u-šé-bi-lu a-na-kam áš-me,"Concerning the textiles that my father sent to the merchant's house, I have heard about it here."
966,lu-qú-tum a-na kà-ni-iš e-ru-ub-ma Pú-zur4-A-šur ni-is-ha-tum i-lá-qé,"The merchandise entered Kanesh, and Puzur-Ashur will take the deduction-taxes."
967,a-šu-um lu-qú-tám ša ši-ip-ri-ni a-na É.GAL-lim u-šé-bi-lu a-na-kam áš-me,"Concerning the merchandise that our messenger sent to the palace, I have heard about it here."
968,a-na ši-ip-ri-ni qí-bi-ma um-ma da-a-a-nu-um-ma,Speak to our messenger: thus says the judge.
969,iš-tù bu-ru-uš-ha-tum a-na wa-ah-šu-ša-na a-li-ik-ma URUDU dam-qám ba-qí-ir,Go from Burushhattum to Wahshushana and claim the fine copper.
970,um-ma wa-ar-di-ni-ma a-na da-a-a-nu-um qí-bi-ma,Thus says our slave: Speak to the judge:
971,um-ma ru-ba-im-ma a-na a-wi-lim ú A-šur-na-da qí-bi-ma,Thus says the king: Speak to the boss and Ashur-nada:
972,šu-ma a-ha-tí-kà kà-ni-kám lá u-šé-bi-lam a-na wa-ah-šu-ša-na a-ša-par,"If your sister does not send the sealed document to me, I will write to Wahshushana."
973,iš-tù É.GAL-lim a-na kà-ri-im a-li-ik-ma lu-qú-tám ba-qí-ir,Go from the palace to the colony and claim the merchandise.
974,a-na A-šur-na-da šu-a-tí lá ta-ta-kà-al AN.NA i-kà-al,"Do not trust that Ashur-nada, he will embezzle the tin."
975,iš-tù ha-hi-im a-na É.GAL-lim a-li-ik-ma <gap> ba-qí-ir,Go from Hahhum to the palace and claim <gap>.
976,um-ma kà-ru-um bu-ru-uš-ha-tum-ma a-na a-hu-a qí-bi-ma,Thus says the Burushhattum colony: Speak to my brother:
977,šu-ma ru-ba-im kà-ni-kám lá u-šé-bi-lam a-na <gap> a-ša-par,"If the king does not send the sealed document to me, I will write to <gap>."
978,iš-tù wa-ah-šu-ša-na a-na É.GAL-lim a-li-ik-ma ŠE ba-qí-ir,Go from Wahshushana to the palace and claim the grain.
979,šu-ma ru-ba-im ŠE lá u-šé-bi-lam a-na ha-hi-im a-ša-par,"If the king does not send the grain to me, I will write to Hahhum."
980,1/3 ma-na ŠE i-na wa-ah-šu-ša-na a-na Pú-zur4-A-šur áš-qúl,I paid one-third of a mina of grain to Puzur-Ashur in Wahshushana.
981,ki-ma DAM.GÀR me-tù-ni a-ha-tí-kà KÙ.BABBAR i-ki-mu-ni,"When the merchant died, your sister deprived me of the silver."
982,šu-ma ma-ṣa-ru kà-ni-kám lá u-šé-bi-lam a-na ha-hi-im a-ša-par,"If the guards does not send the sealed document to me, I will write to Hahhum."
983,um-ma <gap>-ma a-na da-a-a-nu-um qí-bi-ma,Thus says <gap>: Speak to the judge:
984,um-ma Pú-zur4-A-šur-ma a-na um-mì-a ú a-hu-a qí-bi-ma,Thus says Puzur-Ashur: Speak to my mother and my brother:
985,lu-qú-tum a-na bu-ru-uš-ha-tum e-ru-ub-ma a-bi-a ni-is-ha-tum i-lá-qé,"The merchandise entered Burushhattum, and my father will take the deduction-taxes."
986,a-na a-hu-a qí-bi-ma um-ma ru-ba-im-ma,Speak to my brother: thus says the king.
987,a-šu-um URUDU dam-qám ša a-hu-a a-na wa-ah-šu-ša-na u-šé-bi-lu a-na-kam áš-me,"Concerning the fine copper that my brother sent to Wahshushana, I have heard about it here."
988,um-ma DAM.GÀR-ma a-na a-bi-a qí-bi-ma,Thus says the merchant: Speak to my father:
989,um-ma a-ha-tí-kà-ma a-na DAM.GÀR ú wa-ar-di-ni qí-bi-ma,Thus says your sister: Speak to the merchant and our slave:
990,šu-ma ši-ip-ri-ni URUDU dam-qám lá u-šé-bi-lam a-na kà-ni-iš a-ša-par,"If our messenger does not send the fine copper to me, I will write to Kanesh."
991,iš-tù <gap> a-na ha-hi-im a-li-ik-ma ṭup-pám ba-qí-ir,Go from <gap> to Hahhum and claim the tablet.
992,a-šu-um KÙ.GI ša a-bi-a a-na kà-ni-iš u-šé-bi-lu a-na-kam áš-me,"Concerning the gold that my father sent to Kanesh, I have heard about it here."
993,um-ma kà-ru-um wa-ah-šu-ša-na-ma a-na DAM.GÀR qí-bi-ma,Thus says the Wahshushana colony: Speak to the merchant:
994,1 me-at ŠE i-na É.GAL-lim a-na wa-ar-di-ni áš-qúl,I paid 100 units of grain to our slave in the palace.
995,lu-qú-tum a-na É DAM.GÀR e-ru-ub-ma ru-ba-im ni-is-ha-tum i-lá-qé,"The merchandise entered the merchant's house, and the king will take the deduction-taxes."
996,iš-tù É.GAL-lim a-na ha-hi-im a-li-ik-ma kà-ni-kám ba-qí-ir,Go from the palace to Hahhum and claim the sealed document.
997,ki-ma a-hu-a me-tù-ni um-mì-a AN.NA i-ki-mu-ni,"When my brother died, my mother deprived me of the tin."
998,2 bi-lá-tim URUDU dam-qám i-na É.GAL-lim a-na ru-ba-im áš-qúl,I paid 2 talents of fine copper to the king in the palace.
999,1 ma-na KÙ.GI i-na kà-ni-iš a-na <gap> áš-qúl,I paid 1 mina of gold to <gap> in Kanesh.
