oa,english
"[u]m-ma kà-ru-um Kà-ni-iš-ma a-na ša-qí-il5 da-tim ší-ip-ri-ni kà-ar kà-ar-ma ú wa-bar-ra-tim qí-bi4-ma","Thus kārum Kanesh, say to the dātu-payers, our messenger, every single colony, and the trading stations:"
"tup-pu-um ša a-lim i-li-kam i-na tup-pi-im ša a-lim iš-tù u4-mì-im a-nim: ma-ma-an KÙ.AN i-ša-ú-mu-ni i-na né-mì-lim A-šur ú-lá e-WA: iš-ra-tí-šu kà-ru-um Kà-ni-iš i-lá-qé","A letter of the City has arrived. In the letter of the City (it is written): 'From this day on, whoever buys meteoric iron, (the City of) Assur is not entitled to part of the profit made, the tithe on it kārum Kanesh will collect'."
"ki-ma tup-pì-ni ta-áš-me-a-ni: a-ma-kam lu a-na ší-mi-im a-na É.GAL-lim i-dí-in lu té-ra-at É.GAL-lim ú-kà-lim lu na-ší-ma a-dí-ni lá i-dí-in ma-lá KÙ.AN na-áš-ú ni-bi4-it","As soon as you have heard our letter, who(ever) over there has either sold it to a palace, or has offered it to palace officials, or still carries it with him without having yet sold it - all meteoric iron he carries,"
"a-ší-im šu-um-šu ú šu-mì a-bi4-šu i-na tup-pí-im lu-up-ta-nim-ma iš-tí ší-ip-ri-ni šé-bi4-lá-nim","write the exact amount of every (piece of) meteoric iron, his name and the name of his father in a tablet and send it here with our messenger."
"me-he-er tup-pi-ni a-na kà-ar kà-ar-ma ú wa-bar-ra-tim","Send a copy of (this) letter of ours to every single colony and to all the trading stations."
"šé-bi4-lá KÙ.AN lu a-na DAM.GAR-ru-tim i-dí-in šu-mì a-wi-lim lu-up-ta-nim","Even when somebody has sold meteoric iron via a trading agent, register the name of that man""."
"um-ma kà-ru-um Kà-ni-iš-ma a-na ša-qí-il5 da-tim Ku-li-a ší-ip-ri-ni kà-ri-im Dur4-hu-mi-it Ha-tù-uš Ta-am-ni-a Tù-úh-pí-a a-dí Ni-na-ša-a qí-bi4-ma","Thus kārum Kaniš, say to the dātu-payers, our messenger Kuliya, kārum(s) Durhumit, Hattuš, Tamnia (and) Tuhpiya, (all the way) until Nenaša:"
"i-UTU-ší ṭup-pi-ni ta-ša-me-a-ni GÍR ša A-šur šé-ṣí-a-ma ik-ri-ba-am šu-uk-na-ma ma-ma-an KÙ.AN a-na ší-mi-im a-na É.GAL-lim i-dí-nu lu a-dí-ni","""As soon as you hear our letter produce the dagger of Aššur and impose an oath and whoever has sold meteoric iron to a palace or, having not yet sold it,"
"lá i-dí-in-ma na-ší 10-tim ša KÙ.AN ú 1 ma-na-um 3 GÍN KÙ.B. ša-du-a-sú ṣa-áb-ta-ma Ku-li-a: i-pá-ni-šu li-ni-iš-a-am","still carries it with him, seize (from him) the tithe on the meteoric iron and his/its šaddu2utu-tax of 3 shekels silver per mina and let Kuliya personally take it along."
"šu-ma i-qá-bi4 um-ma šu-ut-ma KÙ.AN ša a-wi-lim ša *NÌ.KA-sí*","If the person in question protests and declares: 'The meteoric iron belongs to ""a man with an account""',"
"10-tim ú ša-du-a-tám li-[qé]-a-ma ša ba-ri-ni li-li-kam-ma GÍR ša A-šur li-it-ma-ma ša-du-a-tám nu-ta-ar-šu-um","still take the tithe and the šaddu2utu-tax and let one who is one of us come here to swear an oath by Aššur's dagger then we will give him back the šaddu2utu-tax."
"i2-da-ma [IGI Ku]-li-a ší-ip-ri-ni GÍR ša A-šur šé-ṣí-a-ma a-hu-um pá-ni a-[hi]-im ú-lá","Do not fail to produce Aššur's dagger in the presence of Kuliya and people shall not spare each other!"
"ú-ba-al: ma-ma-an ha-ra-an sú-ki-nim e-ma-re sé-er-dam ú-šé-r[i-ba]-ni-ma a-ma-kam uš-té-bu-lu-ni lu wa-ší-ib kà-ri-im","Whoever has brought in loaded donkeys via the sukinnu-road in order to do business over there, even when he is a resident of a kārum,"
"1 [ma]-na-um 3 GÍN KÙ.B. ša-[áš-q]í-lá-šu-ma Ku-li-a i-pá-ni-šu li-ni-iš-a-am","make him pay 3 shekels of silver per mina and let Kuliya personally bring it here."
"šu-ma i-qá-be um-ma šu-ut-ma a-lá-ak-ma i-kà-ri-im Kà-ni-iš a-za-ku KÙ.B. ša-áš-qí-lá-šu-ma war-kà-tám li-li-kam-ma iš-tí-ni li-iz-ku a-ni-ša-<am> lá i-na-pu-ša-am a-na-kam KÙ.B. li-iš-qú-ul","If he protests, saying: 'I will go to clear myself in kārum Kanesh', still make him pay the silver and let him come here afterwards in order to clear accounts with us. He shall not make trouble against (us) here, he must pay the silver (t)here!"""
"um-ma kà-ru-um Kà-ni-iš-ma a-na ša-qí-il5 da-tim Ku-li-a ší-ip-ri-ni wa-bar-tim ša Ku-bur-na-at Ha-na-ak-na-ak ú Ti-iš-mur-na","Thus kārum Kaniš, say to the dātu-payers, our messenger Kuliya, the plenary wabartums of Kuburnat Hanaknak and Tišmurna:"
"qí-bi4-ma i-UTU-ší ṭup-pi-ni ta-ša-me-a-<ni> GÍR ša A-šur [IGI] Ku-li-a ší-ip-ri-ni šé-ṣí-a-ma: ma-ma-an a-ma-kam KÙ.AN na-áš-ú lu a-na ší-mi-im a-na É.GAL-lim i-dí-nu lu [a-dí]-ni lá i-dí-in-ma: na-ší: 10-tim ša KÙ.AN ú ša-du-a-sú 1 ma-na-um 3 GÍN KÙ.B. ša-ás-qí-lá-ma","""As soon as you hear our letter, produce the dagger of Assur in the presence of our messenger Kuliya and whoever over there carries meteoric iron, whether he has already sold it to a palace or has not yet sold it and still carries it, make him pay the tithe on the meteoric iron and his šaddu2utu-tax of 3 shekels of silver per mina."
"Ku-li-a: i-pá-ni-šu<<-nu>> lu-ub-lam","Let Kuliya personally(!) bring it here."
"šu-ma i-qá-bi4 um-ma šu-ut-ma KÙ.AN ša a-wi-lim ša NÌ.KA-sí 10-tim ú ša-[du-a]-sú le-qé-a-ma ša ba-ri-n[i] li-li-kam-ma [G]ÍR ša A-[šur l]i-it-ma-ma ša-du-a-sú nu-ta-ar","If one protests and declares: 'The meteoric iron belongs to a man with an account', still take the tithe and his šaddu2utu-tax and let somebody who is one of us come here to swear an oath by Aššur's dagger then we will give his šaddu2utu-tax back."
"ni-ša-me-ma 30 ANŠE Tù-i-mu-um DUMU A-[šur] ha-ra-an sú-qí-nim ú-š[é-ri-b]a-am","We hear that an Assyrian, Tū2imum, has brought in 30 donkeys by way of the sukinnu-road."
"lá Tù-i-mu-um: ma-ma-[an] ha-ra-an sú-ki-nim e-ma-r[e] sé-er-dam ú-šé-ri-ba-ni-ma a-ma-kam uš-té-bu-lu-ni lu wa-ší-ib kà-ri-im ú-šé-li-am: GÍR ša A-šur šé-ṣí-a-ma: a-hu-um pá-ni a-hi-im: ú-lá ú-ba-al","Not just Tū2imum, but anybody who has brought in a loaded donkey by way of the sukinnu-road in order to do business there, or if an inhabitant of a kārum has brought up (goods) - produce the dagger of Aššur and people shall not spare each other!"
"1 ma-na-um 3 GÍN KÙ.B. ša-du-[a-sú] ṣa-áb-[ta-m]a","Charge everyone his šaddu2utu-tax at a rate of 3 shekels of silver per mina."
"KÙ.B. [ša]-áš-qí-lá-šu-[ma] Ku-li-a i-pá-ni-šu-<<nu>> li-ni-iš-a-am","and make him pay the silver and let Kuliya personally bring it here."
"šu-ma i-qá-be um-ma šu-ut-ma a-lá-ak-ma i-kà-ri-im Kà-ni-iš a-za-ku: KÙ.B. ša-áš-qí-lá-šu-ma war-kà-tám li-li-kam-ma iš-tí-ni li-iz-ku","If somebody protests, saying: 'I will go to clear myself in kārum Kanesh', (still) make him pay the silver and let him come here afterwards in order to clear accounts with us."
"i2-da-ma Ku-li-a ší-par-ni lá i-sa-hu-ur","Take care that our messenger Kuliya is not delayed."
"KÙ.B. ša-áš-qí-lá a-ni-ša-am a-na na-pá-ší-im lá tù-ša-ra","Make people pay the silver, don't allow them to make trouble there!"
"um-ma kà-ru-um Kà-ni-iš-ma a-na <kà-ar> kà-ar-ma ú wa-bar-ra-tim a-dí Tù-ùh-pí-a qí-bi-ma Ku-li-a ší-pár-ni: a-na ta-2i-tim ša-pí-ir 2-ší-na","Thus kārum Kanesh, say to <every single> colony and the trading stations until Tuhpiya as follows: ""Kuliya, our messenger, has been sent to transmit instructions."
"mu-qá-ri-bé dí-na-šu-ma kà-ru-um a-na kà-ri-im li-ip-qí-sú","Give him two escorts and (thus) (each) colony must convey him to the (next) colony."
"lá tù-ša-as-ha-ra-šu","Do not cause him a delay!"
"ša i-na mu-qá-ri-be ta-bi-ra šu-ma a-lá-kam iš-tí Ku-li-a lá i-mu-ú kà-sí-a-šu-ma šé-ri-a-ni-šu","If among the escorts you have chosen somebody refuses to accompany Kuliya, bind him and have him brought here."""
"um-ma kà-ru-um Kà-ni-iš-ma: a-na Ku-li-a ša-qí-il5 da-[tim] kà-ri-im Té-ga-ra-ma ù a-li I-dí-A-šur DUMU Ku-ku-lá-nim wa-áš-bu-ni","Thus kārum Kanesh, speak to Kuliya, the dātu-payers, kārum Tegarama, and wherever Iddin-Aššur, son of Kukulānum is staying:"
"qí-bi-ma: ni-kà-sí ni-sí-ma 25 ma-na 4 1/4 GÍN da-tám ni-iš-qúl","""We have settled accounts and and we paid 25 minas and 4 1/4 shekels (of silver) as dātum."
"I-dí-A-šur: a-na ni-kà-sí kà-ší-id iš-tù 5 ša-na-tim a-na Wa-ah-šu-ša-na ú *Dur4-hu-mi-it ni-iš-ta*-par-šu-ma* a-di u4-mì-im a-nim i-ta-ba-al-ni-a-tí","Iddin-Aššur is liable for the settlement of accounts. Since five years we keep sending messages to him to Wahšušana and Durhumit, but until this very day he holds us in play."
"a-ma-kam KÙ.B. da-a-sú ša ga-me-er-tim","Make him pay the silver over there his dātum for a full share."
"ša-áš-qí-lá-šu šu-ma i-qá-bi4 um-ma šu-ut-ma a-na ga-me-er-tim lá kà-áš-da-ku ša mi-iš-li ša-áš-qí-lá-šu: šu-ma","If he objects and says: 'I cannot match the full amount', make him pay for half the amount. If he says:"
"um-ma šu-ut-ma: a-na ni-kà-sí a-gi5-me-er-tim ú mi-iš-li lá kà-áš-da-ku","'For the accounting I can match neither the full amount nor half of it',"
"GÍR ša A-šur ta-mì-a-šu 40 ma-na KÙ.B. lá ma-ṣú-ni 30 ma-na KÙ.B. lá kà-áš-du-ni 20 ma-na KÙ.B. ša mì-iš-li-šu lá i-šu-ú-ni KÙ.B.","make him swear by Aššur's dagger that he has not enough for 40 minas of silver, that 30 minas of silver are too much for him, that he does not even have 20 minas of silver, half his due, that neither silver of himself,"
"lu ša ra-mi-ni-šu lu ša um-mì-a-ni-[šu] ša a-lim lu ša GÁN-lam5 wa-áš-bu KÙ.B.: ma-lá na-áš-a-ku-ni lu wa-ar-ki-a e-zi-ib lu a-na pá-ni-a ú-šé-bi4-il5 a-na ni-kà-sí a-na ga-me-er-tim ú mì-iš-li lá [kà-áš-da-ku-ni","nor of his investors in the City nor of those who live in Anatolia, <that> 'with whatever I carry with me or have left behind or have sent ahead, that for the accounting, I cannot match either a full share or a half-share'."
"GÍR ta-mi-a-šu-ma ú ša-du-a-sú IGI GÍR li-iz-ku-ur-ma e-ša-du-a-tim ša [i-za-ku-ru mì-ma ša-du-a-tám DIRIG-tám lá i-šu-ú [ša-du-a-sú le-qé-a","Then make him swear by the dagger and let him state before the dagger his šaddu2utu-tax, and that he does not owe any additional šaddu2utu-taxes apart from the one he states under oath. Take the šaddu2utum he owes""."
"1 1/2 ma-na KÙ.B. iš-ra-tim Pu-šu-ki-in DUMU Bu-za-zu i-na Ku-bu-ur-na-at nu-ša-dí-in-ma ŠÀ.BA 1 ma-na KÙ.B. Šu-Sú-in DUMU Ab-lá-ma-sí ú A-šur-i-dí DUMU A-da-da","One and a half mina of silver, the tithe, we collected from Pušu-ken, son of Buzāzu, in Kuburnat, and 1 mina of silver thereof Šu-Suen, son of Abī-lamassī, and Aššur-idī, son of Adada,"
"ku-nu-ki ša wa-bar-tim ú ku-nu-ki-a a-na kà-ri-im i-ni-iš-ú 1/2 ma-na KÙ.B. i-na Tù-úh-pí-a A-šur-ma-lik DUMU Ku-ra-ra e-pu-ul a-na kà-ri-im i-ša-qal","are bringing to the kārum under the seal of the wabartum and my seal. For 1/2 mina of silver Aššur-mālik, Kurara' son, gave his promise in Tuhpiya, he will pay to the kārum."
"15 GÍN KÙ.B. DUMU A-lu-lá-a i-na Ha-na-ak-na-ak nu-ša-dí-ma ku-nu-ki-ni Li-ba-a ù Ku-bi-a i-ni-iš-ú","Fifteen shekels of silver we collected from Alulaya's son in Hanaknak and under our seals Libaya and Kubiya are bringing it."
"1/3 ma-na KÙ.B. ša-du-a-tám Ni-mar-[Sú-in DUMU Da-dí-a i-na Du-ur-hu-mi-it","One third mina of silver, šaddu2utu-tax, we levied from Nimar-Suen, son of Dadiya, in Durhumit."
"nu-ša-dí 1 1/2 GÍN KÙ.AN iš-ra-tim [Šu-ma-bi4-a DUMU A-šur-e-li-tí nu-ša-dí-ma ku-nu-ke-e ša kà-ri-im Du-ur-hu-mi-it i-na Ší-na-hu-tim IGI wa-bar-tim a-na Šu-A-nim DUMU Me-na-nim ù Ma-num-ki-IŠKUR [áp-qí-id-ma a-na kà-ri-im i-ni-iš-ú","1 1/2 shekel of meteoric iron, the tithe, we levied from Šumi-abia, son of Aššur-ellitī, and under the seals of kārum Durhumit I entrusted it in Šīnahuttum before the wabartum to Šu-Anum, son of Menānum, and Mannum-kī-Adad, who are bringing it to the kārum."
"10 GÍN KÙ.B. ša-du-a-tám Bu-ṣí-a ša Ku-bu-ur-na-at i-na Tù-ùh-pí-a nu-ša-dí-ma ku-nu-ki-ni EN.LÍL-ba-ni DUB.SAR a-na kà-ri-im i-ni-ší-i","Ten shekels of silver, šaddu2utu-tax, we levied from Buṣia of Kuburnat in Tuhpiya and under our seals Enlil-bāni, the scribe, is bringing it to the kārum."
"1/2 ma-na [K]Ù.B. ša-du-a-tám ṣú-ha-re-e [ša Ma-num-b]a-lúm-A-šur DUMU Ku-ku-a [nu-ša-dí <gap> K]Ù.B. ša-du-a-tám [ ]-A-šur [ ]i-na [ ] ku-nu-ki-ni a-na kà-r]i-im","Half a mina of silver, šaddu2utu-tax, we levied from the servants of Mannum-balum-Aššur, son of Kukua. silver, šaddu2utu-tax, we levied from -Aššur son of and in we entrusted it to PN and under our seals he is bringing it to the kārum."
"[ i]-na Tí-iš-mur(BUR)-na [ ]-ba-ni ] DUMU A-ni-na [ ] ša DUMU Ha-na-na","silver in Tišmurna we levied from -bani, and to the son of Anina we entrusted it of the son of Hanana"
"<gap> GÍN KÙ.B. ma-as-hu-ru-tum [<gap>] ni iš-tí A-šur-ba-ni ù Šé-er-ṣé-ri-im al-qé-ma i-na Du-ur-hu-mi-it a-na Ìštar-pí-lá-ah ta-ar-gu-me-a-nim a-na 16 GÍN KÙ.B. ni-dí-šu-nu-ma ku-nu-ki ša kà-ri-im na-áš-a-ku","<gap> shekels of silver, <gap> I took from Aššur-bāni and Šerṣerum and in Durhumit I sold them to Ištar-pilah, the interpretor, for 16 shekels of silver which I am carrying with me under the seals of the kārum."
"3 GÍN KÙ.B. DUMU A-šur-[ták-lá-ku DUMU A-lá-hi-im nu-ša-dí-ma i-nu-mì [Ha-tù-ša-i-um ru-ba-um a-na Wa-aš-ha-ni-a ù Ba-ni-ha-ar-sí-im [na] <gap>","Three shekels of silver we levied from Aššur-taklāku, son of Alahum and when the ruler of Hattuš to Wašhaniya and to Baniharsum <gap> <gap>"
"ku-ta-nam a-na [ ] a-ší-im TÚG [ ] IŠKUR-ba-ni [ ] i-na Ha-t[ù-uš ]","a kutānu-textile for as payment for the textile Adad-bāni in Hattuš"
"a-na A-šur-DÙG qí-bí-ma um-ma Ku-li-a-ma a-na ma-lá té-er-tí-kà a-wa-tám ša A-na-ah-i-lí DUMU DÙG-ší-lá-A-šur a-na-ku A-šur-ma-lik DUMU Ku-ra-ra ù Šu-Bé-lum DUMU Pu-qí-dí a-na 1 ma-na KÙ.B. a-wa-sú ni-ig-mur-ma 1 ma-na KÙ.B. a-šu-mì A-na-ah-ì-lí a-na-ku a-pu-ul","To Aššur-ṭāb, thus says Kuliya: ""In accordance with your instruction we, I myself, Aššur-mālik, son of Kurara, and Šū-Bēlum, son of Puqidi, have settled the affair of Anah-ilī, son of Ṭāb-ṣilli-Aššur, for 1 mina of silver and I myself guaranteed 1 mina of silver in Anah-ilī's name."
"ṭup-pá-am ša ku-nu-ki-kà ša a-na <<ša a-na>> 1 1/3 ma-na KÙ.B. a-na A!-na-ah-i-lí ša ṭup-pi-šu lá ta-tù-ru-ú-ni ta-dí-nam","You gave me a tablet with your seal stating that you would not come back on Anah-ilī for the 1 1/3 mina of silver of his debt-note."
"šu-ma ṭup-pá-am ša ku-nu-ki-kà A-na-ah-i-lí lá im-ta-ah-ra-ni","Should Anah-ilī not receive from me the tablet with your seal,"
"1 ma-na KÙ.B. a-na a-lim a-na A-bu-ša-lim a-bi-kà ú-šé-ba-al-ma i-na SAG","then I will send to the City, to your father Abu-šalim,"
"KÙ.B. ṭup-pá-am ša ku-nu-ki-šu A-bu-ša-lim a-na ša ki-ma i-a-tí ú ša ki-ma A-na-ah-i-lí ša a-na 1 1/3 ma-na KÙ.B. ša ṭup-pi-šu ha-ar-mì-im a-na A-na-ah-i-lí lá i-tù-ru-ú","1 mina of silver and as soon as he receives that silver Abu-šalim will give to my and Anah-ilī's representatives a tablet with his seal stating that he will not come back on Anah-ilī for the 1 1/3 mina of silver recorded in his validated tablet."
"i-da-an-ma ú ṭup-pá-am ša ku-nu-ki-kà ú-ta-ra-kum-ma ú na-áš-pè-er-tí a-ni-tum i-mu-a-at","And then I will give you back the tablet with your seal and this letter will be cancelled."
"a-na [I-dí-Ku]-bi-im A-na-ah-ì-lí ú Puzur2-A-šur a-na A-na-ah-i-lí qí-bi-ma um-ma Ku-li-a-ma","To Iddin-Kūbum, Anah-ilī, and Puzur-Aššur, especially to Anah-ilī, thus says Kuliya:"
"1 1/3 ma-na ú ṣí-ba-tí-šu KÙ.B. a-na A-bu-ša-lim DUMU En-na-Sú-in ha-bu-lá-tí-ma: na-áš-pé-er-tum ša A-šur-DÙG i-li-kam-ma a-na 1 ma-na KÙ.B. a-wa-at-kà i-gi5-mì-ir: KÙ.B. šu-a-tí-i a-na-ku a-pu-ul a-ha-ma","""You owe to Abu-šalim, son of Ennam-Suen, 1 1/3 mina of silver plus its accumulated interest. A letter of Aššur-ṭāb arrived here and for an amount of 1 mina of silver your affair has been settled. I myself have guaranteed that amount of silver."
"1/3 ma-na KÙ.B. ba-áb DINGIR [a-na a-bi4-ni","Moreover, you have assigned 1/3 mina of silver to our father in the Gate of the god."
"ta-dí-i: iš-té-ni-iš ša 1 1/3 ma-na KÙ.B. ṭup-pá-kà al-pu-ut na-áš-pé-er-tám ša ku-nu-ki-a ša 1 ma-na KÙ.B. tù-kà-a-al ú ša-ni-tám ša 1/3 ma-na KÙ.B. tù-kà-a-al *tág-bi4-a-am","I drew up your tablet for a total of 1 1/3 mina of silver; you have in your possession a letter with my seal (good) for 1 mina of silver and a second (good) for 1/3 mina of silver."
"um-ma a-ta-ma a-li-ik-ma ṭup-pá-am ša ku-nu-uk A-šur-DÙG: li-qí-a-am ṭup-pá-am ša ku-nu-uk A-šur-DÙG al-qé-a-ku: ša a-bu-šu ú šu-ut a-na ku-a-tí ú me-er-i-e-kà lá i-tù-ru-ni a-hi a-ta","You told me as follows: 'Go and obtain for me a tablet sealed by Aššur-ṭāb', and I obtained for you a tablet sealed by Aššur-ṭāb, stating that neither his father nor he himself will come back on you and your sons."
"1 1/3 ma-na KÙ.B. ku-nu-uk-ma a-na Puzur2-A-šur pí-qí-id-ma lu-ub-lam ṭup-pá-am ša ku-nu-uk A-šur-DÙG ú ṭup-pá-am ša 1 1/3 ma-na KÙ.B ša ku-nu-ki-kà šu-up-ra-ma","Please, my brother, put 1 1/3 mina of silver under seal and entrust it to Puzur-Aššur to bring it here. Send me a message then I will give both the tablet sealed by Aššur-ṭāb and the one of 1 1/3 mina of silver with your own seal"
"a-na ša ki-ma ku-a-tí lá-dí-in ú ší-ta na-áš-pé-ra-tí-a: ša ku-nu-ki-a: ša tù-kà-lu lu-šé-ru-nim-ma: li-mu-ta","to your representatives. And then they should release to me the two letters of mine with my seal, which you have in possession, to cancel them."
"a-hi a-ta: KÙ.B. iš-tù MU 2 ŠÈ ta-be-e-el: ú ṣu-ha-re-e-a a-na šé-ri-kà áš-pu-ra-ma KÙ.B. ú-lá tù-šé-bi4-lam ú 6 GÍN KÙ.B. gám-ra-am","My dear brother, it is now two years that you keep this silver at your disposal. Though I sent my servants to you, you did not send me the silver and they caused me expenses of six shekels of silver."
"iš-ku-nu-nim a-hi a-ta KÙ.B. šé-bi4-lam [ú 6 GÍN KÙ.B. ga-ma-ar-šu a-na Puzur2-A-šur dí-in","Please, my brother, send the silver and give the 6 shekels of silver, the expenses he incurred, to Puzur-Aššur."
"i-li-bi4-i-kà li-ib-ší [ša gi5-mì-li","Realize what my favours to you mean!"""
"a-na Ku-li-a qí-bi4-ma um-ma A-ba-ba-a-ma šál-ma-ni ṣu-hu-ur-kà ša-lim ni-šu-kà šál-[m]u","To Kuliya, thus says Ababaya: ""We are well, your youngsters are wel and your people are well."
"ki-ma ku-a-tí i-<gap> a-bi4-kà a-<gap> a-wa-tí-kà <gap> i-ṣé-r[i-a <gap> ma-num: <gap> li-dí-n[am <gap> ša ta-<gap> té-tap-ša-n[i <gap> n[a <gap> lá i-<gap> e tù-kà-<gap>","Like/Instead of you <gap> of your father <gap> your words <gap> on me (?) <gap> Who could give me <gap> <gap> By what you <gap> you have treated me <gap> <gap> <gap> do not <gap>"
"iš-tù na-áš-pè-er-t[a-kà] lá ta-lá-kà-ni","since no letter of yours arrives here."
"mi-nam ša ta-áš-ta-n[a]-pá-r[a-ni] um-ma a-ta-ma ṣú-ba-tí ha-am-ša-at šé-bi4-li-í[m]","What is the purpose of constantly writing me as follows: 'Send me five textiles!'"
"mi-nam ṣú-ha-ar-kà li-ku-ul: mì-nam a-ší-tí-kà lá-áš-qú-ul šu-ma a-na a-bi4-kà lá uš-té-ri-id um-ma šu-u[t]-ma","What should your youngsters eat, what should I (use to) pay for your expenditures if I had not humbled myself for your father."
"ú-ha-lá-qú-nu *GA ša-ni-a-tù i-pi-šu ša-[ak]-na","He said: 'He is destroying you<gap>, he has evil intentions!'"
"me-er-a-at-[kà] iš-tí-a *ta-al-ta-<gap> *wa-áš-ba-at <gap> ša É a-bi4-ni *tim <gap> [*áb e ta-hi-ri-x*","Your daughter is / keeps <gap> with me she lives <gap> of our paternal house <gap> <gap>"
"ta-áp-hi-ra-am a-dí-in-ma GUD aṭ-bu-ùh ší-ru-um ša i-ri-ḫu ša-áp-lá-nu-um i-tab-ku 4 GÚ URUDU ag-mur <gap> ṣú-ùh-","I have sold the savings and slaughtered the ox. The meat which remained they have stored below. I have spent 4 talents of copper <gap>"
"lá i-mu-ut [ur-kà","your youngsters have not died!"""
"a-na Ku-li-a qí-bi-ma um-ma A-ba-ba-a-a-ma","Say to Kuliya, thus says Ababaya:"
"a-na-kam 1 1/3 ma-na KÙ.B. ša a-na mu-lá-e-i ša É Sà-ba-sí-a ni-il5-qé-e-ú: be-el qá-ta-tí-a ša iš-tí-a i-zi-zu-i-ni 5-šu-nu i-na-zu-mu-ú","'Here, as for the 1 1/3 mina of silver which we borrowed to supplement the amount of Sabasiya's house/firm, my guarantors, which assisted me, all five of them, are complaining."
"um-ma šu-nu-ma ṭup-pá-am ša ku-nu-ki-ki dí-ni-ni-a-tí ša KÙ.B. a-na ṣí-it: Ku-li-a i-ší-iq-lu-i-ni KÙ.B. 1 ma-na-um 7 GÍN ni-il5-qé","They say: 'Give us a tablet with your seal to the effect that the silver has been paid for Kuliya's expenses; we have borrowed the silver at an interest of 7 shekels per mina'."
"a-pu-tum 5 GÍN KÙ.B. a-bu-kà: a-šu-ur ù ni-ší-kà 1 GÍN KÙ.B. TA a-šu-ur","Please, provide your father with 5 shekels of silver and each of your folks with one shekel of silver"
"ù ta-zi-ma-tí-ší-na lá áš-ta-na-me-e","and let me no longer hear their complaints!"
"a-pu-tum ša a-wi-lu-tí-kà e-pu-uš a-pu-tum KÙ.B. a-na A-šur-ṣú-lu-li dí-in-ma lu-ub-lam a-na-kam ú-ša-ah-du-ru-ni","Please, act as the gentleman your are! Please, give silver to Aššur-ṣululī to bring it to me. Here they are frightening me""."
"a-na Ku-li-a qí-bi-ma um-ma A-ba-ba-a-ma a-na ma-lá pi-i na-áš-par-t[í-kà p[á-ni-tim","Say to Kuliya, thus says Ababaya: Exactly as your previous letter stated"
"3 ma-na [KÙ.B.] a-na E-na-na-tim a-dí-in [a]-pu-tum mi-nu-um ša a-na E-na-na-at-A-šur KÙ.B. tù-ší-ru-ú","I have given 3 minas of silver to Ennānātum. Please, what is this, that you released silver to Ennānāt-Aššur?"
"a-na lá-ni-šu ta-tí-ki-il5 lá É-tám: lá ša-ra-am [i]-šu ú KÙ.B. tù-ší-ir","You put trust in his outward appearance, but he has neither house nor child and still you released the silver!"
"[a-p]u-tum a-na me-ra u[m-m]ì-a-nim <gap> [<gap> m]a-na-ah-tí [B]ur-Ištar ša-i-il5","Please, to an independent trader <gap> <gap> as for my misery / expenses, ask Būr-Ištar (about it)."
"mi-ma ša a-dí-nu-šu-i-ni a-na A-šur-ṣú-lu-li i-na ṭup-pí-im ša i-is-ku-ri-im","All I gave him for Aššur-ṣululī has been registered on a wax tablet."
"lá-pu-ut a-pu-tum lá ta-ša-lá-aṭ","Please do not act highhandedly."
"ṭup-pá-am ša É Bé-lúm-ba!-ni na-áš-par-ta-kà li-li-kam lu nu-šé-ṣí-šu: a-ha-at-kà a-na a-bi-kà ma-da-tí-ma ta-ta-wu: i-na li-bi a-bi-kà tù-šé-ṣa-kà","As for the tablet of/in the house of Bēlum-bāni - when your letter comes we will obtain its release. Your sister talks a lot to your father and she tries to make him forget you!"
"lá ta-ša-lá-aṭ: mì-ma lá ta-pá-lá-ah e-lá-nu-kà [a-b]u-kà lá i-šu","Do not act highhandedly, you have nothing to fear since your father has nobody but you."
"[a-pu]-tum a-ni-qí ša a-mu-tim <gap> ù KI.DU-ra-am A-šur-ṣú-lu-li <gap> lu-ub-lam","Please, the rings of meteoric iron and the <gap>, let Aššur-ṣululī take them along to bring (them) to me."
"um-ma A-šur-ša-dí-li ù A-ba-ba-a-ma a-na Ku-li-a qí-bi-ma a-šu-mì ṭup-pi-kà","Thus say Aššur-šad-ilī and Ababaya, say to Kuliya: ""As for your tablet"
"ša Šu-Sú-in DUMU I-na-a ú-kà-lu a-na-kam i-nu-mì a-wa-sú-nu i-gi5-im-ru","which Šu-Suen, son of Innāya, has in his possession, when here their affair was concluded"
"i-na ga-me-er a-wa-tí-šu ṭup-pá-kà ú-šu-ru-ni-a-tí-ma ú né-nu ṭup-pá-am ša a-lim ša A-šur-re-ṣí nu-ša-ar","by (decision of) the man who settled his case they would release your tablet to us and then we would release the tablet of the City of/concerning Aššur-rēṣī."
"Šu-Sú-in ṭup-pá-am né-ta-ri-iš-ma um-ma šu-ut-ma a-da-na-ku-um a-wi-lúm i-na lá i-da-i-ni i-ta(LÀ)-al-kam","When we kept asking Šu-Suen for the tablet he said: 'I will give it you', but the man has left without us knowing it!"
"šu-ma a-ma-kam KÙ.B. e-ri-iš-kà lá over erased i ta-da-an um-ma a-ta-ma","If over there he asks you for silver, do not give it. Tell him: 'By decision"
"i-na a-lim i-na ga-me-er a-wa-tim DUB-kà <<i>> ta-da-nam [q]á-bi-a-tí: né-nu a-na-kam","of the man who settled the affair you have been ordered to hand over in the City the tablet you have'. And we here"
"<gap> ni-ša-a-al [ga-m]e-er a-wa-tim-ma <gap> tí [a-lim","<gap> we will ask the man who settled the affair and the <gap> which"
"[i]š-tù [A-bu]-š[a-l]im <gap> iš-tí Puzur2-<gap> <gap> ni-ni <gap> ni-il5-qé-ú šé-bi-lam","after Abu-šalim <gap> we had obtained from/with Puzur-<gap>, send us that."
"[A-š]ur-ANDUL ṭur4-dam I.GIŠ <gap> <gap> šé-bi-lam","Send Aššur-ṣululī here, send (also) <gap> oil."""
"um-ma A-šur-ša-dí-DINGIR A-mur-Ištar DÙG-ṣí-lá-A-šù[r] Ì-lí-a-LIM: A-nu-pí-a ù A-ba-ba-a-a-i a-na Ku-li-a: qí-bi-ma","Thus Aššur-šad-ilī, Amur-Ištar, Ṭāb-silli-Aššur, Ilī-anum, Anuppiya, and Ababayai, say to Kuliya:"
"a-wa-tí-kà: ša É Sà-ba-sí-a qá-du-um: ša u4-mu-kà ša-ak-nu-ni: ni-ig-[mu]-ur-ma a-ṣé-er KÙ.B. ù KÙ.KI","""We have settled your affair concerning Sabasiya's house, including the setting of a term for you."
"ša t[é-zí]-bu 1 1/3 ma-na iš-tí [DÙG]-A-šur DUMU DÙG-ì-lí 1 ma-na-um 7 GÍN a-na ṣí-ib-tim ni-il5-qé-ma","And in addition to the silver and gold you had left behind we borrowed 1 1/3 mina from Ṭāb-Aššur, son of Ṭāb-ilī, at an interest of 7 shekels per mina."
"nu-ša-bi4-šu-nu-ma 3 ṭup-pé-e ša a-lim 1 ṭup-pá-am ša 1 1/2 ma-na KÙ.B. ša hu-bu-li-kà ú-šé-ru-ni-a-tí","And with that silver we have satisfied them, whereupon they released to us 3 tablets of the City (and) 1 tablet recording a debt of yours of 1 1/2 mina of silver."
"a-ša-at-kà: iš-tí-ni kà-an-kà-at: ITI.1.KAM ma-hu-ur-ì-lí li-mu-um Da-ni-a","Your wife has sealed (the debt-note) together with us, (dated to) the IVth month of the eponymy of Dān-Ea."
"a-pu-tum ki-ma: ṭup-pí-i ta-áš-me-ú KÙ.B. ù ṣí-ba-sú šé-bi4-lá-ma ṭup-pá-am ša ku-nu-ki-ni ù ku-nu-uk a-ší-tí-kà lu né-du-uk: a-ma-lá na-áš-pé-er-tí-kà: Iš-me-IŠKUR DUMU I-tur4-a-a: ni-iṣ-ba-at-ma","Please, as soon as you have heard the letters, send the silver with the interest on it and then we will cancel the tablet with our seals and the seal of your wife. In accordance with your written instruction we seized Išme-Adad, son of Itūraya, and told him:"
"um-ma né-nu-ma 5 ma-na KÙ.B. a-na ší-a-ma-tim ša Puzur2-A-šur DUMU A-hu-wa-qar: tù-ub-lam kà-i-na-ni-a-tí-ma a-ta-ma: ší-ma-am: ša-am-ma qá-at-ni: lu ni-iš-ku-un","'You brought 5 minas of silver, meant for making purchases, belonging to Puzur-Aššur, son of Ahu-waqar. Confirm our claim on it, then it is you who can make the purchases and we will establish our claim on them."
"šu-ma KÙ.B. a-na ša Puzur4-A-šur i-tù-wa-ar Ku-li-a [li]-il5-qé um-ma šu-ut-ma Puzur2-A-šur: mi-ma: lá i-dé ù mi-ma KÙ.B.: lá ub-lam","If the silver turns out to belong to Puzur-Aššur, Kuliya can take it'. He answered: 'Puzur-Aššur is in no way involved and I did not bring along any silver!'"
"a-na KÁ DINGIR nu-šé-ri-sú-[ma] KÁ: ta-am-gi5-ir-tum i-bi4-ší-ma: a-na pá-ni-šu a-[le]: ta-mu-ru-šu-ni tù-ta-ma-šu a-šu-mì: A-šur-re-ṣí DUMU I-na-a","We led him down to the Gate of the god and in the Gate this agreement was reached: 'Henceforth, wherever you see him you will make him swear the oath'. As for Aššur-rēṣī, son of Innāya, their"
"[a-wa-tù-šu-nu a-dí-ni: na-ad-a-ma: ṭup-pá-am: lá [nu-šé-ṣí-a-am ú si-ku-šu: ka-a-ni-iš-ma: nu-kà-al","affair still rests and we have not obtained a written document and (hence) we continue to detain him""."
"um-ma A-šù[r-ša-dí]-li-ma a-na Ku-li-a ù A-šur-la-m[a-sí] a-na Ku-li-a qí-bi-ma","Thus says Aššur-šad-ilī to Kuliya and Aššur-lam[assī] and in particular to Kuliya:"
"a-šu-mì a-wa-tim ša É Sà-ba-[sí-a] a-wu-tum ša [m]a-ah-ri-kà lá iz-ku-ú: lu-qú-ut-kà ša i-na A-pí-im té-zi-b[u]-m[a] Lá-ta-ra-ak iṣ-ba-at","""Because of the affair of Sabasiya's house, the case that was not settled in your presence, Latarāk has seized your merchandise that you had left behind in Apum."
"áš-me-ma ṭup-pá-am ša ší-b[u-tim] ú ší-ip-ra-am al-qé-ma a-na A-pi-im i-li-ik-m[a] lu-qú-tám ú-ší-ir-ma A-bi-we-du-um i-ra-dí-a-ku-um","When I heard it I availed myself of a tablet of the Elders and a messenger who went to Apum and obtained the release of the merchandise and Abī-wēdum is now leading that to you."
"be-et-kà URUDU GUŠKIN Ú-ṣú-ra-num ta-da-nam lá i-mu-a um-ma šu-ut-ma ša-qú-ul: ba-pí-ra-am","As for your house, Uṣurānum refuses to give either copper or gold saying: 'All has already been paid'."
"ša ša-ku-ul-tim ú ku-<ku>-ba-tim É [DAM].GÀR ni-il5-qé-ma a-na DAM Ili5-ba-ni ni-dí-in: mì-ma li-ba-l kà lá i-pá-ri-id ki-ma a-wi-lu-tí-kà lu-qú-ut-kà","From a merchant we borrowed beer bread for the banquet and for drinking flasks and we gave them to Ilī-bāni's wife. There is absolutely no reason to get nervous. Gentleman as you are, convert your merchandise"
"a-na KÙ.B. ta-e-er-ma tí-ib-a-ma: a-tal-kam","into silver and come immediately here."
"a-hi a-ta tí-de8-e ki-[ma] KÙ.B. 1 GÍN ša qá-[tim] a-na ša-ku-ul-ti[m <gap>","My dear brother, realize that every single shekel of silver at hand for the banquet."
"<gap> <gap>","<gap> <gap>"
"[A-šur-lá-ma-s]í [qí-bi4-ma] [KÙ].B. šé-b[i4]-lá-[ma] [li]-ba-am dí-nam ší-im TÚG.HI-tí-šu [SIG5 a-na] A-šur-ṣú-lu-lí dí-in li-bu-šu lá tù-lá-ma-an","Tell Aššur-lamassī: 'Send the silver (and so) encourage us!' Let him give the yield of his textiles of good quality to Aššur-ṣululī. Do not make him angry""."
"a-na Ku-li-a qí-bi4-ma um-ma Al-pi-lí ú A-šur-lá-ma-sí","To Kuliya, thus say Alpilī and Aššur-lamassī:"
"šál-ma-ni i-Ta-wi-ni-a wa-áš-ba-ni","We are well, we are staying in Tawiniya."
"ni-iš-ta-na-me wa-áš-bu-tum ša Wa-ah-šu-ša-na i-ta-ṣú-nim a-dí 2 u4-me-e za-ku-sà ni-ša-me-ma a-le ni-pá-nu-ú ni-ša-pá-ra-ku-um","We hear rumours that the residents of Wahšušana have left the city. Within two days, when we hear more details, we will inform you by letter where we are heading."
"ta-ma-lá-ke ša qá-tí-kà Al-pi-lí ú-ša-al li-ba-kà lá i-pá-ri-id","As for the coffers under your control, Alpilī will make enquiries. Do not get afraid!"""
"um-ma A-mur-Ištar-ma a-na Ku-li-[a] A-šur-e-nam Šál-ma-A-šur ù MAR.TU-ba-ni qí-bi-ma","Thus says Amur-Ištar to Kuliya, Aššur-ennam, Šalim-Aššur, and Amurrum-bāni:"
"a-na-kam 1+<gap> TÚG.HI.A dam-qú-tim wa-at-ru-[tim a]-na Šál-ma-A-šur DUMU A-šur-b[a-ni] áp-qí-id TÚG.HI.A ma-áš-kà-tu[m a]-na TÚG.HI.A šu-nu-ti MAR.TU-b[a-ni] iš-tí Šál-ma-A-šur","""Here I entrusted 2? textiles of extremely good quality to Šalim-Aššur; the textiles are encumbered. For these textiles Amurrum-bāni <gap> together with Šalim-Aššur"
"<gap> iš-r[a]-tim ša É ká-ri-im <gap> t]ám ša É.GAL-lim <gap> ú-lá-ma-da-ni","and the tithe of the kārum office and the tax due to the palace <gap> he will charge me."
"<gap> -ni-ma [KÙ.BA]BBAR-BI-pí <gap> ṣ]ú-ha-r[i <gap> <gap> (lacuna of ca. 8 lines) <gap>","<gap> <gap> <gap> (too damaged to translate) <gap>"
"<gap> ma-na 3 G[ÍN] <gap> i-li-bi <gap> ša]-áš-qí-lá-šu-ma <gap> 1/2 ma-na KÙ.B. [i-li-bi4 <gap>]-e-nam ša A-šur-e-nam <gap> 1/2 ma-na KÙ.B. <gap> i-li]-bi4 A-sà-nim","<gap> mina(s) and 3 shekels of silver are due by <gap> make him pay. <gap> 1/2 mina of silver due by <gap>-ennam, which Aššur-ennam <gap> 1/2 mina of silver <gap> due by Asānum"
"[DUMU Ì-li-i]š-tí-kál ší-im AN.NA <gap> KÙ].B. ù 2 TÚG.HI.A i-li-bi4 <gap> DU]MU A-mu-ra 1/3 ma-na <gap> t]iš DUMU Šu-Hu-bu-ur <gap> KÙ].GI ki-ša-am i-l[i-bi] <gap> [E]-nam-A-šur š[a <gap>","son of Ilīš-tikal, the price of tin. silver and 2 textiles due by <gap>, son of Amura. 1/3 mina due by <gap>iš, son of Su-Hubur. ki(š)šu-gold due by <gap>, son of Ennam-Aššur, which<gap>"
"<gap> a-wa-tim <gap> a-tù-nu lá <gap> <gap> lu-lá-pí-ta-[ku-nu-tí] <gap>-ma: tí-dé-a a-šar <gap>","<gap> you <gap> I should write to you <gap> you know where <gap>"
"<gap> i]-ba-ší-ú ù TÚG.H[I.A] [iš-té-n]a ù ša-na-a [dí-na-m]a i-na pí-i-i[m ù?]","<gap> is available. And the textiles, sell them one or two apiece, and with mouth and"
"[li]-bi-im ša ak-<gap> lu-ub-lu-nim-ma: e-n[é-a] pí-it-a: a-hu-ú-a: a-[tù-nu]","heart that which <gap> let them bring to me and open my eyes!"
"iš-tí ší-im TÚG.HI-tí-a [ki-ma] KÙ.B. 1 ma-na ṭá-ah-d[a-am] i-lá-kà-ni ep-š[a-ma] li-ba-am dí-na-nim","Dear brothers, do your best that together with the price of my textiles also at least 1 mina of silver extra reaches me here and so give me courage."
"1 ma-na 10 GÍN [KÙ.B. <gap>] ni-a-e-[im <gap>] <gap> <gap>","One mina 10 shekels of silver <gap> our <gap> <gap> <gap>"""
"a-na Ku-li-a qí-bi-ma um-ma A-sá-num-[ma]","To Kuliya, say, thus says Asānum:"
"a-šu-mì a-ší-im sá-ah-ra-a-ku a-ši-a-im i-ma-gu5-ru a-da-šu-ma a-ta-be-a-am-ma a-ta-lá-kam","""I am still staying (here) because of the meteoric iron. When they agree with the (quality/price of the) iron I will sell it, get ready and leave for you."
"a-dí-i na-áš-pè-er-tí-kà ša a-šu-mì kà-lá-pí-im i-li-kà-ni ší-bè-e a-dí-ni lá ah-ri-im i-ší-be-a","As for your letter which arrived here concerning the axe, I have not yet recorded (the depositions) of the witnesses."
"A-zu: kà-ṣa-ar Puzur2-A-mur be-li a-ta: <<a-na>> a-na Puzur2-A-mur pu-nu-ma A-zu-ú li-iṭ-ru-dam","Among my witnesses figures Azu, the transporter of Puzur-Amur. Please, my lord, approach Puzur-Amur and let him send Azu to me,"
"iš-tí tap-pá-i-šu ší-bu-tám li-dí-nam","so that he can testify for me together with his colleagues."
"i-na lá i-da-i-a a-mì-ša-am i-tal-kam um-ma šu-ut-ma a-na E-lá-lí a-lá-ak","Wihtout my knowledge he has left for there, saying: 'I am going to Elālī'""."
"a-na Ku-li-a qí-bi-ma um-ma A-sà-num-ma a-ma-a","To Kuliya, thus says Asānum: ""Really, this is"
"dam-qá-tù-šu ša Al-<pi>-lí ša i-na Té-ga-ra-ma ú-ta-mì-ú pa-ar-sà-ti-kà a-wa-tim u-šé-ṣí-i ú šu-um-ka SIG5 tá-pu-ul ú a-[na-ku iš-t[í-kà-ma ṭá-pu-lá-ku","the friendliness of Alpilī whom I made swear an oath in Tegarama - he has disclosed confidential matters of you, and also your good reputation has been besmirched and I have been besmirched together with you!"
"aq-bi-a-ku-um um-ma a-na-ku-ma a-wa-tí-kà Al-pi-lí lá tù-lá-ma-ad a-wa-sú *ú-ZA-AD* a-bi a-ta be-lí a-ta lá ta-qá-bi um-ma a-ta-ma i-qi-in-im a-šu-mì ta-pá-i-šu-ú na-áš-<pè>-er-tám uš-té-bi-lam ma-di-iš li-bi-i im-ra-aṣ","I had told you: 'Do not inform Alpilī about your affairs, he <gap> his word.' Please my father, my lord, do not think: 'Out of jealousy he has sent me a letter about his partner!' He has really hurt me terribly."
"a-na a-wa-tim ša a-šu-mì a-ni-a-tim DINGIR lu i-dé (erased a-na) a-na Al-pi-lí um-ma šu-ut-ma","For the rumours I keep hearing, for these matters god be my witness against Alpilī! He said"
"a-na am-tí-kà-ma <gap> lá i-ba-ší i-[na <gap>","to your maid: 'There is no <gap>."
"2ší-ta a-ša-[tám] da-mì-iq-tám Ku-l[i-a] e-ha-az: i-na <gap>","Of the two <gap> Kuliya will marry one as a fine wife. Of/with the <gap>"
"am-tí-kà ka-lá-ší-n[a-ma] tù-ba-lá-ku-um l[i-ba-kà] lá i-na-hi-id e-l[á(-an)]","of your maid, all of them she will bring you. Don't be worried.'"
"3 GÍN KÙ.B. mi-ma *wa!-a[t-ra-am] lá i-dí-ší-im ú *ša? a-da-[x-r]im* lá i-dí-ší-im ú a-ma-[t]um ra-qá-ma uš-ba ú li-bi4-[ša] ki-ma mì-ma lá i-dí-nu-ší-ni iš-té-né-ú-ma LU a-na ku <gap>","Apart from 3 shekels of silver he gave her nothing extra and he also did not give her any <gap> Moreover, the slave-girls are idle and do nothing. And because he gave her nothing they keep looking for <gap>"
"ú li-ba-ša da-ni-ša-ma ma-ri-iṣ a-na a-wa-tim a-ni-a-tim ša Al-pì-lí e-ta-ú-ší-ni i-na e-ra-bi4-a 5? u4-me-e iš!-tí-a lá ta-ta-ú","and she is very angry. Because of these matters which Alpīlī told her, when I had arrived for five days she refused to talk with me."
"<gap> ak-šu-dam i-na kà-ri-im wa-áš-ba-at ú qá-ta-t[ù]-a i-na qá-ba-lá-al qá-qá-dí-ša ša-ak-na-a","<gap> I arrived here she was staying in the kārum and both my hands are placed on the <gap> of her head."
"šu-ma-me-e e-ṣí-iš6 lá ak-šu-dam pu-ru-i-ni-me-e GAL ša-ki-in ma-dí-iš tù-ni-ha-ni a-dí pá-né-ša ta-mu-ru-ni","If I had not arrived at short term we would have been seriously denunciated. She has caused me a lot of trouble. Until you meet her personally"
"ù li-b[a-am] [a]-na-ku a-dí-ší-im um-ma [ší-it-ma a-na <gap> ki-li <gap> [k]i?-a a-na-ku al-mì-in-ší-ma [ší-it-ma ki-e i-KU-BA-im [a]-lá-ak a-wa-tám li-bi-i [ú-kà-al ba-lá-at <gap> a-lá-ak KU-BA-am i-pá-ṭá-ar-ma ú a-lá-ak","I myself will <gap> She said: 'For/To all <gap>'. I became angry at her but she (said): ""How can I go with <gap>? I keep the matter in mind! Without <gap> I will go. He will loosen the <gap> and then I will go'."
"a-na Ku-li-a qí-bi-ma um-ma A-sà-num-ma a-na-kam i-qá-qá-ar ší-a-ma-tim wa-áš-ba-ku ú ší-mu-um ma-ad ší-ma-am ša ta-šé-e-ú","To Kuliya, thus Asānum: ""I am staying here in an area of purchases and there is much for sale!"
"i-li-bi-kà ša ba-lá-tí-kà ú ba-lá-tí-ni a-na-kam-ma ú-šé-lá šál-ma-ku mì-ma i-li-bi4-kà lá ta-na-hi-id","Purchases at which your are striving, which will secure you and us a profit, I can realize here. I am well, there is not reason to worry."
"ší-ma-am šu-ra-am ša i-dí-ú i-li-bi-i ma-tí-im ša Ha-tim","<gap> purchase goods that they stocked are in the countryside of Hattum."
"KÙ.B. šé-bi-lá-ma ší-ma-am lá-áš-a-am-ma a-pí-iš Ku-ku-ú-ma e-ra-ba-ni lu-šé-ri-ba-am ki-ma","Send me silver then I will make purchases and since Kukū is about to arrive, let him bring them in."
"KÙ.B. ṭa-ah-dum i-na Ha-tim i-né-pu-šu-ni ú li-ba-kà i-ha-du-ú e-pu-uš KÙ.B. ú-lá tù-šé-bi-lam ší-ma-am ša ú-šé-ra-ba-ni ta-ma-ar","Take action so that an abundance of silver can be earned in Hattum and you can rejoice, lest you will regret not having sent me silver, when you see what purchases"
"li-ba-kà e im-ra-aṣ a-bi-i a-ta be-lí a-ta","I am bringing in! My father, my lord, as for"
"KÙ.B. ša E-na-na-tum i-dí-na-ni i-na UTU-ši ú-ṣa-ni ú-KU-BA-ku-ma KÙ.B. lá ú-me-er KÙ.B. šé-bi-lam-ma iš-tí KÙ.B. a-nim lu ší-pí-ir-šu","the silver that Enannātum gave me, the day I left I was so pressed that I did not stock that silver. Send me silver and let him be the messenger coming with that silver."
"KÙ.B. e-lá tù-šé-bi-lam-ma li-ba-kà ú li-bi-i e im-ra-aṣ","Do not fail to send silver lest both you and I will regret it!"
"Ha-nu-ba a-na-kam ú-ta-za-am um-ma šu-ut-ma a-dí-i na-áš-pè-er-tám ša Ku-li-a a-ša-me-ú a-ma-kam a-ma-tim lá ú-ša-ar ú ša ki-ma šu-a-tí iq-bi4-ú-nim","Here Hanuba keeps complaining, saying: 'Until I hear a letter of Kuliya I will not release the slave-girls over there'. His representatives too spoke in the same strain."
"a-pu-tum i-hi-id-ma na-áš-pè-er-ta-kà a-ṣé-er Šu-Sú-en6 Ha-nu-ba Puzur2-La-ma a-ṣé-ri-a ú a-ṣé-er ELLAT-tí-kà ša ki-ma a-wi-lu-tí-kà","Please, see to it, gentleman as you are, that a favourable letter of yours reaches Šu-Suen, Hanuba, Puzur-Lama, me, and your caravan."
"SIG5-tám li-li-kam ša šé-ru-ub ELLAT-tí-kà ú a-ma-tí-kà e-pu-uš","Take action to bring your caravan in and concerning the slave-girls."
"a-na Ì-lí-ba-ni ù Ku-li-a a-na Ì-lí-ba-ni: qí-bi-ma um-ma A-šur-e-nam-ma","To Ilī-bāni and Kuliya, to Ili-bāni in particular say, this is what Aššur-ennam says:"
"5/6 ma-na KÙ.B. i-na Šà-lá-t[i-wa-ar] Ku-li-a: ku-nu-ki-šu: i-dí-nam a-na Wa-ah-šu-ša-na a-na ṣ[é-ri-kà] ub-lam-ma um-ma a-na-ku-m[a]","""In Šalatiwar Kuliya gave me 5/6 mina of silver under his seal. I brought it to Wahšušana to you and I said to you:"
"KÙ.B. le-qé-ma ša-du-[a-tám] ša a-šu-mì Ku-li-a ša ta-p[u-lu] šu-qú-ul: um-ma a-ta-ma [k]e-na KÙ.B.: a-pu-[ul]","'Take this silver and pay (with it) the šaddu2utu-tax on behalf of Kuliya, as you promised"". You answered: 'Indeed, I did promise to pay that silver.'"
"[ku-nu]-ki ša a-hi-kà [IGI] A-šur-lá-ma-sí DUMU A-šur-ma-lik [ù] Šu-Iš-ha-ra DUMU I-na-Sú-in [l]i-me-e áp-qí-da-kum","In the presence of Aššur-lamassī, son of Aššur-mālik, and Šū-Išhara, son of Enna-Suen, the līmū, I entrusted it to you under the seals of your brother."
"mi-nam: a-bé-et: a-bi-a al-qé-ma a-hu-kà i-tù-ra-am","What did I take for my paternal house that your brother came back on me?"
"i-na al Tí-im-ni-e IGI Ú-zu-a DUMU Ku-ku-lá-nim ù I-na-Sú-en6 DUMU I-dí-a-bi4-im ta-aṣ-bi4-tí-ma: um-ma a-ta-ma","In Al-Timniyē, in the presence of Uzua, son of Kukulānum, and Enna-Suen, son of Iddin-abum, you seized me, saying:"
"i-nu-mì KÙ.B. ku-nu-ki ša a-hi-a ta-dí-na-ni ma-nu-um li-mu-um um-ma a-na-ku-ma lá A-šur-lá-ma-sí ú Šu-Iš-ha-ra li-mu-ú ù ma-ah-ri-šu-nu-[ma KÙ.B.] ku-nu-ki [ša] a-h[i-a áp-qí-da-kum]","""'When you gave me the silver with my brother's seal, who was then līmum?' I answered: 'Were Aššur-lamassī and Šu-Išhara not līmums? And it was in their presence that I entrusted you the silver with my brother's seals'."""
"[a-na Ì-lí-ban-n]í [ù Ku-l]i-[a] [qí-b]i-ma um-ma A-š[ur-e-nam-ma]","To Ilī-bāni and Kuliya, say, this is what Aššur-ennam says:"
"[i-na Šà-lá-t]í-wa-ar 5/6 ma-n[a KÙ.B.] [ku-nu-ki-šu K]u-li-a i-dí-nam-ma [a-na Wa-a]h-šu-ša-na a-na [ṣé-ri-kà] [ub-lam]-ma um-ma a-na-ku-m[a] a-ma KÙ.B.","""In Šalatiwar Kuliya gave me 5/6 mina of silver under his seal. I brought it to Wahšušana to you and I said:"
"[i-na] ku-nu-ki ša Ku-lia áp-qí-da-ku-um [KÙ]. ša a-šu-mì Ku-li-a ša-du-a-tám [k]à-ra-am ta-pu-lu um-ma a-ta-ma ke-na a-pu-ul KÙ.B. IGI A-šur-lá-ma-sí DUMU A-šur-ma-lik ú Šu-Iš-ha-ra DUMU E-na-Sú-in li-me-e ri-ik-sà-am áp-qí-da-kum","'Herewith I entrust to you silver under the seals of Kuliya. It is the silver you promised to pay the kārum as šaddu2utu-tax on behalf of Kuliya'. You said 'Yes, I promised it'. In the presence of Aššur-lamassī, son of Aššur-mālik and of Šu-Išhara, son of Ennam-Suen, the līmū, I entrusted the packet to you."
"[mì-n]am: a-na É a-bi4-a al-qé-ma [a-hu-k]à i-tù-ra-am [i-na a]l Tí-im-ni-e ta-am-hu-ri-ma [IGI E-n]a-Sú-in DUMU I-sú-rik ú IGI Ú-z]u-a DUMU Ku-ku-lá-nim [ta-áš]-e-li-m[a: um-ma a-ta-ma]","What did I take for my paternal house that your brother came back on me? In Al-Timniyē you approached me and in the presence of Ennam-Suen, son of Issūrik, and of Uzua, son of Kukkulānum, you interrogated me, saying:"
"[i-nu-m]ì KÙ.B. [ku-nu-ki ša a-hi-a] [t]ù-šé-bi4-lá-[ni] [m]a-num l[i-mu-um um-ma] a-na-ku-ma A-šù[r-lá-ma-sí] ú Šu-Iš-ha-ra li-mu-ú ù ma-ah-ri-šu-nu-[ma KÙ.B.]","'When you had me bring the silver with my brother's seals, who was then līmūm?' I answered: 'Aššur-lamassī and Šu-Išhara were līmū,"
"áp-qí-da-kum Ú-ṣur-ša-Ištar DUMU Da-da-a i-na Né-eh-ri-a aṣ-ba-at-ma 1 ma-na ší-a-ma-tí-šu a-na 4 ma-na KÙ.B. i-tù-ur-šu-ma a-wa-at-ni","and it was in their presence that I entrusted you the silver'. I seized Uṣur-ša-Ištar, son of Dadaya, in Nehriya and merchandise of his worth 1 mina had become 4 minas of silver for him and so our affair"
"[r]-na-me-er 1 ma-na KÙ.B. [iš]-t]í-šu al-pu-ut","was cleared up. I booked 1 mina of silver as due by him."
"<gap> KÙ.B. I-dí-A-šur DUMU Šu-Be-lúm [i-na-áš-pé]-er-tim e-pu-lá-ni [KÙ.B.?] lu ša iš-tù Ma-a-ma [lu š]a iš-tù Teg-ga-ra-<ma> ú-šé-ba-lam <gap> <gap> i-na ší-bé","silver Iddin-Aššur, son of Šu-Bēlum, promised me in a letter. He will send me the silver from what will (come in) from Mamma or from Tegara<ma>. <gap> and by witnesses"
"<gap> ša e-p[u-lu] <gap> <gap> i-l]i-bi A-šur-ba-ni D[UMU?] <gap>]-tim a-na-ku a-dí-nu-šu-ni <gap>] i-tù-ar","<gap> which he promised <gap> <gap> due by Aššur-bāni, son of <gap> which <gap> I myself gave him will be converted into <gap>"""
"a-na [Ku-li-a] A-šur-lá-ma-sí ù A-šur-lá-ma-sí-ma qí-bi-ma um-ma A-šur-e-mu-qí a-na A-šur-lá-ma-sí DUMU Puzur2-ì-lí qí-bi4-ma","To Kuliya, Aššur-lamassī and Aššur-lamassī, thus says Aššur-emūqī, to Aššur-lamassī, son of Puzur-ilī in particular:"
"3 GÍN KÙ.B. iš-tù li-mì-im A-šur-ma-lik DUMU Šu-Ha-ni-iš a-dí-na-kum um-ma a-ta-ma 3 TÚG ša ṣú-ùh-ri-im ša A-ki-dí-e: iš-tù a-lim ú-šé-lá-a-kum: TÚG.HI.A tù-šé-li-a-ma a-ni-ša-am lá té-ta-ar-ba-am ha-ra-kà","""You have 3 shekels of silver, given by me, since the eponymy of Aššur-mālik, son of Šu-Haniš. You said: 'I will bring up for you from the City 3 Akkadian garments for children'. You brought these textiles up, but did not enter here with me, you went away"
"ta-ta-lá-ak a-hi a-ta be-lí a-ta: 3 TÚG.HI.A ša ṣú-ùh-ri-im ša tù-šé-li-a-ni: a-na Ku-li-a: dí-in: šu-ma TÚG.HI.A ta-ad-nu: KÙ.B. ší-im-šu-nu ú-ṣí-im-ma a-na Ku-li-a dí-in","on a journey. Please my brother, my lord, give these three garments for children that you brought up (from Assur) to Kuliya. If these garments have already been sold, establish how much silver they yielded and give it to Kuliya."
"a-hi a-ta IGI A-šur a-kà-ra-ba-ku-um a-na A-šur-lá-ma-sí ma-ri-a qí-bi4-ma","(Then) my dear brother, I will pray for you before Aššur.' Say to my son Aššur-lamassī:"
"a-na-kam: ta-áp-nu-a-ma um-ma a-ta-ma KÙ.B. 1 GÍN a-gam-ri-a dí-na-ma ší-a-ma-tí-šu lu-šé-bi-lá-kum KÙ.B. a-dí-na-kum ù ša","""'Here you turned to me saying: 'Give me a little silver for my expenses and I will send you the merchandise it yields'."
"8 GÍN KÙ.B. SÍG.HI.A ú ú-kà-pè a-dí-na-kum um-ma a-na-ku-ma zi-ra-am a-na Ma-ma-i-im ha-bu-lá-ku ú-ul zi-ra-am ú-ul sú-ub-ra-am: šé-bi4-lam","I did give you silver and also wool and saddlecloths for a value of 8 shekels of silver, saying: 'I owe a cauldron to the man of Mamma, therefore send me a cauldron or a slave'."
"um-ma a-ta-ma šu-ma e-ra-bu iš-tù Kà-né-eš ú-šé-ba-lá-kum","You answered: 'When they arrive I will send them to you from Kanesh'."
"iš-tù MU.2.ŠÈ: KÙ.B.-pí ta-ma-kàr KÙ.B. ù ha-ra-na-tí-šu da-mì-iq-ma a-na Ku-li-a dí-in","It is now two years that you manage my silver. Be so kind as to give to Kuliya that silver or what has been acquired for it during its journeys""."
"a-na Ku-li-a qí-bi-ma um-ma Hu-na-hu-na A-na-ah-DINGIR ú Puzur2-A-šur i-li-ku-nim KÙ.B.","To Kuliya, thus says Hunahuna: ""Anah-ilī and Puzur-Aššur came here. As for the silver,"
"1 1/3 ma-na KÙ.B. ša A-na-ah-DINGIR i-hi-ib-lu Puzur2-A-šur áš-ra-kam-ma 14 GÍN KÙ.B. ip-ta-an 1 ma-na 6 GÍN KÙ.B.","the 1 1/3 mina of silver for which Anah-ilī had become indebted, over there Puzur-Aššur consumed (for) 14 shekels of silver, (the rest) 1 mina 6 shekels"
"a-na ša-ni-im pá-qí-id um-ma A-na-ah-i-lí-ma DUB ša ku-nu-ki-a bi-lá-nim-ma KÙ.B. li-qí-a DUB a-na-ku [lá a-mu-a","has been entrusted to somebody else. Anah-ilī said: 'Bring me the tablet with my seal then take the silver'. But I refused to release that tablet."
"ú-šu-ra-am um-ma En-na-na-tum ri-ig-ma-am lá ni-na-dí DUMU I-na-a lá i-ša-me-e","Ennānātum said: 'We will not file a complaint lest Innaya's son hears about it.'"
"na-yi-ip-lá-ah-ma E-na-na-tum ú a-na-ku hu-ur-šam ni-ip-té-e-ma i-na ta-ma-lá-ki-kà ṭup-pá-am ša ku-nu-ki-šu nu-šé-li-ma ni-dí-šu-um: 1 ma-na 6 GÍN KÙ.B. a-na-ku ú-kà-al","Since we became afraid, Ennānātum and I myself, we opened the storeroom and took out of your tablet coffer the tablet with his seal, which we gave him. The 1 mina and 6 shekels of silver I have in my possession."
"2 na-áš-pè-ra-tí-kà lá i-dí-nam ú a-na-ku DUB ša A-šur-DÙG lá ú-šé-er-šu-um ma-ma-an i-na ša-zu-za-tí-kà lá i-zi-iz","Since he did not give me your two letters I also did not release to him the tablet of Aššur-ṭāb. Not one of your representatives came into action."
"iš-tù ṣú-ha-ru-ú i-li-ku-ni-ni ur-ki KÙ.B. E-na-na-tim i-sà-hu-ru-ú mì-ma i-qá-tí-šu lá i-ba-ší 1 GÍN KÙ.B. ta-da-nam lá i-le-e ma!(ME)-lá-kà","When the servants had come here, they were looking for the silver of Ennānātum, but he had absolutely nothing available (and) he was unable to give even one single shekel of silver. It is now up to you."
"4 GÍN KÙ.B. a-na-ku al-qé 2 1/3 GÍN ša Sà-ma-a al-qé KU.B a-na-ku-ma a-na ṭá-áb-tim a-da-ma","I myself obtained 4 shekels of silver (and) I (also) took 2 1/3 shekels of Samaya. I myself will use that silver for buying salt and then they can"
"i-ta-be-ú-nim-ma i-ta-lu-ku-nim sú-ha-ar-tám! áb-la-aṭ šál-ma-ku","make themselves ready and depart. As for the girl, I recovered, I am now well."""
"a-na Ku-lia DUMU A-lá-bi4-im DUB I-dí-na-bi4-im DUMU Šu-Ištar GUDU ša Ištar a-na Ku-li-a qí-bi-ma um-ma I-di-na-bu-um-ma","To Kuliya, son of Ali-abum, tablet of Iddin-abum, son of Šu-Ištar, priest of Ištar. Say to Kuliya. Thus says Iddin-abum:"
"10 GÍN KÙ.BABBAR ša ÌR sú-ha-ri-ni ú E-nu-mì-ili5 a-na Puzur2-A-šur DUMU A-hu-wa-qar i-hi-ib-lu-ni šu-ma: na-áš-pè-er-tí ša A-ta-a ša ta-sí-ú-ma KÙ.B.: ta-<al>-qé-ú a-ta-áb-lá-ku-um na-áš-pè-er-tám ša ku-nu-ki-a tù-ša!(ŠU)-ra-am um-<ma> Ku-li-a-ma","""10 shekels of silver for which Urdum, our servant, and Ennum-ilī had become indebted to Puzur-Aššur, son of Ahu-waqar - if I deliver to you a letter of Ataya, stating that you have settled accounts and have collected that silver, will you then release to me the letter with my seal?"" Kuliya answered:"
"šu-ma: na-áš-pè-er-tám lá ta-ta-áb-lam 10 GÍN KÙ.B. ta-ša-qá-lam","""If you do not deliver to me that letter you shall pay me 10 shekels of silver""."
"um-ma I-dí-Sú-in a-na Ku-li-a qí-bi4-ma 1 ma-na Ì.GIŠ ša Tù-uh-pí-a ú 5 ma-na URUDU ša ša-du-i-šu i-pá-ni-kà lá té-zi-ba-am a-hi a-ta i-hi-id Ì.GIŠ ú URUDU lá té-zi-ba-lam","Thus Iddin-Suen to Kuliya: ""The one mina of oil of Tuhpiya and the 5 minas of copper of local origin you must not leave behind for me when you leave! Please, my brother, take care not to leave the oil and the copper behind for me!"""
"a-na Ku-li-a DUMU A-lá-[b]i4-im Ha-nu-nu DUMU En-um-A-š[ur] Ú-ṣur-ša-A-šur DUMU Puzur2-A-šur [ú A-šu]r-lá-ma-sí DUMU A-š[u]r-na-d[a]","To Kuliya, son of Ali-abum, Hanunu, son of Ennum-Aššur, Uṣur-ša-Aššur, son of Puzur-Aššur and Aššur-lamassī, son of Aššur-nādā."
"[KIŠIB] Pi-lá-[ah-I]štar DUMU A-šur-na-da","seal of Pilah-Ištar son of Aššur-nada."
"a-na Ku-li-a Ha-nu-nu Ú-ṣur-ša-A-šur A-šur-lá-ma-sí a-na Ú-ṣú-ur-ša-A-šur qí-bi4-ma um-ma Pi-lá-ah-Ištar","Say to Kuliya, Hanunu, Uṣur-ša-Aššur, (and) Aššur-lamassī, (in particular) to Uṣur-ša-Aššur, thus Pilah-Ištar:"
"1/3 ma-na 7 GÍN KÙ.B. ša A-šur ša ma-ṣa-ar-tí ù be-té-e: iš-tù 4 ša-na-té-e: a-dí-na-ku um-ma a-ta-ma: a-hi-i i-na Ma-a-ma a-ma-ha-ar-ma","""27 shekels of silver of Aššur, of the strong room and the house(s), I gave you four years ago. You (then) said: 'I will turn to my brother in Mamma"
"KÙ.B. 3 ma-na na-ší <<na-ší>> ú KÙ.B.-áp-kà ú-šé-ba-lá-ku","who is carrying 3 minas of silver, and I will send you your silver."
"ú KÙ.B. 1 GÍN (erased iš-tù) a-Ni-na-ša ú-šé-ba-lá-ku ú ma-a iš-tù 4 ša-na-té-e KÙ.B.-áp A-šur ta-ma-kà-ar","Moreover, I will send to you, to Nenašša every (possible) shekel of silver'. Now, realize well that since four years you use the silver of Assur for trading purposes"
"ú a-dí: <<a-dí-i>>: u4-mì-im: a-nim tù-uk-ta-ṣí-dá-ni KÙ.B. ú ha-<ra>-na-tí-šu ṣa-ba-at-ma a-na ša ki-ma i-a-tí: dí-in","and that you have kept me waiting until this very day! Get hold of the silver or what has been acquired with it during its journeys and give it to my representative(s)."
"KÙ.B. e lá ta-dí-in-ma a-na u4-mì-im: wa-ar-ke-e li-ba-kà i-ma-ra-IṢ","Don't fail to give that silver lest you will regret it afterwards!"
"a-na a-wa-tí ša ta-at-wu!(BU)-ú: a-na-ku a-wa-at ša a-hi: eb-ri: lá-IS-me-e: ki-ma e-ta-wu-ni ta-ša-x","As for the words you spoke, I too can listen to the words of colleagues and friends. You must comply(?) with what I said!""."
"um-[ma A-mur]-Ištar-ma a-na [Ku-l]i-a qí-bí-ma a-dí [ma-l]á ú ší-ni-šu a-šu-mì [MAR].TU-ba-ni pá-ší-ri-a [a-š]a ší-im TÚG.HI-tí-a [áš-p]u-ra-kum a-ta mì-ma-ša-ma úz-ni lá ta-pá-té","Thus Amur-Ištar, to Kuliya: ""Several times I wrote you concerning my retailer Amurrum-bāni because of the price of my textiles, but you have never sent me any information!"
"[a-na]-ku a-na-kam a-na ku-a-tim [na]-ah-da-ku a-ta u4-ma-kál [hu-š]a-ha-ka lá té-zi-ib-ma [a-na] i-a-tim lá ta-[na]-hi-id AK","I here have concern for your interests, but you have never, not even for a single day, sacrificed your own interests to care for mine!"
"<gap> KÙ.B. ší-im <gap> -[x] lu A-šur-e-nam <gap> Šál]-ma-A-šur <gap> lu MAR.TU-ba-ni <gap> KÙ.B.] ša-áš-qí-il5-ma ú MAR.TU-ba-ni ṭur4-dam šu-ma KÙ.B.-pì i-ma-šu-hu té-er-ta-kà li-li-kam-ma úz-ni pí-tí 1 ma-na KÙ.B.","silver, the price paid for my textiles, make both Aššur-ennam <gap> Šalim-Aššur <gap> and Amurrum-bāni pay that silver and send Amurrum-bāni to me. Send me a message if they try to rob me of my silver and keep me informed."
"A-šur-ba-ni DUMU I-dí-a-bi-im ha-bu-lam KÙ.B. ša-áš-qí-il5-šu-ma šé-bi4-lam","Aššur-bāni, son of Iddin-abum, owes me 1 mina of silver, make him pay and send it to me."
"1 ma-na KÙ.B. i-li-bi A-šur-e-nam DUMU <gap> m]i?-ma i-l[i-bi-šu i-š]u-ú [UTU-e-nam ṣu]-ha-r[i-im] ša A-šur-e-nam [ù] [ša] i-li-bi Šál-ma-A-š[ur] ša-áš-qí-il5-šu-nu","One mina of silver is owed by Aššur-ennam, son of <gap>, whatever is owed to me by him, by Šamaš-ennam, the servant of Aššur-ennam, and what is owed by Šalim-Aššur, make them pay!"""
"ù <gap> 4 <gap> ša té-z[i-bu <gap> ku-nu-ku-šu-nu <gap> ù ša ka-sà-t[im] ša DÙG-ṣí-lá-A-š[ur] ù 1 <gap>","<gap> 4 <gap> which you left behind <gap> their seals <gap> and those of the cups of Ṭāb-silli-Aššur and one <gap>"
"A-bi-we-[du DUMU <gap> i-ra-dí-a-ku-um: [ší-tí?] lu-qú-tim ša A-[pí-im] Lá-ta-ra-ak [iṣ-ba-at] ṭup-pá-am ša š[i-bu-tim] da-na-am a[i-qé-ma] ù ší-ip-ra-a[m áš-pu-ur-ma] lu-qú-tám [ú-ší-ir-ma A-bi-we-du] i-[ra-di-a-ku-um]","Abī-wedu(m), son of <gap> is leading to you. The rest(?) of the merchandise Latarak seized in Apum. I acquired a powerful tablet of the Elders and I sent a messenger and so obtained the release of the merchandise, which Abī-wedu is now bringing to you."
"11 G[ÍN <gap> <gap> (lacuna of undetermined length)","11 shekels of silver <gap> <gap>"
"<gap> nu-ta-e-er a-hi a-ta: a-šu-mì MAR.TU-ba-ni [p]á-[š]i-ri-a ù KÙ.B. ší-im ṣú-ba-ti-a [ša ú-na-hi-du-[kà]","<gap> we gave back. Please, my brother, as for Amurrum-bāni, my retail agent, and the price of my textiles for which I called your attention,"
"<gap> ma-na 3 GÍN KÙ.B. ša li-bi-i Šál-ma-A-šur","<gap> mina(s) 3 shekels of silver owed by Šalim-Aššur"
"<gap> a-pu-tum <gap>","<gap> please <gap>"
"<gap> ki-]-ma lu-qú-tim (x) ANŠE ni-ma-ha-ar [<gap>]","instead of the merchandise we will receive a donkey <gap>"
"na-áš-pè-er-tí-ni: a-ṣé-er Na-áb-Sú-in: i-ta-lá-a[k] a-ta a-ma-kam: té-em-kà lu ṣa-ab-ta-ku-um: a-šu-mì a-wa-tim ša É Sà-ba-sí-a a-[dí] 5 u4-me-e KÙ.B. ni-ša-qal-ma te-er-tí-ni za-ku-tum i-lá-k[à-kum]","A letter of us has gone off to Nab-Suen. You over there must decide (what to do). As for the affair of Sabasiya's house, within 5 days we will pay the silver and send you a detailed report."
"Ú-ṣur-a-num 5/6 ma-na 4 G[ÍN KÙ.B.] ša-qá-lam lá i-m[u-a-ma] e-mu-qé-en e-ta-[wu-ma]","Uṣurānum refused to pay me the 5/6 mina 4 shekels of silver and he makes powerful statements."
"<gap> x-bi-tám a-hi-ka x <gap>","<gap> of your brother <gap>"
"<gap> l]i-ik-ma 6 <gap>","I will/let (him) go and six <gap>"
"a-na A-t[a]-ta DUMU Ma-num-ba-lúm-A-šur ù Kà-nu-tim DUMU.MÍ En-na-Sú-in","To Atata, son of Mannum-balum-Aššur, and Kannūtum, daughter of Ennam-Suen."
"KIŠIB A-na-ah-i-lí [DUM]U DÙG-ṣí-lá-A-šur","Seal of Anah-ilī, son of Ṭāb-ṣilli-Aššur."
"a-na A-ta-ta ù Kà-nu-tim qí-bi4-ma um-[ma] A-na-ah-i-lí-ma","Say to Atata and Kannūtum, thus Anah-ilī:"
"1/2 ma-na KÙ.[KI] ù 1 1/2 ma-na KÙ.B. ša Kà-nu-tim ša Il5-ba-ni ki-ma Kà-nutim KÙ.B. ip-qí-da-ni: a-na-<kam> A-lá-bu-um ú-ni-hi-ma KÙ.B 1 ma-na ú-ša-ag-me-er a-na a-lim im-ta-ša-ra-ni-ma i-na dí-in a-lim","""(As for the) 1/2 mina of gold and 1 1/2 mina of silver, belonging to Kannūtum, which silver Ilī-bāni, representing Kannūtum, entrusted to me - here Ali-abum has caused be trouble and caused expenses of 1 mina of silver. He has now dragged me before the City and by verdict of the City"
"KÙ.B. ú KÙ.KI: A-lá-bu-um i-lá-qé-ma a-na a-wa-at Kà-nu-tim A-lá-bu-um i-za-az šu-ma Kà-nu-tum a-[na A-na]-ah-i-lí ta-[tù]-wa-ar A-lá-bu-um ú-ša-ha-sú-ú","Ali-abum willl take that silver and gold and Ali-abum will be responsible for Kannūtum's interests. Should Kannutum come back on Anah-ilī, then Ali-abum will clear him."
"KÙ.B. ú KÙ.KI šu-ut a-na É a-lim a-na hu-bu-ul Il5-ba-ni i-ší-qí-il5 a-ma-kam a-le: té-er-tí Il5-ba-ni i-ba-ší-ú","The afore-mentioned silver and gold have been paid to the City Office for (to cover) Ilī-bāni's debts. Over there, wherever goods ordered by Ilī-bāni are available, seize"
"ša 1/2 ma-na KÙ.KI pá-ša-lamx ù 1 1/2 ma-na KÙ.B. ú ší-a-ma-tí-šu ṣa-áb-ta-ma mì-ṣí-a-ma li-qí-a ṭup-pá-am ša a-lim da-nam ša ki-ma KÙ.KI ú KÙ.B. ša Kà-nu-tí-ni","for a value of 1/2 mina of pašallum gold and 1 1/2 mina of silver or what has been bought for it and take it at your own responsibility. I have a strong tablet of the City stating that the silver and gold belong to Kannūtum."
"ú-kà-al ú šu-ma Ku-li-a i-lá-kam-ma a-wa-tim ú-ga-mar a-dí a-lá-kà-ni i-ta-ba-lá-šu [a-wa]-tim lá tù-ga-ma-ra","And if Kuliya comes in order to settle the affair, hold him in play until I arrive, do not settle the affair!"""
"a-na I-ku-[<gap> ú] Zu-zu-wa qí-bi-ma um-ma A-lá-bu-ma","To Iku <gap> and Zuzuwa, thus Ali-abum:"
"mi-nam áš-ta-na-me-ú A-mur-Ištar É-tí ú-da-lu-hu a-ṣé-er KÙ.B. 10 ma-na im-hi-ṣí-ni [a]-ma-kam [A-mur]-Ištar i-na [Ébe-tim ṭ]ú-ur-da","""What is this that I hear by rumour that Amur-Ištar is troubling my household while he has already harmed me for an amount of at least 10 minas of silver? Over there chase Amur-Ištar out of the house."
"<gap> <gap> iš-tí] I-na-a-a [ṭá-hi-a]-šu-ma a-na kà-ri-im li-im-šu-ur-šu a-hu-ú-a-tù-nu a-ṣé-er ṣú-ha-ar-tim ú Ébe-tim e-ku-nu li-li-ik am-tum i-ha-li-iq","<gap> confront him with Innāya, so that the latter can coax him along to the kārum. Please, my brothers, keep an eye on the girl and on the house. The maid might perish!"""
"<gap> ra-d[a-<gap>] <gap> a-be-e-tim [na-ší š]ál-ma-ni ú sú-ùh-ru-um [ša-lim] ší-it-ru-kà ša té-zi-bu [ù ší]-it-ri ša UTU-ba-ni [e-zi-bu Š]u-A-nim a-be-e-tim na-ší","<gap> <gap> is bringing to the house. We are well and the youngsters are well. With your scarfs, which you left behind, and those which Šamaš-bāni left behind, Šu-Anum is on his way to the"
"<gap> q]á-qá-da-tum ma-da-tum <gap> e-m]a-ru ma-du-tum <gap> <gap> a-tí-dí-šum","house. There are many persons and also many donkeys <gap> <gap> I have given him <gap>"
"[a]-na ša ki-ma i-a-tí [qí-b]i-ma a-ma-kam [A-šur-t]ak-lá-ku pí-šu: li-ip-té-ma <gap> ma-na LÁ 1 GÍN [K]Ù.B. ša-áš-qí-lá-šu lá ta-ga-mi-lá-šu","Say to my representatives: ""Here Aššur-taklāku should make a statement and then make him pay x mina minus 1 shekels of silver. Have no consideration with him!"""
"[iš-tù Ša-lá]-tù-wa-[ar] KÙ.B. a-na a-lim a-ta-na-ší a-li-ik šu <gap>","from Šalatuwar silver to the City I use to carry <gap> go/I went <gap>"
"1 1/3 ma-na 2 GÍN KÙ.B. a-šu-mì: Ku-li-a DUMU A-lá-bi-im a-na A-šur-ma-lik DUMU Ku-ra-ra áš-qúl","1 1/3 mina and 2 shekels of silver on behalf of Kuliya, son of Ali-abum, I paid to Aššur-mālik son of Kurara."
"DINGIR-li GUŠKIN ša Il5-pí-ú-ṣur ú ṭup-pá-am: ha-ar-ma-am ša 1 2/3 ma-na KÙ.B. ša hu-bu-ul: Ku-li-a A-mur-UTU ú E-na-A-šur a-ša-par-tim: ú-kà-al","The golden gods of Ilī-pī-uṣur and an encased tablet of 1 2/3 mina of silver, being the debt of Kuliya, Amur-Šamaš and Ennam-Aššur I hold as pledge."
"i-na a-lá-ak: DUMU A-na-x ú MAŠKIM ša Ì-li-pí-ú-ṣur KÙ.B.: i-ša-qú-lu-ni-m[a] i-li: ú-ša-a[r]","When Ana<gap>'s son and Ilī-pī-uṣur's attorney come here they will pay me the silver and I will release the gods."
"ša DUB-pá-am: i-mu-a-at šu-ma KÙ.B. lá iš-ta-a[q-lu] KÙ.B. ú ṣí-ba-[sú] a-li: ni-na-mu-r[u] Ku-li-a i-ša-qá-lam","As for the tablet, it will be cancelled. Should they not pay the silver, then Kuliya will pay me the silver and the interest on it, wherever we meet."
"ITI. KAM Kán-mar-ta li-mu-um A-šur-SIPAD DUMU Ì-lí-e-mu-qí","Month IX, eponymy of Aššur-rē'ī, son of Ilī-emūqī."
"i-nu-mì KÙ.B.: áš-qú-lu E-na-A-šur ú A-mur-UTU DUMU be-ru-ú [Il5-pí-ú-ṣur] i-zi-zu IGI A-šur-ma-lik!(LIK-MA) IGI Sú-kà-li-a IGI Ma-num-ba-lúm-A-šur","When I paid the silver Ennam-Aššur and Amur-Šamaš, son of Ilī-pī-uṣur, acted as bērū. In the presence of Aššur-mālik, of Sukkaliya, of Mannum-bālum-Aššur."
"1 1/3 ma-na KÙ.B. i-[na?] KÙ.B.-áp A-bu-ša-lim DUMU E-na-Su-in ša Hu-ut-<gap> a-na A-na-ah-i-lí DUMU DÙG-ṣí-lá-A-šur i-dí-nu-ma ṭup-pu-šu ih-ri-mu-ma i-n[a] ṭup-pí-im ša ku-nu-uk","1 1/3 mina of silver from the silver of Abu-šalim, son of Ennam-Suen, which Hut <gap> gave to Anah-ilī, son of Ṭāb-ṣilli-Aššur, and for which he drew up a valid record and in which tablet, sealed by"
"A-na-ah-i-lí lu šu-mì A-b[u-ša]-lim ú-du-ú: lu šu-mì DAM.GÀR ú-du-ú KÙ.B. ú ṣí-ba-sú ša ṭup-pí-im šu-wa-tí A-šur-ma-lik DUMU Ku-ra-ra Ku-li-a DUMU A-lá-bi4-im ù Šu-Be-lim DUMU Pu-qí-dí ša ki-ma A-šur-DÙG DUMU A-bu-ša-lim ša-bu-ú","Anah-ilī, either the name of Abu-šalim or simply ""the creditor"" is indicated - with the silver and the interest on it, of the afore-mentioned tablet, Aššur-mālik, son of Kurara, Kuliya, son of Ali-abum, and Šu-Bēlum, son of Puqidi, the representatives of Aššur-ṭāb, son of Abu-šalim, are satisfied."
"ṭup-pu-um ša [hu-bu-ul] A-na-ah-i-lí [ša i-li-a-ni] sà-ar: ma-[tí-ma] A-na-ah-i-[lí a-na] A-šur-ma-[lik Ku-li-a] [ù Š]u-Be-li[m i-tu-ru] ṭup-pá-am h[a-ar-ma-am] ša Ma-nu-um-mu?-<gap> ú-bu-lu-nim-ma [ṭup-pu-um] a-num i-mu-[(a-)at]","satisfied. The tablet of the debt of Anah-ilī that may turn up is invalid. If ever Anah-ilī should raise a claim against Aššur-mālik, Kuliya and Šu-Bēlum, they will bring the valid record of Mannum-mu <gap> and then this tablet will be cancelled."
"IGI Ištar-tù-l[i-id] DUMU A-da-a IGI Bu-da-a DUMU Ta-ra-wa-[zi]","In the presence of Ištar-tūlid, son of Adaya, of Budaya, son of Tarawa[zi]."
"KIŠIB A-šur-ták-lá-ku DUMU I-ku-nim KIŠIB Ki-nam-A-šur DUMU Ba-ba-lim KIŠIB A-šur-na-da DUMU Ha-pu-a-lá","Seal of Aššur-taklāku, son of Ikūnum, seal of Kīnam-Aššur, son of Babālum, seal of Aššur-nādā, son of Happuala."
"ša hu-bu-ul A-šur-na-da DUMU Ha-pu-a-lá: 10 GÍN KÙ.B. SAHAR.BA: i-ṣé-er A-šur-na-da DAM.GÀR i-šu: ITI.1.KAM: Hu-bu-ur li-mu-um ša qá-té A-bu-ša-lim DUMU Ì-lí-a-lim","of the debt of Aššur-nada, son of Happuala. 10 shekels of 'dust silver' Aššur-nādā owes to the creditor. Month VI, eponymy of the successor of Abu-šalim, son of Ilī-alum."
"a-na ITI.6.KAM i-ša-qal šu-ma lá iš-qúl 1 1/2 GÍN.TA KÙ.B. i-na ITI.1.KAM-im ṣí-ib-tám a-na 1 ma-na-im ú-ṣa-áb wa-bi-il5 ṭup-pí-im šu-ut DAM.GÀR-ru-um","He will pay within 6 months, if he does not pay he will add 1 1/2 shekel of silver per month as interest per mina. The bearer of this tablet is the creditor."
"a-ma-kam: Tù-ur-Ištar DUMU Zu?-ma-x? be-lá-a-wa-tim: ša-i-il5-šu","Over there Tūrī-Ištar, son of Zuma<gap>, (is) the litigant, ask him."
"É ša Kà-ni-iš Ébe-et Hi-na-a ša a-šar Il5-ba-ni na-lu-ni šu-ma: É-té šu-nu (erased DÍ) ša Ku-li-a i-tù-ru-ú 1/3 ma-na 4 GÍN KÙ.B. ša ší-im É-té šu-nu-tí: En-um-A-šur a-na Puzur2-A-šur iš-qú-lu ší-be-e En-um-A-šur a-na Ku-li-a ú-šé-lá-ma 1/2 ma-na KÙ.B. Ku-li-a a-na En-um-A-šur i-ša-qal","The house in Kanesh, the house of Hinnaya, where Ilī-bāni, lies buried, should that house become Kuliya's property, then for the 24 shekels of silver that Ennum-Aššur paid as price for this house to Puzur-Aššur, Ennum-Aššur will produce witnesses against Kuliya and Kuliya will pay to Ennum-Aššur 1/2 mina of silver."
"šu-ma: É-té šu-nu-tí Ku-li-a lá il5-qé a-na KÙ.B.-pi-šu wa-ší-ib: bé-tim En-um-A-šur: i-šé-e","Should Kuliya not acquire that house, then Ennum-Aššur will sue the resident of that house for his silver."
"IGI A-šur-ták-lá-ku DUMU Kar-wa-a IGI ÌR-ad-A-šur DUMU DIRIG-e-im","In the presence of Aššur-taklāku, son of Karwaya, of Urad-Aššur, son of Watrum."
"10 ma-na KÙ.B. ṣa-ru-pá-am ma-áš-kà-tám (erased NIM) i-ṣé-er A-sà-nim (erasure) ṣú-ha-ri-šu-ú Ku-li-a DUMU A-lá-bi-im i-šu-ú a-na ša-na-at KÙ.B. i-ša-qál ITI.1.KAM Qá-ra-a-tum li-mu-um I-na-Sú-in DUMU I-dí-a-bi-im","10 minas of refined silver, on which a claim rests, is owed by Asānum, his servant, to Kuliya, son of Ali-abum. He will pay the silver in one year. Month VIII, eponymy of Ennam-Suen, son of Iddin-abum."
"a-na ta-ar-bi4-tim ù-ku-ul-tí-im ù qú-bu-ri-im ša me-er-ú-at: Kà-áp-sí-a a-na AN.NA: ta-ad-mi-iq-tim ša DUMU.MÍ Ha-na-na: DAM Ha-na-na: ú me-er-ú: Ha-na-na mi-ma a-na Kà-áp-sí-a DAM A-lá-bi4-im: i-dí-nu-ni a-na Kà-áp-sí-a: ú-lá i-tù-[ru]","For the costs of upbringing, the food and the tomb of the daughters of Kapsiya, for the tin, the venture credit of the daughter of Hanana, Hanana's wife and sons will not raise claims against Kapsiya for anything they have given to Kapsiya, wife of Ali-abum."
"ù Kà-áp-sí-a: DAM A-[lá-b]i4-im: a-na 1 ma-na 7 GÍN KÙ.B. hu-bu-ul Pi-lá-a[h-Ištar DUMU A-šur-S[I[PAD]? 1/3 ma-na 2 1/2 GÍN [KÙ.B.] ša nu-a-im ša ša-x <gap> <gap>-a lu hu-bu-lim ša [Ha-ri-im]-tí-im Kà-áp-sí-a DAM A-lá-bi4-im a-na [Hu]-dí-da ù me-er-e Ha-na-na","And Kapsiya, wife of Ali-abum, for a silver debt of 1 mina and 7 shekels owed by Pilah-Ištar, son of Aššur-rē'ī, for 22 1/2 shekels of silver of the Anatolian of <gap>, and for the debt owed by Harimtum - Kapsiya, wife of Ali-abum will not raise claims against Hudida and the sons of Hanana."
"ú-lá i-tù-ar e-15 GÍN ša Na-ki-le-ed ú-kà-nu šu-ma wa-at-ra-am KÙ.B. Ha-na-na iš-tí Na-ki-le-ed i-le-e: i-li-bi4-ša Kà-áp-sí-a: tí-šu","If, apart from the 15 shekels, which Nakile'ed has to confirm, Hanana <proves to have> an additional claim in silver on Nakile'ed, Kapsiya will have a claim on her (Hudida) for the (figurines of the) gods."
"IGI A-šur-lá-ma-sí DUMU Šu-Ku-bi4-im IGI En-na-nim IGI Ú-ba-a IGI Šu-mi-a-bi4-a IGI A-mur-UTU","In the presence of Aššur-lamassī, son of Šu-Kūbum, of Ennānum, of Ubaya, of Šumi-abiya, and of Amur-Šamaš."
"19 GÍN KÙ.B. SAHAR.BA ší-im 1 5/6 ma-na LÁ 2 GÍN AN.NA ša Kà-nu-tim i-li-bi A-mur-Ištar DUMU I-da-a a-na ITI.1.KAM i-ša-qál ITI.KAM Qá-ra-tum","19 shekels of 'dust silver', the price of 1 mina and 48 shekels of tin, which Kannūtum has as claim on Amur-Ištar, son of Idaya - within one month he will pay. Month VIII."
"IGI Šál-ma-IŠKUR nu-a-ri-im IGI I-dí-Sú-in DUMU A-ta-na-ah","In the presence of Šalim-Adad, the musician, of Iddin-Suen, the son of Atanah."
"ṭup-pá-am ša ba-áb DINGIR ša i-na Ku-bu-ur-na-at A-ba-a ú A-na-ah-i-lí ip-qí-du-ni-ni-ma i-na Kà-né-eš a-na A-ta-ta DUMU Ma-num-ba-lúm-A-šur","The tablet (with the testimony given) in the gate of the god, which in Kuburnat Abaya and Anah-ilī entrusted to me, in Kanesh to Atata, son of Mannum-balum-Aššur,"
"IGI A-šur-bá-ni DUMU Ì-lí-a-lim IGI A-šur-e-nam DUMU Be-lúm-ba-ni áp-qí-id","in the presence of Aššur-bāni, son of Ilī-ālum and of Aššur-ennam, son of Bēlum-bāni I entrusted it."
"KIŠIB En-nam-A-šur DUMU Um-ma-sá (erased KIŠIB) A-šur-DÙL DUMU A-šur-ša-dí-li ki-ma Ku-li-a DUMU A-lá-bi4-im a-na A-šur-e-mu-qí DUMU Šu-ra-ma iṣ-ba-at-ni-a-tí-ma","Seal of Ennam-Aššur, son of Ummassa. Aššur-ṣululī, son of Aššur-šad-ilē representing Kuliya, son Ali-abum, seized us against Aššur-emūqī, son of Šu-rama,"
"um-ma A-šur-ANDUL-ma a-na A-šur-e-mu-qí-ma KÙ.B. Be-lúm-ba-ni DAM.GÀR-ri-im ša Ku-li-a tal-qé lá tal-qé-e IGI a-ni-e-ma i-ki-ir ú-ul kà-i-in um-ma A-šur-e-mu-qí-ma al-qé ú al-qé-ma ú u4-ma-am a-lá-qé-ma","and Aššur-ṣululī said to Aššur-emūqī: ""Did you take the silver of Bēlum-bāni Kuliya's agent, yes or no? Deny or confirm it before these (witnesses)!"" Aššur-emūqī answered: ""I took it, yes I took it and today I would (again) take (it)!"""
"a-na a-wa-tim a-ni-a-tim kà-ru-um Kà-ni-eš TUR.GAL i-dí-na-ni-ma IGI GÍR ša A-šur ší-bu-tí a-dí-in A-šur-lá-ma-sí DUMU I-tur4-A-num tap-pá-i KIŠIB A-šur-lá-ma-sí DUMU I-tur4-A-num","For this affair the plenary kārum Kanesh 'gave' me (as witness) and before Aššur's dagger I gave my testimony. Aššur-lamassī, son of Itūr-Anum, was my companion. Seal of Aššur-lamassī, son of Itūr-Anum."
"A-šur-DÙL DUMU A-šur-ša-dí-li ša ki-ma Ku-li-a DUMU A-lá-bi4-im a-na A-šur-e-mu-qí DUMU Šu-ra-ma iṣ-ba-at-ni-a-tí-ma","Aššur-ṣululī, son of Aššur-šad-ilē who represents Kuliya, son of Ali-abum, seized us against Aššur-emūqī, son of Šu-rama,"
"um-ma A-šur-ANDUL-ma a-na A-šur-e-mu-qí-ma KÙ.B. Be-lúm-ba-ni DAM.GÀR-ri-im ša Ku-li-a tal-qé lá tal-qé-e IGI a-ni-e-ma i-ki-ir ú-ul kà-i-in um-ma A-šur-e-mu-qí-ma al-qé ú al-qé-ma ú u4-ma-am a-lá-qé-ma","and Aššur-ṣululī said to Aššur-emūqī: ""Did you take the silver of Bēlum-bāni Kuliya's agent, yes or no? Deny or confirm it before these (witnesses)!"" Aššur-emūqī answered: ""I took it, yes I took it and today I would (again) take (it)!"""
"a-na a-wa-tim a-ni-a-tim kà-ru-um Té-ga-ra-ma TUR.GAL i-dí-na-ni-ma IGI GÍR ša A-šur ší-bu-tí a-dí-in En-um-A-šur DUMU Um-ma-sá tap-pá-i","For this affair the plenary kārum of Tegarama gave us and before Aššur's dagger I gave my testimony. Ennum-Aššur, son of Ummassa, was my companion."
"KIŠIB A-lá-hi-im DUMU Zu-ma-a A-šur-DÙL DUMU A-šur-ša-dí-li ša ki-ma Ku-li-a DUMU A-lá-bi4-im ù A-šur-e-mu-qí DUMU Šu-ra-ma i-na Kà-ni-iš i-mi-ig-ra-tí-šu-nu iṣ-bu-tu-ni-a-tí-ma um-ma A-šur-DÙL-ma a-na A-šur-e-mu-qí-ma","Seal of Ali-ahum, son of Zumaya. Aššur-ṣululī, son of Aššur-šad-ilī, who represents Kuliya, son of Ali-abum, and Aššur-emūqī, son of Šu-rama, in Kanesh, by mutual agreement seized us (as witnesses) and Aššur-ṣululī said to Aššur-emūqī:"
"Be-lúm-ba-ni a-hu-ka maš-kà-tám a-na Ku-li-a ha-bu-ul-ma i-na ṭup-pi-šu DAM.GÀR wa-du-ú šu-ma a-na-ku lá a-zi-iz-ma i-na lá í-da-i-a iš-tí tám-kà-ar Bé-lúm-ba-ni a-hi-ka ta-tá-am [gàr-ma] KÙ.B. tal-qé ú a-le KÙ-áp Bé-lúm-ba-ni [i-ba-ší-ú] mi-ma lá ta-lá-qé šum-ma iš-tí tám-kà-ar Bé-lúm-ba-ni ta-ta-am-gàr-ma KÙ.B.","""Your brother Bēlum-bāni owes a surety deposit to Kuliya and in his contract it is marked as (due to) ""the creditor"". If I had not intervened, without my knowledge you would have made an agreement with the creditor(s) of your brother and taken the silver! But, wherever silver of Bēlum-bāni is available, you shall take nothing! If you have made an agreement with Bēlum-bāni's creditor(s) and have taken silver,"
"[tal(TA)-té-qé] lu a-le KÙ.B. Bé-lúm-ba-ni i-ba-ší-ú mi-ma tal-té-qé a-ma-lá a-na Ku-li-a KÙ.B. [ha-bu-lu-ú] a-ta ta-ša-qal um-ma A-šur-e-mu-qí-ma šu-ma iš-tí tám-kà-ar Bé-lúm-ba-ni a-hi-a a-ta-am-[gàr-ma] KÙ.B. al-té-qé lu a-le-e KÙ-áp Bé-lúm-ba-ni i-ba-ší-ú mi-ma al-te-qé a-ma-lá a-na Ku-li-a DUMU A-<lá>-bi-im Bé-lúm-[ba-ni a-hi-i] ha-bu-lu-ú KÙ.B. a-na-ku a-ša-qal a-na a-wa-tim a-ni-a-tim kà-ru-um Dur4-hu-mi-it TUR.GAL i-dí-ni-ma IGI GÍR ša A-šur ší-bu-tí a-dí-in A-šur-na-da DUMU Ma-du-ba-a [tap-pá-i]","or have taken anything wherever silver of Bēlum-bāni is available, you shall pay all the silver he owes to Kuliya."" Aššur-emūqī answered: ""If I have made an agreement with the creditor(s) of my brother Bēlum-bāni and have taken silver, or have taken anything wherever silver of Bēlum-bāni is available, I will pay all the silver that my brother Bēlum-bāni owes to Kuliya, son of Ali-abum."" For this affair the plenary kārum Durhumit gave me and before Aššur's dagger I gave my testimony. Aššur-nādā, son of Madubaya was my companion."
"KIŠIB Pí-lá-ah-Ištar DUMU A-šur-na-da KIŠIB Šu-Bé-lúm DUMU A-lá-hi-im KIŠIB [A-šur-e-mu-qí DUMU] Šu[-ra-ma","Seal of Pilah-Ištar, son of Aššur-nādā, seal of Šu-Bēlum, son of Ali-ahum, seal of Aššur-emūqī, son of Šu-rama."
"1 ma-na KÙ.B. ší-[im 4?] 1/2 ma-na AN.NA ša Bé-lá-num DUMU Šu-Ku-bi4-im [a-na Bé-lúm-ba-ni] DUMU Šu-ra-ma i-hi-ib-<lu>-ma i-na tù-a-ri-šu i-na Kà-ni-iš (erased i) i-ša-qú-lu A-šur-e-mu-qí a-hu-šu DUMU Šu-ra-ma KÙ.B. il5-qé","1 mina of silver, the price of 4? 1/2 minas of tin for which Bēlānum, son of Šu-Kūbum, had become indebted to Bēlum-bāni, son of Šu-rama, and which upon return from Kanesh he would pay - Aššur-emūqī, his brother, son of Šu-rama, has received that silver."
"šu-ma ma-ma-an a-na KÙ.B. šu-a-tí a-na Bé-lúm-ba-ni i-tù-a-ar A-šur-e-mu-qí [DUMU Šu-ra-ma ú-ša-ha-sú]","If anybody comes back on Belum-bani for that silver Aššur-emūqī, son of Šu-rama will clear him (of claims)."
"[KIŠIB Be-lá-nim DUMU Šu-Ku-bi-im KIŠIB] [A]-[gu5-a] DUMU Dan-na-[A-šur] KIŠIB Ú-ṣú-ur-ša-Ištar DUMU Da-d[a-a]","Seal of Bēlānum, son of Šu-Kūbum, seal of Agua, son of Dān-Aššur, seal of Uṣur-ša-Ištar, son of Dad[aya]."
"1 ma-na KÙ.B. ṣa-ru-pá-am i-ṣ[é-er] Bé-lá-nim DUMU Šu-Ku-bi-im Ku-li-a DUMU A-lá-bi-im i-šu a-na ša-na-at ù 6 ITI.KAM KÙ.B. i-ša-qal šu-ma Bé-lá-num i-na ú-me-šu ma-al-ú-tim KÙ.B. lá iš-qú-ul ki-ma a-wa-at kà-ri-im 1 1/2 GÍN.TA a-na ma-na-im ṣí-ib-tám [a-n]a ur-hi-im ú-ṣa-áb ITI.1.KAM Áb-ša-ra-ni li-mu-um I-dí-Sú-in DUMU I-dí-a-bi-im","1 mina of refined silver Bēlānum, son of Šu-Kūbum, owes to Kuliya, son of Ali-abum. He will pay within one year and six months. If Bēlānum does not pay when his term is due in conformity with the rule of the kārum he will add 1 1/2 shekel of interest per mina per month. Month V, eponymy of Iddin-Suen, son of Iddin-abum."
"KIŠIB I-ku-pí-a DUMU Pí-lá-ah-Ištar KIŠIB Il5-ba-ni <DUMU> Mu-ta-lim KIŠIB A-šur-[SIPAD] DUMU Ú-ṣú-ra-nim","Seal of Ikuppiya, son of Pilah-Ištar, seal of Ilī-bāni, son of Mutālum, seal of Aššur-rē'ī, son of Uṣurānum."
"8 GÍN KÙ.B. ṣa-ru-pá-am i-ṣé-er I-ku-pí-a DUMU Pí-lá-ah-Ištar Ku-li-a DUMU A-lá-bi-im i-šu-ú a-na 6 ur-hè(KAM) KÙ.B. i-ša-qal [šu-ma lá] iš-qú-ul ki-ma a-wa-at [kà-ri-im ṣí-ib-tám ú-ṣa-áb <gap>]","8 shekels of refined silver Ikuppiya, son of Pilah-Ištar, owes to Kuliya, son of Ali-abum. He will pay within 6 months. If he does not pay he will add interest in conformity with the rule of the kārum <gap>"
"[<gap> 10 GÍN KÙ.B. be-ú-lá-at] [Ku-li-a DUMU A-lá-bi-im I-n]a-Sú-in [DUMU Z]a-ar-ni-qí-im ú-ka-al [i]š-tí KÙ.B. uk-ta-al šu-ma <<šu-ma>> a-e-ma ú-dá-pí-ir ú-ga-ar-[šu-ma] ig-re-e ag-ri-im ú-ma-lá","<gap> 10 shekels of silver, a be'ūlātu-loan belonging to Kuliya, son of Ali-abum, Ennam-Suen, son of Zarniqum holds; he is held by the silver. If he goes away to somebody else, he (K.) will hire someone in his place and he (E.) will compensate the wages of the hireling."
"KIŠIB DINGIR-ma-lik DUMU A-dé-lá-at KIŠIB Id-na-A-šur DUMU Šu-Bé-lim KIŠIB E-na-Sú-in DUMU Ti-tí-na-tal","Seal of Ilī-mālik, son of Adad-ellat, seal of Iddin-Aššur, son of Šu-Bēlum, seal of Ennam-Suen, son of Titinatāl."
"10 GÍN KÙ.B. ṣa-ru-pá-am i-ṣé-er DINGIR-ma-lik DUMU A-dé-lá-at Ku-li-a DUMU A-lá-bi-im i-šu 1 ma-na-um 12 GÍN i-na ša-tim ṣí-ib-tám ú-ṣa-áb lu i-na a-lim lu i-na GÁN-lim a-li i-na-mu-ru-ni KÙ.B. i-ša-qal ITI.1.KAM Áb-ša-ra-ni [l]i-mu-um Šu-ra-ma DUMU Ú-zu-a","10 shekels of refined silver Ilī-mālik, son of Adad-ellat, owes to Kuliya, son of Ali-abum. Per mina he will add 12 shekels as interest per year. Either in the city or in the countryside, wherever he will be seen, he will pay the silver. Month V, eponymy of Šu-rama, sons of Uzua."
"[i]g-re ag-ri-im: A-bi-a-a DUMU Ú-zu[-a] ú-ma-lá 2 GÍN lu-bu-šu [ša]-bu: KIŠIB En-um-A-šur DUMU I-ku-pí-a KIŠIB A-ni-na-a DUMU DIRIG-im KIŠIB [E-na-A-šu[r] DUMU Šu-ul-mì-ša-A-šur","the wages of the hireling Abiya, son of Uzua, will compensate; he has been paid 2 shekels (of silver) as his clothing allowance. Seal of Ennum-Aššur, son of Ikuppiya, seal of Aninaya, son of Watrum, seal of Ennam-Aššur, son of Šulmi-ša-Aššur."
"12 ma-na URUDU ší-kam i-ṣé-er En-um-A-šur DUMU I-ku-pí-a DAM.GÀR: i-šu iš-tù: SAG ITI.KAM Tí-i-na-[tim] a-na ITI.KAM i-ša-qal šu-ma lá iš-qú-ul a-na 10 ma-na-<<na>>-e 1/2 ma-na.TA i-na [ITI.KAM] ṣí-ib-tám ú-ṣa-áb li-mu-um Da-dí-a DUMU Šu-NI[N].ŠU[B]UR: [wa-bi4-il5] [ṭ]up-pi-im šu-ut DAM.GÀR KIŠ]IB Hi-ta-ni","12 minas of šikku-copper Ennum-Aššur, son of Ikuppiya, owes to the creditor. Reckoning from month X he will pay in one month. If he does not pay he will add an interest of 1/2 mina per 10 minas per month. Eponymy of Dadiya, son of Šu-Ilabrat. The bearer of the tablet is the creditor. Seal of Hitani, son of Ilī-"
"[DUMU DINGIR-[nādā] [KI]ŠIB En-um-A-šur DUMU [x x] x KIŠIB [A-mur-A-[š]ùr] DUMU I-šar-ki-it-A-[šùr] [KIŠIB K]u-na-na-a","nādā, seal of Ennum-Aššur, son of [<gap>], seal of Amur-Aššur, son of Išar-kitti-Aššur, seal of Kunnanaya."
"2 GÚ 10 ma-na URUDU ší-kam i-na a-ba-an [m[a-tim] i-ṣé-er Ku-na-na-a Ku-li-a DUMU A-lá-bi4-[im] i-šu iš-tù ITI.KAM Qá-ra-a-tim li-m[u-um] A-šur-SIPAD DUMU Ì-lí-e-mu-qí ki-ma [a-wa-[at] kà-ri-im 1 1/2 ma-na.TA a-na 1 GÚ-tí[m] i-na ITI.KAM ṣí-ib-tám ú-ṣa-áb","2 talents 10 minas of šikkum copper, by the local weight standard, Kunnanaya owes to Kuliya, son of Ali-abum. Reckoning from month VIII, eponymy of Aššur-rē'ī, son of Ilī-emūqī, in conformity with the rule of the kārum, he will add an interest of 1 1/2 mina per talent per month."
"ÌR A-bi4-i-lí: ù ri-ki-sú a-na 3 1/2 [GÍN?] KÙ.B. SAHAR.BA: Ku-a-lì DUMU A-lá-[bi4-im iš-[tí] UTU-du-gul: DUMU Ib-ni-IŠKUR: iš-am KÙ.B. ší-im: A-bi4-i-lí: ú ri-ik-s[í-šu]","The slave Abi-ilī with his fetter, Kuliya, son of Ali-abum, bought from Šamaš-dugul, son of Ibni-Adad for 3 ½ shekels of 'dust silver'. Šamaš-dugul is satisfied with the silver, the"
"UTU-du-gul: ša-bu a-na A-bi4-i-lí ú ri-ik-sí-šu: UTU-du-gul ú me-er-ú-[šu] [a]-na Ku-li-a ú me-er-e-šu: lá i-tù-r[u]","price of Abi-ilī and his fetter. Šamaš-dugul and his sons will not vindicate Abi-ilī from Kuliya and his sons."
"[IGI] Ás-qú-dim DUMU A-šur-ba-ni IGI DUMU Sú-in-na-qí-id [A-šur-lá-ma-sí] [IGI x] x-Sú-in DUMU A-mur-Ištar","In the presence of Asqūdum, son of Aššur-bāni, of Aššur-lamassī, son of Suen-nāqid, of [<gap>]-Suen, son of Amur-Ištar."
"1 2/3 ma-na KÙ.B. SAHAR.BA i-ṣé-er Ku-li-a DUMU A-lá-bi4-im A-mur-UTU DUMU Be-lá-nim ú E-na-A-šur DUMU Šu-ul-mì-im-ša-A-šur [A-šur] A-šur-ma-lik DUMU Ku-ra-ra i-šu a-na 1 ma-na-im 1 1/2 GÍN.TA KÙ.B. i-na [ITI.1].KAM ṣí-ib-tám ù-ṣú-bu KÙ.B. i-qá-qá-ad šál-mì-šu-[nu ú] ke-ni-šu-nu ra-ki-is","1 2/3 mina of 'silver dust' Kuliya, son of Ali-abum, Amur-Šamaš, son of Bēlānum, and Ennam-Aššur, son of Šulmim-ša-Aššur, owe to Aššur-mālik, son of Kurara. Per mina they will add 1 1/2 shekel of silver per month as interest. Who of them is financially sound and available is liable for the silver."
"ITI.1.KAM Ku-zal-lí li-mu-um A-bu-ša-lim DAM.GÀR DUMU Ì-lí-a-lim 20 i-lu-ú mu-nu-tám ša KÙ.KI ša Il5-pí-ú-ṣú-ur a-na ša-par-tim na-du-ú i-lu-ú i-ku-nu-uk 3 be-re-e kà-an-ku i-nu-mì KÙ.B. il5-qé-ú-ni [DÙG]-A-šur DUMU Il5-pì-ú-ṣur [Hu-du-be-lí]","Month XI of the eponymy of Abu-šalim, the trader, son of Ilī-ālum. Golden (figurines of) gods, to the number of 20, belonging to Ilī-pī-uṣur, have been deposited as pledge; the gods have been put under the seals of the 3 bērū. When they received the silver Ṭāb-Aššur, son of Ilī-pī-uṣur, Hudu-bēlī,"
"ÌR-sú 3 be-ru-ú Li-ip-ta-num DUMU [Qar]-da-a E-na-A-šur DUMU Qar-da-ya E-nam-A-šur DUMU [I-ku-pì-A-šur] ù A-mur-UTU DUMU Pí-lá-ah-A-nim","his slave, and 3 bērū, Liptānum, son of Qardaya, Ennam-Aššur, son of Ikuppi-Aššur, and Amur-Šamaš, son of Pilah-Anum,"
"i-na ša-ha-tí-šu-nu i-zi-zu IGI A-šur-e-nam DUMU Bur-Sú-in IGI E-na-A-šur DUMU E-<nu>-um-A-šur IGI E-na-A-šur DUMU Pì-lá-ah-Ištar","assisted them. In the presence of Aššur-ennam, son of Bur-Suen, of Ennam-Aššur, son of Ennum-Aššur, of Ennam-Aššur, son of Pilah-Ištar."
"1 li-im 2 me-at 80 ma-na <URUDU> i-ṣé-er Ku-li-a DUMU A-lá-bi4-im A-mur-UTU DUMU Be-lá-nim ú E-na-A-šur DUMU Šu[-ul-mu-ša-A-šur A-šur-ma-lik DUMU Ku-ra-ra i-šu ITI.1.KAM Ku-zal-lí li-mu-um A-bu-ša-lim DAM.GÀR DUMU Ì-lí-a-lim i-na ITI.1.KAM 70 ma-na.TA URUDU ṣí-ib-tám ú-ṣú-bu URUDU i-qá-qá-ad šál-mì-šu-nu ú ke-ni-šu-nu ra-ki-is","1280 minas <of copper> Kuliya, son of Ali-abum, Amur-Šamaš, son of Bēlānum, and Ennam-Aššur, son of Šulmu-ša-Aššur owe to Aššur-malik, son of Kurara. Month XI of the eponymy of Abu-šalim, the trader, son of Ilī-ālum. Per month the will add an interest of 70 minas per (talent). Who of them is financially sound and available is liable for the copper."
"URUDU i-na 10 ma-na-e: ša Tá-ra-wa-zi i-ša-qú-lu i-nu-mì URUDU il5-qé-ú-ni 3 be-ru-ú Li-ip-ta-num DUMU Qar-da-a E-na-A-šur DUMU [I-ku-pì-A-šur] ù A-mur-UTU DUMU Pí-lá-ah-A-nim DÙG-A-šur DUMU Il5-pí-ú-ṣur ù Hu-du-be-lí ÌR-sú i-ša-ha-tí-šu-nu i-zi-zu","They will weigh the copper with the 10-mina-weight of Tarawazi. When they received the copper 3 bērū, Liptānum, son of Qardaya, Ennam-Aššur, son of Ikuppi-Aššur, and Amur-Šamaš, son of Pilah-Anum, (and) Ṭāb-Aššur, son of Ili-pī-uṣur, and his slave Hudu-bēlī assisted them."
"IGI E-na-A-šur DUMU En-nam-A-šur IGI E-na-A-šur DUMU Pí-lá-ah-Ištar","In the presence of Ennam-Aššur, son of Ennam-Aššur, (and) of Ennam-Aššur, son of Pilah-Ištar."
"[<gap>] [x x] [<gap>]-a-lim [<gap> B]e-lá-nim KIŠ]IB A-ta-ta GÍ]N KÙ.B. SAHAR.BA [i-ṣé-er DU]MU A-šur-UTU-ší [DAM.GÀR i-šu iš-tù] ITI.KAM Hu-bur [a-na ITI.x.KAM i-ša-q]al: šu-ma lá iš-qul [ki-ma a-wa-at kà]-ri-im ṣí-ib-tám [ú-ṣa-áb wa-bi]-il5 ṭup-pí-im [šu-ut DAM.GÀR] li-mu-um A-šur-sic-mì-ti [DUMU I-dí-Išta]r: KIŠIB En-um-A-šur [DUMU A-b[a-<gap>]","<gap> <gap> <gap>-ālim <gap> B]ēlānum seal] of Atata sheke]ls of 'dust silver' ], son of Aššur-šamšī, owes to the creditor. From] month VI he will pay in [x months]. If he does not pay he will add interest in accordance with the rule of the kārum. The bearer of the tablet is the creditor. Eponymy of Aššur-imittī, son of Iddin-Ištar. Seal of Ennum-Aššur, son of Aba<gap>,"
"[KIŠIB <gap> DU]MU A-mur-Ištar KIŠIB [A-bi-a-a [DUMU Ú-zu-a 1/3 m]a-na 5 GÍN KÙ.B. [SAHAR.BA] [be-ú-lá-at Ku-l]i-ya DUMU A-lá-bi4-im","seal of <gap>, son of Amur-Ištar, seal of Abiya, son of Uzua. 1/3 mina 5 shekels of 'dust silver' the capital of Kuliya, son of Ali-abum,"
"[A-bi-a-a DUMU Ú-zu-a ú]-kà-al iš-tí [KÙ.B. uk-ta-al š]u-ma a-e-ma [ú-da]-pí-ir-ma [ag-ra-am ú-ga]-ar-ma [ig-re ag-ri-im ú-ma-lá]","Abiya, son of Uzua, has in possession, he is held by the silver. If he goes away to somewhere else, I will hire a hireling and he will compensate the wages of the hireling."
"[x]+1 ma-na KÙ.B. ṣa-ru-pá-am [i-ṣ]é-er Hi-ta-ni DUMU DINGIR-na-d[a] [Ku-li]-a DUMU A-lá-bi4-im i-šu [1 1/2 GÍN.T]A a-na 1 m[a-na-im]","x+1 minas of refined silver Hitani, son of Ilī-nādā, owes to Kuliya, son of Ali-abum. 1 1/2 shekel of silver per mina he will add as interest <gap>"
"[i]-na ITI.1.KAM k[i-ma a-wa-at kà-ri-im] [ṣ]í-ib-tám: ú-[ṣa-áb ITI.KAM] Áb-ša-ra-ni: li-[mu-um ša qá-té] A-bu-ša-lim DAM.GÀR D[UMU Ì-lí-a-lum] KIŠIB A-mur-A-šur DUMU Da-d[í-a [KIŠIB <gap>] DUMU Ú-zu-bi4-iš-[ki-im KIŠIB <gap>] DUMU A-šur-UT[Uší <gap>]","per month he will add interest in conformity with the rule of the kārum. Month V, the eponymy of [the successor of] Abu-šalim, the trader, son of Ilī-ālum. Seal of Amur-Aššur, son of Dadiya, seal of <gap>, son of Uzubiškum, seal of <gap>, son of Aššur-šamšī. <gap>"
"<gap>, son of Aššur-UTUší i-ṣé-er [x x x x DUMU A-šur-UTUší] DAM.GÀR [i-šu <gap>] a-na [<gap>] ki-m[a a-wa-at kà-ri-im ṣí-ib-tám ú-ṣa-áb] [x <gap>]","<gap>, son of Aššur-šamšī owes to the creditor. From <gap> within x months he shall pay. If not, he will add interest in conformity with the rule of the kārum x <gap>"
"1/2 ma-na KÙ.B. ta-ad-mi-iq-tám ša a-lá-hi-nim ša Tù-úh-pì-a Ì-lí-ba-ni i-hi-bi4-il5-ma 5 ma-na AN.NA iš-tù a-lim i-na e-lá-i-šu AN.NA a-na a-lá-hi-nim pí-šu-ú i-dí-in i-na Tù-úh-pì-a iṣ-bu-tù-ni-ma 5 ma-na AN.NA a-na ZU-mu-ú kà-ší-im ša qá-té a-lá-hi-nim áš-qúl","For 1/2 mina of silver, a tadmiqtu-loan by the alahhinnum of Tuhpiya, Ilī-bāni became indebted and he promised the alahhinnum 5 minas of tin (to be paid) when he would come up from the City. In Tuhpiya they seized me and I paid 5 minas of tin to Zumū, the kaššum of the staff of the alahhinnum,"
"IGI A-šur-DÙG DUMU A-bu-ša-lim IGI [A-šur-GAL] DUMU I-na-a IGI Lá-ba-na-da DUMU [Sà-sa-lim] IGI Ku-ur-ku-ri-im DUMU A-ku-ú-a IGI [A-šur-ma-lik] DUMU A-šur-lá-ma-sí IGI UTU-ṣú-lu-li DUMU Bu-ur-Ištar IGI Kà-ar-zi-li-li","in the presence of Aššur-ṭāb, son of Abu-šalim, of Aššur-rabi, the son of Innaya, of Laban-nādā, son of Sasallum, of Kurkurum, son of Aku'a, of Aššur-mālik son of Aššur-lamassī, of Šamaš-ṣululī, son of Būr-Ištar, (and) of Karzilili."
"Kà-nu-tum a-ša-at Il5-ba-ni ta-aṣ-ba-ta-ni-ma um-ma ší-it-ma 1/2 ma-na GUŠKIN pá-ša-lam ù 1 1/2 ma-na KÙ.B. ša A-na-ah-i-lí DUMU DÙG-ṣí-lá-A-šur a-na a-lim [i-ni-iš-ú] KÙ.B. ù GUŠKIN i-a-um ṭup-pá-am ša ší-be ša ba-áb i-lim ša KÙ.B. ù GUŠKIN ší-a-ú-ni tù-kà-li-mì-ma 2 ma-na KÙ.B.","Kannūtum, the wife of Ilī-bāni, seized me saying: ""Half a mina of pašallu-gold and 1 1/2 mina of silver, which Anah-ilī, son of Ṭāb-ṣilli-Aššur, brought to the City, that silver and gold belong to me!"" A tablet by witnesses, drawn up in the Gate of the God, to the effect that the silver and gold belong to her she showed me and 2 minas of silver, in the"
"IGI A-nu-pí-a DUMU Ú-ṣú-ur-ša-A-šur IGI Ur-da-A-šur [DUMU DIRIG-im] IGI A-šur-ni-šu-um DUMU IZ-kà-nim <IGI> [mu-tí-ša IGI Ì-lí-a]","presence of Anuppiya, son of Uṣur-ša-Aššur, of Urad-Aššur, son of Watrum, of Aššur-nišū, son of IZkānum, <of> her husband, of her brother Iliya, and"
"a-hi-ša-a IGI Ma-num-ki-A-šur DUMU [Il5-we-da-ku] i-na Tù-úh-pi-a a-dí-ší-im ša-bu-a-at ù-lá ta-tù-ra-am šu-ma ṭup-pé-e i-na Kà-ni-iš lá ta-ta-ad-nam i-le i-ṣé-ri-ša-a i-šu 13 GÍN KÙ.B. a-šu-mì","of Mannum-kī-Aššur, son of Ilī-wēdāku, I gave her in Tuhpiya. She is satisfied, she will not come back on it. Should she not give me the tablets in Kanesh, then I have a claim on her for the (figurines of the) gods. In the name of"
"E-na-A-šur DUMU Da-da-nim A-šur-e-mu-qí kà-ṣa-ar A-sà-nim e-pu-li IGI [Ku-s]à-tí-a IGI UTU-ṣú-lu-li DUMU Bur-[Ištar] IGI Šu-nu-nu DUMU A-da-da-a 12 GÍN KÙ.B ša Ma-lá-hu-um a-na Bé-lúm-ba-ni DUMU Šu-ra-ma ha-bu-lu-ma KÙ.B. i-na li-bi Ma-lá-hi-im aṣ-ba-at-ma","Ennam-Aššur, son of Dadānum, Aššur-emūqī, the harnessor of Asānum, guaranteed me 13 shekels of silver in the presence of Kusātiya, of Šamaš-ṣululī, son of Būr-Ištar, of Šu-Nunu, son of Adadaya. 12 shekels of silver, which Malahum owes to Bēlum-bāni, son of Šu-rama, - (when) I seized Malahum for that silver"
"um-ma šu-ut-ma KÙ.B. iš-tù Ú-lá-ma ú-šé-ba-lá-kum IGI UTU-ṣú-lu-li DUMU Bu-ur-Ištar IGI A-šur-ma-lik DUMU [A-šur-lá-ma-sí] 1 e-ma-ra-am ṣa-lá-ma-am a-na šé-er Ha-na-na-ri-im A-šur-e-mu-qí ù Ma-lá-hi-im a-na ší-mi-im ta-da-nim a-na Ú-lá-ma-a kà-ṣa-ar Ha-na-na-ri-im DUMU E-lá-li ša ṭup-ša-ru-tám i-na Ma-ma-a iš-bu-tu","he said: ""I will send it to you from Ulama"" - in the presence of Šamaš-ṣululī, son of Būr-Ištar, (and) of Aššur-mālik, son of Aššur-lamassī. 1 black donkey the harnessor of Hanna-Nārum, son of Elāli, who has taken up the function of scribe in Mamma, led to Ulama to 38 Hanna-Nārum, Aššur-emūqī, and Malahum in order to sell it."
"ir-dé-e IGI Ì-lí-a DUMU I-na-Sú-in 6 GÍN [KÙ.B.] ni-is-ha-sú wa-ta-ar a-na En-um-ì-lí ša GA-ba-tim a-dí-in 1 TÚG ku-ta-nam SIG5 [ba-lúm] gám-ri-im ú-šé-lá-am 7 GÍN KÙ.B. ni-is-ha-sú wa-ta-ar a-na A-šur-DÙG a-dí-in iš-tù a-lim","In the presence of Iliya, son of Ennam-Suen. 6 shekels of silver, the excise on it added, I gave to Ennum-ilī of Gabattum to bring up (from Assur), without charging (me) expenses, one fine kutānu-textile. 7 shekels of silver, the excise on it added, I gave to Aššur-ṭāb to bring up from the City"
"TÚG ku-ta-nam SIG5 ba-lúm gám-ri-im ú-šé-[lá-am] 1 ma-na.TA URUDU a-dí-šu-nu-tí IGI E-na-[A-šur] DUMU Da-lá-áš IGI A-šur-UTU-ší DUMU [Pì-lá-ah-A-šur] 1 1/2 ma-na KÙ.B. 1 GÚ 25 ma-na URUDU [SIG5] a-ha-ma 3 GÍN KÙ.B.a-na am-tí-a 3 GÍN KÙ.B. ú 1/3 GÍN 15 ŠE KÙ.B. ša i-li-šu ša A-šur-[i-mì-tí]","a fine kutānu-textile without charging (me) expenses. To each of them I gave one mina of copper, in the presence of Ennam-Aššur, son of Dalaš (and) of Aššur-šamšī, son of Pilah-Aššur. 1 1/2 mina of silver, 85 minas of refined copper, and separately 3 shekels of silver for my maid; 3 shekels of silver and 75 grains of silver of his god, belonging to Aššur-imittī,"
"1/4 GÍN 8 1/2 ŠE GUŠKIN pá-ša-lam ù 1 e-ma-ra-am ṣa-lá-ma-am mì-ma a-nim a-na Al-pi-lí a-dí-in 10 GÍN KÙ.B. a-ha-ma 3 GÍN KÙ.B. ša A-šur-ba-ni ú e-<ma>-ra-am","53 1/2 grains of pašallu-gold and one black donkey - all this I gave to Alpilī. 10 shekels of silver and separately 3 shekels of silver of Aššur-bāni, plus a black donkey (and) a jar of acorns - all this"
"ṣa-lá-ma-am kà-ar-pá-at a-lá-ni mi-ma a-nim a-na A-sà-nim a-dí-in-ma 1/2 GÍN KÙ.B. a-na A-šur-ba-ni a-dí-in-ma a-na a-lim ú-šé-bi-il5","I gave to Asānum and I gave 1/2 shekel of silver to Aššur-bāni and he has shipped it to the City."
"2 ma-na 7 GÍN KÙ.B. iš-tí A-šur-i-mì-tí [DUMU Ma-num-ba-lum-A-šur] ku-nu-ku-ú ša-zu-uz-tí-a i-ba-ší x-tám [Al-pi-lí [x x]","2 minas 7 shekels of silver are with Aššur-imittī, son of Mannum-balum-Aššur, under the seals of my representative, <gap> Alpilī <gap>"
"[x x x x] x [x x x x x x x x] [x x x x] na x [x x x x Puzur2-A-šur] [DUMU A-h]u-wa-qar iš?-[tù x x x x] ub-lu-ni-ni ŠÀ.BA 4 T[ÚG.HI.A x x x] iš-hi-ru-ma ší-tí TÚG.HI.A 20[+ x x x x] ù e-ma-re ṣa-lá-me-e x x [x x x x] ša-du-a-tum ù ú-ku-ul-tí e-[ma-re] 5 ma-na 7 1/2 GÍN KÙ.B. iš-qú-l[u x x] ù 3 e-ma-re ṣa-lá-me ù me-at 70 m[a-na URUDU ša]","<gap> Puzur-Aššur, [son of] Ahu-waqar fr[om <gap>] brought here. Thereof 4 tex[tiles <gap>] were deducted. The rest of the textiles [<gap>] and the black donkeys <gap> [x silver] the šaddu'utu-tax and the food of the donkeys, [all together] they paid 5 minas and 7 1/2 shekels of silver [<gap>] and the 3 black donkeys and 170 [minas of copper of]"
"Kà-ni-iš a-ba-an ma-tim <<ma-tim>> ša A-šur-x [x] ir-dé-a-ku-nu-tí-ni ŠÀ.BA 1 TÚG a-na li-tab-ší-šu iš-tù ṣí-tum ša A-bi-a-a ú A-šur-ták-l[á-ku] ù KÙ.B. I(LI)-ku-pí-a lu UK x [x x x] 3 ma-na KÙ.B. iz-ku-ú-šu: 6 [x x x x] KÙ.B. iz-ku-ma Ku-li-a il5-qé a-na a-[wa-tim a-ni-a-tim] wa-bar-tum ša Ša-lá-tù-wa-ar i-d[í-ni-a-tí-ma] IGI GÍR ša A-šur <ší-bu-tí-ni> ni-dí-in IGI A-šur-x[x x]","Kanesh, according to the Anatolian weight standard, which Aššur-[<gap>] lead to you, 1 textile thereof was for his own clothing. After the expenses of Abaya and Aššur-taklāku and the silver of Ikuppia <gap> had been paid 3 minas and 6 shekels of silver became freely available for him. Six [minas] of silver which were cleared Kuliya took. For [this affair] the wabartum of Šalatuwar made us appear in court and we gave <our testimony> in the presence of Aššur-[<gap>]"
"ù E-na-A-šur DUMU I-ku-pì-A-šur IGI x [x x x x x x] A-ni-na-a DUMU DIRIG-im tap-pá-i-ni 10 TÚG [x x x x] ša a-bi4-ni a-na kà-ri-im Kà-ni-iš a-[na x x x x] ú-bi4-il5 5 1/2 ma-na AN.NA ša i-na x [x x x x] ib-tù-ru-ma il5-qé-ú 1 ma-na AN.[NA x x x x] ku-a-tí-ma il5-qé-ú 12 GÍN AN.NA i[z-ku-ma x x] ma-ah-ri-šu-ma iš-qúl ŠU.NIGIN 8 2/3 m[a-na <gap> AN.NA] i-ší-a-ma-tí-šu i-li-bi4 Puzur2-A-šur [ù] [x x x x] IGI E-nam-Sú-in DUMU A-šur-ma-lik IGI A-š[ùr- x x x]-a","and Ennam-Aššur, son of Ikuppi-Aššur, (and) of [<gap>]; Aninaya, son of Watrum was our colleague. Ten textiles [<gap>], of our father he brought to kārum Kanesh. For [<gap>], 5 1/2 minas of tin, which proved to be in [<gap>] and which he took, 1 mina of tin [<gap>] your representatives also took, 12 shekels of tin were cleared and he weighed it out in his very presence. In all 8 2/3 minas [and x shekels of tin] from his sales he [charged] to Puzur-Aššur and [<gap>] in the presence of Ennam-Suen, son of Aššur-mālik, (and) of Aš[šur-<gap>]."
"1 ma-na KÙ.B. ku-nu-ki ša A-šur-ma-lik 3 x [x m]a-na KÙ.B. TÚG ša A-ki-a-a ù A-ki-ta-a KÙ.B. ša E-na-A-šur a-na A-ni-na-a áp-qí-id 5/6 ma-na 3 GÍN KÙ.B. ku-nu-ki ša I-ku-pì-a DUMU A-ku-sà-nim a-ha-ma 17 1/2 GÍN KÙ.B. ku-nu-ki ša A-ki-ta-a a-na A-šur-ni-šu DUMU IZ-kà-nim a-ni-iš-a-ma áp-qí-id IGI I-di-Sú-in DUMU Ku-ku-lá-nim IGI A-hi-a-a DUMU Lá-qé-ep IGI Hu-bi-tum IGI A-ki-a-a DUMU A-ku-sà-nim","One mina of silver under Aššur-mālik's seals, 3 [<gap>] worth [x] minas of silver, a textile of Akiaya and Azutaya, silver belonging to Ennam-Aššur, I entrusted to Aninaya. 5/6 mina and 3 shekels of silver under the seals of Ikuppiya, son of Akusānum (and) separately 17 1/2 shekels of silver under the seals of Akitaya, I brought along and entrusted to Aššur-nišū, son of IZkānum in the presence of Iddin-Suen, son of Kukulānum, of Ahiaya, son of Laqēp, of Hubītum, (and) of Akiaya, son of Akusānum."
"ší-be-e a-ni-ú-tim i-na Né-eh-ri-a i-nu-mì ri-ik-sí áp-(erasure)-qí-du-šu-nu-tí-ni áš-ku-šu-nu 4 GÍN KÙ.B. ku-nu-ki ša A-ki-ta-a a-na A-ni-na-a IGI a-ni-ú-tí-ma áp-qí-id IGI A-ni-na-a DUMU DIRIG-im IGI A-šur-ni-šu DUMU IZ-kà-nim IGI A-ki-<a>-a DUMU A-ku-sà-nim ší-bu-ú a-na I-dí-A-šur DUMU Šu-Be-lim áš-ku-nu ITI.1.KAM A-lá-na-tim li-mu-um DÙG-A-šur 1 1/2 GÍN KÙ.B. i-li-bi4 A-šur-e-na[m]","These witnesses I set against them in Nehriya when I entrusted to them the packets (of silver). Four shekels of silver under the seals of Akitaya I entrusted to Aninaya, in the presence of these same persons, in the presence of Aninaya, son of Watrum, of Aššur-nišū, son of IZkānum, of Aki<a>ya, son of Akusānum - the witnesses which I had set against Iddin-Aššur, son of Šu-Bēlum. Month XII, eponymy of Ṭāb-Aššur. 1 1/2 shekel of silver is due from Aššur-ennam."
"10 GÍN KÙ.B. be-<ú>-lá-at Puzur2-A-šur kà-ṣa-ri-a nu-wa-[um] ú-kà-il5-ma KÙ.B. a-na-ku al-qé-ma ṭup-pá-a[m] ša ku-nu-ki-a: a-dí-šu-ma ŠÀ.BA 1 1/2 [GÍN KÙ.B.] i-li-bi4-šu i-ší-it-ma [ṭup-pu-šu] a-dí KÙ.B. i-du-nu a-na DUMU GA-[x x x] IGI A-hi-a-a IGI A-lá-hi-im [DUMU] I-d[í-x x x IGI] Šu-Nu-nu (erasure) DUMU A-da-da-a i-[n]a Né-e[h-ri-a áp-qí-id]","10 shekels of silver, the working capital of Puzur-Aššur, my harnessor, the native held and when I myself took the silver I gave him a tablet with my seal and 1 1/2 shekel [of silver] thereof remains as his debt and I gave [his tablet] in deposit to the son of GA[<gap>] until he gives me the silver. In the presence of Ahiaya, of Ali-ahum, son of Iddi[n-<gap>], (and) of Šu-Nunu, son of Adadaya, in Nehriya."
"um-ma a-na-ku-ma KÙ.B. ša Puzur2-[x x x x] [a]-n[a] a-lim a-na š[í]-a-ma-tim ni-[da-na-kum] [x G]ÍN KÙ.B. a-na T[ÚG] KÙ.B. [ú]-šé-[x x x x] KÙ.B. lu iš-tù Ma-m[a-a] KÙ.[B.] lu i[š-tù x x x x] lá-[ak-nu]-uk-ma lu-<<ú>>-šé-bi4-lá-k[í]-im [x x x x] [x x x x x KÙ].KI DIRIG-am 14 GÍN KÙ.B. [x x x x] [x x x x x x í]-li-bi4 A-[x x] i-šu [x x x x]","I said: ""The silver belongs to Puzur-[Aššur], we [give it to you] to bring it to the city for making purchases."" [<gap>] shekels of silver for a textile(?), the silver <gap>, either from Mamma or from [<gap>] I will put under seal and send to you. [<gap>] gold of extremely good quality (and) 14 shekels of silver <gap> [<gap>] I have as a claim on the gentleman <gap>"
"[lá li-bi DINGIR-ma A]-šur-lá-ma-sí DUMU A-šur-ma-lik ší-ib-kà me-et Ku-li-a: A-šur-e-nam [x x x x] x Il5-ba-ni ú-ta-ma ú KÙ.B.-pì li-ih-liq-šu A-šur-e-nam [x x x x K]Ù.B. ù ší-a-ma-tí-šu A-šur-e-nam i-ša-qá-lam IGI A-ga-a DUMU A-hu-ni [x x x x x x m]a-a DUMU LU/ZU-[x x] x IGI A-šur-ma-lik DUMU Ku-ra-ra [x x x x x x x x x] x x x x [x x x x]","[Unfortunately], Aššur-lamassī, son of Aššur-mālik, your witness, has died. Kuliya will take an oath from Aššur-ennam, [<gap>] (and) Ilī-bāni and should my silver get lost for him, then Aššur-ennam [<gap> and] Aššur-ennam will pay me the silver or what has been purchased with it. In the presence of Agaya, son of Ahuni, [of <gap>, of <gap>maya, son of L/Zu-<gap>, of Aššur-mālik, son of Kurara, <gap>"
"i-na 1/3 ma-na 4 GÍN [KÙ.B.] ší-im am-tí-im ša a-n[a] A-ta-na-ah: a-dí-nu-šu-ni 4 GÍN KÙ.B. a-na A-[hu]-[qar] i-dí-in 12 LÁ 1/6 GÍN [KÙ.B.] a-na Bé-lúm-ba-ni i-[dí-in] 7 GÍN KÙ.B. hu-bu-u[l x x (x)] 1 1/6 GÍN KÙ.B ú 1/2 G[ÍN] ṣí-ib-ta[(RA)-am] i-x [x x a-na] A-ta-na-ah: ni-dí-i[n]","Of 24 shekels of [silver], the price of the slave-girl, which I had given to Atanah, he gave 4 shekels of silver to Ah[u-waqar]; 11 5/6 shekels of [silver] he [gave] to Bēlum-bāni. 7 shekels of silver, the debt of <gap>, 1 1/6 shekels of silver and 1/2? <gap> as interest <gap> [<gap> to] Atanah we gave."
"1/2 GÍN KÙ.B. i-li-bi4 A-hu-ša DUMU Ku-ra 1/2 GÍN KÙ.B. i-li-bi4 ZA-ga[-al-i ÌR-dí-šu 1 LÁ 1/6 GÍN dá-a-tí 5 ma-na KÙ.B. mu-ṭá KÙ.B. 1/2 GÍN KÙ.B. bi4-it[(NI)-qá-at ma-na-im ša AN.NA-ki-im ša 5 ma-na KÙ.B. 1/2 GÍN KÙ.B. a-na A-šur-DÙG a-dí-in mi-ma a-nim i-li-bi4 A-ta-<a> DUMU I-ku-nim","1/2 shekel of silver is owed by Ahuša, son of Kura. 1/2 shekel is owed by Zagal'u, his slave, 5/6 shekel my road-tax. 5 minas of silver - the deficiency on the silver (is) 1/2 shekel of silver, due to the underweight of the (1-)mina-weight (used) for tin for a value of 5 minas of silver - I gave (this) 1/2 shekel of silver to Aššur-ṭāb. All this is owed by Ata(ya), son of Ikūnum."
"ga-am-ru-um: dá-a-tù-um ta-ší-a-tù-um ú mu-ṭá-a 10 ma-na-e ša 42 1/2 ma-na / AN.NA i-li-bi4: A-ta-a-ma DUMU I-ku-nim Bé-lúm-ba-ni i-šu 15 GÍN KÙ.B. ṣa-ru-pá-am 3 ma-na URUDU ša ša-du-e-šu 2 ší-na ú-kà-pè: WA-DÍ-ú-tim a-ta-ad-mi-iq-tim mi-ma a-nim i-li-bi4 Na-ra-am-ZU DUMU Kà-ki-a ú I-dí-in-Ni-ra-ah Bé-lúm-ba-ni i-šu IGI A-lá-hi-im DUMU E-na-ah-i-li","Travel expenses, road-tax, cost of transport and deficiency on the 10-mina-weight (used) for (weighing) 42 1/2 minas of tin is also owed by Ataya, son of Ikūnum, to Bēlum-bāni. 15 shekels of refined silver, 3 minas of native copper, two <gap> saddlecloths as tadmiqtum - all this is owed by Narām-Suen, son of Kakkiya, and Iddin-Nirah to Bēlum-bāni. Witnessed by Ali-ahum, son of Enah-ilī."
"7 GÍN KÙ.B. [ṣa-ru]-pá-am i-li-bi4 Šu-Ku-bi4-im DUMU Šu-Be-lúm Be-lú-ba-ni i-šu IGI A-lá-hi-im DUMU E-na-ah-i-li IGI A-sà-nim DUMU A-bi-ru-ša-ki-im 30 5/6 [ma-na] sà-am-tám-sic ša ba-ri-ni 5 ma-na 6 GÍN KÙ.B. [it]-ba-al i-na ŠÀ.BA 3 ma-na 5 GÍ[N KÙ.B.] ša Be-lúm-ba-ni 1 1/3 ma-n[a KÙ.B.] ša ZA-ga-al-i 2/3 ma-n[a KÙ.B.] ša IŠKUR-ba-ni 6 iš-[ra-tum]","7 shekels of refined silver due by Šu-Kūbum, son of Šu-Bēlum, to Bēlum-bāni, witnessed by Ali-ahum, son of Enah-ilī, (and) by Asānum, son of Abirušakum. 30 5/6 minas of carnelian, our joint property, cost 5 minas 5 shekels of silver. 3 minas 5 shekels of silver thereof belong to Bēlum-bāni, 1 1/3 min[a of silver] to Zagal'u, 2/3 mina [of silver] to Adad-bāni. 6 be[lts],"
"2 ú-kà-pu 1 kà-sú-u[m q]á-tí[m] x 2 e-ma-re ṣa-lá-me-e[n] x ma-na KÙ.B. 6 1/3 [GÍN KÙ.B.] ú am-tám ki-ma 1/3 [ma]-[na KÙ.B.] ub-lu-nim: mì-ma a-nim A-sà-[núm] a-na Be-lúm-ba-ni i-dí-in","2 saddlecloths, 1 hand cup, 2 black donkeys (worth) [1/3] mina and 6 1/3 shekels of silver, and a slave-girl, equivalent of 1/3 mina of silver, they brought here. All this Asānum gave to Bēlum-bāni."
"11 GÍN KÙ.B. ṣa-ru-pa-am i-l[i-bi] Lá-qé-pí-im DUB.SAR DUMU A-ba-a-a [Be-lúm-ba-ni i-šu 1/3 ma-na 4 GÍN KÙ.B. a-na a-lim [ú-ša-ak-ša-dam [IGI] I-[ku]-nim DUMU A-šur-ba-[ni [I]GI DUMU Šu-lá-áb-ra-at","11 shekels of refined silver Laqēpum, the scribe, son of Abaya, owes to Bēlum-bāni; (for it) he will let 24 shekels of silver reach me in the City. Witnessed by Ikūnum, son of Aššur-bāni, (and) by the son of Šu-Ilabrat."
"i-na 2 ma-na 15 GÍN KÙ.B. ša a-šu-mì ší-im bé-tim iš-tí A-šur-ma-lik DUMU Ku-ra-ra Bé-lúm-ba-ni I-na-Sú-in ú Pè-ru-wa il5-qé-ú-ni-ni-ma ṭup-pá-šu-nu i-hi-ir-mu-ú i-na ŠÀ.BA 5/6 ma-na i-na KÙ.B.-pí-a Bé-lúm-ba-ni [iš-qú-ul","Of the 2 minas and 15 shekels of silver which, because of the payment for the house, Bēlum-bāni, Ennam-Suen and Peruwa, had obtained from Aššur-mālik, son of Kurara, and for which their valid deed had been drawn up, 5/6 mina thereof Bēlum-bāni paid with my silver."
"a-na 1/3 ma-na 5 GÍN KÙ.B. ṭup-pá-am ú-kà-il5-ma ṣí-ib-tum ma-dí-iš i-li-ik-ma a-na 5/6 ma-na KÙ.B. im-gu-ra-ni 1/2 ma-na KÙ.B. mu-sú-kà-e","For 25 shekels of silver I kept a debt-note and a lot of interest has accrued and he has agreed with me on an amount of 5/6 mina of silver. 1/2 mina of spoiled silver"
"úṣ-ba-am 1/3 ma-na 1 GÍN KÙ.B. ší-im 3 ku-ta-ni ša qá-tim ša a-qá-tí Bé-lúm-ba-ni a-na É kà-ri-im i-dí-ú ŠU.NIGIN 1 2/3 ma-na 1 GÍN KÙ.B. a-ha-ma 1 ma-na KÙ.B. ša a-šu-mì A-na-ah-i-lí DUMU [Tá-ki-i A-šur-DÙG DUMU A-bu-ša-lim a-pu-lu na-áš-pè-er-tám ša A-šur-DÙG A-šur-ma-lik i-ni-iš-am um-ma šu-ut-ma i-na ni-kà-sí KÙ.B. A-šur-DÙG ú-tá-hi-a-am iš-té-ni-iš","has been added for me. 21 shekels of silver, the price of three kutānu-textiles of current quality that he deposited on Bēlum-bāni's account in the kārum-office – in all 1 2/3 mina and 1 shekel of silver. Separately, as for the 1 mina of silver, which on behalf of Anah-ilī, the son of Ṭāki, I guaranteed to Aššur-ṭāb, son of Abu-šalim, Aššur-mālik brought me a letter of Aššur-ṭāb, saying: ""At the accounting Aššur-ṭāb has transferred that silver (claim) to me"". All together"
"2 2/3 mana 1 GÍN KÙ.B. A-šur-ma-lik i-na li-bi4-a i-dí-í IGI I-dí-Sú-in DUMU Ku-ku-lá-nim IGI Šu-Iš-ha-ra DUMU Ku-ra-ra IGI A-šur-ṣú-lu-li DUMU I-na-Sú-in IGI A-šur-ba-ni DUB.SAR KÙ.B. a-na a-lim ša-ak-šu-dam qá-bi-a-ku ú iš-tù A-šur-ma-lik me-tù i-na Ka-ni-iš 2 2/3 ma-na 1 GÍN KÙ.B. a-na Šu-Iš-ha-ra-a DUMU Ku-ra-ra Ku-ra-ra-a DUMU A-šur-ma-lik ù Lá-ba-na-da ra-bi-sí KÙ.B. áš-qúl IGI A-mur-UTU Puzur2-i-lí IGI DUMU ku-um-ri-im ša [A-šur-ba-ni E-a-ša-ri-im IGI A-šur-i-mì-tí DUMU GA-DU-ba-tim IGI En-um-A-šur DUMU E-na-nim DUMU Ku-up-ru-ra-ak IGI A-šur-ba-ni / DUB.SAR na-áš-pè-er-tám a-na A-šur-DÙG a-šu-mì [1 ma-na KÙ./B. i-dí-nu-nim na-áš-pè-er-tí A-šur-DÙG [ú-kà-al","Aššur-mālik has charged me 2 2/3 minas and 1 shekel of silver. In the presence of Iddin-Suen, son of Kukulānum, of Šu-Išhara, son of Kurara, of Aššur-ṣululī, son of Ennam-Suen, of Aššur-bāni, the scribe. I had been ordered to make this silver arrive in the City, but after Aššur-mālik had died, I paid in Kanesh 2 2/3 minas and 1 shekel of silver to Šu-Išhara, son of Kurara, Kurara, son of Aššur-mālik, and to Laban-nādā, the attorney, in the presence of Amur-Šamaš, son of Puzur-ilī, of Aššur-bāni, son of the priest of Ea-šarrum, of Aššur-imittī, son of GADUbatum, of Ennam-Aššur, son of Ennānum, son of Kuprurak, (and) of Aššur-bāni, the scribe. The letter addressed to Aššur-ṭāb concerning the 1 mina of silver they gave me (and) I have a letter of Aššur-ṭāb in my possession."
"2 e-ma-re-e a-na 1/2 ma-na / 3 GÍN KÙ.B. 2 e-ma-re a-na 1/3 ma-na 5 1/2 GÍN KÙ.B.","2 donkeys for 33 shekels of silver, 2 donkeys for 25 1/2 shekels of silver,"
"1 1/2 GÍN KÙ.B. i-na ší-im TÚG-ba-tim ša a-na a-ší-tí-šu tí-sà-ba-am iš-ú-mu-ú ŠU.NIGIN 1 ma-na KÙ.B. i-na li-bi A-lu-ta-ni Hu-ša-na-lim IGI Hu-na-da-du-a e-me-šu ú ší-ší-im ša A-lu-ta-ni IGI Ba-za-za-a 2/3 ma-na 5 GÍN /KÙ.B. ší-im 2ší-na e-ma-re [Á]š-du-na-ni Hu-ša-na-lim ha-bu-ul IGI Hu-na-da-du-a IGI Hu-ur-du-na-ni","1 1/2 shekel of silver from the price of a textile, when he bought a tisābu-garment for his wife – in all 1 mina of silver due from Alutani Hušanālum, witnessed by Hunadadu'a, his son-in-law and the <gap> of Alutani, and by Bazazaya. 45 shekels of silver, the price of 2 donkeys Ašdunani Hušanālum owes, witnessed by Hunadadu, by Hurdunani."
"IGI Ba-za-za-a 1/2 ma-na KÙ.B. ší-im 2 e-ma-re-e i-li-bi Na-na-li-i ù Ú-ba-ar-za-a a-hi-šu-ú IGI Ú-šu-bu-ha-ma-za-a IGI Du-me-ni IGI Hu-na-da-du-a IGI Ba-za-za-a-a 1/3 ma-na 4 GÍN / KÙ.B. ší-im 2 e-ma-re-e i-li-bi4 Ku-li-a pá-ší-ri-im IGI Ba-za-za-a IGI Hu-na-da-du-a IGI Ú-a-na-me-a tap-pá-i-šu-ú IGI Ha-šu-ta-a-li-i","by Bazazaya. 1/2 mina of silver, the price of 2 donkeys owed by Nanalī and Ubarzaya, his brother, witnessed by Ušubuhamazaya, by Dumeni, by Hunadadu'a, by Bazazaya. 24 shekels of silver the price of 2 donkeys, owed by Kuliya, the retailer, witnessed by Bazazaya, by Hunadaduam, by U'anamea, his partner, and by Hašutayalī."
"1/2 ma-na KÙ.B. ší-im 2 e-ma-re i-li-bi Ba-za-za-a IGI Ur-dim IGI A-li-a ŠU.NIGIN 3 ma-na 9 GÍN KÙ.B. áp-kà i-da-áš-e i-ša-qú-lu","1/2 mina of silver, the price of 2 donkeys, owed by Bazazaya, witnessed by Urdum, by Aliya. All together: 3 minas and 9 shekels, your silver, they will pay in spring."
"2 1/2 ma-na ṣí-BA-ra-tum qá-dum ša A-bi4-e-dim 1 1/3 ma-na a-na ú-ra-ha-zi ša 1 ma-na ul-GA-tim zi-ga-an-LUGAL 6 ma-na a-lu-li-tám ša 3 1/2 GÍN KÙ.B. ša 10 GÍN KÙ.B. AN.NA 8 1/2 GÍN KÙ.B. a-na e-ma-ri-im 4 1/2 ma-na URUDU a-na qá-qá-da-tí-šu-nu 1 ma-na a-na a-a-ar-tim mi-ma a-nim a-na A-šur-ṣú-lu-li a-dí-in ša-bu","2 1/2 minas of <gap> including those of Abī-wēdum. 1 1/3 mina for <gap> For 1 mina <gap> ziganšarrū, 6 minas alulītum worth 3 1/2 shekels of silver, for 10 shekels of silver tin, 8 1/2 shekels of silver for a donkey, 4 1/2 minas of copper for their head-tax, 1 mina for cowry shells. All this I gave to Aššur-ṣululī, he is satisfied."
"3 ma-na SÍG.HI.A i-nu-mì 1 ma-na SÍG.HI.A a-na nu-a-im ša a-al i-ṣú-ra-tim a-dí-nu 5 ma-na SÍG.HI.A ša iš-tù Té-ga-ra-ma a-ni-iš-ú 5 ma-na SÍG.HI.A ša É kà-ri-im 1 1/2 ma-na SÍG.HI.A ni-qí-a-am ša a-na Sú-in a-qí-ú 2 1/2 ma-na SÍG.HI.A ni-qí-a-am ša a-na A-na-a a-qí-ú 9 / ma-na SÍG.HI.A i-na ša En-um-A-šur i-dí-na-ni ŠU.NIGIN 21 / ma-na a-na am-tim e-zi-ib","Three minas of wool when I gave 1 mina of wool to the native of 'Birds-town'. 5 minas of wool which I had brought from Tegarama. 5 minas of wool of the kārum-office. 1 1/2 mina of wool, a gift which I offered to Suen. 2 1/2 minas of wool, a gift which I offered to Anna. 9 minas of wool from what Ennum-Aššur had given me. In all 21 minas I left to the maid."
"17 GÍN KÙ.B. ší-im e-ma-ri-im 30 ma-na URUDU Ištar-pí-lá-ah a-na ar-be-e-šu (erasure) ù-kà-pu-ú ša-pí-ú-tim 9 ma-na URUDU SIG5 i-ší-im sú-ub-ri-im 1 ma-na URUDU ší-kam iš-tí DUMU Ištar-ba-ni 2 kà-ar-pát kà-mu-nu mi-ma a-nim i-na Du-ur-hu-mi-it i-ba-ší 10 pí-ri-kà-nu 1 GÚ SÍG.HI.A 2 ú-kà-pé-e 80 lu-ur-ma-tum 10 ma-na Ì.GIŠ sà-ar-dam sà-áp-tí-nam ni-ib-ra-<ra>-am 2 ší-it-re-e ša Za-al-pá 2 e-ma-re ú ù-nu-sú-nu mi-ma a-nim a-na A-šur-i-mì-tí / a-dí-in","17 shekels of silver, the price of a donkey, 30 minas of copper of Ištar-pilah, 4 sets of thick saddlecloths, 9 minas of refined copper from the price of a slave, 1 mina of šikku-copper with the son of Ištar-bāni, 2 jars of cumin – all this is available in Durhumit. 10 pirikannu-textiles, 1 talent of wool, 2 saddle-rugs, 80 pomegranates, 10 minas of olive oil, a saptinnu- and a nibrāru-textile, 2 scarfs from Zalpa, 2 donkeys with their harness - all this I gave to Aššur-imittī."
"1 ú-kà-pá-am e-DÍ-am 4 eb-le-e 2 ší-na ma-at-li-ih-šé-e a-za-mì-lam hu-ur-ší-a-num ša du-ul-ba-tim hu-ur-ší-a-num ša kà-ma-re-e 2 ší-na","1 <gap> saddlecloth, 4 ropes, 2 pack-saddles, a sack, a box with dulbātum, a box with kamāru-fish, two"
"eb-lu-ú i-Du-ur-hu-[mi]-li[t] hu-ur-ší-a-num ša Il5-ba-ni DUMU Mu-ta-lim 3 GÍN KÙ.B. ha-bu-ul 1 1/3 ma-na KÙ.B. ša A-na-ah-ì-lí a-na Al-[pì-lí] i-lá-ak 1/2 ma-na KÙ.B. i-na pá-ni-tí-a i-lá-ak mi-ma a-nim iš-tí Al-p[ì]-lí 10 ma-na URUDU iš-tí a-ša-at A-šur-SIG5 ša Tù-ùh-pì-a e-ma-ra-am ù ú-nu-sú-ú a-ha-ma 3 GÍN KÙ.B. a-na A-sà-nim ha-bu-ul","ropes, in Durhumit. A box of Ilī-bāni, son of Mutālum, 3 shekels of silver he owes. 1 1/3 mina of silver of Anah-ilī will go to Al[pilī], 1/2 mina of silver will go with the first opportunity I have. All this is with Alpilī. 10 minas of copper with the wife of Aššur-damiq of Tuhpiya, a donkey with its harness (and) separately 3 shekels of silver he owes to Asānum."
"9 ma-na URUDU SIG5 i-li-bi Ur-dim ša i-re-eš kà-ri-im Dur4-hu-mi-iš i-za-zu 1 ma-na URUDU ší-kam i-li-bi4 A-šur-i-dí DUMU Ištar-ba-ni 2 kà-ar-pát kà-mu-né ku-nu-ki-šu 13 ú-kà-pè wa-DÍ-ú-tum mi-ma a-nim ša Ku-li-a","9 minas of refined copper due from Urdum, who serves kārum Durhumit. 1 mina of šikku-copper due from Aššur-idī, son of Ištar-bāni. Two jars of cumin, with his seal, 13 <gap> saddlecloths - all this belongs to Kuliya."
"21 gu5-šu-ru GAL 23 tár-dí-útum 6 le-ú GAL-tum 8 tár-dí-ú-tum","21 large beams, 23 of smaller size; 6 large wooden boards, 8 of smaller size."
"2 ú-kà-pu-ú e-DÍ-ú-tum ša iš-tí Du-du-ú a-na kà-ar-pá-at ú na-bi-it ṭá-áb-tim al-qé-ú ù e-ma-sú-um ša 10 qé-e iš-tí En-um-A-šur DUMU ší-ip-ri-im i-na Té-ga-ra-ma i-ba-ší(I) 1/2 GÍN KÙ./B. ša UTU-ba-ni i-li-bi A-sà-nim 1 GÍN KÙ.B. i-tù-a-ri-šu i-da-šum","2 <gap> saddlecloths which I acquired from Dudū for one jar and a <gap> of salt. And one emāsum with a capacity of ten quarts is with Ennum-Aššur, the son of the messenger, in Tegarama. Half a shekel of silver of Šamaš-bāni is due from Asānum, when he comes back he will give him 1 shekel of silver."
"1/3 ma-na KÙ.[B. x (x)] hi-ri-im ša Puzur2-[x (x)] Na-áb-Sú-in 10 G[ÍN KÙ.B.] ší-im pí-ri-kà-ni 9 GÍN KÙ.B. ša [x x (x)] 7 GÍN KÙ.B. ša [x x (x)] ŠU.NIGIN 1 ma-na 1 x [x x] a-na KÙ.B. [a-nim] 10 GÍN KÙ.G[I x x x] A-šur-ṣú-lu-[li x (x)] 10 GÍN KÙ.GI x [x x] ša ša-ku-ul-ti[m] ŠU.NIGIN 1/3 ma-na KÙ.[GI] ù 1/2 ma-<na> KÙ.B. mì-ma a]-n[im] ku-nu-ki-a Puzur2-Ištar DUMU En-na-nim Za-a[l-pá-i-um] a-na kà-li-[tí-ni?] ú-bi4-il5 IGI A-šur-e-mu-qí DUMU GA-ZA-nim DUB.SAR","1/3 mina of silver [for <gap>] <gap> of Puzur-[<gap>] Nab-Suen, 10 shekels [of silver] the price of pirikannu-textiles, 9 shekels of silver of [<gap>], 7 shekels of silver of [<gap>], in all 1 mina 1+ x [shekels of silver]. For this silver <gap> 10 shekels of gold <gap> Aššur-ṣululī <gap> 10 shekels of gold <gap> for the dinner. In all 20 shekels of gold and 1/2 mina of silver. All this, under my seal, Puzur-Ištar, son of Ennānum, from Zalpa, brought to [our] bride-in-spe. In the presence of Aššur-emūqī, son of GAZānum, the scribe."
"da-a-a-nu dí-nam i-dí-nu-ma 6 GÍN KÙ.B. / ša Kà-áp-sí-a: DAM.MÍ A-lá-bí-im: a-na Bu-ṣí DUMU.MÍ I-dí-IŠKUR ta-dí-nu iš-tù li-mi-im A-šur-i-mi-tí ma-lá-hi-im 1 ma-na-um 1/2 ma-na i-na ša-tim ṣí-ib-tám tù-ṣú-bu a-na KÙ.B. ú ṣí-ba-tí-šu Kà-áp-sí-a .DAM.MÍ A-lá-bi4-im Bu-ṣí DUMU.MÍ I-dí-IŠKUR ta-še-e: A-ki-a DUMU Puzur4-A-šur x UTU-ba-ni DUMU En-na-Sú-in Ma-nu-um-ki-A-šur DUMU A-hu-wa-qar a-wi-lu a-ni-ú-tum da-a-nu","The judges passed the following verdict: The 6 shekels of silver that Kapsiya, wife of Ali-abum, had given to Būṣi, wife of Iddin-Adad, and for which from the eponymy of Aššur-imittī, the boatman, she would add an interest of 1/2 mina per mina per year - for this silver and the accumulated interest on it Kapsiya, the wife of Ali-abum will sue Būṣi, wife of Iddin-Adad. Akiya, son of Puzur-Aššur, Šamaš-bāni, son of Ennam-Suen, (and) Mannum-kī-Aššur, son of Ahu-waqar - these gentlemen were the judges."
"A-ta-ta a-na En-na-Sú-in DUMU Šu-Anim iš-ba-at-ni-a-tí-ma um-ma A-ta-ta-ma: a-ma 3 li-me URUDU ru-ba-um Wa-ah-šu-ša-na-i-um a-[na] ga-ma-ar-tim e-pu-ul-kà: KÙ.B. ší-im-šu a-na a-lim tù-ša-ak-ša-dam me-na-lam: a-ta ta-kà-al: ší-im-tám a-na-ku a-lá-qé um-ma En-na-Sú-in-ma KÙ.B. ší-im URUDU a-na a-lim ù-ša-ak-ša-da-ku-ma [ší]-ma-am: a-ša-a-ma né-ma-lam a-na-ku a-kà-al IGI Na-áb-Sú-in DUMU Pi-lá-ah-Ištar IGI Ma-lik-e-nam DUB.SAR","Atata seized us against Ennam-Suen, son of Šu-Anum and Atata said: ""Look here, 3000 (minas of) copper the ruler of Wahšušana has promised to pay to you as a final settlement. You would see to it that the silver paid for it would reach me in the City. You would enjoy the profit on it and I would obtain the capital sum"". Ennam-Suen answered: ""I would see to it that the silver paid for the copper reaches you in the City and I would make purchases (with it) and the profit (on it) I would enjoy"". In the presence of Nab-Suen, son of Pilah-Ištar, of Malik-ennam, the scribe."
"KIŠIB kà-ri-im Kà-ni-iš a-na Ku-li-a ša-qí-il5 [da]-t[im] ší-ip-ri-ni kà-ar kà-ar-[ma] a-le Sú-kà-li-a DUMU A-šur-iš-ti-kál wa-áš-bu-ni ṣa-he-er GAL","Seal of kārum Kanesh. To Kuliya, the dātu-payer, our messenger, to every single kārum, wherever Sukkaliya, son of Aššuriš-tikal is staying, small and big."
"um-ma kà-ru-um Kà-ni-iš-ma a-na Ku-li-a ší-ip-ri-ni kà-ar kà-ar-ma: a-le Sú-kà-li-a DUMU A-šur-iš-ti-kál wa-áš-bu-ni a-na Sú-kà-li-a qí-bi4-ma AN.NA ša 1 ma-na KÙ.B. iš-tù 2 ša-na-tim ni-dí-na-kum um-ma né-nu-ma ki-ma a-na Wa-ah-šu-ša-na té-ru-bu KÙ.B. iš-tí pá-nim-ma: šé-bi-lam","Thus kārum Kanesh to Kuliya, our messenger (and) every single kārum, wherever Sukkaliya, son of Aššuriš-tikal, is staying. Say to Sukkaliya: ""Tin for a value of 1 mina of silver, we gave you two years ago, with the words: 'Send as soon as you have entered Wahšušana the silver here with the first opportunity.'"
"a-ta kà-ra-am a-na lá kà-ri-im tal-qé-ma KÙ.B lá tù-uš-té-bi4-lam a-ta ma-ga-ra-am ta-le-e kà-ru-um ma-ga-ra-am-ma lá i-le-e ki-ma ṭup-pì-ni ta-áš-me-a-ni a-ki-dim: lá tù-ṣí-a É ub-ri-šu ṣa-áb-ta-ma ku-tù-a-sú ša 1 1/2 ma-na KÙ.B. a-na ma-ah-ri-ku-nu lu-ub-lu-nim-ma","You treated the kārum as if if were not the kārum and failed to send the silver here. It is up to you to comply, the kārum cannot give in!' As soon as you have heard our letter, do not go outside (the colony), seize his quarters and let one distrain property of him worth 1 1/2 mina of silver and let on bring it to you."
"KÙ.B. iš-tí Ku-li-a ší-ip-ri-ni šé-bi4-lá-nim pá-ni a-wi-lim lá tù-ba-lá","Then send the silver with our messenger Kuliya. Have no consideration with the man!"""
"KIŠIB ša-qí-il5 [da-tim] Ku-li-a ší-ip-[ri-im] ša kà-ri-im Kà-ni-i[š] ù kà-ri-im Dur4-hu-mi-it a-na kà-ar kà-ar-[ma] ù wa-ba-ra-ti[m a-dí] kà-ri-[im Kà-ni-iš]","Seal of the dātu-payers, of Kuliya, the messenger of kārum Kanesh, and of kārum Durhumit, to every single kārum and the wabartums, until kārum Kanesh."
"um-ma ša-qí-il5 da-tim Ku-li-a ší-ip-ru-um ša kà-ri-im Kà-ni-iš ù kà-ru-um Dur4-hu-mì-it-ma a-na kà-ar kà-ar-ma ù wa-ba-ra-tim a-dí kà-ri-im Kà-ni-iš qí-bi-ma A-sá-num ší-pár-ni a-na ta-'i-tim a-na kà-ri-im Kà-ni-iš ša-pí-ir a-pu-tum","Thus the 'dātu-payers', Kuliya, the messenger of kārum Kanesh, and kārum Durhumit, say to every single kārum and (all) the wabartums until kārum Kanesh: ""Asānum, our messenger, has been sent to kārum Kanesh to deliver information."
"ki-ma ṭup-pí-ni ta-áš-me-a-ni iš-té-na mu-qá-ri-bé a-na A-sá-num di-na-ma kà-ru-um ana kà-ri-im a-dí Kà-ni-iš lu-qá-ri-bu-šu u4-ma-kál lá i-sà-hu-ur","As soon as you have heard our letter, each of you must give an escort to Asānum and each kārum must escort him to the next, all the way until Kanesh. He must not suffer a delay of even one single day!"""
"a-na Ku-li-a qí-bi4-ma um-ma A-šur-i-mi-tí-ma 2/3 ma-na 4 GÍN KÙ.B. i-na Ša-lá-tù-ar me-eh-ra-tim a-šu-mì A-bi4-ì-lí: ṣú-ha-ri-kà a-dí-na-kum i-na a-wi-tí-ni: šu-ma KÙ.B.-pì A-bi4-DINGIR: lá i-dí-nam 1 ma-na 6 GÍN KÙ.B. ta-da-nam: iš-tù a-lim té-li-a-ma lá ni-na-me-er-ma ta-tù-ar","Say to Kuliya, thus Aššur-imittī: In Šalatuwar I gave you 44 shekels of silver as counter value in the name of your servant Abi-ilī. According to our agreement, should Abi-ilī not have given me my silver, you would give me 66 shekels of silver. When you came up from the City we did not meet and you went back."
"2 ma-na 7 GÍN KÙ.B. ku-nu-ki ša En-na-Sú-in ú Al-pi-DINGIR na-áš-a-ku a-hi a-ta: šu-up-ra-ma KÙ.B. ù ší-a-ma-tí-šu ša ší-ta ha-ra-na-tim lá-al-qé-ma","I carry with me 2 minas and 7 shekels of silver under the seals of Ennam-Suen and Alpilī. Please, my brother, write me that I can take the silver or what has been bought with it during two business trips"
"ú ší-tí KÙ.B.-pì-kà a-šar tù-ša-hi-zi-ni lá-dí-in","and then I will give the rest of your silver where you will instruct me."
"a-na En-nam-A-šur qí-bi-ma um-ma A-lá-hu-um-ma a-hi a-ta a-ma-kam iš-tù a-wa-tù-um i-ba-tù-qú-ni tí-ir-ta-kà li-li-kam-ma a-ma-lá tí-ir-tí-kà le-pu-uš","To Ennam-Aššur from Ali-ahum: My dear brother, send me word there after the matter has been dropped, then I shall act in accordance with your instructions."
"a-ṣé-er ANŠE a-ni-ú-tim 3 ANŠE ù ṣú-ha-ri šé-ri-a a-ma-lá té-er-tí-kà le-pu-uš","Dispatch 3 donkeys and servants in addition to these donkeys. I shall act in accordance with your instructions."
"a-na [...] ù A-lá-hi-im qí-bi-ma um-[ma] En-um-A-šur-ma a-[na] A-lá-[hi-im] [qí]-bi-ma a-dí ša um-[me]-[a-ni ša] [a]-bi-ni tí-ir-tí a-dí [ma-lá] [ù] ší-ni-šu i-li-kà-[kum-ma]","To ... and Ali-ahum from Ennam-Aššur; specifically to Ali-ahum: My messages have come to you a couple of times concerning the investors of our father, that we should clear (the matter);"
"[nu]-za-kà-nim ù a-na [...] [x] ša qá-sú-nu iš-[ku-nu-ni] [i-na] na-áp-tù ha-ra-[nim] ú [x x] i-na wa-ar-ki-tim ki-ma [ṣú]-ha-ru iš-tù Ša-lá-tù-[ar] im-qú-tù-ni-ni-ma KB mì-ma lá ub-lu-ni-ni ú a-[ṣé]-er [x x x] tù-ša-áš-ni-ú [x x x x]-ni um-me-[a]-[...]","also, for ... on which they have laid claim, when the road opens ... Later, as the servants arrived from Šalatuwar and did not bring any silver, and in addition to <gap> you repeated <gap> investors ..."
"ù wa-ar-kà-sà ša ni-ša-me-[ú ...] URUDU i-sà-[ri]-du-šu-ma a-[na] [KB] i-tù-ar a-wa-tum iš-tí Ma-ma-hi-ir i-bi-tí-iq KB [1 GÍN] ša ú-šé-ṣí-ú i-ma-ah-ri-šu-nu a-ša-kán URUDU ša [ri šu] 2 ANŠE.HI.A sa-lá-[mì] [10] i-lá-[tim] ú [ú-nu-sú-nu] Šé-ep-Ištar [i]-ra-dí-a-ku-[nu-tí]","... and its resolution that we shall hear about ... as to the copper, they will pack it for him and it will be exchanged for silver. The matter with Man-mahir has been settled. Every shekel of silver that I have produced, I shall place before them. Šēp-Ištar leads the copper ..., 2 black donkeys, 10 bags plus their harness to you."
"a-[ṣé-er x] ma-na ša a-ma-[kam] [i-za-zu-ni] (erasure) 3 GÚ URUDU KI Ma-ma-hi-ir ša ku-a-tí [x SIG5 ša e-]-zi-ba-ku-nu[-tí-ni]","In addition to x mina which stand there, 3 talents of copper, owed by Man-mahir, that he left with you ... ..."
"a-na [En-um]-A-šur DUMU Šál-ma-A-šur KIŠIB A-[na]-a-na","To Ennam-Aššur son of Šalim-Aššur; sealed by Anna-anna."
"a-na En-um-[A-šur] qí-bi-ma um-ma A-[n]a-na-ma En-na-Sú-in ni-a-um i-li-kam-ma um-ma šu-ut-ma ma-nu-um ki-ma En-um-A-šur a-na-kam wa-ša-áb a-na ṣé-[er] I-tur4-DINGIR ni-lik-ma um-ma En-na-Sú-in-ma a-na I-tur4-DINGIR-ma","To Ennam-Aššur from Anna-anna: Our Enna-Suen came and said: ""Who lives here as Ennam-Aššur's representative?"" We went to Itūr-ilī, and Enna-Suen said to Itūr-ilī:"
"lu-qú-tám ša DAM.GÀR ša iš-tí-a i-lu-k[u-ni] mì-nam ta-am-t[í-ší] šu-ma li-ba-kà iš-tí-[ma] lu-qú-tí-a [x x x D]AM.GÀR [x x x x x x] [x x x x x x] ma [ù] [x x x x] šu a x [x x x x x] ni [x x x x x x x] dí tí-[x x x x x] lá-kà [ [um-ma] a-na-[ku-ma] a-n[a] [En-n]a-Sú-[in]-ma [qá-dí]-m[a] lu-qú-tí-kà ù ša [DAM.GÀR] li-li-ku i-ṣé-er lu-qú-tí-kà","""Why have you forgotten the goods of the merchant that come with me? If you wish, together with my own goods ... the merchant ..."" I said to Enna-Suen: ""Let your goods and those of the merchant go together, in addition to your own goods."""
"um-ma En-na-Sú-in-ma za-[ak]-ru-um ša ki-ma be-lí-ki li-zi-iz-ma ù ší-bé-e lá-áš-ku-ma ù iš-[lí-m]a lu-qú-tí-a li-[li]-ku [a-li]-ku lá a-[...] ša a-na-ku-ma ša ta-áš-pu-ra-ni ša dam-qí-iš [té]-[pu]-ší-ni a-na-kam lá KB 1 m[a-n]a [tí-šu-am] um-ma a-ta-ma [x x] En-um-[...]","Enna-Suen answered: ""A man representing your master should stand up and then I shall set witnesses so that they may go together with my own goods."" Travellers ... ... that I personally ... that you wrote me, that you treated me well, (yet) here you have not 1 mina of silver for me. You said: ""... Ennam-..."""
"um-ma En-um-A-[šur]-ma a-na A-na-a-na qí-bi-ma a-na-kam a-ba-ru-um ša I-tur4-DINGIR ih-li-iq-ma 1 GÍN 15 ŠE KB a-na Ša-lim-bé-lí ṣú-ha-ri-šu a-dí-in a-ma-kam KB Ša-lim-bé-lí li-dí-na-ki-im","From Ennam-Aššur to Anna-anna: Itūr-ilī's lead has been lost here, and I gave 1 shekel 15 grains of silver to Šalim-bēli, his servant. Let Šalim-bēli give you the silver there."
"a-pu-tum a-ma-kam lu a-ba-ba-tí lu a-na É be-tí-a lá ta-ša-li-ṭí a-wa-tí ša Ì-lí-dan I-dí-A-šur ù Šu-Ištar al-té-qé ha-ra-ni a-ta-lá-kam a-dí En-na-Sú-in ša-li-ma šu-ma iš-tù A-lim i-ta-ṣa-am úz-ni pé-té-a","Urgent, do not act rashly there with regard to either the outstanding claims or my house. I have accepted the proposal of Ili-dan, Iddin-Aššur and Šu-Ištar. I shall come on my trip. Ask about Enna-Suen, and inform (plural) me if he has left the City."
"um-ma A-šur-DÙG-[ma] a-na A-na-na [qí]-bi-ma 16 GÍN [KB] ša tù-šé-bi-lá-ni ší-[im] li-bi4-šu šu-ut-ma iš-a-am la iš-e-li sà-áp-tí-nu-um i-na ra-mì-ni-a ú-ba-la-am","From Aššur-ṭāb to Anna-anna: As to the 16 shekels of silver that you sent me, he made purchases after his own will without asking me. I personally bring you a saptinnu."
"a-na E[n-nam-A-šur qí-bi-ma] um-ma A-n[a-a-na-ma] 2 TÚG Lá-qé-e[p ...] 1 ma-na 10 G[ÍN ...] wa-ta-ar-tá[m ...] al-qé 1 ma-n[a ...] Ha-ta-a-ah-šu [x] [...] KB qá-at [x] [...] TÚG ku-sí-tim [...] al-qé 12 GÍN [...] Ki-kà-ar-ša-a[n ...] i-na KB a-[...] 2/3 ma-na [x] [a-na ma-lá] tí-ir-tí-kà a-n[a ...] ni-dí-in [...]","To Ennam-Aššur from Anna-anna: 2 textiles Lā-qēp ... 1 mina 10 shekels ... extra I received. 1 mina ... Hatahšu ... silver ... a robe ... I received. 12 shekels ... Kikaršan ... of the silver ... 2/3 mina ... in accordance with your message we gave to ... ..."
"am-tám áš-[...] 10 GÍN [...] áš-qú[l ...] ṭup-pí-šu-nu [...] KB a-na 8 [...] áš-qúl 1 1/2 GÍN K[B a-na] lu-bu-ší-šu ša E-[...] áš-qúl 1 GÍN KB a-[na ...] ší-na ha-ni 2 GÍN [...] 1 1/2 GÍN a-na sà-hi-[ir-tim] 2 2/3 GÍN a-na [x] [...] ù ša dí-du-ti[m ...] 1/3 GÍN a-na tí-ib-[nim]","the maid ... 10 shekels ... I paid ... ... their tablets ... I paid ... silver for 8 ... 1 1/2 shekel of silver for the clothes of E-... I paid. 1 shekel of silver for two ...; 2 shekels ...; 1 1/2 shekel for small goods; 2 2/3 shekels for ... and of the fibula ... 1/3 shekel for straw ..."
"KB ša i-na-[...] am-ta-hu-ru a-n[a ...] zi-tí-kà ù qá-[...] 1 ma-na KB ah-[...] iš-tù tí-ir-ta-[kà] i-li-kà-ni [...] KI Ku-ša-ra a-n[a ...] al-qé-ma [...] i-na I[TI ...] KB a-[...] ù ra-[...] ša 1 [2/3] ma-na 5 GÍN KB ni-ib-[bu-lu] KB KI pá-ni-im-ma šé-bi4-[lá]-ma a-na Ku-ša-ra lá-áš-qúl ṣí-ib-t[um] lá i-ma-id","The silver that I have received of ... ... of your share ... 1 mina of silver ... After your message arrived ... ... I received from Kuššara and ... ... in the month ... silver ... ... that we owe 1 2/3 mina 5 shekels of silver; send the silver as soon as possible so I can pay to Kuššara. The interest must not increase."
"a-na [Ma-nu]-ki-A-šur ù A-n[a-a-n]a qí-bi-ma um-ma En-[um-A]-[šur]-ma 1 1/2 m[a-na KB] ú 5 GÍN GUŠKIN ku-[nu]-ki-a a-na šé-er I-tur4-DINGIR Ša-lim-ar-dí na-ší a-na ma-lá [...] [Ša-lim-ar-dí] I-tur4-DINGIR","To Mannum-kī-Aššur and Anna-anna from Ennam-Aššur: Šalim-wardī brings 1 1/2 mina silver and 5 shekels of gold under my seal to Itūr-ilī. In accordance with ... Šalim-wardī Itūr-ilī ..."
"e-[...] ṭù-ur-da-n[i-im ...] ú-qá-a ú a-na [ú-ṭí]-tí-a ih-da-ma ma-lá [x t]a [...] lu ú-ṭá-tum e[-x x] [x] [...] úz-ni pé-té-a a-[na] [A-]na-a-na qí-bi-[ma] ša-am-nam [ṭ]á-i-bi ù a-na mì-ma ša áš-pu-ra-ki-ni ku-un-ki-ma iš-tí Ša-lim-ar-dí šé-bi4-li-im","... send to me ... I await it. Also take care with my grain and in accordance with ... both the grain ... Inform me. To Anna-anna: Make the oil sweet; also, seal all that I write you about and send it with Šalim-wardī."
"ú a-dí ša Lá-qé-ep [...] [šu]-up-ri-im a-Ma-nu-ki-[A-šur] [q]í-bi-ma ší-im ṣú-ba-tí-k[à] [i]-na a-lá-ki-a ú-[ba]-[al]","Also, write me about the affair concerning Lā-qēp. To Mannum-kī-Aššur: I shall bring the proceeds from your textiles when I arrive."
"a-na Ma-nu-ki-A-šur ù A-na-na qí-bi-ma um-ma En-um-A-šur-ma 1 ṭup-pá-am ša ba-áb DINGIR ša 9 1/2 ma-na 3 GÍN KB ša ší-bu-tí A-lu-lá-a ù Lá-qé-ep ù 1 ṭup-pu-um ša 5 GÚ URUDU ša hu-bu-ul Ku-ra ku-nu-ki-a","To Mannum-kī-Aššur and Anna-anna from Ennam-Aššur: Under my seal, 1 tablet from the Gate of the God concerning 9 1/2 minas 3 shekels of silver, with the testimony of Alulaya and Lā-qēp, plus 1 tablet concerning 5 talents of copper from Kura's debt."
"A-kà-li ÌR ša A-šur-ma-lik na-áš-a-ku-nu-tí a-ma-kam iš-tí A-na-na li-ib-ší-ú a-ma-kam Im-ra-mu-ša a-na ba-áb-tim ša Tù-um-li-a-i-im li-hi-id","Akali, Aššur-malik's slave, is bringing them to you. Let them remain there with Anna-anna. There Ewarimuša should take care of the outstanding claims of the man from Tumliya."
"5 GÚ URUDU iš-tí Ku-ur-zi-a ù Šu-Ni-sà-ba iš-tù ha-mu-uš-tim ša A-bi-ì-lí a-na 4 ha-am-ša-tim i-ša-qú-lu","5 talents of copper is owed by Kurziya and Šu-Nisaba. Reckoned from the week of Abi-ilī they are to pay within 4 weeks."
"šu-ma lá iš-qú-lu ki-ma a-wa-at kà-ri-im ṣí-ib-tám ú-ṣú-bu ITI.KAM A-lá-na-tim li-mu-um A-al-DÙG","If they have not paid (in time) they are to add interest according to the rule of the colony. Month Allanātum, eponymy Ali-ṭāb."
"3 GÚ 23 ma-na URUDU iš-tí Ì-lí-iš-ta-kál","3 talents 23 minas of copper is owed by Iliš-tikal;"
"5 GÚ URUDU iš-tí Ku-ra u4-mu-šu 1 ITI.KAM e-tí-qú","5 talents of copper is owed by Kura. His terms are overdue by 1 month."
"4 GÚ URUDU KI A-šur-i-mì-tí iš-tù ha-mu-uš-tim ša Ku-lu-uk-lu a-na 3 ha-am-ša-tim i-ša-qál šu-ma l[á i]š-qúl ki-ma [a-wa-at] [kà]-ri-im ṣí-ib-tám ú-[ṣa-á]b ITI.KAM ša sà-ra-tim li-mu-um ša [i]-[qá]-tí [A-al-DÙG] il5-qé-ú","4 talents of copper is owed by Aššur-imittī. Reckoned from the week of Kuluklu he is to pay within 3 weeks. If he has not paid (in time) he is to add interest according to the rule of the colony. Month Ša-sarrātim, eponymy he who took over from Ali-ṭāb."
"ša mì-ma a-we-li a-ni-ú-tim ṭup-pì-šu-nu ha-ru-mu-tim a-na A-ta-ta DUMU LUGAL-Sú-in e-zi-ib IGI A-šur-i-mì-tí IGI A-al-DÙG IGI Ah-ša-lim DUMU I-dí-Ištar","With respect to all these men I have left their certified tablets with Atata son of Šar-Suen. Witnessed by Aššur-imittī, by Ali-ṭāb, by Ah-šalim son of Iddin-Ištar."
"a-na [...] um-ma A-b[i-...] KI Ku-ra a[l-qé ...] Ku-ur-zi-a [...] [4] GÚ KI A-šur[-i-mì-tí] [2 +] 1 GÚ 23 m[a-na URUDU iš-tí] [ì]-lí-iš-tí-k[ál ...]","To [Ennam-Aššur] from Abi-...: I received ... from Kura. ... Kurziya ... 4 talents owed by Aššur-imittī. 3 talent 23 minas of copper owed by Iliš-tikal."
"[A-mu]r-A-šur ù A-ta-[a] [...] [ha]-bu-lá-ZU-um 20 ma-na ší-im ku-ta-nim ša A-bi-ì-lí i-li-bi4-a","... Amur-Assur and Ataya ... I owe to you. 20 minas, the proceeds from Abi-ilī's kutānu is in my possession."
"8 1/2 ma-na KI A-bi4-ì-lí ŠUNIGIN 18 GÚ 50 1/2 ma-na [URUDU] ba-a-áb-tám té-zi-ba-am","8 1/2 minas owed by Abi-ilī. In all: you left me 18 talents 50 1/2 minas of copper as outstanding claims."
"ŠÀ.BA 2 1/2 GÚ KI Ku-ra al-qé 2 GÚ KI A-šur-i-mì-tí al-qé 2 GÚ 17 ma-na iš-tí Ì-li-iš-tí <kál> al-qé 1 GÚ KI A-mur-A-šur al-qé 1 GÚ 38 ma-na iš-tí Ku-ur-zi ù Šu-Ni-sà-ba al-qé","Of that I received 2 1/2 talents from Kura, 2 talents from Aššur-imittī, 2 talents 17 minas from Iliš-tikal, 1 talent from Amur-Aššur, 1 talent 38 minas from Kurzī and Šu-Nisaba –"
"ŠUNIGIN 9 GÚ [25] ma-na URUDU ša [i-ba-]a-áb-tí-kà al-qé-ú ù a-na-ku 36 ma-na ú-ra-dí-ma 10 [GÚ 1] ma-na a-na Pu-ru-[u]š-h[a-d]í-e áš-qú-ul","In all 9 talents 25 minas of copper that I received from your outstanding claims. Also, I personally added 36 minas and I paid 10 talents 1 mina to the men from Purušhaddum."
"35 m[a-na ...] Šu-mì-a-bi-[a] [...] 30 ma-na [...] a-É kà[-ri-im ...] ma-áš-hi-l[i ...] i-li-[bi ...] 2 ma-na [...] sà-nu-[qí-im ...] a-na [...] la x [...] ù [...] me [...] a-[...] x [...]","35 minas ... Šumi-abiya ... 30 minas ... for the office of the colony ... ... ... 2 minas ... ..."
"[ú-šé]-ṣa-ma KB ša DAM.GÀR-ri-im ú-[ša-áš-qá-al]-ma ší-tí URUDU-kà a-KB [ú-ta-ar] a-na URUDU ša Pu-šu-ki-in ù [x x] tí-šu a-KB a-da-an-ma a-ta-be-a-ma a-ta-lá-kam","I shall lead out and I shall have the silver of the merchant paid, and convert the rest of your copper to silver. As to Pūšukēn's copper and his ... I shall sell it for silver, set out and leave."
"a-na Ma-nu-ki-A-šur Na-áb-Sú-in A-na-na ù Da-ra-áš qí-bi-ma um-ma En-nam-A-šur-ma 1 ma-na KB ṣa-ru-pá-am ku-nu-ki-a 30 ma-na URUDU SIG5 ku-nu-ki-a 2 ší-ta a-ma-tim ú 2 ší-na ṣú-hu-ur-ší-na i-na mì-ma a-nim a-na hu-bu-li-im ša Da-ra-áš qá-tí A-lu-lá-a","To Mannum-kī-Aššur, Nab-Suen, Anna-anna and Daraš from Ennam-Aššur: As to the 1 mina of refined silver under my seal, 30 minas of good copper under my seal, 2 slave-girls plus their 2 children – Alulaya has laid claim to all this for Daraš's debt."
"ša-ak-na-at KB ù URUDU ku-nu-ki-a Ša-ta-na na-áš-a-ku-nu-tí a-ma-tim ú ṣú-hu-ur-ší-na a-na É bé-tí-a Da-ra-áš lu-šé-ri-ib-ma KB iš-tí Ma-nu-ki-A-šur li-ib-ší-ma","Šāt-Anna brings you the silver and copper under my seal. Let Daraš bring the slave-girls and their children into my house, and let the silver remain with Mannum-kī-Aššur;"
"a-ma-tim ba-tí-iq ú-tù-ur dí-na-ma 1 ma-na-am ša-ni-am KB Da-ra-áš li-iš-qú-lá-ku-nu-tí-ma ù KB ku-nu-ki-a Ma-nu-ki-A-šur i-na KB a-mu-ri-im lu-kà-in-ma iš-té-ni-iš","sell the slave-girls at the best available price, and let Daraš pay to you another mina of silver, and then Mannum-kī-Aššur must confirm the silver under my seal among the checked silver;"
"ša 2 ma-na KB ší-ma-am ša ba-lá-ṭí-šu ša Kà-ni-iš a-tù-nu ù Da-ra-áš ší-ta-a-ma-ma pí-ri-kà-nu a-šar Ma-nu-ki-A-šur-ma le-ru-bu ú KB áš-ra-kam-ma","for in all 2 minas of silver you and Daraš must make a purchase in Kanesh that will benefit him, and the pirikannus (you buy) should enter Mannum-kī-Aššur's (house). Then, have the silver paid in the same place."
"ša <áš> qí-lá a-dí pí-ri-kà-nu-um lá e-ru-ba-ni KB 1 GÍN a-na Da-ra-áš lá tù-ša-ra pí-ri-kà-ni ša ta-ša-a-ma-ni lu-sa-ni-iq-ma a-šar Ma-nu-ki-A-šur li-ib-ší-ú a-dí a-lá-kà-n[i] lá tù-ša-ra-šum","As long as a pirikannu has not entered, do not release a single shekel of silver to Daraš. He must check the pirikannus that you buy, and let them remain with Mannum-kī-Aššur. Do not release them to him until I come."
"ú-ku-[ul]-[tí] [a]-ma-tí šu-a-tí i-na dí-[na]-ni Da-ra-áš lu-ma-li ib-da","Also, I shall pay up the food of the slave-girls as a substitute for Daraš. Take care!"
"um-ma En-um-A-[šur-ma a-na] Lá-qé-pí-im ù A-[na-a-na] a-na A-na-a-na qí-bi4-ma a-dí 10 iš-ri-šu áš-pu-ra-ki-im um-ma a-na-ku-ma ba-áb-tí za-ki-a-ma a-dí [a-lá-]kà-ni ší-lá-tum lá i-ba-ší","From Ennam-Aššur to Lā-qēpum and Anna-anna; specifically to Anna-anna: I have written you 10 times, saying: ""Clear my outstanding claims so there will be no wrongdoing until I come."
"ú KB 1 GÍN li-im-bu-ri a-tí ki-ma ša-pá-ri-ma úz-ni-a pá-ta-im tí-ir-tí-ki ma-tí-ma ú-lá i-lá-kam 1 ma-na 15 GÍN [KB] ú ṣí-ba-tù-šu i-dí ša [Ha]-pí-ah-šu 1 ma-na 10 GÍN ú ṣí-[ba-tù-šu]","So, every shekel of silver should come my way."" However, you, instead of writing and giving me information – no message from you ever comes. 1 mina 15 shekels of silver and its interest is the wages of Happiahšu; 1 mina 10 shekels and its interest"
"iš-tí Ta-ar-hi-š[a]-[an] [...] 1/2 ma-na 5 GÍN K[B] ú 18 GÍN ṣí-[ba-tù-šu iš-tí] Al-wa ša [...i] [x x x a]l [...] [x x x x] KB 20 [...] [...] [x x x x] ú 7 [...] [KB] a-[ṣí-ib]-lí-šu-n[u ...] [x] na-ru-uq ŠE [...] e-zi-ib [ša] DUMU U[š-ha-ta] [x] da [x x] tí iš-tí [...] [x x x d]a-tim [...] [x x x] dí-na-šu b[i x x x] a","is owed by Tarhišan; ... 1/2 mina 5 shekels ... plus 18 shekels, his interest, owed by Alwa ... ... ... silver ... ... ... silver for their interest x sacks of barley ... apart from that of Ušhata's son ... ... ..."
"[a-na] [ṣé]-[er a]m-tí-a áš-ta-pá-ra-ni [ša li-bi] tám-kà-ri-a lu KB [lu ú-]ṭá-[tám] ša-áš-qí-lá ša lá-a i-ša-[qú]-lu ma-na-um 1/2 ma-na sá-[as]-[me-]ra-šu-nu-tí za-ku-sà ma-lá KB ta-[am]-hu-ra-ni šu-up-ra-nim-ma úz-ni pí-té-a","I have written repeatedly to my maid, that you should have the claims on my customers, both the silver and the grain paid. Who does not pay, calculate for them 1/2 mina per mina and write me a report about how much silver you have received and inform me."
"a-na Lá-qé-ep qí-bi-ma a-na-ku ú a-ta a-ta-ah-wa-ni iš-tù ITI.KAM A-lá-na-tim KB ša i-ṣé-ri-kà i-šu-ú iš-tù Pu-ru-uš-ha-dim i-na e-ra-bi4-kà-ma tù-šé-ba-l[am šu-ma] a-ta [KB] a-NIM tù-uk-ta-ṣí-da-n[i ṣ]í-ib-tám ú-lá a-ga-mì-il5-kà","To Lā-qēp: I and you are indeed brothers. From the month Allanātum – as to the silver you owe me, when you arrive from Purušhaddum you will send it to me. If you delay this silver, I shall not be lenient towards you with the interest."
"15 1/2 ma-n[a x] GÍN KB a-ha-ma 1/2 ma-na 3 GÍN i-[x x]-ma i-ri-ha gám-[ra] [...] a-na am-tí-[a] [...]","15 1/2 minas x shekels of silver, and further 1/2 mina 3 shekels ... is left. ... to my maid ..."
"um-ma En-um-A-šur-ma a-na Lá-qé-ep ù A-na-na qí-bi-ma mì-šu ša ṣú-ha-ru-a a-dí u4-mì-im a-nim a-ma-kam wa-á[š-b]u-ni ù a-na-ku a-šu-mì-šu-nu a-na-kam sà-ah-ra-ku-ni","From Ennam-Aššur to Lā-qēp and Anna-anna: Why have my servants stayed there until this day, so that I am delayed here because of them?"
"a-pu-tum ih-da-m[a] ṣú-ha-ri-a tù-ur-da-nim","Urgent, take care to send me my servants."
"a-na Lá-qé-ep qí-bi-ma a-[hi a]-ta i-na a-lá-ki-a li-bi lá i-ma-ra-ṣa-kum a-ma-lá [té-er-tí-a] ša iš-tí [ṣú-ha-ri-a] [i-lá-kà-ni] [x x KB] [x x x x] [x ku ù]","To Lā-qēp: My dear brother, so that I do not get angry at you when I arrive, ... in accordance with my message that arrives with my servants ... ..."
"a-dí a-lá-kà-ni ku-nu-ku-kà-ma iš-tí-ša li-ib-ší-ú ù a-na KB ša ba-ba-tí-a ih-da-ma ba-ba-tí-a za-ki-a-ma KB lu ša-li-iṭ-ma iš-tí-ša-ma li-bi-ší","let them remain with her under your seal until I arrive; also, take care with the silver from my outstanding claims and clear my claims so that the silver is at hand and let it be with her."
"a-dí a-lá-ki-a lu ú-ṭá-tám lu e-ṣí ša nu-a-e pá-bi-ra ší-lá-tum lá i-ba-ší","Collect both grain and firewood from the Anatolians before I come. There must be no misconduct."
"a-ša-me-ma [E]n-na-Sú-in iš-tù A-lim [e]-li-am šu-ma ke-na-ma [e-]li-am za-ku-sà a-na [mì-ma] [tí]-ir-tí-a iš-tí ba-tí-qí-im šu-up-ra-nim-ma úz-ni pè-té-a","I hear that Enna-Suen has come up from the City. If he has really come up, send me a report concerning all my merchandise ordered with an express caravan to inform me."
"ù šu-ma I-tur4-DINGIR e-ki-ip-ma ba-ra-šu a-na [A-]lim i-ta-lá-ak i-na [x x]-ri A-lim šu-up-ra-nim-ma lá-tal-kam","Also, if Itūr-ilī is about to go or has already gone to the City, then write me ... of the City so I can come."
"a-na Ku-ku-zi-a Lá-qé-ep ù A-na-a-na qí-bi-ma um-ma En-um-A-šur-ma a-ma-la ú-ša-hi-zu-ku-nu-[tí]-ni šu-ma A-lu-wa ù A-šé-e iš-tù Ha-na-ak-na-ak i-ta-ṣú-nim ma-lá KB [ú-šé-ri-ú-ni-ni] pí-ri-kà-[ni] na-ar-bu-tim","To Kukuziya, Lā-qēp and Anna-anna from Ennam-Aššur: As I instructed you, if Aluwa and Aše'e have left Hanaknak, then buy soft pirikannus for what silver they conduct;"
"ú-lá ší-ma-am ša ki-ma ta-da-ga-[lá-ni-ma] KB 1 GÍN e-li-ú ša-ma-ma a-dí a-lá-[kà-ni] ší-mu-um li-[ib]-[ší] ha-ra-ni i-ṣé-er [hu]-ur-ší-a e-ku-nu li-li-ik","or make the best purchase you can see will realise every shekel of silver, and until I come the purchase should remain. I am on my way. Keep an eye on my store-room."
"[um-ma I-ku-pí]-[a-ma] a-na [En-nam-A-šur L]á-qé-[pí]-im [x x x A-na]-a-na [ù Šu]-x (x) [qí-bi-ma x x x] AN.NA [x x x x] šu-[ma] [(x x)] [x x x x] AN.NA [x x] i-[x x x x] KB ša a-dí-[...]","From Ikūn-piya to Ennam-Aššur, Lā-qēp, ... Anna-anna and Šu-...: ... tin ... ... tin ... silver ..."
"20 m[a-na AN.NA] ša-a-ma-[nim] [ù] 40 ma-[na AN].NA ša l[i-bi-kà] ra-dí-ma [iš-té-]ni-iš 1 GÚ [AN.NA] šé-bi-[lam A]N.NA lu [ù] [...]","buy 20 minas of tin for me and add 40 minas of tin in your possession and in all send me 1 talent of tin. The tin should ..."
"40 ma-na [AN].NA ša li-bi-kà En-nam-A-šur li-ik-nu-uk AN.NA ša a-tù-nu ta-ša-a-ma-ni a-tù-nu [iš]-tí-šu ku-un-kà","Ennam-Aššur should seal the 40 minas of tin in your possession. The tin that you purchase yourselves, you personally must seal it together with him."
"a-na ší-tí KB-pí-a TÚG.HI.A ša Ta-al-ha-at ša-ma-nim šu-ma ša Ta-al <ha> -at lá-šu ší-ma-am ša ba-lá-ṭí-a ša-ma-nim","Buy textiles from Talhat for the rest of my silver. If there are none from Talhat, then make a profitable purchase for me."
"a-hu-ú-a a-tù-nu ih-da-ma dIM-pí-lá-ah ṭur4-da-nim a-na En-nam-A-šur qí-bi-ma a-na ša ú-na-[hi]-[du] a-hi a-ta i-hi-id-ma ṣú-ha-ri ṭur4-dam","My dear brothers, take care to send me Adad-pilah. To Ennam-Aššur: Pay heed to what I instructed you to do, my dear brother, and send my servant."
"a-na A-bi4-ba-áš-tí Ma-nu-ma Bé-lí-a ù En-um-A-šur qí-bi-ma um-ma En-um-A-šur ù A-na-na-ma a-na A-bi-ba-áš-tí qí-bi-ma 2 ší-ta i-lá-tim ša ša-na bi-lá-tim ù 9 i-lá-tim ša bi-lá-a ŠUNIGIN 11 i-lá-tum 13 GÚ URUDU ma-sí-um ša-pí-ik-ma","To Abi-baštī, Mannumma, Bēliya and Ennam-Aššur from Ennam-Aššur and Anna-anna; specifically to Abi-baštī: 2 leather bags of two talents each, and 9 leather bags of one talent each, in all 11 leather bags of (in all) 13 talents. The washed copper had been packed, and"
"ku-nu-ki-ša A-na-a-na am-tí ta-áp-qí-id-ki-im a-ha-ma 1 iš-té-et i-lá-am ku-nu-ki-a wa-ar-kà-num ub-lu-ni-ki-im","my maid Anna-anna entrusted it to you (fem.) under her seal. Moreover, later they brought you one leather bag under my seal."
"ú 45 ma-na URUDU SIG5 ša A-ba-ba i-dí-na-ni ku-nu-ki-a a-na En-um-A-šur e-zi-ib a-na-kam KB-áp-šu ša-bu-ú-at","Also, the 45 minas of good copper that Ababa gave me I left under my seal for Ennam-Aššur. Here she has been paid its price in silver."
"URUDU-i-a 14 GÚ 45 1/2 ma-na i-na 13 i-lá-tim ku-nu-ki-ni a-na A-bi4-ba-áš-tí ù En-um-A-šur me-er-i-ki","We left my copper, 14 talents 45 1/2 minas in 13 leather bags, under our seals, for Abi-baštī and your son Ennam-Aššur."
"né-zi-ib a-dí tù-a-ar té-er-tí-ni a-hu-a a-tù-nu i-na ša-am-ší ṣú-ha-ru-a e-ru-bu-ni-ni URUDU sà-ni-qá-ma URUDU i-na i-lá-tim ma-ah-ri-ku-nu li-iš-ku-nu-ma a-na A-bi-ba-áš-tí","Until our message is answered – my dear brothers – the very day my servants enter, you must check the copper and they should place the copper in the bags in front of you, and my servants should bring it to Abi-baštī under your seals."
"ku-nu-ki-ku-nu ṣú-ha-ru-a lu-ub-lu-nim ú qú-ul-qú-li li-it-bu <lu> -nim u4-ma-kál lá i-bi4-tù ib-da-ma tur-da-ni-šu-nu","Also, let them take away the qulqullus. They should not spend one night. Take care and send them!"
"a-na Ša-at-A-na [Lu]-lu-ú ù Na-zi qí-bi-ma um-ma A-na-na-ma šu-ma Lu-lu-ú ù Na-bi-dEN.LÍL iš-tù Za-al-pá i-li-ku-nim ṣa-áb-ta-šu-nu-ma 2/3 ma-na 2 GÍN KB ša-áš-qí-lá","To Šāt-Anna, Lulu and Nazi from Anna-anna: If Lulu and Nabi-Illil have come from Zalpa, then seize them and make (them) pay 42 shekels of silver."
"lá a-kà-ša-dam li-bi4 lá i-lá-mì-in","I should not arrive here and get angry."
"šu-ma Ša-ba-na-tum DAM Ku-zi-zi-a a-na Wa-ah-šu-ša-[na] ta-ta-lá-ak na-ru-[uq] ŠE-am 1 UDU ta-dí-na-ší-[im] iš-tù KB 2/3 [ma-][na] Lu-lu i-ša-[qú-lu] ší-im UDU 3 [GÍN] li-dí-nu-ni-ku-nu-tí","If Šabanātum, Kuziziya's wife, wishes to leave for Wahšušana, (and) you have given her a sack of barley (and) a sheep, (then) after Lulu pays the silver, at least 40 shekels, they should give you 3 shekels, the price of a sheep."
"um-ma En-um-A-šur-ma a-na Ša-ta-na qí-bi-ma a-na-ku a-na ṣé-er Ì-lí-dan a-na Ku-bu-ur-na-at e-tí-iq-ma wa-ar-ki-tí-ma Ma-ma-hi-ir a-ša-tám e-ta-ha-az","From Ennam-Aššur to Šāt-Anna: I have personally travelled to Ili-dan in Kuburnat, and after I left Man-mahir has taken a wife in marriage."
"a-na Dur4-hu-mì-it a-šu-mì-ki e-tí-iq-ma a-wa-tám ni-kà-ša-ad","I shall travel to Durhumit for your sake, and we shall settle the matter."
"a-pu-tum a-pu-tum iš-tù qá-sú pá-ni-a-at-ni ih-dí-ma KB 1 GÍN i-šu qá-tí-ki lu ša ṣú-ha-ar-tim ša-ṣí-ri-ma i-na qá-tí-ki-ma li-ib-ší","Urgent, urgent, since he is about to act, do take care and guard every shekel of silver that you have available, as well as those of the girl, and keep it in your own hand."
"ú-lu E-ra-dí KB-áp-šu 20 ma-na lu 30 ma-na ṣa-áb-tí-ma BI-ZA-šu ta-mì-i-ma","Or, as to Erradi, seize his silver, whether 20 or 30 minas and make (him) swear in order to bind him and then when I arrive I shall personally advise you."
"ù i-na a-lá-ki-a a-na-ku a-ma-li-ki a-pu-tum ša-ṣí-ri ú li-bi4-ki mì-ma lá i-lá-mì-in a-na-ku x x-tí ú-bi-il5-ki [t]a-ha-ší-hi-šu-ma li-dí-nu-ni-ki","Urgent, guard it! Also, do not get angry in any way. I myself brought you ... If you need it they may give them to you."
"[a-n]a En-nam-A-šur [qí]-bi-ma um-ma Ša-ta-na-ma 30 ma-na URUDU SIG5 ku-nu-ki-a A-lu-ú-a na-áš-a-ku-[um] a-ma-kam ma-lá ta-le-e-ú a-na KB ta-[e]-er-ma","To Ennam-Aššur from Šāt-Anna: Aluwa brings you 30 minas of good copper under my seal. Convert it to silver there as best you can."
"[a-na En]-nam-A-šur qí-bi-ma um-ma Ša-ta-na-ma 2 ma-na 12 1/2 GÍN KB ša a-dí-na-ku-ni a-hi a-ta be-lí a-ta ší-ma-am [e-]pu-uš-ma iš-tí [a-li-]ki-im pá-ni-im-ma [šé-bi-l]am","To Ennam-Aššur from Šāt-Anna: As to the 2 minas 12 1/2 shekels of silver that I gave you, my dear brother, my dear lord, carry out the purchase yourself and send it with the very first transport."
"[x] [lá] ša ku-lu ša aq-bi4-a-ku-ni lu TÚG-ba-tí lu AN.NA ša-dí-šu-ma šé-bi4-lam","... which I promised you, have him sell the textiles and the tin and send (the silver)."
"a-na En-um-A-šur ù SIG5-pí-A-šur a-na SIG5-pí-A-šur qí-bi-ma um-ma Ša-ta-na-ma 10 GÍN KB ṣa-r[u-pá-am] a-na ší-a-m[a-tim] a-dí-na-kum","To Ennam-Aššur and Damiq-pī-Aššur; specifically to Damiq-pī-Aššur from Šāt-Anna: I gave you 10 shekels of refined silver for purchases."
"3 ša-lá-ší-šu qá-dum ša ha-r[a-an] A-lim ha-ra-nam [ú]-[qá] a-ma-kam [KB] ú ší-a-ma-tí-šu a-[na] En-um-A-šur šu-[qúl]","Three times I waited for the caravan together with those on the road to the City. Pay the silver or the goods bought with it there to Ennam-Aššur."
"a-na Dam-qá-a qí-bi-ma um-ma Ša-at-A-na-ma 10 GÍN KB ša a-dí-na-ku-ni ta-áš-pu-ra-ma um-ma a-ta-ma iš-tí ša bé-ú-lá-tí-a ší-ma-am áš-a-ma a-na Pu-ru-uš-ha-dim ú-šé-bi-il5","To Damqaya from Šāt-Anna: You wrote concerning the 10 shekels of silver that I gave to you, saying: ""I made purchases together with the money from my working capital and sent it to Purušhaddum."""
"ší-ma-am ša té-pu-šu a-na A-lim ṭá-ba-tum-ma <šé-bi-lam> a-hi a-ta ú a-na-ku ga-ma-al-kà a-le-e","Be so kind as to send the purchase you made to the City, for you are my brother and I can do you favours."
"[um-ma Lá-ma-s]í-ma [a-na En-nam-]A-šur [ú A-lá-h]i-im qí-bi4-ma [a-][bu]-ni-i i-mu-ut [x x]-ma mu-ut En-na-A-[šur] [x x x] [x]-ma-lik","From Lamassī to Ennam-Aššur and Ali-ahum: Our father has died. ... the death of Ennam-Aššur ... ...-malik"
"um-ma Lá-[ma-sí-ma] a-na En[-um-A-šur] qí-bi-ma mì-[šu-um] na-áš-pè-ra-[tí-kà] a-na a-bi-kà [lá ta-ša-pá-ar] A-lá-hu-um [...]","From Lamassī to Ennam-Aššur: Why is it that you do not send your messages to your father? Ali-ahum will not ... that I write to him."
"a-ša-pu-[ru]-šu-n[i ...] lá i-mu-a [šu-ma] li-bi-k[à ...] ú ma-lá [...] 2/3 GÍN [...] mì-š[u ...] tù-lá-p[í-tù ...] ša a-bi-k[u-nu...] a-na ṣé-[er ...] ša a-hi-bi-[lu ...] [ta]-at-ru-d[u ...] [x]-tim tù-l[i-...] [x x x] ša t[ù-...] [x x x K]B [...] [x x]-nim š[a ...] [m]ì-šu-um i-na [x] [ší]-im pu-ru-ú [É] [a]-bi-ni ta-áš-ku-un [x x] a-bi4-kà e-ṣa-ma ku-a-a-tum","If you please, ... ... ... 2/3 shekels ... Why ... that you write ... concerning your (plur.) father ... to ... that I have become indebted for ... that you sent ... ... ... ... Why have you denounced our father's house in ...? Is your father's ... your own affairs are so small!"
"a-na En-nam-A-šur [ù] A-lá-hi-im qí-bi-ma u[m-ma] SIG5-pí-A-šur-ma 10 ma-n[a AN.NA] ku-nu-ki-a E-ni-iš-ta-ru-[um] [ub-lá-ku-]nu-tí 1 TÚG [SIG5] A-[lu]-[a] ub-lá-ku-[nu-tí]","To Ennam-Aššur and Ali-ahum from Damiq-pī-Aššur: Eništārum brought 10 minas of tin under my seal to you. Aluwa brought you 1 fine textile."
"a-h]u-a a-[tù-nu] KB ší-im [AN.NA-ki] ú [ší-im] ṣú-ba-tí-a šé-bi-[lánim]-ma gi-mì-lá-am i-[na] ṣé-ri-a","My dear brothers, send me the proceeds in silver from the tin and my textiles and thus do me a favour."
"šu-uk-na mì-li-ik lu-qú-tim ša tám-kà-ri-im","Take a decision concerning the merchant's goods."
"mì-il5-kà [i-na] dUTU-ší Ú-ṣú-ur-ša-Ištar e-ra-ba-ni na-áš-pé-ra-tim ší-ta-[me-a-ma] [ú]-[ma]-kál lá i-sà-hu-u[r] iš-tí-in i-na ṣú-h[a-ri-ku-nu] ša ki-ma qá-qí-dí-ku-nu iš-tí-[šu] ṭù-ur-da-ni-ma a-ni-tám lá a-ni-tám tí-ir-ta-ak-nu li-li-kam-ma ù tí-ir-[ta-ku-nu] a-na tám-kà-ri-im","Hear the missives the very day Uṣur-ša-Ištar arrives, and without a single day's delay send with him one of your servants, whom you trust like yourselves, and write me whether it is so or not, and only then send word to the merchant."
"li-[i-]k[à-a]m tám-kà-ru-um a-na pá-ni-a i-da-gal ih-da lá ta-ša-lá-ta","The merchant is relying on me. Take care, do not act rashly."
"[a-na En]-nam-A-šur [ù A]-lá-hi-im qí-bi-ma [um]-ma SIG5-pí-A-šur-ma me-at 60 ṣú-ba-tù ša tám-kà-ri-im ŠÀ.BA 20 LÁ 1 ṣú-ba-tù-kà","To Ennam-Aššur and Ali-ahum from Damiq-pī-Aššur: As to the 160 textiles belonging to the merchant, thereof 19 are your textiles."
"mì-li-ik lu-qú-tim «tim» mì-il5-kà ṣú-ba-tù SIG5 DIRI ša tám-kà-ri-im","Take a decision concerning the goods. The textiles of extra-fine quality belong to the merchant."
"a-hu-a a-tù-nu KB ší-im a-ni-ki-a ša E-ni-iš-ta-ru-um ub-lá-ku-nu-tí-ni a-na pá-ni-a šé-bi4-lá-nim","My dear brothers, send me the silver that was the proceeds of my tin which Eništārum brought to you."
"E-ni-iš-ta-ra-am lá i-sà-hu-ur tù-ur-da-ni-šu-ma [u]z-né-kà id-a [sà-he-e]r-tám ša 5 GÍN [KB šé-b]i-lá-ni-im","Eništārum should not be delayed, send him and listen closely. Send me small goods worth 5 shekels of silver."
"[E-ni-iš-ta]-ra-am [x x x-A]-šur [x x x] x-im i-tal-kam [x x x] ri-im-ni a-ar-tám [x x sà-]he-er-tám šé-bi4-lá-nim","Eništārum ... ...-Aššur ... has come ... of our ... cowrie-shell ... send me small goods."
"[a-na] En-nam-A-šur [ù A-l]á-hi-im qí-bi4-ma [um-m]a SIG5-pí-A-šur-ma [a-l]i-ku a-na Bu-hi-[tar] [i]k-šu-du-ni-a-tí-m[a] [a-š]u-mì DUMU Sá-da-a [ú-]ša-il5 ú-mu-[...] [x] A-lu-um [...] [x x] lu ú [x] [...] [a-n]a A-li-i[m...] [i-]li-ku-ma š[u...] [a-n]a 6 ITI.KAM [...] [ú-]kà-sú-ú-n[i ...] [x Šal]-ma-A-šur [x i-]li-ku-ni-im [x x x]-im Sá-da-a [x x x]-ra-am","To Ennam-Aššur and Ali-ahum from Damiq-pī-Aššur: Travellers reached us at Buhitar(?) and I questioned (them) concerning the son of Sadaya. ... the City ... ... they went to the City and ... they will bind ... for 6 months ... ...Šalim-Aššur ... they came ... Sadaya ..."
"a-na En-nam-A-šur [ù A-lá]-hi-im qí-bi4-ma um-ma SIG5-pí-A-šur-[ma] a-[hu]-a a-tù-nu a-dí ma-lá ù ší-ni-[šu] té-er-tí i-[l]i-kà-ku-nu <tí> i-na [ṣú-ba-tí] ša tám-kà-[rí]-im ṣú-ba-tù [an-hu-][tù-]um i-ba-ší-[ú]","To Ennam-Aššur and Ali-ahum from Damiq-pī-Aššur: My dear brothers, once or twice I have sent word to you. Among the textiles belonging to the merchant there are some old textiles."
"i-hi-id-ma [(x x)] mì-li-ik ṣú-ba-tim mì-il5-kà [1 TÚG SIG5] A-lu-a na-áš-[a-ku-n]u-tí","Do take a decision concerning the goods. Aluwa is bringing you 1 fine textile."
"a-ma-kam iš-tí ší-im AN.NA-ki-a [KB] šé-bi4-lá-ni-ma ša tám-kà-ri-[im] mì-il5-kà","There you should send me silver together with the proceeds from my tin, thus doing me a favour. ...take a decision concerning the textiles belonging to the merchant."
"a-na En-nam-A-šur ù A-lá-hi-im qí-bi4-ma um-ma SIG5-pí-A-šur-ma 1/2 ma-na LÁ 1 GÍN KB ù sà-hi-ir-tám ku-nu-ki-kà na-ki-ru-um ub-lam","To Ennam-Aššur and Ali-ahum from Damiq-pī-Aššur: The nākirum brought me 29 shekels of silver and small goods under your seal."
"[10] ma-na [KB] A-ni-na [ú] [E]-ni-iš-[ta-ru]-um ub-lá-ku-nu-tí KB","Annina and Eništārum brought you 10 minas of silver."
"ša [tù-šé-bi]-lá-ni a-na ni-ip-[lá-tí]-a [á]š-ta-qal ú-mu-ú er-ša-sú-ma ILLAT kà-al-a-at","The silver you sent me I have paid to cover my balance payments. The weather ... and the caravan has been stopped."
"a-hu-a a-tù-nu i-na lu-qú-tim ša tám-kà-ri-im ṣú-ba-[tù] [an]-hu-tù-um [i-]b[a-ší-ú] ih-da-ma mì-li-ik lu-qú-tí-im mì-il5-kà","My dear brothers, among the goods of the merchant there are some old textiles. Take care and decide about the goods."
"a-hu-a a-tù-nu KB ší-im AN.NA [x] šé-bi-lá-ni-ma [KB]-pí-(x) i-na ṣé-ri-a šu-uk-na a-dí tí-ir-ta-ak-nu i-lá-kà-ni ri-iš lu-qú-tim ú-kà-al","My dear brothers, send me silver, the proceeds from the tin, and deposit my silver to my debit. I hold on to the goods until your orders arrive."
"[a-na En-nam]-A-šur ú A-lá-hi-im [qí-bi-ma um-m]a SIG5-pí-A-šur-ma [a-dí ma-lá ú] ší-ni-šu tí-ir-tí [i-li-kà-ku-n]u-tí a-na En-nam-A-šur [qí-bi-ma ta-áš]-pu-ra-am um-ma a-ta-ma","To Ennam-Aššur and Ali-ahum from Damiq-pī-Aššur: Once or twice I sent word to you. Say to Ennam-Aššur: You wrote me, saying:"
"[ṣú-ba-tu ša D]AM.GÀR i-na [Ma-a-ma] ú i-na Ú-ni-ip-ší-im [e-zi-ib-ma] ILLAT-tum [x x x š]u 1 GÍN-im [i-nu-mì] ILLAT-tum i-na Ur-šu [i-m]a-ri-ú tí-ir-tí [i-li-]kà-ku-nu-tí um-ma a-na-ku-ma","Leave the textiles belonging to the merchant in Mamma or in Unipsum, and ... the caravan ... 1 shekel. When the caravan was slowed down in Uršu, I sent word to you, saying:"
"[x x-]ik lu [x-i]n [x x] ša mì [il5] [tí-ir-t]a-ku-nu-ma ú-lá [...]-tí [...]-ú-tim","... ... your message and ... ..."
"[x x x š]a DAM.GÀR [x x x ní]m ki-ma [hi-i]n-ṭá-tim ša DAM.GÀR [áš-m]e-ú a-ší-a-tí na-áš-pé-ra-tim [ša] DAM.GÀR ša A-lim ša na-áš-a-ku-nu-tí-ni [Pu]zur4-Ištar na-áš-a-ku-nu-tí","... of the merchant ... As I heard the heated words of the merchant, that is why Puzur-Ištar is bringing you the missives from the merchant in the City that I was to bring to you."
"[a-hu-]ú-a a-tù-nu [i-ša-]am-ší na-áš-pé-ra-tim [ta-áš-]me-a-ni [ih-da]-ma a-ma-lá [na-áš-pé-r]a-tim ep-ša-ma [úz-ni ša D]AM.GÀR pé-té-a [x x x] tám-kà-ri-im [x x x x l]u-qú-tum [x x x x]-at be-lu-a [x x x x] lá tù-ša-lá","My dear brothers, take care, the very day you hear the missives, you must act in accordance with the missives and inform the merchant. ... of the merchant ... goods ... my lords ... do not question."
"um-ma En-um-A-šur-ma a-na SIG5-pí-i-A-šur qí-bi-ma i-na pá-ni-tim-ma áš-pu-ra-kum um-ma a-na-ku-ma šu-ma ILLAT-at-kà i-sà-ri-dam ù a-ta qá-dí-ma ILLAT-tí-kà sí-ir-dam-ma","From Ennam-Aššur to Damiq-pī-Aššur: I wrote to you earlier, saying: ""If your caravan is being packed, then you too should pack together with your caravan,"
"lu-qú-tám ša DAM.GÀR ša ta-ra-dí-ú TÚG.HI.A SIG5-tim bi-ir-ma i-na Ma-a-ma ú-lá i-na Ú-na-ap-sé e-zi-ib-ma","and choose textiles of good quality from the goods of the merchant that you are leading, and leave them in Mamma or in Unapse,"
"ší-tí TÚG.HI.A ma-tí-ú-tim lu i-na ša DAM.GÀR i-ba-ší-ú lu ša bé-ú-lá-tí-kà ù-lu i-na ša bé-ú-lá-at ṣú-ha-re-e i-ba-ší-ú qá-dí-ma tap-pá-e-kà a-na É.GAL-lim le-ru-bu-nim","and the rest of the less good textiles – both from what remains of the merchant's and from your own working capital and from the working capital of the servants – should enter the palace together with your partners."""
"a-ni na-ab-ri-tum i-na Ur-šu i-ṣa-ba-at-ku-nu ki-ma ku-pá-um ma-du-ni a-na lu-qú-ut DAM.GÀR-ri-im ša ki-ma qá-qí-dí-a ú-lá áš-tap-ra-am","Now, winter has caught you in Uršu. Since there is a lot of snow I have not sent anyone on whom I could rely for the goods of the merchant."
"i-na na-áp-tí-ir ku-nu-tí ù a-na-ku ú-lá ša ki-ma qá-qí-dí-a a-ta-ra-dam-ma mì-li-ik lu-qú-tim ša DAM.GÀR","When you are released (from the cold), then I shall send either myself or someone I can rely on, and I shall take a decision about the merchant's goods."
"a-ma-lik mì-šu ša ta-áš-pu-ra-ni um-ma a-ta-ma tí-ir-tí DAM.GÀR hi-mì-tum i-li-kam","Why did you write, saying: ""A heated letter from the merchant came."""
"a-na-ku sà-ah-ra-ku-ma a-na lu-qú-tim ša DAM.GÀR mì-li-ik-ša ma-lá-kam lá a-al-té-e ba-a-nim i-a-tí ta-ša-pá-ra-am","I have personally been delayed and been unable to take any decision about the merchant's goods. Come on, it is to me you write!"
"a-pu-tum ri-iš lu-qú-tim ša DAM.GÀR ša-ṣí-ir ú a-ma-lá tí-ir-tí-kà [um]-ma a-ta-ma ṣú-ba-tù [an]-hu-tum i-ba-ší-ú a-pu-tum i-na dUTU-ší ša ṭup-pí ta-ša-me-ú i-na hu-ur-ší-im ša ib-ri-im a-[ta] ù Ì-lí-áš-ra-ni TÚG.HI.A kà-lá-šu-nu-ma na-pí-ša-ma 3 u4-me-e ú 5 u4-me-e li-ib-ší-ú-ma","Urgent, guard the goods of the merchant; and with regard to your message where you said: ""There are some old textiles"" – urgent, the very day you hear my letter you and Ili-ašranni should air all of the textiles in the store-room of a friend, and leave them for 3 or 5 days before you turn them over."
"šu-ta-áb-lá-ki-da-šu-nu ma-ma-an ša-ni-am lá tù-ṭá-ha-a a-dí 10 u4-me-e lá ta-ha-ta-ar","Do not let anyone else approach (them). Do not hesitate for 10 days!"
"a-ṣé-er E-ni-ša-ri-im a-dí AN.NA-ki-kà Ú-ṣú-ur-ší-Ištar áš-ta-pá-ar","I have sent Uṣur-ši-Ištar to Eništārum concerning your tin."
"iš-tù Za-al-pá i-tù-ru-nim-ma A-lá-ha-am a-ṭá-ra-dam 1/2 ma-na ṣa-ru-pá-am ú ša 3 GÍN sà-hi-ir-tám ku-nu-ki-a Ili5-tù-ra-am ú-šé-bi4-lá-kum","When they come back from Zalpa, I shall send Ali-ahum. I sent Ili-tūram to you with 1/2 mina of refined silver and small goods worth 3 shekels under my seal."
"15 GÍN KB [ší-im] TÚG-tí-kà Id-na-a ú A-lu-a na-áš-ú-ni-[kum e-]ma-ru-kà lu ak-lu","Idnaya and Aluwa are bringing you 15 shekels of silver, the proceeds from your textile. Your donkeys should be fed."
"um-ma tám-k[à-ru-um-ma] a-na En-n[am-A-šur] SIG5-pí-A-šur ù [A-lá-h]i-im qí-bi-ma a-hu-[a] [a-tù-nu] KB 1 GÍN lu i-[na ba-]áb-[tim] tal-qé-a lu i-n[a lu-q]ú-tí-a iz-k[u-a]-ma SIG5-pí-A-šur a-n[a p]á-[ní]-a ṭù-ur-da-nim","From the merchant to Ennam-Aššur, Damiq-pī-Aššur and Ali-ahum: My dear brothers, as for every shekel of silver you have received from my outstanding claims or that has been cleared from my goods – send Damiq-pī-Aššur to me (with it)."
"a-d[í x x x] i-na ša-am-[ší] [ṭup-p]í [ta-ša-m]e-a-n[i] [ṭù]-ur-d[a-šu i-n]a pá-ni-tim [x x] ga x [tám-kà-r]i-im [KB] 1 GÍN [tù-šé]-ṣí-a [ù] i-na lu-qú-tim","Send him the very day you hear my letter! Earlier ... of the merchant ... you realised every shekel of silver, and silver was cleared for me from my goods."
"KB iz-ku-a-am KB tù-ša-[aṣ]-bi-ta-ma a-ma-lá n[a-áš]-pé-er-tim ša tám-kà-[rí]-im lá tù-ša-as-ha-ra-ni","You have had the silver seized, and in accordance with the message from the merchant you must not delay me."
"ha-ra-na-am [dí]-na-ni-ma li-ba-am a-n[a] tám-kà-ri-im dí-na-ma a-me-[ru] u4-me-šu lá i-ma-i-du","Arrange a caravan trip for me and encourage the merchant, so his ill-wishers will not multiply."
"um-ma SIG5-pì-[A-šur]-m[a] a-ma me-eh-ra-at na-áš-pè-er-tim [š]a na-áš-a-ku-ni ú-za-ku-nu","Damiq-pī-Aššur said: ""Now, I have informed you about the copy of the missive that I am bringing."""
"ap-té a-hu-a [a-tù]-nu i-hi-da 1 1/3 m[a-na A]N.NA i-na [...] [q]á-tí-a a-na E-ni-iš-t[a-ri-im] [a]-dí-in","My dear brothers, take care – 1 1/3 mina of tin from ... at my disposal I gave to Eništārum."
"um-ma Bé-li-a-ma a-na En-um-A-šur ù Lá-qé-ep a-na Lá-qé-ep qí-bi-ma 8 ma-na KB ṣa-ru-pá-am ni-is-ha-sú DIRI ša-du-a-sú ša-bu KB ša DAM.GÀR ša a-na ší-a-ma-tim IGI DÙG-a-hi ù I[GI Lá-]qé-ep DUMU MAN-[ša-du]-e","From Bēliya to Ennam-Aššur and Lā-qēp; specifically to Lā-qēp: As to the 8 minas of refined silver – its import duty added, its transport tariff paid – silver belonging to a merchant, that I gave you for purchases with Ṭāb-ahi and Lā-qēp son of Puzur-šadū'e as witnesses –"
"a-dí-na-ku-ni tám-kà-ru-um En-um-A-šur lu-qú-tám ma-lá ta-áš-a-ma-šu-ni a-na En-um-A-šur DUMU Ša-lim-A-šur dí-in-ma tí-ir-ta-ku-nu le-zi-ba-am","the merchant is Ennam-Aššur. Any goods you have bought for him you must give to Ennam-Aššur son of Šalim-Aššur, and let him leave me a message from you (plural)."
"a-na A-mur-dUTU A-šur-DÙG ù Lá-qé-pí-im qí-bi-ma um-ma En-um-A-šur-ma 22 GÚ SÍG.HI.A ku-nu-ki-a 94 maš-ki 10 ANŠE.HI.A ṣa-lá-mì ú ú-nu-sú-nu mì-ma a-nim Ša-lim-ar-dí ù Šé-ep-Ištar i-ra-dí-ú-ni-ku-nu-tí","To Amur-Šamaš, Aššur-ṭāb and Lā-qēp from Ennam-Aššur: 22 talents of wool under my seal, 94 fleeces, 10 black donkeys and their harness – all this Šalim-wardī and Šēp-Ištar lead to you."
"a-ma-kam ša-áp-tám ú maš-ki i-hu-ur-ší-im pí-ih-a-ma ṣú-ha-ri ṭù-ur-da-nim","Lock the wool and the hides in the store room there and send me the servants."
"bé-tám e-li-am ku-nu-ki-a pé-té-a-ma i-na ta-ma-lá-ki-im 1/2 ma-na KB a-mu-ra-am ú 1 ma-na URUDU SIG5 ku-un-kà-ma","Open the upper storey sealed by me, and seal in the tamalakku-container 1/2 mina of checked silver and 1 mina of good copper;"
"ú 1 TÚG tí-sà-ba-am SIG5 ú-tù <ur-> tám ša a-na li-tab-ší-a A-šur-DÙG iq-bi-a-ni a-na ší-mì-šu A-šur-DÙG li-dí-na-ku-nu-tí-ma iš-tí KB a-na ṣú-ha-ri dí-na-ma lu-ub-lu-nim","also, Aššur-ṭāb should give you for sale 1 tisābu-textile of extra-fine quality which he promised me for my clothing, and then give it together with the silver to the servants so they may bring it."
"[ú-ma-kál] lá i-bi-tù ú du-ug-li uṣ-ra-šu-nu-tí bi-tám i-na ku-nu-ki-ku-nu ku-un-kà","They should not rest a single night. Also, as to the duglu-implements, guard them. Seal the house with your own seals."
"a-na En-um-A-šur qí-bi-ma um-ma Lá-qé-ep-ma 22 GÚ SÍG.HI.A Šé-ep-Ištar ù Ša-lim-ar-dí ú-sá-ni-qú-ni-a-tí ù 94 maš-[ki] im-nu-ú","To Ennam-Aššur from Lā-qēp: Šēp-Ištar and Šalim-wardī checked 22 talents of wool for us, and they counted 94 fleeces."
"[1/2] ma-na KB ku-nu-ki-ni a-ma-lá tí-ir-tí-kà Šé-ep-Ištar ú Ša-lim-ar-dí na-áš-ú-ni-kum ú 10 ANŠE ṣa-lá-mì ú ú-nu-sú-nu i-ra-dí-ú-ni-kum","In accordance with your instructions Šēp-Ištar and Šalim-wardī bring you 1/2 mina of silver. They also lead 10 black donkeys and their harness to you."
"1 ma-na «na» URUDU a-n[a] [qá]-tí-šu-nu ni-[dí]-in","We gave 1 mina of copper for their expenses."
"22 GÚ SÍG.HI.A 94 maš-ku 10 ANŠE.HI.A ṣa-lá-mu a-ha-ma 12 ú-kà-pu ša qá-ra-bi-tim ú ú-nu-sú-nu mì-ma a-nim ku-nu-ki-a a-na Ša-lim-ar-dí ù Šé-ep-Ištar áp-qí-id","22 talents of wool, 94 hides, 10 black donkeys, further 12 saddle-cloths from inside the house plus their harness – all this under my seal I entrusted to Šalim-wardī and Šēp-Ištar."
"a-ha-ma 8 GÍN AN.NA 40 sí-pá-ra-tim 10 šé-ni-in ša ṣú-ùh-ri-im [lu] ša si-ni-iš-tim 8 ma-ar-šu 10 mu-uš-ṭá-tum 2 ša ta-as-kà-ri-ni 50 ki-bu-na-nu ša 1/3 G[ÍN] e-ba-du-ni 6 ku-li-ta-nu ú ša 1/3 GÍN du-ug-li mì-ma a-nim a-na qá-tí-šu-nu a-dí-in","Further, 8 shekels of tin, 40 bronze pins, 10 pairs of shoes, for children and for women, 8 straps, 10 combs (2 of boxwood), 50 kibunānus, epattum worth 1/3 shekel, 6 kulitānu-vessels and for 1/3 shekel duglu – all this I gave for them to dispose over."
"a-na A-lu-lá-a Dan-A-šur ù Lá-qé-ep qí-bi-ma um-ma En-um-A-šur-ma 1 1/2 ma-na KB ṣa-ru-pá-am 3 1/6 GÍN KÙ.GI ša áb-ni-šu ku-nu-ki-a 20 UDU.HI.A 1 GUD.HI.A ù 1 ṣú-ub-ra-am mì-ma a-nim Ša-lim-bé-lí ù E-wa-ri-mu-ša i-ra-dí-a-ku-nu-tí","To Alulaya, Dan-Aššur and Lā-qēp from Ennam-Aššur: 1 1/2 mina of refined silver, 3 1/6 shekels of gold dust under my seal, 20 sheep, 1 ox and one slave – all this Šalim-bēli and Ewarimuša lead to you."
"KB iš-tí am-tí-a ku-nu-ku-a li-ib-ší ú e-me-ri ú al-pá-am dí-na-ma KB-áp-šu-nu lu ša-li-iṭ","Let the silver stay with my maid under my seal, but sell the sheep and the ox, and the silver for them should be available."
"1 ma-na 15 GÍN KB ú ṣí-ba-sú iš-tí En-na-nim mu-ša-ri-dim","1 mina 15 shekels of silver plus its interest is owed by Ennānum, the mušāridu;"
"3 GÚ 35 ma-na URUDU ma-sí-um iš-tí Bé-lí-a 2/3 ma-na 5 GÍN KB KI Ha-ta-ah-šu 10 GÍN iš-tí I-lá-li-iš-kán","3 talents 35 minas of washed copper is owed by Bēliya; 2/3 mina 5 shekels of silver is owed by Hatahšu; 10 shekels is owed by Ilališkan, the smith."
"na-pá-hi-im a-hu-a a-tù-nu u4-mu-šu-nu e-ta-at-qú KB ša-áš-qí-lá-šu-nu","My dear brothers, their terms are overdue. Make them pay the silver."
"9 GÍN KB KI Šu-Ištar ni-a-i[m ša] [ki-]ma Ṣí-lá-bi4-im KB iš-tù Ha-na-ak-na-ak uš-té-bi4-lam i-ku-nu-ki-šu li-ib-ší ša","9 shekels of silver is owed by our own Šu-Ištar, Ṣill-abum's representative; he has sent me the silver from Ḫanaknak. Let it stay under his seal."
"1 1/2 GÍN KB sà-he-er-tám li-il5-qé-ú-nim","Let them take small goods worth 1 1/2 shekels of silver."
"a-na En-um-A-šur qí-bi-ma um-ma Lá-qé-ep-ma En-na-nu-um ú a-na-ku a-na hu-ur-ší-kà né-ru-[ma] ṭup-pì-kà ú ší-pá-ri-[kà] nu-šé-ṣí-ma i-na É I-tur4-DINGIR","To Ennam-Aššur from Lā-qēp: Ennānum and I entered your storeroom and brought out your tablets and your bronze (objects) and left them in Itūr-ili's house."
"né-zi-ib 1 1/2 ma-na [KB] ú 3 GÍN 22 1/2 ŠE GUŠKIN ša i[š-t]ù Kà-tí-lá E-r[a]-mu-ša ub-lá-ni i-na [qá]-qí-dim ša a-bi5-kà En-na-ah-ì-lí ú a-na [KB] ku-nu-ki-kà ni-[x]-ma 1 1/2 ma-na [KB]","1 1/2 mina of silver and 3 shekels 22 1/2 grains of gold that Ewarimuša brought from Katila from the capital of your father Enah-ili, also for the silver under your seal, we have ... and we have booked 1 1/2 mina of silver."
"ni-il5-pu-ut 3 ṣú-ub-ru-um ša a-na Ša-lim-bé-li ta-dí-nu-ni ŠÀ.BA 1 ṣú-ub-ru-um a-šu-mì Kà-tí-lá-i-im","As to the three slaves that you gave to Šalim-bēli, of them one slave has been taken as security because of the man of Katila."
"kà-tí ú-mu-um li-ṭí-bu-ma ra-dí-a-am iš-tí na-gi-ir a-lim «a-lim lu» le-ri-iš-ma a-ma-at-kà i-ta-ru-ú-ni","(When) the weather improves let him ask for a guide from the town herald so they will bring along your maid."
"1 ṣú-ba-ar-kà i-ha-ra-nim me-et ṣú-ub-ra-am i-na ha-ra-nim a-na 1/3 ma-na 4 GÍN KB i-dí-šu 4 GÍN KB i-li-bi4 Ša-lim-bé-li","Your one slave died on the road. He sold a slave on the road for 24 shekels of silver. 4 shekels remain in Šalim-bēli's possession."
"a-hu-ur ša 1 5/6 ma-na 2 GÍN KB.BE 9 LÁ 1/4 GÍN ni-iš-a-ma-ku <-um> 16 ma-na AN.NA na-áš-ú-ni-kum a-ha-ma 1/2 ma-na KB ú 4 na-ru-uq ar-ša-tum ga-me-er","For 1 5/6 mina 2 shekels (of tin), in silver 8 3/4 shekels, we bought it for you. They bring you 16 minas of tin. Further, 1/2 mina of silver and 4 sacks of wheat have been spent."
"a-na En-um-A-šur qí-bi-ma um-ma Lá-qé-ep-ma a-na-ku ú En-na-num a-na É hu-ur-ší-kà né-ru-ma UD.KA.BAR-kà ù ṭup-pì-kà nu-šé-ṣí-ma i-na É I-tur4-DINGIR i-ba-ší-ú mì-ma li-ba-kà lá i-pá-ri-id","To Ennam-Aššur from Lā-qēp: I and Ennānum entered your storeroom and brought out your bronze and the tablets, and they are in Itūr-ili's house. Do not worry at all."
"ú Ša-lim-dA-šur ik-ri-ba-am pu-ta ú pu-i bu-ma-ni a-na A-lim ha-ra-ni ek-pá-at","Also, Šalim-Aššur ... the votive offering ... My journey to the City is approaching."
"šu-ma KB a-na qá-tí-kà ma-qí-it KB a-na ṣé-er ša ki-ma ku-a-tí šé-bi4-lá-ma li-ip-qí-du-ni-šu-ma ú lá-ag-mì-il5-kà","If any silver has fallen into your hands, send it to your representatives so they can sell it on credit and I can do you a service."
"šu-ma KB i-na qá-tí-kà lá ma-qí-it a-ni-tám lá a-ni-tám tí-ir-ta-kà li-li-kam e [a]-ta-lá-ak-ma li-ba-kà e tù-lá-mì-nam i-bi-id-ma tí-ir-ta-kà li-li-kam","Send me word whether or not any silver has fallen into your hands. If I do not depart, do not be angry with me. Take care to send me word."
"um-ma I-ku-pí-a-ma [a-na] En-um-A-šur [I-dí]-a-bi-im ù Lá-qé-ep [qí]-bi-ma 10 ma-na KB ku-nu-ki-a En-um-A-šur na-áš-a-ku-nu-tí","From Ikūn-pīya to Ennam-Aššur, Iddin-abum and Lā-qēp: Ennam-Aššur brings you 10 minas of silver under my seal."
"a-ṣé-er 40 ma-na AN.NA ša En-um-A-šur ú-šé-ba-lá-ni ú [i-na] [K]B-pí-a ša [2] ma-na [AN].NA-ak-šu a-ṣé-[er] [m]a-na-im [ša]-a-ma a-dí [x ší-]mì ta-ša-a-ma-ni AN.NA na-ší-ra-ma","In addition to 40 minas of tin which Ennam-Aššur will send, add my silver and buy worth 2 minas of his tin - in addition to the one mina, and until you will make purchases for me ..., set aside the tin and send it as soon as possible."
"iš-tí pá-n[i-i]m-ma šé-bi-lá-ni[m] a-dí [a-lá]-ak ṣú-ha-ri-a [ší-tí] KB-pí-a sà-[áp]-tí-ni [x-bi] SIG5 ša Tal-ha-a[t] [pì-ri-kà-ni] na-ar-bu-[tim] ší-m[a-am] ša ba-lá-ṭí-a ša-ma-ni[m-ma] šé-bi-lá-nim","Until my servant arrives, with the rest of my silver make a profitable purchase of good saptinnus from Talhat, (and) soft pirikannu and send them to me."
"[e]-ma-ri-š[u] a-na [x (x)] i-[šá]-tim iš-tí tám-kà-[rí]-a[í] ú [...] a-n[a ...] ih-da-[ma ...]","His donkeys ... ... per year together with my customers ... ... take care ..."
"um-ma I-ku-pì-a-ma a-na En-um-A-šur La-qé-pì-im I-dí-a-bi4-im ù dIM-pí-lá-ah qí-bi4-ma 10 ma-na KB ṣa-ru-pá-am En-um-A-šur ub-la-ku-nu-tí","From Ikūn-pīya to Ennam-Aššur, Lā-qēpum, Iddin-abum and Adad-pilah: Ennam-Aššur has brought you 10 minas of refined silver."
"ša 2 ma-na (erasure) KB AN.NA SIG5 ša-ma-nim-ma a-ha-ma ku-un-kà-ni-šu ša ší-tí KB ší-ma-am ša ba-lá-tí-a ša-ma-nim","Buy good tin for 2 minas of silver and seal that separately. For the rest of the silver make a profitable purchase for me."
"a-na En-um-A-šur qí-bi4-ma 40 ma-na AN.NA SIG5 i-li-bi4-kà a-hi [a]-ta AN.NA dá-mì-iq-ma iš-tí a-li-ki-im pá-ni-e-ma šé-bi4-la-nim","To Ennam-Aššur: You owe 40 minas of good tin. My dear brother, send me the tin with the first transport as a favour to me."
"a-hu-a a-tù-nu ih-da-ma ṣú-ha-ri lá i-sà-hu-ur 1/3 ma-na 3 GÍN KB ṣa-ru-pá-am Sú-sà-a DUMU Šu-ki-tim ha-bu-lam ITI.KAM ša ke-na-tim a-30 u4-me i-ša-qal","My dear brothers, take care that my servant is not delayed. Susaya son of Šukkutum owes me 1/3 mina 3 shekels of refined silver; from the month Ša-kēnātim he is to pay in 30 days;"
"li-mu-um Bu-zu-ta-a a-na ṣí-ib-tim i-lá-ak-šu-um ṭup-pá-am ša ší-bi4-a ša ba-áb DINGIR ú-kà-al KB ú ṣí-ba-sú ša-áš-qí-lá-šu","eponymy Buzutaya. It draws interest from him. I hold the tablet with my witnesses from the Gate of the God. Make him pay the silver and its interest."
"šu-ma mì-ma KB ù ṣí-ba-sú li-dí-na-ku-nu-tí-ma da-na-sú li-iq-bi4-a-ku-nu-tí šu-ma lá i-ta-ah-ba-lam","If there is any silver and its interest then let him give it to you, even though he may raise objections to you. If he (pretends that he) has not become indebted to me,"
"ṭup-pè-a pè-té-a-ma ta <-ah> -sí-sà-tim ša šu-mì I-ri-ší-im lá-áp-tù šé-bi4-lá-nim","then open my tablets and send me the memoranda written in the name of Erišum."
"ṭup-pá-am ša I-ku-pí-Ištar i-li-bi4 ṭup-pì-a šu-uk-na-ma ù 4 a-tù-nu ku-un-kà DUB ša 2 1/2 ma-na KB ša šu-mì tám-kà-ri-im wa-du-ú En-um-A-šur er-ša-ma šé-bi4-lá-nim","Place the tablet of Ikūn-pi-Ištar among my tablets and after that you four must seal. Ask Ennam-Aššur about a tablet concerning 2 1/2 minas of silver where the creditor's name has been declared, and send it to me."
"a-na I-ku-pí-a qí-bi-ma um-ma En-nam-A-šur I-dí-a-<bu->um ú Lá-qé-pu-ma a-na 10 ma-na KB-pí-kà ša tù-šé-bi-lu-ni [2 2/3] ma-na 5 GÍN K[B] a-na 9[0] pì-ri-kà-n[ì] na-ar-bu-tim ni-i[š-qú-ul]","To Ikūn-pīya from Ennam-Aššur, Iddin-abum and Lā-qēpum: Concerning the 10 minas of your silver that you sent, we paid 2 minas 45 shekels of silver for 90 soft pirikannūs;"
"2 5/6 ma-na LÁ 1 GÍN KB <a-na> 28 sà-áp-tí-ni ni-iš-qú-ul 1 ma-na 6 GÍN KB a-na 2 ANŠE.HI-e ni-iš-qú-[ul]","we paid 2 minas 49 shekels of silver for 28 saptinnus; we paid 1 mina 6 shekels of silver for 2 donkeys;"
"2/3 ma-na KB a-na ra-qí-tim ú a-bar-ni-im ni-iš-qú-ul 6 GÍN KB a-na ší-na pá-li-le-en 1/2 ma-na ša-du-at KB-pí-kà kà-ru-um il5-qé","2/3 mina of silver we paid for a thin textile and an Abarnian one; 6 shekels of silver for two palīlus; the colony took 1/2 mina, the transport tariff on your silver."
"ŠUNIGIN 1 me-at 22 TÚG.HI.A lu pí-ri-kà-nu lu sà-áp-tí-ni a-bar-ni-am ú ra-qá-tám 2 ANŠE.HI.A ṣa-lá-mu-ú mì-ma a-nim ku-nu-ki-ni dIM-pí-lá-ah na-áš-a-ku-um","In all: 122 textiles, pirikannūs, saptinnus, an Abarnian and a thin one, and 2 black donkeys – Adad-pilah is on his way to you with all this under our seal."
"[i]-na 1/3 ma-na KB ša <ta-> dí-nu-šu-ni ŠÀ.BA 18 GÍN ú-ṭá-áb-ni-a-tí 3 1/2 GÍN a-na sá-hi-ir-tí-šu 1 1/2 GÍN ú-nu-ut ANŠE.HI.A 1/2 GÍN a-na ší-ta na-ru-qá-tim 1 GÍN a-dí UDU.HI.A ša ta-áš-pu-ra-ni","Of the 1/3 mina of silver that you gave him, thereof he satisfied us with 18 shekels. 3 1/2 shekels were for his small goods, 1 1/2 shekels for the donkey harness, 1/2 shekel for 2 sacks, 1 shekel concerning the sheep you wrote about."
"[um-m]a I-ku-pì-a-ma a-na [Ib]-ni-lí Bu-ur-A-šur ù En-nam-A-šur qí-bi4-ma 14 TÚG ku-ta-ni A-šur-ba-ni a-na a-ša-at Šu-Ištar DUMU Šu-ku-tim ku-nu-ki-šu e-zi-ib-ku-nu-tí-ma ṣú-ba-tí lu ta-dí-na","From Ikūn-pīya to Ibni-ili, Būr-Aššur and Ennam-Aššur: Aššur-bāni left 14 kutānu-textiles for the wife of Šu-Ištar son of Šukkutum under his seal with you and you were to sell the textiles."
"a-ma-lá ta-le-e-a-ni dí-na-šu-nu-ma KB le-qé-a-ma KB ku-un-kà-ma É be-et iš-té-en i-na ba-ri-ku-nu li-ib-ší","Sell them as well as you can and take the silver, seal the silver and let it remain in a house belonging to one of you."
"a-hu-a a-tù-nu [...] ṣú-ba-tí-a [...] a-na En-nam-A-šur qí-bi4-ma a-na 1/3 ma-na KB [e-mu-qú-um] na-dí a-na 13 GÍN KB a-nu-qú-um ša KÙ.KI ù 1 kà-[sú-um] ša KB na-dí a-na 4 1/4 GÍN KB sú-pá-nu-um na-dí","My dear brothers, ... of my textiles ... To Ennam-Aššur: For 1/3 mina of silver an emūqum was deposited; for 13 shekels of silver one golden ring and a cup of silver was deposited; for 4 1/4 shekels of silver a supannum was deposited."
"[ŠUNIGIN] 1/2 ma-na 7 1/4 GÍN KB [ša-á]p-ra-tim a-ha-at-kà [x t]a-dí-na-ku-um-ma [...]-tim KB tí-ri [...]-kam a-hi a-ta [...]-ni-šu-ma i-na [...] ší ta ma a-ta lá ší? na a x [...] Da-na-a li-dí-[nu]","In all 1/2 mina 7 1/4 shekels of silver as sureties your sister gave to you, and ... tiri-silver ... My dear brother, ... Dana-a should give ..."
"um-ma I-ku-pì-a-ma a-na Ib-ni-lí Be-kà-a ú En-um-A-šur qí-bi4-ma a-na En-um-A-šur qí-bi4-ma 1 2/3 ma-na 6 GÍN KB ha-bu-lá-ku-um ša 1 ma-na 7 GÍN KB ú 9 GÍN a-ha-ma ša-áp-ra-tim e-zi-ba-kum","From Ikūn-pīya to Ibni-ili, Bekaya and Ennam-Aššur; specifically to Ennam-Aššur: I owe you 1 2/3 mina 6 shekels of silver. I left surety worth 1 mina 7 shekels of silver plus 9 shekels with you."
"8 GÍN KB lu da-at A-bu-a lu gam-ru-um ša a-na-kam ŠUNIGIN 1 1/3 ma-na 4 GÍN KB tal-qé 1/3 ma-na 2 GÍN KB ší-tí KB-pì-kà 2 1/2 ma-na KB ša ha-bu-lá-ku-ni iš-tí A-šur-ba-ni ú-šé-ba-lá-kum","8 shekels of silver was either Abuwa's fees or expenses here. In all you have received 1 mina 24 shekels of silver. 22 shekels of silver was the rest of your silver; 2 1/2 minas of silver that I owe you I shall send with Aššur-bāni."
"1 GÚ AN.NA e-zi-ba-kum šu-ma ší-mu-um lá ša-im ší-ma-am ša ba-lá-ṭí-a lu TÚG tí-sà-pì ša Ha-hi-im lu sà-áp-tí-ni-ma ša Tal-ha-at a-hu-a a-tù-nu i-ša-ha-at En-um-A-šur i-zi-za-ma «ma» ša-ma-nim kà-ni-kà-ma iš-tí A-šur-ba-ni šé-bi4-lá-nim","I left 1 talent of copper with you. If the purchase has not been carried out, then make purchases profitable for me, either tisāpu-textiles from Hahhum or saptinnus from Talhat – my dear brothers, assist Ennam-Aššur in this, seal it and send it to me with Aššur-bāni."
"a-na En-um-A-šur qí-bi4-ma šu-ma na-áš-pé-er-tum iš-tù A-lim ú-ub-lu-nim ša-il5-ma šé-bi4-lam a-ma-lá na-áš-pè-er-tí-kà I-ri-[šu]-um i-na Dur4-hu-mì-it u4-ma-am ú-ra-am a-da-gal i-lá-kam-ma a-ṣa-ba-sú","To Ennam-Aššur: Ask whether they have brought a missive from the City and send it. In accordance with your missive I expect Erišum in Durhumit today or tomorrow. When he comes, I shall seize him."
"um-ma I-ku-pì-a[-ma a-n]a Šu-ma-li-ba-A-šur En-um-A-š[ur] ú Be-kà-a qí-bi4-ma a-na En-nam-A <-šur> qí-bi4-ma 1 2/3 ma-na KB ha-bu-lá-kum ša 1 ma-na 10 G[ÍN] KB ša-áp-ra-tim e-zi-ba-kum 1 GÚ [1/2] [ma-na URUDU e]-zi-ba-kum [x x x x] a-hu-bu-li-a [x x x x] tí ša hu-bu-li-a A-lá-na-tim ša-áš-q[í-il5 ...] lá i-mu-a ší-be-šu [...]","From Ikūn-pīya to Šumma-libbi-Aššur, Ennam-Aššur and Bekaya; specifically to Ennam-Aššur: I owe you 1 2/3 mina of silver. I left surety worth 1 mina 10 shekels of silver with you. I left 1 talent 1/2 mina of copper with you. ... for my debt ... of my debt ... have it paid from the month Allanātum ... he refuses ... his witnesses ..."
"a-na I-ku-pí-a ù E-ri-ší-im qí-bi-ma um-ma En-um-A-šur-ma a-na E-ri-ší-im qí-bi-ma a-hi a-ta tí-ir-tí a-bi-ni a-na KB 10 ma-na šé-bu-li-im [i-l]i-kam 4 ma-na KÙ ṣa-ru-pá-am [i]š-tù ha-muš-tim ša E-na-ah-DINGIR ITU.1.KAM ma-hu-ur-DINGIR li-mì-im A-šur-na-da a-na ṣí-ib-tim a-dí-na-kum-ma ṭup-pá-kà ú-kà-al","To Ikūn-pīya and Erišum from Ennam-Aššur; specifically to Erišum: My dear brother, an order from our father arrived about sending some 10 minas of silver. I lent you 4 minas of refined silver against interest, from the week of Enah-ili, month Mahhur-ilī, eponymy Aššur-nādā, and I have your tablet in my possession."
"1 GÍN.TA [i]-na ITU.1.KAM-im a-na 1 ma-na-im ṣí-ib-tám tù-ṣa-ba-am 18 ha-am-ša-tum u4-mu-ú [i]-li-ku-ni-kum a-ha-ma 3 ma-na KB ṣa-ru-pá-am iš-tù ha-muš-tim ša dMAR.TU-ba-ni ITU.1.KAM ša sá-[ra]-tim a-na ṣí-ib-tim a-dí-na-kum-ma","You must pay interest at the rate of 1 shekel per mina per month. 18 weeks have passed for you. Further, I lent you 3 minas of refined silver against interest, from the week of Amurrum-bāni, month Ša-sarrātim."
"5/6 GÍN.TA i-na [ITU].KAM-im a-na 1 ma-na-[im] tù-ṣa-ba-am li-mì-im I-ku-p[í-Ištar] 5 [+x ha-am]-ša-tum i-ta-al-kà-kum [1 1/3 ma-na 5 GÍN] KB ṣa-ru-pá-am ší-im [lu-qú-tí]-a tù-kà-al a-ha-[ma] [ku-ta-ni-a ù] 1/2 ma-[na KB-]ma [a]-dí-[na-kum]","You must pay interest at the rate of 5/6 shekel per mina per month; eponymy Ikūn-pi-Ištar. 5(+x) weeks have passed for you. You hold 1 1/3 mina 5 shekels of refined silver, the proceeds from my goods. Further, I gave you my kutānus and 1/2 mina of silver."
"a-bi a-ta bé-lí a-ta a-na [mì]-ma a-nim KB ú ṣí-ba-sú a-[x (x)]-ta KB ku-un-kà-ma a-ṣ[é-er] ša ki ku-a-tí ú a-ṣé-r[i-a] šé-bi4-lá-nim-ma KB [qá-dí] ṭup-pì-kà lu-šé-er KB a-dí 10 u4-me-e ša-am-qí-ta-nim-ma e-ṭé-[me] a-bi-ni lu ni-[ha]-dí i-a-um a-bi-ma ú ku-a-um lá a-bu-kà eṭ-ra-ni","My dear brother and lord, for all this, the silver and its interest ... seal the silver and send it to your representatives and to me, so I may release the silver with your tablets. Make the silver arrive in 10 days so we can gladden our father's spirit. Is my father not also your father? Save me."
"a-na I-ku-pí-a A-bu-a E-ri-ší-im Ku-da-tim Šu-Ištar ù En-na-Sú-in qí-bi-ma um-ma En-um-A-šur-ma a-na En-na-Sú-in qí-bi-ma A-šur ù i-lá-a-bi-ni lu i-dí-a-kà a-na ša i-ir-tí a-bi-a a-na pá-ra-sí-a ta-zi-zi-ni 4 ma-na KB ṣa-ru-pá-am iš-tù ITU.KAM ša ke-na-tim li-mì-im A-šur-na-da DUMU Puzur4-A-na ha-bu-lá-tí-ma ṭup-pá-kà ha-ar-ma-am ú-kà-al","To Ikūn-pīya, Abuwa, Erišum, Kudātum, Šu-Ištar and Enna-Suen from Ennam-Aššur; specifically to Enna-Suen: May Aššur and the god of our fathers reject you, since you stood ready to separate me from my father's breast! You have owed 4 minas of refined silver since the month Ša-kēnātim, in the eponymy Aššur-nādā son of Puzur-Anna and I hold your certified tablet."
"a-na 20 ha-am-ša-tim KB ša-qá-lam qá-bi-a-tí 1 1/2 GÍN.TA i-na ITU.1.KAM-im a-na 1 ma-na-im ṣí-ib-tám tù-ṣa-ba-am u4-mu-kà MU.4.ŠÈ e-tí-qú KB i-té-zi-ba-am a-ha-ma a-[na] 1 ma-na-im KB ša i-[li-bi-kà] iz-ku-ú iš-tù I[TU.KAM] ša sá-[ra]-tim li-mì-[im ...] 1 1/2 GÍN.[TA] i-na [ITU.1].[KAM] tù-ṣa-ba-am","You promised to pay the silver in 20 weeks. You will have to pay interest at the rate 1 1/2 shekel per mina per month. Your terms are exceeded by 4 years. Has any silver been left for me? Further, for every mina of silver that they have cleared as owed by you - reckoned from the month Ša-sarrātim, eponymy ... you must pay interest at the rate 1 1/2 shekel per month."
"a-[na]-k[am ṭup-pá-am] [ša] 5 um-m[e-a-ni x] [x x] [...] ú-kà-al [1 ma-na-um [x] [a-na] 3 1/3 ma-na i-[x x]-kum ú 1/2 ma-na KB ma-na-ah-tám [ta-]ša-qá-lam e-zi-ib [x] ma-na KB ša DUMU I-ku-nim ù ša-al-ṭá-tí-a ša [a]-šé-e-ú-šu a-na ša ki-ma i-a-tí qí-bi-ma a-na mì-ma KB a-nim ṣa-áb-ta-šu-ma KB ù ṣí-ba-sú ša-ak-ni-kà-šu-ma a-na ṣé-ri-a ù a-ṣé-er ša ki-ma šu-a-tí šé-bi-lá-nim-ma a-na-kam ša ki-ma šu-a-tí [KB] ù ṣí-ba-sú li-iš-qú-lu-nim-ma ṭup-pí-šu a-na ša ki-ma šu-a-tí lá-dí-in","Here I hold a tablet of 5 investors ... per one mina ... 3 1/3 mina ... and you must pay 1/2 mina of silver as expenditures; apart from x minas of silver from Ikūnum's son and my available goods for which I sue him, say to my representatives: ""Seize him for all this silver and have him seal the silver and the accrued interest and send it to me and to his representatives, so his representatives here may pay me the silver and the accrued interest; then I shall give his deed to his representatives."""
"a-na ša ki-ma i-a-tí qí-bi-ma a-hu-a a-tù-nu šu-ma En-na-Sú-in x-a-tám e-pá-al-ku-nu e-pá-a[lí-šu] [e-ṣí]-iš šu-up-ra-nim-ma le-tí-qam","To my representatives: My dear brothers, if Enna-Suen answers you ... send me his answer soon and let him travel here."
"um-ma I-ku-pí-a Dan-A-šur Ša-lim-wa-ar-du ù Šu-[Nu-nu-ma] a-na En-nam-A-šur qí-bí-[ma] 50 TÚG.HI ku-ta-ni 25 ma-na AN.NA 1/3 ma-na 2/3 GÍN KB 2 ANŠE ṣa-lá-mu mì-ma a-nim tù-šé-bi4-lam","From Ikūn-pīya, Dan-Aššur, Šalim-wardi and Šu-Nūnu to Ennam-Aššur: 50 kutānu-textiles, 25 minas of tin, 1/3 mina 2/3 shekel of silver, 2 black donkeys – all this you sent."
"ŠÀ.BA 25 ku-ta-nu 13 ma-na.TA ta-ad-nu 25 ku-ta-nu 12 ma-na.TA ta-[ad]-nu 18 ma-na AN.NA 10 ma-na.TA 4 ma-na LÁ 15 GÍN 9 ma-na.TA ta-dí-in ší-tí AN.NA-ki-kà 3 ma-na 15 GÍN na-áš-ú-ni-kum","Thereof 25 kutānus were sold at 13 minas each, 25 kutānus were sold at 12 minas each, 18 minas of tin at 10 minas each, 4 minas less 15 shekels at 9 minas each were sold; the rest of your tin, 3 minas 15 shekels, they bring to you."
"55 ma-na ší-im ANŠE.HI-kà 31 ma-na ší-im KB ša li-bi4 Dan-A-šur ŠUNIGIN URUDU-i-kà 15 GÚ 24 2/3 ma-na URUDU ma-sí-um","55 minas was the price of your donkeys, 31 minas the price of the silver in Dan-Aššur's possession – the total of your copper: 15 talents 24 2/3 minas of washed copper."
"ŠÀ.BA 6 GÚ Šu-Nu-nu i-pá-ni-tim ub-lá-kum Ša-lim-wa-ar-dí ù Šu-Nu-nu 8 GÚ URUDU ma-sí-am ku-nu-ki-ni na-áš-ú-ni-kum","Thereof Šu-Nūnu earlier brought you 6 talents; Šalim-wardi and Šu-Nūnu bring you 8 talents of washed copper under our seals."
"18 ma-na SIG5 ša-du-a-at URUDU-i-kà ù ANŠE.HI-kà ni-iš-[qúl] 1 GÚ-tum 1 ma-na.TA i-na ša-bu-ri-im im-ṭí 2 1/2 ma-n[a] URUDU SIG5 i-li-bi4 URUDU-i-kà ni-[dí] a-na ta-ší-a-at URUDU ša Áb-ša-lim ù Dan-A-šur a-na Áb-ša-lim ni-dí-in","18 minas good copper we paid as the transport tariff on your copper and your donkeys; 1 mina per talent was lost during the breaking up; 2 1/2 minas of good copper we deposited out of your copper and gave to Ab-šalim for the carriage of Ab-šalim's and Dan-Aššur's copper."
"gám-ra-am ù-ku-ul-[tám] mì-ma ú-lá ni-dí-šu-nu-tí URUDU-a-kà [x x x x] [x x] ší-tí URUDU-[i-kà] lu-ba-li-ṭa-kum hi-dam KÙ.GI ša a-na ṣú-ha-ar-tim tù-šé-bi4-lá-ni ma-sú-ùh-ma ú lá-qá-am la ta-mu-a ku-nu-ki-ni na-áš-ú-ni-kum","We did not give them anything for expenses and food. Your copper ... The rest of your copper ... I shall credit to you. The bead of gold you sent to the girl was broken and therefore she would not receive it. They bring it to you under our seals."
"a-na [A]-[šur]-iš-tí-kál [I-ku-pí]-a ù I-dí-[a]-bi-[im qí-bi-ma] um-ma En-um-A-[šur]-[ma] [a-na] I-ku-pí-a qí-bi-ma [i-nu-mì a]-na [-kam] tù-uš-bu [5 GÚ] [URUDU] ma-sí-am SIG5 ša-bu-ra-am [x]-ri-x","To Aššuriš-tikal, Ikūn-pīya and Iddin-abum from Ennam-Aššur; specifically to Ikūn-pīya: When you stayed here I lent you 5 talents of washed, good, broken copper ..."
"ah-bu-lá-kum ki-ma a-bi-[a] ta-ba-ší-ma ú-lá ú-ba-áš-kà-ma qá-at-kà ú-lá am-ha-aṣ a-na-kam Puzur4-dUTU DUMU Šu-Nu-nu a-na 15 u4-me-e URUDU ša-qá-li-im tù-ša-zi-za-am-ma a-dí u4-mì-im a-nim URUDU mì-ma ú-lá iš-qú-lam","You are like a father to me, I shall not put you to shame and I have not refused you anything. Here you appointed Puzur-Šamaš son of Šu-Nūnu for me in order to pay the copper in 15 days, but until today he has not paid any copper to me."
"ù i-na ma-ha-ar ṣú-ha-ri-kà-ma a-dí ha-am-ší-šu ú iš-ri-šu iš-tí-šu a-ṣí-bi-it-ma ṣú-ha-ru-kà i-da-gu5-lu um-ma a-na-ku-ma URUDU Puzur4-dUTU lu-ša-áš-qí-il5-ma gi-mì-lam i-ṣé-er a-wi-LAM lá-áš-ku-un-ma a-ša a-na-ah-tí ša 2 ma-na KB a-da-nu-šu-ni ú a-ni-um lu gi5-mì-lam šu-a-tí-ma li-bu-šu-ma lu i-de8","Also, in the presence of your own servants I have quarrelled with him five or ten times, and your servants observe this. I said: ""Let Puzur-Šamaš have the copper paid so I can do the man a favour, and since I shall give him the earnings from 2 minas of silver may this man indeed know about this favour!"""
"a-na-kam Puzur4-dUTU ú-ni-ha-ni-ma a-na kà-ri-im ir-dí-a-ni-ma KB 5 GÍN uš-ta-ag-me-ra-ni-ma ṭup-pá-am ša ší-bi-a al-té-qé [ša] [i-na] lá i-dí-im šu-um-kà IGI ṣa-he-er GAL a-[x x] [ru]-šu iq-bi um-ma šu-ut-ma a-ú-um [KB] [I-ku-pí-a] i-na li-bi-a [i-ba-ší] um-ma a-na-ku-[ma] a-[pu-ul]-kà a-[ší]-a-tí [ṭup-pá-am] ša ší-be [al-qé] [a-dí] [...] šu-ma [...] iš-tù [ITI.1.KAM] [...] li-[...]","Puzur-Šamaš has troubled me here, led me to the colony and put me to an expense of at least 5 shekels of silver, so I got hold of a tablet with my witnesses, stating that without reason he spoke your name ... before the plenary assembly. He said: ""What silver does Ikūn-pīya have as a claim on me?"" I said: ""I have answered you. Therefore I have taken a tablet with witnesses ... if ... from the month ..."""
"a-na I-ku-pí-a qí-bi-ma a-dí lu-qú-tí-kà ša a-na dIM-ṣú-lu-li ù DUMU Šu-Nu-nu [ta]-dí-nu li-bi im-ra-aṣ-ma áš-pu-ra-kum mì-li-ik lu-qú-tí-kà mì-li-ik","To Ikūn-pīya: I was unhappy with respect to your goods that you gave to Adad-ṣulūli and the son of Šu-Nūnu, so I wrote you. You must decide yourself about your goods."
"I-ku-pí-[a ù En]-um-A-šur iṣ-bu-tù-ni-a-tí-ma um-ma I-ku-pì-a-ma a-na En-um-A-šur-ma [5 GÚ] URUDU ma-sí-am ša-bu-ra-am hu-ub-lam-ma Puzur4-dUTU li-pu-ul-kà 5 GÚ URUDU ma-sí-am ša-bu-ra-am En-um-A-šur a-na [I-ku]-pí-a ih-bu-ul-ma Puzur4-dUTU En-um-A-šur e-pu-ul","Ikūn-pīya and Ennam-Aššur seized us, and Ikūn-pīya said to Ennam-Aššur: ""Lend me 5 talents of washed, broken copper, and have Puzur-Šamaš reimburse you."" Ennam-Aššur lent 5 talents of washed, broken copper to Ikūn-pīya and Puzur-Šamaš should reimburse Ennam-Aššur."
"um-ma Puzur4-dUTU-ma a-na 15 u4-me-e 5 GÚ URUDU-a-kà a-na-ku a-ša-qá-lá-ku-um um-ma En-um-A-šur-ma šu-ma-b[a] i-na 15 u4-me-e u4-mu-ú mì-ma e-ta-at-qú um-ma I-ku-pí-a-ma [5] GÚ URUDU-a-kà ma-sí-am šab-[u-ra-am] Puzur4-dUTU li-iš-qú-lá-[kum] a-na ṣí-ib-tim ma-lá u4-mu e-tí-qú-ni-ni i-a-tí URUDU a-nim a-na 4 u4-[me] DINGIR i-ṣ[a-h]i-it-ma ha-muš-[t]um ša dIM-[ṣú-lu-li x x (x)] ITU.KAM ku-zal-li [li-mu-um] Ší-lu-lu","Puzur-Šamaš said: ""Within 15 days I shall personally pay you your 5 talents of copper."" Ennam-Aššur answered: ""What then if indeed on the 15th day your terms become exceeded at all?"" Ikūn-pīya answered: ""Let Puzur-Šamaš pay you your 5 talents of washed, broken copper. As for the interest, as much as the term is exceeded this copper is my obligation."" In 4 days the god will rise and it is the week of Adad-ṣulūli ..., month Kuzallu, eponymy Šilūlu."
"um-ma I-ku-pí-a-ma a-na En-um-A-šur-ma [i]-nu-mì a-na Pu-ru-uš-ha-dim té-ra-ba-ni [ù] a-[ta] ša KB 1 ma-na [ù] 2 ma-na a-na-ah-ta-kà [ta-lá-qé-ma] ù a-na-[ku] [lá]-ag-mì-il5-kà [a-na a-wa-tim] a-ni-a-tim [kà-ru-um Wa-ah]-š[u-š]a-na [i]-di-ni-a-tí-ma IGI GÍR ša A-šur ší-bu-tí-ni [ni-dí]-in IGI A-šur-i-dí IGI E-lá-lí [Pu]-zur4-i-lí DUMU Ba-al-zu-e-nim tap-pá-i-ni","Ikūn-pīya continued saying to Ennam-Aššur: ""When you arrive at Purušhaddum, then you will personally receive your earnings from 1 or 2 minas of silver, and thus I shall do you a favour myself."" The Wahšušana colony gave us for these proceedings and we gave our testimony before Aššur's dagger. Witnessed by Aššur-idi, by Elāli; Puzur-ili son of Balzuenum was our (absent) partner."
"um-ma I-ku-pí-a-ma Dan-A-šur ù Ša-lim-wa-ar-dí-ma a-na En-um-A-šur qí-bi-ma 2 GÚ URUDU SIG5 Dan-A-šur iš-qú-ul-ni-a-tí 3 ša-áb-ra-tim lá iš-bi-ir-ma 15 GÍN ša-qá-l[á-am qá-bi] nu-ša-ah-li-[il5/ip/iq] ṭup-pu-šu šé-bi-lam","From Ikūn-pīya, Dan-Aššur and Šalim-wardi to Ennam-Aššur: Dan-Aššur has paid us 2 talents of good copper. He did not break the 3 blocks, and he promised to pay 15 shekels. We .... Send his tablet."
"3 GÚ URUDU SIG5 i-ší-im AN.NA-k[à] ù TÚG.HI-tí-kà 5 GÚ [URUDU] SIG5 ku-nu-ki-ni Šu-Nu-nu na-áš-a-ku-um URUDU ša ki-ma Sá-li-a né-ri-iš-ma ta-dá-na-am lá i-mu-ú a-du-um lu-lá-im ša ta-áš-pu-ra-ni lu-lá-um lá-šu a-dí 5 u4-me Ša-lim-wa-ar-dí i-za-ku-ma ni-ṭá-ra-dam 3 ma-na URUDU [a-]qá-tí-šu ni-dí-in","Šu-Nūnu brings you 3 talents of good copper from the proceeds from your tin and your textiles, (in all) 5 talents of good copper under our seals. We asked for copper from Salliya's representatives but they would not give it. As to the lulā'um you wrote about, there is none. Within 5 days Šalim-wardi will be cleared and we shall send him. We gave him 3 minas of copper to dispose of."
"a-na I-ku-pí-a Dan-A-šur Ša-lim-ar-dí ù Šu-Nu-nu qí-bi-ma um-ma En-um-A-šur-ma tá-áš-pu-ra-nim um-ma a-tù-nu-ma 3 GÚ URUDU ma-sí-am i-ší-im AN.NA-ki-kà [ù] [ṣú]-ba-tí-[kà] Šu-Nu-nu na-áš-a-kum a-na-kam ú-sà-ni-iq-šu-ma 2 2/3 ma-na ù 2 GÚ URUDU ša li-bi Dan-A-šur ša t[ù-šé]-bi4-[lá-ni]-ni","To Ikūn-pīya, Dan-Aššur, Šalim-wardi and Šu-Nūnu from Ennam-Aššur: You wrote me and said: ""Šu-Nūnu brings you 3 talents of washed copper from the proceeds of your tin and textiles."" I checked it here and found 2 2/3 minas, plus 2 talents of copper owed by Dan-Aššur which you sent."
"ṭup-pu-šu ha-ar-[ma]-am ša hu-bu-li-šu Šu-Nu-nu na-áš-a-ku-nu-tí a-hu-a a-tù-nu a-ma-kam ih-da-ma ší-im ṣú-ba-tí-a ú [AN.NA]-ki-a pá-ni-im Ša-[lim]-ar-dí ù Šu-Nu-nu lu-ba-li-ṭù-ni-ku-nu-tí-ma","Šu-Nūnu brings you his certified tablet concerning his debt. My dear brothers, take care there to have Šalim-wardi and Šu-Nūnu credit you with the proceeds from my previous shipment of textiles and tin."
"URUDU i-na ku-nu-[ki]-[ku]-nu ku-u[n-kà-ma KI a]-li-ki pá-ni-[e-ma šé-bi-lá-nim] ù E-w[a-ri-mu-ša] tù-u[r-da-nim x x]-tí-a bé-lu-a a-[tù-nu gi-im-lá-ni-ma] ih-da ú a-n[a-ku a-we-el g]i-mì-LAM 25 TÚG ku-t[a-ni x ma-]na AN.NA 15 GÍN KB me-[x x x] a x ir Šu-Nu-nu ú E-wa-[ri-mu-š]a [x x/x] i-ra-dí-a-ku-nu-tí a-[pu-tum] e-ku-nu i-ṣé-er ṣú-[ha]-ri-a li-li-ik","Then seal the copper with your own seals, and send it to me as soon as possible. Also, send me Ewarimuša. ... My dear lords do me a favour, and take care, for I too am a man of favours. 25 kutānu-textiles, x minas of tin, 15 shekels of silver ... Šu-Nūnu and Ewarimuša ... will lead to you. Urgent, keep an eye on my servants."
"a-na Ša-lim-ar-dí qí-bi4-ma a-na-kam-ma ú-na-hi-id-kà um-ma a-na-ku-ma e-ma-ru ša šé-pí-ku-nu li-zi-zu mì-šu ša a-ší-mì-[im] ta-dí-nu-šu-nu-ni ú mì-šu ša Šu-Nu-nu a-ni-ša-am ta-áš-pu-ra-ni-ni a-ma-kam ma-lá sú-ba-tí-a ta-lá-qé-ú ša ta-ma-ha-<ra->ni i-ku-nu-ki-ku-nu ki-lá-lá-ku-nu [kà]-ni-kà","To Šalim-wardi: Even here I gave you instructions, saying: ""Let the donkeys from your transport remain."" Why is it that you have sold them? And why is it that you sent Šu-Nūnu here? There, as many of my textiles as you take, both of you must seal what you receive with your own seals."
"i-na lu-qú-tim pá-ni-tim 3 [GÚ] URUDU SIG5 Šu-[Nu]-nu ub-lá-kum [1 1/2 GÚ] URUDU SIG5 ŠUNIGIN 4 [1/2] GÚ [x x x x] mu-šu [Ša]-lim-wa-ar-[dí (...)] ú Šu-Nu-nu i-ta-[x x] nim [...]","In the previous merchandise Šu-Nūnu brought you 3 talents of good copper; (plus) 1 1/2 talents of good copper – in all 4 1/2 talents ... Šalim-wardi and Šu-Nūnu..."
"a-dí lu-qú-tim ša a-hi-kà a-na-kam Sà-li-a ni-iṣ-ba-at-ma um-ma šu-ut-ma na-áš-pé-er-ta-am [a]-lá-hu-im bi-lá-nim-ma lu-qú-ta-am lu-šé-ra-ku-nu-tí a-na-kam a-dí ša a-hi-kà Sà-li-a ni-iṣ-ba-at um-m[a né-nu-ma] a-na Kà-ni-iš pá-x [...] a-dí 10 u4-me im-t[a...] [a-ta ma-lá]-k[à]","We seized Salliya here concerning the goods belonging to your brother, and he said: ""Bring me a ... missive then I shall release the goods to you."" Here we seized Salliya concerning your brother and we said: ""To Kanesh ... within 10 days ..."" Make up your mind."
"um-ma I-ku-pì-a-ma a-na En-nam-A-šur qí-bi-ma na-áš-pár-tám ša A-šur-ma-lik gu5-ba-áb-tám ša ma-hu-ra-at É Ku-ra ša-áš-me-ma ta-as-[kà]-ri-nam lu ta-dí-na-ší-ma a-ma-lá ta-ah-sí-is-tám a-dí-na-ku-ni uq-ru-a-tim e-pu-uš-ma na-áš-pár-tum ša a-we-lim lu ša É ub-ri-ni i-li-kam a-ma-kam ša-il5-ma šé-bi4-lam a-hi a-ta a-tí-ir-tí-a i-hi-id","From Ikūn-pīya to Ennam-Aššur: Make the priestess who lives opposite Kura's house hear the missive from Aššur-malik; also, do give her the boxwood log; since I gave you a memorandum, make the jewelry and ask whether the missive from the man or from our guest-house has come, and send it to me. My dear brother, pay heed to my message."
"um-ma I-ku-pì-a-ma a-na En-nam-A-šur qí-bi-ma šu-ma a-ni-ša-am ha-ra-kà al-kam-ma lu ni-iz-ku šu-ma sà-ah-ra-tí tí-ir-ta-kà [l]i-li-[kam] a-mì-ša-am ha-ra-ni","From Ikūn-pīya to Ennam-Aššur: If your journey takes you here, then come and let us clear accounts. If you are delayed, then send word. My journey will take me there."
"um-ma [I-ku-][pí-a-ma] [a-na] Ib-[ni-lí] En-nam-A-šur ù [...] qí-bi-[ma] a-na [En]-n[am-]A-[š]ur qí-bi-[ma] 1 TÚG [ku-ta-num] [a-][na am-tí-kà] i-nu-mì [a-n]a a-lá-[ni] ta-li-[ku ...] [x] [ší-im-šu-ma] [x a-n]a ší-mì-[im] [x x x]-ma ší-im-šu [x x x]-kà li-ib-[ší] [x x] [lá ta-dí-in]","From Ikūn-pīya to Ibni-ili, Ennam-Aššur and ...; (specifically) to Ennam-Aššur: 1 kutānu-textile for your maid when you went to the villages ... indeed its price ... for purchases ... its price ... should remain ... you have not sold."
"um-ma I-ku-pí-a-ma a-na En-um-A-šur dIM-pí-lá-ah ù Šu-Hu-bur qí-bi-ma a-na Šu-Hu-bur qí-bi4-ma 8 GÍN KB a-na a-bi4-kà ha-bu-la-ku a-na A-li-tim 10 GÍN KB tal-qé a-bu-kà É-tí DAM-tí ù ÌR-dí lá i-dá-ga-al ma a-ta KB-pì tù-ṣa-ba-at","From Ikūn-pīya to Ennam-Aššur, Adad-pilah and Šu-Hubur; specifically to Šu-Hubur: I owe 8 shekels of silver to your father. You have received 10 shekels of silver for Alitum. Your father must not make any claim on my house, my wife or my slave. Indeed, it is you who will seize my silver."
"a-na ša ki i-a-tí qí-bi4-ma na-áš-pè-er-tám ša a-bi4-kà ša I-ku-pì-a KB ša-áš-qí-t[il5...] šu-ma lá ú-[...] KB lu-ta-[x x x x]-nu šu-ma na-áš-pè-er-tám uk-ta-li-im-ku-nu ṭup-pu-šu hi-ir-ma šu-ma KB i-na A-limki il5-qé ù šu-ma 10 GÍN KB lá a-ta-ah-ba-[al] a-na ma-lá [x x x]-am il5-qé-ú [...] li-iš-qú-[lá-am] a-pu-tum lá ta-ga-mì-lá-šu","To my representative: The missive from your father concerning Ikūn-pīya - have the silver paid... If it is not ... the silver ... If he has shown you the missive then certify his tablet. If he has received silver in the City or if (for some other reason) I am not indebted to him for 10 shekels of silver, then as much as .... he received ... he must pay (back) to me. Urgent, show him no favours."
"10 GÍN KB ú ni-is-ha-sú wa-ta-ar ša-du-a-sú ša-bu-ú ša I-ku-pí-a a-na Puzur4-Ištar i-na A-limki ha-bu-lu-ú a-na-kam Šu-Hu-bur il5-qé šu-ma I-ku-pí-a a-na Puzur4-Ištar lá i-ta-ha-ba-al a-na KB ša il5-qé-ú ma-na-um ma-na i-ša-qal ITI.KAM Hu-bu-ur li-mu-um Bu-zu-ta-a IGI Ṣí-lu-šu-Da-ga-an IGI DINGIR-ma-A-šur","The 10 shekels of silver, its import duty added, its transport tariff paid for, that Ikūn-pīya owes to Puzur-Ištar in the City - Šu-Hubur has received that here. If Ikūn-pīya did not owe anything to Puzur-Ištar, he must pay (a fine of) mina for mina the silver he received. Month Hubur, eponymy Buzutaya. Witnessed by Ṣilluš-Dagān, by Ilima-Aššur."
"um-ma I-ku-pì-a-ma a-na Puzur4-Ištar ù En-um-A-šur qí-bi-ma i-na u4-mì-im [š]a ṭup-pí ta-ša-me-a-ni [a]-na URUDU 2 ma-na [ù] 3 [ma-na] i-kà-šu-du a-ṣé-er En-na-Sú-in šu-up-ra-ma li-tal-kam šu-ma DAM.GÀR-šu ma-ma-an ú-kà-al-šu KB a-na DUMU um-me-a-nim ke-nim li-ip-[qí]-[id-ma] lu-šé-bi-lam","From Ikūn-pīya to Puzur-Ištar and Ennam-Aššur: On the very day you hear my letter ... for 2 or 3 minas copper ... they have arrived. Write to Enna-Suen that he should come. If any of his creditors holds him back, then let him entrust the silver to a trustworthy affiliated trader and send it to me."
"a-na Ku-zi-zi-a ù Pí-lá-ah-Ištar qí-bi-ma um-ma En-um-A-šur-ma 2 TÚG ra-qá-tim 1/2 ma-na 3 GÍN hu-sà-<ru>-um Ša-[l]im-wa-ar-dí ù Šé-ep-Ištar a-ṣé-er Ku-zi-zi-a ub-lu-nim 3 TÚG ša ma-e SIG5-tum 1 TÚG lu-bu-šu-am ku-nu-ki-a a-ṣé-[er] Ku-zi-zi-a Šu-Be-[lúm] ù A-lu-a na-áš-ú","To Kuziziya and Pilah-Ištar from Ennam-Aššur: Šalim-wardi and Šēp-Ištar brought 2 thin textiles and 33 shekels of lapis lazuli to Kuziziya. Šu-Bēlum and Aluwa bring 3 good waterproof textiles and 1 garment under my seal to Kuziziya."
"ù mì-šu ša a-dí Pí-lá-ah-Ištar áš-pu-ra«-ni»-ku-nu-tí-ni ṣú-[ha]-ru-a a-dí u4-mì-im a-nim wa-áš-bu-ni a-na ma-lá tí-ir-tí-a ih-da-ma KB li-dí-ku-nu-tí-ma KB ku-nu-ki-ku-<nu> iš-tí a-li-ki-im pá-ni-ú-tim-ma ù ṣú-ha-ri-a šé-bi4-lá-ma GÁNA-lam a-šu-mì-šu le-tí-iq a-na-kam KB li-iš-qú-lu ṭup-pu-šu a-na ša ki-ma šu-a-tí lá-dí-in","But why is it that although I wrote to you about Pilah-Ištar, my servants have stayed until today? Pay heed to my instructions and let him give you the silver, send the silver under your seals with the very first transport and with my servants, and let it pass overland in his name. They can pay the silver here; I shall (then) give his tablet to his representatives."
"a-na Ku-zi-zi-a qí-[bi4]-ma a-bi4 a-ta ší-im 2 ra-qá-tim","To Kuziziya: My dear father, the proceeds from the 2 thin textiles ..."
"um-ma Ku-zi-zi-a-ma a-na En-um-A-šur qí-bi-ma 2 TÚG ra-qá-tim ù hu-sà-ra-am Šé-ep-Ištar ù Ša-lim-ÌR-dí ub-lu-nim TÚG ra-qá-tí-kà A-šur-e-mu-qí i-na Ma-ri-it-hi-im i-dí-ší-na-ma ší-im-ší-na ù-lá ub-lam i-na a-lá-ki-šu ší-im-ší-na ù-šé-ba-lá-kum","From Kuziziya to Ennam-Aššur: Šēp-Ištar and Šalim-wardi brought me 2 thin textiles and some lapis lazuli. Aššur-emuqi sold your thin textiles in Marithum, but he has not brought the proceeds from their sale. When he comes I shall send you the proceeds from them."
"KB a-na qá-tí-a lá ma-qí-it-ma me-eh-ra-tim lá ú-šé-bi-lá-kum hu-sà-ar-kà ku-nu-ki-a ù 4 1/3 GÍN KÙ.GI ku-nu-ki-a-ma ší-im ra-qá-tim ša Pí-[lá]-ah-Ištar Šé-ep-[Ištar] ù Ša-lim-ÌR-dí na-áš-[ú-ni-k]um a-[x x x] na-ru-uq [x x x]-ru-tum x [x x x]-tám a-ma-kam a-na a-wi-il5-tim [dí-i]n KB-áp-šu i-na a-lá-ak ṣú-ha-ri-im ú-šé-ba-lá-[kum]","No silver has fallen into my hands, so I did not send you a corresponding amount. Your lapis lazuli is under my seal and 4 1/3 shekels of gold, also under my seal, the proceeds from the thin textiles belonging to Pilah-Ištar. Šēp-Ištar and Šalim-wardi bring you them. ... a sack ... give that to the lady there. I shall send you the silver for it when the servant comes."
"KIŠIB Ku-zi-zi-[a] a-na En-um-[A-šur] DUMU Šál-ma-A-šur [ù] Šu-Be-lim","Seal of Kuziziya; to Ennam-Aššur son of Šalim-Aššur, and Šu-Bēlum."
"um-ma Ku-zi-zi-a-ma a-na En-nam-A-šur <ú> Šu-Be-lim qí-bi4-ma a-na En-nam-A-šur qí-bi4-ma šu-ma a-hi a-ta [ú] me-er-ì a-ta a-na-ku a-na-kam ma-ṣa-ku [ki]-ma ša a-na a-bi4-kà [a-nu-hu ú] ku-wa-tí [lu] [an-ha-ku]","From Kuziziya to Ennam-Aššur and Šu-Bēlum; (specifically) to Ennam-Aššur: My dear brother and son, I personally take responsibility here. Just as I toil for your father I also exert myself for you."
"[x x (x)]-a-tim iš-tù Ma-ri-it-hi-im ú-bu-lu-ni-ma ú 10 GÚ KB ú 10 GÚ URUDU SIG5 ú-šé-ba-lá-ku-<um> Šu-Be-lúm a-ma-kam lá wa-ša-áb ṭù-ur-da-šu ú šu-ma a-hi a-ta a-ma-kam a-na a-wi-il5-tim [x] [x-da-am] ší-ma [...] [ú]-ul ša-lá-áš [na-ru-uq ŠE-im]","... they will bring from Marithum, and then I shall send you 10 talents of silver and 10 talents of good copper. Šu-Bēlum should not stay there, send him. Also, if you are truly my brother, ... to the lady there. ... or 3 sacks of grain."
"ma-lá ú-ṭá-tám a-na a-[wi-il5]-tim ta-du-nu tí-ir-ta-kà li-li-kam-ma iš-tí ší-im ra-qá-tí-[i]m lu-šé-bi4-la-k[u]-u[m]","Send me word about how much grain you will give to the Lady, so I can send it to you with the proceeds from the thin textiles."
"um-ma Ku-zi-zi-a-ma a-na En-um-A-šur qí-bi-ma 4 TÚG.HI.A ša A-ki-dí-e Šu-Bé-lúm ù A-lu-a ub-lu-nim a-šu-mì A-lu-wa ša a-na ta-hi-tim a-na Pu-ru-uš-ha-dim ša-áp-ru sí-hi-tum i-na Pu-ru-uš-ha-dim ha-[ra-]-n[um] lu a-na Ú-lá-ma lu a-na Ša-lá-tù-ar lu a-n[a]-kam a-na Ša-ba-a a-šar e-ra-bi-im ú-lá i-ba-ší a-šu-mì ki-a-am A-lu-wa a-na ṣé-ri-kà ú-ta-e-ra-šu","From Kuziziya to Ennam-Aššur: Šu-Bēlum and Aluwa brought me 4 Akkadian textiles. Concerning Aluwa who was sent to Purušhaddum to gather information – there is unrest in Purušhaddum; there is no possibility to enter the road to either Ulama or Šalatuar or here to Šabaya. For that reason I have returned Aluwa to you."
"Ú-la-ma iš-té Pu-<ru->uš-ha-dim [x-x-tim] ṣú-ba-tù-kà ša-[áp-ku] i-na lá tá-da-ni-im la-mu-tám ep-šu-[ú] IGI A-lu-wa-ma a-na áš-li-ki-im a-na e-pu-ší-im a-dí-šu-nu ma-lá ú-ṭá-tám a-na a-we-el-tim ta-dí-nu [šu-up-ra-am] [4] na-ru-uq [lu] [iš]-tí-ší-ma tí-ir-tám li-li-kam-ma KB lá-šu KI ší-im TÚG-tí-kà lu-šé-bi4-lá-kum","Ulama has ... with Purušhaddum. Your textiles were stored and as they were not sold they were treated badly. I gave them to a fuller for repairs with Aluwa as witness. Write how much grain you have given to the lady. 4 sacks should be in her possession, so send me word for there is no silver. I shall send it to you with the proceeds from your textiles."
"a-na Ku-zi-zi-a Tù-ra-am-DINGIR Ma-ma-hi-ir ù Šu-Bé-lim a-na Ma-ma-hi-ir qí-bi-ma um-ma En-um-A-šur-ma i-nu-mì [i]-a-tí eq-lu-um ú-kà-i-[li-ni]-ni 1 ma-na KB li-tí a-na Ha-pí-ah-šu ta-dí-ma [am]-tí qá-ta-tí-šu ta-li-ip-ta-TUM-ma ṭup-pá-am ša am-tí-a ta-[l-p]u-ut-ma tù-kà-al","To Kuziziya, Tūram-ili, Man-mahir and Šu-Bēlum; specifically to Man-mahir from Ennam-Aššur: When the land held me back, you gave 1 mina of lītu-silver to Happi-ahšu, and my maid was written as guarantor for it on your behalf, and you wrote the tablet concerning my maid and hold it."
"a-na-kam ha-[x-]ul-kà [am-tí] ù š[u-a-t]í a-na a-wa-tim ni-dí-[ma] [um-ma] šu-ut-ma [x] [nu] ki-ma [x]-tum ma a-na-ku [KB-][áp-šu] [l]e-qé-a [x] [x x 2] GÍN KB li-tí [iš-qú]-ul-ni-a-tí-ma KB i-na ku-nu-ki-šu i-ba-ší a-ma a-wi-lu a-ni-ú-tum [lu] ší-bu-ni šu-up-ra-ma a-ṣé-er ša ki-ma ku-a-tí ṭup-pá-am ša am-tí-a li-dí-[nu-nim]-ma KB lá [x x x] ma-lá ta-áš-[pu]-[ru] [...] i-za-[az]","Here ... we gave my maid and him to a lawsuit and he said: ""... take the silver for it."" ... he paid 2 shekels of lītu-silver to us and the silver remains under his seal. Now, these men should be our witnesses. Write that they should give the tablet of the maid to your representatives, and the silver ... what you write ... will stand."
"a-na Ku-zi-zi-a Ištar-lá-ma-sí Na-áb-Sú-in A-na-a-na A-mur-Ištar Ša-[l]im-ar-dí ù Ma-nu-ki-ì-lí-a qí-bi-ma um-ma En-um-A-šur-ma 1 1/2 ma-na 5 GÍN KB ku-nu-ki ša Ku-ku-wa ù ku-nu-ki-a 7 ANŠE.HI ú ú-nu-sú-nu mì-ma a-nim i-a-um Ma-nu-ki-ì-lí-a na-áš-a-ku-nu-tí","To Kuziziya, Ištar-lamassī, Nāb-Suen, Anna-anna, Amur-Ištar, Šalim-wardi and Mannum-ki-iliya from Ennam-Aššur: 1 1/2 mina 5 shekels of silver sealed by Kukuwa and by me, 7 donkeys with their harness – all this belonging to me, Mannum-ki-iliya brings to you."
"a-ṣé-er KB a-nim ša Ma-nu-ki-ì-lí-a na-áš-a-ku-nu-tí-ni a-na 3 ma-na KB ú ṣí-ba-tí-šu ša Ku-ku-wa a-na Ma-nu-ki-A-šur DUMU MAN-Ištar ha-bu-lu-ni-ma 20 GÚ SÍG.HI.A a-na ša-pár-tim ú-kà-lu-ni a-na ša ki-ma i-a-tí qí-bi-ma","In addition to this silver that Mannum-ki-iliya brings to you, for the 3 minas silver and its interest that Kukuwa owes to Mannum-ki-Aššur son of Puzur-Ištar, and for which he holds 20 talents of wool as security – say to my representatives:"
"a-ma-kam ma-lá KB Ištar-lá-ma-sí ù Ma-nu-ki-ì-lí-a i-ha-šu-hu-ni KB lu i-na ša ba-áb-tí <a> ta-am-hu-ra-ni lu KB ša a-na ṣé-er A-na-na ku-nu-ki-a ú-šé-bi4-[lá-ni] a-na ṣí-ib-tim KB ki-ma a-wa-at kà-ri-im dí-na-šu-nu-tí-ma ŠÀ.BA 1 ma-na KB ṣa-ru-pá-am ṭí-ih-a-šu-nu-tí-ma ṭup-pá-am ša hu-bu-[ul] Ištar-lá-ma-sí ù Ma-nu-ki-ì-lí-a DUMU-i-ša i-qá-qá-ad šal-mì-šu-nu hi-ir-ma-ma a-na am-tí-a ṭup-pá-am dí-na-ma a-dí a-lá-kà-ni iš-tí-ša li-ib-ší","Whatever silver Ištar-lamassī and Mannum-ki-iliya ask for there, lend them silver against interest according to the rate of the colony – from what silver you have received from my outstanding claims, or silver I sent to Anna-anna under my seal, and transfer 1 mina of refined silver thereof to them, write a debt-note for Ištar-lamassī and Mannum-ki-iliya, her son, certify it with joint liability, and give the tablet to my maid so it may remain in her possession until I come."
"ú a-tù-nu i-na ša-ha-at Ištar-lá-ma-sí ù Ma-nu-ki-DINGIR i-zi-za-ma [KB] a-na Ma-nu-ki-A-šur ú-lá a-na ša ki-ma Ma-nu-ki-A-šur šu-uq-lá-ma 20 GÚ SÍG.HI.A ù sí-kà-an-LUGAL ša a-na ša-pá-ar-tim Ma-nu-ki-A-šur ú-kà-lu ki-ma KB ta-ša-qá-lá-ni a-šar ša-pár-tum kà-an-ku ku-nu-ki Ma-nu-ki-ì-lí-a [lu]-dí-ma ù ṭup-pá-am ša 3 ma-na KB ú ṣí-ba-tí-šu šé-ṣí-a-ma ṭup-pá-am šu-a-tí ù sí-kà-LUGAL ku-un-kà-ma a-na Ištar-lá-ma-sí pí-iq-da","Also, you must personally assist Ištar-lamassī and Mannum-ki-iliya and pay the silver to Mannum-ki-Aššur or to Mannum-ki-Aššur's representatives, and as to the 20 talents of wool and the sikkan-šarru-stone that Mannum-ki-Aššur holds as security, when you pay the silver let him identify Mannum-ki-iliya's seal in case the security is sealed, and then take out the tablet of the 3 minas of silver and its interest, and seal this tablet and the sikkan-šarru-stone and entrust it to Ištar-lamassī."
"ú i-ša-<qá->al KB ki-ma ša-áp-[tum] i-a-tù-ni ší-be šu-uk-na ù ša-áp-tám a-na Ša-lim-w[a-a]r-dí ù Ma-nu-ki-ì-lí-a sà-ni-qá-ma ma-lá ša-áp-[tám] [i]-za-ku-a-ni ší-bé-e šu-uk-na-šu-nu-tí ki-ma ša-áp-tum [ú] 7 ANŠE.HI.A ša En-um-A-šur «ša» ša-áp-tám","Also, when the silver is paid set witnesses to prove that the wool is mine. Also, check the wool for Šalim-wardi and Mannum-ki-iliya, and set witnesses for them about how much wool is cleared, stating that the wool and 7 donkeys belong to Ennam-Aššur."
"kà-ni-kà-ma ku-nu-ki-ku-nu iš-tí lu-qú-tí-a-ma pí-iq-da-ma li-ir-dí-ú-nim a-ma-lá [a-n]a-kam Ša-lim-ar-dí nu-[na]-hi-du-ni le-pu-uš-šu-nu-tí","Seal the wool and entrust it under your seals together with my other goods so they may conduct it here. Šalim-wardi shall do for them what we instructed him to there."
"um-ma Ku-zi-zi-a-ma a-na Ku-ku-a ú En-um-A-šur 1 1/2 ma-na KB ša Ma-nu-um-ki-ì-lí ub-lá-ni KB ma-sú-uh nu-ṣa-id-ma 5 GÍN im-ṭí-ma 1 ṭup-pu-um ša 2 2/3 ma-na KB 1 ṭup-pu-um ša 1/3 ma-na 2 1/2 GÍN KB ša Ma-nu-um-ki-ì-lí Ma-nu-um-ki-A-šur lá-šu-ma ša ki-ma šu-a-tí 1/3 ma-na 2 1/2 GÍN KB ṣí-ib-tám il5-qé-ú ŠUNIGIN 3 1/3 ma-na 5 GÍN KB i-ší-qí-il5 ŠÀ.BA 2 ma-na LÁ 5 GÍN KB A-na-na a-ma-at En-um-A-šur ta-áš-qú-ul","From Kuziziya to Kukuwa and Ennam-Aššur: Concerning 1 1/2 mina of silver that Mannum-ki-ili brought – the silver was of inferior quality. We melted it down and 5 shekels were lost, and the tablet about 2 2/3 minas of silver and a tablet about 1/3 mina 2 1/2 shekels of silver belonging to Mannum-ki-ili – Mannum-ki-Aššur was absent so his representatives took as interest rest 1/3 mina 2 1/2 shekels of silver; in all 3 1/3 minas 5 shekels of silver was paid. Thereof Anna-anna, Ennam-Aššur's maid, paid 2 minas less 5 shekels of silver."
"ŠÀ.BA 5/6 ma-na KB ṣa-ru-pu-um a-na ma-lá tí-ir-tí-ku-nu ṭup-pu-um ša Ištar-lá-ma-sí ù Ma-nu-um-<ki>-ì-lí ni-il5-pu-ut iš-tù ha-mu-uš-tim ša I-na-a DUMU A-mu-ra-a ITU.1.KAM a-lá-na-tim ṭup-pu-um a-na A-na-na a-dí-in","Of that we wrote a debt-note for Ištar-lamassī and Mannum-ki-ili for 5/6 mina of refined silver in accordance with your instructions – from the week of Innaya son of Amuraya, month Allanātum. I gave the tablet to Anna-anna."
"20 bi4-lá-tim SÍG.HI.A É Ma-nu-ki-A-šur nu-šé-ṣí-a-ma a-na ma-lá tí-ir-tí-ku-nu a-mì-ša-am na-[áš-ú]-ni-ku-nu-<tí> ṭup-pu-um ù s[í]-kà-an-LUGAL É Ma-nu-ki-A-šur nu-šé-ṣí-a-ma a-na [Ištar]-lá-ma-sí ni-dí-in","We brought out 20 talents of wool from Mannum-ki-Aššur's house, and following your instructions they bring it to you there. We brought out a tablet and some sikkan-šarru-stone from Mannum-ki-Aššur's house and gave it to Ištar-lamassī."
"a-na En-um-A-šur qí-bi-ma ha-ra-ni a-na Wa-ah-šu-ša-na a-ta-lá-ak wa-dí a-hi a-ta me-er-i a-ta a-na tí-ir-tí-kà ša ta-<áš>-pu-ra-ni um-ma a-ta-ma a-na Wa-ah-šu-ša-na a-ša-pár-ra-ma URUDU ú-šu-ru-ni-kum u4-ma-ma tí-ir-ta-kà li-li-kam-ma URUDU lu-šé-ru-nim a-na KB lu-ta-e-er-ma ma-ah-ri-kà lá-[áš]-ku-un-ma a-ta-ma a-l[i ma-lá-ki]-im mì-li-[ik]","To Ennam-Aššur: I have left on a journey to Wahšušana. Know, my dear brother and son, as to the message you sent me, saying: ""I shall write to Wahšušana that they shall release the copper to you."" Send word even today, so they release the copper to me and I can convert it to silver, and place it before you so you yourself may decide what is to be done. ... is lost ..."
"URUDU d[a- x x x x x b]u ú-kà-al lá i-[x x x x x] a-na-kam ṭup-pu-[um x x x x r]i-im [sà-hi-ir]-[x x ṭup-pá-am] ú-kà-a[l] ša URUDU i-ša-qú-lu-ni-ni i-hi-id-ma tí-ir-ta-kà a-ṣé-ri-a li-li-kam ù En-um-A-šur a-ṣé-ri-a šé-ri-a-am pì-ri-kà-ni a-na nu-a-im i-dí-in-ma šu-ma i-tí-ki-ir","copper ... here the tablet ... I hold a tablet stating that they must pay the copper to me. Take care to send word to me. Also, conduct Ennam-Aššur to me. He gave the pirikannus to the Anatolian, and if he denies ..."
"[KIŠIB Ku-k]u-a-ma [KIŠIB] Šu-Ištar a-na En-um-A-šur","Seal of Kukuwa and seal of Šu-Ištar; to Ennam-Aššur."
"um-ma Ku-ku-a ù [Šu-Ištar-ma] a-na En-um-A-[šur qí-bi-ma] a-na ma-lá tí-ir-[tí-kà] ša ki-ma ku-a-tí i-na [qá-tí] 1 ma-na KB a-mu-ra-am 5/6 ma-na KB ṣa-ru-pá-am a-na Ištar-lá-ma-sí ù Ma-nu-ki-e-lí-a a-na ṣí-ib-tim i-dí-in","From Kukuwa and Šu-Ištar to Ennam-Aššur: In accordance with your instructions your representative ... gave 1 mina of checked silver and 5/6 mina of refined silver to Ištar-lamassī and Mannum-ki-iliya against interest."
"a-na-kam 2 ma-na 4 GÍN KB Ku-ku-a iš-qú-ul-ma ku-nu-ki-šu a-na Šu-Ištar ip-qí-id a-na Kà-ni-iš ni-lá-ak-ma ṭup-pá-am ša ku-nu-ki-šu i-ma-ar-ma KB ù ṣí-ba-sú a-na ša <ki->ma DAM.GÀR-ri-im i-ša-qú-lu-ma ṭup-pá-áš-nu nu-ša-ar KB a-šu-mì-šu-nu-ma GAN-lam5 i-tí-iq","Here Kukuwa paid 2 minas 4 shekels of silver and entrusted it to Šu-Ištar under his seal. We shall go to Kanesh and he will see the tablet with his seal, they will pay the silver and its interest to the representatives of the merchant, and we shall release their tablet. The silver will then travel overland in their name."
"5/6 ma-na 3 GÍN KB a-ha-ma ša ṭup-pì-šu ša-al-tim KB iš-qú-ul-ma ku-nu-ki-šu a-na Šu-Ištar ip-qí-id um-ma šu-ut-ma ša-áp-ra-tí-a ú-qá-ma a-na Kà-ni-iš a-na ṣé-er ša ki-ma ku-a-tí li-li-kam ša-áp-ra-tí-šu ù ṭup-pì-šu lu-šé-ru-ú","He further paid 5/6 mina 3 shekels of silver from his valid tablet, and entrusted it under his seal to Šu-Ištar. He said: ""I am waiting for my surety,"" so let him go to Kanesh to your representatives, so they may release his surety and his tablet."
"15 GÚ SÍG.HI.A ù 7 ANŠE.HI.A sa-lá-mì 7 pá-li-lu A-ba-ba Ša-lim-wa-ar-<dí> ù Šé-ep-Ištar i-ra-dí-ú-ni-kum a-ma-kam lu-qú-ut-kà Ša-lim-wa-ar-dí lu-ba-li-ṭá-kum ku-ṣú-ú il5-mì-nu-ma a-dí u4-[mì]-im a-ni-im is-hu-ru","Ababa, Šalim-wardi and Šēp-Ištar lead 15 talents of wool, 7 black donkeys and 7 palilus to you. Have Šalim-wardi credit your goods to you there. The winter has become bad and until today they are delayed."
"a-na En-u[n-u]m-A-[šur] qí-bi-ma um-ma Šu-[Ištar]-ma tí-ir-ta-kà a-na K[à-]ni-iš li-li-kam-ma [a]-[dí] URUDU-i a-šar kà-šu-dim lu [...] i-na Kà-ni-iš lá-[šu]","To Ennam-Aššur from Šu-Ištar: Send your instructions to Kanesh and with respect to my copper - where it may be reached ... is not in Kanesh."
"um-ma Ku-[zi-zi-a]-ma a-na [En-um]-A-šur qí-bi-ma a-na ma-lá tí-ir-tí-kà hu-ur-ší-[kà] ša ṭup-pé-e Pí-la-ah-Ištar i-dí-[nam] hu-ur-ší-a-nu-um [ù] ku-nu-ku-kà [ku-nu-ku] ša A-lu-lá-a um-ma Pí-lá-ah-Ištar-ma ṭup-pá-am ša kà-ṣa-ri-šu [a]-a-kam-ma ni-il5-qé-ma ú a-na hu-ur-ší-a-nim ni-iš-ku-šu-ma A-lu-lá-a ik-nu-uk","From Kuziziya to Ennam-Aššur: In accordance with your message Pilah-Ištar gave me (access to) your store-room with the tablets – the container and your seal, sealed by Alulaya. Pilah-Ištar said: ""We have taken the tablet of his harnessor somewhere, and then we placed it in the container and Alulaya sealed it."""
"hu-ur-ší-a-nam ša ṭup-pí-kà Eb-ri-mu-ša na-áš-a-kum ù a-ma-lá tí-ir-tí-kà ṭup-pí-kà a-na Pu-ru-uš-ha-dim nu-uš-té-bi-il5 áš-pu-ra-kum um-ma a-na-ku-ma ú-ṭá-tá[m x x x]-a-ku-ma a-we-el-tim [dí-in] ú tí-ir-ta-[kà] li-li-kam ta-áš-pu-ra-am um-ma a-ta-ma a-da-[an] a-hi a-ta dí-[in]","Ewarimuša brings you the container with the tablet; also, as you instructed, we have sent your tablets to Purušhaddum. I wrote to you and said: ""Give the grain ... to(?) the lady."" So, send word. You wrote, saying: ""I shall give it."" My dear brother, give it!"
"a-na E-na-ah-DINGIR Šu-A-šur ù En-um-A-šur qí-bi-ma um-ma Ma-ma-hi-ir ù Šu-ku-tum-ma 2 ma-na 15 GÍN KB ša Šu-ku-tum a-na DAM.GÀR ha-bu-lu ša ṭup-pì-šu ha-ar-mì-im KB ku-nu-ki ša Šu-ki-tim En-um-A-šur na-áš-a-ku-nu-tí ṭup-pá-am ša hu-bu-li-šu am-ra-ma ma-lá u4-mu-šu e-tí-qú-ni 2 ta-ah-sí-is-té-en6 pá-tí-té-en6 lu-up-ta-ma iš-tí-it E-na-ah-DINGIR lu-kà-il5 iš-tí-it Šu-A-šur lu-kà-il5","To Enah-ili, Šu-Aššur and Ennam-Aššur from Man-mahir and Šukkutum: As to the 2 minas 15 shekels of silver that Šukkutum owes to the merchant, according to his certified tablet – Ennam-Aššur brings you the silver sealed by Šukkutum. Look at his debt-note and write two open memoranda about how much his terms are in arrears, and Enah-ili should keep one while Šu-Aššur should keep the other."
"i-nu-mì Šu-ku-tum iš-tí tám-kà-ri-im i-na-mu-ru-ú šu-ma li-bu-šu DAM.GÀR ma-lá u4-mu-šu e-tí-qú-ni ṣí-ib-tám i-ṣé-er Šu-ki-tim li-il5-qé šu-ma ṣí-ib-tám lá i-lá-qé gi-mì-li a-na Šu-ki-tim li-dí-ma li-ig-mì-il5-šu KB ša ki-ma DAM.GÀR li-il5-qé-ú-ma ṭup-pá-am ša hu-bu-ul Šu-ki-tim Šu-A-šur ù En-um-A-šur li-<il5>-qé-ú","When Šukkutum meets with the merchant, the merchant may, if he wishes to do so, charge interest from Šukkutum in accordance with how much his terms are overdue. If he does not charge interest he will do Šukkutum a real favour. The representatives of the merchant should receive the silver, and Šu-Aššur and Ennam-Aššur must take Šukkutum's debt-note."
"KIŠIB Ma-ma-hi-ir DUMU A-[mur-Ištar] a-na En-nu-um-A-šur","Sealed by Man-mahir son of Amur-Ištar; to Ennam-Aššur."
"um-ma Ma-ma-hi-ir-ma a-na [En-nam]-A-šur qí-bi4-ma 1 GÚ 20 ma-na URUDU ma-sí-am [SIG5] A-ni-na DUMU A-šur-be-el-a-wa-tim [ub]-lam ṭup-pu-šu a-na a-bi4-kà [e-]zi-ib ù a-na-ku 1 ma-na 10 GÍN KB ha-bu-lá-ak-šu-um 1 ma-na 10 GÍN KB ku-nu-ki-a Šé-lu-um-ar-dí na-áš-a-kum a-ma-kam A-ni-na URUDU ú ṣí-ba-sú li-[iš-qú-lá-kum]-ma [x x x] KB ú ṣí-ba-sú","From Man-mahir to Ennam-Aššur: Annina son of Aššur-bēl-awātim brought 1 talent 20 minas of washed fine copper. He left his tablet for your father. Also, I personally owe him 1 mina 10 shekels of silver. Šalim-wardi brings you the 1 mina 10 shekels of silver under my seal. Have Annina pay you the copper and its accrued interest there, and pay the ... silver and its accrued interest, and ... the copper ..."
"[šu]-qú-ul-ma URUDU [x] ma-na [x] GÍN [KB] [x] SIG5-pì-A-[šur] [ù] [x x] ku [...] um-ma [A-mur-Ištar]-ma 1 TÚG [x] [ma-na TA áš ku x x] kà [ni-dí-in a-ma-kam] URUDU [SIG5-pì-A-šur] li-iš-qú-lá-kum [i]-na dUTU-ší ṭup-pì [ta-ša-me-ú] tí-ib-a-ma a-tal-kam ù lu ni-iz-ku ša [11] GÚ URUDU SIG5 ṭup-pu-šu ha-ar-ma-lam ša DÙG-ṣí-lá-A-šur a-na a-bi4-kà [x x x x] tí kà ta ni [...]","x minas x shekels of silver ... Damiq-pī-Aššur ... Amur-Ištar said: ""We sold 1 textile worth x mina ..."" Let Damiq-pī-Aššur pay you the copper there. The very day you hear my letter you should set out and come and then let us settle accounts. For 11 talents of good copper ... the certified tablet that Ṭāb-ṣill-Aššur ... to your father ..."
"um-ma Ma-ma-hi-ir-ma a-na En-um-A-šur ù Lu-lu qí-bi-ma [a]-na Lu-lu qí-bi-ma [x] ma-na KB [š]a Ku-ul-ma-ku-ul-ma a-na ṣé-ri-a ú-šé-bi4-lá-[kà]-ni KB a-na En-um-A-šur šu-qúl-ma ù ṭup-pá-am ša ku-nu-ki-šu li-dí-na-kum a-ša ki-ma a-na Ku-ul-ma-ku-ul-ma lá a-tù-ru KB ku-nu-kà-šu-ma iš-tí En-um-A-šur li-ib-ší","From Man-mahir to Ennam-Aššur and Lulu; specifically to Lulu: x minas of silver that I sent to you with Kulma-kulma, pay that silver to Ennam-Aššur. Then let him give you a tablet with his seal to the effect that I shall not raise claim against Kulma-kulma. Seal the silver and let it remain with Ennam-Aššur."
"a-na A-limki na-zu-um a-na En-um-A-šur qí-bi-ma 2 ANŠE ṣa-lá-me-en ú ú-nu-sú-nu Lu-lu li-dí-na-kum ú 1 ANŠE Ar-ší-ah li-dí-na-kum En-na-Sú-in ša-al-ma šu-ma KB [(x)] qá-tí il5-qé e-ri-šu-ma ma-li-a-šu-nu šu-ma lá-šu ANŠE.HI.A a-na 1/2 ma-na TA","There is a complaint against the City. To Ennam-Aššur: Have Lulu give you 2 black donkeys and their harness; also, have Arši-ah give you 1 donkey. Ask Enna-Suen and if he has received silver for expenses demand it from him and load them (the donkeys). If he is not there (sell) the donkeys for 1/2 mina each."
"a-na En-na-nim Ku-ku-ú-a Ma-ma-hi-ir ù Ha-dí-tim qí-bi-ma um-ma En-nam-A-šur-ma a-na Ha-dí-tim qí-bi-ma i-na pá-ni-tim-ma iš-tí Ma-ma-hi-ir tí-ir-tí i-[li-kà]-ki-[im] um-ma a-na-ku-ma ú-ṭá-t[ám] ša a-na a-wi-lá-tim ša KB 2 ma-na a-na u4-[me] ú-šé-ru-ma ku-a-tí ú Ša-x [...] KB ší-im ú-ṭá-tim [...] a-ṣé-ri-a ta-ú-[...]","To Ennānum, Kukuwa, Man-mahir and Haditum from Ennam-Aššur; specifically to Haditum: Earlier I sent word to you with Man-mahir, saying: ""The grain that I released on terms to the ladies for 2 minas of silver ... and which ... for you and Ša..., the silver, the price of the grain ... to me."""
"[a]-na-ku [a]-n[a ...] a-dí ma-[lá ú ší-ni-šu] KB [...] a-na Lá-[qé-ep ...] dí-ni ú x [...] a-ha-ma li-bi-ší a-dí ha-ra-ni i-na a-lá-ki-[a] li-bi mì-ma lá tù-ša-n[i] ú ú-ṭá-tám ša [Tù]-um-[li-a-im] ú ša DUMU Uš-h[a-ta (x) m]a-lá i-ša-nim ni-[...]","I ... both once and twice ... the silver ... give to Lā-qēpum ... and ... let it remain apart until the journey. Do not alienate me when I arrive. Also, the grain from the man from Tumliya and from Ušhata's son ... in the second ..."
"li-bi-ší-[a] [...] a-na Ku-ku-[a qí-bi-ma] um-ma E[n-um-A-šur-ma] ší-im e-[...] ṭup-pá-kà [...] u4-me-e áš-[...] um-ma Šu-Bé-[lúm-ma u4-mu-kà] ma-al-ú KB [ša x x] 1/2 ma-na KB ší-im TÚG.HI.A iš-tí Wa-al-dí-lim ṣa-áb-ta-šu-ma KB ša-áš-qí-lá-šu 25 na-ru-uq GIG Kà-ar-ší-ni er-ša-ma i-be-et En-na-nim li-bi4-ší","it should remain ... To Kukuwa from Ennam-Aššur: The price of ... your tablet ... terms ... Šu-Bēlum said: ""Your term is up. Have him pay the silver."" 1/2 mina of silver, the proceeds from the sale of my textiles is in Waldi-ilum's possession, so seize him and make him pay. Demand 25 sacks of wheat from Karšini, and let them be kept in Ennānum's house."
"a-na En-na-nim Ma-ma-hi-ir ù A-lá-hi-im qí-bi-ma um-ma [En-nam]-A-šur-ma ma-lá [na-áš-pe]-er-tám a-na ṣé-er ša ki-ma a-bi-ni [ù-]šé-bi-lá-ni ù a-tù-nu ší-ta-me-a-ší-ma Ú-ra-a dMAR.[TU-ba-ni] dIM-ILLAT-at A-hu-wa-[qar] [ù] Id[-na-a] ší-bi a-na a-bi-ni Šu-Ku-bu-um a-na-kam iz-ku-ra-ni","To Ennānum, Man-mahir and Ali-ahum from Ennam-Aššur: As I sent a missive to my father's representatives you too should listen to it, since Šu-Kūbum here has sworn in Uraya, Amurrum-bāni, Adad-ellat, Ahu-waqar and Idnaya as witnesses for our father."
"i-nu-mì a-wi-li a-ni-ú-tim a-na a-wa-tí-šu-nu ga-ma-ri-im ú-šé-ší-bu-šu-nu-ni a-wa-tí-šu-nu ú-ga-me-ru-ni maš-[kà]-na-tim ma-lá Ša-lim-A-šur a-na A-limki uš-té-bi-lu KB 1 ma-na ú 2 ma-na né-ma-lam [a-n]a ra-mì-ni-šu la e-pu-šu [x] 1/2 [ma-na] [x] GÍN a-mu-tám [ša] ba-ri-šu-[nu] [Šu]-Ku-bu-um a-na Pu-ru-uš-ha-dim ú-šé-ri-bu i-na ší-im a-mu-tim mì-ma KB du-mu-uq-tám a-na [ra-m]ì-ni-šu la e-pu-šu GÍR ša A-šu[r] [Šu-Ku]-bu-um i-ta-ma-ma [x] ma-na 2 GÍN KB lu ga-mar-šu [x] [lu ša] a-bu-ni i-ša-qal-šu-um","When he had these men sit down to conclude their case (and they have indeed concluded it), then for the deposits that Šalim-Aššur has sent to the City and on which he has not realised a profit of even one or two minas of silver for himself, (and) the x 1/2 mina x shekels of iron, belonging to them both, that Šu-Kūbum sent into Purušhaddum, (and) of the proceeds from the iron he realised no silver value for himself – (on this) Šu-Kūbum will swear on Aššur's dagger, and our father will pay him x minas 2 shekels of silver, both his expenses and ..."
"[x a-][ma-lí-ma] a-wa-tim a-ni-a-tim dMAR.TU-ba-ni a-na ki-lá-[li-ni] [x] [x x ú] a-na a-wa-tim a-ni-a-tim [a]-[ma-kam ih-da-ma] a-we-li [šu-nu-tí] [a]-na [qé-][ra-áb] bé-tim šé-ri-ma [ha-sí-sà-šu-nu] ṭup-pá-šu-nu ba-áb DINGIR le-qé [ù] tí-ir-ta-ku-nu [li-li-kam]","these matters never ... Amurrum-bāni for us both ... and for these matters take care there and lead these men into the house and remind them; take their tablet in the Gate of the God, and send me word."
"be-lu-ú-a a-tù-nu ih-da 1/2 ma-na 1 1/3 GÍN KB ṣa-ru-pá-[am] A-mur-Ištar DUMU A-šur-i-mì-tí ha-bu-lam ṭup-pu-šu ha-ar-ma-am ú-kà-al u4-mu-šu 2 ITU.KAM e-tí-qú a-ha-ma 16 GÍN KB [i-na KB] i-na Pu-ru-uš-ha-dim il5-[qé] [...] KB ú [ṣí-ba-sú ša-áš-qí-[il5 x x] šu-ma ṭup-pá-[x x x x x x] tup-pu-šu [...]","My dear lords, take care! Amur-Ištar son of Aššur-imitti owes me 1/2 mina 1 1/3 shekels of refined silver. I hold his certified tablet. His terms are overdue by 2 months. Further, he took 16 shekels of silver from the silver in Purušhaddum ... Make him pay the silver and its interest. If ... his tablet ..."
"a-na Ha-nu-nu ù En-nam-A-šur qí-bi-ma um-ma Ma-ma-hi-ir-ma a-ma-kam a-na qá-ra-bi-tim er-ba-ma ṭup-pá-am ša bé-ú-lá-at Da-ra-áš En-um-A-šur na-ší i-na li-bi ṭup-pí-a šu-uk-na ú ta-ah-sí-is-tám ša a-na ṣí-it En-um-A-šur ú-ša-qi-lu am-ra-ma i-na na-áš-pé-er-tí-ku-nu ú-dí-a-nim ú ta-ah-sí-is-tám En-nam-A-šur lu-kà-il5-ší","To Hanunu and Ennam-Aššur from Man-mahir: Enter the interior of the house there, and place the tablet (that) Ennam-Aššur carries concerning the working-capital of Daraš among my other tablets. Also, look at the memorandum stating that he paid for Ennam-Aššur's various expenses, and make it known to me in your missive. Also, Ennam-Aššur should keep the memorandum."
"um-ma Ku-da-tum ú Ma-ma-hi-ir-ma a-na E-nam-A-šur qí-bi4-ma 1 ma-na KB ša Da-ra-ší ú Ì-lí-dí-na ší-im e-ma-ri ku-nu-ki-šu-nu Ma-nu-um-ki-A-šur DUMU A-hu-wa-qar na-áš-a-kum a-ma-kam KB li-iš-qú-lá-ku-ma ú ṭup-pá-áš-nu dí-in","From Kudātum and Man-mahir to Ennam-Aššur: Mannum-ki-Aššur son of Ahu-waqar brings you 1 mina of silver from Daraši and Ili-iddina, the price of donkeys, under their seals. Have them pay the silver there to you and then give them their tablet."
"a-na I-dí-a-bi-im I-tur4-DINGIR En-na-nim ù A-lá-hi-im qí-bi-ma um-ma En-nam-A-šur-ma a-šu-mì lu-qú-tim ša a-bi-ni a-na ša-lá-hi-ša ta-áš-pu-ra-ni-ni a-na-kam A-da-da iš-tí A-šur-DÙG DUMU A-zu-za-a i-Ša-lá-ah-šu-wa i-mì-ig-ru-ma a-na Ku-ša-ra A-da-da a-na a-wi-lim ta-mu-im [e]-tí-tí-iq ma-mì-tám iš-tí a-wi-lim i-lá-qé-[ma] ú lu-qú-tám ša DUMU A-zu-za-a-ma ha-ra-an sú-qá-ni-ma i-ša-lá-ah","To Iddin-abum, Itūr-ili, Ennānum and Ali-ahum from Ennam-Aššur: You have written me about dispatching our father's goods. Here Adada agreed with Aššur-ṭāb son of Azuzaya in Šalahšuwa, and Adada has travelled to Kuššara to have the man swear an oath. He will get an oath from the man and then he will dispatch the goods of Azuzaya's son on the Narrow Track."
"a-ba-ú-a bé-lu-a a-tù-nu šu-ma a-ma-kam a-wa-at kà-ri-im ù e-kál-lim da-na-ma lu-qú-tum a-mì-ša-am lá nu-šé-ra-ba-ší KB 1 ma-na tí-ri i-na KB-áp a-bi-ni le-qé-a-ma iš-tí ba-tí-qí-im ú-lá iš-tí ṣú-ha-ri-a šé-bi4-lá-nim-ma lu-qú-ut a-bi-ni a-šar šu-ul-mì-im li-ší-li-ih bé-lu-a a-tù-nu ih-da-ma ṣú-ha-ri-a ṭù-ur-da","My dear fathers, if the orders of the colony and the palace are strict there, then we shall not let the goods enter for that destination. Get every mina of tiri-silver from our father's silver and send it here with an express caravan or with my servant, so our father's goods may be dispatched safely. My dear lords, take care to send my servant."
"a-na I-dí-a-bi-im I[tur4-DINGIR] Ku-ku-wa A-dí-da ù A-lá-[hi-im] qí-bi-ma um-ma En-um-A-šur-m[a] a-šu-mì lu-qú-tim ša a-bi-ni a-šar ša-lá-mì-ša a-ṣé-er ša ki-ma a-bi-ni ù a-ṣé-ri-ku-nu a-dí ma-lá ú ší-ni-šu áš-pu-ra-ku-nu-tí i-na tí-ir-tí-ku-nu ha-ra-an sú-qí-ni-ma a-šé-ru-ub lu-qú-tim ta-áš-ta-na-pá-ra-nim um-ma a-tù-nu-ma a-šar ša-lá-am lu-qú-tim ša a-bi-kà mì-li-ik","To Iddin-abum, Itūr-ili, Kukuwa, Adida and Ali-ahum from Ennam-Aššur: Once or twice I have written to our father's representatives and to you about how to deal with our father's goods in a safe manner. In your instructions you keep writing to me about bringing the goods on the Narrow Track. You wrote: ""Decide about the safety of your father's goods!"""
"ú a-na-kam a-wa-at e-kál-li ša ša-lá-ša-at šu-nu-tí da-na-ma a-šar iš-té-en6 a-wa-sú-nu ša-ak-na-at [ú] i-na ha-ra-an sú-qí-nim-ma DUMU A-zu-za-a iṣ-bu-[tù]-ma a-dí u4-mì-im a-nim kà-li-i a-dí KB ša a-dí ší-ni-šu áš-pu-ra-ku-nu-tí-ni-ma [šu-ut] ú-lá e-zi-ba-ni [a-ba-ú-a] bé-lu-a a-t[ù-nu] [KB] 1 ma-n[a tí-ri] a-ma-lá lu-q[ú-tim ša a-bi-ni] ša-lá-mì-ša [i-x x]-[...]","However, here the orders of the palaces, three of them, are strict, and they have made common cause. So, they have seized Azuzaya's son on the narrow track and he is detained until this day. As to the silver that I wrote you about twice, and which he has not left for me, my dear fathers, every mina of tiri-silver as saving our father's goods ..."
"i-na KB-áp a-bi-a iš-tí ba-tí-qí-[im] šé-bi-lá-nim-ma lu-qú-tám lá-áš-lu-ùh ih-da-ma lá a-sá-hu-ur ú a-ta mì-nam ša a-ma-kam ta-ta x i ha ri ú","Send me some of my father's silver with an express caravan so I can dispatch the goods. Take care so I am not delayed and indeed, why is that there you have ..."
"um-ma I-tur4-DINGIR-ma a-na En-um-A-šur qí-bi-ma 5 [GÚ] [UR]UDU ma-as-a-am [x] [x]-bi4 ša-ni-a-[am] [i-]na ha-ra-ni-a [š]a-a-ma a-ma-kam [li-ni-dí] [i-na] [...] [e-ma-][...] [ú-šé-ra-a-ma] [i-t]a-pu-lu-ni-šu","From Itūr-ili to Ennam-Aššur: Buy 5 talents of washed copper ... another ... on my journey, and let it be deposited there. ... I shall release, and they will balance it with him."
"um-ma I-tur4-DINGIR-ma a-na En-um-A-šur qí-bi4-ma a-na Ú-ùh-šu-ša-na tí-ir-ta-kà li-li-ik-ma ší-im 30 TÚG i-a-ú-tim li-iš-lu-ṭù-ma lu-šé-bi4-lu-ni-kum ší-im 1 TÚG a-bar-ni-im ša DUMU A-lu-[x]-nim li-iš-lu-ṭù-ma lu-šé-bu-lu-ni-kum ú ší-im TÚG ṣú-ba-tí ša A-lá-hi-im ú E-na-nim li-iš-lu-ṭù-ma lu-šé-bi4-lu-ni-kum","From Itūr-ili to Ennam-Aššur: Send word to Wahšušana that they should take control of the proceeds from my 30 textiles and send it to you. They should take control of the proceeds from 1 Abarnian textile belonging to Alu...num's son and send it to you. Also, they should take control of the proceeds from the textiles belonging to Ali-ahum and Ennānum and send it to you."
"[a-n]a I-tur4-DINGIR qí-[bi-ma] [um-m]a En-um-A-š[ur-ma] [a-ma-]lá tí-ir-tí-kà [ta-]áš-bi-it [KB] [x ma]-na 15 GÍN [x x š]a-zu-úz-t[a-kà] [...š]í-mì","To Itūr-ili from Ennam-Aššur: In accordance with your instructions ... your representatives ... the final payment of the silver, x minas 15 shekels ..."
"a-na I-tur4-DINGIR qí-bi-ma um-ma A-lu-la-a ù tám-kà-ru-um-[ma] 16 2/3 ma-na ri-ik-sà-am ku-nu-ki [ša] A-lu-lá-a ša [Ša]-lim-ar-dí ù E-wa-ri-mu-ša ub-lu-ni-ku-n[i-m]a šu-mì DAM.GÀR ú-du-ú-ma [a-]na na-áb-ší-im nu-šé-bi-lá-ku-ni DAM.GÀR En-um-A-šur a-ma-kam ri-ik-sà-[am] a-na En-um-A-[šur] [dí]-in-ma ù té-er-ta-kà [le]-zi-ba-am","To Itūr-ili from Alulaya and the merchant: The bundle of 16 2/3 minas, sealed by Alulaya, that Šalim-wardi and Ewarimuša brought to you and for which the name of the merchant was made known, and which we sent you for safe-keeping – Ennam-Aššur was the merchant. Give the bundle to Ennam-Aššur there and then let him leave a message from you for me."
"a-dí AN.NA š[a] ta-dí-nu-ni-ma 27 ma-na AN.NA iš-tí-kà-ma i-ba-ší 30 ma-na AN.NA ta-dí-na-ma [iš]-tí Pí-lá-ah-Ištar i-ba-ší a-bi a-ta [a-šu-mì-kà] [sà]-ah-ra-ku-ma li-bi4 lá [x x] dí-in ší [x x] [lu ta da a]","With respect to the tin you sold, 27 minas of tin are in your possession; You sold 30 minas of tin and that is with Pilah-Ištar. My dear father, because of you I am delayed and my heart ... give ..."
"ú tí-ir-tí ša k[i-ma ...] um-[ma šu-nu]-ma [...] iš-t[í wa-]ar-k[i-ú-tim ...] [nu]-šé-ba-al-[šu-um be-lu-a] a-tù-nu KB li-iš-[...] šu-ma ta-da-ga-lá-ma ba-ra-num a-n[a Ú-š]a pá-tí-at-ma [a-pu]-tum KB šé-bi-lá a-ma-kam a-tù-nu mì-il5-kà A-lu-wa tù-ur-da lá i-sà-hu-ur","also, the instructions of the representatives ... They said: ""We shall send it to him with the next transport."" My dear lords, let the silver ... If you observe that the road to Ušša is open, then please send silver. You yourselves make up your minds there! Send Aluwa. He should not delay."
"a-na Pí-la-ah-Ištar DUMU A-šur-SIPA ú A-mur-Ištar ni-a-im KIŠIB En-um-A-šur DUMU Ša-lim-A-šur","To Pilah-Ištar son of Aššur-rē'i and our own Amur-Ištar; seal of Ennam-Aššur son of Šalim-Aššur."
"a-na Pí-lá-ah-Ištar ù A-mur-Ištar a-na Pí-lá-ah-Ištar qí-bi-ma um-ma En-um-A-šur-ma 1 TÚG ra-qá-tám SIG5 ša a-na ší-mì-im a-dí-na-ku-ni a-hi a-ta a-na ma-la a-we-lu-tí-kà ra-qá-tám dí-in-ma KB ku-nu-uk-ma KI A-mur-Ištar šé-bi-lam ù šu-ma ra-qá-tum lá ta-ad-na-at-ma a-dí-ni i-ba-ší ki-ma a-ší-mì-ša ú-bu-lu KB i-ra-ma-tí-kà [i-dí]-ma ku-nu-uk-ma A-mur-Ištar lu-ub-[lam]","To Pilah-Ištar and Amur-Ištar; specifically to Pilah-Ištar from Ennam-Aššur: As to the one thin textile of good quality that I gave you to sell, my dear brother, sell the thin one acting as a true gentleman, seal the silver and send it with Amur-Ištar. But if the thin textile has not been sold and is still there, put down silver yourself as much as it will fetch when sold, seal it and let Amur-Ištar bring it."
"ù lu gis-mì-lúm i-a-tí ha-ra-ni a-na A-limki ù a-na-ku a-we-el gis-mì-lim A-mur-Ištar lá i-bi-a-at ṭur4-da-šu šu-a-tí ú-qá-a-šu","So let it be a favour to me – I am going to the City; I too am a man of favours. Amur-Ištar should not delay, send him. It is him I am waiting for."
"um-ma Pí-lá-ah-Ištar-ma a-na A-šur-ta-ak-lá-ku ù En-um-A-šur a-na En-um-A-šur qí-bi-ma áš-ta-na-me-ma a-na A-li-im ha-ra-kà a-dí ṭup-pí-im ša šu-mì DAM.GÀR lá-áp-tù-ni-ma iš-tí-kà i-ba-ší-ú ṭup-pá-am šu-a-tí a-šar a-na ša [ša]-zu-úz-tí-kà té-zi-bu-šu ša-hi-iz-ma [ù šu]-mì ša-zu-úz-tí-kà i-na [li-bi t]í-ir-tí-kà lu-up-ta-ma [šu-ma lá] šu-wa-tí-mì-in KB [x x]-lá-kum a-ta ú-lá [ta-áš]-ta-na-me ki-ma i-na [Ša-lá-]tù-ar sí-kà-tù-ni-ma [ù i-na] qé-ra-áb a-li-ma [i-na pu-ù]h-ri-šu-nu sí-hi-tù-ni-ma","From Pilah-Ištar to Aššur-taklāku and Ennam-Aššur; specifically to Ennam-Aššur: I keep hearing that you are going to the City. With respect to the tablet that was written in the name of a merchant and is with you, point out where you left this tablet with your representatives and then write the names of your representatives in your message, and if it was not for him the silver ... to you. Do you not keep hearing that there is warfare in Šalatuwar and within the city itself there is a revolt in their assembly, and ..."
"[x x x (x) ih]-[ta-na-ṭá a-na] hi-ṭim [x x x x x (x)] i-[tù]-ru-ma [x x x (x) a-n]a-kam m[u-hu]-ur-šu-nu-ma [...] tí-ni [...]-na [ú-]lá [x x x] [hi] [x] [ta] nam ú-lá [x x x]-mì a-na-ku ú a-ta [x x x] i-na ṭup-pí-i[m ša š]u-mì DAM.GÀR lá-áp-t[ù 1] ITI.KAM iš-tí-in ú-lá ší-na wa-ar-hu e e-tí-qú-ma ṣí-ib-<tum> [...] i [x] ša ki-ma [...] im-[ha-]aṣ [x u4-m]ì-im iš-tí-in lá té-pá-áš","he keeps committing sins ... they have come back to sin ... approach them there ... I and you ... in the tablet that was written in the name of a merchant, not a single or two months must be overdue so interest ... he hit ... do not make in a single day."
"um-ma Pí-lá-ah-Ištar-ma a-na En-um-A-šur qí-bi-ma a-šu-mì KB ša DAM.GÀR ša a-na-kam a-na A-lu-la-a tù-ša-zi-<za->-ni A-lu-lá-a wa-ar-ki-kà-ma ha-ra-šu i-ta-lá-ak iš-tù 45 u4-me KB im-qú-tá-ma i-ba-ší šu-ma sá-ah-ra-tí tí-ir-ta-kà li-li-kam-ma a-šar ta-ša-pá-ra-ni KB lá-áš-qú-ul ú-lá a-na hu-ša-hi-a KB lu-pá-ni KB lá kà-ṣú-ud","From Pilah-Ištar to Ennam-Aššur: Concerning the merchant's silver for which you made me guarantee here to Alulaya, Alulaya later went on a trip after you. 45 days ago the silver arrived and is ready. If you are delayed, send word and I shall pay the silver where you write. Otherwise let me set it aside for my own needs. The silver should not be idle."
"um-ma Pí-lá-ah-Ištar-ma a-na En-um-A-šur qí-bi4-ma a-na 6 5/6 ma-na KB ša a-na DAM.GÀR ba-bu-lá-ku-ni a-na-kam-ma tù-na-hi-da-ni um-ma a-ta-ma KB ša i-ma-qú-tá-ku-ni a-na ša-nim lá tù-pá-na a-na A-lu-lá-a ki-ma DAM.GÀR šu-qú-ul 15 u4-me lá i-li-ik KB im-qú-ta-ma A-lu-lá-a a-na-kam lá-šu-ma KB a-dí u4-mì-im a-nim i-ku-nu-ki-šu i-ba-ší","From Pilah-Ištar to Ennam-Aššur: Here you instructed me about the 6 5/6 minas of silver that I owe to the merchant, and you said: ""Whatever silver falls to you, do not set that aside for any other person; pay it to Alulaya on behalf of the merchant."" Before 15 days had gone by silver fell into my hands, but Alulaya was not here, so the silver remains to this day under his seal."
"a-dí ší-ni-šu ú 3 šal-ší-šu tí-ir-tí i-li-kà-kum ú i-pì-a tí-ra-tim áš-[ta]-pá-ra-kum ta-áš-pu-ra-am um-ma a-ta-ma KB iš-tí-kà-ma li-bi4-ší li-ba-kà [lu] i-de8 ki-ma iš-tù 4 ITI.KAM KB a-šu-mì-kà kà-ṣú-du u4-ra-ni a-ta-lá-ak KB a-ša ki-ma i-a-tí e-zi-ib","2 or 3 times I have sent word to you, and I have sent you oral messages, and you answered: ""Let the silver remain in your possession."" You certainly know that the silver has been held up for 4 months in your name. Tomorrow I shall leave. I have left the silver with my representative."
"um-ma A-lá-a-ma ù Šé-ep-Ištar-ma a-na tám-kà-ri-im qí-bi4-ma 6 5/6 ma-na KB ší-<im->tám ni-il5-qé a-ha-ma ṣí-ib-tám 2/3 ma-na 1 GÍN KB ša 4 ha-am-ša-tim 12 GÍN ki-ib-sà-tim «ša» ša 6 ma-na KB 5 1/4 GÍN [ŠÀ].BA ab-num ša É kà-ri-im ŠUNIGIN 5/6 ma-na 8 1/4 GÍN KB a-ṣé-er ší-im-tim iṭ-hi-i i-na ke-ni-im a-na KB ša li-bi4-kà 1/3 ma-na 4 1/2 GÍN KB Pí-lá-ah-Ištar DUMU A-šur-SIPA ik-lá","From Alaya and Šēp-Ištar to the merchant: We took the agreed amount of 6 5/6 minas of silver. Further, interest of 2/3 mina 1 shekel of silver; for 4 weeks 12 shekels: deductions; on 6 minas of silver: 5 1/4 shekels. Specified with the colony's weight stone. In all, 5/6 mina 8 1/4 shekels of silver he transferred to the agreed amount. Truly, Pilah-Ištar son of Aššur-rē'i held 1/3 mina 4 1/2 shekels back on the silver in your possession."
"um-ma A-lá-a-ma 1/3 ma-na KB a-na hu-bu-li-kà a-na En-um-A-šur DUMU Šu-dEN.LÍL áš-qúl 5 GÍN KB Šé-ep-Ištar il5-qé a-ma-kam lu-ba-li-ṭá-ku-um 7 ma-na KB ku-nu-ki-ni A-šur-e-nam DUMU dUTU-ba-ni na-áš-a-ku-um a-hi a-ta ki-ma KB ta-al-qé-ú-ni ṭup-pá-am ša hu-bu-li Pí-lá-ah-Ištar a-na A-šur-e-nam dí-in-ma ṭup-pá-am a-ṣé-ri-a šu-up-ra-nim-ma ṭup-pu-ú KI ki-lá-lá-[x] li-mu-tù ú KB a-šu-mì Pí-lá-ah-Ištar GÁN-lam5 e-tí-iq","From Alaya: I have paid 1/3 mina of silver on your debt to Ennam-Aššur son of Šu-Illil. Šēp-Ištar took 5 shekels of silver. Let him make it up to you there. Aššur-ennam son of Šamaš-bāni brings you 7 minas of silver under our seals. My dear brother, when you have received the silver give the tablet concerning the debt of Pilah-Ištar to Aššur-ennam, send the tablet to me so I can nullify the tablet with them both; also, the silver passed overland in the name of Pilah-Ištar."
"KIŠIB En-na-Sú-in DUMU I-dí-a-bi-im KIŠIB A-šur-ta-ak-lá-ku DUMU I-ku-nim KIŠIB Pí-lá-ah-Ištar DUMU A-šur-SIPA","Seal of Enna-Suen son of Iddin-abum, seal of Aššur-taklāku son of Ikūnum, Pilah-Ištar son of Aššur-rē'i."
"6 5/6 ma-na KB ṣa-ru-pá-am i-ṣé-er Pí-lá-ah-Ištar DUMU A-šur-SIPA DAM.GÀR i-šu-ú iš-tù ha-mu-uš-tim ša En-na-Sú-in DUMU Ku-ra-ra a-na 7 ha-am-ša-tim KB i-ša-qal šu-ma i-na ma-lá u4-me-šu KB lá iš-qú-ul 1 1/2 GÍN.TA i-na ITU.1.KAM a-na 1 ma-na-im ṣí-ib-tám ú-ṣa-áb ITU.1.KAM áb-ša-ra-ni li-mu-um Šu-Sú-in DUMU Ba-bi-lim","Pilah-Ištar son of Aššur-rē'i owes 6 5/6 minas of refined silver to the merchant. Reckoned from the week of Enna-Suen son of Kurara he will pay back the silver in 7 weeks. If he has not paid back at the completion of his term, he will add interest at the rate 1 1/2 shekel per month per mina. Month Ab-šarrāni, in the eponymy Šu-Suen son of Babilum."
"3 GÍN KB a-na Šu-Ištar DUMU Ma-li-ki-il5-šu áš-qúl 2 1/2 GÍN KB a-na a-lá-ni ša-ar-ša-ra-ni áš-qú-ul-ma a-na Mu-za a-dí-in 2 GÍN KB ší-im 2 iš-ra-tim a-na A-šur-ma-lik DUMU Lu-zi-na mì-ma a-nim a-šu-mì Ku-da-tim ú-ša-qi-il5","I paid 3 shekels of silver to Šu-Ištar son of Malik-ilišu. I paid 2 1/2 shekels of silver for a šaršarānu-measure of acorns and gave them to Muza. 2 shekels of silver, the price of 2 belts for Aššur-malik son of Luzina. All this I paid on behalf of Kudātum."
"a-na En-um-A-šur qí-bi-ma [um-ma] A-mur-Ištar[-ma] a-na-kam [(...)] a-na Ša-l[á-tù-wa-ar] a-li-kum kà-lá i-na Wa-ah-šu-ša-na wa-áš-ba-ku a-dí a-wa-tum ša Ša-lá-t[ù-wa-ar] i-za-ku-a-n[i] Wa-ša-na-[lam] a-na Ša-lá-[tù-wa-ar] wa-ṣí tí-[ir-ta-kà] li-li-k[am-ma] a-šar ma-lá-k[i-im] mì-il5-kà-ni šu-ma a-wa-tum i-za-[ku-wa] a-na ma-lá tí-ir-tí-kà e-ra-áb","To Ennam-Aššur from Amur-Ištar: Here the traveling party has been stopped on the way to Šalatuwar. I am staying in Wahšušana. Until the matter of Šalatuwar has been cleared up, Wašanalam has left for Šalatuwar. Send me word and decide what there is to decide for me. If the matter is cleared up, I shall enter in accordance with your instructions."
"a-na En-nu-um-A-šur KIŠIB A-mur-Ištar 3 ma-na URUDU ú 2 GÍN [K][B] [a]-x x x [...]","To Ennam-Aššur; seal of Amur-Ištar. 3 minas of copper and 2 shekels of silver ..."
"a-na En-nu-um-A-šur qí-bi-ma um-ma A-mur-Ištar-ma a-ma-lá té-er-tí-kà ša [ta-áš-pu]-ri-ni a-na-kam Ma-ma-hi-ir a-dí ma-lá [ú ší-ni-šu] ú-pá-tí-šu-ma um-ma šu-ut-ma me-er-ú [a-we-lim] ma-da-tù-nu [En]-nu-um-A-šur le-tí-qá-ma [KB]-ku-nu le-qé-a-ma ú ṭup-pá-am [ša] ku-nu-ki-ku-nu [a-][En-na-nim] ša ki-ma [x]-šu-ba-ì-lí ú a-na [i-a-tim a-ṭá-hi-ma] [x x]-kà-ni ma-lá [lá] a-ša-[x x] 1/3 ma-na / 3 GÍN KB [ku-nu-ki-a] Šu-lu-um-ur-dí [na]-áš-a-kum","To Ennam-Aššur from Amur-Ištar: In accordance with your instructions that you sent me I have here once or twice informed Man-mahir, and he said: ""You are many sons of the man. Let Ennam-Aššur come, take your silver and then I shall transfer the tablet with your seals to Ennānum, the representative of ...-ili ... and to what is mine and ... 23 shekels of silver Šalim-wardi brings to you under my seal."
"3 GÍN KB i-li-<-bi-> A-lá-hi-im 2 1/2 ma-na ma-sí-am Dam-qá-a a-bi a-ta be-lí a-ta šu-ma lá ku-a-tí a-bi4 ša-ni-am [ú]-lá i-šu et-qám-ma [K.]B 1 ma-na bu-lá-tí-kà a-ni qá-at-kà li-iṣ-ba-at 10 ma-na URUDU a-na Ha-nu a-ší-a-ma-tim a-dí-in a-na-kam URUDU lá ak-šu-dam um-ma šu-ut-ma i-Du-ur-hu-mì-it [lá-dí-in] 10 ma-na [URUDU] ma-sí-am","3 shekels of silver, owed by Ali-ahum; 2 1/2 minas of washed copper: Damqaya. My dear father and lord, if it were not for you I would have no father. Travel here so you personally now may seize hold of every mina of silver of your assets. I gave 10 minas of copper to Hanu for purchases. I did not obtain copper here. He said: ""I shall sell it in Durhumit. 10 minas of washed copper ..."""
"a-na En-na[m-A-šur] I-ku-nim DUMU E-[lá-lí] ù Amur-Ištar DU[MU ...] KIŠIB A-šur-[ma-lik] DUMU I-ku-p[ì-a]","To Ennam-Aššur, Ikūnum son of Elāli and Amur-Ištar son of ...; sealed by Aššur-malik son of Ikūn-piya."
"a-na En-nam-[A-šur] I-ku-nim ù A-mur-Ištar qí-bi-ma um-ma A-šur-m[a]-l[ik-ma] a-ma-kam Be-lí-DÙG ṣa-áb-ta-ma šé-ri-a-nim šu-ma a-lá-kam lá i-mu-a ší-pí-a-šu-ma ù a-na ig-ri li-mur dí-nam lam-«mì-»nam i-ṣé-er I-ku-pì-a šu-uk-na ur-dum lá i-ha-liq ih-da","To Ennam-Aššur, Ikūnum and Amur-Ištar from Aššur-malik: Seize Bēli-ṭāb there and conduct him here. If he refuses to come, question him and then let him look for hire with others. Impose a heavy verdict on Ikūn-piya. The slave must not be lost. Take care!"
"[a]-na E[n-um-A]-šur qí-bi4-ma um-ma A-mur-Ištar-ma a-na-[kam] DAM.GÀR-ru ša A-bu-ša-lim i-li-bi4 A-šur-i-dí a-hi-šu 1 1/2 ma-na 6 GÍN KB iṣ-bu-tù ù a-na-ku KB IGI 2 qá-dí-ma DAM.GÀR-ri aṣ-ba-at ù a-na kà-ri-im tám-kà-ru-šu i-li-<ú->ma um-ma šu-nu-ma KB a-na-kam-ma ni-lá-qé","To Ennam-Aššur from Amur-Ištar: Abu-šalim's customers have seized 1 1/2 mina 6 shekels of silver from his brother Aššur-idi here. And I have personally seized silver before 2 witnesses together with the customers. Then his customers went up to the colony and said: ""We shall take the silver here."""
"i-na dí-in kà-ri-im KB a-na Kà-ni-iš KB iš-tí A-šur-i-dí i-lá-ak-ma a-na ṭup-pì-šu e-ta-ú ù i-a-tí 2/3 ma-na 5 GÍN KB ha-bu-lam mì-ṣí-ma KB le-qé a-na-kam ṭup-pá-am ša ší-bi4-a ha-ar-ma-am [ú-k]à-al a-na [Š]a-lá-tù-ar [x x x x x]-nu [u4]-ma-kál lá a-sà-hu-ur [i]š-tí ṣú-ha-ri a-ta-lá-kam","According to the verdict of the colony the silver will go to Kanesh with Aššur-idi and they will discuss on the basis of his tablet. Also, to me he owes 2/3 mina 5 shekels of silver. Take the silver on your own responsibility. I hold a certified tablet with my witnesses here. ... to Šalatuwar ... I must not be delayed a single day. I shall come with the servants."
"KIŠIB ša ki-m[a ku-a-tí] a-na En-um-[A-šur] um-ma A-šur-ma-[sú-i-m]a áš-ku-ma a-lá-ni-[...] lá tù-šé-ba-lá-[am ...] a šé-bi4-lam ba-[ra-...]","Sealed by your representatives; to Ennam-Aššur. From Aššur-massu'i: ... I set ... and you do not send ... send ..."
"um-ma ša ki-ma ku-wa-tí-ma a-na En-um-A-šur qí-bi4-ma 21 GÚ 40 ma-na URUDU 1 GÚ 28 ma-na URUDU SIG5 ku-nu-ki-ni Ša-lim-wa-ar-dim i-ra-dí-a-kum 21 GÚ 30 ma-na URUDU i-na ma-ṣa-ar-tim nu-šé-ṣí 3 GÚ URUDU ší-kam Ša-lim-wa-ar-dim i-dí-ni-a-tí ma-lá i-na ba-áb-tí-kà il5-ta-qé-ú a-ma-kam lu-ba-li-ṭá-kum","From your representatives to Ennam-Aššur: Šalim-wardi leads 21 talents 40 minas of copper and 1 talent 28 minas of good copper under our seals to you. We brought out 21 talents 30 minas of copper from the safe. Šalim-wardi gave us 3 talents of šikku-copper. He will credit you there with as much as he received from your outstanding claims."
"a-ma-lá na-áš-pè-er-tí-ni pá-ni-tim URUDU ša ma-ṣa-ar-tim 20 ma-na i-tí-ir a-ma-lá tí-ir-tí-kà ni-iš-ta-al-ma na-áš-ME-er-ta-kà ša <a-> kà-ri-im tù-šé-bi4-lá-ni ki-ma i-na ṭup-pì-kà a-wa-tum 2 ší-ta ú 3-áš da-na-tim ta-al-pu-I.Á-ni lá nu-uš-ta-áš-me-ší um-ma né-nu-ma sú-ra-am e nu-ša-al-qé-šu-nu na-áš-pè-er-ta-kà i-ba-ší i-na a-lá-ki-kà e-na-na-tim e-ri-iš-ma e-nu-nu-ni-kum","In accordance with our previous missive about the copper from the safe 20 minas were in excess; in accordance with your instructions, we took counsel, and as for your missive that you sent to the colony, since you wrote 2 or 3 harsh words in your letter, we have not let it be heard. We thought: ""We must not allow them to take offense!"" Your missive is still here. When you come, ask for clemency, and they will be lenient with you."
"ša-áp-ra-tum ša DUMU Puzur4-A-na a-šar Šu-Ištar i-ba-ší-a tí-ir-ta-kà li-li-kam qá-tum a-na 1 GÚ 10 ma-na ta-dí-in","The pledges from Puzur-Anna's son are with Šu-Ištar. Send word. The share has been sold for 1 talent 10 minas."
"u[m-m]a A-šur-ma-[sú]-wi-ma a-na [A-šu]r-na-da [ù En-nam]-A-šur qí-bi4-ma a-na En-nam-A-šur qí-bi4-ma [DAM] A-šur-na-da lu-[ṭá]-ib-kà 5 GÍN KB a-na lu-bu-ší-ša [ù] [e]p-ri-ša a-na [M]u-lá i-ta-dí-ší-im [a]-ma ša šé-bu-lim ú-šé-ba-lá-ku-um-ma KÙG-áp-kà šu-ta-bi4 ṭup-pì-a ša-ṣí-ir té-er-ta-kà [za-ku]-tám iš-tù [A-li]m a-ša-pá-ra-kum [x][...] e-ni-[...]","From Aššur-massu'i to Aššur-nādā and Ennam-Aššur; specifically to Ennam-Aššur: Aššur-nādā should satisfy you with regard to the wife. Give regularly 5 shekels of silver for her clothes and her provisions to Mula. I shall send what there is to send to you, so you can be satisfied with the silver you are entitled to. Guard my tablets. I shall send you a complete report from the City. ..."
"5 GÍN KB 1 na-ru-uq ŠE-am a-na Mu-la GEME ša A-šur-ma-sú-i En-um-A-šur i-dí-in um-ma En-um-A-šur-ma KB ù ú-ṭá-tám ta-al-qí-i a-dí mu-ut-ki i-lá-kà-ni a-na É bé-tí-šu ù a-ma-tí-šu lá ta-ṭá-hi-i","Ennam-Aššur gave 5 shekels of silver and 1 sack of barley to Mula, Aššur-massu'i's maid. Ennam-Aššur said: ""You have received the silver and the grain. Until your husband arrives you are not to touch his house and his slave-girls."
"šu-ma a-na bé-tí-šu ù am-tí-šu ta-ṭá-«i-»hi-i 5 GÍN KB ù na-ru-uq [ŠE]-am um-mì-ki ù a-h[u-ki] KB ù ŠE-a[m] ú-ta-ru-ni[m] um-ma um-ma-ša [ù] [a-hu-ša] nu-ta-ra-[kum] IGI A-šur-na-da IGI A-šur-i-dí-in IGI Ta-ar-hu-a-lá IGI Ší-li-ú-ma-an","If you have touched his house and his slave-girls, your mother and your brother must return the 5 shekels of silver and the sack of barley."" Her mother and her brothers said: ""We shall return it to you."" Witnessed by Aššur-nādā, by Aššur-iddin, by Tarhuala, by Šiliuman."
"a-na A-šur-ma-sú-i Šu-Ku-bi-im ù A-lu-wa a-n[a] A-šur-ma-sú-i qí-bi-ma um-ma En-um-A-šur-ma a-na-kam ta-aq-bi-am um-ma a-ta-ma i-na na-ba-tí-a 5 GÍN KB a-na ší-im ṣú-ba-tí-kà a-na Mu-lá am-tí-a iš-tí ṣú-ha-ri-kà ú-šé-ba-lá-kum TÚG ša-am-ší-im ù a-dí a-lá-kà-ni ep-ri-ša i-ta-dí-ší-im","To Aššur-massu'i, Šu-Kūbum and Aluwa; specifically to Aššur-massu'i from Ennam-Aššur: You spoke to me here, saying: ""In my ... I shall send you 5 shekels of silver for the price of your textile to my maid Mula with your servant. Buy her a textile, and until I come give her provisions regularly."""
"A-lu-wa ta-áš-pu-ra-am um-ma a-ta-ma 5 GÍN KB i-na ra-mì-ni-kà dí-ší-im 5 GÍN KB a-ma-lá ta-áš-pu-ra-ni i-ra-mì-ni-a a-dá-ší-im a-ṣé-er 5 GÍN KB ša A-šur-DÙG ù ší-im ṣú-ba-tí-a ša ta-al-ta-áb-šu ma-lá i-ší-im ṣú-ba-tí-a a-ṣé-er 5 GÍN tù-ra-du-ú IGI Šu-Ku-bi-im a-na A-lu-wa wa-dí-ma [dí-in-][ma] iš-tí Hu-du-be-lí li-[li-kam] ra-qá-tám SIG5 iš-tí A[-lu-wa] šé-bi-lam ú ma-lá [...] a-na [Mu-lá-]a t[ù-...] [x x x x x] a-n[a ...] u[m x x x x] [ha] [...]","You wrote with Aluwa, saying: ""Give her 5 shekels of silver of your own money."" I shall give her 5 shekels of silver of my own money, as you wrote me. In addition to the 5 shekels of silver from Aššur-ṭāb plus the price of my textile that she put on, announce to Aluwa with Šu-Kūbum as witness how much you will add to the 5 shekels for the price of my textile, and give it, so it may come with Hudu-bēlī. Send me a fine thin textile with Aluwa and as much ... to Mula ..."
"ú uš-[x x x x] ú šu-ar[x x x] [i] [...] sà-hi-ir-tám ki e ta ma ša tí x a-na a-wa-tum mì-šu ša lá ta-áp-tí-a-ni um-ma a-na-ku-ma li-bi4-ki lá i-là-mì-i[n] lu-bu-ša ú ep-ri-ša a-ta-na-dí-na tí-ir-ta-kà [li-li]-kam-ma","... small goods ... ... why have you not informed me? I said: ""He must not make you angry."" I keep giving her clothes and provisions. Send me word, and ..."
"a-na Šu-Ta-mu-zi E-lá-a A-šur-ma-sú-wi ù En-um-A-šur a-na A-šur-ma-sú-wi qí-bi4-ma um-ma En-um-A-šur-ma a-na-kam a-dí 5-ší-šu ù iš-ri-šu ta-áp-nu-a-ma um-ma a-ta-ma [a-]hi a-ta i-na qá-tim e-ri-tim lá wa-áš-ba-ku-ma lá a-ha-li-iq KB 2 ma-na KB ú e-li-iš [dí]-na-ma e-in A-šur ù e-in a-ha-tí-a kà-li-mì-ma ú a-dí ba-al-ṭá-[ku-]ni ú-lá a-ma-ší-k[à ke-]na a-wa-tum ša IGI A-šur ù i-li a-ba-e-ni ta-ta-ma-a-ni-ni","To Šu-Tammuzi, Elaya, Aššur-massu'i and Ennam-Aššur; specifically to Aššur-massu'i from Ennam-Aššur: Here you confronted me five or ten times, and you said: ""My dear brother, let me not stay with empty hands and perish! Give me at least 2 minas of silver, preferably more, show me Aššur's eye and the eye of my sister, then as long as I live I shall never forget you."" Yes, these were the words you swore to me before Aššur and our fathers' god."
"i-na ku-ur-ṣí-im áp-tù-ur-ma ù i-a-tí [iš]-tí ṣa-bi-im 5 ú e-li-iš tù-uš-ta-ar-ší-a-ni-ma [a-]ma um-me-a-ni a-bi-a sí-ki ú-kà-lu-ú a-na É bé-tí-kà ú-lá ú-ta-ší-ru-ni ša a-dí bé-tí-kà KB a-dí-na-ku-ni-ma e-ni-kà áp-té-ú a-ta té-ta-áp-ša-ni-ni DINGIR-lúm lu i-de8 ša i-na ú-tí-i-tim e-tí-ru-kà-ni a-ta gi-mì-li tù-ta-er a-ha-ma 1 ma-na KB ší-im Tí-il5-tí-tí-iš ù me-er-i-tí-ša a-ší-tí ta-dí-na-kum Tí-il5-tí-tí-iš i-na É be-tí-a ta-qá-nam lá ta-mu-a ù iš-kà-ra-am e-pá-ša-am lá ta-mu-a ú ša-ba-áš pá-ni pí-ša-tí-kà tù-ma-na","I released you from your bonds, but then it was me you made to suffer with 5 men or more, and now, my father's investors detain me! They have not granted me access to your house. While I gave you silver for your house and opened your eyes, you have done this to me! May the god know that I saved you from darkness and you repaid me thus! Moreover, my wife gave you 1 mina of silver as the price of Tiltitiš and her daughter, but you refused to let Tiltitiš be installed in my house and carry out the work load; instead, with an angry face you recount your calumnies."
"a-ha-ma 5 GÍN KB ú 2 na-ru-uq GIG a-na Mu-lá-a a-ší-tí-kà a-dí-in ù a-ma-at a-bi-kà a-dí ṣú-ha-ar-tim u4-mì-ša-ma i-a-tí ú ku-a-tí ta-na-za-am um-ma a-ta-ma mì-ma pu-ru-i lá ta-ša-[kan] šé-bu-lá-tim ú-šé-ba-lá-ší-im 3 GÍN KB ú 1 na-ru-uq GIG a-dí-ší-im i-ša-at-kà e ta-li-ak tí-ir-ta-kà li-li-kam-ma Tí-il5-tí-tí-ša ú-lá IR-a-a a-ší-mì-im lá-dí-ší-ma KB-pì lá-al-qé lu-mu-un li-bi-im ša-ni-am GAL lá ta-ra-ší-am a-ṣé-er ša ki-ma ku-a-tí tí-ir-ta-kà li-li-kam-ma a-be-tí-kà lu-šé-ru-ni","Also, I gave 5 shekels of silver and 2 sacks of wheat to your wife Mula, and your father's maid rages against me and you every day over the girl. You said: ""Do not abuse me! I shall send her the shipments."" I gave her 3 shekels of silver and a sack of wheat. Do not lick your fire! Send word so I can sell Tiltitiš or my slave and collect the silver. Do not become very angry with me again! Send word to your representatives, so they grant me access to your house."
"a-na DINGIR-mu-ta-bi-il5 ù A-lu-a qí-bi-ma um-ma En-um-A-šur-ma a-na DINGIR-mu-ta-bi4-il5 qí-bi-ma iš-tù ha-muš-tim ša I-tur4-DINGIR DUMU A-mur-Ištar ITU.KAM a-[la]-na-tim a-na-ku ù Lá-qé-ep DUMU Šu-A-šur i-na É kà-ší-im ni-kà-sí ni-sí-ma 12 1/2 ma-na 7 GÍN KB ṣa-ru-pá-am i-na li-bi Lá-qé-ep a-dí-ma a-na KB ku-a-tí ú-ša-zi-za-ku-šu-ma iš-tù Pu-ru-uš-ha-dim i-na e-ra-bi-šu-ma KB ki-ma i-a-tí «ga ma» i-ša-qá-lá-kum","To Ili-mutabbil and Aluwa from Ennam-Aššur; specifically to Ili-mutabbil: In the week of Itūr-ili son of Amur-Ištar, month Allanātum, I and Lā-qēp son of Šu-Aššur settled accounts in the house of the official, and I set down 12 1/2 minas 7 shekels of refined silver as owed by Lā-qēp; and with respect to the silver it was you I designated for him, so when he arrives from Purušhaddum he will pay the silver to you as my representative."
"ù ta-áš-pu-ra-am um-ma a-ta-ma ṭup-pu-šu al-pu-ut a-hi a-ta ib-ri a-ta a-lá-nu-kà-ma a-ha-am GAL i-šu-ú a-na-kam KB Lá-qé-pá-am e-ta-ri-šu-ma ša-qá-lam ú-lá i-mu-a um-ma šu-ut-ma ṭup-pí lu-šé-tí-qú-nim-ma KB-áp-kà le-qé a-pu-tum a-pu-tum i-ša-am-ší ša a-ma-kam e-ra-ba-ni ṭup-pá-am ša hu-bu-li Lá-qé-ep IGI 3 DUMU um-me-a-ni šu-ba-al-ki-it-ma me-ha-ar-šu a-na šu-nu-tí dí-in","And then you have written, saying: ""I have written his tablet."" My dear brother and friend, apart from you do I have any older brother? Here I have repeatedly demanded the silver from Lā-qēp but he would not pay. He said: ""Let them bring my tablet, and then take your silver!"" Urgent, urgent, the very day he arrives there, copy the tablet of Lā-qēp's debt with 3 affiliated traders as witnesses; then give the copy to them while you yourself keep the other copy."
"ù ša-nàm me-eh-ra-am a-ta kà-il5 ṭup-pá-am ki-[iš]-ma a-na A-lu-wa ù DUMU um-me-a-nim pí-qí-id-ma lu-ub-lu-nim GÁNA-lam a-šu-mì Lá-qé-ep le-tí-iq a-hi a-ta i-hi-id","Wrap the tablet and entrust it to Aluwa and an affiliated trader so they bring it. Let it pass overland in Lā-qēp's name. My dear brother, take care!"
"a-na DINGIR-mu-ta-bi-il5 qí-bi-ma um-ma En-um-A-šur-ma a-na-kam a-na-ku ù Lá-qé-ep DUMU Šu-A-šur i-na ma-ah-ri-kà ù IGI Lá-qé-ep DUMU Puzur4-ša-du-e i-na É kà-ší-im ni-kà-sí ni-sí-ma 12 1/2 ma-na 7 GÍN ṣa-ru-pá-am e-zi-ib KB e-li-[tí]-ni i-na li-bi Lá-qé-ep iš-tù ha-muš-tim ša I-tur4-DINGIR a-na KB ku-a-tí ú-ša-zi-[iz] i-na Pu-ru-<uš->-ha-dim i-na e-ra-bi-šu-ma [KB] ú-šé-ba-lam KB i-na Pu-ru-uš-ha-dim i-na e-ra-bi-šu-ma a-na ma-lá a-wa-tí-ni a-na KB ša ú-ša-zi-za-[ku-ni-ma] KB lá iš-ta-[aq]-[lu] a-ta ṭup-pu-šu ta-al-pu-ut-ma u4-me-e ta-áš-ku-šu-um [ù] a-ṣé-er ša ki-ma i-a-tí ù ku-a-[tí] a-na KB ša-áš-qú-[lim] áš-ta-pá-ra-šu-ma [KB] [a-na] ša ki-ma <i-a-tí> ù ku-a-tí [a-dí] u4-mì-im a-nim lá iš-ta-qá-lá-ni","To Ili-mutabbil from Ennam-Aššur: Here I and Lā-qēp son of Šu-Aššur settled accounts in the house of the official with you and Lā-qēp son of Puzur-šadu'e as witnesses, and 12 1/2 minas 7 shekels of refined silver – apart from the silver of our caravan – is owed by Lā-qēp. Reckoned from the week of Itūr-ili. With respect to the silver it was you I designated. On his arrival in Purušhaddum, he should send the silver. When he arrived in Purušhaddum in accordance with our agreement you wrote a tablet for him for the silver for which I had designated you and which he did not pay, and you set a term for him. Also, I kept writing to my representatives and you to have the silver paid, but until this day he has not paid the silver to my representatives or to you."
"ù iš-tù a-na-ku a-lá-kà-ni KB i-ta-ri-šu-ma i-ta-ri-šu-ma KB ta-da-<nam> ú-lá i-mu-a um-ma šu-ut-ma ṭup-pì DINGIR-mu-ta-bi-il5 [il5]-pu-ut a-na ṭup-pi-a [šu-]pu-ur-ma ṭup-pì lu-ub-lu-nim-ma KB-áp-kà le-qé a-šu-mì ṭup-pí-šu i-ta-na-pá-lá-ni ù KB ta-da-nam ú-lá i-mu-[a] a-hi a-ta ib-ri a-ta lá ša a-wa-[tim] a-na-ku ù a-ta ṭup-pu-šu IGI 3 DUMU um-me-a-ni šu-ba-al-ki-it-ma","Also, after I personally arrived, he demanded and demanded the silver repeatedly, but he would not pay the silver. He said: ""Ili-mutabbil wrote my tablet. Send for my tablet, let them bring my tablet and then take your silver."" He keeps answering about his tablet and refuses to pay the silver. My dear brother and friend, I and you are not men of strife. Have his tablet copied with 3 affiliated traders as witnesses, and ..."
"KIŠIB Lá-qé-ep DUMU Šu-A-šur KIŠIB Ku-ra DUMU I[dí-A-šur] KIŠIB A-šur-lá-ma-sí [...] 12 1/2 ma-na 5 GÍ[N KB ṣa-ru-pá-am] i-ṣé-er Lá-qé-ep [DUMU Šu-A-šur] DAM.GÀR-ru-um <i>-šu iš-tù h[a-muš-tim] ša Ku-da-tim ITU.KAM té-i-[na-tim] li-mu-um A-šur-ma-lik DUMU [A]-lá-hi-im DINGIR ša-pá-tám i-li-ik-ma i-[e-ra]-bi4-šu-ma i-Kà-né-eš ITU.2.KAM i-lá-ak-ma KB i-ša-qal šu-ma lá iš-qú-ul 1 ma-na-im 1 GÍN.TA ṣí-ib-tám i-na ITU.KAM-im ú-ṣa-áb š[a]-ni-um ṭup-pu-šu KIŠIB DINGIR-mu-ta-bi4-il5 DUMU A-mur-Ištar KIŠIB Lá-qé-ep DUMU Puzur4-<ša->-du-e","Seal of Lā-qēp son of Šu-Aššur, seal of Kura son of Iddin-Aššur, seal of Aššur-lamassi... Lā-qēp son of Šu-Aššur owes 12 1/2 minas 5 shekels of refined silver to a merchant. Reckoned from the week of Kudātum, month Tē'inātum, eponymy Aššur-malik son of Ali-ahum, when the moon-god reached the fifteenth day, he will pay the silver 2 months after his arrival in Kanesh. If he has not paid in time, he must add interest at the rate 1 shekel per mina per month. His second tablet: Seal of Ili-muttabbil son of Amur-Ištar, seal of Lā-qēp son of Puzur-šadu'e."
"KIŠIB Lá-qé-ep DUMU Šu-A-šur 10 ma-na KB ṣa-ru-pá-am i-ṣé-er Lá-qé-ep DUMU Šu-A-šur DAM.GÀR-ru-um i-šu iš-tù ha-muš-tim ša I-tur4-DINGIR DUMU A-mur-Ištar ITU.KAM bé-el-té-kà-lim li-mu-um «li-mu-um» ša qá-tí Šu-Sú-in KB a-na 12 ha-am-ša-tim i-ša-qal šu-ma i-ma-lá u4-me-šu KB lá iš-qú-ul [ki-ma] a-wa-at kà-ri-im ṣí-ib-lám a-na ma-na-im i-na ITU.KAM-im ú-ṣa-áb","Lā-qēp son of Šu-Aššur owes 10 minas of refined silver to a merchant. Reckoned from the week of Itūr-ili son of Amur-Ištar, month Bēlat-ekallim, eponymy after Šu-Suen, he must pay the silver within 12 weeks. If he has not paid the silver within his stipulated term, he must add interest in accordance with the rule of the colony per mina per month."
"a-ma me-eh-ra-at ṭup-pè-e ha-ru-mu-tim ša [né-nu] nu-kà-lu KIŠIB Ma-ma-hi-ir DUMU A-mur-Ištar KIŠIB En-na-Sú-in DUMU I-dí-a-bi4-im 18 2/3 GÍN 15 ŠE a-ni-qí ša a-[mu-tim] I-tur4-DINGIR a-na En-um-A-šur i-dí-in eq-lam a-na-num ù a-lá-num a-šu-mì En-um-A-šur-ma eq-lam e-tí-iq a-mu-tám i-da-ma 22 1/2 ma-na KB ša Lá-qé-ep a-na DAM.GÀR-ri-im ha-bu-lu-ma šu-mì DAM.GÀR wa-du-ú En-um-A-šur DAM.GÀR a-mu-tum i-na-dí-in-ma 22 1/2 ma-na KB En-um-A-šur i-lá-qé-ma ú Ku-ra KB I-tur4-DINGIR i-lá-qé šu-[ma] a-mu-tum lá i-ta-an-dí-in a-mu-tám En-um-A-šur a-n[a] [I]-tur4-DINGIR ú-ta-ar-ma I-tur4-DINGIR KB-šu a-na [En-um-A-šur] i-ša-qal 1/3 ma-na ší-kà-tám ù 2 ku-ta-ni I-tur4-DINGIR a-na En-um-A-šur","These are copies of the certified tablets that we have. Seal of Man-mahir son of Amur-Ištar, seal of Enna-Suen son of Iddin-abum. Itūr-ili gave rings of iron weighing 18 2/3 shekels 15 grains to Ennam-Aššur. They will pass overland from here and from there in the name of Ennam-Aššur. He will sell the iron and for the 22 1/2 minas of silver that Lā-qēp owes to a merchant, the name of the merchant has been announced: Ennam-Aššur is the merchant. The iron will be sold and Ennam-Aššur will receive 22 1/2 minas of silver, and then Kura will receive Itūr-ili's silver. If the iron has not been sold, Ennam-Aššur will return the iron to Itūr-ili, and Itūr-ili will pay his silver to Ennam-Aššur. 1/3 mina of ... and 2 kutānus Itūr-ili has... to Ennam-Aššur."
"KIŠIB Tù-ra-mì-[li] a-na En-um-A-šur DUMU Ša-lim-A-šur ú Šu-Ku-bi-im DUMU E-na-ma-nim","Sealed by Tūram-ili; to Ennam-Aššur son of Šalim-ahum and Šu-Kūbum son of Ennam-Anum."
"[um-ma Tù-ra-mì-ili5-ma] a-na En-[um]-A-šur ù Šu-Ku-bi-im qí-bi-ma a-na En-um-A-šur [qí-bi-ma] [x] 2/3 ma-na KB [i-li-]bi [x x x]-[x] [x x] 1/3 GÍN KÙ.KI ILLAT Šu-[Ku-bi-im] a-ha-ma [x] GÍN KÙ.KI a-nim [x x x x] KB a-nim [x x] [x x x x x x] ša li-bi [x x]","From Tūram-ili to Ennam-Aššur and Šu-Kūbum; specifically to Ennam-Aššur: x 2/3 minas of silver owed by ... ... 1/3 shekel of gold: Šu-Kūbum's caravan; further, these x shekels of gold ... this silver ... ..."
"[KIŠIB Tù-ra-mì-ili5] [a-na En-um-A-šur] ù Šu-Ku-bi-im DUMU En-na-ma-nim","Sealed by Tūram-ili; to Ennam-Aššur and Šu-Kūbum son of Ennam-Anum."
"um-ma Tù-ra-mì-ili5-ma a-na En-um-A-šur ù Šu-Ku-bi-ma qí-bi-ma 35 ma-na AN.NA i-li-bi A-šur-ma-lik ù a-ha-ma 27 ma-na AN.NA i-li-bi A-šur-ma-lik ú Šu-Ku-bi-im [i-ha-ší] ŠUNIGIN 1 GÚ 2 ma-na AN.NA a-ṣé-er A-šur-ma-lik ṭí-ih-a-ma AN.NA lu-šé-bi-lu-nim","From Tūram-ili to Ennam-Aššur and Šu-Kūbum: 35 minas of tin is in the possession of Aššur-malik, and, further, 27 minas of tin is in the possession of Aššur-malik and Šu-Kūbum – in all: 1 talent 2 minas of tin. Approach Aššur-malik and have them send me the tin."
"[um-ma Šu-]Ištar-ma [a-]na E[n-na]m-[A-šur] qí-bi4-ma [...] AN.NA [x x] [a] iš [...] [x x x] GÍN 1/3 [x x] [dí ku] [...] 9 G[ÍN ...] [AN.NA-kà] na-dí [...] [lu ší-im] [AN.NA]-ki-[kà] lu ší-im URUDU-kà 17 [x x] KB-áp-kà 17 GÍN KB A-bu-ZA ha-bu-lá-ni ṭup-pu-šu h[a-ar-ma-am ú-kà-al] [š]a-áš-qí-il[5-š]u-ma KB le-qé","From Šu-Ištar to Ennam-Aššur: ... tin ... ... ... your tin is set down ... the proceeds both from your tin and from your copper were 17 minas of silver for you. Abu-šalim owes 17 shekels of silver; I have his certified tablet; make him pay and take the silver."
"a-hi a-ta giš-im-lá-ni ú a-na-ku a-we-el giš-mì-li-im šu-ma A-bu-SILIM lá-šu tí-ir-tí-kà li-li-kam-ma KB-áp-kà a-ša ki-ma ku-a-tí-ma lá-[áš]-qú-ul ṭup-pu-šu [x x x] a-ni-[im] [x x x] šu-ma [x x] [ta]-ak-lá [(…)] [...] a-na [...]-ma ṭup-p[u] [x x] [x x]","My dear brother, do me a favour for I am also a man of favours. If Abu-šalim is absent, send me word so I may pay your silver to your representatives. His tablet ... ..."
"um-ma En-um-A-šur-m[a] a-na Ma-num-ba-lúm-[A]-šur ú En-um-A-šur qí-bi4-ma [a-na] En-um-A-šur ṭup-pu-[um] ša 5 ma-na KB Puz[ur4-]A-[na] i-ṣé-er A-šur-ta-ak-lá-ku i-šu-ú i-be-tí-kà i-ba-ší a-ma-kam ṭup-pì-a bí-ri-ma šu-ma ṭup-pu-um i-ba-ší En-um-A-šur kà-li-im-šu-ma ù iš-tí-kà-ma ṭup-pu-um li-bi4-ší ú tí-ir-ta-ak-nu a-ṣé-ri-a li-li-kam","From Ennam-Aššur to Mannum-balum-Aššur and Ennam-Aššur; specifically to Ennam-Aššur: A tablet stating that Aššur-taklāku owes 5 minas of silver to Puzur-Anna is in your house. Look at my tablets there, and if the tablet is indeed there, show it to Ennam-Aššur and then let the tablet be in your possession. Also, send word to me."
"5 ma-na [KB] KI A-šur-ta-[a]k-lá-ku iš-tù ha-muš-tim ša A-mur-Ištar ú A-šur-bé-el-a-wa-tim [x x x]-i [ITU.KAM té-i-]na-tim [l]i-mu-um A-mur-A-šur DUMU Kà-ri-a 1 1/2 GÍN TA i-na ITU.1.KAM-im a-na ma-na-im ú-ṣa-áb","5 minas of silver is owed by Aššur-taklāku. Reckoned from the week of Amur-Ištar and Aššur-bēl-awātim ... month Tē'inātum, eponymy of Amur-Aššur son of Karriya, he will pay interest at the rate of 1 1/2 shekel per month per mina."
"ša ni-iš A-limki ù ru-ba-[im] ta-mu-ú kà-i-lá Ma-nu-ba-lu-um-A-šur a-ša-a-al-kà ṭup-pá-am ša 5 ma-na KB ú ṣí-ba-tí-šu ša A-šur-ták-lá-[ku] ha-bu-lu-ú ṭup-pá-am Puzur4-A-na a-na na-áb-ší-im [lu] a-na a-bi-kà e-zi-ib lu ku-a-tí e-zi-ba-ku-um ik-re-e ú-lá kà-i-ni ú-la ri-ig-ma-tù-um ší-bu-tù-um En-um-A-šur KB tám-kà-ri-šu i-ṣé-e Ma-num-ba-lúm-A-šur ša ki-ma En-um-A-šur e-pu-ul um-ma Ma-num-ba-lúm-A-šur-ma a-na ša ki-ma En-um-A-šur-ma","""Keep in mind what was sworn by the City and the king! Mannum-balum-Aššur, I question you: The tablet concerning 5 minas of silver and its interest that Aššur-taklāku owes to his brother Puzur-Anna, did Puzur-Anna leave the tablet for safekeeping with your father, or did he leave it with you yourself? Deny or confirm it!"" This is not a formal lawsuit but a witnessed statement. Ennam-Aššur sues for the silver of his merchant. Mannum-balum-Aššur answered, saying to Ennam-Aššur's representative:"
"4 ma-na KB Puzur4-A-na DUMU Šu-dEN.LÍL ha-bu-lam ṭup-pu-šu ha-ar-ma-am ú-kà-al Puzur4-A-na GÁNA-lam i-lá-ak-ma um-ma a-na-ku-ma ša-zi-za-am ša KB-pí-i-kà um-ma Puzur4-A-na ma-nam lu-ša-zi-za-ku-um a-ma ṭup-pu-um ha-ar-mu-um ša 5 ma-na KB ša hu-bu-ul A-šur-ták-lá-ku DUMU Šu-dEN.LÍL le-qé-ma qá-at-kà lu ša-ak-na-at-ma [A-šur-ták-lá-ku] ša-áš-qi-il5-ma [KB ù sí-ba-sú l]e-qé-ma [ù K]B a-n[a-ku l]á-al-qé","""Puzur-Anna son of Šu-Illil owes me 4 minas of silver. I have his certified tablet. Since Puzur-Anna would go overland, I said: 'Appoint someone responsible to me for your silver.' Puzur-Anna answered: 'Who shall I appoint for you? Here, take a certified tablet worth 5 minas of silver, the debt of Aššur-taklāku son of Šu-Illil, lay claim to it and make Aššur-taklāku pay, take the silver and the accrued interest paid, and then I personally shall take the silver.'"
"[(x)][KB] um-ma a-ta-ma ṭup-pá-am [a]-na-áb-ší-im a-na a-bi-kà [ú-ul] ku-a-tí Puzur4-A-na e-zi-ib a-na dí-NAM ú ṣa-al-tim lá a-lá-ak En-um-A-šur GÍR ša A-šur li-it-ma-a-ma ṭup-pá-am Puzur4-A-na a-na a-bi-a ú-ul i-a-tí a-na áb-ší-im lu e-[zi-bu-ma] a-na qá-tim ša-kà-ni-im lá e-zi-ba-ni li-bu-šu lá i-dí-ú ki-ma a-na 4 ma-n[a K]B na-[ad]-a-ni li-it-ma i-na ṭup-pí-i[m x x x]-ri-bi iš šu-ma lá i-ta-ma ma-ma-an [x x x x Š]u-dEN.LÍL ša KB-pì [x x] ni-[x x x]-ar","""... you say: 'Did Puzur-Anna leave the tablet for safe-keeping with your father or with you?' I do not seek litigation or strife. Let Ennam-Aššur swear on Aššur's dagger that Puzur-Anna left the tablet with my father or with me for safe-keeping, and that he did not leave it with me to lay claim. Let him swear that he did not personally know it was deposited for 4 minas of silver. ... in the tablet ... If he does not swear, noone ... Šu-Illil ..."""
"a-na Ú-ṣú-ra-nim En-um-A-šur ù Ib-ni-[dIM] qí-bi-ma um-ma Ṣí-lá-d[IM-ma] 2 1/2 GÚ lu-lá-am 9 DUG a-lá-ni Ib[ni-dIM] na-áš-a-ku-nu-tí a-hu-[ú]-[a] a-tù-nu lu-lá-am ù a-lá-ni a-ší-mì-im dí-n[a] 5 u4-me-e Ib-ni-dIM lu-ra-dí lá i-sà-hu-ur ṭur4-da-ni-šu šu-ma KB ší-im lu-li-im ù a-lá-ni a-na ší-im 10 GÚ SÍG.HI.A ba-tí-iq KB Ib-ni-dIM lu-ra-dí","To Ušurānum, Ennam-Aššur and Ibni-Adad from Ṣill-Adad: Ibni-Adad brings you 2 1/2 talents of lulāum and 9 jars of acorns. My dear brothers, offer the lulāum and the acorns for sale. Ibni-Adad must not tarry 5 days, send him. If the silver, the proceeds from the sale of the lulāum and the acorns does not cover the price of 10 talents of wool, Ibni-Adad shall add the (missing) silver."
"sú-am ša En-um-A-šur ú-kà-lu a-ší-mì-im dí-na-ší-ma KB-áp-šu li-il5-<qé>-ma ù ṭup-pè-a ki-lá-li-ma ša hu-bu-li-a a-na Ib-ni-dIM dí-na-ma lu-ub-lá-am a-na En-um-A-šur qí-bi-ma a-hi a-ta a-na-k[am] a-na ṣí-ib-tim e-né-[kà] lá ta-na-ší-ma i-dí-tí-ṣ[u] lá ta-ṭá-ra-da-ni ù a-na-ku a-we-el g[i-mì-lim] ṣí-li-ni [...] 2 ar-za-li [...] na-áš-ú-ni[-kum] za-áp-ru-tim [...] ša [...] na-áš-ú-ni-kum","The grinding-stone that Ennam-Aššur has, offer that for sale and let him take the silver for it, and give both of my tablets concerning my debt to Ibni-Adad so he can bring them. To Ennam-Aššur: My dear brother, do not covet interest there and do not send me to court with him. I too am a man of favours. ... They bring you 2 arzālus ... ... they bring you."
"um-ma Ṣ[í-l]á-dIM-ma a-na En-um-A-šur qí-bi4-ma a-na-kam Be-lu-ba-ni a-šu-mì KB aṣ-ba-at-ma um-ma šu-ut-ma ha-ra-ni a-Kà-ni-iš a-lá-ak-ma ú-ṭá-áb-šu a-šu-mì sà-he-er-tim aṣ-ba-sú-ma um-ma šu-ut-ma šu-ma lá KB sà-he-er-tám mì-ma lá ha-bu-lá-ku a-ta ma-lá-kà ra-mì-ni lá ṭá-áb-ma ṣú-ha-ri-a lá-aṭ-ru-dam","From Ṣill-Adad to Ennam-Aššur: I seized Bēlum-bāni here because of the silver, and he said: ""I am on my way to Kanesh so I shall satisfy him."" I seized him because of the small goods and he said: ""Apart from the silver I do not owe him small goods."" Make up your mind. I am not feeling well myself, so I shall send you my servants."
"a-na En-nam-A-<šur> qí-bi-ma um-ma A-mur-A-šur-ma a-dí KB-kà ša ta-áš-pu-ra-ni tap-pá-i KB uš-t[a]-pár-ki a-[dí] [ITU.1].KAM iš-tí-in [x x x x]-ni šu [x x x]-ma a-t[a-l]á-kam ú u4-mu-a 2 ITU.KAM a-hu-ru","To Ennam-Aššur from Amur-Aššur: Concerning your silver that you wrote me about, my partner has allowed the silver to stop. Within a single month ... I shall leave. Also, my term still runs for 2 months."
"[u]m-ma A-šur-UTU-ši-[ma] a-na [En]-nam-A-[šur] [qí]-[bi]-ma [a]-[na] ma-l[á] [ú ší-ni-šu] áš-pu-ra-k[um] [um-ma] [a]-na-ku-ma [ṭu]p-pá-[am] ša A-šur-re-ṣí šé-bi-[lá]-am a-ta tí-ir-ta-[kà]-ma lá i-[lá]-kam [ma-]lá-ma KB 10 GÍN ba-áš-tám ú-lá [ar]-ta-áš-a-kum ù giš-mì-lá-kà ta-ú-ra-am ú-lá al-té-e A-šur ù i-lu-ú e-ba-ru-tim li-ṭù-lá","From Aššur-šamši to Ennam-Aššur: Once or twice I wrote to you, saying: ""Send me Aššur-rēṣi's tablet."" But as for you – you do not send me word. Have I not acquired dignity for you worth just 10 shekels of silver, and have I not been able to return your favours? May Aššur and the gods of friendship be my witnesses:"
"a-na KB a-mì-im ša KB 5 ma-na a-wa-at-kà ša-ma-a-am lu a-le-e ù giš-im-mì-lá-kà [ta]-ú-ra-[am ...] break [ki-ma] ṭup-[pí] [...] [a-nim t]a-ša-me-ú ṭup-pá-am [x x š]a ṣú-ha-ri-im [a-na] DUMU Lá-li-im dí-i[n-ma] [lu]-ub-lam a-wi-lu-tum-ma","For that silver, for at least 5 minas of silver I was able to listen to your words and I was able to return your favours! ... When you hear this letter ..., the tablet ... of the servant give it to Lalūm's son so he may bring it. That is indeed gentlemanly behaviour."
"a-na En-nam-A-šur qí-bi-ma um-ma Ib-ni-dIM-ma a-dí KB-pí-kà [2] ma-na š[a] [ha]-bu-lá-[ku-ni] ITU.1.KAM iš-tí-in lá ta-ha-ta-ar a-dí a-lu-ku-ni-ma ṣú-ba-tí-a ú-za-[kà-ni] ú iš-tí a-we-el-tim a-za-zu-ma ù KB-áp-kà [a]-ni-ir-tí-kà ú-qá-ra-áb a-dí-i KB-pì-i[m] a-ni-e-em a-na-kam sà-ah-ra-a-ku ṭup-pá-[am ṭá]-hu-ma ù ša a-na-[kam] i-ba-[ší-ú] iš-tí a-li-ki pá-ni-e-ma tí-ir-ta-kà li-li-kam-m[a ...] lá-dí-[in] [x] ma","To Ennam-Aššur from Ibni-Adad: With respect to your silver, the 2 minas that I owe to you, do not worry about a single month('s delay). Before I leave and clear my textiles and also stand by the lady, then I shall have your silver delivered directly to your person. Because of this silver I have been delayed here. Check(?) the tablet and then send me word with the first transport about what is here, so I can give it. ..."
"a-na En-nam-A-šur KIŠIB Ištar-ra-bi4-a-at","To Ennam-Aššur; seal of Ištar-rabi'at."
"a-na En-nam-A-šur qí-bi-ma um-ma Ištar-ra-bi4-at-ma a-dí KB-pí-kà ša ha-bu-lá-ku-ni DUMU a-ta li-ba-kà lá i-pá-ri-id um-ma a-na-ku-ma ma-té-e Ṣí-lá-dIM lá-mì-id a-ta Ṣí-lá-dIM u4-mì-im ṣú-ha-ri ša i-šu-ú lá ṣú-ha-ru-kà a-dí e-tí-i ha-ra-nim ṣú-ba-tí-a ú-za-kà-ma KB-áp-kà a-ni-ir-tí-kà ú-qá-ra-áb a-na-kam ki-a-am ša ki-ma ku-a-tí i-zi-zu-ma a-dí li-bi-kà lu-qú-tám ù e-ma-re-e qá-at-kà ša-ki-in","To Ennam-Aššur from Ištar-rabi'at: With respect to your silver that I owe you, my dear son, do not worry! I said: ""When will Ṣill-Adad be informed?"" As for you – thinking of Ṣill-Adad – are not the servants I have to-day (also) your servants? When the road (opens) I shall clear my textiles and have your silver delivered directly to your person. Here your representatives acted like this, so for as long as you wish your claim has been placed on the goods and the donkeys."
"1 ṭup-pu-um ša Be-lúm-ba-ni DUMU Na-ra-am-ZU ù ší-na ṭup-pè ša DAM.GÀR ša É-tí-kà A-bi-A-nu-um e-zi-bu i-na a-lá-ak ṣú-ha-ri ṭup-pè lu-šé-tí-qú i-a-am a-dí KB-pì-kà li-ba-kà lá i-pá-ri-id","As for the tablet concerning Bēlum-bāni son of Narām-Sin and two tablets concerning customers, which Abi-Anum left in your house, when the servants arrive they will transport the tablets. As for mine – do not worry about your silver."
"a-na Ú-ṣú-ra-nim ù En-nam-A-šur qí-bi-ma um-ma Ištar-ra-bi4-at-ma a-na En-nam-A-šur qí-bi4-ma a-ma-lá tí-ir-tí-kà ša A-lu-wa ta-áš-pu-ra-ni wa-ar-ha-am iš-té-en ù 2 wa-ra-am e-ri-iš-kà-ma lá ta-áš-me-a-ni KB 2 ma-na i-na be-et DAM.<GÀR>-ri-im a-sí-ma i-na IGI me-ra «ší» um-me-a-nim KB i-ku-nu-uk A-lu-wa kà-ni-ik-ma i-na be-tí-a-ma i-ba-ší me-er-<i> a-ta lu ṭup-pu-um ša hu-bu-ul Ṣí-lá-dIM lu ṭup-pu-um iš-té-en ù ší-na lu ṭup-pu-um ša Be-lu-ba-ni i-ba-ší a-ma-kam IGI Ú-ṣú-ra-nim ṭup-pì a-na Pu-zu-ur-ku-nu ù A-lu-wa pì-iq-dá-ma lu-ub-<lu>-nim","To Ušurānum and Ennam-Aššur from Ištar-rabi'at; specifically to Ennam-Aššur: In accordance with your message which you sent with Aluwa I asked you for one or two months, but you did not listen to me. I have borrowed some 2 minas of silver in a merchant-house and the silver was sealed with Aluwa's seal with an affiliated trader as witness, and it is in my own house. My dear son, the tablet concerning Ṣill-Adad's debt as well as one or two other tablets, and the tablet concerning Bēlum-bāni are available – entrust those tablets there with Ušurānum as witness to Puzurkunu and Aluwa so they may bring them."
"[um-ma I]-lí-dan-ma [a-na En-nam]-A-šur qí-bi-ma [x x x x] a-na E-ra-dí [x x x TÚG.]HI.A [(x) Šu-zu-]zu DUMU E-ra-dí [x x x]-ma TÚG.HI.A [x x x]-nu KB ma-la ta-áš-ú-mu a-na Šu-zu-zu dí-in TÚG.HI.A ša LUGAL-dIM na-áš-ú-ni ŠÀ.BA 2 TÚG a-na A-šur-i-mì-tí [DUMU A]-[mur-]DINGIR i-a-ú-tum kà-an-ku 3 1/3 TÚG.HI ku-wa-tí kà-an-ku 1 TÚG pá-ni-am ša ku-wa-tí a-dí-na-ku-ni ù a-ni-ú-tim ba-tí-[iq] ù wa-tù-ur","From Ili-dan to Ennam-Aššur: ... for Erradi ... textiles Šu-Zuzu son of Erradi ... The textiles ... Give what silver you have bought to Šu-Zuzu. As to the textiles that Šar-Adad brings, of those 2 textiles for Aššur-imitti son of Amur-ili, belonging to me, have been sealed as a favour. 3 1/3 textiles have been sealed for you. 1 previous textile that I gave to you plus these – sell them for any price and send me the proceeds."
"[dí]-ma ší-im-šu-nu šé-bi-lam i-na ANŠE ša LUGAL-dIM 1 ANŠE i-a-um ù ša A-šur-i-mì-tí a-na ŠE-im ša pá-i a-dí-na-ku-ni KB šé-bi-lam-ma ŠE-am lá-áš-a-ma-kum ù a-šar i-ša-pu-ku wa-dí","Of the donkeys of Šar-Adad 1 donkey belongs to me and to Aššur-imitti. With respect to the grain that I promised you, send me silver so I can buy grain for you, and explain where it is stored."
"[um-ma] I-lí-dan-m[a] [a-na] En-nam-A-šur [qí]-bi4-ma a-hi a-ta be-lí a-[ta ...] ta-li-kam-ma [...] tù-ša-[...] ma-lá [...] [x] i [...] break [x x] dí iš [...] li-mu-tù [...] a-dí-i ṭup-p[u] lá i-mu-tù-ú giš-mì-li-kà-a lá a-ga-mì-il5-kà-a ù KB maš-qá-a[l-]ta-[k]à mì-ma [ú-la] [a-]ša-[qá-la-]kum","From Ili-dan to Ennam-Aššur: My dear brother and lord, ... you came ... ... ... let (the tablets) be invalid. As long as the tablets have not been invalidated at all, I shall by no means show you any favours and I shall not make any payments in silver to you."
"a-na Ku-ku-a LUGAL-Sú-in A-gi-a ù En-nam-A-šur qí-bi-ma um-ma I-lí-[dan-ma] a-na En-nam-A-šur qí-bi-[ma] a-hi a-ta mì-šu ša ta-[áš-pu-ra-ni] um-ma a-ta-ma SÍG.HI.[A ...] ša gi-mì-li ú-šé-[...] um-mì ṭup-pí-i[m ...] ṭup-pá-am ša a-[...] ša i-a-t[í ...] m[a...] x lines lost i-tù-ar [...] a-wa-tí-ni a-dí [ṭup-pu-um] ša 45 ma-na KB [lá i-mu-tù] mì-ma gi-mì-li-kà lá [ú-ta-ar]","To Kukuwa, Šar-Suen, Agiya and Ennam-Aššur from Ili-dan; specifically to Ennam-Aššur: My dear brother, why have you written as follows: ""Wool ... who ... a favour ..."" The original tablet ... the tablet ... ... will return ... of our case. As long as the tablet concerning 45 minas of silver has not been invalidated I shall not show you any favours."
"iš-tù ṭup-pu-um ša 45 [ma-na KB] i-mu-tù ú gi-mì-li-kà a-[da-an-ma] ú SÍG.HI.A a-na Tù-ku-ub-[tù] šál-ma-am ú-ba-lam qá-tí a-dí-ma [...] Tal-ha-at ma-ma-an iš-tù Ša-da-ha-ar a-Ha-ra-be-et ú-ra-da-am lá i-le-e a-sú-ri ṣú-ha-ru-kà e ta-aṭ-ru-da-šu-ma i-li-bi4 ma-tim mì-ma e <i->né-pí-šu-ma li-ba-kà e im-ra-aṣ a-na-ku lá ṭa-hu-a-ku a-ma-a a-wi-lu a-ni-ú-tum lu i-de4-ú","After the tablet concerning 45 minas of silver has been invalidated I shall show you my favours, and then I shall bring the wool safely to Tukubtu. I deposited my share, and ... Talhat. No-one can go down from Šadahar to Harabet. God forbid that you should send your servant and that you should be angry because something was done in the central country. I am personally not involved. May these men know this indeed!"
"[a-]na [MAR.]T[U-ba-ni] [En-]na-nim ù En-um-[A-šur] [qí-b]i-ma um-ma Ku-ku-wa-ma [a-na-k]am ha-ra-ni [a-ta]-be-a-ma a-ta-lá-kam I-dí-Ištar ù dIM-ṣú-lu-li im-ṣí-ú-ma um-ma šu-nu-ma mì-ma KB-áp Ma-num-ba-lúm-A-šur i-na li-bi4-kà ni-iṣ-ba-at a-pu-tum [a]-hu-ú-a be-lu-a a-tù-nu [a-]ma-kam É be-TIM [x] ú-pá-ri-id [tí-ir]-tù-šu a-na [sé-er] ša ki-ma [i-a-tí] li-li-kam-ma [lá-at-b]e-a-ma lá-tal-kam [x x x] [x] ta [x áš] [x x t]a al ta zi it [x x x] a-ša-kà-ku-ni [...] a-na [x] na [x x] me-ma [...] me [x] zu [...] TÚG [...] [... m]e-a[t ...]","To Amurrum-bāni, Ennānum and Ennam-Aššur from Kukuwa: Here I would set out on a journey and come, (but) Iddin-Ištar and Adad-ṣulūli on their own responsibility said: ""We have seized all the silver belonging to Mannum-balum-Aššur that was in your possession."" Urgent, my dear brothers and lords, he terrified the house there... His message should come to my representatives, so I can set out and come. ..."
"um-ma I-dí-a-bu-um-ma a-n[a] Šu-ma-li-ba-A-šur ù En-um-A-šur qí-bi-ma 1 ma-na 2 GÍN KB li-té-e hi-la-tí-šu ku-nu-ki-a Šu-ma-li-ba-A-šur na-sí a-ma-kam 1 ma-na KB ṣa-ru-pá-am Šu-ma-li-bi-A-šur a-ṣé-er 1 ma-na-im KB lu-ra-dí-ma 2 ma-na KÙG ku-un-kà-ma a-ṣé-er Ku-lu-ma-a a-na a-li-ki pá-ni-ú-tim-ma dí-na-ma lu-ub-lu-ú","From Iddin-abum to Šumma-libbi-Aššur and Ennam-Aššur: 1 mina 2 shekels of lītu-silver, with exudations, Šumma-libbi-Aššur brings under my seal. Let Šumma-libbi-Aššur add 1 mina of refined silver to the one mina of silver there, seal 2 minas of silver and give them to the first travellers so they may bring them to Kulumaya."
"ší-ta a-na wa-BI-im KB šu-uk-na a-na Šu-ma-li-bi-A-šur qí-bi-ma 1 ma-na KB i-na ra-mì-ni-kà dí-in-ma ṣí-ba-sú ša ITI.KAM-im iš-tí-in le-qé šu-ma KB a-qá-tí-kà ù-la ma-qí-it É DAM.GÀR a-ṣí-ib-tim le-qé-a-nim a-dí a-la-ki-a ṣí-ib-tám ša ITI.KAM iš-tí-in lá-áš-qúl a-hu-ú-a a-tù-nu ib-da-ma KB šé-bi-lá lu-mu-un li-bi-im a-Ku-lu-ma-a lá a-ra-ší","Set silver ... two ... for ... To Šumma-libbi-Aššur: Give 1 mina of silver of your own and take interest for a single month. If no silver has fallen into your hands, then take some at interest from a merchant-house. I shall pay interest for a single month until I arrive. My dear brothers, take care to send the silver. Let me not have to face Kulumaya's anger."
"um-ma I-dí-Sú-in-ma a-na En-nam-A-šur qí-bi4-ma a-h[i] a-ta be-lí a-ta ší-[im] TÚG.HI.A KB 1 [ma-na] KI A-[šur-ta-ak]-[lá-ku] ù [Ištar]-[x] na-am-gu5-r[a-ni] TÚG.[HI.A] ku-nu-ki-kà ku-nu-uk-ma dí-i-šu-nu-tí a-hi a-ta KB u4-ma-am a-ni-a-am lá i-bi4-at šé-bi4-lam a-[ta] ha-ra-nam ta-dá-nam KB lá i-bi4-at a-šu-mì SÍG.HI.A u4-ma-am a-be-et","From Iddin-Suen to Ennam-Aššur: My dear brother and lord, we have agreed on the price for the textiles as 1 mina of silver with Aššur-taklāku and Ištar-... Seal the textiles with your own seal and give them to them. My dear brother, may the silver not lie idle even this day. Send it! It is you who will give me a journey. The silver must not wait. Concerning the wool I shall stay one day."
"um-ma Ili5-ba-ni-ma a-na En-nam-A-šur qí-bi-ma ší-im KB 41 1/2 ma-na URUDU té-zi-ba-am be-el KB i-ša-am-ší ta-ta-al-ku i-li-kam-ma um-ma šu-ut-ma URUDU 45 1/2 ma-na um-ma a-hu-um eb-ru-ma iš-tù-ma a-we-lúm i-tal-ku a-wa-tum lá e-ri-ik ta-mì-šu ú-ta-mì-šu-ma 4 ma-na URUDU a-na-ku a-dí a-hi a-ta KB-áp-šu a-na Ma-ma-hi-ir dí-in-ma a-ṣé-er KB ša be-ú-lá-tí-a li-dí","From Ili-bāni to Ennam-Aššur: You left the price in silver for 41 1/2 minas of copper. The owner of the silver came here the very day you had left, and he said: ""It was 45 1/2 minas of copper."" Brother and friend answered: ""Since the man has left, the matter should not be long-drawn-out. Make him swear."" I made him swear and I personally deposited 4 minas of copper. My dear brother, Give the silver for it to Man-mahir so he can add it to the silver of my working capital."
"[a-na Ku-da-tim] [KIŠIB Na-áb-Sú-i]n [ù En-um-A]-šur","To Kudātum; seal of Nāb-Suen and Ennam-Aššur."
"a-na Ku-da-tim qí-bi4-ma um-ma Na-áb-Sú-in-ma ù En-um-A-šur-ma a-na ma-lá ta-áš-pu-ra-ni a-na-kam ni-iš-pè-er-ta-kà áš-me-ma a-dí-i KB 1 ma-na-im ša Ah-ša-lim ha-bu-lá-ku-ni aṣ-ba-at-ma mì-ma KB ú-lá i-dí-nam i-na a-lá-ki-kà ṣa-ba-sú-ma [K]B-áp-kà li-dí-na-kum [x x] GÍN KB ša tù-šé-bi5-lá-ni","To Kudātum from Nāb-Suen and Ennam-Aššur: In accordance with what you wrote, I listened to your missive here, and I seized him with respect to every mina of silver that Ah-šalim owes to you, but he did not give me any silver. Seize him when you arrive so he may give you your silver. ... shekels of silver that you sent,"
"[x x x] na-kà-ma [x x x x] a ni [x x x x x] Kà-ni-iš [x x x] tí [x x] a [x x] šu ù ra-[x x] am [ša Ir-ma-A-šur] [x] ša ša [x x x x x x] x li-bi4 [...] [x x x x x x]-ku-un šu [x x x x x x] ta ù [x x x x x] Ku-zi-zi-a [ki-ma i-a-tí sí-il5-a-ni] pu-uṭ-ra-ma 15 GÍN KB ša ku-nu-ku-kà i-ba-ší-ú-ni le-qé-a-ma ù 15 GÍN KB Ir-ma-A-šur lu-ra-dí-ma a-na ma-lá a-wa-tí-ku-nu ṭup-pá-am ša i-na Wa-ah-šu-ša-na ta-áp-qí-da-ni-ni ṭup-pu-um i-na li-bi4 ṭup-[pí ...] i-ba-ší ú KB [a-na A-x]-[...] DUMU Sú-kà-lí-a šu-[...] tù ga ú i [...]","... Kanesh ... ... of Irma-Aššur ... ... Kuziziya. Open the containers on my behalf, take 15 shekels of silver that is under your seal and then Irma-Aššur will add 15 shekels of silver, and in accordance with your words the tablet that you entrusted to me in Wahšušana – the tablet that is among the tablets ... ... the silver to A... son of Sukkalliya ..."
"um-ma Ku-zi-a-ma a-na En-nam-A-š[ur] qí-bi-ma URUDU ku-nu-ki ša Šu-Zu-zu ni-ip-ṭù-ur 51 1/2 ma-na URUDU SIG5 ni-is-ni-[iq]-ma URUDU SIG5 ku-n[u-ki-]kà ni-ip-ṭ[ù-ur-m]a 46 ma-n[a] ni-is-ni-iq URUDU lá-mu-nam 37 [ma-na] ni-is-ni-iq ŠUNIGIN URUDU-i-kà lu SIG5 lu lá-mu-[nu]m 2 GÚ [14] 1/2 ma-na ku-nu-ki-a Ša-lim-wa-ar-dí na-áš-a-kum SÍG.HI.A lu gám-«am-»ru-ma lu ni-is-ha-tum lu mu-ṭá-ú 4 GÚ LÁ 5 ma-na iz-ku-a-am ṭup-pí ku-nu-ki-kà na-áš-ú-ni-kum","From Kuziya to Ennam-Aššur: We broke open the copper sealed by Šu-Zuzu. We checked (the copper): 51 1/2 minas of good copper, and we broke open the good copper under your seal and checked 46 minas; as for the bad copper we checked it (and found) 37 minas – total of your copper, both good and bad: 2 talents 14 1/2 minas; Šalim-wardi brings that to you under my seal. The wool – both expenses, import duty and deficit – has been cleared as 4 talents less 5 minas. They bring you my tablet with your seal."
"a-na Ku-zi-a DÙG-ṣí-lá-A-šur ù Šé-ep-Ištar qí-bi-ma um-ma En-um-A-šur-ma a-na Šé-ep-Ištar qí-bi-ma a-ma-kam ú-na-hi-id-kà um-ma a-na-ku-ma a-na ba-áb-tí-a i-hi-id-ma a-dí-i a-lá-kà-ni ba-áb-tí za-ki-ma URUDU pá-ni-a-ma ma-lá ta-ma-hu-ru a-na qá-té-e am-tí-a dí-in-ma i-na É be-tí-a li-ni-dí ù me-eh-ra-am ša ba-a-ba-tí-a a-[na PN] ù Šé-ep-Ištar e-[zi]-ib","To Kuziya, Ṭāb-ṣill-Aššur and Šēp-Ištar from Ennam-Aššur; specifically to Šēp-Ištar: I instructed you there, saying: ""Pay attention to my outstanding credits, clear my credits before I come, and give at once the copper you receive to the care of my maid, and let it be deposited in my house."" Also, I left a copy of my outstanding credits to PN and Šēp-Ištar."
"1 GÚ 4 1/2 ma-na URU[DU ...] 26 ma-na URUDU ma-sí[-am] [sí]-im ku-ta-nim a-ha-ma 6 ma-na 10 GÍN URUDU ma-sí-um pá-ni-um mì-ma a-nim i-li-bi-i Ma-ru-ša-lá 27 ma-na URUDU ma-sí-um 9 ma-na URUDU lá-mu-num mì-ma a-nim i-li-bi4 En-um-A-šur DUMU A-šur-be-el-a-wa-tim 8 2/3 ma-na 5 GÍN URUDU lá-mu-num i-li-bi4 Ṣí-li-a 30 ma-na URUDU ma-sí-um iš-tí [Šu]-A-šur DUMU ší-ip-ri-im ŠÀ IM [(x-)x-]na i-dí-in-ma i-ma-nu-ma [i-]ba-ší ší-tí URUDU ša-áš-qí-lá-šu","1 talent 4 1/2 minas of copper ..., 26 minas of washed copper, the price of a kutānu, further, 6 minas 10 shekels of prime washed copper – all this is owed by Marušala. 27 minas of washed copper and 9 minas of bad copper – all this is owed by Ennam-Aššur son of Aššur-bēl-awātim. 8 2/3 minas 5 shekels of bad copper is owed by Ṣilliya. 30 minas of washed copper owed by Šu-Aššur, the messenger ...; ... gave it and (when they have) counted it, it will be available. Make him pay the rest of the copper."
"a-hu-ú-a a-tù-nu me-eh-ri am-ra-ma a-ma-lá me-eh-ri-a ba-a-ba-tí-a za-ki-a ba-a-ba-tí-a Šé-ep-Ištar i-de5-e ma-lá URUDU iš-tí Be-li-a ta-am-hu-ra-ni ù ma-lá i-<ba->áb-tí-a tù-šé-ṣí-a-ni iš-tí Ib-ni-dIM tí-ir-ta-ku-nu li-li-kam a-ší-tí URUDU ša [a]-hu-ru Šé-ep-Ištar na-hi-da-ma ba-áb-tám lá a-[kà-]ša-dam šu-ma A-bu-ša-lim [iš-][ù Ša-lá]-tù-ar ú-ṣa-am [...]-i-a-ni","My dear brothers, look at the copies and clear my outstanding credits in accordance with my copies. Šēp-Ištar knows about my outstanding credits. Send me word with Ibni-Adad about how much copper you have received from Bēliya and what credits you have produced. Instruct Šēp-Ištar about the rest of the copper that remains and I shall not obtain the outstanding credits. If Abu-šalim leaves Šalatuwar, let him leave ..."
"[a-na ... š]a ki-m[a] i-a-tí [...] qí-bi-ma um-m[a ...]-x-šu ... ITU 5.KAM a-na-kam wa-áš-ba-ku-[ma] ma-lá ù ší-ni-šu šál-[ší-šu] [ṣú]-ha-ri-a áš-pu-r[a-kum] [KÙ].B. ú-lá tù-uš-té-bi5-[lam] [x-š/t]a-ba-am ú-lá ta-a-mu-a [...]x i-na IGI A-šur x x -nam-ma ITU 8.KAM wa-ša-ba-am x [... a]-hi a-ta lá ti-dé x x ......x ma-na a-na a-x ...........-bi-ku-ni a-[... a-h]i a-ta KÙ.B. ..... ma-n]a šé-bi-lam-ma li-[ba-am] dí-[nam] ù ta-áš-pu-ra-am um-ma a-ta-ma KÙ.B. iš-tù É.GAL-lim ú-ra-dam-[ma] KÙ.B.","[To PN], my representative ... say, thus [...]: '[since] five months I am staying here and though I sent my servants once, twice, even three times to you, you have not sent me silver, you did not wish to ...... before Aššur you ... to me and to stay eight months ... Please, by brother, don't you know [that... x] mina(s) for ... for you. ... Please, my brother?, send me [x] minas of silver and thereby encourage me. You also wrote me as follows: 'When silver will come down from the palace, I will send you silver, not less"
"10 ma-na ú-šé-ba-lá-kum KÙ.B. iš-tù É.GAL-lim ur-dam-ma a-na DAM.GÀR-ru-tim tù-š/ta-x-ni-šu i-a-tí mì-ma ú-lá tù-ha-dí ša KÙ.B. 5 ma-na 10 ma-na [š]a i-a-tí tù-šé-ba-lá-ni né-ma-al-šu lá ha-áš-ha-at [a-h]i a-ta ù šu-ma KÙ.B. [...] kà-lá-šu a-na É.GAL-lim [... k]à-ri-im a-šu-mì-a [a-na] ṣí-ib-tim li-qí-ma [sí]-ib-tám a-na-ku ú-ma-li i-na ša-am-ší En-um-A-šur e-ra-ba-ni KÙ.B. [x ma-n]a dí-šu-um-ma ar-hi-iš [...i-li x ...] ás-hu-ur [...] ki-ma i-a-tí [...] a-pu-na-ma BA [...] [...]-im En-um [A-šur] [...]-x-ma [...i]-na u4-me [...] ba-a-nim [KÙ.]B. dí-šu-um-ma [...] šu-ma / a-[...] KÙ.B. [ ] i-tí-dí-šu [...] ra-mì-ni-šu [...]1 ma-na .[...]","then 10 minas! Silver indeed came down from the palace, but you have invested it in commercial activities. You did not any pleasure to me! You really don't need the profit of the 5 or 10 minas of silver that could have sent me! Please my brother even when all the silver ...[is due] to the palace [turn] to the kārum and borrow it at interest in my name and I would have made good the interest. The very day Ennam-Aššur arrives in town give him [x] minas of silver and [send him] quickly ... I have waited ... my representative ... it is urgent ... Ennam-Aššur ... at the time of... ... give him the silver and ... If / ... the silver ... he could have given it ... from his own means ... 1 mina [of silver ......]"
"Be-lá-nu-um ú A-sà-li-a ki-ma dUTU-SIPA a-na I-tur4-DINGIR iṣ-bu-tù-ni-a-tí-ma um-ma šu-nu-ma a-ma-lá dí-in da-a-a-ni ta-ak-li-am li-qí šu-ma i-na dí-in da-a-a-ni a-pá-lam [qá]-bi4-a-ni lu né-pu-ul [ú] šu-ma KÙ.B ša-qá-lam [q]á-bi-a-ni lu ni-iš-qú-lá-ku-um um-ma I-tur4-DINGIR-[ma] a-na [Be-lá]-nim ú A-[sà-li-a] a-na ma-lá dí-in da-a-a-ni u4-ma-ma ta-ak-li-am lá-al-qé-a-ku-nu-tí i-na ṭup-pi-im ša da-a-a-ni ki-ma Wa-ar-dí-im ta-zi-za-ma šu-um-ku-nu wa-du-ú ša ni-ša-lim úz-na-tí-ni il5-pu-tù a-na a-wa-tim a-ni-a-tim kà-ru-um Kà-ni-iš i-dí-ni-a-tí-ma IGI šu-ga-ri-a-en ša A-šur ší-bu-tí-ni ni-dí-in","Bēlānum and Asaliya, in the name of Šamaš-rē'ī seized us against Itūr-ilī and they declared: 'In accordance with the verdict of the judges you must obtain... If we have been ordered by the verdict of the judges to guarantee payment, we will do that, and if we have been ordered to actually pay silver we will pay it to you'. Itūr-ilī answered Bēlanum and Asaliya as follows: 'In accordance with the verdict of the judges I will even today obtain ... for you. In the tablet of the judges (is recorded that) you acted in the name of Wardum and thus your name has been registered'. They impressed this on us with the oath by the City. For (making) this statement kārum Kanesh made us available and before the twin šugarriā'um-symbol of Aššur we gave our testimony."
"a-na I-dí-Sú-in ú A-šur-ba-ni qí-bi4-ma <um-ma Ba-zi-a-ma> be-lu-a a-tù-nu a-na-kam a-ší-ra-am ú-la ar-tí-ší iš-tù 10 ITU.KAM i-pí-i A-nu-a DUMU GAL-A-šur i-ki-šé-er-ší-im a-na [mu]-a-tim na-ad-a-ku [um-ma] šu-ut-ma a-na [ru-ba-i]m-ma Ba-zi-a [ÌR-du-um š]a ru-ba-im [ ]-im (lacuna) [. [x] x [ K]à-ni-iš [ma-m]a-an ú-lá [i-ma-h]a-ar-šu be-lu-a [a]-tù-nu lu šu-um-ku-nu a-na a-limki A-šur a-ma-kam na-áš-pè-er-tí ša a-kà-ri-im lá-pu-ta-at-ni IGI kà-ri-im šu-uk-na-ma ú i-pí-ku-<nu> ki-ma ša A-šur a-wa-tum","To Iddin-Suen and Aššur-bāni, say <thus Baziya>: 'Please, my lords, here I have been unable to find a helper. Since 10 months I am now in jail at the instigation of Anuwa, son of Rabi-Aššur (and) I am going to die. He has said to the [rule]r: 'Baziya is only [a servant] of the king' ... [From?] Kanish. nobody does approach him. Please, my lords, your reputation vis-à-vis the City of Assur is at stake. Submit over there to the kārum my letter which has been written to the kārum, to the kārum and let a word as fine as one of Aššur himself come out"
"da-mì-iq-tum [lu-uṣ-a-ma k]à-ru-um [ ]-ku-ni-ma KÙ.B-áp [a-limki] A-šur lá i-ha-li [iq]","your month, so that the kārum [will...] that I am indeed ..... and the silver of [the City] of Assur shall not get lost!'"
"A-hu-a-hi a-na I-[na-a] iṣ-ba-at-ni-a-tí-ma um-ma A-hu-a-hi-ma a-na I-[na-a] ta-li-kam-ma KÙ.B. ù ṣí-ba-sú ša a-na I-dí-A-šur DUMU Er-šu-ma-lik ha-bu-lá-ku-ni ki-ma I-dí-A-šur KÙ.B. tal-qé u4-ma-am ta-li-kam-ma ṭup-pá-am ša ku-nu-ki-a ša a-ni-ša-am wa-ba-la-am qá-bi-a-tí-ni u4-ma-am lá ta-ta-ab-lam Er-šu-ma-lik ma-lá ù ší-né-šu iš-pu-ra-am um-ma šu-ut-ma É-kà a-na I-na-a dí-in ṭup-pá-am ša ku-nu-ki-kà a-na-ku ú-kà-al um-ma A-hu-a-hi-ma a-na I-na-a-ma šu-ma Er-šu-ma-lik ṭup-pá-am ša ku-nu-ki-a Er-šu-ma-lik i-ta-áb-lam-ma KÙ.B. ù ṣí-ba-sú lá ta-ša-qá-lam um-ma I-na-a-ma a-ša-qá-lá-kum a-na a-wa-tim a-ni-a-tim kà-ru-[um] Né-eh-ri-a i-dí-[ni-a-tí]-ma IGI GÍR ša [A-šur ší-b]u-tù-šu Pí-lá-ah-A-[šur DUMU I-bi]-sú-a i-dí-in [...] DUMU I-x-[...] tap-pá-i","Ahu'ahi seized us against Innāya and Ahu'ahi said to Innāya: 'You came here and the silver with the interest on it that I owe to Iddin-Aššur, son of Eršum-mālik, that silver you took in the name of Iddin-Aššur. Today you came here, but the tablet with my seal, which you had promised to bring here you have not brought me today. Eršum-māik wrote me a few times, saying: 'Give your house to Innāya; It is me who has the tablet with your seal in my possession'. Ahu'ahi also said to Innāya: 'If Eršum-mālik has brought the tablet with my seal will you then not pay me the silver and the interest on it?' Innāya answered: 'Yes, I will pay (it) to you'. For these words kārum Nehriya made us available and before Aššur's dagger Pilah-Aššur, son of Ibisua, gave his testimony. [PN] son of Iddi[n-...] was my fellow witness."
"2 e-li-a-tum ša ša-<áp>-tim(TÁM) 2 mu-ta-tum ša hu-ur-hu-[ra] ni ša du-ul-ba-tí ša kà-mu-ni ú ša zi-bi4-bi4-a-ni iš-tí hu-ur-hu-ra-ni ra-ak-sú(ŠU) 1 na-ru-qú-um ša pá-na 1 na-ru-qum ša bu-uq-lim ú ba-pí-ri a-na qá-tum ša ra e 1 na-ru-qum a-bi4 ù [ ha-mu-uš-tim [ša ...] ZI-li-[ ù Puzur4-[...] DUMU A-šur-ba-ni x [ a]-na 13 ha-[am-ša-tim] DUMU A-šur-ta-ak-[lá-ku e. i-ša-qú-lu x [ ú 5 1/3 ma-n[a iš-tù]","2 top-packs with wool, 2 half-packs with ........., with dulbātum, with cumin and with ........., (which) are packed together with the .........; 1 bag which is in front, 1 bag with malt and beer-bread for use of the herders, 1 (other) bag ... and ... hamuštim [of ...] ... and Puzur-[...] son of Aššur-bāni ... for 13 ha[muštim] son of Aššur-tak[lāku ... they will pay ... and 5 1/3 mina[s from]"
"um-ma Ku-du-du-ma a-na Mu-za ù En-nam-A-šur qí-bi4-ma 17 ma-na URUDU ší-kam «TÚG» a-na Kà-na-a kà-ṣa-ri-ni a-dí-in-ma pu-úz-ra-am i-ṣa-áb«-ta»-at a-ma-kam ṣa-ba-sú-ma 2 1/2 ma-na TA a-KB [ṣa]-ba-at-ma KB ša-áš-qí-il5-šu 1 ma-na ni-ga-li ku-nu-ki-a a-na Mu-za A-šur-GAL na-sí 2 GÍN KB ku-nu-ki-a Pí-it-ha-na ub-lá-[ku-um] a-ha-ma 5 2/3 ma-na URUDU SIG5 ig-ri-šu šu-a-tí-ma a-dí-šu-um a-na En-nam-A-šur qí-bi4-ma [AN].NA-ki-ma ni-iṣ-ba-at-ma 7 ma-na KB nu-ša-ak-ni-[ik] a-na A-[lu-a]-ma ni-ip-qí-id a-ṣé-rí-kà ù a-[ší]-bu-tí KB a-ma-kam i-ri-iš ṭup-pì-[a] [x x x]","From Kududu to Muza and Ennam-Aššur: I gave 17 minas of šikku copper to our harnessor Kanaya but he has gone into hiding. Seize him there and take hold of 2 1/2 minas of silver (per talent) and make him pay the silver. Aššur-rabi brings 1 mina of sickles under my seal for Muza. Pithana has brought you 2 shekels of silver under my seal; further, I gave 5 2/3 minas of good copper as his salary to him as well. To Ennam-Aššur: We seized my own tin and had 7 minas of silver sealed. We entrusted it to Aluwa; for you and for the witnesses the silver there ... as soon as you have my tablet ..."
"um-ma En-um-A-šur-ma a-na Ku-ra qí-bi-ma ha-ra-ni a-na A-limki 3 GÚ 35 ma-na URUDU ší-kam ša ṭup-pí-kà ša-ni-im e-li-im u4-mu-kà 2 ša-na-at e-tí-qú i-na tù-wa-ar ṣú-ha-ri-a iš-tù Pu-ru-uš-ha-dim URUDU-ú-šu ma-sí-a-am a-na Ah-ša-lim ù a-[na] ša ki-ma i-a-tí šu-qú-ul-ma ṭup-pá-kà iš-tí Ah-ša-lim le-qé šu-ma URUDU lá ta-kà-ša-ad 1 GÚ URUDU SIG5 šu-qú-ul-ma ta-ah-sí-is-tám pá-tí-tám id-a-ma i-na hu-bu-li-kà li-iṣ-hi-ir ù URUDU na-am-a-dam ša ṭup-pì-kà a-dí tù-wa-ri-a ni-sí 1 ma-na URUDU a-na qá-té ṣú-ha-ri-a dí-in","From Ennam-Aššur to Kura: My journey goes to the City. As to the 3 talents 35 minas of šikku copper from your second, upper tablet, your term is exceeded by 2 years. When my servant returns from Purušhaddum pay his washed copper to Ah-šalim or to my representatives, and get your tablet from Ah-šalim. If you do not acquire enough copper, then pay 1 talent of good copper and set down in an open memorandum that it will be deducted from your debt. Then we have settled the majority of the copper from your tablet until my return. Give 1 mina of copper to my servant to dispose of."
"[a-na Lu-lu] [ù] En-um-A-[šur] [qí-bi-ma a-n]a Lu-lu [qí-bi-ma ...] [...] [x ma-na K]B ṣa-ru-pá-am ni-is-ha-sú DIRI ša-du-a-sú ša-bu-ú IGI Tù-ra-am-ì-lí ù Šu-Ištar a-na ší-a-ma-tim i-nu-mì a-na A-limki ta-li-ku a-dí-na-kum a-hi a-ta šu-ma AN.NA ú-lá TÚG.HI.A tù-šé-li-am a-na En-um-A-šur dí-in-ma ku-un-kà-ma šé-bi-lá-nim a-ha-ma 6 GÍN KB-pí iš-tí [En-]um-A-šur tal-qé [x x š]a KB šu-a-tí [x x x]-šu a-pá-ni [x x x šé-]bi4-lá-nim","To Lulu and Ennam-Aššur; specifically to Lulu from ...: ... I gave you x minas of refined silver, its import duty added, its transport tariff paid for, with Tūram-ilī and Šu-Ištar as witnesses, for purchases when you went to the City. My dear brother, if you have brought up tin or textiles, give them to Ennam-Aššur, seal them and send them to me. Further, you received 6 shekels of silver from Ennam-Aššur. ... of this silver ... before ... send it to me."
"um-ma Ša-lim-Ištar-[ma a-na] A-šur-na-da ù E[n-nam-A-šur] a-na En-nam-A-šur [qí-bi-ma] 20 ma-na KB ku-nu-ki[-kà] Da-da-a-a ù Lá-dí-[a] ub-lu-nim ŠÀ.BA 50[+x ...] 4 TÚG šu-ru-[tum] [...] KB it-b[u-lu ...] AN.NA 16 [GÍN TA] 9 5/6 ma-[na KB ...] 1 ma-na [...] 7 GÍN K[B ...]","From Šalim-Ištar to Aššur-nādā and Ennam-Aššur; specifically to Ennam-Aššur: Dādaya and Ladiya brought 20 minas of silver under your seal. Thereof 50 ... 4 black textiles cost ... silver; ... tin at the rate 16:1 cost 9 5/6 minas of silver; 1 mina ... 7 shekels of silver ..."
"a-na En-um-A-šur [ù] A-lá-hi-im [qí-b]i-ma um-ma Šu-dDUMU./ZI-ma [šu]-ma a-hu-ú-a a-tù-nu-ma ta-ra-a-ma-ni ki-ma a-na-ku a-na-kam ki-ma ku-nu-tí am-ta-hu-ṣú-ma a-na a-wa-tí-ku-nu a-[za]-zu 26 ma-na KB É a-[...] a-dí-šu [ú] a-ni-[...] 2 né-nu n[a-a]l-pu-ta-ni a-ša-me-ma e-pi-iš-tí a-we-lim ša-ah-lá-[a]t šu-ma a-we-lúm É-tám i-šu-ma na-[ru-qú]-šu šál-ma-at [a-ni-t]um lá a-ni-tum [tí-ir-]ta-ak-nu za-ku-tum li-li-kam šu-ma a-we-lam5 ta-da-ga-lá-ma lá i-dum ki-ma i-a-tí mì-ta-ah-ṣa-ma ša [...] ku [...]","To Ennam-Aššur and Ali-ahum from Šu-Tammuzi: If you are my brothers and love me, since I here fight for you and take care of your affairs, 26 minas of silver ... I gave and ... the two of us have been booked. I hear that the man's actions are in disorder. Send me a clear report whether it is so or not that the man has a house and his joint-stock capital is safe. If you observe that the man has no sense, then do your very best, acting for me, and ... ..."
"a-na En-um-A-šur qí-bi5-ma um-ma Tù-ta-a-ma iš-ra-am ša a-na Um-ma-za ta-dí-na-ni-ni a-na-ku ù šu-ut i-na ga-bar-tí ha-ra-nim ni-mì-hi-ir-ma iš-ra-am lá a-dí-šu-um té-er-ta-kà li-li-kam a-šar pá-nu-im pá-ni-ší a-hi a-ta ar-ša-tim kà-ar-pá-at a-na qá-tí-im dí-in","To Ennam-Aššur from Tutaya: As to the belt you gave me for Ummaza, when I and he met at the conclusion of the journey, I did not give him the belt. Send me word and dispose of it wherever possible. My dear brother, give a pot of wheat to dispose over."
"[a-na En]-um-A-šur qí-bi-ma [um-ma] Šu-Nu-nu-ma a-[na] ma-lá [na-áš-p]é-er-tí-kà ša a-na [sé]-ri <-a> ù a-ṣé-er [A-šù]r-kà-ší-id tù-lá-pì-tù [x x] ni-ṣa-ba-sú um-ma [šu-ut-ma] e-lá-an KB 1 1/2 m[a-n]a [x x x]-ra-dí ku-nu-ki-šu [x x x]-hi-im a-dí-in [KB mì-ma] la i-dí-na-am [x x x um]-ma a-na-ku-ma [x x x x] šé-sí-am [x x x x] x il5-kà [x x x x [ma] URUDU [x x x] um-ma šu-ut-ma [x x x] i-dí-nim [um-ma a-na]-ku-ma a-ša-ar-ba [KB a-dí]-na-ku-ni KB-ba [ke-]na-tí-ma lá-dí-šu-um [um-ma] šu-ut-ma a-ša-qal [IGI] I-ku-pì-a DUMU A-[da-lá-al] [IGI] Šu-Ištar DUMU Šu-ku-tí-im","To Ennam-Aššur from Šu-Nūnu: in accordance with your missive which you wrote to me and to Aššur-kāšid we have seized him ... and he said: ""Apart from some 1 1/2 mina of silver ... under his seal ... I gave."" He did not give me any silver! ... I said: ""Produce for me ..."" ... ... copper. ... He answered: ""... in court."" I answered: ""In case I did give you the silver, should I in fact also give that very silver it to him?"" He answered: ""I shall pay"". Witnessed by Ikūn-piya son of Adalal, by Šu-Ištar son of Šukkutum."
"a-na E[n-nam-A-šur] ù A-lá-[hi-im] me-er-e Š[ál-ma-A-šur]","to Ennam-Aššur and Ali-ahum, Šalim-Aššur's sons"
"[a-na E]n-um-A-[šur] [KIŠIB x]-na [...]","To Ennam-Aššur ... seal of ..."
"[um-m]a [x x x x-ma] [a-]na [En-um-A-šur qí-bi-ma] [a-šu-mì ša ta-áš-pu-ra-ni] um-ma a-ta-ma [DUMU um-me-a-nim] [sí]-me-ma qá-qá-sú ta-ma-ha-aṣ [KI Šu-A]-ṣ[ùr] [lu] a-na um-me-a-[nim] [qá-qí-dí lá] [am-ha]-as ki-ma ša KB [ma-dum] x x x [za-ku x ú ta-áš-pu-[ra]-am um-ma a-ta[-ma] 40 [GÚ URUDU ma]-as-am [x x] ša ki-ma um-me-a-ni-[m] [En-nam-]A-šur qá-qá-sú im-[ha-as] [x x x] [URUDU x] [x] 26 ma-na [KB] [x x x] tí [x x x] ma [x x šu-ma] a [x x x ma-nim] [x x a dí šu KB ma [...]]","From ... to Ennam-Aššur: Concerning what you wrote to me, saying: ""Listen to(?) an affiliated trader and you will assume guarantee for him."" With Šu-Aššur I did not assume guarantee for the investor. Since a lot ... of silver ... ... you wrote and said: ""Ennam-Aššur assumed guarantee for 40 talents of washed copper ... the representatives of the investors."" ... copper ... 26 minas of silver ..."
"[x] ṭup-pí-im ú lá [...] [...] [x x x] KB ma-dam [...] [...] ù [lú] x [...] [a-]na um-me-a-[nim] [...] [x x] da-na a-pu-tum mì-[ma] [l]i-ba-kà lá i-[pá]-ri-id al-kam-ma a-[na-kam a-šar] [ús]-ma-at-ni ni-ma-[li-ik] [ú] ra-bi-sú-um [iš-][tí-][kà] [li-dí][...] mì-ma i-li-bi-kà [lá] tù-uš-[x] lá bi [x] tí-ir ki a-wa-tim ša du-[um] [x]-ku-nu ta-al-[...] [x] ší lá ma a-ma-tim KB [bu x x] [i]-ša-ku-nu-ku-nu-tí [...] [x x x] ú-kà-lu [...] tí [x] URUDU ša a-na [...] [x x x x x] [a-na] [...] [x x x]-mì-im [...] [x x qá-tim x x x x] [...] x ag-mu-ru [...] [...] ra a [x x] gu5-mu[-ur] [...] dí [x x x] [...]","... a lot of silver ... ... to the investor ... Urgent, do not worry at all. Come so that we can decide what is fitting here. Also, an attorney ... together with you ... Do not at all ... ... the matter that ... ... the slave-girls ... ... ... copper that for ..."
"[a-n]a ša 2 1/2 ma-na [(x)] [KB] ṣa-ru-pì-im ú ṣí-b[a-tí-šu] [ša] A-da-da ha-bu-lá-[ku-ni] [ni-k]à-sí ni-sí-ma [x] ma-na KB ṣa-ru-pá-am [ú] 1 ku-ta-nam i-na [p]ì ṭup-pí-šu a-na A-lá-hi-im i-da-[an] a-ha-ma a-na 1 ma-na 7 GÍN ša ší-ta ta-ah-sí-sà-tí-a a-za-kà-ar-šu-ma i-ša-qá-lam5 IGI I-tur4-DINGIR DUMU A-mur-Ištar IGI A-ta-ta ha-pu-dim IGI A-lu-lá-a DUMU I-sá-li-a 1 ma-na 10 GÍN KB iš-tí A-lu-lá-a","Concerning the 2 1/2 minas of refined silver and its interest that Adada owes to you, we settled accounts and he must give x mina refined silver and 1 kutānu in accordance with the text of his tablet to Ali-ahum. Further, I shall formally state to him the 1 mina 7 shekels from my two memoranda, and he must pay. Witnessed by Itūr-ili son of Amur-Ištar, by Atata the blind one, by Alulaya son of Isalia. 1 mina 10 shekels of silver from Alulaya"
"ù <X->dUTU al-qé-ú 6 TÚG.HI.A qá-dum 1 TÚG ša E-na-ah-DINGIR i-dí-nu-ni a-na É kà-ri-im a-na mì-iš-li ša a-bi-ni a-dí-i ma-lá ta-<az>-me-ru-ni šu-mì a-bi-ni i-na É kà-ri-im lu-up-ta-ma ú mì-iš-li ša a-bi-a I-dí-Ištar ù En-na-num li-ta-dí-ú a-ba-ú-a bé-lu-a a-tù-nu ú ší-tí KB ša i-É kà-ri-im i-ší-tù ih-da-ma ša-dí-na-šu-nu 4 ma-na KB ṣa-ru-pá-am a-ha-ma 1 ṭup-pu-um ša 1 ma-na KB i-na É i-[...]","and ...-Šamaš. I deposited at the office of the colony as a half-share of our father 6 textiles, including Enahili's textile. Write our father's name in the office of the colony for what you account for them, and then Iddin-Ištar and Ennānum may deposit my father's (other) half-share. My dear fathers and lords, also, the remainder of the silver, whatever is left in the office of the colony – take care to make them pay that! 4 minas of refined silver, further, 1 tablet concerning 1 mina of silver in the house of ..."
"i-šu-šu-um um-ma I-na-ah-DINGIR-ma KB šu-qú-ul a-we-lúm KB ú-ša-áš-(erasure)qá-lá-ni a-na-kam Šu-Ištar ù Ištar-lá-[ma]-sí ik-ta-na-lu-ú-ni um-ma šu-nu-ma KB a-hi-kà [lá] ta-ša-qá-al-ma lu-mu-ul-li-bi4-im a-na a-hi-kà","... he has against him. Inah-ili said: ""Pay the silver!"" The man wants to make me pay the silver. Šu-Ištar and Ištar-lamassi keep holding me back here, saying: ""Do not pay your brother's silver and incur his anger!"""
"lá ta-ra-ší um-ma I-na-ah-DINGIR-ma KB 10 ma-na té-pu-uš-ma tù-ub-lam KB a-na ma-lá ṭup-pí-kà ha-ar-mì-im šu-qú-ul šu-ma a-dí 10 u4-me-e lá ta-tal-kam ú-lá tí-ir-ta-kà a-na ṣé-er ša ki-ma ku-wa-tí lá i-tal-kam KB a-na I-na-ah-DINGIR a-ša-qal","Inah-ili said: ""You have made and brought here some 10 minas of silver. Pay the silver in accordance with your certified tablet."" If you have not come within 10 days or have sent word to your representatives, I shall pay the silver to Inah-ili."
"Lá-qé-ep DUMU Šu-A-šur a-dí-in a-ša-me-ma ma-áš-kà-tù-šu ú-šé-bi-lam a-ma-kam DUMU Puzur4-ša-du-e ša-lá-ma lu KB ša-al-ṭám lu ší-im pí-ri-kà-ni ú-šé-bi-lam KB ma-lá ú-šé-bi4-lá-ni i-ku-nu-ki-šu-ma i-qá-tí am-tí-a li-ib-ší a-hu-a a-tù-nu a-ma-kam GEME ú E-wa-ri-mu-ša na-hi-da-ma ba-áb-tí lu-pá-hi-ru-ma KB ma-lá","... I gave to Lā-qēp son of Šu-Aššur. I hear that he sent his deposit. Ask the son of Puzur-šadu'e there whether he sent ready cash or the proceeds from the pirikannus. What silver he sent should remain in the hands of my maid under his own seal. My dear brothers, instruct the maid and Ewarimuša there to collect my outstanding claims, and the silver you produce"
"tù-šé-ṣa-a-ni-ni i-na ku-nu-ki-ku-nu a-dí a-lá-kà-ni i-be-tí-a li-ib-ší ú ṣú-ha-ri-a na-hi-da-ma ú-ṭá-tám na-hi-da-ma ú-ṭá-tám ú e-ṣí lu-pá-hi-ru-nim ú-ṭá-tám lu ŠE-am lu GIG ša ú-šé-ru-hu-ni-ni-ma a-na KB am-tum lu ta-ta-dí-in-ma KB É-tí-ša li-ib-ší a-dí a-lá-kà-ni 12 GÍN KB iš-tí <PN> 6 e-ri-qá-tum iš-tí A-ší-ú-ma-an a-hu-a a-tù-nu ba-áb-tí za-ki-a","(plural) should remain in my house under your seals until I arrive. Also, instruct my servants to gather grain and firewood. The maid should sell the grain, whether barley or wheat, that they bring in, for silver and the silver should remain in her house until I come. 12 shekels of silver is owed by PN. 6 wagons are owed by Aši-uman. My dear brothers, clear my outstanding claims."
"KIŠIB A-lu-lá-a a-na En-nam-[A-šur]","Sealed by Alulaya; to Ennam-Aššur."
"a-na Ma-[nu-ki-A]-[šur]","To Mannum-ki-Aššur ..."
"a-na ša ki-ma i-a-tí [ù] Bé-lá-nim KIŠIB En-um-A-šur","To my representatives and Bēlānum; seal of Ennam-Aššur."
"16 ma-na KB ṣa-ru-pá-am i-ṣé-er I-ku-nim DUMU Ili5-ba-ni ITI.1.KAM áb-ša-ra-ni li-mu-um Šu-Hu-bur DUMU E-lá-lí a-na MU.10.ŠÈ KB i-ša-qal a-ha-ma 1 1/3 ma-na K[B ṣ]a-ru-pu-um iš-tí-šu-ma a-na ba-áb ha-[ra-n]i-a i-ša-qal 12 ma-na KB ṣ[a-ru-p]á-am i-ṣé-er A-ta-a-a DUMU Šu-Ištar En-um-A-ṣ[ù]r i-šu-ú ù Ša-lim-A-šur qá-ta-[t]um ITI.1.KAM ša k[en]a-tim li-mu-um ša qá-tí Puzur4-Ni-r[a-ah] a-na 46 ha-am-ša-tim i-ša-qal a-ha-ma 1 1/2 ma-na KB ṣa-ru-pá-am i-ṣé-er A-ta-a-a-ma a-na 20 ha-am-š[a-tim] i-ša-qal ù 2/3 ma-na KB bé-ú-lá-t[ù-šu] [i]š-tí KB-pí-ma uk-ta-al 12 ma-[na KB] ṣa-ru-pu-um i-ṣé-er I-ri-ší-im a-n[a] 16 ha-am-ša-tim i-ša-qal a-ha-ma 2 1/2 [m]a-na KB ṣa-ru-pu-um i-ṣé-er I-ri-ší-im-ma a-na 12 ha-am-ša-tim i-ša-qal 1 1/2 ma-na KB ṣa-ru-pu-um i-ṣé-er E-ri-ší-im ù Ili5-ba-ni a-hi-šu a-na 4 ha-am-ša-tim i-ša-qú-lu 1/3 ma-na KB ṣa-ru-pu-um iš-tí Ili5-ba-ni iš-tù A-lim i-[tù-]a-ri-šu i-ša-qal 10 1/2 ma-na KB ṣa-ru-pu-um i-ṣé-er Pí-lá-ah-Ištar ITI.1.KAM té-i-na-t[im] li-mu-um I-dí-A-šur a-na 46 ha-am-ša-tim","16 minas of refined silver owed by Ikūnum son of Ili-bāni. Month Abšarāni, eponymy Šu-Hubur son of Elāli. He will pay in 10 years. Further, 1 1/3 mina of refined silver is owed by him as well; he will pay at the start of my journey. Ataya son of Šu-Ištar owes 12 minas of refined silver to Ennam-Aššur, and Šalim-Aššur is guarantor. Month Šakēnātim, eponymy after that of Puzur-Nirah. He will pay in 46 weeks. Further, 1 1/2 mina of refined silver is owed by Ataya as well; he will pay in 20 weeks. Also, 2/3 mina of silver is his working-capital; he is held in service by the silver. 12 minas of refined silver is owed by Erišum. He will pay in 16 weeks. Further, 2 1/2 minas of refined silver is owed by Erišum as well; he will pay in 12 weeks. 1 1/2 mina of refined silver is owed by Erišum and his brother Ili-bāni; they will pay in 4 weeks. 1/3 mina of refined silver is owed by Ili-bāni; he will pay on his return from the City. 10 1/2 minas of refined silver is owed by Pilah-Ištar. Month Tē'inātum, eponymy Iddin-Aššur. He will pay in 46 weeks."
"i-ša-qal 9 ma-na 11 2/3 GÍN KB ṣa-ru-pu-um i-ṣé-er A-šur-e-mu-qí a-16 ha-am-ša-tim i-ša-qal 4 ma-na KB ṣa-ru-pu-um iš-tí Ú-ṣú-ur-ša-A-šur ù A-šur-DÙG a-na 6 ha-am-ša-tim i-ša-qú-lu KÙG i-qá-qá-ad šál-mì-šu-nu ra-ki-is 5 ma-na KB i-ṣé-er Du-du DUMU Ba-zi-a ITI.1.KAM ša ke-<na->tim li-mu-um ša qá-tí I-dí-A-šur 4 ma-na KB i-na li-bi4 A-šur-ma-lik a-na 20 ha-am-ša-tim i-ša-qal 2 GÚ 30 ma-na URUDU SIG5 i-ṣé-er Ì-li-e-mu-qí DUMU A-mur-d/UTU a-na 20 ha-am-ša-tim i-ša-qal 2 ma-na KB ṣa-ru-pu-um i-ṣé-er Lá-qé-pí-im DUMU I-zi-za-am-DINGIR a-na 3 ha-am-ša-tim KB i-ša-qal 2 ma-na 10 GÍN KB ṣa-ru-pu-um i-ṣé-er Sá-gi-im ù Šu-ma-bi-a me-er-i-šu KB i-qá-qá-ad šál-mì-šu-nu ra-ki-is 1 1/3 ma-na 4 GÍN KB ṣa-ru-pu-um i-ṣé-er A-šur-na-da ù Sa-ha-ar-DINGIR KB i-na qá-qá-ad šál-mì-šu-nu ra-ki-is a-na 6 ha-am-ša-tim i-ša-qú-lu 2 GÚ 2 ma-na URUDU ší-kam i-ṣé-er Zi-ki-ki ITI.1.KAM ma-hu-ur-ì-lí li-mu-um A-mur-A-šur a-na ITI.2.KAM i-ša-qal ù 2/3 ma-na KB ṣa-ru-pu-um bé-ú-lá-at Zi-ki-ki-ma iš-tí KB","9 minas 11 2/3 shekels of refined silver is owed by Aššur-emūqi. He will pay in 16 weeks. 4 minas of refined silver is owed by Uṣur-ša-Aššur and Aššur-ṭāb. They will pay in 6 weeks. They are jointly responsible for the silver. 5 minas of silver is owed by Dudu son of Baziya; month Šakēnātim, eponymy after that of Iddin-Aššur. 4 minas of silver is in the possession of Aššur-malik. He will pay in 20 weeks. 2 talents 30 minas of good copper is owed by Ili-emūqi son of Amur-Šamaš. He will pay in 20 weeks. 2 minas of refined silver is owed by Lā-qēp son of Izzizam-ili. He will pay in 3 weeks. 2 minas 10 shekels of refined silver is owed by Sagum and his son Šumi-abiya; they are jointly responsible for the silver. 1 1/3 mina 4 shekels of refined silver is owed by Aššur-nādā and Sahar-ili; they are jointly responsible for the silver. They will pay in 6 weeks. 2 talents 2 minas of šikku-copper is owed by Zikiki. Month Maḫḫur-ilī, eponymy Amur-Aššur. He will pay in 2 months. Also, 2/3 mina of refined silver is the working-capital of Zikiki as well; he is"
"uk-ta-al šu-ma a-e-ma ú-dá-pì-ir ṣí-ib-tám ú-ṣa-áb ITI.1.KAM a-lá-na-tim li-mu-um Šu-Hu-bur 1 2/3 ma-na KB i-ṣé-er dIM-GAL ITI.1.KAM té-i-na-tim li-mu-um Šu-da-a a-na 8 ha-am-ša-tim KIŠIB A-šur-dan DUMU Ú-ku KIŠIB Ší-lu-lu a-hi-šu KIŠIB Bu-zi DUMU Šu-A-nim ša ŠE-am ša-<a->mì-im URUDU i-na A-limki a-na A-šur-dan DUMU Ú-[ku] ša ki Ša-lim-A-šur i-du-nu-ma ŠE-am SIG5 ma-hi-ir bi-ri i-na A-l[imki] i-ma-da-ad 6 ma-na KB i-ṣé-er Hu-ba-zi ù I-šar-ki-ma-ta-an a-hi-šu 2 ma-na 10 GÍN KB ṣa-ru-pá-am i-ṣé-<-er-> Ku-zi-a DUMU Bu-zi-zi ITI.1.KAM ma-hu-ur-DINGIR li-mu-<-um-> ša qá-tí dIM-ba-ni DUMU Puzur4-É-a 5 ma-na KB ṣa-ru-pu-um i-ṣé-er Ga-al-ga-li-a ù A-lu[-ú D]UMU A-du-du 3 ma-na KB ṣa-ru-pu-um i-ṣé-er Šu-Lá-ba-[an] DUMU Ba-zi A-šur-DÙG DUMU En-na-nim ù Ha-nu-nu a-na 10 ha-am-ša-tim i-ša-qú-lu 15 GÍN KB ṣa-ru-pu-um i-ṣé-er Šu-Sú-in DUMU Zu-ku-a a-na 3 ha-am-ša-tim KB i-ša-qa[l] šu-ma lá [iš]-qúl ṣí-ib-tám [ú-ṣa-á]b [ù] 1/3 ma-na [2] GÍN KB ṣa-ru-pá-am i-ṣ[é-e]r En-na-[Sú]-in li-mu-um A-[šur]-SIG5 ITI.[KAM] ku-zal-li","held in service by the silver. If he runs away somewhere, he will pay interest. Month Allanātum, eponymy Šu-Hubur. 1 2/3 minas of silver is owed by Adad-rabi. Month Tē'inātum, eponymy Šudaya. It runs for 8 weeks. Sealed by Aššur-dan son of Uku, by his brother Šilūlu, by Buzi son of Šu-Anum. They will give the copper in the City to Aššur-dan son of Uku, Šalim-Aššur's representative, for buying barley, and he will measure out good barley in the City according to the rate of the bīru-officials. 6 minas of silver owed by Hubazi and Išar-kimatān, his brother. 2 minas 10 shekels of refined silver is owed by Kuziya son of Buzizi. Month Maḫḫur-ilī, eponymy after Adad-bāni son of Puzur-Ea. 5 minas of refined silver is owed by Galgaliya and Alu son of Adudu. 3 minas of refined silver is owed by Šu-Laban son of Bazi, Aššur-ṭāb son of Ennānum and Hanunu. They will pay in 10 weeks. 15 shekels of refined silver is owed by Šu-Suen son of Zukuwa. He will pay the silver in 3 weeks; if he has not paid, he will add interest. Also, 1/3 mina 2 shekels of refined silver is owed by Enna-Suen. Eponymy Aššur-damiq, month Kuzallu."
"A-hu-a-hi a-na I-[na-a] iṣ-ba-at-ni-a-tí-ma um-ma A-hu-a-hi-ma a-na I-[na-a] ta-li-kam-ma KÙ.B. ù ṣí-ba-šú ša a-na I-dí-A-šur DUMU Er-šu-ma-lik ha-bu-lá-ku-ni ki-ma I-dí-A-šur KÙ.B. tal-qé u4-ma-am ta-li-kam-ma tup-pá-am ša ku-nu-ki-a ša a-ni-ša-am wa-ba-la-am qá-bi-a-tí-ni u4-ma-am lá ta-ta-ab-lam Er-šu-ma-lik ma-lá ù ší-né-šu iš-pu-ra-am um-ma šu-ut-ma É-kà a-na I-na-a dí-in tup-pá-am ša ku-nu-ki-kà a-na-ku ú-kà-al","Ahu'ahi seized us against Innāya and Ahu'ahi said to Innāya: ""You came here and the silver with the interest on it that I owe to Iddin-Aššur, son of Eršum-mālik, that silver you took in the name of Iddin-Aššur. Today you came here, but the tablet with my seal, which you had promised to bring here you have not brought me today."" Eršum-mālik wrote me a few times, saying: ""Give your house to Innāya; It is me who has the tablet with your seal in my possession."""
"um-ma A-hu-a-hi-ma a-na I-na-a-ma šu-ma tup-pá-am ša ku-nu-ki-a Er-šu-ma-lik i-ta-áb-lam-ma KÙ.B. ù ṣí-ba-sú lá ta-ša-qá-lam um-ma I-na-a-ma a-ša-qá-lá-kum a-na a-wa-tim a-ni-a-tim kà-ru-[um] Né-eh-ri-a i-dí-[ni-a-tí]-ma IGI GÍR ša [A-šur ší-b]u-tù-šu Pí-lá-ah-A-[šur DUMU I-bi]-sú-a i-dí-in [...] DUMU I-x-[...] tap-pá-i","Ahu'ahi also said to Innāya: ""If Eršum-mālik has brought the tablet with my seal will you then not pay me the silver and the interest on it?"" Innāya answered: ""Yes, I will pay (it) to you."" For these words kārum Nehriya made us available and before Aššur's dagger Pilah-Aššur, son of Ibisua, gave his testimony. [PN] son of Iddi[n-......] was my fellow witness."
"2 e-li-a-tum ša ša-<áp>-tim (TÀM) 2 mu-ta-tum ša hu-ur-hu-[ra] ni ša du-ul-ba-ti ša kà-mu-ni ú ša zi-bi4-bi4-a-ni iš-tí hu-ur-hu-ra-ni ra-ak-sú (ŠU) 1 na-ru-qú-um ša pá-na 1 na-ru-qum ša bu-uq-lim ú ba-pí-ri a-na qá-tum ša ra e 1 na-ru-qum","2 top-packs with wool, 2 half-packs with .........., with dulbātum, with cumin and with .........., (which) are packed together with the ..........; 1 bag which is in front, 1 bag with malt and beer-bread for use of the herders, 1 (other) bag"
"KIŠIB A-mur-A-šur DUMU Zu-ú-a KIŠIB Ta-as-ku-li KIŠIB Ú-ṣú-ra-nim","Seal of Amur-Aššur, son of Zū'a, seal of Taskuli, seal of Uṣurānum"
"ša 5 GÍN KÙ.B. ṣa-ru-pá-am i-ṣé-er Ú-ṣú-ra-nim Du-du i-šu-ú iš-tù a-limki i-tù-wa-r[i-šu] i-ša-qal šu-ma Ú-ṣú-ra-nam a-na a-limki Du-du ik-ta-ša-sú KÙ.B. i-na a-limki i-ša-qal-šum","that Uṣurānum owes 5 shekels of refined silver to Dudu. When he returns from the City he will pay. If Dudu catches up with Uṣurānum on the way to the City he will pay him the silver in the City."
"[x x x KÙ].B. a-na m[u-lá ší-i]m ANŠE 1/6 GÍN 5 1/2 ŠE a-na ša ma-ṣa-ra-tim 1/4 GÍN KÙ.B. a-na ki-ri-im 1/6 GÍN 5 1/2 ŠE a-na mu-ṣí-a 1/6 GÍ[N] KÙ.B. a-na x-bu x x x 1/6 GÍN a-na NINDA 1 LÁ 1/4 [GÍN KÙ.B.] a-na ku-[x -t]im mì-ma a-nim i-na Kà-ni-iš áš-qúl [x] GÍN a-ṣí-ba-ra-/tim [...] x a-na x","[x] silver to supplement? the price of the donkey. 35 1/2 grains (of silver) for the costs of guarding. 1/4 shekel of silver for drinks. 35 1/2 shekels for my mūṣum, 1/6 shekel of silver for ......., ............, 1/6 shekel for bread, 3/4 shekel for ........., All this I paid in Kanesh. [x] shekel for ṣ. [...] for [.......]"
"1 ma-na KÙ.B.[ø] ša i-na Ha-[hi-im] Zu-ú-a Kur-ub-I[štar] ú-[ha]-bi4{eras}-lu Kur-ub-Ištar ša-bu tup-pu-um šu-um-šu ša hu-bu-ul Zu-ú-a ša e-li-a-ni sá-ar IGI Šu-Ku-bi4-im IGI Šu-Nu-nu","With the 1 mina of silver which Kurub-Ištar borrowed to Zu'a in Haḫḫum Kurub-Ištar has been satisfied. Any tablet recording the debt of Zu'a that turns up is invalid. In the presence of Šū-Kūbum, of Šū-Nunu."
"a-na Mu-za A-šur-ma-lik ú A-du-ma-an a-na Mu-za qí-bi4-ma um-ma DINGIR-ba-ni-ma [3 ta-ma-lá-ke ku-nu-ki ša IGI A-du-ma-an a-áp-qí-dá-ki-ni a-na ší-né-šu t[a]-ma-lá-ke-en6 a-na A-šur-ma-lik ú A-du-ma-an ú-ší-ri a-na ša ki-ma i-a-tí qí-bi4-ma ta-ri-a-šu-nu-ma a-na IR DUMU En-nu-um-pí-iq-da-ma [Ku-ba-ba-at lu-ub-lá-am","Say to Muza, Aššur-mālik and Aduman, especially to Muza, thus Ilī-bāni: ""Three sealed boxes which I entrusted to you with Aduman as witness, release two boxes to Aššur-mālik and Aduman. Say to my representatives: Take them along and entrust them to Wardum, son of Ennam-Kubabat, to bring them to me."""
"1 ku-ta-nam i-na ILLAT A-šur-ta-ak-lá-/ku DUMU Qá-a-tim i-na É.GAL-lim a-na ša sí-mi-im A-mur-A-šur DUMU Zu-ú-a i-dí-in-ma a-na qá-tim ša A-šur-tak-ak-lá-ku ú-ṭá-hi-i i-na wa-ṣa KÙ.B. ša É.GAL-lim ša-al-ša-tim i-na qá-tim ša A-šur-ta-ak-lá-ku A-mur-A-šur i-lá-qé ší-ni-pí-e i-na mì-ší-it ILLAT-tim i-na qá-tim-ma ša A-šur-ta-ak-lá-ku i-lá-qé IGI En-nam-A-š[ur] DUMU Sú-in-na-d[a] IGI Sú-sà-a DUMU Šu-Ku-bi4-im IGI Šu-ki-tim DUMU Hu-ra-ṣí-<im>","1 kutānum textile from the caravan of Aššur-taklāku, son of Qayatum, Amur-Aššur, son of Zu'a, gave in the palace for those (required) for pre-emption and he transferred it to account of Aššur-taklāku. When the silver comes out of the palace Amur-Aššur will take one third (of its yield) from the share of Aššur-taklāku; two-thirds he will take out of the stock of the caravan also from the share of Aššur-taklāku. In the presence of Ennam-Aššur, son of Suen-nādā, of Susāya, son of Šū-Kūbum, of Šukutum, son of Huraṣum."
"a-na kà-ri-im Kà-ni-iš qí-bi4-ma um-ma u-bar-tum ša Ma-ma-a-ma a-na-kam ru-ba-ú Ma-ma-i-ú wa-ṣí-ma A-šur-ma-lik ú I-li-qú-li ší-ip-ri-ku-nu 20 u4-me-e nu-sà-as-hi-ir","Say to kārum Kanesh, thus the trading station of Mamma: ""Here, the ruler of Mamma is away and (therefore) we let your messengers Aššur-mālik and Ilī-qūlī stay for 20 days."""
"a-na A-šur-ma-li[k] ú Abu-ša-lim qí-bi-ma a-na [A-bu-ša]-lim qí-bi4-ma [um-ma ...]x-m[a] (gap) 5 [...] na-x [...] A-šur-m[a-lik ...]li]-dí-i[n] a-hi a-ta KÙ.B. e lá t[a-dí-ma] KÙ.B. ma-ar-ṣa-am i-ṣé-ri-a e lá [...] li-bi4 [li-i]m-[ra-a]ṣ ú a-x [...] ša x [...]","Say to Aššur-mālik and Abu-šalim, say especially to Abu-šalim, [thus ...]: ... Aššur-mālik ... let him give [silver]. Please, my brother, do not give silver. Do not [charge] me silver that brings me in difficulty, so that I my get. ..."
"um-ma A-lá-kam-ma a-na A-mur-A-šur [qí]-bi-ma lá ta-áš-ta-na-/me [ta-ak]-ší-tám la-šu [...] x-té-ṣú-bu-ni [... x]-šu-nu ù lu-bu-/ ší-šu-nu [...] x (gap) [...] x-x-[x] [...]-tum [...] x KI pá-ni-ú-tim-ma [...] 4 GÍN šé-bi4-lam [?] sú-ùh-ri-ka a-na a-kà-lim š[é-bi4-lam]","Thus Alakam, say to Amur-Aššur: ""Don't you here the rumor that no profit can be made? ... [for?] their [..........] and their garments ... ... ... with the first opportunity you must send me [x+]4 shekels of silver, send me what is needed so that the youngsters have food."""
"a-na Zi-ni A-mur-dUTU A-šur-i-mi-tí ú Ib-ni-dIŠKUR qí-bi4-ma a-na Zi-nim qí-bi4-ma um-ma A-šur-ma-lik-/ma 2 GÚ SÍG.HI.A SIG5 ša li-bi4-kà a-bi4 a-ta SÍG.HI.A SIG5 a-na Ib-ni-dIŠKUR dí-in 2 ṣú-ha-re ša ha-bu-lá-ku-ni Ib-ni-dIŠKUR i-ra-dí-a-kum","Say to Zini(m), Amur-Šamaš, Aššur-imittī and Ibni-Adad and especially to Zinim, thus Aššur-mālik: ""2 talents of fine wool which you owe, please, my father, give that fine wool to Ibni-Adad. The two slave boys which I owe you, Ibni-Adad will lead to you."""
"a-na ša ki-ma i-a-tí qí-bi4-ma SÍG.HI.A ša tù-ša-áš-qá-lá-šu-ni (NU) lu da-am-qá-/at šu-ma mì-ma a-šu-mì SÍG.HI.A Zi-ni iq-tí-bi4 da-na-tám qí-bi4-a-šu-ma ú a-na k[u] li-bu-/šu ú-ša-am-ra-aṣ ṣú-ha-ar-tám ša a-na Zi-ni e-zi-bu a-na qá-tí Ib-ni-dIŠKUR dí-in","Say to my representatives: 'The wool that you will have them weigh out must be of good quality! Should Zini argue about the wool, then speak to him in strong terms and I myself will also put strong pressure on him. Hand the slave-girl that I left to Zini over to Ibni-Adad'."""
"a-na um-mi-a-né Id-na-a A-šur-ba-ni ù Šu-Ku-bu-bi4-im qí-bi4-ma um-ma Šu-Sú-in-ma a-ma-kam ta-aq-bi4-a-nim um-ma a-tù-nu-ma i-ba-áb-tim ša Id-na-a 11 ma-na KÙ.B. Ku-la il5-qé a-li-kam-ma Ha-na-nam aṣ-ba-at-ma um-ma a-na-ku-ma KÙ.B. dí-na-am um-ma šu-ut-ma KÙ.B. Ku-la il-qé ší-be ú-šé-li-ma ki-ma KÙ.B. Ku-la il5-qé-ú","Say to the investors of Idnāya, Aššur-bāni and Šū-Kūbum, thus Šū-Suen: ""Over there you told me that from the outstanding claims of Idnāya Kula had taken 11 minas of silver. When I came here I seized Hanānum, saying: 'Give me that silver!' He answered: 'Kula took that silver'. He produced witnesses of the fact that Kula had taken it."""
"5 ma-na KÙ.B. ša ki-ma Ku-la iš-qú-lu-nim-ma i-sà-ah-ru-ma tup-pá-am ša 6 ma-na KÙ.B. ša hu-bu-ul Id-na-a ub-lu-nim ù a-ha-ma 5 ma-na KÙ.B. Id-na-a a-na Ku-la i-da-ma [5] ha-am-ša-tim i-be-el i-na tup-pì-im ša hu-bu-ul","Five minas of silver Kula's representatives paid me, but they changed their mind and brought me a tablet of a debt of 6 minas of silver of Idnāya. And, in addition (one stating that?) Idnāya will give 5 minas of silver to Kula, which he will have at his disposal for 5 weeks. The debt-note of Idnāya"
"Id-na-a ku-nu-uk A-šur-ba-ni ù I-dí-Sú-in wa-du-ú a-ma-kam A-šur-ba-ni ša-la-ma šu-ma KÙ.B. a-nam ša-bu a-na da-a-ni ni-li-ik KÙ.B. a-na ša-na-at ni-ip-ti-qí-/sú-<um> a-dí té-er-tum i-tù-ra-ni ih-da-ma i-dUTUší tup-pá-am ta-ša-me-a-ni A-šur-ba-ni ša-la-ma té-er-ta-ku-nu za-ku-tum li-li-kam tup-pu-um ša hu-bu-ul E-dí-na-a iš-tí-a i-ba-ší i-na pu-uz-ri-im a-mí-ša-am i-tal-kam","is marked by the seals of Aššur-bāni and Iddin-Suen. Ask Aššur-bāni over there whether he has been paid that silver. We turned to the judges, we entrusted the silver to him for a year. Be alert until a message comes back, (and) as soon as you read this letter you must inquire with Aššur-bāni and send me a clear report. The debt-note of Edināya is in my possession. He left in secret and went there."""
"a-na um-mì-a-né Id-na-a A-šur-ba-ni Šu-Ku-bi4-im ù Ni-mar-Ištar qí-bi4-ma um-ma Šu-Sú-in-ma i-na wa-ṣa-i-a I-dí-A-šur aṣ-ba-at-ma um-ma a-na-<ku>-/ma a-na qá-dé um-mì-a-[ni x x] KÙ.B. ta-zu-uz tup-p[á-a]m ha-ar-ma-am kà-li-ma-ni ša KÙ.B. a-na a-hi-a a-na e-bu-tí-im ta-dí-nu um-ma šu-ut-/ma tup-pu-a ù ší-bu-a i-Kà-/né-eš i-ba-ší-ú a-li-ik-ma ša ki-ma i-a-tí tup-pá-am lu-kà-li-mu-kà","Say to Idnāya's investors, Aššur-bāni, Šu-Kūbum and Nimar-Ištar, thus Šū-Suen: ""When I left I took hold of Iddin-Aššur and said to him: Together with [his?] investors you got your share of the silver, show me the certified record as proof that you gave the silver to my brother as investment loan. He said: 'My tablets and witnesses are in Kanesh. Go there, then my representatives can show you that tablet'."""
"a-na-kam ša ki-ma ku-a-tí a-dí ma-la ù ší-ni-šu aṣ-ba-at-ma um-ma a-na-ku-ma tup-pá-am ù ší-be kà-li-ma-ni um-ma šu-nu-ma tup-pá-am ù ší-be ú-x-dí ší-be4 i-šu-šu-nu-tí a-ma-kam I-dí-A-šur ṣa-áb-/ṭá-ma da-na-at-ku-nu qí-bi-a-šu-um ša ki-ma šu-ma tup-pá-am la uk-ta-li-mi-ni KÙ.B. ù ṣí-ba-sú iš-tù u4-mì-im ša KÙ.B. il5-qé-ú KÙ.B. ù ṣí-ba-sú ú-ta-ra-ku-nu-tí-ni","Here I seized your representatives several times saying: 'Show me the tablet and the witnesses!' They said: 'The tablet and the witnesses he has ...'. I have witnesses against them! Seize over there Iddin-Aššur and deliver your ultimatum by telling him that, if he fails to show me the tablet, he shall give back to you the silver and the interest accrued on it since the day he took the silver."
"a-na-kam tup-pu-ú ša Id-na-a i-na ku-nu-ki-šu ù ku-nu-uk DUMU Pá-pí-lim kà-an-ku IGI A-šur-ba-ni ù 2 DUMU-e um-mi-a-né tup-pí ni-ip-té-ma 1 ta-ah-sí-<is>-tám ša 1/2 ma-na KÙ.B. É kà-ri-im il5-qé-ú e-li-am ù ku-nu-<ki>-šu ša ki-ma šu-a-tí ú-dí-ú a-ma-lá té-er-tí-a ih-da-ma KÙ.B. 10 GÍN ù 1/3 ma-na GA-li-lá-ma tup-pá-am [da-nam li-qí-a-nim-ma i-na tup-pí-im ša a-limki lu wa-du-a-ku iš-tí iš-té-en a-li-ki-/im tup-pá-am ša-ak-ší-[d]a-nim","The tablets of Idnāya, provided with his seal and with the seal of Pappilum's son are here. We got access to these tablets in the presence of Aššur-bāni and of two licensed traders and a memorandum that he had obtained 1/2 mina of silver at the office of the kārum turned up and his representatives identified his seal. Follow my instruction and spend(?) 10 or 20 shekels of silver for me to obtain a strong tablet and see to it that it is identified as mine in the tablet of the City. Make it arrive with me with the first caravan."""
"um-ma Pu-šu-ke-en6-ma a-na Šu-Sú-in qí-bi-ma 1 ma-na [K]Ù.B. a-ší-mì-im ša DAM.GÀR a-dí-na-[kum] ší-ma-am ma-lá ta-áš-a-ma-ni a-na En-um-A-šur [dí-in] 5 GÍN KÙ.B. a-na ig-re AN[ŠE] a-na x-[.......] a-dí-i[n x x x] KÙ.B. a-ma-lá té-er-tí-kà a-d[a-na-kum]","Thus Pūšu-kēn to Šū-Suen: ""I gave you 1 mina of silver for (making) purchases for the merchant. [Give] whatever purchases you made to Ennam-Aššur. Five shekels of silver for hiring a donkey for ......... I gave [and x] silver I will give [you] in accordance with your report."""
"šu-ma TÚG a-bar-ni-a[m] kà-ab1-tám na-[ar-ba-a]m a-li-tab-ší-a [i-na] li-wi-ti[m l]i-wi-[šú] ù 2 TÚG ku-ta-ni kà-ab1-tù-tim lu i-[na] ku-a-ú-tim lu [i-na] ša DAM.GÀR lu i-na i-a-ú-tim ú-sú-uq-/ma pá-na-šu-nu a-qé-er-bi4-/im šu-ku-un-ma lá-hi-ba-šu-nu šu-ma ṣú-ha-re a-na lá-hu-bi-im lá tí-šu [l]i-tám (erasure) ù ku-<ta>-ni ut-ha-ra-am šu-ku-ma a-na-num ra-dí-a-am a-ša-pá-/ra-ma ú-šé-ra-ba-am","If (you bought) a heavy and s[oft] Abarnian garment for my personal dress, you must wrap it in a wrapping textile. You must also select two heavy kutānu-textiles from either your own ones or from those of the merchant or those belonging to me and turn them inside out and ............ them. If you have no servants to ...... them, then provide the ...... and the textile(s) with a mark and then I will send an escort from here to you to bring them in."
"um-ma En-na-Sú-in a-na A-nu-mì-ì-lí A-šur-ma-lik u Ib-na-dIŠKUR a-na Ib-na-dIŠKUR qí-bi4-ma ṣu-ha-<ra>-am té-zi-ba-am ú 1 TÚG ṣú-ba-sú ta-áp-qí-dam um-ma a-ta-ma a-dí 4 1/2 GÍN KÙ.B. i-da-na-ku-/ni ṣú-ba-sú lá tù-ša-ar um-ma šu-ut-ma e-zi-ib-šu-ma a-lá-ak i-na a-limki a-na SIG5 DIRI ša-bé-šu áš-KI-sú-ma ṣu-ba-tí-šu a-na ší-mì-im a-dí-ma 4 1/2 GÍN KÙ.B. i-dí-nam","Thus Ennam-Suen, say to Anum-ilī, Aššur-mālik and Ibni-Adad, in particular to Ibni-Adad: ""You left the boy to me and you entrusted to me 1 textile as his garment. You said: 'Until he gives you 4 1/2 shekels of silver you must not release his garment (to him)!' He said: 'I will leave him and go!' In the City for one of extra fine quality seven times I ...... him and I sold his garments and he gave me 4 1/2 shekels of silver."
"ú a-na a-lá-nim e-gu5-ra-ni-ma 1 GÍN KÙ.B. ig-re-a iq-bi4-a-am ú-lá i-dí-nam ú-ku-ul-tù-šu lá i-<dí>-nam ig-re-a ú-ku-ul-tù-šu ša ITU.2.KAM a-ma-kam ša-áš-qí-lá-šu a-hu-a(ŠU) be-lu-a a-tù-nu ih-da-ma KÙ.B. ša-áš-qí-lá-šu","Moreover, he hired me to go to the villages(?) and promised me 1 shekel of silver as my wage, but he did not give it to me, neither did he give me the food he should. Make him pay there my wage and his food for a period of two months. Please my brothers and lords, take care to make him pay the silver."""
"a-na Puzur4-... x x -ni a ni a ma ..... um-ma a-na-ku-ma i-na u4-um x be-lí ... i-lá-ka-am ú a-na x x x ra-al x [x x x] i-lá-kà-ma ..... um-ma NI-ma x x x x x x bu-sà-ma áš-pu-ra-ku-um ZA-AK ....","To Puzur-...... ""I said: 'On the day of ... he will come ..... he will come and thus ....... ......... I wrote to you .....'"
"[u]m-ma A-š[ur-ma-l]ik-ma a-na Šál-mi-hi-im Ha-ni ù A-šur-ra-x qí-bi-ma 37 za-pu-ú ša Ištar-lá-ma-sí ú ku-nu-tí ŠÀ.BA 7 ú-šé-sí-a-am-ma a-na-kam ma-ma-an lá-qá-a-am lá i-mu-[a] x KU-tum x x x","Thus Aššur-mālik say to Šalim-ahum, Hani and Aššur-ra....: ""(As for) the 37 bristles of Ištar-lamassī and of yours, 7 thereof I produced, but here nobody wants to take them ................"""
"a-ta ru-qí ù x [x] a-na A-num-DINGIR dí-in a-na A-n[um-DINGIR] qí-bi4-ma šu-ma x x ru-qí ù ṣí-ba-sú ta-da-nam lá i-mu-a-kum ší-be šu-ku-šu-um ki-ma ṣí-ib-tum i-lu-ku-/ni ù té-er-ta-kà li-li-kam ha-[.........]","you must give my kettle and ....... to Anum-ilī. Say to An[um-ilī]: 'If ........ refuses to give you my kettle and the interest on it set witnesses against him (while declaring) that interest will accrue and let a message from you reach me ...... .........'"
"a-na x-[...] qí-bi-ma [um-ma] Šu-Be-lum-ma [x x] ší-im GA-x[.........] a-na E-na-d[.......] dí-ni e-KÙ.B. i-na sú-x [......] al-qé x[..........] dí-ni x [.....] [............]","x-[...........] Say to .......... thus Šē-Bēlum [x x] the price of ........ give it to Ennam-[....] Apart from the silver ....... I took ..... give ...... ......."
"KIŠIB A-šur-na-da DUMU A-šur-/i-dí KIŠIB A-mur-A-šur DUMU Sú-kà-li-a KIŠIB A-mur-dUTU DUMU En-nam-i-lí DUB ša ší-bu-tí-ni kà-ru-um Kà-ni-/iš i-dí-ni-a-tí-ma IGI GÍR ša A-šur ší-bu(BI)-tí-ni [ni-dí]-in","Seal of Aššur-nādā, son of Aššur-idī, seal of Amur-Aššur, son of Sukkalliya, seal of Amur-Šamaš, son of Ennam-ilī. Tablet containing our testimony. Kārum Kanesh made us available and before the dagger of Aššur we gave our testimony."
"IGI A-šur-na-da A-mur-A-šur IGI A-mur-dUTU ki-ma Šu-Sú-en Ša-da-ah-šu Na-na-a iṣ-ba-at-ma um-ma Ša-da-ah-<šu>-ma tup-pu-um ša 2/3 ma-na KÙ.B. ša hu(RI)-bu-ul a-bi-kà ša i-na tup-pí-im ša hu-bu-ul Ip-qí-im 1 1/2 ma-na 5 1/2 GÍN a-na Id-na-a ha-bu-lu-ni ú-kà-lá-ma-/kà a-na KÙ.B. ù sí-ba-tí-/šu GUŠKIN ta-ša-qal","In the presence of Aššur-nādā, Amur-Aššur (and) of Amur-Šamaš Šadahšu, representing Šū-Suen, seized Nanāya and Šadahšu said: ""The tablet of a debt of your father to the amount of 2/3 mina of silver, recorded in the tablet of a debt of 1 mina 35 1/2 shekels that Ipqum owes to Idnaya, I will show you. Will you then pay gold for that silver and the interest on it?"""
"um-ma Na-na-a-ma a-ša-qal a-na a-wa-tim a-ni-a-tim ša ni-iš a-limki Ša-<da>-ah-šu ki-ma Šu-Sú-en iš-ku-nu-ni-a-tí IGI GÍR ša A-šur tup-pám ší-bu-tí-ni ni-dí-in IGI A-šur-na-da IGI A-mur-A-šur IGI A-mur-dUTU","Nanāya answered: ""I will pay"". For these words, stated under an oath by the City, Šadahšu, representing Šū-Suen, had established us (as witnesses). Before the dagger of Aššur we presented a tablet with our testimony. In the presence of Aššur-nādā, of Amur-Aššur, of Amur-Šamaš."
"Šu-Sú-en ù A-mur-A-šur iṣ-bu-tù-ni-a-tí-ma um-ma Šu-Sú-en-ma a-na A-mur-A-šur-ma KÙ.B. 2/3 ma-na ša hu-bu-ul a-bi-kà ša i-na hu-bu-ul Ip-qi-ma ša 1 1/2 ma-na 5 GÍN KÙ.B. i-na tup-pí-im la-áp-tù (over AT) dí-na-am um-ma A-mur-A-šur-ma tup-pá-am ša hu-bu-ul a-bi-a bi-la-ma la-mu-ur-ma mì-nam a-qá-bi a-wa-tí-šu-nu ni-ig-mu-ur-ma a-na ITU.KAM A-mur-A-šur a-na Kà-ni-iš i-la-ak-ma tup-pá-am ša hu-bu-ul a-bi-šu e-ma-ar","Šū-Suen and Amur-Aššur seized us and Šū-Suen said to Amur-Aššur: ""2/3 mina of silver, being the debt of your father, which as part of Ipqum's debt of 1 mina 35 1/2 shekels of silver has been recorded on a tablet, give that to me"". Amur-Aššur answered: ""Bring me the tablet of my father's debt so that I can inspect it, for what else can I say."" We settled their affair in this way: Within one month Amur-Aššur will go to Kanesh to inspect the tablet of his father's debt."
"šu-ma a-na ITU.KAM lá i-li-ik-ma tup-pá-am ša hu-bu-ul a-bi-šu ša 2/3 mana KÙ.B. la e-mu-ur ba-lu-um ma-mì-tim a-ma-la tup-pí-im ša hu-bu-ul a-bi-šu KÙ.B. ú ṣí-ba-tí-šu i-ša-qal IGI Puzur4-La1-ma IGI E-di-na-a IGI Šu-Ištar a-na a-wa-tim a-ni-a-tim kà-ru-um Hu-ra-ma i-dí-ni-a-tí-ma IGI GÍR ša A-šur ší-bu-tí-ni ni-dí-<in> A-šur-ša-/du-e tap-pá-i-ni.","If he has not gone there within one month and has not inspected the tablet of his father's debt of 2/3 mina of silver he will pay without (asking) an oath the silver and the interest on it in accordance with the tablet of his father's debt. In the presence of Puzur-Lama, of Edināya, of Šū-Ištar. For these words kārum Hurama gave us and before Aššur's dagger we gave our testimony. Aššur-šadu'ē was our fellow (mediator)."
"x [...] tu[p... ...] KÙ.B. [...] tup-pu-šu ub-[lam-ma] tup-pu-šu e-mu-r[u-ma] sà-ma-lam ù qá-ab-[li-tám] ú-šé-ṣí-ú-nim-ma a-na KÙ.B-pí-im šé-ṣú-e-im e-ru-ub-ma um-ma Šu-Sú-i[n-ma] a-na a-ší-tí-šu KÙ.B. šé-ṣí-[ma] a-na a-wi-tim lu nu-ta-i[r] a-ša-sú KÙ.B. šé-ṣú-w[a-am] ú-lá ta-mu-wa u[m-ma] [sí-it]-ma ni-iš a-limki [t]a-dí-i ú-[..........] ta-ma ta-x [...........] [i]-ṣí-[ib]-tù-[ma] KÙ.B. mì-ma i-na b[a-áb-tim] ú-lá i-ší-qi-il5 ni-it-bi4-a-ma ni-ta-[lá-ak] a-na a-wa-tim an-ni-[a-tim] kà-ru-um Kà-ni-i[š] i-dí-ni-at-tí-ma IGI GÍR ša A-š[ur] ší-bu-tí-ni ni-<dí>-in","silver .......... he brought his tablet and they inspected his tablet and produced the samāllum and the qablītum, and (when) he went in to produce the silver Šū-Suen said to his wife: 'Produce the silver, so that we may transfer it to the capital'. His wife refused to produce the silver, [saying] 'You have rejected the oath by the city ...................... swear! When? [the pledges?] were seized absolutely no silver from the out[standing claims?] was paid. Then we got up and left. For these words kārum Kanesh made us available and before Aššur's dagger we gave our testimony."
"IGI A-dé-lá-at DUMU dIŠKUR-ba-ni IGI DINGIR-ma-lá-ak DUMU A-ku-da-[nim] IGI A-šur-be-lí DUMU Ba-lá-[......] KIŠIB dIŠKUR-ra-bi DUMU Bu-ṣí KIŠIB En-na-A-šur DUMU Šu-A-šur KIŠIB A-zu-a DUMU A-lá-bi-im ša E-di-na-a DUMU Be-lá-ni-a x (x)-ša-at-ma ù Šu-Ištar GÍR ša A-šur iṣ-bu-tù dIŠKUR-ra-bi DUMU Šu-Ku-bi4-im En-nam-A-šur DUMU Šu-A-šur ù A-zu-a DUMU A-lá-busic-im pá-šu-nu iš-me-ú<<ni>>","Present: Adad-ellat, son of Adad-bāni, Ilum-malak, son of Akudānum, Aššur-bēlī, son of Bala........ Seal of Adad-rabi, son of Buṣi, seal of Ennam-Aššur, son of Šu-Aššur, seal of Azua, son of Alē-abum, that Eddinaya, son of Belāniya, .................. and Šū-Ištar grasped the dagger of Aššur (and) that Adad-rabi, son of Šū-Kūbum, Ennam-Aššur, son of Šū-Aššur, and Azua, son of Alē-abum heard their statement."
"KIŠIB En-na-nim DUMU A-lá-bi-im KIŠIB Tù-ra-a DUMU Me-na-[nim] ša dIŠKUR-GAL DUMU Bu-ṣí ù A-zu-a DUMU A-lá-bi4-im GÍR ša A-šur iṣ-bu-tù-ma En-na-/nim ù Tù-ra-a pá-šu-nu iš-me-ú-[ma] tup-pá-šu-nu ik-nu-[ku] En-um-A-šur","Seal of Ennānum, son of Alē-abum, seal of Tūrāya, son of Menānum, that Adad-rabi, son of Buṣi, and Azua, son of Alē-abum, grasped the dagger of Aššur and that Ennānum and Tūrāya heard their statement and sealed their tablet. Ennam-Aššur,"
"1 1/2 ma-na 1 GÍN KÙ.B. ṣa-ru-pá-am i-ṣé-er Pu-zu-ur A-šur-ba-ni i-šu iš-tù ha-mu-uš-/tim ša Sú-kà-lí-a ù Ha-pi-ah-šu 2/3 ma-na 5 GÍN a-na 10 ha-am-ša-tim i-ša-qal ù 2/3 ma-na / 5 GÍN a-na 20 ha-am-ša-tim i-ša-qal","1 1/2 mina 1 shekel of refined silver Puzur owes to Aššur-bāni. Reckoned from the week of Sukkalliya and Happiahšu he will pay 45 shekels within 10 weeks and 45 shekels within 20 weeks."
"šu-ma lá iš-qú-ul 1 1/2 GÍN.TA i-na ITU.1.KAM a-na ma-na-/im ú-ṣa-áb a-dí A-šur-ba-ni uš-ta-bu-ú dIŠKUR-pí-lá-ah mi-ma ú-lá i-lá-qé šu-ma i-lá-qé A-šur-ba-ni dIŠKUR-pí-/lá-ah i-šé-e IGI Ú-ra-a IGI Ša-lim-a-hi-im IGI Puzur4-A-šur","If he does not pay he will add 1 1/2 shekel per month per mina as interest. Until Aššur-bāni has satisfied himself Adad-pilah will not take anything. If he does take Aššur-bāni will sue Adad-pilah. In the presence of Urāya, of Šalim-ahum, of Puzur-Aššur."
"A-šur-ba-ni ù Šu-Sú-en iṣ-bu-tu-ni-a-<tí>-ma a-wa-tí-šu-nu ni-ig-mu-ur 2 DUB ša 1 1/2 ma-na.TA KÙ.B ša hu-bu-ul Pu-zu-ur iš-té-en6 tup-pá-am A-šur-ba-ni il5-qé tup-pá-am Šu-Sú-en ša 1 1/2 ma-na i-lá-qé Šu-Sú-in i-lá-qé-ma i-na tup-pi-im ša 1 1/2 mana ú-[x x ]-ra-ma Šu-Sú-in 1 mana K[Ù.B.] ù ṣi-ba-tí-šu i-lá-qé-m[a tup-p]á-am a-na A-šur-b[a-ni ú-t]a-ar","Aššur-bāni and Šū-Suen seized us and we settled their case. (Of) two debt-notes of Puzur, for 1 1/2 mina of silver each, Aššur-bāni took one tablet, one tablet of 1 1/2 mina Šū-Suen will take. When Šū-Suen takes it, he will ...... of the tablet of 1 1/2 mina and Šū-Suen will take 1 mina of silver and the interest on it and then turn over the tablet to Aššur-bāni."
"a-na 1/2 ma-na K[Ù.B.] ú ṣí-ba-tí-šu A-šur-ba-ni Pu-zu-ur i-šé-e a-dí Šu-Sú-in uš-ta-bi4-ú A-šur-ba-ni a-na Pu-zu-ur ú-la i-ṭá-hi šu-ma lá-ma Šu-Sú-in uš-ta-bi4-ú A-šur-ba-ni Pu-zu-ur i-ṣa-ba-at i-ša-ri-iq-šum a-na a-wa-tim a-ni-a-tim ni-iš a-limki ni-it-mu-ú IGI I-lu-ki IGI dIŠKUR-pì-lá-/ah IGI Ša-lim-A-šur","Aššur-bāni will sue Puzur for 1/2 mina and the interest on it, (but) Aššur-bāni shall not approach Puzur until Šū-Suen has satisfied himself. If Aššur-bāni seizes Puzur before Šū-Suen has satisfied himself, it will be considered as having been stolen by him. For these words we swore the oath by the City. In the presence of Iluki, of Adad-pilah, of Šalim-Aššur."
"kà-ru-um IGI GÍR ša A-šur dí-nam i-dí-in-ma 5/6 mana KÙ.B. A-mur-Ištar DUMU A-mur-DINGIR i-na sú-hu-pí-im i-ṣé-er Šu-Sú-in DUMU Puzur4-<SA>.TU lu i-É-tí-šu lu i-mì-ma lu i-šu-ú i-lá-qé {qé} a-dí A-mur-Ištar uš-ta-bu-ú ma-ma-an lá i-ṭá-hi {lá i-ṭá-hi}","The kārum passed the following verdict before Aššur's dagger: Amur-Ištar, son of Amur-ilī, will take 5/6 mina of silver from the 'fund' chargeable to Šū-Suen, son of Puzur-šadu'e, or from his household, or from whatever he owns. Until Amur-Ištar has satisfied himself nobody shall approach (Šū-Suen's possessions)."
"KIŠIB Šu-Ku-bi4-im DUMU A-šur-i-dí KIŠIB A-šur-tù-ku-ul-tí DUMU DINGIR-Kur-ub KIŠIB Ì-li-áš-ra-ni DUMU Ú-ṣur-ša-A-šur tup-pu-um a-núm ša da-a-a-/ni ša Šu-Sú-in ù A-šur-ba-ni dí-šu-nu ni-dí-ma tup-pá-am ša ku-nu-uk Šu-Sú-in ša i-na E-lu-hu-ut A-šur-ba-ni ip-qí-du-ú","Seal of Šū-Kūbum, son of Aššur-idī, seal of Aššur-tukultī, son of Ilī-kurub, seal of Ilī-ašranni, son of Uṣur-ša-Aššur. This is the tablet of the judges concerning Šū-Suen and Aššur-bāni. We passed the following verdict for them: 'The tablet sealed by Šu-Suen, which he entrusted in Eluhut to Aššur-bāni, stating that"
"ša tup-pu-um ša 2 ma-na KÙ.B. ù ša-núm ša 1 mana KÙ.B. sà-ru tup-pu-um ša i-na E-lu-hu-ut A-šur-ba-ni il5-qé-/ú i-du-a-ak ù a-ni-um DUB i-du-a-ak","one tablet of 2 minas of silver and a second tablet of 1 mina of silver are invalid – this tablet that Aššur-bāni obtained in Eluhut will be cancelled and then also present tablet will be cancelled."
"KIŠIB A-lá-bi4-im DUMU Ba-sá-sá KIŠIB A-ba-DINGIR","Seal of Alē-abum, son of Basasa, seal of Aba-ilī"
"KIŠIB Ú-ra-lí KIŠIB Šu-[šu-ú] KIŠIB A-lá-hi-im ša a-šu-mì Šu-Ku-bi4-im kà-ru-um Šu-Sú-en a-na ma-mì-tim a-na GÍR ša A-šur a-na A-lá-hi-im ú Šu-šu-ú i-dí-nu-šu-ma ba-áb DINGIR a-na 5 GÍN KÙ.B. i-mi-ig-ru-ni 5 GÍN KÙ.B. A-lá-hu-um ù Šu-šu-ú il-qé-ú","seal of Urali, seal of Šušu'u, seal of Alē-ahum, that in the matter of Šū-Kūbum the kārum had given Šū-Suen to Alē-ahum and Šušu'u to swear an oath by the dagger of Aššur and that in the Gate of the God they reached an agreement on 5 shekels of silver. The 5 shekels of silver Alē-ahum and Šušu'u have received."
"a-šu-mì Šu-Ku-bi4-im Ta-as-ku-li a-na Šu-Sú-en ú-lá i-tù-ru-šum šu-ma i-tù-ru-šum 1 ma-na KÙ.B. A-lá-hu-um ú Šu-šu-ú a-na Šu-Sú-en i-ša-qú-lu","Because of Šū-Kūbum (and?) Taskuli they will not raise claims against Šū-Suen. If they raise claims against him Alē-ahum and Šušu'u will pay 1 mina of silver to Šū-Suen."
"A-šur-dan a-na ṣé-er Ku-la e-ru-ba-ma um-ma A-šur-dan-ma a-na Ku-la-ma 5 ma-na KÙ.B. iš-tí Ha-na-nim lá tal-qé-e um-ma Ku-lá-ma a-na-ku we-di-a-ma-a 5 ma-na KÙ.B. al-qé ke-na a-na-ku ù A-šur-ba-ni KÙ.B. ni-il5-qé a-na a-wa-tim a-ni-a-tim kà-ru-um Kà-ni-iš i-dí-ni-a-tí-ma IGI GÍR ša A-šur tup-pá-am ni-di-in IGI A-lá-hi-im IGI Li-ba-a IGI A-mur-dUTU","Aššur-dān entered with Kula and Aššur-dān said to Kula: ""Did you not take 5 minas of silver from Hanānum?"" Kula answered: ""Would I really have taken 5 minas of silver all alone? Truly, I and Aššur-bāni, we (together) took the silver!"" For these words kārum Kanesh made us available and before Aššur's dagger we presented a written testimony. In the presence of Alē-ahum, of Libbāya, of Amur-Šamaš."
"1/2 ma-na 1/3 GÍN GUŠKIN ša a-na A-šur-ma-lik DUMU Lá-qé-ep Šu-mì-a-bi4-a ù A-la-hi e-pu-šu(ŠÍ)-ni GUŠKIN šu-wa-tí A-mur-A-šur a-na A-šur-ma-lik i-dí-in IGI Im-lik-Ištar IGI IŠKUR-ba-ni","1/2 mina and 1/3 shekel of gold, which for Aššur-mālik, son of Lā-qēp, Šumi-abiya and Alē-ahī had realized, that gold Amur-Aššur gave to Aššur-mālik. Before Imlik-Ištar, before Adad-bāni."
"Du-du-ú ù Kà-ak-ri-a i-ṣé-ri-šu-nu Id-na-a i-šu-ú ištù ša Ni-pá-is a-na e-tí-šu-nu i-na ša Ni-pá-is KÙ.B. i-ša-qú-lu i-na qá-qá-ad šál-mì-šu-nu KÙ.B. ra-ki-is šu-ma lá iš-qú-lu 2 GÍN.TA a-na 1 ma-na-im ṣí-ib-tám ú-ṣú-b[u] IGI A-mur-A-šur IGI A-šur-na-da DUMU A-bu-ti[m] IGI A-mur-A-šur DUMU I-li-nim","Dudū and Kakriya, as a claim on them Idnāya has. From the festival of Nipas, at the time agreed with them, on the festival of Nipas they will pay the silver. The silver is bound on who of them is solvent. If they have not paid they will add 2 shekels per mina as interest. In the presence of Amur-Aššur, of Aššur-nādā, son of Abutum, of Amur-Aššur, son of Ilinum."
"10 GÍN GUŠKIN pá-ša-la-am i-na ṣé-er A-šur-ma-lik Id-na-a i-šu i-na ša bu-uq-lá-tim i-ša-qal šu-ma i-na u4-me-šu ma-al-ú-tim la iš-qúl ki-ma a-wa-at kà-ri-im ṣí-ib-tám ú-ṣa-áb IGI Šu-Iš-ha-ra DUMU A-bar-sí-si-im IGI Sú-e-ta-a DUMU Šu-Ku-bí-im IGI A-bu-ša-lim DUMU Lá-qé-pí-im","10 shekels of pašallum gold Aššur-mālik owes to Idnāya. At the time of malt making he will pay. If he has not paid when his term is over he will add interest in accordance with the regulation of the kārum. In the presence of Šū-Išhara, son of Abarsisum, of Suettaya, son of Šū-Kūbum, of Abu-šalim, son of Lā-qēpum."
"KIŠIB A-šur-ba-ni [KIŠIB] Šu-Iš-ha-ra ša hu-bu-ul [Šu]-I[š-h]a-ra 1/3 ma-na 2 GÍN [KÙ.B.] ṣa-ru-pá-am na ṣa-ba-at ni-ga-lim i-ša-qal šu-ma i-na u4-me-šu ma-al-ú-tim lá iš-qú-ul a-na 10 GÍN 1/2 GÍN.TA ú-ṣa-áb li-mu-um DINGIR-pí-lá-ah","Seal of Aššur-bāni, seal of Šū-Išhara, of the debt of Šū-Išhara. 22 shekels of refined silver he will pay when the sickle is seized. If he has not paid when his term is over he will add 1/2 shekel per 10 shekels as interest. Year eponym Ilī-pilah."
"GÍN KÙ.[B. ṣa-ru-pá-am] i-ṣé-er Be-lúm-ra-bi ù En-nam-A-šur Id-na-a i-šu i-na qá-qá-a[d] ša-al-mi-šu/nu KÙ.B-pì ra-ki-is a-na e-tí-šu-[nu] i-na bu-qú-lá-tim i-ša-qú-lu li-mu-um DINGIR-pí-lá-ah KÙ.B. a-na É-tí-šu-[nu] ša Hu-ra-ma iš-qú-lu É-tù e-[ru]-ba-tú-a IGI Pí-lá-ah-IŠKUR <DUMU> Tá-ad-mu-ri-im","15 shekels of purified silver Bēlum-rabi and Ennam-Aššur owe to Idnāya. My silver is bound on the person of who of them is solvent. At the time agreed with them, when malt is made, they will pay. Eponymy of Ilī-pilah. The silver they paid for their house in Hurama, house serves as my pledge. In the presence of Pilah-Adad, the man from Tadmur."
"KIŠIB [I-dí-Sú-i]n DUMU NU.BÀNDA KIŠIB <gap> KIŠIB Ku-la DUMU [I]-[dí-A-šu]r ša hu-bu-ul [I]d-na-[a DUMU] Šu-Hu-bur [5] ma-na KÙ.B. ṣa-ru-pá-am [iš]-tù ha-mu-uš-tim ša A-šur-DÙG DUMU MAR.TU-ba-ni [a-na] 35 ha-am-ša-[tim] a-na A-ba i-ša-qal","Seal of Iddin-Suen, son of the laputtā'um, seal of <gap>, seal of Kula, son of Iddin-Aššur, of the debt of Idnāya, son of Šu-Hubur. 5 minas of refined silver he will pay in 35 weeks reckoned from the week eponymy of Aššur-ṭāb, son of Amurru-bāni, to Aba."
"KIŠIB [k]à-ri-im ša 11 1/3 GÍN KÙ.B. ni-ip-lá-tim ša Iš-du-ki-in DUMU I-ku-[nim] DUMU Iš-du-ki-in a-na Id-na-a i-ša-qú-lu šu-ma la1 iš-qúl iš-tù ha-mu-uš-tim ša En-um-a-a ki-ma a-wa-at kà-ri-im ṣí-ib-tám ú-ṣa-áb","Seal of the kārum, that 11 1/3 shekels of silver, as balance payment of Išdu-kēn, son of Ikūnum, Išdu-kēn's son to Idnāya shall pay. If he has not paid, reckoned from the hamuštum of Ennumāya he shall add interest in accordance with the regulation of the kārum."
"KIŠIB A-šur-ma-lik KIŠIB Sú-e-ta-ta 2/3 ma-na KÙ.B. ṣa-ru-pá-am <ša> hu-bu-ul Tí-ri-da ù IŠKUR-ba-ni a-na e-tí-šu-nu i-na ni-ga-lim i-ša-qú-lu šu-ma i-na u4-me-šu-nu ma-al-ú-tim lá i-iš-qú-lu a-na 10 GÍN-tim 1 GÍN.TA i-na ITU ṣí-ib-tám ú-ṣú-bu KÙ.B. i-na q[á-q]á-ad šál-mì-[šu-nu ù] ke-ni-šu-[nu] ra-[ki-is]","Seal of Aššur-mālik, seal of Suettata. 2/3 mina of refined silver is the debt of Tirida and Adad-bāni. At their agreed time, at the time of the sickle, they will pay. If they have not paid when their term is over they will add 1 shekel per 10 shekels per month as interest. The silver is bound to the person of who of them is solvent and locally available."
"KIŠIB A-li-li DUMU Up-ha-qum KIŠIB A-šur-ba-ni KIŠIB Ku-la KIŠIB Pí-lá-ah-IŠKUR ša hu-bu-ul Pí-lá-ah-IŠKUR DUMU Tá-ad-mu-ri-im 2 ma-na KÙ.B. ṣa-ru-pá-am iš-tù ha-mu-uš-tim ša I-dí-A-šur ù Sú-kà-li-a 1 ma-na KÙ.B. a-na 15 ha-am-ša-tim i-ša-qal","Seal of Alē-ilī, son of Uphaqum, seal of Aššur-bāni, seal of Kula, seal of Pilah-Adad. Of the debt of Pilah-Adad, the son of the man from Tadmur, amounting to 2 minas of refined silver. From the week of Iddin-Aššur and Sukkalliya he will pay 1 mina of silver within 15 weeks."
"1 ma-na KÙ.B. ša-ni-am a-na 30 ha-am-ša-tim i-ša-qal šu-ma lá iš-qúl 1 1/2 GÍN.TA a-na ma-na-im i-ITU.1.KAM-im ṣí-ib-tám ú-ṣa-áb","The second mina of silver he will pay within 30 weeks. If he has not paid he will add 1 1/2 shekel per mina per month as interest."
"KIŠIB I-ni-[ib]-Ištar KIŠIB Šu-da-a [DUMU] A-šur-ma-lik 30 mana URUDU SIG5 Ha-bu-ra-ta-i-um ù 1/3 mana KÙ.B. ṣa-ru-pá-am ša hu-bu-ul I-šar-Ku-be a-na 1 ITU i-tù-ra-ma i-na Kà-ni-iš i-ša-qal šu-ma a-na ITU.KAM lá i-tù-ra-ma lá iš-qú-ul ki-ma a-[w]a-at kà-ri-im ṣí-ib-tám ú-ṣa-áb","Seal of Inbī-Ištar, seal of Šudāya, Aššur-mālik. 30 minas of refined copper from Haburat and 1/3 mina of refined silver, being the debt of Išar-Kūbe - within one month he will come back and pay in Kanesh. If he has not come back and paid within one month he will add interest in accordance with the regulation of the kārum."
"KIŠIB Du-ú-<gap> KIŠIB Kur-ub-Ištar Šu-Eš-ha-ra KIŠIB A-ta-ta D[UMU-šu] ša hu-bu-u[l] Šu-Eš-ha-ra 1/2 ma-na 6 GÍN KÙ.B. ṣa-ru-pá-am ša A-mur-UTU iš-tù ha-mu-uš-tim ša Da-da-nim ù A-ku-tim 1 1/2 GÍN.TA i-na ITU.KAM ú-ṣú-bu i-qá-qá-ad šál-mi-šu-nu KÙ.B.-pì ra-ki-is ÌR ša Šu-[Eš]-ha-r[a] e-ru-ba-tù-a","Seal of Du'u<gap>, seal of Kurub-Ištar, Šū-Išhara, seal of Atata, his son. Of the debt of Šū-Išhara to the amount of 36 shekels of refined silver, belonging to Amur-Šamaš. From the week of Dadānum and Akutum they will add 1 1/2 shekel per month. My silver is bound on the person of who of them is solvent. Šū-Išhara's slave is my pledge."
"6 GÍN KÙ.B. ṣa-ru-pá-am i-ṣé-er I-ri-ší-im Na-na tí-šu iš-tù ha-mu-uš-tim ša I-di-na-bi-im ITU ti-i-na-tim li-mu-um I-na-a DUMU A-m[u-ra-a] a-na 6 GÍN [KÙ.B.] 1/6 GÍN.TA ṣí-[ib-tám] i-na ITU.1.KAM ú-ṣa-áb IGI [A]-šur-i-mì-tí IGI En-na-Sú-in","6 shekels of refined silver Irišum owes to Nana. From the week of Iddin-abum, month X, year eponymy of Innāya, son of Amurāya, he will add 6 shekels silver 1/6 shekel per month as interest. In the presence of Aššur-imittī, of Ennam-Suen."
"[x x m]a-n[a] KÙ.B. [ṣa-ru]-pá-am i-[ṣ]é-er [Šu]-A-nim Lu-lu i-šu","mina(s) of refined silver Šū-Anim owes to Lullu."
"[i]š-tù ha-mu-uš-tim ša A-gu-a ú A-wa-ar-na-huš ki-ma a-wa-at [kà]-ri-im ṣi-ib-ta-am [i-na IT]U.KAM [a-na ma]-na-im [ú-ṣa]-áb IGI Zu-ba DUMU Ištar-DU-x IGI A-zu DUMU Puzur4-A-šur","From the week of Agua and Awar-nahuš he will add interest per month, per mina in accordance with the regulation of the kārum. Before Zuba, son of Ištar-pālil, before Azu, son of Puzur-Aššur."
"KIŠIB E-na-[ni-im] DUMU Na-zi KIŠIB Ku-ul-<gap> DUMU I-na-Sú-in KIŠIB A-šur-i-mi-tí DUMU En-[um-A-šur] 1 ma-na KÙ.B. ṣa-ru-pá-am i-ṣé-er A-šur-i-mì-tí DUMU En-um-A-šur DAM.GÀR: i-šu","Seal of Ennanum, son of Nazi, seal of Kul<gap>, son of Ennam-Suen, seal of Aššur-imittī, son of Ennam-Aššur. 1 mina of refined silver Aššur-imittī, son of Ennam-Aššur, owes to the creditor."
"iš-tù ha-muš-tim ša Li-ip-ta-nim 3 GÍN.TA i-na ITU.KAM ṣí-ib-tám ú-ṣa-áb ITU.KAM ti-i-na-tim li-mu-um A-ku-tum","From the week of Liptānum he will add 3 shekels per month as interest. Month X, eponymy of Akūtum."
"<gap> [i]-ṣé-[er] [P]uzur4-Sá-ga-[a]r Lu-lu-šu: i-šu iš-t[ù] ha-mu-uš-tim ša Puzur4-A-šur a-na ITU.1.KAM i-ša-qal","<gap> is owed by Puzur-sagar to Lulušu. (Reckoned) from the week of Puzur-Aššur he will pay in one month."
"[šu]-ma lá iš-qú-ul 15 GÍN.TA i-na ITU.KAM u-ṣa-áb ITU.KAM [ṣ]i-ip-um [li-mu-u]m A-šur-na-[da]","If he has not paid he will add as interest 15 shekels per month. Month VII, year eponymy of Aššur-nādā."
"KIŠIB IŠKUR-<gap> DUMU A-mur-Ištar KIŠIB Ha-nu-nu DUMU IŠKUR-ba-ni KIŠIB A-ta-[li] ša ṭá-áb-tim KIŠIB Hu-ma-[ta-šu] KIŠIB Ta-li-a KIŠIB Pe-ru-wa me-er-e-šu 13 GÍN KÙ.B. li-tí SIG5-tim i-ṣé-er Hu-ma-ta-šu: Ta-li-a ù Pe-r[u-wa] A-šur-ni-im-ri i-šu","Seal of Adad-, son of Amur-Ištar, seal of Hanunu, son of Adad-bāni, seal of Atali, the salt dealer, seal of Humatašu, seal of Taliya, seal of Peruwa, his son. 13 shekels of good quality litum silver Humatašu, Taliya and Peruwa owe to Aššur-nimrī."
"iš-tù ha-mu-uš-tim ša Kur-ub-Ištar DUMU A-lá-hi-im ITU.1.KAM Bé-el-tí-É.GAL-lim li-mu-um ša qá-té En-na-Sú-in DUMU Šu-A-šur a-na Tù-ùh-tù-ha-ni KÙ.B. i-ša-qú-lu šu-ma i-na u4-me-šu-nu ma-al-ú-tim lá iš-qú-lu a-na 13 GÍN KÙ.B.-pi-a 1 GÍN.TA KÙ.B. i-na ITU.1.[KAM ṣí-ib-t[ám ú-ṣú-bu] KÙ.B.: i-[qá-qá-ad]","Reckoned from the hamuštum of Kurub-Ištar, son of Alē-ahum, during month I of the eponymy of the successor of Ennam-Suen, son of Šū-Aššur, they will pay the silver not later than the festival of Tuḫtuḫanu. If they have not paid when their term is up they will add on the 13 shekels of my silver an interest of 1 shekel per month. The silver."
"KIŠIB En-num-A-[šur] DUMU [Sú-kà-li-a] KIŠIB I-dí-Sú-in [DU]MU Šál-ma-A-šur KIŠIB Áb-la-ma-s[i]-i DUMU Puzur4-A-šur 1 1/2 ma-na [KÙ.B. ṣ]a-ru-pá-am [ša] i-ṣ]é-er Šu-Sú-in En-num-A-šur DUMU Sú-kà-li-a i-šu-ú En-num-A-šur KÙ.B. ša-bu-ú a-na Šu-Sú-in lá i-tù-wa-ar","Seal of Ennam-Aššur, son of Sukkaliya, seal of Iddin-Suen, son of Šallim-Aššur, seal of Abī-lamassī, son of Puzur-Aššur. 1 1/2 mina of refined silver which Šū-Suen owed to Ennam-Aššur, son of Sukkalliya - Ennam-Aššur is satisfied with the silver. He will raise no claim against Šū-Suen."
"tup-pu-um ša hu-bu-ul Šu-Sú-in ša i-na a-lim ša i-li-a-ni sà-ar","The debt-note of Šū-Suen that is in the City, that turns up, is invalid."
"KIŠIB A-šur-ba-ni KIŠIB Ku-la KIŠIB En-nam-A-šur DUMU Me-na-a KIŠIB Ba-da-a DUMU Sà-sà-a-a ša UTU-tap-pá-i ÌR ša É Sà-sà-a-a DUMU Me-na-a ù DUMU Sà-sà-a-a a-na 1 ma-na KÙ ṣa-ru-pí-im a-na Id-na-a: [i-di]-nu-ni","Seal of Aššur-bāni, seal of Kula, seal of Ennam-Aššur, son of Menāya, seal of Badaya, son of Sasāya, that the son of Menāya and the son of Sasāya sold Šamaš-tappa'ī, the slave of the house of Sasāya, for 1 mina of refined silver to Idnāya."
"šu-ma É Sà-[sà]-a-a] ú-la be-lu KÙ.B. a-na Id-na-a: i-tù-ru [E]n-nam-Ašur DUMU Me-na-a ú-ba-áb-šu","If either the house of Sasāya or creditors vindicate (him) from Idnāya, Ennam-Aššur, the son of Menāya will clear him."
"Ha-ta-ah-[šu] iš-ti Ša-<gap> ú Me-š[u-<gap>] Nu-a-ni-<gap> ta-áš-a-[am-šu] šu-ma ma-[ma-an] i-tù-a[r <gap>] ú'(KU)-ul i-x[<gap>] 1/2 ma-na KÙ.B. i-ša-qal IGI A-šur-UTU[ŠI] IGI Du-li-<gap> IGI Ha-šu-i","Nuani bought Hatahšu from Ša<gap> and Me<gap>. If anybody raises a claim <gap> or <gap> he will pay 1/2 mina of silver. Before Aššur-šamšī, before Duli<gap>, before Hašui."
"KIŠIB Ku-b[i]-d[a]-a[h]-š[u] KIŠIB Ša-hi-iš-nu-ma-an KIŠIB Ha-sú-ma-a DUMU Ar-na-a-a[h-š]u KIŠIB A-ga-li-ú D[UMU <gap>]-li-a KIŠIB Ba-ba-lá DUMU Ha-nu-nu KIŠIB Ba-ba-lá DUMU Ší-wa-áš-m[e-i] KIŠIB A-ha-a-tum DUMU.MUNUS A-mur-UTU A-ha-a-tum <<ú>> Ba-ba-lá e-h[u]-uz4(AZ) 1 ma-na KÙ.[BABBAR] É GÉME.HI.A i-dí-né-ša-a ša A-ha-a-tim a-na Ba-ba-lá ú-bi-il5","Seal of Kubidahšu, seal of Šahišnuman, seal of Hasumāya, son of Arna'ahšu, seal of Agaliu, son of <gap>liya, seal of Babala, son of Hanunu, seal of Babala, son of Šiwašme'i, seal of Ahayatum, daughter of Amur-Šamaš. Ahayatum <<and>> Babala married. 1 mina of silver, a house, slave-girls, her gift, that of Ahayatum, she brought to Babala."
"Ba-[ba-lá] <gap> A-h[a-a-ti/um <gap>] lá [i]-[<gap> šu-ma] [e]-[zi-ib-ší 1+]1 ma-na KÙ.B. [ezibtaša (ša) A-h]a-a-tim [Ba-ba-lá] i-ša-qal [ù i-dí-n]é-ša-a A-[ha-a-t]um i-lá-qé ú A-ha-a-tum a-š[a-t]ám i-ṣé-er Ba-ba-lá GÉME-tí-šu ú-lá i-l[á-qé] šu-ma i-l[á-qé] 2 ma-n[a KÙ.B.] A-ha-a-tum a-na [Ba-ba-lá] i-ša-qal","Babala <gap> Ahayatum <gap> shall not <gap>. If he divorces her, 1+1 mina of silver, the divorce money of Ahayatum, Babala shall pay, but Ahayatum will take her gift. And Ahayatum shall not take a wife in addition to his maid Babala. If he does Ahayatum will pay 2 minas of silver to Babala."
"iš-tù hu-bu-lá-am É x ší x / x (x) ú ta-ak-ší-it i-di-šu: x 10 GUD-im 9 ANŠE 1 IR1 1 GEMÉ ša ra-mi-ni a-na Di-ik-ša-ar e-zi-<ib> ú kà-sá-a[m] ša IŠKUR: iš-ti-tí (eras.): mi-ma a-na ra-mi-ni-šu lá il5-qé-ú lu É lu KÙ.[B.] lu GEMÉ lu IR1 lu a-lá-ni lu GUD lu ANŠE eq-lá-tim ša a-bi4 2 ŠU-an Di-ik-šar il5-qé: šu-ma","after the debt of <gap> and the profit of his arm <gap> 10 oxen, 9 donkeys, one slave, 1 slave-girl, which I myself left to Dikšar. And he drank the cup of the Weather god (swearing) that he did not take anything for himself. (Of) the house the silver, slave-girls, the slaves, the manors, the oxen, the donkeys, and the fields of the father – Dikšar took two shares. If Dikšar has received"
"tù-si-nam Di-ik-šar il5-qé a-na lá-ba-ra-áš-lim ú h[u-<gap>] Di-ik-šar lá i-ṭ[á-hi <gap>] šu-ma ma-ma-[an<gap>]","the tusinnum, Dikšar shall not approach <gap> the <gap>. If anybody <gap>"
"Di-ik-šar ú A-ta-ah-šu Pé-ru-wa ú Šé-zu-ur i-zu-zu-ma A-ta-[ah-š]u zi-tù-šu ú zi-tá[m š]a Pé-[r]u-wa ú Šé-zu-ur tù-z[i-nam] ša GAL si-mi-il5-ti-im il5-qé ù Di-ik-šar zi-tù-šu ú tù-zi-nam ša GAL si-mi-il5-tí il5-qé: šu-ma A-ta-ah-šu Pé-ru-wa ù Šé-zu-ur a-na Di-ik-šar i-[t]ù-ru: 5 ma-na a-na Di-ik-šar i-ša-qú-lu ú šu-ma Di-ik-šar a-na A-ta-ah-šu Pé-ru-wa ù Šé-zu-ur i-tù-ar-šu-nu-tí 5 ma-na <<na>> KÙ.B. i-ša-qal-šu-nu-tí ni-iš A-na ru-ba-im ù ru-ba-tim it-mu-ú IGI Ba-ri-ti-a GAL a-wi-le IGI Ša-ma-li-a {eras} IGI Ha-ti-li IGI Ha-ar-la GAL ša-qí-a-tim IGI Na-ki-le-ed","Dikšar and Atahšu, Peruwa and Šezur divided and Atahšu took his own share and the share of Peruwa and Šezur, the tuzinnum of the rabi simmiltim. And Dikšar took his share and the tuzinnam of the rabi simmiltim. If Atahšu, Peruwa and Šezur raise claims against Dikšar they will pay five minas of silver to Dikšar. And if Dikšar raises a claim against them, against Atahšu, Peruwa, and Šezur, he shall pay them 5 minas of silver. They have sworn the oath by Anna, the king and the queen. In the presence of Baritia, the chief of the men, of Šamaliya, of Hattili, of Harla, the chief of the female cupbearers, of Nakile'ed."
"tup-pu-šu-nu sà-ru-ú a-lá-an 1/3 ma-na 6 GÍN KÙ.B. ša tup-pá-am ša A-mur-A-šur [ú-ka-a]-lu","their tablets are invalid. Apart from 26 shekels of silver, for which he has a tablet of Amur-Aššur."
"15 ma-na URUDU ma-si-a-am i-na áb-na-ti-Γni Γ i-na ṣé-er Ú-na-bi4 ú A-ší-a-at Lu-zi: i-šu iš<-tù> ha-mu-uš-tim ša A-mu-ru-um-ba-ni ú A-šur-na-da a-na 4 ha-am-ša-tim i-ša-qú-lu","Unabi and Ašiat owe 15 minas of washed copper, weighed with our stones, to Luzi. Reckoned from the week of Amurrum-bāni and Aššur-nādā they must pay within 4 weeks."
"šu-ma lá iš-qú-lu ki-ma a-wa-at kà-ri-im: ṣí-ib-tám ú-ṣú-bu: i-na Pu-ru-uš-ha-dim URUDU-am i-ša-qú-lu: ITI.KAM Hu-bu-ur li-mu-um I-di-a-bu-um IGI I-dí-a-bi4-im DUMU I-tur4-DINGIR","If they have not paid (in time), they must add interest according to the rule of the colony. They must pay the copper in Purušhaddum. Month Hubur, eponymy Iddin-abum. Witnessed by Iddin-abum son of Itūr-ilī."
"3 ma-na 5 GÍN AN.NA a-na kà-ší-im áš-qú-[ul] 1 1/2 mana 5 GÍN AN.NA a-na ší-ip-ri-kà a-n[a] Kà-ni-iš 1 ma-na a-na ší-ip-ri-kà 1 1/6 SILA3 Ì.GIŠ reš15-tám ù sà-he-er-tám i-na Né-eh-ri-a áš-qú-ul 1/2 ma-na AN.NA a-na Šu-A-šur na-ki-ri-ni 5/6 ma-na AN.NA lu-bu-ša-am i-na Ha-qá-a e-mu-ru-nim 4 ma-na 10 GÍN AN.NA ša Puzur4-SA.TU","3 minas and 5 shekels of tin I paid to the 'official'. 1 mina 35 shekels of tin for your messenger (sent to) Kanesh. 1 mina for your messenger. 1 1/6 quart of prime oil and sundries I used in Nehriya. Half a mina of tin for Šū-Aššur, our nākirum. 50 shekels of tin for a garment they selected in Haqa. 4 minas 10 shekels of tin belonging to Puzur-šadu'e."
"5 GÍN KÙ.B. a-na šu-GA-tim áš-qúqul 1 GÍN KÙ.B. a-na É e-mu-wa-tim áš-qúqul 1/2 GÍN KÙ.B. a-na SÁ-li-lim áš-qúqul 1/2 GÍN KÙ.B. a-na mu-uš-ṭá-tim áš-qúqul N 6 1/2 ŠE KÙ.B. a-na 5 me-at ki-pu-na-ni-im áš-qúqul 22 1/2 ŠE KÙ.B. a-na šé-ni-in áš-qúqul 1/6 GÍN KÙ.B. a-na ki-ri-im áš-qúqul","I paid 5 shekels of silver to/for <gap>; 1 shekel of silver I paid to the wedding house; 1/2 shekel of silver I paid to/for S/salilum; 1/2 shekel of silver I paid for combs; 66 1/2 grains of silver I paid for 500 kipunannu's; 22 1/2 grains of silver I paid for sandals; 1/6 shekel of silver I paid for drinks."
"KIŠIB Šu-Nu-nu DUMU A-mur-Ištar KIŠIB Zi-ki-ki DUMU A-šur-SIPA KIŠIB A-bu-ša-lim DUMU Puzur3-Ištar 6 GÍN KB ṣa-ru-pá-am i-ṣé-er A-bu-ša-lim I-ri-šum i-šu a-na bu-qú-nim i-ša-qál šu-ma lá iš-qúl 1/6 GÍN TA i-na ITI.KAM ú-ṣa-áb","Seal of Šu-Nūnu son of Amur-Ištar, seal of Zikiki son of Aššur-rē'ī, seal of Abu-šalim son of Puzur-Ištar. Abu-šalim owes 6 shekels of refined silver to Erišum. He will pay at the shearing. If he has not paid (in time), he will add 1/6 shekel per month."
"KIŠIB Šu-Nu-nu DU[M A-mur-I]štar KIŠIB Zu-zu DUMU En-um-i-[li] KIŠIB MAR.TU-ba-ni DUMU Šu-la-áb-ra-at 8 GÍN KB i-na ṣé-er MAR.TU-ba-ni I-ri-šu-um i-šu a-na pá-ha-ar ad-ri-im i-ša-qál šu-ma lá iš-qúl 1/3 GÍN TA i-na ITI.KAM ú-ṣa-áb li-mu-um ša qá-tí A-mur-A-šur DUMU Γ Kà-ri Γ-a","Seal of Šu-Nūnu son of Amur-Ištar, seal of Zuzu son of Ennam-ilī, seal of Amurrum-bāni son of Šu-Ilabrat. Amurrum-bāni owes 8 shekels of silver to Erišum. He will pay at the gathering of the threshing floor. If he has not paid he will pay interest at the rate 1/3 shekel per month. Eponymy after that of Amur-Aššur son of Karriya."
"KIŠIB Šu-Nu-nu DUMU A-mur-Ištar KIŠIB Zu-zu DUMU En-um-i-li KIŠIB MAR.TU-ba-ni DUMU Šu-lá-áb-ra-at [KI]ŠIB Šu-Be-lim DUMU Ili3-ba-ni [x] ma-na KB i-ṣé-er Šu-Bé-lim DUMU Ili3-ba-ni I-ri-šum i-šu a-na 2 ITI.KAM i-ša-qal ITI.KAM Na-ar-ma-ak-A-šur ša ke-na-tim li-mu-um ša qá-tí A-mur-A-šur DUMU Kà-ri-a","Seal of Šu-Nūnu son of Amur-Ištar, seal of Zuzu son of Ennam-ilī, seal of Amurrum-bāni son of Šu-Ilabrat, seal of Šu-Bēlum son of Ilī-bāni. Šu-Bēlum son of Ilī-bāni owes x minas of silver to Erišum. He will pay within 2 months. Month Narmak-Aššur-ša-kēnātim, eponymy after that of Amur-Aššur son of Karriya."
"šu-ma lá iš-qú-ul 3 GÍN TA i-na ITI.KAM ṣí-ib-tám Γ ú-ṣa-áb Γ","If he has not paid he will add interest at the rate 3 shekels per month."
"KIŠIB En-na-nim DUMU Šu-Bé-lim KIŠIB Ú-ṣú-ur-ša-A-šur DUMU A-mur-Γ i Γ-a 13 1/2 GÍN KB ṣa-ru-pá-am i-na ṣé-er Ú-ṣú-ur-ša-A-šur DUMU A-mur-i-a I-ri-šum i-šu iš-tù ha-mu-uš10-tim ša A-šur-i-mì-tí ù A-mur-Ištar 1/3 GÍN.TA i-na ITU.KAM ú-ṣa-áb","Seal of Ennānum son of Šu-Bēlum, seal of Uṣur-ša-Aššur son of Amuriya. Uṣur-ša-Aššur son of Amuriya owes 13 1/2 shekels of refined silver to Erišum. Reckoned from the week of Aššur-imittī and Amur-Ištar he must add interest at the rate 1/3 shekel per month."
"[1/3 ma-na LÁ 2 GÍN] [KB ṣa-ru-pu-um] i-ṣé-er P[uzur4-Ištar] DUMU Šu-A-nim I-[ri-šum i-šu] [i]š-tù ha-muš-tim [š]a A-šur-i-mì-tí ù A-mur-Ištar a-na 2 ITI.[KAM] i-ša-qál šu-ma i-n[a u4-me-šu] [ma-a]l-ú-tim","Puzur-Ištar son of Šu-Anum owes 1/3 mina less 2 shekels of refined silver to Erišum. Reckoned from the week of Aššur-imittī and Amur-Ištar he is to pay within 2 months. If he has not paid at the completion of his term ..."
"1/3 ma-na LÁ 2 GÍN KB ṣa-ru-pu-um i-ṣé-er Puzur4-Ištar I-ri-šum i-šu iš-tù ha-muš-tim ša A-šur-i-<mi->tí ù tap-pá-i-šu a-na 2 ITI.KAM i-ša-qál šu-ma lá iš-qúl ki-ma a-wa-at <kà-ri-im> ṣí-ib-tám i-ITI.KAM ú-ṣa-áb IGI Mu-šu-e-ni IGI A-ta-a","Puzur-Ištar owes 1/3 mina less 2 shekels of refined silver to Erišum. Reckoned from the week of Aššur-imittī and his partner he is to pay within 2 months. If he has not paid (in time) he is to add interest according to the rule of the colony every month. Witnessed by Mušueni, by Ataya."
"1 ma-Γ na Γ [KB ṣa-r]u-pu-[um] i-ṣé-er Γ Puzur4-Lá Γ-ba Γ DUMU Γ Ku-um-da-nim DAM.GÀR Γ i Γ-šu IGI Γ I-ku-nim DUMU Ú-Γ[...] Γ IGI A-šur Γ[-na-d]a DUMU [...] Γ na bi Γ [x] [x ITI.]KAM A-lá-[na-tim] Γ li-mu-um Γ [A-š]ur-SI[G5 [x ma-n]a Γ KB Γ [i-ṣ]é-er","Puzur-Laba son of Kumdānum owes 1 mina of refined silver to the merchant. Witnessed by Ikūnum son of U<gap>, by Aššur-nādā son of <gap> ... Month Allanātum, eponymy Aššur-damiq. <gap>"
"DUMU Šu-[<gap>] IGI [<gap>] S[ú'-en n]a-we-er IGI En-[<gap>] DUMU [x-]Γ x Γ-UTU iš-tù h[a-mu]š-tim ša Ú-ra-Γ a ú Γ Š[u-ki-t]im 1/3 ma-na KB ṣ[a-ru-pu-um] Γ i-ṣé-er Γ A-lá-hi-im ša [<gap>] [I-]ri-šum i-šu IGI Ú-ṣ[ur]-ša A[-šur] Γ DUMU Γ Am-ri-a IGI A-ta-Γ a DUMU Š[u-<gap>] iš-tù ha-muš-tim ša Ba-bi-lim ù Na-ra-am-ZU [1/3] ma-na LÁ 2 GÍN KB ṣa-ru-pu-[um] i-ṣé-er Puzur4-Ištar DUMU Šu-A-[nim] I-ri-šum i-šu IGI Mu-šu-e-Γ ni Γ IGI A-ta-a iš-tù ha-muš-tim ša A-šur-i-mi-tí ù A-mur-Ištar","son of Šu<gap> Witnessed by <gap>, by Suen-nawer, by En<gap> son of <gap>Šamaš. <gap> Reckoned from the week of Uraya and Šukkutum Ali-ahum of <gap> owes 1/3 mina of refined silver to Erišum. Witnessed by Uṣur-ša-Aššur son of Amriya, by Ataya son of Šu<gap>. Reckoned from the week of Babilum and Narām-Sīn. Puzur-Ištar son of Šu-Anum owes 18 shekels of silver to Erišum. Witnessed by Mušueni, by Ataya. Reckoned from the week of Aššur-imittī and Amur-Ištar."
"15 GÍN KB i-ṣé-er Zu-ba E-ri-šum i-šu IGI Ri-ma-nim DUMU Šu-Ku-bi-im IGI DINGIR Γ x x lá-ni Γ DUMU A-Γ šur Γ-[x] Γ ITI.KAM Γ [ša-r]a-nu Γ áb Γ [ša-r]a-nu li-m[u-um <gap>] 13 [<gap>] 8 GÍN KB [<gap>] IGI Γ Šu Γ-Nu-nu IGI Ba-ba-l[i <gap>] i-ṣé-er A-bu-ša-lim [<gap> I-r]i-Γ šum Γ i-šu ITI.KAM Qá-ra-[a-tim x] Γ x Γ [x x x] Bu-Γ a-hi Γ IGI Šu-Nu-nu DUMU A-[mur-Ištar I]GI Zi-Γ ki-ki Γ DUMU A-šu[r-SIPA]","Zuba owes 15 shekels of silver to Erišum. Witnessed by Rimānum son of Šu-Kūbum, by <gap> son of Aššur<gap>. month ab-šarrānu eponym <gap> 13 <gap> 8 shekels of silver <gap> Witnessed by Šu-Nūnu, by Babali. Abu-šalim owes <gap> to Erišum. Month Qarra'ātum, eponymy <gap>. Witnessed by Šu-Nūnu son of Amur-Ištar, by Zikiki son of Aššur-rē'ī."
"KIŠIB Ba-zi-a: DUMU DINGIR-ku-ru-ub KIŠIB A-hu-qar DUMU Zu-ur-zu-ur KIŠIB I-ri-ší-im DUMU A-mur-UTU [š]a hu-bu-ul: I-ri-ší-im [x m]a-na KB: ṣa-ru-pá-am [i-ṣ]é-er I-ri-ší-im [tám-kà-r]u-um: i-šu: [iš-tù] [ha-mu-uš-tim] ša [<gap>]","Seal of Baziya son of Ilī-kurub, seal of Ahu-waqar son of Zurzur, seal of Erišum son of Amur-Šamaš. Concerning Erišum's debt: Erišum owes x minas of refined silver to the merchant. Reckoned from the week of <gap> he will pay <gap>"
"<gap> na [<gap>] [<gap>] GÍN ší-im UDU Γ x Γ [<gap>] 2 GÍN a-ha-ma a-dí-na-kum 1 ma-na ša tup-pí-šu 12 GÍN e-li-um KI En-na-nim mu-ša-ri-dim","<gap> shekels, the price of a sheep <gap> I also gave him 2 shekels. 1 mina from his tablet, 12 shekels on top, owed by Ennānum the mušāridum. <gap>"
"KIŠIB Ṣi-lu-uš-Da-gan KIŠIB A-šur-ba-ni DUMU I-di-a-bi-im KIŠIB I-di-a-bi-im DUMU A-šur-ba-ni 20 ma-na URUDU ma-sí-am i-ṣé-er I-di-a-bi-im DUMU A-šur-ba-ni Ma-ma-hi-ir i-šu ITI.KAM Ku-zal-li li-mu-um Bu-zu-ta-a","Seal of Ṣilluš-Dagān, seal of Aššur-bāni son of Iddin-abum, seal of Iddin-abum son of Aššur-bāni. Iddin-abum son of Aššur-bāni owes 20 minas of washed copper to Man-mahir. Month Kuzallu, eponymy Buzutaya."
"a-na ša-na-at i-ša-qál šu-ma lá iš-qú-ul a-na Γ 10 Γ [m]a-na-e 1 ma-na TA i-na ITI.KAM ṣí-ib-tám ú-ṣa-áb","He will pay within a year. If he has not paid, he will pay interest at the rate 1 mina per 10 minas per month."
"20 ma-na URUDU ma-sí-am i-ṣé-er I-di-a-bi-im Ma-ma-hi-ir i-šu ITI.KAM li-mu-um Bu-zu-ta-a a-na ša-na-at i-ša-qal: šu-ma lá iš-qúl 1 ma-na TA i-na Γ ITI.KAM Γ ṣí-ib-tám a-na 10 ma-na-e ú-ṣa-áb IGI Ṣi-lu-uš-Da-gan IGI A-šur-ba-ni","Iddin-abum owes 20 minas of washed copper to Man-mahir. Month Kuzallu, eponym Buzutaya. He must pay in one year. If he has not paid in time, he must pay interest at the rate 1 mina per ten minas per month. Witnessed by Ṣilluš-Dagān, by Aššur-bāni."
"2 1/2 ma-na KB ṣa-ru-pá-am i-ṣé-er Puzur4-Ištar DUMU Dan-A-šur A-šur-iš-ta-kál i-šu ITI.KAM Ku-zal-le li-mu-um A-šur-i-mi-tí ma-lá-hu-um a-na 3 ITI.KAM i-ša-qal šu-ma lá iš-qú-ul: ki-ma a-wa-at kà-ri-im ṣí-ib-tám ú-ṣa-áb KÙ.B a-le-e ni-na-mu-ru-ú i-ša-qal IGI Ṣi-lu-šu-Da-ga-an DUMU Ištar-pí-lá-ah IGI A-lá-hi-im DUMU Ša-lim-A-šur","Puzur-Ištar son of Dan-Aššur owes 2 1/2 minas of refined silver to Aššuriš-takal. Month Kuzallu, eponymy Aššur-imittī, the skipper. He is to pay within 3 months; if he has not paid (in time) he shall add interest according to the rule of the colony. He is to pay the silver wherever we meet. Witnessed by Ṣilluš-Dagān son of Ištar-pilah, by Ali-ahum son of Šalim-Aššur."
"1 ma-na 15 GÍN KB ṣa-ru-pá-am i-ṣé-er Ú-ṣur-ša-A-šur DUMU A-ta-ta Ah-ša-lim i-šu iš-tù ha-muš-tim ša A-šur-ma-lik DUMU Sú-kà-li-a a-na 12 ha-am-ša-tim i-ša-qal šu-ma la iš-qú-ul 1 1/2 GÍN TA a-na 1 ma-na-im i-na ITI.KAM ṣí-ib-tám ú-ṣa-áb","Uṣur-ša-Aššur son of Atata owes 1 mina 15 shekels of refined silver to Ah-šalim. Reckoned from the week of Aššur-malik son of Sukkalliya he is to pay within 12 weeks. If he has not paid he will add interest at the rate 1 1/2 shekel per month per mina."
"ITI.1.KAM Hu-bu-ur li-mu-um A-šur-ma-lik DUMU A-lá-hi-im IGI Puzur4-A-na DUMU En-nam-A-šur IGI A-la-hi-im DUMU Šál-ma-A-šur","Month Hubur, eponymy Aššur-malik son of Ali-ahum. Witnessed by Puzur-Anna son of Ennam-Aššur, by Ali-ahum son of Šalim-Aššur."
"2 ma-na 16 1/6 GÍN KB ṣa-ru-pá-am i-li-bi E-na-A-šur DUMU A-mu-ra A-šur-ni-šu DUMU Ì-li-ILLAT-tí i-šu IGI Ku-li-a DUMU A-lá-bi-im IGI Ur-ad-A-šur DUMU DIRI-im IGI A-šur-ma-lik DUMU Sá-ma","Ennam-Aššur son of Amuraya owes 2 minas 16 1/6 shekels of refined silver to Aššur-nīšu son of Ilī-ellitī. Witnessed by Kuliya son of Ali-abum, by Warad-Aššur son of Watrum, by Aššur-malik son of Samaya."
"14 GÚ URUDU SIG5 ša-bu-ra-am i-ṣé-er I-di-A-šur DUMU Dan-A-šur Puzur4-Ištar a-hi-šu ù I-ku-pí-a DUMU A-šur-i-mi-tí Iš-ma-A-šur i-šu iš-tù ITI.KAM Ku-zal-lu li-mu-um A-šur-i-mi-tí 1 1/2 ma-na TA i-na ITI.KAM a-na GÚ ṣí-ib-tám","Iddin-Aššur son of Dan-Aššur, Puzur-Ištar, his brother, and Ikūn-pīya son of Aššur-imittī owe 14 talents of good broken copper to Isim-Aššur. Reckoned from the month Kuzallu, eponymy Aššur-imittī, they will pay interest at the rate 1 1/2 mina per month per talent."
"Γ ú-ṣú-bu Γ URUDU i-na [qá-q]á-ad šál-mì-šu-nu [ù ke-]ni-šu-nu [ra-ki-is] IGI A-mur-A-šur [DUMU A-šur-]be-el-a-wa-tim IGI Sú-in-SIPA DUMU A-mur-Ištar","They are jointly liable for the copper. Witnessed by Amur-Aššur son of Aššur-bēl-awātim, by Suen-rē'ī son of Amur-Ištar."
"KIŠIB I-ku-p[í-a D]UMU E-di-na-a KIŠIB I-ri-ší-im DUMU A-mur-UTU Γ KIŠIB Γ UTU-DÙG DUMU Am-r[i-a x ma]-na KB ṣa-ru-[pá-am i-ṣé-er UTU-DÙG] Hu-di-da: tí-šu iš-tù ha-muš-tim ša Pu-šu-ke-en6 ù Puzur4-A-šur a-na 3 ha-am-ša-tim i-ša-qa[l]","Seal of Ikūn-pīya son of Eddinaya, seal of Erišum son of Amur-Šamaš, seal of Šamaš-ṭāb son of Amriya. Šamaš-ṭāb owes x minas of refined silver to Hudida. Reckoned from the week of Pūšu-kēn and Puzur-Aššur he must pay within 3 weeks."
"šu-ma lá iš-qú-ul [ki-ma a-wa-at] kà-ri-im ṣí-ib-tám ú-ṣa-áb ITU.KAM Ṣi-ip-im li-mu-um E-lá-li KB ša DAM.GÀR-ri<-im>","If he has not paid, he must add interest in accordance with the rule of the colony. Month Sip'um, eponymy Elāli. The silver belongs to a merchant."
"2 ma-na KB ṣa-ru-pá-am i-ṣé-er I-ku-pí-a MAN-A-na i-šu KB a-na A-lim ú-ša-ak-ša-sú-u[m]","Ikūn-pīya owes 2 minas of refined silver to Puzur-Anna. He must let the silver reach him in the City."
"šu-ma KB a-na A-lim lá uš-ta-ak-ší-sú-um 1 ma-na-um 1/2 ma-na 3 ma-na KB i-na ṭup-pì-a i-ṣa-he-er IGI I-ku-pì-a DUMU Ili5-mì-šar IGI Ba-ba-lá DUMU A-šur-DÙG IGI A-šur-DÙG DUMU Hu-ra-ṣa-nim","If he has not let the silver reach him in the City, 3 minas of silver will be deducted from my tablet at the rate 1/2 mina per mina. Witnessed by Ikūn-pīya son of Ilī-mīšar, by Babala son of Aššur-ṭāb, by Aššur-ṭāb son of Huraṣānum."
"<gap> ma-na Γ KB Γ [i-ṣ]é-er Γ Šu' Γ-Ištar [Šu-]Sú-in i-[šu] Γ KI KB Γ Šu-[Ištar] Γ uk-ta-al Γ","Šu-Ištar owes x mina of silver to Šu-Suen. Šu-Ištar is held in service by the money."
"Γ x x x am ri Γ [(..)] <gap> Γ ma Γ [I-sú-]SUDx i-dá-ni-tim Γ a Γ-dí-šu-ma Γ a Γ-ma-sú ÌR-sú Γ ú Γ-ba-li-iṭ IGI Ša-lim-A-šur IGI I-di-Ištar","<gap> I gave him <gap> Issu-arik in a time of need and revived his maid and his slave. Witnessed by Šalim-Aššur, by Iddin-Ištar."
"3 ma-na KB ṣa-ru-pá-am ša i-ṣé-er Šu-Ištar Ni-mar-Ištar ù Bu-zi-a A-šur-ma-lik i-šu-ú KB ki-ma: A-šur-ma-lik Šu-Ištar: il5-qé šu-ma A-šur-ma-lik a-na Bu-zi-a i-tù-ar Šu-Ištar ú-ba-áb-šu","As for the 3 minas of refined silver that Šu-Ištar, Nimar-Ištar and Buziya owed to Aššur-malik, on behalf of Aššur-malik Šu-Ištar has received the silver. If Aššur-malik raises claim against Buziya, Šu-Ištar will clear him."
"1/3 ma-na KB ša a-we-el-tim ú 17 GÍN KB ša DINGIR-ku-ru-ub šu-ma a-na Bu-zi-a i-tù-ru Šu-Ištar ú-ba-áb-šu IGI Da-dí-a IGI UTU-DÙG IGI Tù-ta-a UTU-e-nam","As to the 1/3 mina of silver belonging to the lady and the 17 shekels of silver belonging to Ilī-kurub, if they raise claim against Buziya, Šu-Ištar will clear him. Witnessed by Dādiya, by Šamaš-ṭāb, by Tutaya. Šamaš-ennam."
"1 2/3 ma-na 5 GÍN KB ša Ša-tá-na a-ša-at Ú-ṣú-ur-ša-A-šur Γ a-na Γ Puzur4-A-šur DUMU A-šur-dan a-ší-a-ma-tim i-dí-nu KB Ú-zu-a il5-qé","The 1 2/3 mina 5 shekels of silver that Šāt-Anna, the wife of Uṣur-ša-Aššur, gave to Puzur-Aššur son of Aššur-dan for purchases, Uzuwa has received the silver."
"šu-ma Ša-tá-na ú-lá ša ki-ma Ša-tá-na a-na Puzur4-A-šur DUMU A-šur-dan i-tù-ar Ú-zu-a DUMU Li-bi4-a ú-ba-áb-šu IGI Na-áb-Sú-in IGI DÙG-sí-lá-A-šur IGI NIN.ŠUBUR-ba-ni","If Šāt-Anna or Šāt-Anna's representative raise claim against Puzur-Aššur son of Aššur-dan, then Uzuwa son of Libbiya will clear him. Witnessed by Nāb-Suen, by Ṭāb-šill-Aššur, by Ilabrat-bāni."
"KIŠIB Bé-li-a DUMU DINGIR-ku-ru-ub KIŠIB Ša-lim-A-šur DUMU IM-SIG5 KIŠIB A-lá-hi-im DUMU Šu-Ku-bi-im KIŠIB DÙG-pí-A-šur DUMU A-lá-hi-im KIŠIB UTU-a-bi DUMU Sú-sà-nim 2 GÚ URUDU ma-si-am: ša DÙG-pí-A-šur ki-ma UTU-a-bi: a-na Lu-zi i-di-nu-ma ṭup-pá-am ša Lu-zi DÙG-pí-A-šur ih-ri-mu um-ma DÙG-pí-A-šùr-ma: šu-ma URUDU i-na Kà-ni-iš ša ki-ma ku-a-tí: il5-qé-ú a-na 1 GÚ URUDU ma-sí-im ša tal-qé-ú 2 ma-na KB ta-ša-qál","Seal of Bēliya son of Ilī-kurub, seal of Šalim-Aššur son of Adad-damiq, seal of Ali-ahum son of Šu-Kūbum, seal of Ṭāb-pī-Aššur son of Ali-ahum, seal of Šamaš-abī son of Sūsānum. As to the 2 talents of washed copper that Ṭāb-pī-Aššur gave to Luzi on behalf of Šamaš-abī, and for which Ṭāb-pī-Aššur certified a tablet for Luzi: Ṭāb-pī-Aššur said: ""If your representatives have received the copper in Kanesh (from) Šamaš-abī, you must pay 2 minas of silver for every talent of washed copper."""
"DÙG-pí-A-šur ù UTU-a-bi: ša-bu-ú tup-pu-um ša 2 ma-na KB: ša ta-ar-ki-is-tí Lu-zi ša e-li-a-ni sà-ar","Ṭāb-pī-Aššur and Šamaš-abī have been satisfied. Any tablet concerning 2 minas of silver from the contract of Luzi that may appear will be invalid."
"KIŠIB Ib-ni-IM KIŠIB Id-na-a KIŠIB A-zu-za-a ša be-ú-lá-at Puzur4-<ša->du-e tup-pu-um ša e'-li-a-ni sà-ar ša ku-nu-ki ša I-ri-ší-im","Seal of Ibnī-Adad, seal of Idnaya, seal of Azuzaya. Concerning Puzur-šadu'e's working capital: any tablet that may appear is invalid – one with Erišum's seal."
"[x x] GÍN KB ṣa-ru-pá-am [i-]ṣé-er Šu-Be-lim Γ Šu Γ-EN.LÍL i-šu iš-tí KB uk-ta-al qá-dum tup-pì-šu ša Kà-né-eš IGI Ša-lim-A-šur DUMU I-li-a IGI Sá-si-a","Šu-Bēlum owes x shekels of refined silver to Šu-Illil; he is held in service with the silver – including his tablet from Kanesh. Witnessed by Šalim-Aššur son of Iliya, by Sasiya."
"1/3 ma-na LÁ 2 GÍN KB i-ṣé-er DINGIR-i-dí Šu-EN.LÍL i-šu IGI E-me-ni IGI i-li-áš-ra-ni DUMU Šu-Ištar 2 ma-na KB ṣa-ru-pá-am KI Šu-Ku-Γ bi4-im Γ Γ x Γ im lu' nim a-na [x x x x k]i-im 6 <gap> Γ i-ša-qál Γ","Ilī-idī owes 1/3 mina less 2 shekels of silver to Šu-Illil. Witnessed by Emeni, by Ilī-ašrannī son of Šu-Ištar. 2 minas of refined silver is owed by Šu-Kūbum <gap> <gap> he must pay."
"20 ma-na URUDU MAR.TU-ba-ni a-na ŠE-im il5-qé IGI I-di-a-bi4-im IGI Ša-lim-A-šur DUMU I-li-a 70 ÁŠ ŠE-am i-ṣé-er En-nam-A-šur Šu-EN.LÍL i-šu ŠE-am SIG5 i-na [e-ṣa]-dim i-ma-da-ad [IGI x x]-ni IGI Šu-A-nim iš-tù 6 ITI.KAM i-lu-ku ša-na-[at] i-lá-ak-ma 1 ma-na Γ x Γ [(...)] i-ša-qál","Amurrum-bāni took 20 minas of copper for grain. Witnessed by Iddin-abum, by Šalim-Aššur son of Iliya. Ennam-Aššur owes 70 šimdu grain to Šu-Illil. He is to measure out the good grain at harvest. Witnessed by <gap>ni, by Šu-Anum. After 6 months have passed a year will pass and he must pay 1 mina <gap>"
"10 1/6 GÍN KB a-na E-me-er-tim 3 GÍN KB a-na Ša-at-i-li ù Na-hi-iš-tim 3 GÍN KB a-na Ha-tim pá-ar-ší-kam a-na Be-lá-sú-nu na-ah-lá-áp-tám a-na Lá-ma-sì: mì-ma a-nim a-na A-šur-ma-lik DUMU Ú-sá-ri-a a-dí-in 2 GÍN KB a-na ni-qé IGI Ku-bi-a IGI A-šur-pí-lá-ah DUMU A-mur-A-šur","10 1/6 shekels of silver for Emmertum; 3 shekels of silver for Šāt-ilī and Nahištum; 3 shekels of silver for Hattum; a sash for Bēlassunu; a dress for Lamassī - all this I gave to Aššur-malik son of Usāriya. 2 shekels of silver for sacrifices. Witnessed by Kūbiya (and) Aššur-pilah son of Amur-Aššur."
"ṣú-ba-tám: a-na Wa-ar-da-nim šé-né-en a-na Ú-ṣú-<ur->ša-A-šur 3 GÍN KB a-na A-mur-A-šur ù E-me-er-tim 1 1/2 GÍN KB a-na ni-qé-šu mì-ma a-nim a-na En-um-A-šur DUMU Ku-ku-ra-nim a-dí-in IGI Kàr-ri-a ša É Sú-kà-li-a","A textile for Wardānum; shoes for Uṣur-ša-Aššur; 3 shekels of silver for Amur-Aššur and Emmertum; 1 1/2 shekel of silver for his sacrifice - all this I gave to Ennam-Aššur son of Kukurānum. Witnessed by Karriya from the family of Sukkalliya."
"1/3 ma-na ṣa-ru-pá-am i-ṣé-er A-šur-ma-lik DUMU Ta-ha-zi-ra DÙG-sí-lá-A-šur DUMU Lu-lu i-šu KB a-na ITI.2.KAM i-ša-qal šu-ma lá iš-qú-ul 1 GÍN TA KB i-na ITI.KAM ṣí-ib-tám ú-ṣa-áb: ITI.KAM Té-i-na-tim li-mu-um Da-né-a: DUMU A-bu-qar","Aššur-malik son of Tahazira owes 1/3 mina of refined silver to Ṭāb-ṣill-Aššur son of Lulu. He will pay the silver in 2 months. If he has not paid (in time) he will pay interest at the rate 1 shekel of silver per month. Month Te'inātum, eponymy Dan-Ea son of Abu-waqar."
"me-eh-ra-at: ta-ah-sí-Γ is'' Γ-tim a-ni-tim ša ší-be-e-kà IGI A-šur-<i->mi-tí: DUMU A-mur-A-šur IGI A-šur-mu-ta-bi4-il5 DUMU En-um-A-šur IGI Ma-num-ba-lúm-A-šur DUMU I-ku-nim a-na A-šur-mu-ta-bi-[il5] qí-bi-ma šu-ma KB lá iš-ta-qal na-áš-pè-ra-tim ta-ga-Γ x Γ [x-]tí","A copy of this note with your witnesses: Witnessed by Aššur-imittī son of Amur-Aššur, by Aššur-muttabbil son of Ennam-Aššur, by Mannum-balum-Aššur son of Ikūnum. To Aššur-muttabbil: if he has not paid the silver, then you must <gap> the missives."
"2 GÚ 16 ma-na AN.NA ku-nu-ki-a ù a-ha-ma 10 1/3 ma-na KB ša ik-ri-be ša A-šur 2 ANŠE ṣa-lá-ma-an ù u4-nu-sú-nu 1 ku-ta-nu-um SIG5 ša Ša-tí-li mì-ma a-nim ša Zu-ku-a a-ṣé-er ša ki-ma i-a-tí Šu-Hu-bur DUMU Šál-ma-IM Da-da-a-a DUMU A-šur-ba-ni ù A-šur-ša-di-li DUMU Ì-li-a-lim ú-bi4-il5 um-ma a-na-ku-ma KB le-ru-ub-ma AN.NA lu-ṣí a-na i-ta-aṭ-li-im di-na lá tù-ša-ra","2 talents 16 minas of tin under my seal plus further 10 1/3 minas of silver from the votive offering to Aššur, 2 black donkeys and their harnesses, 1 good kutānu belonging to Šāt-ilī – all this belonging to Zukuwa Aššur-šād-ilī brought to my representatives Šu-Hubur son of Šalim-Adad, Dadaya son of Aššur-bāni and Aššur-šād-ilī son of Ilī-ālum. I said to my representatives: ""Only when the silver has come in may the tin go out. Sell for cash on delivery. Do not release on credit."""
"6 1/2 GÍN KB a-qá-tí-šu a-dí-in IGI A-lá-hi-im DUMU Šál-ma-A-šur IGI Puzur4-Ištar DUMU Im-di-DINGIR IGI Šu-Be-lim DUMU Šu-li IGI A-ta-ta DUMU En-na-nim","I gave 6 1/2 shekels of silver for his expenses. Witnessed by Ali-ahum son of Šalim-Aššur, by Puzur-Ištar son of Imdi-ilum, by Šu-Bēlum son of Šuli, by Atata son of Ennānum."
"[KIŠIB Ba-b]a-zu-a DUMU Šu-A-nim KIŠIB DÙG-ṣí-li-A-šur DUMU A-li-li [KIŠI]B Šu-Ištar DUMU A-šur-lá-ma-sí [a-na a-w]a-tim [a-ni]-a-tim [kà-ru-u]m [Du-ur-h]u-mì-it i-dí-ni-a-tí-ma IGI GÍR ša A-šur ší-bu-tí-ni ni-dí-in","Seal of Babazuwa son of Šu-Anum, seal of Ṭāb-šill-Aššur son of Ali-ilī, seal of Šu-Ištar son of Aššur-lamassī. The Durhumit colony gave us for these proceedings and we gave our testimony before Aššur's dagger."
"I-ku-pí-a Γ a-na Γ I-dí-A-šur iṣ-ba-at-ni-a-tí-ma um-ma I-ku-pi-a-ma a-na I-dí-A-šùr-ma 40 GÚ URUDU SIG5 ša um-me-a-nu i-li-bi4-kà iṣ-bu-tù-ni a-na-ku a-hu-a ù É a-bi4-a ú-lá ni-tù-ra-kum","Ikūn-pīya seized us against Iddin-Aššur and Ikūn-pīya said to Iddin-Aššur: Concerning the 40 talents of good copper that the investors seized in your possession, neither I nor my brother nor my paternal house will raise further claim against you."
"a-na a-wa-tim a-ni-a-tim kà-ru-um Dur4-hu-mi-it i-dí-ni-a-tí-ma IGI GÍR ša A-šur ší-bu-tí-ni ni-dí-in IGI Ba-ba-zu-a IGI DÙG-ṣí-lá-Ašur IGI Šu-Ištar","The Durhumit colony gave us for these proceedings, and we gave our testimony before Aššur's dagger. Witnessed by Babazuwa, Ṭāb-šill-Aššur, by Šu-Ištar."
"KIŠIB A-la-bi-im DUMU S[ú-l]i Γ-a Γ KIŠIB Ki-li-a DUMU En-na-nim tup-pu-um ša IGI GÍR ša A-šur a-na a-wa-tim a-ni-a-tim kà-ru-um Γ Dur4 Γ-hu-mì-it i-dí-ni-a-tí-ma ší-bu-tí-ni ni-dí-in","Seal of Ali-abum son of Suliya, seal of Kiliya son of Ennānum. Tablet from before Aššur's dagger. The Durhumit colony gave us for these proceedings and we gave our testimony."
"En-nam-A-šur DUMU Šu-EN.LÍL a-na La-qé-ep ù En-nam-A-šur DUMU Šu-Be-lim iṣ-ba-at-ni-a-tí-ma um-ma En-nam-A-šùr-ma 4 1/2 Γ ma Γ-na 5 1/3 GÍN KB ki-ma I-tur4-DINGIR: tal-qé-a um-ma La-[qé-]ep ù En-nam-A-šùr-ma ke-na [i-na] ha-mu-uš-tim ša Puzur4-Ištar DUMU Šu-lá-áb-ra-at KB ni-il5-qé KB eq-lam a-šu-mì En-nam-A-šur DUMU Šu-EN.LÍL e-tí-iq ù a-na bi-it-qá-tim En-Γ nam Γ-A-šur DUMU Šu-EN.LÍL","Ennam-Aššur son of Šu-Illil seized us against Lā-qēp and Ennam-Aššur son of Šu-Bēlum, and Ennam-Aššur said: ""Have you taken 4 1/2 minas 5 1/3 shekels of silver on behalf of Itūr-ilī?"" Lā-qēp and Ennam-Aššur answered: ""Yes, we took the silver in the week of Puzur-Ištar son of Šu-Ilabrat."" The silver goes overland (to Assur) in the name of Ennam-Aššur son of Šu-Illil, and Ennam-Aššur son of Šu-Illil answers for (possible) shortfalls."
"i-za-az um-ma En-nam-A-šùr-ma DUMU Šu-EN.LÍL-ma tup-pá-am ša hu-bu-li ša I-tur4-DINGIR ú Kà-ku-a ma-nu-um i-da-nam um-ma La-qé-ep-ma a-na-ku a-da-na-kum: um-ma La-qé-e[p-ma] a-na En-nam-A-šur DUMU Šu-EN.LÍL-ma KB ša-bu-a-ti 2 tup-pé-e ha-ar-me-en ša hu-bu-lim A-šur-DÙG a-hi-a tù-kà-al lu ku-a-um lu ša DUMU Kà-ri-a ma-nu-um [lu] i-da-na[m]","Ennam-Aššur son of Šu-Illil said: ""And the tablet concerning the debt to Itūr-ilī and Kakkuwa, who will give me that?"" Lā-qēp answered: ""I shall personally give it to you."" Lā-qēp (further) said to Ennam-Aššur son of Šu-Illil: ""You have been paid the silver. You have in your possession 2 certified tablets concerning the debt of my brother Aššur-ṭāb. Yours as well as that of Karriya's son, who will give that to me?"""
"um-ma En-nam-A-šur DUMU Šu-EN.LÍL a-na-ku a-da-na-kum IGI A-la-bi-im DUMU Sú-li-a IGI Ki-li-a DUMU En-na-nim a-na a-wa-tim a-ni-a-tim k[à-r]u-um Dur4-hu-mi-it i-dí-ni-a-tí-ma tup-pá-am IGI GÍR ša A-šur ší-bu-tí-ni ni-dí-in","Ennam-Aššur son of Šu-Illil answered: ""I shall personally give it to you."" Witnessed by Ali-abum son of Suliya, by Kiliya son of Ennānum. The Durhumit colony gave us for these proceedings and we gave a tablet with our testimony before Aššur's dagger."
