oa,english
"6 ma-na KÙ.B. ṣa-ru-pá-am","6 minas of refined silver,"
"6 GÍN ša-du-a-sú","6 shekels his transport-fee,"
"ša E-la-ma","belonging to Elamma"
"a-na Puzur-A-na","I entrusted to Puzur-Anna,"
"DUMU A-šur-dan áp-qí-id","the son of Aššur-dān."
"IGI A-šur-na-da(ID)","In the presence of Aššur-nādā,"
"DUMU A-šur-i-dí IGI Zu-ba","son of Aššur-idī, and of Zuba."
"ší-im AN-NA-ki-kà","(It is) the price of your tin"
"1 GÚ-tim","to the amount of 1 talent."
"5 ma-na KÙ.GI","5 minas of gold,"
"ni-is-ha-sú DIRIG","its excise added extra"
"ú ša-du-a-sú <ša-bu>","and its transport-fee <paid>,"
"ša Zu-ba Puzur-A-na","belonging to Zuba, Puzur-Anna"
"a-na ší-a-ma-tim","brought away for making"
"ú-bi?-il GÁN-lam","purchases. It will travel overland"
"a-na-nu-um ù a-lá-nu-um","in both directions"
"a-šú-mì-<šú>-nu-ma i-tí-iq","at their expense, (for)"
"KÙ ša qí-ip-tí-šu-nu","it is money of their trust."
"IGI A-šùr-na-da(ID)","In the presence of Aššur-nādā,"
"DUMU A-šur-i-dí","son of Aššur-idī,"
"IGI Ás-qú-dim","and of Asqūdum."
"IGI A-mur-UTU","by Amur-Šamaš,"
"IGI E-ze-e","by Ezē."
"šu-ma ú-da-pí-ir","If he disappears"
"1 GÍN.TA: i-na ITU./KAM","he will add 1 shekel of silver"
"ú-ṣa-áb","as interest per month."
"1/3 ma-na 5 GÍN","25 shekels of"
"KÙ.B. ṣa-ru-pá-am","refined silver"
"Ga-al-dá-a","Galdaya"
"ša E-la-ma","of Elamma"
"<<ša E-lá-ma>>","<<of Elamma>>"
"i-be-i-el","will manage."
"KI KÙ.B.-pí-im","He is held in service"
"uk-ta-al","with the silver."
"IGI Lá-qé-pì-im","Witnessed by Lā-qēpum,"
"1½ ma-na 2 [GÍN] i-ṭup-pi-im lá-pi-it","For 1 mina 32 shekels he has been registered on the tablet."
"1 5/6 ma-na a-qá-ti-a t[a-dí]","1 5/6 mina you deposited as my share."
"ŠU.NIGIN2 3½ ma-[na] šu-mì Ku-ni-[lim] É kà-ri-im lá-pí-it","In all 3½ minas have been booked in Kūn-ilum's name in the colonial office."
"i-5 ku-ta-n[i7 T[A2]] ša É kà-ri-i[m] i-dí-ú-ni 2 [TÚG ša] Ku-ni-lúm Š[A.BA] ½ TÚG i-qá-[tí] Ku-n[i-lim] ú-ṭá-ha","Of the 5 kutānu-textiles each? that they deposited in the colonial office, 2 pieces belong to Kūn-ilum, thereof I will transfer ½ textile from Kūn-ilum's share."
"IGI Iš-ma-IŠKUR IGI Bu-za-z[u]","Witnessed by Išme-Adad, by Buzāzu."
"7¼ GÍN KÙ.B. té-ṣú-bu bi-il5-tám ik-šu-ud","The additions amounted to 7¼ shekels of silver per talent."
"14 (eras.) ma-na <gap>+8 ⅔ GÍN K[Ù.B.] š[í-i]m AN.NA TÚG.HI.A ù ANŠE.HI.A","14 minas <gap>+8⅔ shekels of silver is the price of tin, textiles and donkeys."
"i-na 1 ma-na KÙ.B. ša a-na a-lim a-[ší-a-ma]-tim Be-lá-num ú-šé-bi-lá-ni ŠÀ.BA ⅔ ma-na KÙ.B. a-na ik-ri-bi4-a ša A-šur i-lá-ak","From the 1 mina of silver which I had Bēlānum bring to the City for making purchases, ⅔ mina silver thereof will go to my ikribū belonging to Aššur."
"IGI A-šur-du-ri(RI-DU) DUMU Puzur4-Ištar","Before Aššur-dūrī, son of Puzur-Ištar."
"6 ma-na KÙ.B. ṣa-ru-pá-am 6 GÍN ša-du-a-sú ša E-la-ma a-na Puzur4-A-na DUMU A-šur-dan áp-qí-id","6 minas of refined silver, 6 shekels his transport-fee, belonging to Elamma I entrusted to Puzur-Anna, the son of Aššur-dān."
"IGI A-šur-na-da(ID) DUMU A-šur-i-dí IGI Zu-ba","In the presence of Aššur-nādā, son of Aššur-idī, and of Zuba."
"ší-im AN-NA-ki-kà 1 GÚ-tim","(It is) the price of your tin to the amount of 1 talent."
"5 ma-na KÙ.GI ni-is-ha-sú DIRIG ú ša-du-a-sú <ša-bu> ša Zu-ba Puzur4-A-na a-na ší-a-ma-tim ú-bi5-il","5 minas of gold, its excise added extra and its transport-fee <paid>, belonging to Zuba, Puzur-Anna brought away for making purchases."
"GÁN-lam a-na-nu-um ù a-lá-nu-um a-šú-mì-<šú>-nu-ma i-tí-iq KÙ ša qí-ip-tí-šu-nu","It will travel overland in both directions at their expense, (for) it is money of their trust."
"IGI A-šùr-na-da(ID) DUMU A-šur-i-dí IGI Ás-qú-dim","In the presence of Aššur-nādā, son of Aššur-idī, and of Asqūdum."
"⅓ ma-na 5 GÍN KÙ.B. ṣa-ru-pá-am Ga-al-dá-a ša E-la-ma <<ša E-lá-ma>> i-be-i-el","25 shekels of refined silver Galdaya of Elamma <<of Elamma>> will manage."
"KI KÙ.B.-pí-im uk-ta-al","He is held in service with the silver."
"IGI Lá-qé-pì-im IGI A-mur-UTU IGI E-ze-e","Witnessed by Lā-qēpum, by Amur-Šamaš, by Ezē."
"šu-ma ú-da-pí-ir 1 GÍN.TA: i-na ITU.KAM ú-ṣa-áb","If he disappears he will add 1 shekel of silver as interest per month."
"a-ma-lá dí-in kà-ri-im K[à-n]i-iš TUR GAL En-um-[i]-lí DUB.SAR iṣ-b[a-a]t-ni-a-tí-ma","In accordance with the verdict of the plenary Kanesh colony Ennam-ilī, the scribe, seized us"
"a-na É E-lá-ma né-ru-ub-ma: ku-nu-ki ša ma-ak-na-ki-im ni-iš-[ru]-ma: i-na ma-ak-na-ki-im né-zi-ib","whereupon we entered Elamma's house and broke the seals of the sealed room and we left (them) in the sealed room."
"a-na 2-šu ta-ma-lá-ki-šu ša ṭup-[pé] A-ku-ú-a DUMU B[a-z]i-a il-qé","Two boxes with tablets Akūa, son of B[aziya] took."
"IGI Ma-sà-a DUMU A-šùr-ni-im-ri IGI Ma-ṣí-i-lí DUMU Bu-zu-zi-im IGI A-mur-A-šùr DUMU A-šùr-DÙG","Witnessed by Masaya, son of Aššur-nimrī, by Maṣi-ilī, son of Buzuzum, by Amur-Aššur, son of Aššur-ṭāb."
"um-ma Hi-na-a-ma: a-na Kar-wa-a ù Pu-šu-ke-en6 qí-bi-ma: a-na KÙ.B. ša AN.NA ša li-bi4 E-lá-ma: ù a-na 10 ma-na-e: ša a-<gap> ša tám-kà-ar <gap> [x x i]b: i[š7- x x x x]","Thus Hinnāya, say to Karwāya and Pūšu-kēn: ""For the silver of the tin, which is owed by Elamma, and for the 10 minas, which <gap>, which the agent <gap> <gap>"
"4 GÚ AN.NA ša Hi-na-[a] i-na É Hi-na-a E-lá-ma ù A-šur-na-da a-na 3-ší-šu i-zu-zu-ma","Four talents of tin of Hinnāya Elamma and Aššur-nādā divided into three in Hinnāya's house and"
"1 GÚ 20 ma-na AN.NA E-lá-ma il5-qé 1 GÚ 22 ma-na AN.NA A-šur-na-da il5-qé","1 talent 20 minas of tin Elamma took, 1 talent 22 minas of tin Aššur-nādā took,"
"1 GÚ 20 ma-na AN.NA qá-sú ša Kàr-wa-a E-lá-ma A-šur-na-da ù A-šur-dan a-na Dur5-hu-mì-it a-šé-er Kàr-wa-a ú-šé-bi4-lu","1 talent 20 minas of tin, Karwāya's share, Elamma Aššur-nādā and Aššur-dān sent to Durhumit, to the address of Karwāya."
"A-bu-ša-lim i-re-eš a-bi-šu: i-zi-iz","Abu-šalim assisted his father."
"iš-tù E-lá-ma: me-tù Hi-na-a: a-lam: im-hu-ur-[m]a ra-bi4-ṣa-am e-hu-úz-ma DUB-pá-am ša dí-in a-lim lu za-iz: AN.NA ša Hi-na-a lu DUMU a-wi-lim lu a-ša-at a-wi-lim lu kà-ṣa-ru-um lu ša i-re-eš a-wi-lim i-zi-zu lu ša i-na pí-i E-lá-ma ba-áb: né-be-ri-šu: iš-me-ú","After Elamma had died Hinnāya appealed to the City and contracted an attorney and (got) a tablet with a verdict of the City (stating): 'Whoever got a share of Hinnāya's tin, either the son of the gentleman, or his wife, or a harnesser, or who had assisted the gentleman, or who heard what Elamma declared when he was about to die <must testify>',"
"a-na kà-ri-im Kà-ni-iš ub-lam-ma a-ma-lá DUB-pì-im ša a-lim kà-ru-um Kà-ni-iš: i-dí-ni-a-tí-ma","(that tablet) he brought to the Kanesh colony, whereupon the Kanesh colony, in accordance with the tablet of the City, made us take the stand and"
"A-šur-na-da ša AN.NA iš-tí E-lá-ma i-zu-zu ú A-bu-ša-lim DUMU E-lá-ma ša i-re-eš a-bi4-šu i-zi-zu IGI GÍR ša A-šur ší-bu-tí-ni ni-dí-in","we – Aššur-nādā, who had divided the tin together with Elamma, and Abu-šalim, Elamma's son, who had assisted his father - before Aššur's dagger we gave our testimony."
"a-na um-me-a-né E-lá-ma ù ša ki-ma E-lá-ma qí-bi-ma um-ma A-šur-ṣú-lu-li: I-ku-pì-a A-šur-DÙG NIN.ŠUBUR-ba-ni I-dí-Ištar En-um-A-šur ù A-bu-ša-lim-ma","To the investors of Elamma and Elamma's representatives, this is what Aššur-ṣulūlī, Ikuppiya Aššur-ṭāb, Ilabrat-bāni, Iddin-Ištar, Ennam-Aššur and Abu-šalim say:"
"ta-áš-pu-ra-nim um-ma a-tù-nu-ma a-ma-kam É E-lá-ma ma-ṣa-ar-tám: pí-tí-a-ma lu KÙ.B. ma-lá i-ba-ší-ú lu URUDU: i-ba-ší ku-un-kà-ma šé-bi4-lá-nim","""You wrote us as follows: 'Over there, in Elamma's house open the strong room and put all silver and all copper there is under seal and send it here'."
"lá-ma NIN.ŠUBUR-ba-ni En-um-A-šur ù A-bu-ša-lim iš-tù Kà-ni-iš i-li-ku-ni-ni","Before Ilabrat-bāni, Ennam-Aššur and Abu-šalim had arrived here from Kanesh,"
"me-er-ú Hi-na-a ma-ṣa-ar-tám ip-té-ú-ma DUB-pá-am ha-ar-ma-am ša 12 ma-na KÙ.B. ša hu-bu-ul IŠKUR-ṣú-lu-li ù I-dí-Ištar DUMU A-šur-na-da","Hinnāya's sons had (already) opened the strong room and taken a valid debt-note for 12 minas of silver, recording the debt of Adad-ṣulūlī and Iddin-Ištar, son of Aššur-nādā,"
"il5-qé-ú: um-ma šu-nu-ma a-na a-wa-at um-me-a-né ma'-aṣ-a-ni: ki-ma ma-ṣa-ar-tám: ip-té-ú-ni 5: ṣa-ba-am: a-hi-ú-tim ú-šé-ri-bu-ma ú-ša-ak-ni-ku ù šu-nu iš-ti-šu-nu: ik-nu-ku","declaring: 'We take this responsibility at the order of the investors!' As soon as they had opened the strong room they made five men, outsiders, enter (the house) and seal it (again) and they themselves sealed (it) together with them."
"ki-ma ku-nu-ke ša A-šur-DÙG ù ša A-šur-ṣú-lu-li ip-té-ú-ni: a-šu-mì-ku-nu ni-ip-lá-ah-ma ma-ṣa-ar-tám: lá ni-ip-té","Since they had broken the seals of Aššur-ṭāb and Aššur-ṣulūlī we became afraid for your sake and we did not open the strong room (again)."
"a-na ša-a-li-ku-nu ni-iš-pu-ra-am","We wrote this letter to ask your instructions."
"i-na ša-am-ší DUB-pì-ni ta-ša-me-a-ni té-er-ta-ak-nu li-li-kam-ma ma-ṣa-ar-tám lu ni-ip-té","Let, as soon as your hear this letter of ours, an instruction of yours arrive here then we will open the strong room."
"ṣú-ha-ru lá i-sà-hu-ru","The boys must not tarry."
"I-dí-A-šur ù A-šur-ba-ni u4-ma-kál lá tù-ša-as-ha-ra","Do not cause Iddin-Aššur and Aššur-bāni to be delayed one single day!"
"½ ma-na 5 GÍN AN.NA 1½ ma-na.TA a-na Be-el-DÙG a-dí-in 5 hi-dim a-na LUGAL-IM 1½ ma-na.TA a-dí-in","35 shekels of tin (at) 1½ mina each I gave to Bēl-ṭāb; 5 beads I gave to Šarrum-Adad, (at) 1½ mina each;"
"4 hi-dim a-na nu-a-im a-dí-in 6 ma-na 5 GÍN URUDU iš-tí La-qé-ep","4 beads I gave to the Anatolian; 6 minas 5 shekels of copper due from La-qēp;"
"1⅔ [ma]-na 5 GÍN IGI [Me]-ra-lí i-dí-nam 4 ma-na 15 GÍN nu-ma-<lá>","1 mina 45 shekels he gave me in the presence of Merali; 4 minas 15 shekels we will compensate."
"<gap> ta ni-iš-um <gap> dí x bu ni-iš-[a-ma] 1½ ma-na KÙ.B.-kà iš-tí En-na-num","<gap>gift <gap> <gap> we bought and 1½ mina of your silver is due from Ennānum <gap>"
"<gap> x KU BI il5-qé-ú <gap> um-ma šu-ut-m[a] [x x x x x KÙ].B. i-n[a] <gap> x <gap> KÙ.B.","<gap> of silver he took <gap> he said: <gap>silver in <gap> <gap> silver."
"[DUM]U Dan-A-š[ùr x x x]","<gap> Dān-Aššur <gap>"
"[x ma]-na 1 GÍN KÙ.B. <gap>-A-šur DUMU Ša-lim-A-<gap>","<gap> mina(s) 1 shekel of silver [for ....]-Aššur, son of Šalim-A[.....];"
"<gap> 5 ma-na URUDU i-n[a] [a-ba-a]n ma-tim 1 GÍN KÙ.[B] [a-n]a Ú-ṣú-ur-ša-A-šur [D]UMU Da-mu-ma 2 me-at LÁ 5 URUDU a-na Lu-lu","<gap>5 minas of copper by the local weight; 1 shekel of silver for Uṣur-ša-Aššur, son of Damuma; 195 minas of copper for Lullu."
"mì-ma a-nim a-hu-bu-ul A-šur-DÙG A-šur-UTU e-pu-ul","All this Aššur-šamšī paid for the debt of Aššur-ṭāb."
"a-ha-ma 17 GÍN KÙ.B. [tù]-dí-na-tí[m] i-ša-am ½ <gap>-DU A-šur-UTU x x x]-a a-na A-šur-[DÙG] i-dí-in","Separately he bought for 17 shekels of silver dress-pins; ½ <gap> Aššur-šamšī <gap> gave to Aššur-ṭāb."
"a-ha-ma 2½ ma-na KÙ.B. ku-nu-ki ša A-šur-UTU a-na A-lá-hi-im a-na A-šur-DÙG ip-qí-id","Separately 2½ minas of silver under the seals of Aššur-šamšī Aššur-ṭāb entrusted to Ali-ahum."
"i-na KÙ.B. ša e-pu-lu <gap>2⅔ ma-na KÙ.B. [KI A]-lá-bi4-im DUMU Ma-nu-a [x m]a-na KI Pá-na-kà","Of the silver he paid <gap>2⅔ minas of silver are [with] Ali-abum, son of Manua, <gap> minas with Panaka."
"<gap> 5 ma-na URUDU ší-im ki-ra-nim [x x k]à-ší-im 31½ ma-[na] [ší-im ki]-ra-nim ú x <gap> <gap>-im KI DUMU <gap> <gap> URUDU KI <gap> <gap>","<gap>5 minas of copper, the price of wine [for?] the official, 31½ minas, [price of] wine and <gap> <gap>are with the son of <gap> <gap> copper with <gap> <gap>"
"[ P]uzur4-A-šur <gap>-ša-lim DUMU [ Pu]zur4-Ištar DUMU <gap> DUMU E-lá-ma Hi-na-a <gap>","<gap> Puzur-Aššur, <gap>-šalim, son of <gap> Puzur-Ištar, son of <gap>son of Elamma, Hinnāya <gap>"
"2 me-at ŠE-am i-na ṣí-im-dim ša BU-TIM a-lam šu-ut-ma ú-ma-lá iš-tí En-nam-A-šur","200 measures of barley - by the 3-sūtu-measure of <gap> he himself will complement (it in) the City - are with Ennam-Aššur."
"2 me 50 BANEŠ ŠE-am i-na ṣí-im-dim ša BU-TIM a-lam šu-ut-ma ú-ma-lá iš-tí A-ba-a","250 3-sūtu-measures of barley - by the 3-sūtu measure of <gap> he himself will complement (it in) the city - are with Abaya."
"[42] ŠE-am i-na ṣí-im-dim ša BU-TIM iš-tí A-šur-ta-ak-lá-ak","42 measures of barley, by the 3-sūtu-measure of <gap>, are with Aššur-taklāk."
"1 me-at 4 BANEŠ ŠE-am i-na ṣí-im-dim ša BU-TIM a-lam šu-ut-ma ú-ma-lá iš-tí A-ba-a","104 3-sūtu-measures of barley - by the 3-sūtu-measure of <gap> - he himself will complement (it in) the city - are with Abaya."
"a-né-ma i-ma-da-ad","He shall measure it out now."
"3 ṭup-pu-ú","Three tablets."
"8 BANEŠ ŠE-am KI E-wa-ar-nim","8 3-sūtu-measures of barley with Ewarnum;"
"50 BANEŠ ŠE-am a-lam5 šu-ut-ma ú-ma-lá KI En-nam-IM DUMU Šu-na-a","50 3-sūtu-measures of barley – he himself will complement (it in) the city - are with Ennam-Adad, son of Šunāya."
"[A-šur]-DÙG Šu-Ištar [ù] a-na-ku [lu né]-ta-wu [i-na Ta]-am-ni-a [ha-m]u-uš-tum [ša] A-šur-ba-ni","Aššur-ṭāb, Šu-Ištar and I myself, we will discuss in Tawiniya; the week eponymy of Aššur-bāni."
"[i]š-tù [ha-m]u-uš-tim [ša] E-lá-lí [ù A]-šur-iš-ta-kál [a]-na 6 <gap>","Reckoned from the week eponymy of Elalī and Aššuriš-tikal within 6 [weeks/months ...] <gap>"
"3½ ma-na 7 GÍN KÙ.B. qá-sú ša Ku-ni-lim","3 minas 37 shekels of silver the share of Kūn-ilum;"
"4 ½ ma-na <gap> GÍN [KÙ.B.] a-ha-ma [x ma-na KÙ.B.] ší-im 9 [ku-ta-ni] ù 2 šu-ru-tim","4½ minas <gap> shekels separately; x [minas of silver] the price of 9 kutānu-textiles and 2 dark textiles."
"21½ ma-na 2 GÍN KÙ.B. ší-im AN.NA ù TÚG.HI.A iz-ku-am ša É I1-li1-<gap>","21 minas 42 shekels of silver the price of tin and textiles that became available, of the house of Ili-<gap>."
"<gap> x <gap> GÍN [KÙ.B. i]t-bu-lu <gap> 1 GÍN it-ba-al <gap> 2 GÍN it-[ba-al/bu-lu]","<gap> cost <gap> shekels [of silver]; a <gap> cost 1 shekel; a/the <gap> cost 2 shekels;"
"<gap> 4 GÍN x <gap> [x x it]-bu-lu <gap> GÍN i[t-ba-al/bu-lu] a-na e-<gap> 15 ŠE a-šu-um-[ke] 1 UDU 1 GÍN it-b[a]-a[l]","<gap> 4 shekels <gap> cost; <gap> cost [x] shekels for <gap> [x shekels]; 15 grain for onions; 1 sheep cost 1 shekel."
"mì-ma a-nim i-ha-mu-uš-tim ša-KU-ul","All this was consumed/paid during/from the hamuštum."
"5 ma-na 3 GÍN a-na Ša-lim-be-li 3½ ma-na URUDU a-na e-ṣé 1 ma-na a-na-ku al-qé","5 minas 3 shekels for Šalim-bēli; 3½ minas of copper for firewood; 1 mina I myself took;"
"5/6 ma-na a-na ku-ku-ba-tim i-nu-mì A-mur-ZU i-li-kà-ni ½ ma-na a-na Ša-lim-A-šur áš-qúl","5/6 mina for small jars when Amur-Suen came here; ½ mina I paid to Šallim-Aššur;"
"⅓ ma-na 5 GÍN a-ku-ku-bi-im i-nu-mì Šu-Ku-bu-um ù Šál-ma-A-šur a-si-ú","25 shekels for a small jar when I invited Šu-Kūbum and Šallim-Aššur <gap>"
"i-nu-mì sa-ap-li-i ha-muš-tim 1¼ GÍN a-na UDU ¾ GÍN 15 ŠE 3 bi4-il5-té-en ⅓ GÍN 15 ŠE [a-na a-na um-ší-im 1⅓ GÍN a-na I.NUN 2½ GÍN a-na UDU i-nu-mì 1½ GÍN a-na pá-šu-re ù [li-ma-ni ha-sa-le 22½ ŠE a-kà-ni-im sa IGI ku-sí-im 1½ GÍN a-na e-ṣé ša ni-ib-ší-im","During the bottom end of the week-eponymy 1¼ shekel for a sheep; ¾ shekel for 3 double loads <of firewood>; 5/12 shekel for dried meat; 1⅓ shekel for butter; 2½ shekels for a sheep at the time of our eponymy; 1½ shekel for tables and <gap>; 22 ½ grains for a pot-stand which is in front of the chair; 1½ shekel for wood of the <gap>;"
"2⅔ GÍN a-na-ru-uq ŠE-im 2 GÍN a-na 2 DUG GIG i-Wa-li-ba-ni-ma ⅓ GÍN 15 ŠE a-na 3 bi4-lá-tim e-ṣé ša-qí-il5 1½ GÍN a-na 4 ki-ra-tim áš-qúl 2 DUG GIG 2 1/6 GÍN 2 DUG ŠE-um 2⅔ GÍN sa-qí-il5 i-ha-muš-tim áš-qúl","2⅔ shekels for a sack of barley; 2 shekels for two jars of wheat also in Walibani; 5/12 shekels paid for 3 loads of firewood; 1½ shekel I paid for 4 jars of beer; (for) 2 jars of wheat 2 1/6 shekels; (for) 2 jars of barley 2⅓ shekels was paid; I paid (it) during the week-eponymy."
"2⅔ GÍN a-na-ru-uq ŠE-im áš-qúl 2 DUG GIG 2⅔ GÍN áš-qúl 1⅓ GÍN 15 ŠE a-na 3 bi4-lá-tim áš-qúl ⅓ GÍN a-ni-qí ša ú-qí-tim e-pu-šu","I paid 2⅓ shekels for a sack of barley barley; (for) 2 jars of wheat I paid 2⅓ shekels; I paid 1 shekel 75 grains for 3 loads; ⅓ shekel for the grain offering that I made."
"½ GÍN a-qá-nu-e i-Wa-li-ba-ni áš-qúl ½ na-ru-uq ŠE-am 2⅓ GÍN áš-qúl 3 DUG GIG 3½ GÍN áš-qúl 1½ GÍN a-na UDU 1½ GÍN e-ṣé ša ni-ib-ší-im i-sa Pár-kà 1/6 GÍN a-ni-i[b-ší-im]","½ shekel I paid for reed in Walibani; (for) ½ sack of barley I paid 2⅓ shekels; for 3 jars of wheat I paid 3½ shekels; 1⅓ shekel for a sheep; 1½ shekel for firewood of <gap> during the festival of Parka; 1/6 shekel for <gap>"
"4 GÍN a-na si-iṭ-ri-im ša pu-ki-im 1½ GÍN a-na e-re-qi-im qá-nu-e áš-qúl 1⅔ GÍN a-sú-ba-ri-im áš-qúl","I paid 4 shekels for a scarf of paku-weave, 1½ shekel for a wagonload of reed; I paid 1⅔ shekel for subarum;"
"½ ma-na KÙ.B. a-na a-bar-ni-im áš-qúl 1/6 GÍN a-na um-ší-im ¼ GÍN a-šu-um-ki <gap> <gap> na-ru-uq: G[IG <gap>]","I paid ½ mina of silver for an Abarnian textile, 1/6 shekel for a piece of dried meat, ¼ shekel for onions, <gap> <gap> bags of wheat <gap>; <gap>"
"<gap> GÍ[N a-na <gap>] [ha]'-áš-lá-tim <gap> a-wa-ar-nu-a-lim ⅔ GÍN a-na e-ṣé áš-qúl","<gap> shek[els for] crushed wheat', <gap> for a <gap>; I paid ⅔ shekel for firewood;"
"⅔ GÍN a-pá-e ú-ṣa-qi-il5 1 bi-il5-té-en ½ GÍN áš-qúl ¼ GÍN a-na na-pá-hi-im","⅔ shekels I paid for chaff, for a double load I paid ½ shekel; ¼ shekel for the blacksmith."
"95 ki-ra-tim a-na <gap> ¼ GÍN.TA ù 7 ½ ŠE.TA ½ GÍN a-na <gap> 1/6 GÍN a-n[a <gap>] a-na <gap>","I supplied 95 drinks to <gap> at 52½ grains (of silver) each, ½ shekel for <gap> 1/6 shekel for <gap> for <gap> <gap>"
"3 DUG GIG 3 5/6 GÍN 15 ŠE áš-qúl 1 na-ru-uq ŠE-im (erasure) 3 GÍN áš-qúl 1½ GÍN a-na UDU ½ GÍN a-qá-nu-e ša šu-ru-up-tim","(For) 3 jars of wheat I paid 3¾ shekels; (for) 1 sack of barley 3 shekels; 1½ shekel for a sheep; ½ shekel I paid for reed used a fuel;"
"áš-qúl ½ GÍN a-na bi-lá-tim e-ṣé áš-qúl 1/6 GÍN a-Ì.NUN áš-qúl 1½ GÍN a-na ŠE-im 2 DUG áš-qúl","½ shekel I paid for a few loads of firewood; 1/6 shekel I paid for butter; 1½ shekel I paid for two jars of barley;"
"1¼ GÍN a-na 1 DUG GIG áš-qúl ⅓ GÍN a-na e-ṣé bi-lá-tim áš-qúl","1¼ shekel I paid for 1 jar of wheat; ⅓ shekel I paid for a few loads of firewood."
"5 ú-kà-pu-ú ša 4 ANŠE.HI.A zu-ur-zu 4 ma-at-li-iš-hu 3 ma-as-ra-du mì-ma a-nim KI Puzur4-IŠKUR","5 saddlecloths of 4 donkeys, pouches, 4 packing-racks, 3 packsaddles - all this is with Puzur-Adad."
"zu-ur-zu 1 ma-at-li-iš-hu-<um> 2 eb-le sí-kà-tim 1 ma-as-[ra-d]um 1 nu!-hu-u[m š]a Ì.GIŠ ù pá-at-ru-u[m] mì-ma a-nim KI Hu-hu-<gap>","Pouches, 1 packing-rack, 2 ropes with pegs, 1 packsaddle, 1 skin container with oil and 1 dagger - all this is with Huhu<gap>"
"zu-ur-zu 1 ma-at-li-iš-hu-um 1 ma-as-ra-dum KI Puzur4-A-na","Pouches, 1 packing-rack, 1 saddlecloth, with Puzur-Anna"
"⅔ ma-na 3 LÁ 1/6 GÍN KÙ.B. i-li-bi4-šu-nu a-hu-ur","42 5/6 shekels of silver is still due by them"
"5¼ GÍN KÙ.B. i-ṣí-ba-at 5 ma-na-im KÙ.B. a-hu-u[r]","5¼ shekels of silver from the interest on 5 minas is still due."
"13¼ GÍN KÙ.B. ší-im hu-sà-ri-n[i] ša i-Šu-pì-lu-li-a a-dí-nu iš-tí kà-ri-im Dur4-hu-mì-it","13¼ shekels of silver, the price of our lapis lazuli, which I sold in Šuppiluliya, is due from the Durhumit colony."
"2 TÚG ma-ku-ha-a[n] iš-tí Šu-Ku-bi-im","2 makūhu-textiles due from Šu-Kūbum;"
"1 TÚG na-ah-lá-áp-[tám] a-na be-el a-lim a-na Bu-zu-li-a [ú]-kà-il5","1 cloak for the lord of the town I offered to Buzuliya;"
"20 ma-na URUDU [i]š-ti [Ib]-ni-UTU <gap> x ša A-mur-UTU","20 minas of copper due from Ibni-Šamaš the <gap> of Amur-Šamaš;"
"8½ GÍN KÙ.B. iš-tí Sú-e-ta-ta","8½ shekels of silver due from Suettata."
"za-ku-ú-um e-zi-ib 2 ma-na ša DAM.GÀR","<gap> purified, apart from 2 minas of the tamkārum."
"ŠÀ.BA a-ma-lá té-er-tí-kà 4 ma-na 10 GÍN ša ik-ri-bi4 a-na A-ta-a-a <ù> GAL-A-šur","Thereof, in accordance with your instruction, 4 minas 10 shekels of temple funds for Ataya <and> Rabi-Aššur;"
"2 ma-na 8½ GÍN a-na Hi-na-a ú A-ta-a-a ½ ma-na a-na A-šur-DÙG ⅔ ma-na 1 GÍN a-na A-ta-a-a ⅓ ma-na","2 minas 8½ shekels for Hinnāya and Ataya; ½ mina for Aššur-ṭāb; 41 shekels for Ataya; ⅓ mina for"
"a-na I-da-ZU ⅓ ma-na a-na A-šur-ba-ni mì-ma a-nim ku-nu-ki GAL-A-šur na-ší","I-da-Suen; ⅓ mina for Aššur-bāni – all this under my seals Rabi-Aššur is bringing."
"a-na 2 ANŠE ⅓ ma-na 3 GÍN ni-iš-qúl 12 GÍN KÙ [a-na] [kà-ší]-im ú ma-ṣa-ra-tim [<gap> En-n]am-A-šur","For 2 donkeys we paid 23 shekels, 12 shekels of silver for the official and the guarding <gap> Enna]m-Aššur"
"<gap> ŠÀ.BA ⅓ ma-na 6 GÍN KÙ.B. <gap> ki [<gap> URU]DU ší-kam GAL-A-šur","<gap> Thereof 26 shekels of silver <gap> <gap> šikku-copper Rabi-Aššur."
"2⅓ ma-na KÙ.B. ṣa-ru-pá-am ku-nu-ki-a Be-lá-lá-a ú-bi4-il5","2⅓ minas of refined silver, under my seal, Belalaya brought away;"
"3 GÍN KÙ.B. a-qá-tí-šu a-dí-in 2 GÍN KÙ.B. a-pá-ni-ri 3½ ma-na [URUDU] ša 4 GÍN KÙ.B [sà-he]-er-tám","3 shekels of silver I gave him for expenses, 2 shekels of silver for panna/ira, 3½ minas of copper with a value of 4 shekels of silver (for) small wares."
"[mì-m]a a-ni-im <gap> [ú] A-šùr-mu-ta-pì-il5 [ub]-lu","All this <gap> and Aššur-mutappil brought away."
"IGI IŠKUR-ba-ni DUMU Ga-na-a IGI Ku-lu-ma-a","In the presence of Adad-bāni, son of Ganaya, (and) of Kulumaya."
"A-šùr-i-mì-tí ⅓ ma-na 5 GÍN KÙ.B. 1 GÍN KÙ.GI A-ta-ah-šu ú-bi4-il5-šu-um","As for Aššur-imittī, 25 shekels of silver (and) 1 shekel gold Atahšu brought him."
"3 ma-na AN.NA ku-nu-ki ša I-ku-pí-Ištar DUMU I-ku-a-a a-na Ì-lí-a-lim DUMU Sú-kà-li-a áp-qí-id","Three minas of tin under the seals of Ikūn-pī-Ištar, son of Iku'aya I entrusted to Ilī-ālum, son of Sukkalliya,"
"IGI Šu-Ku-bi-im DUMU Qá-a-tim IGI A-šur-ma-lik DUMU A-lá-hi-im","in the presence of Šu-Kūbum, son of Qa'atum (and) of Aššur-mālik, son of Ali-ahum."
"7 ma-na AN.NA ša Ku-ni-lim A-šur-DÙG ú-bi-il5","Seven minas of tin belonging to Kūn-ilum Aššur-ṭāb brought away."
"1 ma-na KÙ.B. a-na A-šur-ma-lik dí-in-š[u]-ma i-na ša <<na>> na-ru-qí-im i-na ša li-bi4-ni nu-ṣa-ha-ar","Give 1 mina of silver to Aššur-mālik and we will deduct it from the assets of the joint-stock capital that we control."
"2 ma-na KÙ.B. a-na ta-ad-mì-iq-tim a-na Ku-da-nim i-dí-in","Give 2 minas of silver as a free loan to Kudānum;"
"½ ma-na KÙ a-na Ku-lu-ma-a <gap> 10 GÍN a-na ra-qí-tim ša Lá-ma-sí","½ mina of silver for Kulumāya <gap>; 10 shekels for a thin textile of Lamassī."
"[⅔] ma-na 3 GÍN KÙ.GI [ša] Ib-na-a [i-š]u-ni: ni-is-ha-ti1-šu ni-dí-in-ma ⅔ ma-na ⅔ GÍN [KÙ].GI ni-iš6-[am-ma] 7⅔ GÍN.TA","For the 43 shekels of gold, [which] Ibnaya has in his possession, we paid the import-tax on it and the (remaining) 40⅔ shekels of gold we bought and at 7⅔ shekels (of silver) per (shekel of gold);"
"KÙ.B.-áp-šu 5 ma-na 11 5/6 GÍN","it (equivalent) in silver was 5 minas 11 5/6 shekels."
"4 ma-na LÁ 4 GÍN KÙ.B. ša TÚG.HI.A ù AN.NA al-qé-ma ší-tí KÙ.B.-pì-šu","3 minas 56 shekels of silver I took for textiles and tin and the rest of his silver,"
"1 ma-na 15 5/6 GÍN KÙ.B. a-[ša ki]-ma šu-a-tí a-dí-[ma] [i]-ša-[qá-lam]","1 mina 15 5/6 shekels of silver, I gave to his representative and he will weigh it out to him."
"[<gap> GÍN K]Ù.B. a-na [Du]-li i-na Ú-lá-ma a-dí-in","I gave Duli in Ulama [x] shekels of silver."
"um-ma šu-ut-ma ku-ta-nam ú-šé-ba-lá-kum","He said: ""I will send you one kutānu-textile."""
"1⅓ ma-na KÙ.B. KI Ha-lu-a <gap>","1⅓ mina of silver is with Halua <gap>"
"2 ma-na a-<gap>","2 minas for <gap>;"
"1 ma-na a-na Šu-Ku-bi4-im 1½ ma-na a-na A-pu-ut-ri-a","1 mina for Šu-Kūbum, 1½ mina for Aputriya;"
"1 ma-na URUDU a-na Da-di-a a-šu-mì [I]l5-ba-ni áš-qúl","1 mina of copper I paid to Dadiya in the name of Ilī-bāni;"
"[x] ma-na a-na [Il5]-ba-ni a-dí-in","I gave [x] mina[(s)] to Ilī-bāni;"
"[x m]a-na 5 GÍN [ší]-im a-ri-im","[x] mina 5 shekels [as pay]ment for a hide;"
"[x m]a-na i-na [<gap>] mu-ṣí-šu [áš-q]úl","[x] mina(s) in [<gap>], his exit fee, I paid;"
"1 ma-na [<gap>] [<gap>] šu-ša-lu [ŠÀ].BA 3⅔ ma-na 5 GÍN [h]a-bu-lá-ak-šu-um","1 mina <gap> Thereof I am indebted to him for 3 minas 45 shekels."
"8½ GÍN KÙ.B. KI En-na-nim na-pá-hi-im","8½ shekels of silver due from Ennānum, the blacksmith;"
"1 GÍN KÙ.B. a-na NINDA ša-a-mì-im a-dí-na-kum","1 shekel of silver for buying bread I gave to you;"
"1 LÁ ¼ GÍN mu-sú-ha-am a-dí-na-kum","¾ shekel of bad quality (silver) I gave you."
"ŠÀ.BA 10 ma-na SÍG.HI.A ú 5 GÍN AN.NA ta-dí-na-am","Thereof you have given me 10 minas of wool and 5 shekels of tin."
"iš-tù ha-mu-uš-tim ša A-lá-hi-im ù Bu-sí-a i-ša Na-ra-am-ZU ù I-k[u-n]im KÙ.B. [ni]-iš-qúl","Reckoned from the week eponymy of Ali-ahum and Buṣiya we paid the silver during that of Naram-Suen and Ikūnum."
"5⅓ ma-na 2 GÍN a-na tap-hi-ri áš-qúl","5 minas 22 shekels I paid to the fund;"
"2 ma-na a-na a-wi-il5-tim a-dí-in","2 minas I gave to the lady;"
"2 ma-na UTU-ba-ni i-dí-ší-im","2 minas Šamaš-bāni gave her;"
"⅔ ma-na 5 GÍN i-nu-mì Ša-lim-be-lí i-li-kà-ni a-na a-wi-il5-tim a-dí-in","45 shekels when Šalim-bēlī had come here I gave to the lady;"
"½ ma-na i-nu-mì UTU-ba-ni i-tal-kam ½ DUG GIG ½ ma-na a-dí-ší-im","½ mina when Šamaš-bāni had come here (and) ½ jar of wheat (and?) ½ mina (of copper) I gave her."
"⅔ ma-na 3 GÍN KÙ.B. a-na Sú-sá-a a-šu-mì A-al-DÙG áš-qúl","43 shekels of silver I paid to Susāya on behalf of Āl-ṭāb."
"IGI En-na-nim na-pá-hi-im IGI En-um-A-šùr DUMU Bu-ut-qí-im IGI A-šùr-be-el-a-wa-tim DUMU Zu-ba.","In the presence of Ennānum, the blacksmith, of Ennam-Aššur, son of Butqum, of Aššur-bēl-awātim, son of Zuba."
"2 ma-[n]a KÙ.B. ša té-zi-[bu-ni]-a-tí-ni a-na DAM.GÀR ni-iš-qúl","The 2 minas of silver that you left behind to us we paid to the merchant;"
"1 GÍN [im]-ṭí","it was 1 shekel short."
"⅔ ma-na ½ GÍN a-na E-na-ni-a áš-qúl ŠÀ.BA 10 GÍN Ṣí-lu-lu il5-qé","40½ shekels I paid to Ennāniya, 10 shekels, thereof Ṣilulu took."
"½ ma-na KÙ.B. ší-[im] am-tim KI ku-um-ri-im","½ mina of silver, the price of a slave-girl is due by the priest."
"ša-ni-tám [a]-na E-na-ni-a e-zi-ib","A second (save-girl) I left to Ennāniya."
"36 ma-na URUDU 5 GÍN KÙ.B. KI Zu-ba 1 ṣú-ha-ru-um mì-ma a-nim a-na E-na-ni-a e-zi-ib","36 minas of copper (and) 5 shekels of silver due from Zuba, 1 young slave - all this I left to Ennāniya."
"5 GÍN KÙ.B. a-na ṣú-ha-ri-im ša Šu-Ku-bi4-im i-nu-mì a-na Wa-ah-šu-ša-na i-li-ku a-dí-in","5 shekels of silver I gave to the servant of Šu-Kūbum when he went to Wahšušana."
"40 ma-na URUDU ma-sí-am ší-im ANŠE i-li-bi4 A-šur-DÙG","40 minas of refined copper the price of a donkey, due from Aššur-ṭāb."
"ANŠE ša Be-la1-nim i-nu-mì a-wi-il5-tum me-ta-at-ni a-na 15 ma-na URUDU ṣa-la-mì-im il5-qé-šu","The donkey of Bēlānum he took when the lady had died for 15 minas of black copper."
37 ku-ta-ni 34 TÚG šu-ru-tum a-na Lá-qé-pí-im áp-qí-id IGI I-dí-IŠKUR IGI I-dí-A-šur DUMU Sú-e-ta-ta,"37 kutānu-textiles (and) 34 dark textiles I entrusted to Lā-qēpum in the presence of Iddin-Adad and of Iddin-Aššur, son of Suettata."
7 TÚG.HI.A ša li-wi-tim IGI A-šùr-SIPAD a-dí-šu-um,7 textiles for wrapping I gave him in the presence of Aššur-rēʾī.
37 ku-ta-nu qá-du-um ta-ad-mì-iq-tim ša Šu-Ištar,"37 kutānu-textiles, including (those) as free loan, belonging to Šu-Ištar,"
2 TÚG ni-is-ha-tum 3 GÍN KÙ.B. 3 TÚG a-ší-mì-im,"2 textiles import-tax, 3 shekels of silver (balanced), 3 textiles for pre-emption."
ší-tí TÚG-tí-šu 32 TÚG 3 GÍN KÙ.B. i-na hu-lu-qá-e ik-šu-da-šu,The rest of his textiles: 32 textiles. His share in the losses amounted to 3 shekels of silver.
i-na 47 ku-ta-ni qá-du-um: ta-ad-mì-qá-tí-šu ša I-dí-Sú-in,"Of the 47 kutānu-textiles, including those of his free loans, belonging to Iddin-Suen,"
2 TÚG ni-is-ha-tum ù 7 GÍN KÙ.B. i-na-pá-al 4 TÚG a-ší-mì-im,"2 textiles were import-tax and he will balance 7 shekels of silver, 4 textiles for pre-emption,"
41 ku-ta-nu-šu iz-ku-ú-nim,41 kutānu-textiles of his were cleared.
"i-na 51 TÚG šu-ru-tim ša I-dí-Sú-in 8 TÚG i-na li-wi-tim 5 TÚG ni-is-ha-tum ù 7 GÍN KÙ.B. i-na-pu-lu-šum 4 TÚG a-ší-mì-im","Of 51 dark textiles of Iddin-Suen, 8 textiles were for wrapping, 5 were import-tax and they will balance him 7 shekels of silver, 4 textiles for pre-emption."
"ší-tí TÚG-tí-šu 34 [TÚG šu-ru-t]im","The rest of his textiles amounts to 34 [dark tex]tiles."
"31 TÚG ku-ta-n[u] ša I-dí-Sú-i[n] 30 TÚG ku-ta-nu ša Ah-ša-lim 46 TÚG ku-ta-nu ša Hi-na-a ù Ú-ṣú-ra-nim","31 kutānu-textiles of Iddin-Suen, 30 kutānu-textiles of Ah-šalim, 46 kutānu-textiles of Hinnāya and Uṣurānum,"
"21 TÚG ku-ta-nu ša A-šur-SIPAD 36 TÚG ku-ta-nu ša Šu-Ištar 28 TÚG ku-ta-nu ša En-na-Sú-in","21 kutānu-textiles of Aššur-rēʾī, 36 kutānu-textiles of Šu-Ištar, 28 kutānu-textiles of Ennam-Suen,"
"24 TÚG ku-ta-nu ša Lá-qé-ep 18 TÚG ku-ta-nu ša DAM.GÀR 7 TÚG ku-ta-nu ú-lá kà-an-[ku]","24 kutānu-textiles of Lā-qēp, 18 kutānu-textiles of the merchant, 7 kutānu-textiles without seals,"
"14 TÚG ni-is-ha-tum 17 TÚG a-ší-mì-im","14 textiles import-tax, 17 textiles as pre-emption."
"30 LÁ 1 TÚG šu-ru-tum ša Šu-Ištar 15 TÚG ša En-na-Sú-in ŠU.NIGIN2 44 TÚG šu-ru-tum ša Šu-Ištar ù En-na-Sú-in","29 dark textiles of Šu-Ištar, 15 textiles of Ennam-Suen - in all 44 dark textiles of Šu-Ištar and Ennam-Suen."
"ŠÀ.BA 4 TÚG i-na li-wi-tim 4 TÚG ni-is-ha-tum 4 TÚG i-ší-mì-im","Thereof: 4 textiles used for wrapping, 4 textiles import-tax, 4 textiles by pre-emption."
"32 TÚG","32 textiles."
"51 TÚG šu-ru-tum ša I-dí-Sú-in 35 TÚG ša A-šur-SIPAD 32 TÚG ša Šu-Ištar 15 TÚG En-na-Sú-in 6 TÚG Ah-ša-lim","51 dark textiles of Iddin-Suen, 35 textiles of Aššur-rēʾī, 32 textiles of Šu-Ištar, 15 textiles Ennam-Suen, 6 textiles (of) Ah-šalim,"
"2 TÚG Ili5-ba-ni 2 TÚG DAM.GÀR 2 TÚG Lá-qé-ep ŠU-NIGIN2 1 me-at 42 TÚG","2 textiles (of) Ilī-bāni, 2 textiles (of) the merchant, 2 textiles Lā-qēp - in all 142 textiles."
"31 TÚG šu-ru-tum ša I-dí-Sú-in 21 TÚG šu-ru-tum ša A-šur-SIPAD 11 TÚG šu-ru-tum ša Šu-Ištar 11 TÚG šu-ru-tum ša En-na-Sú-in","31 dark textiles of Iddin-Suen, 21 dark textiles of Aššur-rēʾī, 11 dark textiles of Šu-Ištar, 11 dark textiles of Ennam-Suen,"
"8 TÚG a-na ni-is-ha-tim 10 TÚG a-na ší-mì-im 33 TÚG i-na li-wi-tim 12 TÚG ku-nu-ku-šu-nu lá-šu-ú 3 TÚG ha-al-qú","8 textiles as import-tax, 10 textiles as pre-emption, 33 textiles used for wrapping, 12 textiles whose seals are lacking, 3 textiles lost."
"KIŠIB Pè-ru-a KIŠIB Ša-hi-iš-nu-ma-an KIŠIB Ba-ri-me-a","Seal of Peruwa, seal of Šahišnuman, seal of Barimea."
"15 GÍN KÙ.B. Ba-ri-me-a Ku-na-ni-li a-ší-tí-šu ú A-še-a-ad me-er-i-šu Iš-pu-nu-ma-an i-šu","15 shekels of silver Barimea, Kunanili, his wife, and Aše'ad, his son, owe to Išpunuman."
"a-na ha-ar-pè KÙ.B. 1 na-ru-uq ŠE-am 2 DUG GIG 2 DUG bu-uq-lá-am","At summer time they will give the silver, 1 sack of barley, 2 jars of wheat and 2 jars of malt."
"i-du-nu šu-ma lá ú-ša-bu-ú A-šé-a-ad i-ta-ru","If they do not satisfy (the creditor) he will take Aše'ad along."
"KÙ.B. i-qá-qá-ad šál-mì-šu-nu ra-ki-is","They are jointly liable for the silver."
"18 GÍN KÙ.B. i-ṣé-er Ga-lu ù Ku-lu-ma-an Pe-ru-wa i-šu","18 shekels of silver Galu and Kuluman owe to Peruwa."
"i-na ša-tim ša-tim 6 GÍN.TA KÙ.B. i-ša-qú-lu IGI Ki-li-nu2-ma-an","In successive years they will pay each time 6 shekels In the presence of Kilinuman."
"KIŠIB A-šur-na-da DUMU A-mur-lu-sú KIŠIB I-dí-IŠKUR DUMU A-šur-DÙG KIŠIB I-dí-A-šur KIŠIB Zu-ba [KIŠ]IB A-ta-ah-šu","Seal of Aššur-nādā, son of Āmur-ilūssu, seal of Iddin-Adad, son of Aššur-ṭāb, seal of Iddin-Aššur, seal of Zuba, seal of Atahšu."
"[š]a 16 GÍN KÙ.B. [be]-ú-lá-at [A-t]a-ah-šu-ú","concerning 16 shekels of silver, the working capital of Atahšu."
"[iš]-tí KÙ.B. uk-ta-al","With the silver he is held."
"il5-qé <iš-tí> KÙ.B uk-ta-al","He is held with the silver."
"šu-ma a-na Kà-ni-iš a-ša-pá-ra-šu: ma-ma-an bé-el hu-bu-li-šu ša a-bi-šu lá i-ṭá-hi-šu-um","When I send him to Kanesh no creditor of his father, whosoever, shall approach him."
"KIŠIB A-šur-mu-ta-pí-il5 KIŠIB Ili5-TAB.BA DUMU Id-na-a","seal of Aššur-mūtappil, seal of Ilī-tappā, son of Idnaya."
"⅓ ma-na 2½ <GÍN> KÙ.B bé-ú-lá-at A-ta-ah-šu Ha-pu-a-šu a-bu-šu <<šu>>","22½ shekels of silver, the working capital of Atahšu, his father Happuašu received."
"⅓ ma-na KÙ.B ṣa-ru-pá-am i-ṣé-er A-šur-ta-ak-lá-ku A-šur-DÙG i-šu-ú","⅓ mina of refined silver Aššur-taklāku owed to Aššur-ṭāb."
"KÙ.B (erasure) A-šur-DÙG ša-bu","With that silver Aššur-ṭāb has been satisfied."
"ṭup-pu-um ša ⅓ ma-na KÙ.B ša hu-bu-ul A-šur-ta-ak-lá-ku ša e-li-a-ni sá-ar","The tablet recording a debt of ⅓ mina of silver owed by Aššur-taklāku which turns up is invalid."
"IGI Ì-lí-áš-ra-ni DUMU Tù-ur-A-šur","In the presence of Ilī-ašranni son of Tūr-Aššur"
"3 ma-na KÙ.B. ṣa-ru-pá-am ú ṣí-ba-sú KI I-ku-pi-a 3 ma-na KÙ.B. ú ṣí-ba-sú KI I-ku-pi-a DUMU Šu-E[N].LÍL","3 minas of refined silver and its interest due from Ikūn-pīya; 3 minas of silver and its interest due from Ikūn-pīya, son of Šu-Ellil;"
"2 ma-na KÙ.B. ú ṣí-ba-sú KI Lá-qí-pì-im 2 ma-na KÙ.B. ú ṣí-ba-sú KI Sá-li-a ½ ma-na KÙ.B. ú ṣí-ba-sú KI DUMU EN.ZU-na-da","2 minas of silver and its interest due from Lā-qēpum; 2 minas of silver and its interest due from Saliya; ½ mina of silver and its interest due from Suen-nādā's son;"
"½ ma-na 5 GÍN KÙ.B. ú ṣí-ba-sú KI DUMU Ṣí-li-Ištar ú tap-pá-i-šu nu-a-im","35 shekels of silver and its interest due from Ṣilli-Ištar's son and his Anatolian partner;"
"4⅓ ma-na KÙ.B. KI Šu-Be-lim DUMU I-tur4-ki-in 14 GÍN KÙ.B. KI A-šé-ed ú me-er-i-šu a-na p[á]-ha-ar ad-ri-im","4⅓ minas of silver due from Šu-Bēlum, son of Itūr-kēn; 14 shekels of silver due from Aše'ed and his son, they will pay at the gathering (of the barley) on the threshing floor;"
"i-ša-qú-lu 1 TÚG ku-ta-nam(DAM) KI I-na-a-a a-na É kà-ri-im i-dí","1 kutānu-textile due from Innāya, he deposited it at the colonial office."
"15 na-ru-uq mì-iš-lam ŠE-um mi-iš-lam GIG ṣí-ib-tum ša ša-da-aq-de-em iš-ti Ha-al-[ga]","15 bags, half barley, half wheat, the interest of last year, is due from Halga."
"10 na-ru-uq ŠE-am a-na-áp-[ṭù-ur] ku-pá-im i-[š]a-da-dam","10 bags of barley when the snow disappears he will haul to me."
"5 na-ru-uq GIG a-na e-bu-ri-im i-ša-da-dam","5 bags of wheat he will haul to me not later than the harvest."
"IGI Lu-lu","Witnessed by Lullu."
"10 GÍN KÙ.B. ṣa-ru-pá-am iš-tù ha-mu-uš-tim ša UTU-ba-ni ù A-šur-ma-lik a-na ha-mu-uš-tim ša ta-la-kà-ni ú-šé-ba-lam","10 shekels of refined silver he will send to me reckoned from the week eponymy of Šamaš-bāni and Aššur-mālik not later than the coming week-eponymy."
"šu-ma lá uš-té-bi4-lam 15 GÍN KÙ.B. i-ša-qal","Should he not send it to me then he will pay 15 shekels of silver."
"IGI En-na-nim IGI A-šur-mu-ta-pí-il5","In the presence of Ennānum, of Aššur-mutappil."
"KIŠIB DINGIR-SIPAD DUMU A-ta-a KIŠIB Šu-Lá-ba-an DUMU Ib-ni-lí KIŠIB Puzur4-A-bé-eh DUMU A-šur-UTU","Seal of Ilī-rēʾī, son of Ataya, seal of Šu-Labān, son of Ibni-ilī, seal of Puzur-Abeh, son of Aššur-šamšī,"
"[ša] Šu-Iš-ha-ra DUM[U ..........-a] [ù] Puzur4-A-be-eh 9 GÚ URUDU SIG5 ha-bu-ra-ta-i-am ša-bu-ra-am iš-tù ha-mu-uš-tim ša UTU-DÙG a-na 13 ha-am-ša-tim","[that] Šu-Išhara, son of .........., and Puzur-Abeh will pay 9 talents of refined, broken copper from Haburata from the week of Šamaš-ṭāb within 13 weeks."
"i-[ša]-qú-lu šu-ma i-na u4-me-šu-nu ma-al-ú-tim lá iš-qú-lu [1½] ma-na.TA i-na ITU.KAM-im a-na 1 GÙ-tim ú-[ṣú-bu]","If they do not pay when their term is up, they will add as interest [1½] mina per talent per month."
"URUDU i-na qá-qá-ad šál-mì-šu-nu ra-ki-is","The copper is bound to the person of of who of them is solvent."
"KIŠIB Ištar-ba-ni DUMU Ás-qú-dim KIŠIB En-nam-A-šur DUMU Ì-lí-[re-i] KIŠIB Ku-lu-ma-a DUMU A-ta-a","Seal of Ištar-bāni, son of Asqudum, seal of Ennam-Aššur, sons of Ilī-rēʾī, seal of Kulumaya, son of Atāya."
"10 ma-na 15 GÍN URUDU ma-sí-a-am [i]-ṣé-er Ištar-ba-ni <gap> x i-šu iš-[tù] [ha-mu-u]š-tim ša Ì-[lí-a] [ù Kàr]-wa-a a-na [ITU. KAM]","10 minas and 15 shekels of refined copper Ištar-bāni owes to <gap> from the week of Iliya and Karwaya he will pay within one month."
"[i]-ša-qal šu-ma lá iš-qú-ul ki-ma a-wa-at kà-ri-im ṣí-ib-tám ú-ṣa-áb","If he does not pay he will add interest in accordance with the regulation of the colony."
"[IT]U.KAM ma-hu-ur-ì-lí li-mu-um DÙG-A-šur","Month IV, eponymy of Ṭāb-Aššur"
"1 ma-na 2 GÍN KÙ.B. [ṣa]-ru-pá-am i-ṣé-er [A]-ni-sà-ba Tù-ra-mì-ili5","1 mina 2 shekels of refined silver Anisaba owes to Tūram-ilī."
"i-šu iš-tù ha-mu-uš-tim ša DINGIR-na-da a-2 ITU.KAM a-Kà-né-eš ú-šé-ba-lam","Reckoned from the week eponymy of Ilī-nādā he will send me the silver to Kanesh in 2 months."
"šu-ma lá ú-šé-bi4-lam 1½ GÍN.TA a-1-ma-na-im i-ITU.KAM ú-ṣa-áb","If he does not send it he will add as interest 1½ shekel per mina per month."
"IGI Na-áb-Sú-in IGI [Šu-Ku]-bi4-im","In the presence of Nabi-Suen, of Šu-Kūbum."
"KIŠIB A-šur-ba-ni DUMU A-šur-be-el-a-wa-tim KIŠIB Pi-lá-ah-A-šur DUMU Da-tim KIŠIB Ili5-[b]a-ni DUMU I-a-a-a","Seal of Aššur-bāni, son of Aššur-bēl-awātim, seal of Pilah-Aššur, son of Datum, seal of Ilī-bāni, son of Iāya,"
"ša ½ ma-na KÙ.B. ṣa-ru-pá-am i-ṣé-er Ili5-ba-ni En-nam-A-šur","to the effect that Ilī-bāni owes to Ennam-Aššur ½ mina of refined silver."
"i-šu-ú iš-tù ha-mu-uš-tim š[a] UTU-ba-ni ù A-šur-ma-lik a-na ITU.1.KAM i-ša-qal","Reckoned from the week of Šamaš-bāni and Aššur-mālik he will pay within one month."
"šu-ma lá iš-qú-ul 1 LÁ ¼ GÍN.TA i-ITU.1.KAM ú-ṣa-áb ITU.KAM","If he does not pay he will add as interest ¾ shekel per month."
"li-mu-um Puzur4-[Ni-]-ra-ah DUMU A-šur-ba-ni","eponymy of Puzur-Nirah son of Aššur-bāni"
"½ ma-na KÙ.B. ṣa-ru-pá-am i-ṣé-er A-mur-A-šur I-dí-A-bu-um","Half a mina of refined silver Amur-Aššur owes to Iddin-abum."
"i-šu 1 GUD.HI.A ša-lá-nam ša ma-ra-e-em i-da-an","One calf for fattening he will deliver."
"IGI Ku-sí-lá-nim IGI A-šur-lá-ma-sí","Before Kusilānum, before Aššur-lamassī."
"2 mas-ki ša-pá-tim [ṣa]-ru-pu-tim ha-bu-ul","He (also) owes two colored woolen fleeces."
"KIŠIB Ma-num DUMU Kà-bi-a KIŠIB A-šur-DÙG DUMU Šu-Ištar KIŠIB A-hu-šu DUMU A-šur-i-dí KIŠIB Šu-EN.LÍL DUMU Ma-nu-ki-A-šur","Seal of Manum, son of Kabiya, seal of Aššur-ṭāb, son of Šu-Ištar, seal of Ahušu, son of Aššur-idī, seal of Šu-Ellil, son of Mannu-kī-Aššur."
"5 ma-na KÙ.B. li-tám dam-qám i-ṣ[é-er Š]u-EN.LÍL DUMU Ma-nu-ki-A-šur Iš-[ma-A-šur DUMU] Hi-na-a i-šu","5 minas of good quality lītu-silver Šu-Ellil, son of Mannu-kī-Aššur, owes to Išme-Aššur, son of Hinnāya."
"i[š-tù ha-mu]š-tim ša Ku-lu-ma-a IT[U.KAM áb-ša-r]a-ni li-mu-um Sá-[ma-a a-na x ha-a]m-ša-tim","From the week of Kulumaya, month V, year eponymy of Samaya, he will pay within weeks;"
"i-[ša-qal šu]-ma lá iš-qúl ki-ma a-wa-at kà-ri-im 1½ GÍN.TA i-na ITU.KAM-im a-na 1 ma-na-im ṣí-ib-tám ú-ṣa-áb","if he does not pay he will add in accordance with the regulation of the colony an interest of 1½ shekel per month per mina."
"KIŠIB Puzur4-A-na DUMU I-dí-IŠKUR KIŠIB A-mur-A-šur DUMU A-šur-be-el-a-wa-tim KIŠIB [En-um-A-šur ŠEŠ-šu KIŠIB I-ku-pí-A-šur DUMU Hi-na-a","Seal of Puzur-Anna, son of Iddin-Adad, seal of Āmur-Aššur, son of Aššur-bēl-awātim, seal of Ennam-Aššur, his brother, seal of Ikūn-pī-Aššur, son of Hinnāya."
"5 GÚ URUDU ma-sí-am i-ṣé-er A-mur-A-šur DUMU A-šur-be-el-a-wa-tim <ù> En-um-A-šur a-hi-šu: Li-ip-i[t]-Ištar i-šu","5 talents of refined copper Āmur-Aššur, son of Aššur-bēl-awātim, <and> Ennam-Aššur, his brother, owe to Lipit-Ištar."
"a-na MU.5.ŠÈ i-ša-qú-lu","They will pay in 5 years;"
"šu-ma lá iš-qú-lu 1½ ma-na.TA i-na ITU.KAM-im ṣí-ib-tám ú-ṣú-bu","when they do not pay they will add 1½ mina per (talent) per month as interest."
"I-ku-pí-A-šur DUMU Hi-na-a qá-ta-tum","Ikūn-pī-Aššur, son of Hinnāya, is guarantor."
"ITU.KAM ṣi-ip-im li-mu-um Bu-zu-ta-[a]","Month VII, eponymy year of Buzutaya."
"KIŠIB Ištar-pá-li-il5 DUMU Šu-Ku-bi4-im KIŠIB Ni-mar-Ištar DUMU Ba-la KIŠIB A-bu-ša-lim DUMU Ì-lí-a-lúm","Seal of Ištar-pālil, son of Šu-Kūbum, seal of Nimar-Ištar, son of Bala, seal of Abu-šalim, son of Ilī-ālum."
"1/2 ma-na KÙ.B. ṣa-ru-pá-am i-ṣé-er Ištar-pá-li-il5 DUMU Šu-Ku-bi4-im DAM.GÀR-ru-um i-šu","½ mina of refined silver Ištar-pālil, son of Šu-Kūbum, owes to the creditor."
"iš-tù ha-muš-tim ša EN.LÍL-ba-ni ITU.KAM ṭí-i-na-tim 1 GÍN.TA i-na ITU.KAM a-na KÙ.B. a-nim ṣí-ib-tám ú-ṣa-áb","From the week-eponymy of Ellil-bāni, month X, he will add 1 shekel per month for this silver."
"li-mu-um Ha-na-na-ru-um","Eponymy of Hanna-nārum."
"KIŠIB Ištar-pá-li-il5 DUMU Šu-Ku-bi4-im KIŠIB A-šur-iš-ti-kal DUMU Hi-na-a KIŠIB A-lá-hi-im DUMU Sú-sà-a-a KIŠIB Puzur2-Ištar DUMU Šu-Ku-bi4-im KIŠIB Be-[lúm-ba]-ni DUMU Ga-zi-a KIŠIB Áb-ša-lim DAM A-lá-hi-im","Seal of Ištar-pālil, son of Šu-Kūbum, seal of Aššuriš-tikal, son of Hinnāya, seal of Ali-ahum, son of Susāya, seal of Puzur-Ištar, son of Šu-Kūbum, seal of Bēlum-bāni, son of Gaziya, seal of Ab-šalim, the wife of Ali-ahum."
"½ ma-na KÙ.B. ṣa-ru-pá-am i-ṣé-er Ištar-pá-li-il5 Áb-ša-lim DAM A-lá-hi-im ù DUMU-e A-lá-hi-im DAM.GÀR i-šu","½ mina of refined silver Ištar-pālil, Ab-šalim, the wife of Ali-ahum, and the sons of Ali-ahum owe to the creditor."
"iš-tù ha-mu-<uš>-tim ša Ha-na-a ITU.KAM kán-wa[r-ta 1]½ [GÍN.TA] ṣí-ib-tá[m i-na] ITU.KAM a-na [1 ma-na-im ú-ṣ]ú-bu","From the week-eponymy of Hanāya, month IX, they will add 1½ shekel as interest per month per mina."
"KÙ.B. [i-qá-qá-ad šál-m]ì-šu-nu ú ke-[ni-šu-nu ra-ki-i]s","The silver is bound on who is solvent and reliable."
"li-mu-um [Ha-na-na-ru]-um","Eponymy of Hanna-nārum."
"i-ša-ha-at Áb-ša-lim ú me-[er-e] A-lá-hi-im Be-[lúm-ba-ni] DUMU Ga-zi-a i-zi-iz","Bēlum-bāni, son of Gaziya, assisted Ab-šalim and the sons of Ali-ahum."
"ṭup-[pá- am] ša 24½ ma-na 5 GÍN AN.NA","A tablet of 24 minas and 35 shekels of tin,"
"15 GÍN KÙ.B. i-ṣé-er Ma-lá-wa-áš-he DAM.GÀR i-šu","15 shekels of silver Malawašhe owes to the creditor."
"iš-tú ha-muš-tim ša A-mur-A-šur [ITU.K]AM ša ke-na-tim [li-m]u-um [ša qá-ti I]-na-a [a-n]a ša-na-at ta-ša-qal","She will pay within a year, reckoning from the week eponymy of Amur-Aššur, month III, year eponymy of the successor of Innāya."
"šu-ma i-ma-lá u4-me-ša lá ta-áš-qú-ul ki-ma a-wa-at kà-ri-im ṣí-ib-tám tú-ṣa-áb","If she has not paid when her term is over she will add interest in accordance with the regulation of the colony."
"IGI I-dí-a-bi4-im","In the presence of Iddin-abum."
"16 GÍN KÙ.B. ṣa-ru-pá-am i-ṣé-er Puzur4-Ištar DAM.GÀR i-šu","16 shekels of refined silver Puzur-Ištar owes to the creditor."
"iš-tù ITU.KAM kà-an-wa-ar-ta li-mì-im A-ku-tim a-na ITU.5.KAM i-ša-qal","Reckoned from month X, eponymy year of Akūtum, he will pay within 5 months."
"šu-ma lá iš-qú-ul ki-ma a-wa-at kà-ri-im ṣí-ib-tám ú-ṣa-áb","If he does not pay he will add interest in accordance with the regulation of the colony."
"i-na 2 TÚG ku-ta-ni qá-tum ša DAM.GÀR ša-ak-na-at","The hand of the creditor rests on 2 kutānu-textiles."
"IGI E-nam-A-šur DUMU Ú-ṣa-ri-a IGI E-na-Sú-in DUMU En-nam-A-šur","In the presence of Ennam-Aššur, son of Uṣāriya, of Enna(m)-Suen, son of Ennam-Aššur"
"KIŠIB Ni-mar-Ištar DUMU Ba-lá KIŠIB En-um-A-šur DUMU I-dí-Sú-en6 KIŠIB En-um-A-šur DUMU E-lá-ma","Seal of Nimar-Ištar, son of Bala, seal of Ennam-Aššur, son of Iddin-Suen, seal of Ennam-Aššur, son of Elamma."
"[I-dí-Išta]r ù NIN.ŠUBUR-b[a]-ni [i-mí]-ig-ru-ma","and Ilabrat-bāni reached the following agreement:"
"É-tú ša Kà-ni-iš ù ú-tú-up-tum ša I-dí-Ištar NIN.ŠUBUR-ba-ni lá ṭá-hu","The house in Kanesh and its furniture belong to Iddin-Ištar, Ilabrat-bāni is not entitled to it."
"a-na hu-bu-ul a-bi-šu-nu ki-la-la-šu-nu-ma i-za-zu","Both together will take for their account the debt of their father."
"a-na qú-bu-ur Pu-zu-ur um-mì-šu-nu a-na gám-ri-im ù hu-bu-ul Pu-zu-ur um-mì-šu-nu I-dí-Ištar-ma i-za-az","The tomb of their mother Puzur and the expenses and debts of their mother Puzur are the responsibility of Iddin-Ištar."
"i-nu-mì ša i-na a-l[im] i-za-ku-ú-ni É-tú ša Kà-ni-iš lá i-ša-ku-nu","When the property in the city will be cleared, the house in Kanesh shall not be included."
"KIŠIB Ta-mu-[ri-a] <gap> KIŠIB Šar-bu-nu-a KIŠIB Re-e-ma KIŠIB Sú-la KIŠIB Šu-UTU KIŠIB Ga-na-be-li","Seal of Tamuriya, seal of Šarbunuwa, seal of Re'ema, seal of Sula, seal of Šu-Šamaš, seal of Ganabeli."
"⅓ ma-na LÁ 1 GÍN KÙ.B. ši-im am-tim Sú-la1 ù Ga-na-be-li","39 shekels of silver, the price of a slave-girl, Sula and Ganabeli have received."
"il5-qé-ú am-tám iš-ti Sú-la ù Ga-na-be-li Ga-za-zu iš-am-ší","Gazazu bought the slave-girl from Sula and Ganabeli."
"šu-ma ma-ma-an a-šu-mì am-tim a-na Ga-za-zu i-tù-a-ar Sú-la1 ù Ga-na-be-li ⅔ ma-na LÁ 1 GÍN KÙ.B. i-ša-qú-lu ù a-ma-sú","If anybody raises a claim against Gazazu because of the slave-girl, Sula and Ganabeli will pay 39 shekels of silver and then the slave-girl becomes his."
"8 1/6 GÍN KÙ.B. ši-im É-šu A-šùr-i-mi-tí a-na Sú-ub-ri-ga iš-qú-ul","8 1/6 shekels of silver, the price of his house, Aššur-imittī paid to Subriga."
"šu-ma ma-ma-an a-na É-im i-tù-wa-ar ⅓ ma-na 2½ GÍN KÙ.B. Sú-ub-ri-ga a-na A-šùr-i-mì-tí i-ša-qal","If anybody claims the house, Subriga will pay 22½ shekels of silver to Aššur-imittī."
"IGI Ú-ṣur-ša-A-šùr IGI Si-ki-le-i IGI IR","In the presence of Uṣur-ša-Aššur, of Sikile'i, and of Wardum."
"5/6 ma-na 6½ GÍN KÙ.B. ša Sú-hu-ur-pí-a-lá a-na Sú-e-ta-ta ha-bu-lu KÙ.B. A-al-DÙG iš-qú-ul","56½ shekels of silver, which Suhurpiyala owes to Suettata, that silver Āl-ṭāb has paid."
"A-al-DÙG i-lá-ak-ma né-mu-lu-um i-ta-áb-ší i-né-mì-li-im i-lá-qé","Suhurpiyala will make a business trip and if there is profit, he will take it (the silver) from the profit."
"šu-ma né-mu-lu-um lá-šu KÙ.B. ù ṣí-ba-sú A-li-a ù Ha-ar-ša a-na A-al-DÙG i-ša-qú-lu","If there is no profit Aliya and Harša will pay the silver and the interest on it to Āl-ṭāb."
"IGI Ši-il5-ma-šu IGI Šu-pu-nu-ma-an","In the presence of Šilmašu, of Šuppunuman."
"3 ANŠE.HI.A šu-ma ší-im-tí ú-ta-e-ru-nim 1½ ma-na KÙ.B. A-al-DÙG i-ša-qal","As for 3 donkeys, if they bring back the number I had fixed, Āl-ṭāb will pay 1½ mina of silver."
"šu-ma ší-im-ti ANŠE lá ú-ta-e-<ru>-nim 2 ma-na KÙ.B. Ba-ba-ší-ba ù Šu-pì-ah-šu i-ša-qú-lu","If they do not bring back the number of donkeys I had fixed Babašiba and Šuppiaḫšu will pay 2 minas of silver."
"IGI Du-du-li GAL ma-hi-ri-im IGI Šu-pì-ah-šu","In the presence of Duduli, head of the market, of Šuppiaḫšu."
"šu-ma ANŠE ší-im-tí lá ú-ta-e-ru-ni 2 ma-na KÙ.B. Ba-ba-ší-ba ù Šu-pì-ah-šu i-ša-qú-lu","If they do not bring back the number of donkeys I had fixed Babašiba and Šuppiaḫšu will pay 2 minas of silver."
"KIŠIB Du-d[u]-li GAL ma-hi-ri-im KIŠIB Šu-pì-ah-šu KIŠIB Lu-hu-du-ma-an KIŠIB Šu-pì-ah-šu KIŠIB Ba-ba-ší-ba","Seal of Duduli, head of the market, seal of Šuppiaḫšu, seal of Luhuduman, seal of Šuppiaḫšu, seal of Babašiba."
"š[a 3 ANŠE] ší-im-<tí> Ba-ba-ší-ba ù Šu-pì-ah-šu ú-ta-ru-ni-ni-ma 2 ma-na KÙ.[B.] A-al-DÙG i-ša-qú-lu-ni","To the effect that Babašiba and Šuppiaḫšu will bring back to me the number I had fixed, and that Āl-ṭāb then will pay 2 minas of silver."
"a-na 8 ma-na KÙ.B. ṣa-ru-pí-im Ì-dí-ba-ni Ì-li-a-lúm ù Mí-šu-ra-bi ú-kà-nam a-na-ku ù Ì-dí-ba-ni mì-iš-lá","For 8 minas of refined silver Idi-bāni shall confirm for me Ilī-ālum and Mīšur-rabi('s liability), (that) I and Idi-bāni are each (entitled (to) half the amount."
"ú ṭup-pu-šu ha-ar-ma-am i-da-nam ša KÙ.B. 8 ma-na: ha-bu-lu","Moreover, he shall give me a valid record of his stating that he owes 8 minas of silver."
"šu-ma lá uk-ta-i-na-šu-<mu> ú ṭup-pu-šu ha-ar-ma-am lá i-ta-a[d]-nam a-na mu-nu-a-tí-a a-na 4 ma-na KÙ.B Ì-dí-ba-ni Puzur4-A-šur i-šé-e","Should he fail to confirm them and also to give me his valid record, (then) Idi-bāni shall sue Puzur-Aššur for my computed share, for 4 minas of silver."
"IGI Šu-EN.<LIL> IGI Šu-ki-tím IGI A-mur-Ištar IGI Šu-Be-lúm","In the presence of Šu-El<lil>, of Šuk(k)utum, of Amur-Ištar, and of Šu-Bēlum."
"22 ma-na URUDU i-ṣé-er A-al-DÙG ša Tù-úh-pí-a A-al-DÙG DUMU A-šùr-DÙG i-šu","22 minas of copper Āl-ṭāb from Tuhpiya owes to Āl-ṭāb, son of Aššur-ṭāb."
"IGI IŠKUR-ba-ni Lá-qé-ep URUDU a-na Mí-šu-GAL iš-[qú-ul]","In the presence of Adad-bāni La-qēp paid the copper to Mīšur-rabi."
"KIŠIB A-zu-a DUMU Sú-kà-lim KIŠIB En-na-ni-a DUMU I-zi-za-am-ì-lí KIŠIB En-nam-Aš-šùr DUMU A-al-DÙG","Seal of Azua, son of Sukkallum, seal of Ennāniya, son of Izzizam-ilī, seal of Ennam-Aššur, son of Āl-ṭāb."
"ša 20 ma-na URUDU ša A-al-DÙG DUMU A-šùr-DÙG a-na A-al-DÙG DUMU Amur-A-šur ha-bu-lu-ni šu-ma A-al-DÙG DUMU Amur-A-šur ša-bu ša 12 1/6 GÍN KÙ.B.-im 1 ma-na-um ½ ma-na KÙ.B. En-nam-A-šur DUMU A-al-DÙG <a-na A-al-DÙG> DUMU A-šùr-DÙG i-ša-qal","That as for the 20 minas of copper, which Āl-ṭāb, son of Aššur-ṭāb, owes to Āl-ṭāb, son of Amur-Aššur, if Āl-ṭāb, son of Amur-Aššur, has already Ennam-Aššur, son of Āl-ṭāb, will pay on 12 1/6 shekels of silver ½ mina per mina to Āl-ṭāb, son of Aššur-ṭāb."
"KIŠIB Šu-mì-a-bi-a DUMU Zu-zu-ú KIŠIB Lá-ba-na-da DUMU I-dí-Sú-in KIŠIB A-šùr-DÙG DUMU E-na-ma-nim","Seal of Šumi-abiya, son of ZuzŪ, seal of Labān-nādā, son of Iddin-Suen, seal of Aššur-ṭāb, son of Ennamānum."
"1 GÚ AN.NA ku-nu-ki ša a-lim i-ṣé-er A-šùr-DÙG A-hu-qar i-šu","1 talent of tin with seals of the city, Aššur-ṭāb owes to Ahu-waqar."
"i-tù-a-ar DINGIR-šu-GAL ṣú-ha-ri-im ša A-šur-DÙG iš-tù a-lim [i-na] ri-i-iš AN.NA 5 GÚ URUDU SIG5 ma-s[i-am] ša-bu'-ra-am a-na A-šùr-DÙG A-hu-qar i-ša-[qal] 1 GÚ AN.NA-ak-šu A-hu-qar i-lá-qé","When Ilšu-rabi, the servant of Aššur-ṭāb, returns from the city, immediately when (he receives) the tin, 5 talents of refined copper of good quality, in pieces, Ahu-waqar will pay to Aššur-ṭāb (and) Ahu-waqar will get his 1 talent of tin."
"[e/né]-ta-wu: um-ma","discussed."
"A-šùr-UTU-ma a-ma A-šùr-i-mì-tí: i-na [š]a-ha-tí-kà li-zi-iz-ma [a-ša] É.GAL-lúm i-na [ṣé]-ri-kà i-lá-qé-ú a-na-ku: a-za-za-am","Aššur-šamšī said: Now then, let Aššur-imittī assist you and the palace will take at your expense I myself will accept responsibility."
"KIŠIB A-šùr-ṣú-lu-li DUMU Šu-Lá-ba-an KIŠIB A-šùr-ma-lik DUMU Šu-Lá-ba-an","Seal of Aššur-ṣululī, son of Šu-Labān, seal of Aššur-mālik, son of Šu-Labān."
"tup-pu-um a-ni-um ša ma-mì-it Ku-ra DUMU A-šùr-ma-lik","This tablet contains the oath by Kura, son of Aššur-mālik."
"a-na Mar-KU-tí DUMU Da-dí-a DUMU I-la-a-a-a i-na Za-al-pá iš-tù ITU.KAM ku-zal-li li-mu-um Kà-pá-tí-a um-ma a-na-ku-ma tup-pu-um ša ½ ma-na KÙ.B. ša hu-bu-ul a-bi-kà i-Kà-né-eš [i-l]i-[a]-am","I said to MarKuti, son of Dadiya, son of Ilāya, in Zalpa, at the end of month XI of the eponymy year of Kapatiya: A tablet of ½ mina of silver, being the debt of your father, has turned up in Kanesh."
"a-re-eš15 [tup-pí-im] ša hu-bu-ul: [a-bi-kà ku]-nu-uk a-bi-kà a-mu-ur-ma ù KÙ.B. ù ṣí-ba-sú šu-qú-ul","Inspect the seal of your father at the top of your father's debt-note and then pay the silver and the interest on it."
"um-ma šu-ut-ma šu-ma-BA tup-pá-am ša hu-bu-ul a-bi-a tù-kà-al ku-nu-uk a-bi-a a-ma-ar-ma mi-nam a-qà-bi4 a-ša-qal hu-bu-ul a-bi4-a","He answered: If you really have in your possession a debt-note with the seal of my father I will inspect it and - how could I protest? - I will pay, (for) it is my father's debt."
"IGI E-lá-li DUMU A-šùr-en-nam ša É Gal-da-a IGI A-mu-ú-a DUMU Ha-am-ha-am-tim IGI A-da-da-a DUMU A-bi4-a DUMU Be-be-e","In the presence of Elālī, son of Aššur-ennam, of the house of Galdaya, of Amua, son of Hamhamtum, of Adadaya, son of Abiya, son of Bebē."
"um-ma kà-ru-um Kà-ni-iš-ma a-na a-li-ki qí-bi-ma a-na-kam Sú-in-SIG5 im-hu-ur-ni-a-tí-ma um-ma šu-ut-ma Li-ip-ta-num DUMU Qar-da-a ú-ta-ra-am a-na ta-ú-rí-šu ma-aṣ-a-ku","Thus the Kanesh colony, say to the travelers: Here Suen-damiq has appealed to us and he said: I want Liptānum, son of Qardaya, to be brought back; I take responsibility for bringing him back."
"DÙG-ṣí-lá-A-šùr ší-pár-ni","Ṭāb-ṣilli-Aššur is our messenger."
"iš-tí DÙG-ṣí-lá-A-šùr li-tu-ra-am","He must come back with Ṭāb-ṣilli-Aššur."
"a-tù-nu lu e-mu-uq<-šu>","You must be his executive force."
"DÙG-ṣí-lá-A-šùr si-ki-i Šu-Sú-in iṣ-ba-at-ma um-ma Šu-Sú-en-ma a-na mi-nim tù-kà-la-ni um-ma DÙG-ṣí-lá-A-šùr-<-ma> a-na gam-ri-im ú-kà-al-kà","Ṭāb-ṣilli-Aššur seized Šu-Suen by his hem whereupon Šu-Suen said: Why are you holding me? Ṭāb-ṣilli-Aššur answered: For the expenses I hold you!"
"um-ma Šu-Sú-in-ma ša ni-iš a-lim ta-mu-ú lu ú-kà-al ki-ma mì-ma lá ha-bu-lá-ak-šu-ni-ma ú-<kà>-li-ni","Šu-Suen declared: I surely retain what is stated with an oath by the city, that he holds me although I do not owe him anything!"
"IGI En-na-Sú-in DUMU A-šùr-DÙG IGI A-bu-ša-lim DUMU A-šùr-be-el-a-wa-tim","In the presence of Ennam-Suen, son of Aššur-ṭāb, of Abu-šalim, son of Aššur-bēl-awātim."
"KIŠIB A-ta-tí-a DUMU En-na-nim KIŠIB A-hu-wa-qar DUMU A-šùr-SIPAD KIŠIB A-mur-A-šur DUMU Šu-Iš-ha-ra KIŠIB A-šùr-UTU DUMU Ili5-ba-ni ša A-al-DÙG a-na A-mur-A-šùr iṣ-bu-tù-ni-a-tí","Seal of Atatiya, son of Ennānim, seal of Ahu-waqar, son of Aššur-rē'ī, seal of Amur-Aššur, son of Šu-Išhara, seal of Aššur-šamšī, son of Ilī-bāni, to the effect that Āl-ṭāb seized us against Amur-Aššur."
"um-ma A-al-DÙG-ma a-na A-mur-A-šùr-ma KÙ.B. a-ta ú Šu-Ištar qá-tám mì-iš-la i-na ša ip-ṭí-ri-i ša-qá-lá-am la qá-bi4-a-tù-nu","Āl-ṭāb said to Amur-Aššur: Have you and Šu-Ištar not promised to pay silver, each as his share half of what was the ransom?"
"um-ma A-mur-A-šùr-ma ke-na: qá-bi4-a-ni ú i-na né-me-lim ša-li-iš-tám áš-du-na-kà i-zu-a-az ú a-na i-bi4-sà-e ša-li-iš-tám i-za-az","Amur-Aššur answered: Yes, we have promised it and also that he (each?) would get a one-third share of the profit, as <gap> and also would take for his account one third of the losses."
"Be-lá-nu-um a-na Li-ip-it-Ištar DUMU Lá-li-im iṣ-ba-at-ni-a-tí-ma um-ma Be-la1-nu-um-ma a-na Li-ip-it-Ištar-ma 1½ ma-na KÙ.B. iš-tù ha-muš-tim ša Šu-Ištar DUMU A-šùr-ba-ni a-na 6 ha-am-ša-tim ta-ša-qá-lam","Bēlānum seized us against Lipit-Ištar, son of Lalum, and Bēlānum said to Lipit-Ištar: You will pay me 1½ mina of silver within 6 weeks reckoned from the week eponymy of Šu-Ištar, son of Aššur-bāni."
"šu-ma lá ta-áš-qú-lam ⅔ GÍN 15 ŠE.TA a-na 1 ma-na-im i-na ITI.KAM-im ṣí-ib-tám","If you have not paid me you will add for me an interest of ¾ shekel per mina per month."
"tù-ṣa-ba-am um-ma Li-ip-it-Ištar-ma ú-ṣa-ba-ku-um","Lipit-Ištar answered: I will add it for you."
"ITU.KAM Qá-ra-tim li-mu-um En-na-Sú-in DUMU Šu-Ištar a-na a-wa-tim a-ni-a-tim kà-ru-um Hu-ra-ma i-dí-ni-a-tí-ma IGI GÍR ša A-šùr ší-bu-tí-ni ni-dí-in","Month VIII, year eponymy of Ennam-Suen, son of Šu-Ištar. For these words the Hurama colony made us available and before Aššur's dagger we gave our testimony."
"IGI Šu-zu-zu DUMU A-šùr-SIPAD IGI En-um-A-šùr DUMU E-lá-ma","In the presence of Šuzuzu, son of Aššur-rē'ī, of Ennam-Aššur, son of Elamma."
"ṣ[ú-ha]-ru-[ú]: A-[sà-nim] ša É Ás-qú-dim ú Pi-lá-ah-Ištar: DUMU E-lá-ma ha-ra-nam iš-té-ni-iš i-li-ku-nim-ma i-na Hu-ra-ma a-na É Ku-bi-a iš-té-ni-iš e-ru-bu-ma ni-[is-ha]-tí-šu-nu É.GAL-lúm: iš-té-ni-iš i-sú-ùh","The servants of Asānum, who belongs to the house of Asqūdum, and Pilah-Ištar, son of Elamma, together went on a business trip and in Hurama they together entered Kubiya's house and the palace levied the import-tax from them together."
"i-na wa-ar-ki-tim lu-qú-tum i-ṣí-bi-it-ma lu-qú-tám ša A-sà-nim É.GAL-lúm i-ta-ba-al","Afterwards merchandise was seized and the palace took away Asānum's merchandise."
"AN.NA ša Pi-lá-ah-Ištar É Ku-bi-a ú-pá-zi-ru-ma i-na É ub-ri iš-lim-[ma] Be-lá-num i-li-kam-ma ki-ma Pi-lá-ah-Ištar im-ṣí-ma AN.NA il5-qé: Ku-bi4-a a-na Bé-lá-nim DUMU Šu-A-šùr AN.NA ip-qí-id","The tin that Pilah-Ištar had hidden in Kubiya's house, was saved in the lodging and when Bēlānum came he claimed the right to take the tin in Pilah-Ištar's name and Kubiya entrusted the tin to Bēlānum, the son of Šu-Aššur."
"um-ma Bé-lá-num-ma [ma]-ṣa-ku","Bēlānum declared: I take the responsibility!"
"a-ma-lá ṭup-[pí-im] [š]a A-lim: kà-ru-um Hu-ra-ma ṣa-he-er GAL i-dí-ni-a-tí-ma IGI GÍR ša A-šùr ší-bu-tí-ni ni-dí-in","In accordance with the tablet of the City the plenary Hurama colony made us available and we gave our testimony before Aššur's dagger."
"IGI A-šùr-ša-du-í-lí IGI Ir-ma-A-šùr DUMU A-šùr-ma-lik IGI [A-bu]-ša-lim DUMU Šu-Ištar","Witnessed by Aššur-šadu-ilī, by Ir'am-Aššur, son of Aššur-mālik, and by Abu-šalim, son of Šu-Ištar."
"ba-áb ha-ra-ni-[šu] ša A-šùr-na-[d]a A-šùr-na-da DU[MU] Ah-ša-l[im] ù A-bi4-ì-lí ni-kà-sí i-sí-ú-ma iš-tù a-lim i-na e-lá-i-šu 15 ma-na AN.NA A-šùr-na-da: a-na A-bi4-ì-lí i-da-an-ma 2 ma-na KÙ.B. ú-l[á i]-ba-ta-aq-šum ra x x i-na li-bi4: A-bi4-ì-lí A-šùr-na-da ú-lá i-šu-ú","When Aššur-nādā was about to leave on a journey Aššur-nādā, son of Ah-šalim, and Abī-ilī settled accounts as follows: When he comes up from the City Aššur-nādā will give 15 minas of tin to Abī-ilī, who will pay him not less than 2 minas of silver and then Abī-ilī does not owe anything to Aššur-nādā."
"IGI En-na-Sú-in DUMU A-šùr-DÙG","In the presence of Ennam-Suen, son of Aššur-ṭāb."
"a-na a-wa-tim a-ni-a-tim kà-ru-um Wa-ah-šu-ša-na i-dí-ni-a-tí-ma IGI GÍR ša A-šùr tup-pá-am ša ší-bu-tí-a a-dí-in","For these words the Wahšušana colony gave us and before Aššur's dagger I gave the tablet with my testimony."
"Ṣí-li-Ištar tap-pá-i","Ṣilli-Ištar was my fellow witness."
"x <gap> i-na <gap> i-lu-ku-[ni] <gap> a-ša-a-ma [i-na] pá-ni-ú-ti-m[a] a-ṭá-ra-da-ku-[nu]-tí","<gap> in comes I will buy and send (him) to you with the first opportunity."
"<gap> 1 ma-n[a] <gap> [li-it-ru-nim] ki-m[a] <gap> ½ GÍN KÙ.B. a-na a-lim ša-ak-šu-di wa-ar-ki-a qá-bi4-a-tí","<gap> 1 mina <gap> let them take along(?) <gap> You have been ordered after my departure to forward ½ shekels of silver to me in the city."
"šu-ma wa-ar-ki-tí a-na a-lim lá tù-ša-ak-ší-di 1 ma-na-um ⅔ ma-na [i-na a-lim] ta-ša-qá-lam","If after my departure you do not forward it to me in the city you will pay me in the city ⅔ mina per mina (extra)."
"a-hi a-ta KÙ.B. a-na É-a-ba-áš-tí šu-qú-ul-ma wa-ar-ki-tí a-na a-lim ša-ak-ší-di","Please, my brother, pay the silver to Ea-bāštī and see to it that it catches up with me in the city."
"lu-mu-un li-bi4-im a-ra-ší-a-ku-um a-wa-tim ša ta-ta-wu-ni [la1]-ší-na-ma","I could get angry with you, (for) the words you spoke are improper!"
"KÙ.B. a-na [É]-a-ba-áš-tí šu-qú-ul-ma [lu a]t-hu-a-ni","Pay the silver to Ea-bāštī and let us stay brothers!"
"a-na-ku dam-qá-tim a-šé-e-a-kum a-ta lam-ni-iš té-pu-uš-<a>-ni x ta-ṣa-ba-at ú i-a-tí [b]e-lí: ki-ma NINDA e-kà-lá-ni","While I am bent on doing what is good for you, you have treated me badly and you have seized <gap> As for me, my lord is consuming me like bread."
"[k]i-ma a-ma-kam tù-ša-hi-zi-ni [u]m-ma a-ta-ma ší-im am-tim a-na me-er-i-a lá ta-di-ni a-na ší-a-tí a-na me-er-i-kà lá a-dí-ší","As you instructed me there, saying: You must not give the price of the slave-girl to my son!, for that reason I have not given her to your son."
"ší-im URUDU ù KÙ.B. ba-áb-tám [š]a nu-a-am [ú]-ša-zi-za-ku-ni šé-bi4-lam-ma ù šu-up-ra-am-ma a-ma-at-kà a-ša ki-ma ku-a-tí lá-dí-in","Send me the price of the copper and the outstanding silver for which I made the native responsible to you and send me a message then I will give your slave-girl to your representative."
"a-be-ú-lá-tí-šu lá i-da-ra-kam lá ta-ga-ra-šu","(If) for his working capital he does not do the packing you (plur.) must not hire him."
"i-nu-mì lu-qú-tám ta-pá-qí-da-ni a-na a-wi-lim sà-rí-im ša ki-ma A-šùr-lá-ma-sí","When you entrust merchandise (for transport). (must it be) to a perfidious men, who replaces/represents Aššur-lamassī?"
"i-na maš-kà-tí-a ší-ma-am ša A-ki-di-e ša 1 ma-na [KÙ] ša-ma-nim","Buy from my funds Akkadian textiles for a value of 1 mina of silver?"
"kà-ṣa-ra-am i-nu-mì ta-ga-ra-ni šu-ma 3 TÚG SIG5 ú ma-na-a lá ta-pá-qi-da a","As for a harnesser, when you are hiring one, (even) when it concerns (only) 3 textiles of fine quality and for (a value of) a mina, do not entrust them to <gap>"
"a-[ba-ú]-[a] be-l[u-a] a-tù-nu li-ba-a[k-n]u i-dé: šu-[x] <gap> ú-la ni-iš-p[u] <gap> kà-ša-di-im <gap> ni-ta-na-ga-ag","please my fathers, my lords, you know very well that <gap> (therefore) we did not send? <gap> reach <gap> we keep flaring up in anger."
"šu-ma li-bi-ku-nu x ša ri-a-ṣí-im ri-ṣa ú ku-uk-ri-ni-am r[u]-ba-am lu nu-ta-mi-[ma] qá-at-ni: lu-kà-il5-šu","If you so wish, provide all the help you can and we will make the man of Kukrin, the ruler, swear the oath so that we can control him."
"ú ša ta-ba-na-bi-im šu-ut-ma: i-kà-ša-ad","Also, what concerns <gap>, it is him who can achieve it."
"al-at Ha-na-na-rí-im i-na Bu-ru-dim e-tí-iq-ma iš-tù Bu-ru-dim iš-pu-ra-ma um-ma šu-ut-ma É.GAL-lùm a-šu-mì ša-du-e-<tí>-im ú-ma-sà-ha-ni: it-q[á]-ni-[im] <gap> <gap>-ku-na-e: iš-ta-ak-mu <gap> i-na e-ṣí-im <gap> ta-na-e a-li-ku-um <gap> x i-BA-KI-ni-a-tí","The caravan? of Hanna-nārum has traveled on from Buruddum and from Buruddum he wrote me as follows: The palace because of the šaddu'utu-tax is maltreating me, proceed <gap> they have placed <gap> with wood <gap> a traveler <gap> us."
"a-[na x x x q]í-bi4-ma [um-ma] IŠKUR-DÙL-ma a-na-kam-ma ú-na-hi-id-kà um-ma a-na-ku-ma šu-ma mì-ma pá-zu-ur-tí x x lá e-ru-ba-am na-áš-pá-ar-ta-kà a-na A-šùr-na-da li-li-ik","Say to thus Adad-ṣulūlī: Here I instructed you, saying: If any of the smuggled goods of <gap> has not arrived, you must send a message to Aššur-nādā."
"2 GÚ AN.NA 10 TÚG dam-qú-tim a-na ṣé-ri-kà lu-šé-bi-lam-ma iš-tí pá-zu-ur-tim ša Puzur4-A-šùr pá-ze-er-ší","Two talents of tin (and) 10 textiles of fine quality he must send to you and you must smuggle them together with the smuggled goods of Puzur-Aššur."
"ZU-UT-re dam-qú-tim šé-bi-lam","Send me <gap> of good quality!"
"[um-ma <gap>-ma] [a-na <gap>-A-š]ùr [ù Š]u-ma-bi-a-ma [qi-bi-m]a a-ba-ú-a [a-tù-nu] be-lu-a a-tù-nu [ih-d]a-ma i-na UTU [š]a Šu-ma-bi-a e-ra-ba-ni [t]a-ma-la-ke-a pí-tí-a-ma [tu]p-pá-am ša Zu-ba [a]-na Šu-ma-bi-a [pí]-iq-dá-ma lu-šé-tí-qá-am","s-Aššur Šumi-abiya: Please, my fathers, my lords, take care to open, the very day Šumi-abiya arrives, my tablet boxes and entrust the tablet of Zuba to Šumi-abiya to bring it across."
"ù i-na ṭup-pí-im pá-qá-dí-im ṭup-pu-um a-šu-mì Zu-ba GÁN-lam le-tí-qá-am","And when you entrust the tablet (declare) that the tablet has to go overland in the name of Zuba."
"a-dí a-ni-tim iš-tù ša-na-at sá-ah-ra-ku-ma a-na a-lím [a-lá-ka]m lá a-le","Because of this I am staying here now for a year and I could not go to the City."
"a-wi-lu-um <gap> wa-ar-kà-at <gap> [a]-na qá-té <gap> [Šu-m]a-bi4-a <gap> [l]i-dí-na-a[m] <gap>","The man <gap> after <gap> to the hands of <gap> Šumi-abiya <gap> he must give to me <gap>"
"a-na Ú-na-áp-šé qí-bi4-ma um-ma Áb-du-a-ta-ma Šu-A-nu[m] <gap> ša <gap> ša a-ki-ri <gap> KÙ.B.-pí-šu ša ba-áb-tim ša i-Ma-ma NÌ.KA-sé ta-sí-a-ni","Say to Unapše, this is what Abduata says: Šu-Anum <gap> who <gap> of his silver of outstanding claims, about which you settled accounts for me in Mamma."
"TÚG.HI.A a-ha-ma a-ša iq-bi4-a-ku-ni šé/i-s/ṣí-ma TÚG.HI.A a-ší-mì-im lu ni-dí-šu-nu-ma","Separately, call for / obtain the textiles according to what he promised you, so that we can sell the textiles."
"ú KÙ.B.-pí ku-ta-ni iš-tù ta-ṣí-ru-šu pu-šu ší(IŠ)-me-ma šu-ma iš-tí-kà a-na a-hu-tim ta-šé-e-šu mì-ma a-wa-tám ša i-pì-šu ta-ša-me-ú SIG5.SIG5-ma i-ṭù-pì-im lu-up-ta-ma i-[n]a pu-úz-ri-im šé-bi4-lá-am","And also, as concerns my silver for the kutāmu-textiles, after you have fixed the price for him, listen to what he has to say and if you aim at him establishing brotherhood with you, then write every word your hear from his mouth, if it is positive / carefully for me on a tablet and send it me secretly."
"um-ma Ab-du-ma šu-m[a] a-bi4 a-ta a-le-e a-wi-lá-am ga-ma-lá-am mì-ma ša ta-ša-pá-ra-ni [l]e-pu-uš","Abdu says/said: Please, my father, I can do a man a favor, I will do whatever you will write me."
"a-ma-kam a-na a-wa-tí-a i-zi-iz-ma lu ga-am-lá-ku","Over there, stand up for my case and let me enjoy (your) favor!"
"tup-pá-am a-na DUB.SAR ša šu-bi4-ri-a-ta-am i-ša-me-ú dí-ma li-iš-ta-sí","The tablet you must give to a scribe who understands Šubarian so that he can read it."
"a-na Šu-A-šùr Ma-nu-kà-a-bi4-a ù I-lí-[pì-ú-ṣur] qí-bi-ma um-ma A-bu-ša-lim 1 ma-na KÙ.B. ù 4½ [GÍN] GUŠKIN ma-li-[a-am] Ma-[nu-kà]-bi4-a na-áš-a-ku-nu-tí","To Šu-Aššur, Mannu-kī-abiya and Ilī-pī-uṣur, say, thus Abu-šalim: 1 mina of silver and 4½ shekels of full quality? gold Mannu-kī-abiya is bringing to you."
"a-h[u]-ú-a a-[tù-nu] i-na ša-am-[ší-im-ma] Ma-[nu-kà]-bi4-a e-[ra-ba]-ni pí-ri-kà-ni ša-ma-nim-ma iš-tí pá-nim-ma šé-bi-lá-nim","Please, my brothers, buy on the very day Mannu-kī-abiya arrives in town pirikannu-textiles and send them to me with the first opportunity."
"a-na Šu-A-šùr qí-bi-ma ší-im GUŠKIN me-eh-ra-tim i-dí-ma pí-ri-kà-ni ša-ma-nim","Say to Šu-Anum: Make the equivalent of the yield of the gold available by buying pirikannu-textiles for me."
"a-ta i-na ší-im GUŠKIN KÙ.B.-áp-kà le-qé","You yourself must take your silver from the yield of the gold."
"gi4-mì-lam i-ṣé-ri-a šu-ku-un ù a-na-ku ga-ma-al-kà","Do me this favor and (know that) I too can do you a favor!"
"[a]-le-e šu-ma am-tum <gap> té-ri-iš-kà [di]-ší-ma ù té-er-ta-kà [l]i-li-kà-ma KÙ.B. lu-šé-bi4-lá-kum","If the maid asks <gap> from you, give it her and let a report from you come here then I will send you the silver (for it)."
"a-na Šu-A-šùr ù Du-ma-na qí-bí-ma um-ma I-ku-pí-a-ma [2] TÚG tí-sà-bu ša A-al-[DÙG] [x] ni-ib-ra-ru SIG5 [x] ší-it-ru [ŠÀ].BA 1 TÚG ší-it-ru-um [š]a ik-ri-bi [š]a Sú-in ú UTU [Du]-ma-na [na-á]š-a-ku-u[m] a-hi a-ta i-na ša-ha-at Du-ma-na i-zi-iz-ma iš-tí na ku-sú-[x] lu-ša-[ri-ID/DA-x] i-hi-id-ma i-n[a] ší-mì-šu-nu KÙ.B. [SIG5] DIRI e-pu-uš","To Šu-Aššur and Dumana say, thus Ikūn-pīya: 2 tisābu-textiles of Āl-ṭāb nibrāru of good quality, scarfs, one of which belongs to temple-funds of (the gods) Suen and Šamaš, Dumana is bringing you Please, my brother, assist Dumana and <gap> let him <gap> and take care to get as payment for them silver of extra good quality."
"a-dí sà-ah-ra-ku KÙ.B. li-im-qú-tá-am","The silver must arrive with me while I am staying here."
"a-hi a-ta ší-im ší-it-re ša ik-ri-bi [iš-tí] a-li-ki-im pá-ni-[ma] šé-bi-lam","Please, my brother, send me the price that the scarfs of the temple-fund yield with the first caravan."
"um-ma [Puzur4]-A-na ù A-šùr-ra-bi-ma a-na Šu-Be-lim qí-bi-ma ki-ma a-ta ta-ta-al-ku wa-ar-ki-<kà>-ma 1½ ma-na 3 GÍN KÙ.KI pá-šál-lam SIG5 a-ni-qí ša ta-mu-ru A-šùr-ma-lik DUMU Èr-ra-a ù IŠKUR-ṣú-lu-li a-šé-ri-kà a-na Kà-ni-iš i-tab-ku","Thus Puzur-Anna and Aššur-rabi, say to Šu-Bēlum: As soon as you had gone, after your departure, the 1 mina 23 shekels of fine quality pašallu-gold in the shape of rings, which you had spotted, Aššur-mālik, son of Erraya, and Adad-ṣulūlī have shipped to you, to Kanesh."
"[1/3] ma-na 2 G[ÍN] [KÙ. KI] a-šu-mi-[šu-nu] I-tur4-DINGIR tal-qe","In their name Itūr-ilī took mina 2 shekels of."
"É kà-ri-im a-na ta-ú-ri-kà i-zi-zu-ma ni-im-hu-ur-šu-nu-ma 18 GÍN KÙ.B. ša-du-a-at-kà ni-dí","When the colonial office took steps to make you come back, we appealed to them and deposited 18 shekels of silver, the šaddu'tu-tax you owe."
"8 GÍN.TA 13 ½ GÍN KÙ.GI ší-im KÙ.KI 1½ ma-na 6 ½ GÍN KÙ.GI-ṣí: ù ší-tí KÙ.GI-ṣí-kà ⅔ ma-na 5½ GÍN KÙ.GI pá-ša-lum iš-tí A-šùr-ra-bi i-ba-ší","13½ shekels of gold at a rate of 8 shekels to 1 (yields) as price of the gold 1 mina 36½ shekels (of silver), It is my gold and the rest of your gold, 45½ shekels of pašallu-gold, is with Aššur-rabi."
"[a-na-kam] šu-ul-mu-um i-ba-ší","Peace reigns here."
"[x x]-GA šu-up-ra am-ma [x x x]-a-šu a-Kà-ni-iš lu-bi4-il5 ú-ul a-mi-ša-am lu-šé-bi4-lá-kum","Write to <gap>, that he may bring his <gap> to Kanesh or send it to you over there."
"30 ma-na AN.NA a-na I-tur4-DINGIR mi-ma lá tù-šé-","By no means send 30 minas of tin to Itūr-ilī!"
"Ha-nu ù UTU-ba-ni iz-ku-ú-ma um-ma UTU-ba-ni-ma a-na Ha-nu 4 ma-na ù 10 GÍN ša a-na DAM.GÀR [h]a-bu-lá-ni-ni mì-ma i-na [l]i-bi4-a lá-šu","Hanu and Šamaš-bāni cleared accounts and Šamaš-bāni said to Hanu: As for the 4 minas and 10 shekels we owe to the creditor, I do not owe (him) anything."
"tám-kà-ra-am [ša]-bi-ma ṭup-pì-ni [šé]-ṣí-ma a-dí ni-na-mu-ru [i-na x x]-tí-ma","Satisfy the creditor and obtain our debt-note and until we meet it must remain in <gap>"
"<gap> [li]-ib-ší <um>-ma Ha-nu-ma [a-n]a UTU-ba-ni-ma [x x] a-ma-tim ša ba-re-ni [ki-m]a a-na Zu-ku-a ⅔ ma-na [K]Ù.B. ha-bu-lá-ni-ni [x] x a-ma-tim dí-in-ma KÙ.B. ša-bi4-ma ṭup-pì-ni šé-ṣí-ma li-dí-ma qá-tám ½ ma-na li-dí-in","Hanu answered Šamaš-bāni: slave-girls, our joint property, since we owe to Zukua ⅔ mina of silver, sell <gap> the slave-girls and pay the silver, obtain our debt-note and let him deposit it and give ½? mina as share."
"ki-iš-da-tí-a a-ša ki-ma i-a-tí dí-in","What accrues to me you must give to my representatives."
"šu-ma [x] ku-ta-ni ta x AK ša ki-ma i-a-tí li-dí-nu-ni-kum","If kutānu-textiles, let my representatives give them to you."
"I[GI] A-lá-[hi-im]","In the presence of Ali-ahum."
"a-na LUGAL-Sú-in qí-bi4-ma um-ma A-šùr-GAL-ma TÚG pá-ra-kà-nu-kà ú ší-tí Ì.GIŠ a-na-kam a-dí-ni(IN): i-ba-ší-ú","Say to Šarra-Suen, thus says Aššur-rabi: Your parakannu-textiles and and the rest of the oil are still available here."
"ša ki-ma ša-zu-za-tí-kà a-mi-ša-am i-ta-al-ku-nim","Your representatives have left to go there."
"a-na-kam ni-ki-iš-tum10 ša kà-ri-im ša ki-ma a-na nu-a-im: mì-ma ší-mì-im ma-ma-an lá i-du-nu:","Here a decision by the colony is in force that nobody shall sell anything at all to the Anatolian."
"⅓ ma-na 1 GÍN KÙ.B. ku-nu-ki-ni: DÙG-ṣí-lá-A-šùr na-áš-a-kum","Ṭāb-ṣilli-Aššur is on his way to you with 21 shekels of silver."
"a-hi a-ta té-er-ta-kà a-ni-tum lá a-ni-tum li-li-kam","Please my brother, send me a message telling me yes or no."
"KÙ.B. 1 GÍN lá a-kà-al","I will not consume a single shekel of silver!"
"a-na Sú-ú-a-a ù En-um-A-šùr","To Sūaya and Ennam-Aššur."
"KIŠIB A-šùr-i-dí","Seal of Aššur-idī."
"um-ma Šu-lí-ma a-na Sà-ak-ta-a qí-bi4-ma a-hi a-ta e-eb-ri a-ta a-na a-mì-ú-tím ú-lá a-da-ga-al ku-a-tí: a-da-ga-lá-ku-um","Thus Šuli, say to Saktāya: Please, my brother, my friend, I do not look at the others there, I only look at you!"
"a-ta 1 <GÍN> KÙ.B. ta-qí-ša-šu ra-ki-sú-ma Zi-ki ú Šu-Ku-ba-am ú-ma-kál: lá i-bi4-tu(m) tù-ur-da-šu-nu","You must bind him contractually for every shekel of silver you donated to him and as for Ziki and Šu-Kūbum, they must not stay overnight one single day, send them (here)."
"6 GÍN KÙ.B. šé-bi4-lam ŠÀ.BA ⅓ GÍN dí-in-ma ša-[x-x]-am: ta-š[a-a]m","Send me 6 shekels of silver and make ⅓ shekel of it available so that she/you can buy wool?."
"1/6 GÍN a-m[u]-uš-ṭá-tim dí-in-ma ku-nu-uk-ma Šu-Ku-bu-um e-rí-ú-ma lá tù-š[é-ba]-lam li-ší-am","Give 1/6 shekel for combs and put it under seal and do not send? Šu-Kūbum here empty-handed, let him bring it to me."
"KÙ.B. šé-bi4-lam li-bi4 lá tù-lá-ma-an šé-bi4-lam","Send me silver, do not disappoint me, send it to me!"
"um-ma Ša-Ta-áš-me-tim-ma a-[na] Puzur4-A-na ú Šu-Sú-in qí-bi4-ma be-tum ha-bi4-it-ma ki-da-tím(TUM) ar-ta-na-pu-ud","Thus Šāt-Tašmētim, say to Puzur-Anna and Šu-Suen: The house has been robbed and I wander around outside."
"šu-ma a-hu-ú-a: a-tù-nu al-kà-nim-ma ša-li-ú-um i-ṣé-er É a-bi4-ku-nu lá i-ša-lá","Please, my brothers, come here so that nobody will harm your paternal house."
"a-na Tú-ra-mi-il5 DUMU Ba-al-tù-um qá-tim a-na qá-tím ṣu-ba-tum e-ni-[x] ša-ak-šu-sú-um","To Tūram-ilī, son of Baltum, a <gap> garment has immediately been forwarded."
"a-ma-kam ṣa-ba-sú-ma ṣu-ba-tám li-dí-na-kum","Seize him there and let hem give you the garment."
"šu-ma ar-hi-iš lá ta-li-kà-nim ep-ra-am a-lu-um i-ta-ba-al","If you do not come quickly the city will take away the sustenance."
"a-na Puzur4-A-na ú Šu-Sú-in qí-bi4-ma um-ma Ša-Ta-áš-me-tim-ma mì-ša-ni-ú-um ša a-ta-na-x x-ú-ma ÌR a-ba-am lá i-da-[n]a-ku-[nu]-tí-ni","Say to Puzur-Anna and Šu-Suen, thus Šāt-Tašmētum: Why is this the case that I keep <gap>, but he does not give you the slave <gap>?"
"šu-ma a-hu-ú-a a-t[ù]-nu ša-li-ú-um i-[ṣ]é-ri-ku-nu lá i-ša-lá","If you are really my brothers let nobody harm you."
"ÌR a-[š]ar pá-nu-im pá-ni-a-šu-nu-tí-ma [a]-bi: DAM.GÀR-ru lá i-du-nu-nim","Forward the slave to them where you can, so that the creditors will not sell my father."
"[x]-li-ší-a-t[a] ša tù-šé-ba-lá-ni-ni [a]-ta-ma tí-dé-e ṣu-ba-tam bu-dé-a ah-mu-úš-ma a-dí-na-kum","As for the <gap> you are sending me, you yourself know that I stripped the garment from my shoulder and gave it to you!"
"iš-tí pá-ni-i[m]-ma a-li-ki-im KÙ.B. dí-in-ma lu-ub-lu-[nim]","Provide silver and let one bring it me with the first caravan."
"šu-ma li-BE-tí a-bi-ku-nu t[a-r]a-a-ma-nim tí-ba-nim-[ma] a-ta-al-kà-nim","If you love your ancestral god get moving and come here!"
"a-na Puzur2-A-na qí-bi-ma um-ma Lá-ma-sí-ma [ù] Ah-ba-áš-tí-ma [a-na]: É a-lim [ni-ta-n]a-lá-ak-ma lá ú-[šu-ru]-ni-a-tí","Say to Puzur-Anna, thus Lamassī and Ah-bāštī: We keep going to the City Hall, but they yield us nothing."
"ta-ak-š[i]-tum i-na a-lim lá-šu","There is no way of making profit in the City!"
"mi-šu-um lá ta-ša-ra-ni-a-tí","Why do you not care for us?"
"lá tí-di-e: ki-ma i-na É [ra-qí]-im: té-zi-bu-ni-a-tí","Don't you realize that you left us behind in an empty house?"
"[Me]-ra-li 1 GÍN KÙ.B. né-ri-šu-ma [l]á i-dí-ni-a-tí","We asked Merali for one single shekel of silver, but he did not give it to us."
"ku-lu-ni: nu-ta-ni-[ih-ma] šál-ma-ni: ú-ru-za-na-tim","All of us have been toiling, but we are now well."
"Me-ra-li ša ub-lá-ni lá i-mu-a: ta-da-nam","The u.'s of Merali, which he brought, he refused to give (us)."
"a-na ku-sí-im ni-mu-a-at","We will be dead before the winter!"
"iš-tí: a-li-[ki]-im pá-né-e-em-[m]a a-šu-ur-ni-[a-t]i","Send goods to provide for us with the next caravan!"
"[m]i-šu-um iš-tù ša-am-ší-im ša tù-ṣú-ni lá ta-ša-ra-ni-a-tí","Why is it that since the day you went away you fail to provide for us?"
"a-na Na-áb-Sú-en En-um-A-šùr ù Li-bur-be-lí DUMU Ás-qú-di-a","To Nabi-Suen, Ennam-Aššur and Libūr-bēlī, son of Asqudiya."
"KIŠIB ÌR-dim DUMU Ku-zi-a","Seal of Wardum, son of Kuziya."
"a-na Na-áb-Sú-in En-um-A-šùr ZU-re-i ú A-šùr-iš-tí-kál qí-bi4-ma um-ma Iš-ma-A-šùr-ma áš-pu-ra-ku-nu-<tí> um-ma a-na-ku<-ma> DAM Ha-lá-bi4-im me-ta-at","Say to Nab-Suen, Ennam-Aššur, Suen-rē'ī, and Aššuriš-tikal, thus Išme-Aššur: I wrote you as follows: The wife of Hali-abum is dead."
"mi-ma té-zi-bu pá-hi-ra-ma a-na hu-ur-ší-im iš-té-en šé-ri-ba-ma ki-ma i-a-tí ku-un-kà","Collect everything she left behind and bring it into one single storeroom and seal it in my name."
"áš-ta-na-me-ma ma-ma-na: am-tám a-na a-ha-zi-im","I hear by rumor that somebody intends to marry the maid."
"i-za-az: ša-i-lá-ma lu DUMU A-šùr: lu nu-a-um ší-be-e: šu-uk-na-šu-um","Make inquiries and whether it is an Assyrian or an Anatolian, set witnesses against him."
"lá e-ha-sí","He shall not marry her!"
"mi-ma té-zi-bu: lu ba-áb-tám ṣa-bi4-sí","Seize everything she left behind, also outstanding claims."
"a-hu-ú-a a-tù-nu i-ih-da a-wi-lum KÙ.B. ma-dam [i]-ta-ba-al","Please, my brothers, take care, (for) the man may take along a lot of silver."
"bu-lá-tí-<a> šar-ší-a-ni","Make me obtain my assets!"
"um-ma A-[x x x a-na] Li-ba-[a qi-bi-ma] lu-qú-tí: šál-ma-a[t] ú a-na-ku šál-ma-[ku]","Thus A, say to Libaya: My merchandise is safe, and I myself am also well."
"ta-áš-pu-ra-am um-ma a-t[a-ma] 1 GÚ 30 ma-na KÙ.B. e-zi-ib","You wrote me as follows: I left behind 1½ talent of silver."
"mi-iš-lam al-qe mi-iš-lam ha-la-aq","Half of it I collected, half of it is lost."
"a-na Ku-ni-[lim] qi-bi4-ma [um-ma] A-mur-A-šùr-ma a-šu-mì [URUDU] ša A-šùr-UTU ša ta-áš-pu-ra-ni um-ma a-ta-ma i-nu-mì a-ta-al-kà-ni URUDU i-na ba-áb-ti-a: áš-lu-uṭ-ma áp-qí-da-ku-nu-tí um-ma a-na-ku-ma URUDU šé-ṣí-a-ma: 3½ GÚ URUDU a-na A-šùr-UTU šé-bi4-lá","Say to Kūn-ilum, thus Amur-Aššur: As for Aššur-šamšī's copper, about which you wrote me, saying: When I left I decided to entrust to you (the collection of) copper from my outstanding claims, saying: Produce the copper and send 3½ talents of copper to Aššur-šamšī."
"i-na ba-áb-tim ša ta-áš-lu-ṭù-ni-a-ti-ni 1 GÚ 3 ma-na ša Šu-mì-a-ar ha-bu-lu: Šu-mì-a-ar i-mu-ut-ma: me-er-ú-šu i-na Ku-na-na-mi-it a-di u4-mi-im a-nim uš-bu-ma URUDU i-ta-am-ṣa-ar","Of the outstanding claims you authorized us to collect, 1 talent 3 minas are owed by Šumi'ar, (but) Šumi'ar has died and his sons live until today in Kunanamit, so that the copper has been tied up."
"a-ni: i-li-ku-nim-ma 23 ma-na URUDU SIG5 nu-ku-ra-e: e-ta-wu um-ma šu-nu-ma 40 ma-na-e-ma ší-im hi-dim KÙ.KI a-bu-ni ha-bu-ul","They have now come here, but they contested 23 minas of the copper, saying: Our father only owes 40 minas, the price of a golden bead!"
"um-ma a-na-ku-ma 40 ma-na ší-im hi-dim KÙ.KI ù 23 ma-na ší-im AN.NA iš-té-ni-iš 1 GÚ 3 ma-na a-bu-ku-nu ha-bu-ul","I answered them: 40 minas, the price of the golden bead plus 23 minas, the price of tin, together 1 talent 3 minas is what your father owes!"
"um-ma šu-nu-ma URUDU né-ma-ra-ku-um-ma ù ta-ta-ma: ta-lá-qé","They said: We will find the copper for you and then, when you swear you can take it."
"1 GÚ ša Du-du-na ha-bu-lu aṣ-ba-sú-ma um-ma šu-ut-ma URUDU lá i-šu a-ṣí-ib-tim li-is-hu-ra-am","As for the 1 talent that Duduna owes, I seized him and he said: I have no copper, let it become interest bearing."
"a-na 1 GÚ URUDU SIG5 1 GÚ 30 ma-na URUDU SIG5 a-na da-áš-e i-ša-qal","For the 1 talent of refined copper he will pay 1½ talent of refined copper, in late spring."
"43 ma-na URUDU ší-im am-tim [x] Zi-zu-ul-a-a-li","43 minas of copper, the price of a slave-girl, is Zizulayali."
"um-ma Is-ma-A-šùr-ma a-na En-um-A-šùr [A]-šùr-iš-tí-kál [x x]-nu-u[m] [ù E]n-na-nim [qi-bi-ma] [a-na A-šùr-i]š-tí-kál [qí-bi]-ma ½ ma-na KÙ.B. a-na-[kam] B[u2-ṣ]ú2-a: mi-is-lá [x x]-ku-ni i-na ba-áb: ha-ra-ni-a i [x x -t]a2-bi2-lá-ni-ma [ṭup-pá-am: il5]-pu-ut-ma a-ta: qá-ta-tù-a","Thus Išme-Aššur, say to Ennum-Aššur, Aššuriš-tikal, <gap>num, and Ennānum, and in particular to Aššuriš-tikal: ½ mina of silver, here Buṣu'a for half of it when I was about to start my journey he has <gap> me and he drew up a record with you as guarantor."
"ú um-ma a-ta-ma wa-a[r]-kà-at-kà-ma <gap> <gap> ku-ta-nam: dí-na-am-ma a-na KÙ.B.: ú ṣí-ib-tí-šu a-na-ku lá-zi-iz a-[x x] ta-kà-ší-dí-ni","And you said: After your departure <gap> <gap> Give me a kutanu-textile then I will take responsibility for the silver and the interest on it until you can reach me."
"a-dí: u4-mi-im: a-ni-im a-ma-kam: [w]a-áš-ba-tí","You are staying there until this very day."
"ú a-na-ku ku-a-tí: ta-ak-lá-ku-ma a-dí: u4-mi-im: a-ni-im [iš]-tí: a-hi-im ú eb-ri-im ku-ta-nam: lá ú-šé-bi4-lam-ma a-ma-kam a-na KÙ.B.: lá i-dí-<in> KÙ.B. a-na Zu-ú-lu lá i-x [x]","And I, I trusted you, but until this very day he did not send me a kutanu-textile with a friend or colleague, nor did he sell it over there and give the silver to Zūlu."
"a-ta: a-na u4-[mi-im a-nim] ta-áš-ta-p[u x x x]","And you, until this very day you have kept silent!"
"A-šùr ú i-lu-ú a-[bi-n]i l[i-ṭù-l]á [x x x x [x x]] dí-in [x x x x x x]-ni","Aššur and the god(s) of our father may witness <gap> give <gap>"
"a-na Ba-zi-a qi-bi4-ma um-ma A-ru-na-ah-šu-ma a-le-e: i-lu-ú ša i-ta-mu-ú-ni","Say to Baziya, thus Arunahšu: Where is the god by whom the oath was sworn?"
"NINDA ša ni-ku-lu-ni kà-sà-am: ša ni-iš-tù-ú","He surely knows that we eat bread and drank the cup (together)!"
"lu i-di-e: a-hi a-ta ṣí-ba-at: KÙ.B-pi-a ú-lá ha-áš-ha-ku qá-qá-ad KÙ.B-pì-a šé-bi4-lam","My dear bother, I do not need the interest on my silver, send me (only) my silver capital."
"a-na-kam ta-ta-wa-a-ni a-na Ha-ar-zi-ga mi-ma lá ak-lá","As for what you talk about here, I did not withhold anything from Harziga."
"ú-ṭá-tám ú mì-ma i-ha-šu-hu-ni a-da-an","Barley and whatever he needs I will give."
"ša a-wi-il5-tim mi-ih-ṣa-am a-dí-na-kum lá lá-mu-un","The woven cloth of the lady I gave you is not bad!"
"a-na DINGIR-lim: šu-a-tí ší-im-šu šé-bi4-lam","For god's sake, send its price to me."
"šu-ma a-hi a-ta URUDU ṣa-al-ma-am ki-iṣ-ra-am iš-tí ma-ma-an šé-bi4-lam","If you are my brother, send me a lump of black copper with somebody."
"a-na-ku: em-ṣa-ku","Am I short of food?"
"ú-ul ba-ri-a-ku: ša-be-e-ku","I am not hungry, I am satisfied!"
"ha-ra-nàm lá a-da-gal","I am not considering a journey."
"DINGIR-lúm lu i-dé i-na ba-re-ni","God may be witness between us!"
"um-ma Šu-Ku-bu-um a-na A-šùr-DÙG qi-bi4-ma mì-šu: ša a-dí KÙ.B. ta-áš-ta-na-pá-ra-ni","Thus Šu-Kūbum, say to Aššur-ṭāb: Why do you keep writing me about the silver?"
"a-wa-tí-a: A-šùr-ma-lik ù Kur-ub-Ištar ú-ga-me-ru-ma 3 ma-na KÙ.B. i-nu-mì-šu-ma a-na Kur-ub-Ištar áš-qúl","Aššur-mālik and Kurub-Ištar have settled my case and at that time I immediately paid 3 minas of silver to Kurub-Ištar."
"ší-tí KÙ.B. a-na Kur-ub-Ištar áš-qúl","The rest of the silver I have now paid to Kurub-Ištar."
"ú a-dí ma-lá ú ší-ni-šu té-er-tí i-li-kà-kum a-na KÙ.B. mi-ma lá ta-áš-ta-na-pá-ra-am","Moreover, I have written to you several times: By all means stop writing me about the silver!"
"A-bu-ša-lim mi-ma lá il5-qé a-wa-tù-a IGI A-bu-ša-lim-ma i-gi5-im-ra","Abu-šalim has taken nothing (of it), Abu-šalim actually witnessed that my affair was settled!"
"[u]m-ma Lá-li-a-ma a-na A-šùr-e-nam ù Da-da-a qi-bi-ma a-na A-šùr-e-nam qi-bi-ma lu-lá-am ku-nu-ki-a ù ar-za-lam ša e-zi-ba-ku-ni šu-ma a-hi a-ta lu-lá-am ku-nu-ki-a ù ar-za-lam a-na Da-da-a dí-in","Thus Laliya, say to Aššur-ennam and Dadaya, and in particular to Aššur-ennam: The antimony under my seal and the arzallum, which I left to you, please, my brother, give that antimony under my seal and the arzallum to Dadaya."
"a-sú-re lu-lá-am ù ar-za-lam a-na Da-da-a e lá ta-dí-in-ma li-bi4 e im-ra-aṣ","By no means fail to give the antimony and and the arzallum to Dadaya lest I get angry!"
"a-na Da-da-a qi-bi-ma [š]u-ma lu-lá-am ù [a]r-za-lam lá i-da-na-ku-um [d]a-na-at-kà qí-bi-šu-um","Say to Dadaya: If he does not give you the antimony and the arzallum, state to him your harsh condition!"
"a-na Ar-ší-ah-šu ù Pé-[ru]-wa qi-bi4-ma um-ma Kà-sú-be-lí-ma a-[hu]-a [a]-tù-[nu] be-lu-a a-tù-nu ½ ma-na ⅓ GÍN KÙ.B. ù [15] ma-na URUDU ma-sí-a-am ku-nu-ki-a Be-lúm-ba-ni na-áš-a-ku-nu-tí","To Aršiahšu and Peruwa say, thus Kassu-bēlī: Please, my brothers my lords, 30½ shekels of silver and 15 minas of purified copper under my seals Bēlum-bāni is bringing you."
"SÍG.HI.A: za-ku-<tim> ša-ma-nim KÙ.B. ½ GÍN lá ta-be-e-lá","Buy for me cleaned wool, do not try to save even half a shekel of silver!"
"IGI A-šùr lá-ak-ru-ba-ku-nu-<tí> ar-hi-iš ṭù-ur-da-ni-šu ku-ṣú-um","I will pray for you before Aššur, Send him quickly, it is winter time."
"um-ma A-šùr-ma-lik-m[a] a-na A-al-DÙG ù En-um-A-šùr qi-bi4-ma 7 GÍN KÙ.B. ku-nu-ki-a A-šùr-ta-ak-lá-ku na-áš-a-ku-nu-tí","Thus Aššur-mālik, say to Āl-ṭāb and Ennum-Aššur: Aššur-taklāku is bringing you 7 shekels of silver under my seal."
"a-ma-kam ší-it-re ša pu-[ki]-im dam-qú-tim wa-at-ru-tim ša-ma-ma ku-nu-kà-ma a-na A-šùr-tak-lá-ku dí-na-ma šu-ma e-eb-ru a-tù-nu [i]š-tí pá-ni-im-ma [p]i-iq-da-ma ṭù-ur-da-ni-šu-nu","Buy there scarfs of pūku-weave of extremely good quality, seal them and hand them over to Aššur-taklāku and if you are really friends convey them to me with the first caravan."
"a-hu-ú-a-tù-nu ih-da-ma ú a-na-ku a-wa-at-ku-nu a-ša-me","Heed my request, my brothers, and I too can listen to what you say!"
"a-ma-kam ṣú-ha-ru-um lá i-na-ma-ar ar-hi-iš ṭù-ur-da-ni-šu-ma a-wi-lam lu-ṭí-ba-am","The boy must not be seen there, send him quickly here so that I can please the gentleman."
"a-ha-ma ½ GÍN KÙ.B. a-na Ì.GIŠ sà-ar-dim na-[ší] a-na","Separately he has with him ½ shekel of silver for (buying) olive oil."
"A-al-DÙG qí-bi4-ma a-dí-i KÙ.B. ša E-lá-lí-ni-ú-ma-an ù DAM a-hi-kà i-na e-ra-áb a-wi-il5-tim [x]-bi4-a","Say to Āl-ṭab: As for the silver of Elal/niuman and your brother's wife, when the lady arrives <gap>"
"A-šùr-ma-lik a-na ITU.3.KAM ṭup-pá-am ša ší-be-šu ù ṭup-pá-am ša wa-ba-ar-tim ú-ba-lam-ma iš-tí Šu-Be-lim e-ta-wu","Within three months Aššur-mālik shall bring the tablet of his witnesses and the tablet of the trading-station and discuss with Šu-Bēlum."
"šu-ma a-na ITU.3.KAM A-šùr-ma-lik ṭup-pá-am ša ší-be-šu ú ša wa-ba-ar-tim lá i-ta-áb-lam ½ ma-na KÙ.B. a-na Šu-Be-lim A-šùr-ma-lik i-ša-qal","If within three months Aššur-mālik does not bring the tablet of his witnesses and the one of the trading-station, Aššur-mālik will pay ½ mina of silver to Šu-Bēlum."
"iš-tù ha-mu-uš-tim ša Bu-zu-ta-a ù A-šùr-i-mì-tí ITU.KAM tí-i-na-tim li-mu-um IŠKUR-ba-ni","Reckoned from the week-eponymy of Buzutaya and Aššur-imittī, month X, eponymy-year of Adad-bāni."
"Tù-ra-a En-na-Sú-in ù Mu-ti1-A-šùr a-wi-lu a-ni-ú-tum da-a-nu","Tūraya, Ennam-Suen and Muti-Aššur, these men acted as judges."
"[KIŠIB <gap>]-A-šùr KIŠIB A-šùr-ta-ak-lá-ku KIŠIB Qá-ta-tim","Seal of <gap>-Aššur, seal of Aššur-taklāku, seal of Qatātum."
"4 1/6 GÍN KÙ.B. i-sé-er Qá-t[a-tim] DAM.GÀR i-šu","4 1/6 shekels of silver Qatatum owes to the creditor."
"iš-tù ha-mu-uš-tim ša Kà-zi-a ù Šu-Ku-bi4-im","Reckoning from the week eponymy of Kaziya and Šu-Kūbum"
"ki-ma a-wa-at kà-ri-[im] ṣí-ib-tám i-na ITU.KAM ú-ṣa-áb [KÙ.B.]","he will add interest per month according to the regulation of the kārum."
"<gap> x x Ib-ni- x [x]","<gap> Ibni- <gap>"
"KIŠIB En-um-A-šùr DUMU Ištar-lá-ma-[sí] KIŠIB In-ba-A-šùr DUMU Pi-lá-ah-Sú-in KIŠIB [Puzur4]-Ištar DUMU DINGIR-na-da","Seal of Ennam-Aššur, son of Ištar-lamassī, seal of Inib-Aššur, son of Pilah-Suen, seal of Puzur-Ištar, son of Ilī-nādā."
"3 GÍN KÙ.B. i-sé-er","3 shekels of silver"
"Pu[zur4-Ištar DUMU DINGIR-na-da] [DAM.GÀR i-šu iš]-[tù]","Puzur-Ištar, son of Ilī-nādā owes to the creditor."
"[ha-mu]-[uš-tim] ša Šu-Ku-[bi-im] ú Ka-zi-a 22½ ŠE i-na ITU.KAM ṣí-ib-tám ú-ṣa-áb","From the week of Šu-Kūbum and Kaziya he will add ⅛ shekel per month as interest."
"ITU.KAM Ma-hu-ur-DINGIR li-m[u-um] ša qá-té IŠKUR-ba-ni","Month IV, eponymy of the successor of Adad-bāni."
"4 GÍN KÙ.B. i-ṣé-er x-A-šùr DAM.GÀR i-šu","4 shekels of silver <gap>-Aššur owes to the creditor."
"ITU.KAM A-lá-na-tim","Contracted in month XII."
"a-na ITU.KAM i-ša-qal","He will pay within a month."
"šu-ma lá iš-qúl ⅓ GÍN.TA i-na ITU.KAM ú-ṣa-áb li-mu-um A-šùr-na-da ha-mu-uš-tum ša qá-té Kà-ar-wa-a","If he does not pay he will add as interest ⅓ shekel per month Year eponymy of Aššur-nādā, week eponymy of the successor of Karwaya."
"IGI A-šùr-i-dí","Witnessed by Aššur-idī"
"4 GÍN KÙ.B. [li]-tí i-ṣé-er A-šùr-ta-ak-lá-ku DUMU A-a-a Šu-Be-lúm","4 shekels of līti-silver Aššur-taklāku son of A'aya owes to Šu-Bēlum."
"i-šu iš-tù ha-mu-uš-tim ša A-šùr-ta-ak-lá-ku ù E-me-me a-na ITU.KAM i-ša-qal","Reckoned from the week of Aššur-taklāku and Ememe he will pay within a month."
"šu-ma i-na ú-mì-šu ma-al-ú-tim lá iš-qúl 22½ ŠE KÙ.B. i-na ITU.KAM","If he does not pay when his term is due he will add 1/8 shekel of silver per month."
"ú-ṣa-áb li-mu-um A-šùr-na-da","Year eponymy of Aššur-nādā."
"IGI A-šùr-i-dí","Witnessed by Aššur-idī."
"Mu-za DUMU.<MÌ> Is-pu-nu-ma-an a-ša-at Šu-Be-lim","Muza, daughter of Ispunuman, is the wife of Šu-Bēlum."
"a-šar li-bi-<šu> Šu-Be-lúm i-ra-dé-ši","Šu-Bēlum can take her along where <he> wishes."
"šu-ma mu-ṣú-ta-šu ta-mu-[ú] ú-ul ar-nam ù ší-lá-tám ta-ar-ti-ší","If she wants to go away from him or commits a crime or an improper act,"
"1 ma-na KÙ.B. a-na Šu-Be-lim Mu-za ta-ša-qal-ma a-šar li-bi4-šu Šu-Be-lúm i-lá-ak","Muza will pay to Šu-Bēlum 1 mina of silver and Šu-Bēlum can go where he wishes."
"IGI Ṣú-lu-lá IGI In-ba-A-šùr IGI En-um-A-šùr IGI Pé-ru-a","In the presence of Ṣulula, of Inib-Aššur, of Ennum-Aššur, of Perua."
"4½ GÍN KÙ.B. ša Šu-Ištar Be-lum-ra-bi4 iṣ-ba-at","4½ shekels of silver, belonging to Šu-Ištar, Bēlum-rabi seized."
"um-ma Be-lum-ra-bi4-ma a-na a-wa-at Šu-Ištar ma-ṣa-ku","Bēlum-rabi declared: I take the responsibility vis-à-vis Šu-Ištar."
"IGI En-na-Sú-in IGI Puzur4-lá-ah IGI Ku-ra","Before Ennam-Suen, before Puzur-lah, before Kura."
"Šu-Ištar a-[na] Puzur4-A-š[ùr] DUMU I-tù-u[r-DINGIR] iṣ-ba-at-ni-[a-tí-ma] um-ma Šu-Ištar-ma a-na Puzur2-A-šùr-ma","Šu-Ištar seized us against Puzur-Aššur, the son of Itūr-ilī, and Šu-Ištar said to Puzur-Aššur:"
"4 GÍN KÙ.GI ša Ša-at-A-šùr ha-bu-lá-tí-ni SIG5 DIRIG","The 4 shekels of gold, which you owe <to> Šāt-Aššur are of very good quality!"
"um-ma Puzur2-A-šùr-ma ke-na ha-bu-lá-ku a-ša-qal","Puzur-Aššur answered: Indeed, I owe it, I will pay."
"Ṣí-lu-lu ù Da-da-a DUMU Ub-ra-e-im IGI šu-ga-ri-a-i[m] ša A-šùr DU[B-pu-šu-nu] i-d[í-nu]","Ṣilulu and Dadaya, son of the man from Ubra, gave their tablet before the š.-emblem of Aššur."
"Šu-<gap> DUMU I-<zi>-za-am-i-lí ù A-bi4-a DUMU A-[ta]-a pá-šu-nu iš-me-ú","Šu-<gap>, son of Izizam-ilī and Abiya, son of Ataya, heard their statement."
"2 TÚG.HI.A ku-ta-ni ša Šu-Ištar DUMU Lu-zi-ni a-na 27 ma-na URUDU ma-sí-im Li-ip-ta-num a-na I-dí-A-šùr DUMU Dan-A-šùr i-dí-in","Two kutānu-textiles belonging to Šu-Ištar, son of Luzini, Liptānum gave to Iddin-Aššur, son of Dān-Aššur, for 27 minas of refined copper."
"a-na a-wa-tim a-ni-a-tim kà-ru-um Wa-ah-šu-ša-na i-dí-ni-ma IGI šu-ga-ri-a-im ša A-šùr ší-bu-tí a-dí-in","For these words the Wahšušana colony made me available and before the š.-symbol of Aššur I gave my testimony."
"IGI Bu-za-zu DUMU Pu-šu-ki-in","In the presence of Buzāzu, son of Pūšu-kēn."
"A-šùr-du-rí DUMU Puzur4-Ištar tap-pá-i","Aššur-dūrī, son of Puzur-Ištar was my fellow witness."
"[x ma-na] 2 GÍN KÙ.B. [ṣa-r]u-pá-am i-ṣé-er Ì-lí-a-lim Šu-Ištar i-šu","<gap> minas and 2 shekels of refined silver Ilī-ālum owes to Šu-Ištar."
"[I]GI Ì-lí-dan [D]UMU Id-na-A-šùr IGI I-ku-pí-A-šùr DUMU Puzur4-Iš-tár IGI Šu-ku-[bi-im]","Witnessed by Ilī-dān, son of Id(di)n-Aššur, by Ikūn-pī-Aššur, son of Puzur-Ištar, and by Šu-Kūbum."
"i-na [x-x x] lu iš-tù Ku-bu-ur-na-at [ú]-šé-ba-lam [lu] i-na ba-a-áb-tí-šu a-lá-qé","On <gap> he will send it me from Kuburnat or I will take it from his outstanding claims."
"ší-tí KÙ.B. a-na ṣí-ib-tim a-la-qé-ma KÙ.B. ù ṣí-ba-sú Ì-lí-a-lim [ú-m]a-lá","The rest of the silver I will then borrow at interest and the silver and the interest on it Ilī-ālum will compensate."
"1 ma-na 10 GÍN KÙ.B. ṣa-ru-pá-am i-li-bi4 I-ku-nu Šu-Ištar i-šu IGI A-da-da DUB.SAR IGI Im-li-ká-a","1 mina and 10 shekels of refined silver are owed by Ikūnu(m) to Šu-Ištar, witnessed by Adada, the scribe, and by Imlikaya."
"1 TÚG ku-sí-<<a>>-tám a-ha-ma e-zi-ib-šu-ma 7½ GÍN KÙ.B. i-li-bi4 I-dí-Da-ga-[an]","1 kusītu-textile, separately, I left to him and 7½ shekels of silver are owed for it by Iddin-Dagan."
"5 GÍN KÙ.B. i-li-bi4 A-šùr-[m]a-lik ⅓ ma-na 8 GÍN AN.NA i-li-bi4 Puzur4-A-šùr","5 shekels of silver owed by Aššur-mālik, 28 shekels of tin owed by Puzur-Aššur."
"[a-n]a Šu-Ištar qi-bí-ma um-ma Zu-ba Ma-ta-ga-x ú UTU-ba-ni-ma","Say to Šu-Ištar, thus Zuba, Mataga, and Šamaš-bāni:"
"a-šu-mì ša-áp-tim ša ta-áš-pu-ra-ni eṭ-lu-tum i-ma-qú-tú-ni-ma ša-áp-tám iš-té-ni-iš6(IS) ni-dá-an-ma KÙ.B. ni-zu-wa-az(ÁŠ) KI iš-[x x (x)] a-na Pu-šu-ki-in nu-šé-ba-lam","As for the wool about which you wrote, when the men arrive here we will sell all the wool together and we will divide the silver and with <gap> we will send it to Pūšu-kēn."
"a-šu-mì E DAM.<GÀR>-ri-im ša(ZA)-sà-im qá-áb-a-tí-ni a-na-kam iš-tí Ir-ma-A-šùr a-ta-am-ga-ar","As for calling at a merchant's house for a loan, as you have promised, I have here now come to an agreement with Ir'am-Aššur and he said:"
"um-ma šu-ut-ma té-er-tù-šu [a-ṣ]é-er I-ku-pí-A-šùr [ú i]-a-tí li-li-kam-ma [la-dí]-na-ku-ma","Let his instruction come to Ikūn-pī-Aššur and to me, then I will give it to you."
"[x x] x ki-ma ak-lá-ku-kà-ni [x x x] giṣ-im-lá-ni [<gap>] [x x x x] ša Ma-ma-a [(x) da-mì]-iq-tám a-na x ša-áp-tám [x x x a]-na ší-tí [x x x] šé-bi4-lam","<gap> since I trust you <gap> do me a favor <gap> of Mamma <gap> the wool <gap> for the rest of <gap> send to me."
"[a]-na Šu-Ištar [q]í-bi4-ma um-ma Ì-[l]í-iš-tí-kál-ma","To Šu-Ištar speak, this is what Iliš-tikal says:"
"ki-ma ša-nu-a-tí-ni lá [a]-tù-ra-[am]","Since you were elsewhere I did not come back."
"šu-ma mì-ma ha-bu-lá-ku-u[m] šu-šál-šu-um lá-áš-qú-ul","Should I owe you anything, I will pay it threefold."
"um-ma [A]-mur-lu-sú-ma Šu-lí ù GE6-li-Ištar a-na Šu-Ištar qi-bi4-ma","Thus Amur-(i)lūssu, Šuli and Šilli-Ištar, say to Šu-Ištar:"
"ta-áš-pu-ra-am um-ma a-ta-ma 15 na-ru-qá-tim ku-nu-ke-a É Ga-lu-a e-zi-ib","You wrote us as follows: 15 bags under my seals I left in Galua's house"
"ṭup-pá-am ša Pu-šu-ki-in am-ra-ma ma-lá té-er-tim ša Pu-šu-ki-in ep-ša","Find the tablet of Pūšu-kēn and act in accordance with Pūšu-kēn's instruction."
"i-na DUB-pì-im ša Pu-šu-ki-in 1 me-at 30 TÚG.HI.A lá-áp-tu(m)","In the tablet of Pūšu-kēn is written 130 textiles,"
"na-ru-qá-tim nu-ma-hi-ir-ma 1 me-at 16 TÚG.HI.A","but when we took delivery of the bags there were only 116 textiles!"
"60 TÚG.HI.A 10 na-ru-qá-tim a-na Hu-na ú-ri-du IGI A-šùr-ta-ak-lá-ku IGI MAR.TU-ba-ni IGI En-na-A-šùr ni-ip-qí-id","60 textiles in 10 bags went down to Huna, in the presence of Aššur-taklāku, of Amurrum-bāni, and of Ennam-Aššur."
"56 TÚG S[IG5] x ta-tim É Ga-lu-a i-ba-ší-ú","56 textiles of good quality <gap> are still in Galua's house."
"[um-m]a Šu-Ištar-m[a] a-na Ku-da-dim Hu-ma-da-šu ù A-ba-mu-li qi-bi4-ma","Thus Šu-Ištar, say to Kudādum, Humadašu and Abamuli:"
"4 GÍN KÙ.B. a-na Ku-da-dim 2 GÍN KÙ.B. a-na Nu-hu-ša-tim a-ha-ma 5 GÍN KÙ.B. Ku-ra na-áš-<a>-ku-nu-tí","4 shekels of silver for Kudādum, 2 shekels of silver for Nuhušatum, and separately 5 shekels of silver Kura is bringing you."
"iš-té-et i-re-qám ša ti-ib-nim i-[na] Kà-n[i-iš] e-zi-ib","One wagon load of straw I left behind in Kanesh."
"li-qí-a-ma li-ib-ší-a","Take it and let it remain available."
"15 GÍN KÙ.B. Hu-li ša-áš-qi-lá-šu-ma ša ½ ma-na tup-pu-šu lu-up-ta","Make Huli pay 15 shekels of silver and draw up a debt-note of his for ½ mina."
"½ GÍN Du-du DUMU A-šùr-DÙG ha-bu-lam šu-ma wa-ša-áb KÙ.B. ša-áš-qi-lá-šu","Dudu, son of Aššur-ṭāb, owes me ½ shekel of silver; if he is staying there make him pay the silver."
"tup-pu-šu i-na ta-ma-lá-kà-[x] ša i-ku-nu-ke ša Ša-lim-ma kà-an-ku i-ba-ší","His debt-note is in the tablet box that is sealed with the seals of Šalimma."
"a-na Puzur4-A-šùr ú I-ku-pí-A-šùr qi-bi4-ma um-ma Šu-Ištar-ma","Say to Puzur-Aššur and Ikūn-pī-Aššur, thus Šu-Ištar:"
"be-lu-ú-a a-tù-nu i-hi-da-ma KÙ.B. ú ṣí-ba-sú-ú Id-na-<a> ša-áš-qi-lá","Please, my lords, take care to make Idnāya pay the silver and the interest on it."
"a-le-e KÙ.B. [Id-na-a] 10 GÍN e-li-a-[ni] mì-li-ik","Consider where silver of Idnāya, if only 10 shekels, may turn up."
"šu-m[a] a-wi-lu-um KÙ.B. i-šu-ú UTU-ba-ni na-hi-da-ma a-na me-e ša-tá-e-em lá ú-ša-ar-šu","If the man indeed has silver, then warn Šamaš-bāni that he must not allow him to drink water."
"KÙ.B.-pu-um KÙ.B.-áp-kà","For the silver is your silver!"
"a-wi-lu-um la-mu-un e ú-ni-ku-nu-ma ih-da","The man is a crook, let him not cheat you!"
"KÙ.B. ú ṣí-ba-sú ša-áš-qi-lá","Take care to make him pay the silver and the interest on it!"
"a-na Puzur4-A-šùr Id-na-a ù I-[ku-pí]-A-šùr qi-bí-ma um-ma Šu-Ištar-ma a-na Id-na-a qi-bi4-ma","Say to Puzur-Aššur, Idnāya and Ikūn-pī-Aššur thus Šu-Ištar, say in particular to Idnāya:"
"3 ma-na KÙ.B. ṣa-ru-pá-am ha-bu-lá-at u4-mu-kà 12 ha-am-ša-tim e-tí-qú","3 minas of refined silver you owe me, your term is 12 weeks overdue."
"a-hi a-ta KÙ.B. ú ṣí-ba-sú šu-qú-ul-ma a-na té-er-tí-a li-dí-nu","Please, my brother, pay the silver and its interest and let them give it to where I will instruct."
"a-na ša ki-ma i-a-tí qi-bi4-ma i-hi-da-ma KÙ.B. ú ṣí-ba-sú ša-áš-qi-lá-šu-ma a-na té-er-tí-a pá-ni-a","Say to my representatives: Take care to make him pay the silver and the interest on it and transfer it to where I will instruct."
"IŠKUR-ba-ni ù En-na-Sú-in ni-kà-sé i-sí-ú-ma 48½ [ma-n]a URUDU En-n[a]-Sú-in i-[ša-qal] 31½ ma-na URUDU IŠKUR-ba-ni i-ša-qal","Adad-bāni and Ennam-Suen settled accounts and Ennam-Suen will pay 48½ minas of copper and Adad-bāni will pay 31½ minas of copper."
"IGI Puzur4-A-šùr","Witnessed by Puzur-Aššur."
"KIŠIB Ka-ku-a DUMU I-dí-Ištar KIŠIB Puzur4-IŠKUR DUMU I-dí-Ištar KIŠIB Na-ra-am-A-šùr DUMU Ì-dí-ba-ni KIŠIB Ha-na-na DUMU DINGIR-kur-ub","Seal of Kakua, son of Iddin-Ištar, seal of Puzur-Adad, son of Iddin-Ištar, seal of Narām-Aššur, son of Idi-bāni, seal of Hanana, son of Ilam-kurub."
"⅓ ma-na 5 GÍN KÙ.B. ṣa-ru-pá-am ša ik-ri-bi ša me-er-ú DINGIR-kur-ub i-ṣé-er En-na-Sú-in DUMU A-mur-UTU ir-ší-ú-ni","25 shekels of refined silver, being temple funds, which the sons of Ilam-kurub had acquired as claim on Ennam-Suen, son of Amur-Šamaš,"
"ki-ma me-er-e DINGIR-kur-ub KÙ.B.","Hanana, representing the sons of Ilam-kurub,"
"ù ṣí-ba-sú Ha-na-na ša-bu","is satisfied with the silver and its interest."
"tup-pu-um ša ½ ma-na 5 GÍN KÙ.B. ša hu-bu-ul En-na-Sú-in ša e-li-a-ni sà-ar","The tablet of 25 shekels of silver, recording the debt of Ennam-Suen, which turns up is invalid."
"šu-ma me-er-ú DINGIR-kur-ub a-na En-na-[Sú-in] i-tù-ru-ú Ha-na-na ú-ba-áb-šu","If the sons of Ilam-kurub raise a claim against Ennam-Suen, Hanana will clear him."
"KÙ.B. ša IGI En-na-nim ù DUMU [x] i-dí-nu-šu-ni","It is silver that they gave him in the presence of Ennānum and of the son of <gap>"
"KIŠIB Pi-la-ah-Ištar DUMU I-bi4-sú-a KIŠIB Šu-ma-li-bi4-A-šur DUMU Ku-ús-ku-sí-im","Seal of Pilah-Ištar, son of Ibisua, seal of Šumma-libbi-Aššur, son of Kuskusum,"
"KIŠIB En-na-Sú-in DUMU A-mur-UTU KIŠIB A-al-DÙG DUMU A-mur-UTU","seal of Ennam-Suen, son of Amur-Šamaš, seal of Āl-ṭāb, son of Amur-Šamaš,"
"ša hu-bu-ul En-na-Sú-in ù A-al-DÙG me-er-e A-mur-UTU 3½ ma-na 5 GÍN KÙ.B. ṣa-ru-pu-um","to the effect that the debt of Ennam-Suen and Āl-ṭāb, sons of Amur-Šamaš, is 3½ minas 5 shekels of refined silver."
"iš-tù ha-mu-uš-tīm ša A-šùr-i-mi-tí ù A-mur-Ištar a-na 1 ma-na-im 2 GÍN.TA i-na ITU.KAM ṣí-ib-tám","From the week of Aššur-imittī and Amur-Ištar they will add per 1 mina 2 shekels per month as interest."
"ú-ṣú-bu KÙ.B. i-na qá-qá-ad šál-mì-šu-nu ra-ki-is","For the silver they are jointly liable."
"ITU.KAM ša sà-ra-tím li-mu-um ša <i>-qá-té Sú-kà-li-a il-qé-ú","Month II, eponymy of the one who took over from Sukkalliya."
"KIŠIB A-šur-be-el-a-wa-tim KIŠIB Zu-ba KIŠIB I-dí-Ištar DUMU A-šur-ma-lik","Seal of Aššur-bēl-awātim, seal of Zuba, seal of Iddin-Ištar, son of Aššur-mālik,"
"KIŠIB En-num-A-šur DUMU A-šur-UTU KIŠIB Abu-ša-lim DUMU A-šur-be-el-a-wa-tim","seal of Ennam-Aššur, son of Aššur-šamšī, seal of Abu-šalim, son of Aššur-bēl-awātim."
"1/3 ma-na 8 GÍN KÙ.B. ṣa-ru-pá-am i-šé-er A-bu-ša-lim DUMU A-šur-be-el-a-wa-tim","28 shekels of refined silver Abu-šalim, son of Aššur-bēl-awātim,"
"En-na-Sú-in i-šu","owes to Ennam-Suen."
"iš-tù ha-mu-uš-tim ša kà-ší-im ša qá-té A-šur-ma-lik ú En-na-Sú-in ITU.KAM ma-hu-ur-í-lí","From the week of the official who took over from Aššur-mālik, and Ennam-Suen, month IV,"
"li-mu-um ša qá-té A-šur-na-da DUMU Puzur-A-na 8 GÍN KÙ.B. a-na 3 ha-am-ša-tim i-ša-qal","eponymy of the successor of Aššur-nādā, son of Puzur-Anna, he will pay 8 shekels within 3 weeks,"
"10 GÍN KÙ.B. a-na 6 ha-am-ša-tim i-ša-qal","10 shekels within 6 weeks he will pay,"
"10 GÍN wa-ar-kà-tám a-na 10 ha-am-ša-tim i-ša-qal","and 10 shekels he will pay later, within another 10 weeks."
"šu-ma i-na u4-me-šu ma-al-ú-tim lá iš-qú-ul ki-ma a-wa-at kà-ri-im [ì]-ITU.KA[M] ṣí-ib-tám ú-ṣa-áb","If he does not pay when his term is over he will add interest per month in accordance with the regulation of the colony."
"KÙ.BABBAR ik-ri-bu ša A-šur","The silver is temple fund of Aššur."
"KIŠIB A-šur-DÙG [DUMU A]-hu-wa-qar KIŠIB Šu-A-nim DUMU A-ki-a-nim","Seal of Aššur-ṭāb, son of Ahu-waqar, seal of Šu-Anim, son of Akiānum,"
"KIŠIB A-šur-du-gul DUMU Im-da-hi KIŠIB A-šur-[DÙG] DUMU I-[d]i-ba-ni","seal of Aššur-dugul, son of Imdī-ahī, seal of Aššur-ṭāb, son of Idi-bāni,"
"12 [GÍN] KÙ.B. i-[šé-er] A-šur-DÙG DUMU I-di-ba-ni En-na-Sú-in i-šu","Ennam-Suen has a claim of 12 shekels of silver on Aššur-ṭāb, son of Idi-bāni;"
"ITU.KAM Na-ar-ma-ak-A-šur li-mu-um E-lá-li DUMU I-ku-nim","month II/III, eponymy of Elalī, son of Ikūnum."
"ṣí-ib-tám ki-ma a-wa-at kà-ri-im Kà-né-eš ú-ṣa-áb","He will add interest according to the regulation of the Kanesh colony."
"15 GÍN KÙ.B. ṣa-ru-pá-am i-šé-er Ma-lá-ba En-na-Sú-in i-šu","15 shekels of refined silver Malaba owes to Ennam-Suen."
"iš-tù ITU.KAM Hu-bu-ur li-mu-um Šu-da-a DUMU En-na-nim a-na 3 ha-am-ša-tim i-ša-qál","From month VI, eponymy of Šudaya, son of Ennānum he will pay within 3 weeks."
"šu-ma lá iš-qúl ki-ma a-wa-at kà-ri-im ṣí-ib-tám ú-ṣa-áb","If he does not pay he will add interest according to the regulation of the colony."
"šu-ma DUMU A-šur-DÙG a-na Ma-lá-ba i-tù-ru En-na-Sú-in ú-ba-áb-šu","If the sons of Aššur-ṭāb raise a claim against Malaba Ennam-Suen will clear him."
"IGI Puzur4-A-šur IGI A-šur-du-gul","Before Puzur-Aššur, before Aššur-dugul."
"2 2/3 ma-na 4 GÍN KÙ.B. ṣa-ru-pá-am i-šé-er Ša-lim-A-hi-im ù Šu-Sú-in En-na-Sú-in i-šu","A debt of 2 minas 44 shekels of refined silver Šalim-ahum and Šu-Suen owe to Ennam-Suen."
"iš-tù SAG ITU.KAM ša ki-na-tím li-mu-um ša qá-té Ì-lí-dan a-na ITU.KAM i-ša-qú-lu","From the beginning of month III, eponymy of the successor of Ilī-dān, they will pay in a month."
"šu-ma lá iš-qú-lu 1 1/2 GÍN.TA: a-na 1 ma-na-im i-na ITU.KAM ṣí-ib-tám ú-ṣú-bu","If they fail to pay they will add 1 1/2 shekel per mina per month as interest."
"IGI Ištar-DINGIR-šu DUMU A-šur-ba-ni IGI A-da DUMU E-na-A-šur","In the presence of Ištar-ilšu, son of Aššur-bāni, of Ada, son of Ennam-Aššur."
"11 ma-na KÙ.B. ša qá-ta-at A-al-DÙG A-šur-UTU ú En-na-Su-en il5-ta-áp-tù","As for the 11 minas of silver for which Aššur-šamšī and Ennam-Suen had themselves registered as guarantors of Āl-ṭāb,"
"šu-ma KÙ.B. i-na ṣé-er A-šur-UTU ú En-na-Sú-in i-ta-al-qé","should the silver be collected at the expense of Aššur-šamšī, and Ennam-Suen,"
"É ša a-lim ša A-al-DÙG e-ru-ba-at KÙ.B.","then Āl-ṭāb's house in the City is a pledge for the silver."
"IGI Zu-ba IGI Puzur4-A-na IGI Na-áb-Sú-in","In the presence of Zuba, of Puzur-Anna, of Nabi-Suen."
"KIŠIB Zu-ba DUMU En-na-nim KIŠIB Puzur4-A-na DUMU A-šur-dan","Seal of Zuba, son of Ennānum, seal of Puzur-Anna, son of Aššur-dān,"
"KIŠIB Na-áb-Sú-in DUMU Puzur4-We-er KIŠIB A-al-DÙG","seal of Nabi-Suen, son of Puzur-Wēr, seal of Āl-ṭāb,"
"ša 11 ma-na KÙ.B. qá-ta-at A-al-DÙG A-šur-UTU ú En-na-Sú-in il5-ta-ap-tù-ni","to the effect that for 11 minas of silver Aššur-šamšī and Ennam-Suen had themselves registered as guarantors of Āl-ṭāb."
"šu-ma KÙ i-na ṣé-er A-šur-UTU ú En-na-Sú-in i-ta-al-qé É ša a-lim ša A-al-DÙG e-ru-ba-at KÙ","If the silver is collected at the expense of Aššur-šamšī and Ennam-Suen Āl-ṭāb's house in the City serves a security for the silver."
"12 GÍN KÙ.B. ša A-al-DÙG a-na Kur-ub-Sú-in ha-bu-lu-ma En-na-Sú-in qá-ta-tù-ni","12 shekels of silver, which Āl-ṭāb owes to Kurub-Suen and (for which) Ennam-Suen was guarantor,"
"KÙ.B. ki-ma Kur-ub-Sú-in Pilah-Ištar il5-qé En-na-Sú-in ki-ma A-al-DÙG KÙ.B. iš-qú-ul-šum","Pilah-Ištar collected that silver in the name of Kurub-Suen, Ennam-Suen paid it to him in the name of Āl-ṭāb."
"šu-ma Kur-ub-Sú-in a-na A-al-DÙG i-tù-wa-ar Pi-lá-ah-Ištar ú-ba-áb-šu","If Kurub-Suen raises a claim (for it) for against Āl-ṭāb, Pilah-Ištar will clear him."
"KÙ.B. i-na li-mì-im Šu-da-a ITU.KAM Ku-zal-li il5-qé","He collected the silver during the eponymy of Šudaya, in month XI."
"IGI IŠKUR-ELLAT IGI Ir-am-A-šur DUMU Ì-dí-ba-ni","Witnessed by Adad-ellat, by Ir'am-Aššur, son of Idi-bāni."
"KIŠIB A-dé-lá-at KIŠ[IB Ir-am]-A-šur DUMU I-dí-ba-ni KIŠIB Pi-lá-ah-Ištar DUMU I-bi4-sú-a","Seal of Adad-ellat, seal of Ir'am-Aššur, son of Idi-bāni, seal of Pilah-Ištar, son of Ibisua,"
"ša 12 GÍN KÙ.B. A-al-DÙG a-na Kur-ub-Sú-in ha-bu-lu-ma En-na-Sú-in qá-ta-tù-n[i]","to the effect that Āl-ṭāb owes 12 shekels of silver to Kurub-Suen and Ennam-Suen is guarantor"
"[12] GÍN KÙ.B. ki-ma","The 12 shekels of silver instead of <gap>"
"Šu-Ištar ù En-na-Sú-in iṣ-bu-tù-ni-a-tí-ma um-ma En-na-Sú-in-ma","Šu-Ištar and Ennam-Suen seized us and Ennam-Suen said:"
"KÙ ša qá-ta-at A-al-DÙG a-šu-mì Ki-li-ri-e ni-il5-tap-tù KÙ šu-qú-ul","The silver for which we had ourselves registered as guarantors of Al-ṭāb concerning the Kilirians, pay that silver."
"um-ma Šu-Ištar-ma a-na 6 ITU.KAM ki-ma a-wa-at a-li-a: a-lá-kam-ma a-wa-tám a-dá-na-kum","Šu-Ištar answered: Within 6 months, in accordance with the ruling of my city, I will come and render account to you."
"um-ma En-na-Sú-[in]-ma šu-ma a-na 6 ITU.KAM a-na Ta-wi-ni-a lá [ta]-lá-kam-ma a-wa-tám lá ta-dí-nam","Ennam-Suen said: If you do not come to Tawiniya within 6 months and do not render account to me,"
"ba-lum di-nim ba-lúm ma-mì-tim KÙ ú ṣí-ba-tí-šu lá ta-dá-nam","will you then not give me the silver and its interest without resorting to legal action or oath?"
"um-ma Šu-Ištar-ma lá-dí-na-kum","Šu-Ištar answered: I will give it you."
"a-na a-wa-tim a-ni-a-tim kà-ru-um Ta-wi-ni-a i-di-ni-a-tí-ma IGI GÍR ša A-šur ṭup-pá-am a-ni-am ni-dí-in","For these words the Tawiniya colony made us appear in court and before Aššur's dagger we gave this tablet."
"IGI Ištar-ba-ni IGI Ší-ma-ta-nim IGI Zu-NI-a Ma-num-ba-lúm-A-šur DUMU Du-ni-a ra-bu-ni","Witnessed by Ištar-bāni, by Šimatānum, by Zulniya; Mannum-balum-Aššur, son of Dunniya, was our fourth man."
"a-na A-šur-UTU ù En-na-Sú-in qi-bi4-ma um-ma A-al-DÙG-ma","Say to Aššur-šamšī and Ennam-Suen, thus Āl-ṭāb."
"a-na A-šur-UTU qi-bi4-ma mi-šu ša ta-áš-pu-ra-ni-ni um-ma a-tù-nu-ma al-kam ṣí-tám ni-ša-kà-an","Say in particular to Aššur-šamšī: Why are you writing me as follows: Come here, we must submit the expenditures?"
"tám-kà-ru-um i-na re-ší-a i-za-az KÙ.B. 1 ma-na a-ša-qá-al","The creditor keeps a check on me (because) I have to pay 1 mina of silver!"
"ke-e lá-li-kà-am ú-lá 10 GÍN KÙ.B. i-na qá-tí-a i-ba-ší","How could I come while I do not even have 10 shekels of silver available?"
"a-hu-a a-tù-nu a-dí ITU.1.KAM qá-i-a-ni","Please, my brothers, wait one month more for me."
"šu-ma e-mu-qá-tám e-pá-áš-ku-nu-ma ma a-kà-ri-im i-lá-ak-ma kà-ru-um i-da-ku-nu ù a-na-ku qá-dí-ku-nu-ma","If he treats you in a violent way, yea even turns to the colony and the colony makes you appear in court, then I am with you in it!"
"a-bi4 a-ta šé-ṭù-ta-kà a-na-ku a-lá-qé a-lá-nu-kà-a","My dear father, could I hold you in contempt?"
"a-ba-am ša-ni-am","Do we have any father but you?"
"ni-šu a-na Tù-ùh-pi-a e-tí-iq-ma KÙ.B. 10 GÍN ù 1/3 ma-na ma-lá ga-am-ri-a: a-lá-qé-a-ma","I will travel on to Tuhpiya and try to get some silver, 10 or 20 shekels, as much as I need for my expenses,"
"ù a-ta-bi4-a-ma a-ta-lá-kam","then I will get moving and depart for you."
"a-bi4 a-ta DÍ-RI-ú","You, my father, <gap>!"
"A-šur-UTU ù En-na-Sú-in iṣ-bu-tù-ni-a-tí-ma um-ma En-na-Sú-in-ma a-na A-šur-UTU-ma","Aššur-šamšī and Ennam-Suen seized us and Ennam-Suen said to Aššur-šamšī:"
"KÙ.B. ki-iš-da-a dí-nam","Give me the silver that accrues to me."
"um-ma A-šur-UTU-ma KÙ.B. ú-lá a-da-na-kum a-na li-ta-tim ak-ru-ub-kà","Aššur-šamšī answered: I will/can not give you the silver, for I have <gap> you <gap> for <gap>."
"um-ma En-na-Sú-in-<ma> mi-šu-um a-ta i-a-tí ta-kà-ra-ba-ni","Ennam-Suen said: Why is it me that you are <gap> me?"
"me-er-i-kà ku-ru-ub","Do it to your sons!"
"um-ma A-šur-UTU-ma a-na ga-am-ri-kà a-na-ku a-za-za-kum","Aššur-šamšī answered: I will personally take your expenses for my account."
"IGI Zu-ba IGI Puzur4-IŠKUR A-lá-bu-um DUMU Zi-a tap-pá-i-ni","In the presence of Zuba (and) of Puzur-Adad; Ali-abum, son of Zia was our colleague."
"a-na a-wa-tim a-ni-a-tim kà-rum Kà-ni-eš i-di-ni-a-tí-ma ṭup-pá-am IGI GÍR ša A-šur ší-bu-tí-ni ni-dí-in","For these words the Kanesh colony made us available and this tablet (with) our testimony we presented before Aššur's dagger."
"KIŠIB Zu-ba DUMU En-na-nim KIŠIB Puzur4-IŠKUR DUMU I-dí-Ištar","Seal of Zuba, son of Ennānum, seal of Puzur-Adad, son of Iddin-Ištar;"
"A-lá-bu-um DUMU Zi-a tap-pá-i-ni","Ali-abum, son of Ziya, was our companion."
"a-na a-wa-tim a-ni-a-tim kà-ru-um Kà-né-eš i-di-ni-a-tí-ma ṭup-pá-am IGI GÍR ša A-šur ší-bu-tí-ni ni-dí-in","For these words the Kaneš colony made us available and this tablet we gave as our testimony rendered before Aššur's dagger."
"a-na ṣé-er A-šur-UTU i-na ba-[áb] ha-ra-ni-šu né-ru-ub-ma um-ma En-na-Sú-[in] a-na A-šur-UTU-[ma]","We entered with Aššur-šamšī when he was about to go on a journey and Ennam-Suen said to Aššur-šamšī:"
"a-pu-na lá-ma kà-sà-am ni-iš-tí-ú: a-wa-tí-im lá-ta-wu-kum li-ba-tim lá ta-ma-lá","Please, before we drink from the cup I want to declare something to you, do not get angry!"
"i-nu-mì i-n[a] Wa-áš-ha-ni-a ú-kà-i-lu-ni-n[i] 2 ma-na KÙ.B. a-ha-ti tù-šé-bi-lá-kà","When they detained me in Wašhaniya did my sister send you to me with 2 minas of silver?"
"um-ma A-šur-[UTU] ke-na tù-šé-bi-lá-ni-ma ú-lá a-dí-na-kum","Aššur-šamšī answered: Sure, she sent me, but I did not give it to you."
"um-ma En-na-Sú-i[n]-ma u4-ma-am a-ha-tí ta-tù-ra-am um-ma ší-it-ma ta-al-tám-nam","Ennam-Suen then said: Today my sister has come back here and she said: You have done me wrong!"
"KÙ.B. ù ṣí-ba-tí-šu ša iš-tù 8 ša-na-tim šé-ṣí-ma dí-nam","Produce the silver and its interest due since eight years and give it to me!"
"um-ma A-šur-UTU-ma e-ni-ma-ma a-na šé-ep A-šur-i-mi-tí am-qú-ut: a-hu-ú-a: a-tù-nu","Aššur-šamšī answered: Just now I have humbly begged Aššur-imittī, saying: Please, my brothers,"
"a-ma GUŠKIN 15 GÍN ù 1 ma-na sà-am-tum ma-lá ta-le-a-ni É.GAL-lam ṭá-i-ba","here are gold, 15 shekels, and 1 mina of carnelian, appease the palace as well as you can."
"um-ma A-šur-UTU-ma a-n[a] En-na-Sú-in-ma šu-ma KÙ.B. a-na ma-dí-im i-tù-ar al-kam-ma","Aššur-šamšī also said to Ennam-Suen: If the silver (due) has increased much then come here,"
"ší-b[é]-kà la-aṣ-ba-a[t]-ma ma-e-pá-ší-im ep-ša-ni","let me seize your witnesses and do with me what you think best!"
"um-ma En-na-in-ma a-na A-šur-UTU-ma É.GAL KÙ.B. ma-dam i-ṣé-ri-a <i-šu>","Ennam-Suen answered Aššur-šamšī as follows: The palace <has> a substantial silver claim on me <gap>."
"um-ma A-šur-i-mi-tí ù A-ku5-a-ma a-na DINGIR-ba-ni ù Sú-in-DINGIR-šu qi-bi-ma","Thus Aššur-imittī and Akūa, say to Ilī-bāni and Suen-ilšu:"
"ta-ah-si-is-tam ša a-wa-at En-na-Sú-in ù A-šur-UTU ni-ig-mu-ru a-ma-kam","Look for the document (recording) that we settled the affair of Ennam-Suen and Aššur-šamšī,"
"lu i-na qá-tí a-wil-il5-tim lu i-na ṭup-pé-e ša ku-nu-ki-ni am-ra-ma ma-la a-wa-tù-šu ga-am-ra-ni dí-na-šu-ma li-il5-ma-sí","either among what the lady has with her or among the tablets under our seals and give him the record declaring that his whole affair has been settled, so that he can take cognizance of it."
"lá-šu-a-at a-wa-tí-šu né-nu: nu-kà-a-al ù a-tù-nu a-ma-kam ma-lá tù-kà-lá-ni","If it is not there, we remember his words and you there must write down everything you remember,"
"lá-pi-ta-ni-ma a-wa-at-ni a-na iš-té-et li-tur4-ma a-na-kam a-wa-sú lu ni-iq-bi4-šum","so that our statement becomes one and the same and we can tell him here (the outcome of) his affair."
"A-na-ah-i-lí ha-mu-uš-ni","Ānah-ilī was our fifth man."
"a-na DINGIR-ba-ni qi-bi4-ma ša 3 ma-na KÙ.B. ú-mu-kà e-ta-at-qú-ú ù KÙ.B. x-na-x at: im-tí-ṣí-x","Say to Ilī-bāni: Your term for the 3 minas of silver has passed and the silver <gap>"
"ma-lá K[Ù.B. qá]-at-kà i-kà-[šu-d]u a-na En-na-Sú-in di-in-ma lu-ub-lam","Give all the silver you manage to acquire to Ennam-Suen to bring it here."
"ki-a-a-ma: wa-áš-ba-ku","It is for that reason that I am staying!"
"5 GÍN KÙ ig-ri-šu dí-in","Give him 5 shekels of silver as wages."
"um-ma A-šur-i-mi-tí-ma a-na En-nam-A-šur qi-bi4-ma","Thus Aššur-imittī, say to Ennam-Aššur:"
"5 né-nu a-wa-tí-ku-nu ni-ig-mu-ur-ma 24 TÚG.HI.A ma-ah-ri-ni i-ší-ik-nu","The five of us settled your affair and 24 textiles were submitted to us."
"6 TÚG.HI.A Kà-zi-a ta-al-qé 18 TÚG.HI.A ší-tám En-na-Su-in ú-ba-li-iṭ-ma","6 textiles Kaziya took, the remaining 18 textiles Ennam-Suen has made available as asset,"
"lu ša li-tí-šu lu ša ma-ku-ur ša-bu-a-tí-ni a-na ša-al-ša-tí-ku-nu a-ta-wa","so that you are satisfied both with his <gap> and with what is <gap> About your one-third share you must negotiate."
"a-ma-kam ma-ma-an lá ú-ša-ha-az-kà-ma iš-tí a-hi-kà lá ta-ṣa-al iš-tí a-hi-kà lu ṭá-ba-tí","Over there nobody must instigate you to quarrel with your brother(s); be on good terms with your brother(s)!"
"a-na As-q[ú-dim] ù A-bi4-lá qi-bi-ma [um-ma I]-dí-Sú-in-ma","Say to Asqudum and Abila thus Iddin-Suen:"
"i-na UR[UDU A]-šur-i-dí URUDU SIG5 [a]-na En-na-Sú-in di-[in]","Give from Aššur-idī's copper 1 talent of refined copper to Ennam-Suen."
"a-hu-a a-tù-nu ih-da-ma URUDU A-šur-i-dí ša-áš-qi-lá: ù na-pá-al-tù-šu šu-up-ra-nim","Please, my brothers, take care to make Aššur-idī pay the copper and write me also his reaction."
"ù 5 GÚ URUDU ša Šu-Ištar li-iš-qú-ul ba-lu-um té-er-tí-a KI a-wí-lim i-mi-gi5-ir","He must also pay 5 talents of copper of Šu-Ištar. He has come to an agreement with the man without an instruction of mine."
"i-ša-ha-at En-na-Sú-in i-zi-za-ma a-na kà-ú-l[i-šu] ù ša-ku-*[li]-šu","Assist Ennam-Suen and be ready to support him and to provide him"
"ma-h[a- x]","with food."
"a-hu-a-tù-nu ú-ṭù-tám lu tù-pá-qí-dá nu-dí-ma a-lá-nu-ma lá tù-pá-ra-dá-šu","Please, my brothers, you must provide (her?) with barley <gap>, and from there(?) you must not scare her."
"šú-ba-sà-a ù ší-it-ar-ša-a eṭ-ra-šu","Deprive her of her garment and her head-dress."
"a-na DUMU A-šur ù a-na DUMU Kà-né-eš lá ta-dá-na-šu a-na Ta-al-ha-tim dí-na-šu","You must not sell her to an Assyrian or to a citizen of Kanesh. Sell her to a man from Talhat"
"ú a-ša-ar ta-dá-na-ni um-ma a-tù-nu-ma a-na ma-at Kà-né-eš a-wí-il5-tám lá tù-ta-ra-nim","and where you sell (her) you must say: Do not bring the woman back to the land of Kanesh!"
"um-ma Šu-Ištar-ma a-na En-na-Sú-in qi-bi-ma","Thus Šu-Ištar, say to Ennam-Suen:"
"mi-šu ša ta-áš-pu-ra-ma um-ma a-ta-ma 1/2 ma-na KÙ.B. hu-bu-lá-am a-ma-at-kà té-pu-uš","Why have you written me as follows: Your maid has contracted a debt of 1/2 mina of silver."
"a-šé-er ra-ga-at-ni ù hu-bu-lá-am a-na na-q-ki-ša-a té-pá-áš","She is not only wicked, but is also contracting a debt for her <gap>"
"10 ma-na 10 GÍN KÙ.B. šé-bu-lá-tim uš-té-bi4-lá-ší-im","I have sent her consignments of silver amounting to 10 minas and 10 shekels!"
"a-ma-kam: a-ta ù-la ta-na-ṭá-al a-ma i-a-tí-i ta-[ṭ]á-ba-am","Over there, you are not even looking! Is it really to me that you are being nice?"
"a-[a]m-tám ha-li-iq a-na Ta-al-ha-tim di-i-ší a-na DUMU A-šur lá ta-dá-[ší]","Get rid of the maid, sell her to a man from Talhat, do not sell her to an Assyrian!"
"a-na Ku-ku-a En-na-Sú-in ù Ú-ṣú-<ur>-ša-A-šur qi-bi-ma um-ma Šu-Ištar-ma","Say to Kukua, Ennam-Suen and Uṣur-ša-Aššur, thus Šu-Ištar:"
"a-ma-kam a-am-tám sà-ni-qá-ma i-na Ú-zi-ni-im e té-pu-uš-ma nu-a-am e ta-al-pu-ut a-ni-ša-am","Keep the maid there under control and let her not operate in Uzinum and not affect the native Anatolian."
"ta-áš-pu-ra-am um-ma ší-it-ma šu-up-ra-ma ší-me-a ma-ma-an li-il5-qé","She wrote me here as follows: Send (somebody) to collect the price due to me."
"a-hu-a-tù-nu a-ma-kam am-tám sà-ni-qá-ma ú sí-li-a-ší-ma","May dear colleagues, keep the maid there under control and cheat her"
"um-ma a-tù-nu-ma a-na ṣé-er be-li-ki-i i-ra-de5-ú-ki lu sà-he-er-tí-ki lu KÙ.B. 1 GÍN tí-šu-i pá-hi-ri-ma","by telling her: One will conduct you to your lord. Collect your small goods and any silver you have"
"KI a-li-ki-im pá-ni-ma a-na ṣé-er be-li-ki ta-li-ki a-na-ma tù-pá-hu-ru-ni","and then you will go to your lord with the first caravan! And as soon as she is gathering her belongings"
"ṣú-ba-sà-a ù ša qá-qí-dí-ša-a eṭ-ra-ma a-na Ta-al-ha-tí-i-im di-na-ší a-na DUMU A-šur ù DUMU Kà-né-eš lá ta-dá-ší","deprive her of her garment and her head-dress and sell her to somebody from Talhat. Do not sell her to an Assyrian or to a citizen of Kanesh."
"ha-li-qá-áš ù ma-at Kà-ne-eš lá i-na-mar","Get rid of her and she shall never (again) be seen in the land of Kanesh!"
"a-na A-šur-na-da Sú-in-il5-šu ù En-na-Su-in qi-bi-ma um-ma MAŠ LUGAL-ki-in-ma","To Aššur-nādā, Suen-ilšu, and Ennam-Suen, thus <gap> Šarrum-kēn:"
"i-na Wa-áš-ha-ni-a ni-na-me-er-ma um-ma a-ta-ma TÚG.HI.A É.GAL-lúm ú-la it-ba-al a-ta-ma ta-at-ba-al-šu-nu","When we met in Wašhaniya you said: It was not the palace that took the textiles away, it was you who took them away!"
"i-nu-mì ú-šé-ṣí-ú-ni a-na-ku lá-šu-<a>-ku: qá-tí É.GAL-lim-ma: 4 DUMU um-mi-a-nim iṣ-ba-at-ma È-tí","When it removed them I was not present, the palace itself seized four affiliated traders and they searched"
"ú-na-dí-du-ma TÚG.HI-tí-kà ú-šé-ṣí-ú ṭup-pá-am a-ší-a-tí a-dí(TI)-a-kum","my house and removed your textiles. Therefore I drew up a tablet for you"
"ú ší-bé-a az-ku-ra-kum ší-bé-a a-na ba-áb DINGIR ú-šé-ra-da-ma","and I named you my witnesses. I am ready to lead my witnesses down to the Gate of the god so that"
"ṭup-pá-am ša ku-nu-kí-šu(KU)-nu ša 4: šu-nu-tí ta-lá(TAL)-qé","you can acquire a tablet with their seals, those of these four men."
"a-hi a-ta: ša a-wa-tim né-nu šu-ma a-na ma-mi-tim ta-pá-li-li mu-ru-úṣ","Please my brother, are we men to fight? If you wish to start a judicial procedure to make me swear,"
"li-bi-kà a-na ša ki-ma <ku-a-tí> lá-pí-ta-ma lu-ta-mí-ú-ni ṭup-pá-am ša ku-nu-ki-a ša tù-kà-lu-ú a-na ša ki-ma i-a-tí dí-in","write down you grievances for <your> representatives, so that they can make me swear. Give the tablet with my seal that you have in your possession to my representatives."
"šu-ma la ta-da-an ša-sí-hi-ma lu-ma lá-li-kam ma-aṣ-a-tí-ma a-ma-kam lu ni-ta-wu","If you do not wish that, have me transferred here, so that I can come to swear. You have taken the initiative, so let us discuss over there."
"um-ma I-dí-Sú-in-<ma> a-na En-na-Sú-in qi-bi4-ma šú-ha-ra-am ga-lá-ba-am [Ha]-dí-a-[šu x]-ra-dé-am","Thus Iddin-Suen, say to Ennam-Suen: The boy who is a barber Hadiaššu is leading to you."
"[dí]-u-m[a x x] li-qí KÙ.B. ku-šu-ud 3 ku-ta-ni ù TÚG a-bar-ni-am ša ta-ak-lu-ú","Sell him and collect his price, (and so) obtain silver. The 3 kutānu-textiles and the Abarnian one that you held back,"
"a-na Ha-dí-a-šu dí-in-ma: lu-ub-lam a-dí: a-ma-kam wa-áš-ba-tí-ni sí-ku-šu kà-[il5]","give them to Hadiaššu to bring them to me. As long as you stay there you must hold him by his hem."
"šu-ma lá i-lá-kam kam","If he does not come <gap>"
"um-ma I-dí-Sú-in-ma a-na Ilī5-ba-ni A-b[i-lá] ù En-na-Sú-in [qi-bi4-ma]","Thus Iddin-Suen say to Ilī-bāni, Abila and Enna(m)-Suen:"
"i-na pá-na ú-nu-tí-[a] la-dí-a-am-ma mi-š[u] ú-nu-tí-a ta-at-ba-al-m[a] ni-kà-sí iš-tí-a ú-lá ta-sí ù u4-ma-[am] lu-qú-tí x ta-ar-de5-[a]-ma","I wished to deposit my goods at the start, so why have you taken away my goods without having settled accounts with me? And today you have taken along my merchandise"
"ku-nu-ke ša a-bi4-a ù um-mi-a-ni-a ú-lá a-mu-ur ku-nu-ke tù-pá-ṭé-er-ma","and the seals of my father and my investor(s), you have broken these seals without me even having seen them and"
"tu-BA-li-ih TÚG šu-ba-tám na-ar-ba-am a-ha-tí tù-šé-bi4-lam a-ta TÚG ta-ak-ta-lá","so have <gap> My sister sent me a soft garment, but you have held back that garment."
"šu-ma a-šu-um TÚG a-mì-e-im ki-ma ša a-bi4-kà na-pá-áš-ta-[kà] lá a-ki-is mi-nam ha-bu-lá-ku-ma 3 TÚG ṣú-[ba-tí-a] ta-ak-ta-lá","If, because of this textile, as if it were your father's, I have not cut your throat, what then do I owe you that you have held back 3 textiles of mine?"
"ki-ma [a-ta] sà-ra-tí-ni-m[a <gap>] pu-ru-sà [i-dí]-ni a-na-ku lá i-de5-e mi-šum a-ta ú-nu-tí-a ta-at-[ba-al]","That <gap> you are false(?) and the decision of <gap>, would I not know that? Why have you taken away my goods?"
"um-ma I-dí-Sú-in-<ma> a-na En-na-Sú-in qi-bi4-ma mi-šu ša ta-áš-pu-ra-ni um-ma a-ta-ma","Thus Iddin-Suen say to Enna(m)-Suen: Why did you write me as follows:"
"AN.NA a-na ni-ip-lá-tim al-qé-ma 7 GÍN.TA a-na KÙ.B. pá-i a-dí-in AN.NA-kam [tù-u]b-lá-šu-ma tù-pá-ṭé-er-šu","I took the tin as balance payment and I have promised a rate of 7 shekels to 1 in silver. You took along the tin and unpacked it,"
"tù-BA-li-ih šu-ma a-ta AN.NA a-na KÙ.B. ta-lá-qé-am mi-šum sú-ri: té-ta-na-pá-áš-ma","you have <gap> If you want to take tin for silver why do you keep practicing deceit, so that I cannot fail"
"ša tù-BA-li-hu li-bi4 ú-lá ma-ri-iṣ ù a-na <gap> KÙ.B. ša té-ri-šu-ni li-bi4 ú-lá ma-ri-iṣ","to be angry because you have <gap> and angry too about the silver that you requested?"
"mi-šum TÚG ša a-ha-tí a-na li-ta-áb-ší-a tù-šé-bi4-lá-ni ta-ak-lá ù TÚG lu-bé-[ri]-ma [ša] ta-ak-lu-ú: šé-bi4-lam [x] a-ta-al-kam-ma x x KU x x x x","Why have you held back the garment my sister had sent me to wear? Send me also the garments that you held back, leave and come here <gap>."
"[É] ša Ištar-lá-ma-sí ù A-šur-DÙG a-na 2 1/2 ma-na KÙ.B. a-na Ša-lim-ma i-dí-nu-ma","The house of Ištar-lamassī and Aššur-ṭāb they sold to Šalimma for 2 1/2 minas of silver"
"KÙ.B. ší-im É-šu-nu A-šur-DÙG ù Ištar-lá-ma-sí ša-bu-ú É ša Ša-lim-ma","and with price for their house Aššur-ṭāb and Ištar-lamassī are satisfied. That house (now) belongs to Šalimma."
"šu-ma ma-ma-an a-na É i-tù-a-ar-<ší>-im A-šur-DÙG ù Ištar-lá-ma-sí ú-bu-bu-ší","If anybody raises a claim against her for the house, Aššur-ṭāb and Ištar-lamassī will clear her."
"ṭup-pá-am ša ší-im É a-ni-ú-tim ša ku-nu-uk nu-a-im be-el É pá-nim A-šur-DÙG a-na Ša-lim-ma i-dí-in","The tablet recording the payment for this house with the seal of the Anatolian who was the previous owner of the house, Aššur-ṭāb has given to Šalimma."
"IGI UTU-ba-ni [IGI] A-šur-ma-lik [IGI] Sú-in-SIPAD","In the presence of Šamaš-bāni, Aššur-mālik, Suen-rē'ī."
"i-na ha-a[r-pi-im <gap>] i-ša A-na [KÙ.B. i]-[ša-qú-lu] KÙ.B. i-na *áb-nim ni-[a-tim] ta-ki-tám i-ša-qú-lu","in sum <gap>, at Anna's festival they will pay the silver. They will weigh it out by our weight, in the correct amount."
"15 GÍN KÙ.B. i-ṣé-er Iš-ha-ša-ra ú A-li-a-ah-šu-šar Ša-lim-ma tí-šu","15 shekels of silver Išhašara and Ali'ahšušar owe to Šalimma."
"6 na-ru-uq ú-ṭá-tí-im i-na SÀ.BA na-ru-uq ú 2 kà-ar-pá-at ar-ša-tim ṣí-ib-tám ú-ṣú-bu i-na ha-ar-pi-im i-ša-qú-lu ú 10 ak-le","6 sacks of grain, thereof 1 sack and 2 jars of wheat they will add as interest - they will pay in the summer and they will add 10 breads."
"ú-ṣú-bu IGI I-na-Sú-in IGI Ta-ra-ak-ša IGI Ta-ri-ku-ta šu-ma KÙ.B. ú-ta-ru-nim i-ša A-na i-ša-qú-lu","Before Ennam-Suen, before Tarakša, and before Tarikuta. When they give back silver they will pay at Anna's festival."
"um-ma Ša-lim-ma-ma a-na Šu-Ištar ù a-na A-šur-i-mi-tí <qi-bi-ma> a-na A-šur-i-mi-tí qi-bi-ma me-er-i a-ta: ta-ma-lá-ki ša ṭup-pé-a pí-tí-a-ma","Thus Šalimma, say to Šu-Ištar, and Aššur-imittī, especially to Aššur-imittī: Please, my son, open my tablet coffer and take out of it"
"ṭup-pá-am ša hu-bu-ul Ili5-ba-ni šé-li-a-ma Šu-Ištar lu-ub-lá-šu a-na-kam: ṣa-al-tám iš-tí-a e-pu-uš-ma li-bi4-i da-ni-iš uš-ta-am-ri-iṣ","the tablet of the debt of Ilī-bāni and let Šu-Ištar bring it here. Here he has started a fight with me and has offended me seriously."
"me-er-ú-a a-tù-nu ih-da","Please, my sons, pay attention!"
"ù Ša-li-ma a-ša-at Ir-ma-A-šur","and Šalimma, the wife of Irma-Aššur"
"18 1/4 GÍN KÙ.B. i-li-bi4 Ir-ma-A-šur","18 1/4 shekels of silver due from Ir'am-Aššur."
"Ir-ma-A-šur a-na DÙG-[ṣí-li]-A-šur DUMU Ì-li-a-lúm [Lá]-qé-pí-im DUMU Puzur4-A-na [ù] I-šu-hi-im DUMU Šu-lí ša ki-ma Šu-lí iṣ-ba-at-ni-a-tí-ma","Ir'am-Aššur seized us against Ṭāb-ṣilli-Aššur, son of Ili-ālum, La-qēpum, son of Puzur-Anna, and Išuhum, son of Šuli, representing Šuli, and"
"um-ma Ir-ma-[A-šur]-ma 2 1/2 ma-na KÙ.B. [ša] Šu-lí DUMU Bu-zu-t[a-a <ša> E]n-na-Sú-[in] DUMU Ì-lí-a a-na ší-a-ma-[tim] i-dí-na-ni-ma qá-tí ú-kà-i-lu-ma","Ir'am-Aššur said: 2 1/2 minas of silver belonging to Šuli, son of Buzutaya, which Ennam-Suen, son of Iliya, gave me for making purchases and which I kept in my possession and"
"a-wa-tí-a [Ah]-ša-lim DUMU Bu-zu-ta-a Bé-lá-num [DUMU] Šu-A-šur ù A-šur-[tak]-lá-ku DUMU A-lá-[hi]-im ig-mu-ru-ni KÙ.B. šu-a-tí ki-ma Šu-lí ša-bu-a-tí","for which Ah-šalim, son of Buzutāya, Bēlānum, son of Šu-Aššur, and Aššur-taklāku, son of Ali-ahum settled my case, with that silver you have been satisfied as representative of Šuli."
"Šu-lí DUMU Bu-zu-ta-a lá i-tù-ra-am um-ma DÙG-ṣí-li-A-šur-ma Lá-qé-ep DUMU Puzur2-A-na ù I-šu-hu-um DUMU Šu-lí","Šuli, son of Buzutāya, shall not raise a claim (for it) against me. Ṭāb-šilli-Aššur, La-qēp, son of Puzur-Anna, and Išuhum, son of Šuli, answered"
"a-na Ir-ma-A-šur-ma KÙ.B. ša Šu-lí ša a-wa-at-kà gám-ra-a-ni Šu-lí ša-bu-a-ni a-na ša ṭup-pí-kà a-na KÙ.B. DAM.GÀR-ru-um i-šé-e-kà i-na ha-muš-tim","Ir'am-Aššur: With the silver of Šuli, whose affair with you has been settled, we have satisfied Šuli. On the basis of what your record states the tamkārum will sue you for the silver. During the week"
"ša A-šur-iš-tí-kál DUMU Sú-kà-<li>-a ITU.KAM tí-i-na-tim li-mu-um Ma-ṣí-i-[li I]GI Ku-da-dim DUMU A-šur-[DÙG] IGI DINGIR-na-da DUMU [A-šur]-na-da","of Aššuriš-tikal, son of Sukkalliya, month X of the eponymy of Maṣi-ilī. In the presence of Kudādum, son of Aššur-ṭāb, of Ilī-nādā, son of Aššur-nādā."
"Puzur4-A-šur ù Ir-ma-A-šur i-na a-lim iṣ-bu-tù-ni-a-tí-ma um-ma Ir-ma-A-šur-ma a-na Puzur4-A-šur-ma ṭup-pé-a i-na Wa-ah-šu-ša-na: ta-áp-té-[m]a","Puzur-Aššur and Ir'am-Aššur seized us in the city and Ir'am-Aššur said to Puzur-Aššur: You gained access to my tablets in Wahšušana and"
"ṭup-pá-am ša 2/3 ma-na 5 GÍN KÙ.B. ša Pí-lá-ha-a-nim DUMU Da-nu-um-i-[lí] tal-qé ṭup-pá-am: ša 15 GÍN KÙ.[B.] ša Kà-as-ká-nu-i-il5: tal-q[é]","you took a tablet of 45 shekels of silver of Pilahānum, son of Dannum-ilī, (and) you took a tablet of 15 shekels of silver of Kaskanu'il."
"um-ma Puzur4-A-šur-ma: ke-na al-qé: ša-zu-uz-tí: a-ta ù Puzur4-UTU DUMU Šu-[Nu-nu] [ší]-si-a: [l]á-lik-ma [me-e]-h-ri-a ù ta-[ah-s]í-sà-tí-a","Puzur-Aššur answered: Indeed, I took (them). You, as my representative, and Puzur-Šamaš, son of Šu-Nunu, must settle accounts, then I will go to inspect my copies and memos"
"[lá-mur-ma x x]-nim-ma [x x x x x] x [x x x x]-lá DUMU Šu-Nu-nu [na-áš-a]-kum: a-ṣé-er [x ma-n]a 1 1/3 GÍN KÙ.B.-pí-kà 1 ma-na [ú-r]a-da-ma: ú-šé-ba-lá-ku-ma","<gap> la, the son of Šu-Nunu is bringing to you. To your x mina 1 1/3 shekel of silver I will add 1 mina and send it to you and"
"ù i-na e-lá-i-kà: lu ni-iz-ku a-na a-wa-tim: a-ni-a-tim kà-ru-um Kà-ni-iš i-dí-ni-ma IGI GÍR ša A-šur ší-bu-tí: a-dí-in IGI Bu-[za-zu] DUMU Pu-šu-ki-in Li-ip-tí-Ištar DUMU Iš-ma-A-[š]ur tap-pá-i","when you come here, we must clear accounts. For these words the Kanesh colony made me available and before the dagger of Aššur I gave my testimony. In the presence of Buzāzu, son of Pūšu-kēn; Lipit-Ištar, son of Išme-Aššur was my companion."
"2 ma-na KÙ.B. a-Ba-zi-a 1 ma-na KÙ.B. ù ṣí-ba-sú ša Dan-A-šur 1 ma-na KÙ.B. É kà-ri-im","2 minas of silver for Baziya; 1 mina of silver with the interest on it of Dān-Aššur; 1 mina of silver of the colonial office;"
"1/2 ma-na KÙ.B. Wa-wa-li A-šur-i-mi-tí SÀ.BA 2 1/2 ma-na 1/2 GÍN KÙ.B. Ir-ma-A-šur i-lá-qé","1/2 mina of silver Wawali (and) Aššur-imittī - Of this Ir'am-Aššur will take 2 minas 30 1/2 shekels of silver."
"mi-ma a-nim a-na Ir-ma-A-šur e-zi-ib IGI Šu-Ištar DUMU Da-da-nim IGI Sà-ba-sí-a","All this I left to Ir'am-Aššur, in the presence of Šu-Ištar, son of Dadānum, and of Sabasiya."
"KIŠIB Šu-mi-a-bi4-a DUMU A-ba-ra-a KIŠIB En-na-nim DUMU Šu-Hu-bur KIŠIB Puzur4-Ištar DUMU A-šur-ták-lá-ku","Seal of Šumi-abia, son of Abaraya, seal of Ennānum, son of Šu-Hubur, seal of Puzur-Ištar, son of Aššur-taklāku."
"3 2/3 G[ÍN K]Ù.B. ṣa-ru-pá-am a-na Puzur4-Ištar a-šu-mi A-šur-DÙG Ir-ma-A-šur iš-qú-ul","3 2/3 shekels of refined silver Aššur-ṭāb paid to Puzur-Ištar in the name of Ir'am-Aššur."
"a-na mi-ma šu-um-šu Puzur4-Ištar a-na Ir-ma-A-šur lá i-tù-ar iš-tù ha-muš-tim ša Kur-ub-Ištar ITI.KAM ša sá-ra-tim li-mu-um ša qá-té En-na-Sú-in","anything, whatsoever, on Ir'am-Aššur. Puzur-Ištar will not come back for anything, whatsoever, on Ir'am-Aššur. From the week of Kurub-Ištar, month III of the eponymy of the successor of Ennam-Suen"
"2/3 ma-na KÙ.B. ṣa-ru-pá-am bé-ú-la-tim ša Ir-ma-A-šur A-šur-GAL ú-kà-al iš-tí KÙ.B. A-šur-GAL uk-ta-al","2/3 mina of refined silver, the working capital of Ir'am-Aššur, Aššur-rabi has in his possession. With the silver Aššur-rabi is held (in service)."
"IGI A-šur-GAL IGI En-um-A-šur","Witnessed by Aššur-rabi, by Ennam-Aššur"
"2/3 ma-na KÙ.B. ṣa-ru-pá-am i-na ma-na-im ša A-mur-UTU ba-lúm du-na-e i-ta-ki-is i-ṣé-er Ir-ma-A-šur I-ri-ší-im ù Ili5-me-ta-ku Ú-ṣur-ša-A-šur i-šu","2/3 mina of refined silver - he cut it off with the (1-)mina weight of Amur-Šamaš, without surcharge - Ir'am-Aššur, Irišum and Ilī-wedāku owe to Uṣur-ša-Aššur."
"iš-tù ha-muš-tim ša A-šur-i-di ù Šu-Ištar ITU.KAM kan-wa-ar-ta li-mu-um IŠKUR-ba-ni a-na 4 ha-am-ša-tim i-ša-qú-lu šu-ma lá iš-qú-lu","From the week of Aššur-idī and Šu-Ištar, month IX, eponymy year of Adad-bāni, they will pay within 4 weeks. If they do not pay they will"
"1 1/2 GÍN.TA i-ITU.KAM-im ú-ṣú-bu KÙ.B. i-qá-qá-ad šál-mí-šu-nu ra-ki-is IGI DÙG-A-šur IGI Šu-Ištar","add (an interest of) 1 1/2 shekel per mina per month. They are jointly liable for the silver. In the presence of Ṭāb-Aššur, of Šu-Ištar."
"KIŠIB Ì-lí-áš-ra-ni DUMU A-šur-DÙG KIŠIB Šu-Sú-in DUMU Da-dí-im KIŠIB E-nu-Bé-lúm ša ší-tí ša [hu-bu-ul] Ir-ma-A-šur","Seal of Ilī-ašranni, son of Aššur-ṭāb, seal of Šu-Suen, son of Dadum, seal of Ennam-Bēlum, of the remainder of the debt of Ir'am-Aššur."
"i-na ITI 1.KAM Bé-el-tí-É-GAL li-mu-um ša qá-té [A-šu]r-na-da a-na [x x nim] i-ša-qal [šu-ma lá iš-qul] [1 1/2 GÍN.TA] [1 ma-na]-um ki-ma [a-wa]-at kà-ri-im ṣí-ib-tám i-na ITU.KAM-im ú-ṣa-áb","In month I, eponymy of the successor of Aššur-nādā, to/within <gap> he will pay. If he does not pay 1 1/2 shekels per mina, in accordance with the regulation of the colony he will add as interest per month."
"[2] GÍN KÙ.KI ku-pu-ur-ší-ni-in SIG5 i-ṣé-er Im-lik-A-šur Ir-ma-A-šur i-šu iš-tù ha-mu(IR)-uš-tim ša E-dí-na-a: a-na 15 ha-am-ša-tim i-ša-qal","2 shekels of kupuršinnu-gold of fine quality Imlik-Aššur owes to Ir'am-Aššur. From the week of Edināya he will pay within 15 weeks."
"šu-ma lá iš-qul ki-ma a-wa-at kà-ri-im ú-ṣa-áb ITU.KAM qá-ra-a-tim li-mu-um E-lá-lí DUMU I-ku-nim","If he does not pay he will add (interest) in accordance with the regulation of the colony. Month VIII, year eponymy of Elālī, son of Ikūnum."
"IGI Pí-lá-ah-A-šur DUMU Da-nu-um-i-lí IGI A-šur-ma-lik DUMU A-zu-za","In the presence of Pilah-Aššur, son of Dannum-ilī, of Aššur-mālik, son of Azuza."
"KIŠIB kà-ri-im Kà-ni-iš ṣa-he-er GAL kà-ru-um Kà-ni-iš ṣa-he-er GAL di-nam [i]-dí-in-ma","Seal of the Kanesh colony in plenary session. The Kanesh colony in plenary session passed the following verdict:"
"[x m]a-na KÙ.B. [be-ú-lá]-at Zi-ki-im [a-na] A-šur-i-dí I[r]-ma-A-šur i-ša-qal","x mina of silver, the working capital of Zikum to Aššur-idī Ir'am-Aššur shall pay."
"um-ma Ir-ma-A-šù[r-ma a-na] I-ku-pí-A-šur Lá-m[a-sá-tim] ù En-um-A-šur qi-bi-ma 1 ma-na KÙ.B. ku-nu-ku-a: ša Sú-en6-na-da: a-ma-kam: a-na Šu-Lá-ba-an ù Ku-ra-ra di-na-šu","Thus Ir'am-Aššur, say to Ikūn-pī-Aššur, Lamassutum and Ennam-Aššur: 1 mina of silver under my seals, belonging to Suen-nādā, you must give there to Šu-Labān and Kurara"
"ù ší-bé šu-uk-na ki-ma KÙ.B. ša Sú-en6-na-da [il5]-qé-ú-ni 3 ma-na KÙ.B. ša DAM.GÀR ku-nu-ku-a a-na ṣé-er A-šur-GAL EN.LÍL-ba-ni DUMU Ha-na-nim ú-šé-bi-lam","and you must set witnesses that they received Suen-nādā's silver. With 3 minas of silver of the trader, under my seals, I sent Ellil-bāni, son of Hanānum, to Aššur-rabi."
"a-ša-me-ma: a-dí-ni: a-ma-kam wa-ša-áb: šu-ma a-na pá-ni A-šur-GAL: lá i-lí-ik KÙ.B. pu-uṭ-ra-ma AN.NA lu 9 GÍN.TA lu ma-lá ta-le-e-a-ni ša-ma-ma EN.LÍL-ba-ni ù UTU-e-nam KI a-lí-ki-im pá-ni-ma ṭur4-da-nim","I hear that he is still staying there and if he has indeed not left to meet Aššur-rabi, then unpack the silver and buy for me tin at 9 shekels per (shekel of silver) or as favorably as you can and send Ellil-bāni and Šamaš-ennam here with the first caravan."
"a-šu-mí ṭup-pé-a ša a-na I-na-a DUMU E-lá-lí En-na-Sú-en6 DUMU Šu-Ištar ù A-šur-ma-lik DUMU Qá-a-tim KÙ.B. a-hí-ib-lu KÙ.B. ú-šé-bí-lá-[šu-nu-tí] ša-bu-ú: ṭup-pé-a iš-tí Lá-ma-sá-tim i-ba-ší-ú lu [ma]-ma-an i-na ša-zu-uz-[tí-a] [ú]-kà-al-šu-nu: a-dí [ma-lá] ú ší-ni-šu áš-pu-r[a-ku-nu-tí] [m]ì-šu-um: ma-tí-ma: té-er-ta-ku-nu lá i-li-kam-ma úz-ni lá ta-pá-tí-a","As for my tablets recording that I became indebted for silver to Innāya, son of Elālī, to Ennam-Suen, son of Šu-Ištar and to Aššur-mālik, son of Qa'ātum, I have sent them the silver, they are satisfied. Are my tablets with Lamassutum or does someone from my representatives have them in his possession? I have written you several times. Why has no report of yours ever reached me and do you not keep me informed?"
"um-ma Dan-A-šur ù En-na-Sú-in-ma a-na Ir-ma-A-šur qi-bi4-ma 10 TÚG.HI.A ku-nu-kí ša Ku-lu-ma-a En-um-A-šur ub-lam SÀ.BA 2 TÚG a-bar-ni-ú 1 TÚG na-ma-šu-hu-um","Thus Dān-Aššur and Ennam-Suen, say to Ir'am-Aššur: 10 textiles with the seals of Kulumāya Ennam-Aššur brought us. Two of these are Abarnian ones, one is a namaššuhu-textile."
"ki-ma a-na-kam ší-mu-um lá-šu-ú ù TÚG.HI-tù sá-sà-am lá-áp-tù En-um-A-šur a-na Ša-lá-du-a-ar ú-šé-ri-ib-šu-nu-ma 15 GÍN.TA ší-im-šu-nu i-dí-ni-a-tí-ma 2 1/2 ma-na","Since there was no possibility to sell them here and these textiles are affected by moth, Ennam-Aššur brought them into Šaladuwar and he gave us 15 shekels apiece, the price made for them, and"
"KÙ.B. ku-nu-ki-ni En-um-A-šur na-áš-a-ku-um a-ma-kam a-na TÚG.HI.A A-al-DÙG i-dí-nim iš-tí-kà li-iz-ku","Ennam-Aššur is now on his way to you with 2 1/2 minas of silver under our seals. Over there let Āl-ṭāb get a judicial clearance with you concerning these textiles."
"2 5/6 ma-na 7 G[ÍN] [KÙ.B.] ku-nu-ki ša En-um-A-šur DUMU E-lá-ma Šu-Sú-in DUMU Ì-li-a a-na Lá-ma-sí-tim ù Ir-ma-A-šur ip-qi-id-ma","2 minas 57 shekels of silver under the seals of Ennam-Aššur, son of Elamma, Šu-Suen, son of Iliya, entrusted to Lamassutum and Ir'am-Aššur and"
"KÙ.B. Ir-ma-A-šur a-na a-lim A-šur ú-ba-al-šu a-na hu-bu-ul En-um-A-šur a-na DAM.GÀR i-ša-qal KÙ.B. a-šu-mi En-um-A-šur GÁN-lam e-tí-iq","Ir'am-Aššur will bring the silver to the city of Assur. He will pay it for the debt of Ennam-Aššur to the creditor. The silver will travel overland in the name of Ennam-Aššur."
"IGI Pí-lá-ah-Ištar DUMU E-lá-ma IGI A-šur-ba-ni DUMU Du-mu-uq-Ištar","Witnessed by Pilah-Ištar, son of Elamma, and by Aššur-bāni, son of Dumuq-Ištar."
"1 ma-na 14 GÍN KÙ.B. ni-is-ha-sú DIRI ša-du-a-sú ša-bu a-ha-ma 1/2 ma-na KÙ.B. ni-is-ha-sú DIRI ša-du-a-sú ša-bu ik-ri-bu ku-nu-ki","1 mina 14 shekels of silver, the excise on it extra, the transport fee for it paid; separately 1/2 mina of silver, the excise on it extra, the transport fee for it paid, temple funds, under the seals"
"ša DAM.GÀR En-um-A-šur a-na Ir-ma-A-šur ip-qi-id-ma a-na a-lim a-na ší-a-ma-tim ú-bi-il5","of tamkārum, Ennam-Aššur entrusted to Ir'am-Aššur and he brought it to the City for making purchases."
"IGI A-zu-ta-a DUMU E-me-me IGI Ì-dí-ba-ni DUMU Ir-ma-A-šur.","In the presence of Azutāya, son of Ememê, of Idi-bāni, son of Ir'am-Aššur."
"a-na Ir-ma-A-šur qi-bi-ma um-ma En-um-A-šur-ma 3 ma-na LÁ 3 GÍN KÙ.B. i-pá-ni-tim iš-tù Ha-tim iš-tí Šu-Sú-en6 a-na Kà-ni-iš ú-šé-bi4-lá-ku-ma KÙ.B a-na a-lim tù-bi-il5-ma","Say to Ir'am-Aššur, thus Ennam-Aššur: I sent you earlier 2 minas 57 shekels of silver from Hattum with Šu-Suen to Kanesh and you brought that silver to the City and I thought:"
"[um-ma] a-na-ku a-bi šu-ut i-lá-ak-ma [iš-t]ù a-lim AN.NA 10 ma-na [ú-šé-lá]-ma KÙ.B 1 GÍN e-li KÙ.B a-ša ṭup-pi-a [a-kà-n]a-ak-ma ú-šé-ba-al [a-ta AN.N]A lá ta-áš-ta-ma-am","He is my father, he will go and bring up from the City tin, 10 minas, so that I can seal and send at least some silver on top of that (owed) according to my tablet. But you have bought no tin for me,"
"[um-ma a-ta]-ma KÙ.B. a-ha-at-kà [ta-ah-ša-ah]-ma [a-na a]-ha-tí-kà [a-ša ṭup-pi-kà a-t]í-dí-šu-um-ma [x x x x x x]-li-ku [x x x x x x] x ha-ra-nim [1 ma-na 14 G]ÍN KÙ.B ni-is-ha-[sú] [DIRI ša-d]u-a-sú ša-bu a-ha-ma [1/2 ma-na KÙ.B.] ni-is-ha-sú DIRI [ša-du-a-sú] [ša-bu ik]-ri-bi4 ša A-šur ku-nu-ki-a,","with the argument: Your sister needed the silver, so I gave it to your sister on the basis of you tablet and ... <gap> 1 mina 14 shekels of silver, its excise added, its transport fee paid, and separately 1/2 mina of silver, its excise added, its transport fee paid, temple funds of Aššur, I gave you under"
"[IGI A]-zu-ta-a IGI Ì-dí-ba-ni i-na Hu-ra-ma a-dí-na-ku-um um-ma a-na-ku-ma a-bi4 a-ta be-li a-ta AN.NA ša-ma-ma šé-bi4-lam a-ta mì-ma-ša-ma lá tù-uš-té-bi4-lam TÚG.HI-tù ša i-na Lu-hu-sà-dí-a tap-qi-da-ni ha-ra-na-tum sà-ah-a-ma a-dí-i a-wa-tum iz-ku-a-ni TÚG.HI-tù a-lá-ni-ma ib-ší-ú ITU.6.KAM i-na Hu-ra-ma gám-ra-am e-ri-iš-kà um-ma a-ta-ma a-lá-ak-ma [i]š-tù Ha-hi-im AN.NA 1 ma-na ù 2 ma-na [ú-šé-ba-lá-kum] mi-ma lá tù-uš-té-[bi-lam] [x] Lu-hu-<>-sá-dí-[a][x x x]","my seals in Hurama, with Azutaya and Idi-bāni as witnesses. I said: Please by father, my boss, buy for me tin and send it to me, but you have not sent me anything! As for the textiles you entrusted to me in Luhusaddiya - there was trouble on the roads and the textiles stayed in the villages until the situation was cleared. Six months ago I asked from you in Hurama (to pay) my expenses. You said: I will go and send you from Hahhum a few minas of tin. But you have not sent me anything! <gap> Luhusaddiya <gap>"
"a-na Ir-ma-A-šur ù UTU-ba-ni a-na Ir-ma-A-šur qi-bi-ma um-ma En-nam-A-šur-ma 3 ma-na LÁ 3 GÍN KÙ.B. i-pá-ni-tim iš-tù Ha-tim iš-tí Šu-Sú-en6 ú-šé-bi-lá-ku-ma um-ma a-na-ku-ma","To Ir'am-Aššur and Šamaš-bāni, and in particular to Ir'am-Aššur, say as follows, thus Ennam-Aššur: Previously I sent you 2 minas 57 shekels of silver from Hattum with Šu-Suen and I thought:"
"a-bi šu-ut i-lá-ak-ma iš-tù a-lim AN.NA 10 ma-na ú-šé-ba-lá-ma li-ba-am i-da-nam ù KÙ.B. 1 GÍN e-li-a-ma KÙ.B. a-na DAM.GÀR-ri-a a-na ša ṭup-pi-a ú-šé-ba-al a-ta um-ma a-ta-ma","He is my father, he will go and send me from the City at least 10 minas of tin and thereby encourage me. And when some silver becomes available for me I will then be able to send silver to my creditor on the basis of my tablet. But you said:"
"KÙ.B. a-ha-at-kà ta-ah-ša-ah-ma a-na ša ṭup-pì-kà a-tí-dí-ší-im ur-ki-tám i-ba-áb ha-ra-<ni>-kà um-ma a-ta-ma KÙ.B. 1 GÍN i-šu qá-tí-kà dí-na-ma AN.NA 10 ma-na lá-áš-a-ma lu-šé-bi4-lá-ku-ma","Your sister needed the silver, so I gave it to her on the basis of your tablet. Later, when you were about to set out on a journey, you said: Give me every single shekel of silver you have available then I will buy for you and send you tin, 10"
"KÙ.B. li-li-a-ku-ma li-ba-am ri-s[í] um-ma a-ta-ma ù [a-n]a TÚG.HI-tí-a a-na-ah-ma a-sar sa-la-hi-im šu-lu-ùh-šu-nu TÚG.HI-tù lá i-ha-li-qú [í]-nu-mí ta-tal-ku lá tí-dí-e ki-ma ha-ra-na-tum ù É.GAL-lu da-nu-ni a-dí TÚG.HI.A áš-lu-hu ITU.7. [KAM] i-na li-bi ma-tim aš-hu-ur","minas, so that you can obtain silver and gather courage! You also said: You must also exert yourself for my textiles and salvage them as well as you can. The textiles must not get lost! When you left, did you not know that the roads and the palaces were causing difficulties? Until I had salvaged the textiles I stayed seven months in the interior."
"3 TÚG.HI.A a-gám-ri-im sa ha-ra-nim i-giš-im-ru-ma TÚG.HI.A ku-nu-ki ša [Ku-lu-ma-a] a-šé-er ša-zu-za-tí-kà ú-<šé>-li-ma TÚG.HI.A sá-sà-am sa-am-ru-ṣú-ma a-na 3 1/2 ma-na KÙ.B. ta-ad-nu KÙ.B. i-ku-<nu>-uk ša-zu-uz-tí-kà kà-ni-ik-ma","Three textiles were spent for the expenses of the trip, but I managed to ship the textiles under Kulumaya's seals to your representatives. The textiles are badly affected by moth and have been sold for (only) 3 1/2 minas silver. The silver, under the seals of your representative, is available."
"i-ba-ší a-ta bi4 a-ta be-lí a-ta e-lá-kà a-ma-nim a-da-gal KÙ.B. 1 GÍN i-šu qá-tí-a ú-pá-he-er-ma [1 ma-na] 14 GÍN ni-is-ha-sú DIRI sa-du-a-sú ša-bu a-ha-ma 1/2 ma-na KÙ.B. ik-ri-bu sa A-šur ku-nu-ki-a IGI A-zu-ta-a IGI Ì-dí-ba-ni i-na Hu-ra-ma a-na sí-a-ma-tim IGI A-zu-ta-a IGI Ì-dí-ba-ni a-dí-na-kum","Please, my father, my boss, to whom else but you can I look (for help)? I collected every single shekel I had available and 1 mina 14 shekels of silver, its excise added, its transport fee paid, and separately 1/2 mina of silver, temple funds of Aššur, I gave you in the presence of Azutaya and of Idi-bāni in Hurama for making purchases in the presence of Azutaya and of Idi-bāni and I said:"
"um-ma a-na-ku-ma a-bi4 a-ta be-lí a-ta AN.NA 10 ma-na sa-ma-ma šé-bi4-lam-ma e-en A-šur ù e-né-kà sa-mi-ra-ni mi-nam sí-lá-tám ar-ší-a-ku-ma ù a-dí-i u4-mi-im a-nim AN.NA lá tù-šé-ba-lam ší-im KÙ.B.-pí-a AN.NA šé-bi-lam","Please my father, my boss, buy for me tin, 10 minas, and send it to me and so allow me to face Aššur and you! What misdeed have I committed against you that until this very day you fail to send me the tin? Send me the tin bought with my silver!"
"a-na Ir-ma-A-šur qi-bi-m[a um-ma] En-um-A-šur-ma i-nu-[mi i-na] Hu-ra-ma na-áš-pè-er-tá[m] a-dí TÚG.HI.A tù-lá-pí-ta-[ni] e-lá 2 1/4 GÍN KÙ.B. ša [ø] ta-dí-na-ni um-ma a-na-ku-[ma] gám-ra-am ša ha-ra-nim a-qá-[tí-a] dí-na-am um-ma a-ta-ma a-[dí]","Say to Ir'am-Aššur, thus Ennam-Aššur: When in Hurama you wrote for me a document concerning the textiles, apart from the 2 1/4 shekels of silver that you had given me, I told you: Give me cash the travel expenses, but you answered me:"
"TÚG.HI.A ta-ša-ld-ha-ni ù a-na-ku a-lá-ak-ma iš-tù Ha-hi-im 1/2 <ma>-na 1 ma-na ù 2 ma-na a-gám-ri-kà ú-šé-ba-lá-kum ù a-dí ma-lá ù ší-ni-su a-na Ha-hi-im áš-pu-ra-ku-ma a-ta mi-ma lá tù-uš-té-bi-lam i-nu-mí ta-tal-ku: lá tí-dí-e ki-ma ha-ra-na-tum sà-hu-a-ni ù É.GAL-lu da-nu-ni a-dí a-wa-tum iz-ku-a-ni ITU.8. KAM i-na li-bi ma-tim aš-hu-ur","Only when you salvage the textiles I will go and send you from Hahhum 1/2, 1 or 2 minas (of silver) for your expenses. Then I wrote a few times to you in Hahhum, but you did not send me anything. Did you not know that when you had left the roads were in turmoil and the palaces were headstrong? Until the matter was cleared I had to stay 8 months in the interior."
"TÚG.HI-tù i-na a-lá-ni a-sar ib-ší-ú-ni a-lik-ma TÚG.HI.A ú-šé-ṣí-a-ma a-na-ah-ma TÚG.HI.A a-šé-er ša-zu-za-tí-kà a-na Wa-ah-šu-ša-na [ú]-šé-ri-ib-ma 3 TÚG.HI.A a-gám-ri-im i-giš-im-ru","I went to where the textiles were, in the villages, and I got the textiles out and with great effort I brought the textiles into Wahšušana to your representatives. Three textiles were spent for expenses."
"TÚG.HI.A sà-sà-am lá-áp-tù-ma sa-am-ru-ṣú nu-uk-ta-na-lá-ma sí-mu-um lá i-ba-ší Pí-lá-ah-Ištar a-ma-kam lá e-ta-wu-ku-um ki-ma sà-sú-um uš-ta-am-ri-ṣú-šu-nu ù sí-ma-am ba-at-qám ú-kà-i-lu-ni 10 TÚG.HI.A a-na 2 1/2 ma-na KÙ.B. [ta]-ad-nu","The textiles are affected by moth and in bad condition. We repeatedly offered them for sale, but there were no buyers. Did Pilah-Ištar not tell you there that moths have spoiled them and that one offers a bad price for them? Ten textiles have now been sold for 2 1/2 minas of silver."
"KÙ.B. ša ki-ma ku-a-tí ik-nu-ku-nim-ma a-na-kam i-ba-ší ki-ma i-na Hu-ra-ma tù-na-hi-dí-ni um-ma a-ta-ma su-ma a-ha-at-kà a-na a-lim ta-lá-kam KÙ.B. sí-im TÚG.HI.A dí-ší-ma [lu] ta-li-kam a-na-kam ki-ma ku-ṣú da-nu-ni-ma [lá na-tù-ma] lá ta-lá-kà-ni a-dí ki-am KÙ.B. lá [ú-šar-ší-im] a-ta a-ma-kam ma-lá-kà 3 ma-na LÁ [3 GÍN]","Your representatives sealed the silver and it is here. While you instructed me in Hurama as follows: If your sister goes to the City, give the silver, the price the textiles yielded, to her and let her come here. But since a severe cold reigns here it is not feasible for her to go and therefore I did not yield the silver to her. It is up to you there what to do. I sent you 2 minas 57 shekels"
"KÙ.B. iš-tí Šu-Sú-en6 iš-tù Ha-tim ú-<šé>-bi-lá-ku-ma um-ma a-na-ku-ma [a-bi šu-ut] i-lá-ak-ma iš-tù A-lim AN.NA ú-šé-lá-[ma] KÙ.B. 1 GÍN e-li-a-ma ù KÙ.B. a-DAM. [GÀR-ri-a] a-s[a-qá]-ma a-na ša ṭup-pi-a ú-šé-b[a-al] ur-ki-tám i-[ba]-áb ha-ra-ni-kà [um-ma [a-ta-ma] KÙ.B.1 GÍN i-šu qá-ti-kà di-na-[ma AN.NA] 10 ma-na lá-áš-a-ma-ku-ma KÙ.B. [li-li-a-ku-ma li-ba-am] ri-ší a-ta ki-ma li-bi4-i[m ta-da-nim]","of silver with Šu-Suen from Hattum, thinking: He is my father, he will go and bring tin up for me from the City so that I obtain at least some silver and also can pay silver to my creditor and send (what I owe) on the basis of my tablet. Later, when you were about to set out on a journey, you said: Give me every single shekel of silver you have then I will buy for you tin, 10 minas, so that you can obtain silver and gather courage. But instead of encouraging me,"
"1 ma-na 14 GÍN KÙ.B. ni-[is-ha-sú DIRI] ša-du-a-sú ša-bu ša-ha-m[a 1/2 ma-na KÙ.B.] ik-ri-bu ša A-šur ni-is-h[a-sú DIRI] [<ša-du-a-sú>] [ša]-bu IGI A-zu-ta-a ù Ì-d[í-ba-ni] a-na ší-a-ma-tim a-dí-na-kum a-ta a-dí [u4-mi-im a-nim] [AN.NA] ší-im [KÙ.B.-pi-a lá tù-uš-té-bi4-la-am] um-ma a-na-ku-ma a-bi a-ta be-lí a-ta AN.NA. 10 ma-na ša-ma-ma šé-bi4-lam a-bi4 a-ta be-lí a-ta ší-im KÙ.B. ša a-dí-na-ku-ni AN.NA-šu šé-bi4-lam e-en6 A-šur <ša-mì-ra-nì>","(for) the 1 mina 14 shekels of silver - its excise added, its transport fee paid - and in addition 1/2 mina of silver, temple funds of Aššur - its excise added, its transport fee paid - that I gave you in the presence of Azutaya and Idi-bāni to make purchases with, until this very day you have not sent me the tin bought with my silver! I had said: You are my father, my boss, purchase for me tin, 10 minas, and send it me. Please, my father, my boss, send what was bought with the silver I gave you, its tin. Enable me to face Aššur!"
"i-na 1/3 ma-na KÙ.B. ša qá-tí NIN.ŠUBUR-ba-ni 2 GÍN a-na bi4-ki-tim ni-il5-pu-tù 2 2/3 GÍN KÙ.B. a-na GIG a-Lu-lu ni-dí-in 2 ki-ra-tim i-ša-am-ší bi4-ki-tim ni-il5-qé","From the 1/3 mina of silver that was Ilabrat-bāni's share we booked 2 shekels for the bewailing, 2 2/3 shekels of silver for wheat we gave to Lullu, 2 jars of beer we took on the day of the bewailing."
"i-na ša(NI)-nim u4-mí-im 3 1/4 GÍN a-2 UDU.HI.A ni-iš-qúl 1/3 GÍN 7 1/2 ŠE a-na e-ṣé 1/4 GÍN a-sú-ba-ri-im 1/4 GÍN a-na qá-nu-e 15 ŠE a-šu-um-ke 15 ŠE a-qá-nu-e ša ki-ra-tim 2 1/6 GÍN a-na UDU e-ri-im 7 ki-ra-tim 1/3 GÍN 7 1/2 ŠE","On the second day we paid 3 1/4 shekels for 2 sheep, 3/8 shekel for firewood, 1/4 shekel for subārum, 1/4 shekel for reed, 1/12 shekel for onions, 1/12 shekel for reed for the jars, 2 1/6 shekels for a naked sheep; 7 jars of beer we drew, 3/8 shekel;"
"ni-is-bi4: i-na ša-nim u4-mí-im 4 ki-ra-tim ni-is-bi4 1 GÍN KÙ.B. DUMU A-šur-dan ù 1 1/3 GÍN a-na Lu-lu a-na GIG nu-ra-dí 1/2 GÍN 15 <ŠE> a-na 2 ki-ra-tim ni-iš-qúl 1 GÍN KÙ.B. a-na UDU ni-iš-qúl","on the second day 4 jars of beer we drew; 1 shekel of silver (for) the son of Aššur-dān and 1 1/3 shekel for Lullu, for wheat, we added; 7/12 shekel for 2 jars of beer we paid; 1 shekel silver we paid for a sheep."
"KIŠIB Puzur4-A-šur DUMU I-ku-pi-a KIŠIB Dan-A-šur DUMU Puzur4-A-šur KIŠIB Pè-ru-a DUMU Šu-up-ip-ra KIŠIB Pè-ru-a DUMU A-ra-wa KIŠIB Za-ba DUMU Ha-nu KIŠIB Lu-lu DUMU Ha-pí Lu-lu DUMU Ha-pí","Seal of Puzur-Aššur, son of Ikūn-pīya, seal of Dān-Aššur, son of Puzur-Aššur, seal of Peruwa, son of Šuppibra, seal of Peruwa, son of Arawa, seal of Zaba, son of Hanu, seal of Lullu, son of Hapi, <that is> Lullu, son of Hapi,"
"ša Ištar-lá-ma-sí DAM Ku-ni-lim e-hu-zu iš-tù a-wi-il5-tum me-ta-at-ni a-wa-tù-šu-nu i-gi5-im-ra-ma lu gám-ra-am ša a-na a-wi-il5-tim ig-mu-ru lu a-ša Ì-lí-a ša a-na <> ki-šar-ší-im i-ni-id-ú Lu-lu gám-ra-am","who had married Ištar-lamassī, wife of Kūn-ilum. After the lady had died, their affairs were settled and for the expenses made for the lady, and those made for Iliya, who had been thrown into jail and whose expenses Lullu had paid,"
"ig-mu-ru lu ša a-wi-il5-tim lu a-ša Ì-lí-a a-na mì-ma šu-um-šu a-na me-er-e Ha-ni-im Lu-lu DUMU Ha-pí lá i-tù-ar","for both those made for the lady, and those made for Iliya, Lullu, son of Hapi, will not raise any claims against the sons of Hanum."
"1 ṭup-pá-am ša Bi-zi-lá ù Ištar-lá-ma-sí: qá-sá ša Ištar-lá-ma-sí 2 qá-áb-li-a-tim ša 1 ma-na.TA KÙ.B. iš-té-et a-hu-úz-tum mu-ša-lá-am ša ZABAR ù ma-az-li-ki","(Of) 1 tablet of Bizila and Ištar-lamassī, the share of Ištar-lamassī; 2 qablītu-containers of 1 mina silver each, one with inlay; a bronze mirror and some mazliku's."
"mì-ma: a-nim: a-na hu-bu-ul NIN.ŠUBUR-ba-ni a-na Lu-lu áp-qi-id um-ma a-na-ku-ma a-na É a-bi-a ù um-mí-a a-na mì-ma šu-um-šu ú-lá ta-tù-ar lu i-na ší-im bé-tim lu i-ší-im TÚG.HI.A lu i-ší-im qá-áb-li-a-tim mu-ša-li-im ù ma-az-li-ki","All this I entrusted to Lullu for the debt of Ilabrat-bāni, with the words: You shall not again claim anything from the house of my father and mother, neither from the price of the house, nor from the price of textiles, nor from the price of qablītu's, the mirror, and the mazliku's."
"iš-[tù]: nu-a-am: hu-bu-ul NIN.ŠUBUR-ba-ni tù-ša-bu-ú: ší-tum KÙ.B.: mì-ma i-na li-bi-kà i-ší-tù: i-le-e i-na li-bi-kà i-šu-ú i-na ṭup-pí-im: pá-qá-dím Bi-za-lá: a-na qá-tí-ša ta-zi-iz: IGI Dan-A-šur IGI A-mur-DINGIR IGI Ma-ṣí-i-lí IGI A-šur-iš-ta-ki-il5 IGI Ha-pu-a-šu ša SÍG.HI.A IGI Puzur2-Ištar","After you will have paid the Anatolian the debt of Ilabrat-bāni, for the rest of the silver, whatever you still owe me, I have the gods as claim on you. When the tablet was handed over Bizala took responsibility for her share. In the presence of Dān-Aššur, of Amur-ili, of Maṣi-ilī, of Aššuriš-takil, of Happuaša, the wool-trader, and of Puzur-Ištar."
"Puzur4-A-šur DUMU I-ku-pí-a En-um-A-šur DUMU I-dí-Sú-in ù a-hu-šu I-dí-Ištar DUMU Ah-ša-lim Ištar-ba-ni Ma-ṣí-ì-lí En-nam-A-šur DUMU A-šur-dan Šu-ma-a-bi4-a ša ki-ma DUMU-e Ku-ni-lim i-pu-ùh-ri-šu-nu <gamram ša> bi4-ki-tí-šu-nu ù ku-sí-im ša Ištar-lá-ma-sí","Puzur-Aššur, son of Ikūn-pīya, Ennam-Aššur, son of Iddin-Suen, and his brother, Iddin-Ištar, son of Ah-šalim, Ištar-bāni, Maṣi-ilī, Ennam-Aššur, son of Aššur-dān, Šumi-abiya - representing the sons of Kūn-ilum - collectively paid <the expenses> of bewailing them and of Ištar-lamassī's chair"
"i-KÙ.B. ša i-É DAM E-lá-ma ib-ší-ú ig-mu-ru hu-ša-li DUMU A-šur-dan ù Šu-ma-a-bi4-a ik-nu-ku","from the silver that was in the house of Elamma's wife. The son of Aššur-dān and Šumi-abiya sealed the pouches."
"i-na KÙ.B.-áp Ištar-lá-ma-sí ša a: DUMU-e-ša ta-dí-nu-ma KÙ.B. i-na['] É['] E-lá-ma a-na-áb-šé-em ib-ší-ú SÀ.BA 7 GÍN KÙ.B. Ì-li-a i-bu-ul-ṭí-šu i-qá-tí-šu il5-qé iš-tù DUMU-ú Ku-ni-lim me-tù","From the silver of Ištar-lamassī that she gave to her sons and which silver rested as safe deposit in Elamma's house, from that silver Iliya, when he was still alive, took 7 shekels from his share. After the sons of Kūn-ilum had died,"
"lu a-na bi-ki-tí-šu-nu lu a-ku-sí-im ša um-mì-šu-nu ṭá-bu-im a-hu-ni e-ru-bu-ni-ma 1/3 ma-na LÁ 1/2 GÍN KÙ.B. lu a-bi4-ki-tí-šu-nu lu a-na ku-sí-im ša um-mì-šu-nu lu a-na nu-a-im a-šu-mì I-li-a 7 1/2 GÍN KÙ.B. a-hu-bu-<li>-šu i-ší-qí-il5","(when) our brothers arrived for bewailing them and for removing the chair of their mother, 19 1/2 shekels of silver both for bewailing them and for the chair of their mother, and 7 1/2 shekels of silver to the Anatolian, because of Iliya for his debt, were paid."
"ší-tí KÙ.B. a-ṣé-er a-ha-tí-šu-nu DUMU.MÍ Ku-ni-lim a-na a-lim: DUMU A-šur-dan ù Šu-ma-bi-a ša ki-ma DUMU-e Ku-ni-lim ú-šé-bi4-lu","The rest of the silver was sent to address of their sister, the daughter of Kūn-ilum, to the City, by son of Aššur-dān and Šumi-abiya, the representatives of Kūn-ilum's sons."
"1/2 ma-na LÁ 1 GÍN KÙ.B. a-ha-ma 8 GÍN KÙ.B. ù 2 1/4 GÍN KÙ.KI ša DAM Ku-ni-lim 2 1/4 GÍN KÙ.B. ni-is-ha-tum ša A-šur I-li-a DUMU Ku-ni-lim e-zi-ib KÙ.B. a-ni-um ša Ištar-lá-ma-sí DAM Ku-ni-lim a-na na-áb-šé-em a-na Lá-ma-sà-tim DAM E-lá-ma ta-dí-nu","29 shekels of silver, separately 8 shekels of silver and 2 1/4 shekels of gold of Kūn-ilum's wife, 2 1/4 shekels of silver, excise for Assur, Iliya, son of Kūn-ilum left behind. This money, which Ištar-lamassī, Kūn-ilum's wife, had given in deposit to Lamassutum, Elamma's wife -"
"ki-ma me-er-e Ku-ni-lim En-um-A-šur DUMU A-šur-dan ù Šu-mí-a-bi4-a DUMU E-mu-a ša-zu-uz-tum ša me-er-e Ku-ni-lim KÙ.B. ù KÙ.KI ik-nu-ku-ma a-na En-um-i-lí DUMU Ha-da-a ni-ip-qi-<id>-ma: a-na a-lim a-ṣé-er DUMU.MÍ Ku-ni-lim ú-ba-al: ša-du-a-sú ša-bu","acting for Kūn-ilum's sons Ennam-Aššur, son of Aššur-dān, and Šumi-abiya, son of Emua, the representatives of Kūn-ilum's sons, have sealed this silver and gold and we entrusted it to Ennam-ilī, son of Hadāya, to bring it to the City, to the address of Kūn-ilum's daughter. He has been paid his transport fee."
"IGI Ip-pa-lu DUMU A-mur-Ištar IGI A-šur-ma-lik DUMU A-mu-ra IGI A-šur-i-mì-tí DUMU A-ni-nim","In the presence of Ippalu, son of Amur-Ištar, of Aššur-mālik, son of Amura, of Aššur-imittī, son of Anīnum."
"1/2 ma-na 7 GÍN KÙ.B. ù 2 1/4 GÍN KÙ.GI Ištar-lá-ma-sí DAM Ku-ni-li a-na Lá-ma-sà-tim DAM E-lá-ma té-zi-ib KÙ.B ú KÙ.KI a-na En-nam-A-šur DUMU A-šur-dan ù Šu-<mì>-a-bi4-a DUMU A-mu-a","37 shekels of silver and 2 1/4 shekels of gold Ištar-lamassī, wife of Kūn-ilum, left to Lamassutum, wife of Elamma. That silver and gold Lamassutum, wife of Elamma, attended by Elamma's son Ennam-Aššur, entrusted to Ennam-Aššur, son of Aššur-dān, and Šumi-abiya, son of Amua."
"Lá-ma-sà-tum DAM E-lá-ma ù En-nam-A-šur DUMU E-lá-ma i-ša-ha-at um-mí-šu i-zi-iz-ma ip-qí-du IGI Puzur2-A-šur DUMU I-ku-pí-a IGI A-mur-DINGIR DUMU Šu-Ku-bi-im IGI Ma-ṣí-i-lí DUMU Bu-zu-zu IGI Puzur2-Ištar DUMU Šu-Ku-bi-im","Lamassutum, wife of Elamma, and Ennam-Aššur, son of Elamma, her son, stood by and entrusted (it). In the presence of Puzur-Aššur, son of Ikūn-pīya, of Amur-ilī, son of Šu-Kūbum, of Maṣi-ilī, son of Buzuzu, of Puzur-Ištar, son of Šu-Kūbum."
"KÙ.B ša um-ma-ša: a-na me-er-i-tí-ša i-ba-áb-tim: té-zi-bu a-na hu-bu-ul: a-na a-he-ša: a-tù-nu: ta-lá-qé-a ni-zi-iz-ma: i-na a-wa-tim: ni-bu-šu-nu-ma iš-tù: gám-ru-um ù ša a-na bi-ki-tim: ša um-mì-ki ù a-he-ki: iṣ-hi-ru: ší-tí","The silver that her mother left to her daughter as part of the outstanding claims, do you want to take it for the debt, for her brothers? We took action and rebutted them by our argumentation. After the expenses made for the bewailing of your mother and your brothers had been deducted, the rest"
"KÙ.B 1/2 ma-na 7 GÍN KÙ.B. ù 2 1/4 GÍN KÙ.GI ku-nu-ki ša En-um-A-šur ù Šu-mì-a-bi-a: a-[na] En-um-DINGIR DUMU Ha-da-a: i-na pu-ùh-ri-ni: ni-ip-qi-id-ma na-áš-a-ki-im","of the silver, 37 shekels of silver, and 2 1/4 shekels of gold, under the seals of Ennam-Aššur and Šumi-abiya we together entrusted to Ennam-ilī, the son of Hadāya, and he is on his way to you with it."
"i-na SÀ.BA KÙ.B. ri-ik-sí-im 2 1/4 GÍN KÙ.B. ša Ì-lí-a ni-is-ha-tum: ša A-šur na-ad-a: KÙ.B šu-a-tí a-na É li-mi-im: dí-ni: KÙ.B a-ni-um: É E-lá-ma: ib-ší","In the packet of silver 2 1/4 shekels of silver of Iliya, excise for (the city of) Aššur, have been put. Give that silver to the office of the līmum. This silver was in Elamma's house."
"2 ṣí-il5-a-nu: ša ṭup-pé-e ku-nu-ku: ša a-he-ki ù um-mí-[ki] i-ba-ší-ú: pá-al-ha-[ni]-ma pá-ṭá-ra-am ú-lá ni-mu-wa","There are still two ṣ.-containers with tablets sealed by your brothers and mother. We did not dare to open them because we were afraid."
"lá ta-áš-ta-na-me-i: ki-ma um-mì-ki: iš-tù 10 ša-na-tim nu-a-um ah-zu-ma i-na É nu-a-im wa-áš-ba-at-ni <a-na> KÙ.B. ma-dí-im: mì-ma lá ta-da-gi5-li: KÙ.B a-mí-um ù KIŠIB-kam um-mi-ki","Have you not heard that the Anatolian is since ten years married to your mother and that she lived in the house of the Anatolian? Do by no means expect much silver, (there are only) the afore-mentioned silver and the seal your mother."
"um-ma Lá-ma-sà-tum Puzur2-A-šur ù En-um-A-šur-ma a-na A-ta-a-a Ir-ma-A-šur: Um-mi-Iš-ha-ra ù Ší-ma-at-Ištar qi-bi4-ma lá li-bi i-lim-ma: um-mì-ki ù ki-lá-lá-ma: a-hu-ki: me-tù","Thus Lamassutum, Puzur-Aššur and Ennam-Aššur, say to Ataya, Ir'am-Aššur, Ummī-Išhara and Šīmat-Ištar: Unfortunately your mother and both your brothers are dead."
"i-na ba-áb: mu-wa-tim ša um-mì-ki 3 me-er-e um-mi-a-ni: ni-iṣ-ba-at-ma a-na šé-er: um-mì-ki né-ru-ub-ma: IGI 3 me-er-e um-mi-a-ni: ta-ma-lá-ke-ša Ištar-lá-ma-sí: um-mì-ki i-na bu-ul-ṭí-ša-ma ta-ap-ṭù-ur-ma KÙ.B. 1 GÍN: i-šu: qá-tí-ša ša ib-ší-ú e-mu-ru-ma","When your mother was on her deathbed, we seized three affiliated traders and brought them inside, to your mother and in the presence of these three affiliated traders your mother, Ištar-lamassī, while she was still alive, opened her coffers and they saw every shekel of silver, her cash money that there was and she"
"2 1/4 GÍN GUŠKIN ù 8 GÍN KÙ.B.: a-na ku-a-tí ta-dí-in 1/2 ma-na 7 GÍN KÙ.B a-na Ì-li-a: a-hi-ki(KÀ) ta-dí-in: 1/3 ma-na KÙ.B. a-na NIN.ŠUBUR-ba-ni ta-dí-in: i-na bu-lu-uṭ um-mì-ki-ma: lá-ma: a-na sí-kà-tim nu-úṣ-ú: Ì-li-a: i-na ki-ša-ar-ší-im: i-ni-dí","gave 2 1/4 shekels of gold and 8 shekels of silver to you. 37 shekels of silver she gave to your brother Iliya, 20 shekels of silver she gave to Ilabrat-bāni. While you mother was still alive, before we left for the campaign, Iliya was thrown into jail."
"iš-tù i-šu: qá-tí-šu: ig-mu-ru ù nu-a-um: ša um-mì-ki: e-hu-zu Ì-li-a: me-er-a-sú: a-hi-iz nu-a-um: gám-ra-am a-na ki-ša-ar-ší-im: ig-mu-ur-ma iš-tù nu-a-um: ga-ma-ar-šu il5-qé-ú: lu a-na bi-ki-tim ša um-mì-ki ù a-he-ki 1/3 ma-na 7 GÍN KÙ.B. ga-me-er","After he had spent all he had available and (since) Iliya was married with the daughter of the Anatolian, who had married your mother, that Anatolian paid the expenses made for the jail and after the Anatolian had recovered his expenses, 27 shekels of silver have been spent for the bewailing of your mother and your brothers."
"a-na-kam: ša ki-ma DUMU Hi-na-a [D]AM.GÀR-ru-um ša a-he-ki a-na ṣa-ba-at KÙ.B. [i-z]i-iz-ma En-um-A-šur ù [Šu-mì-a-b]i-a ša ki-ma ku-a-tí [x x x]-ma um-ma né-nu-ma KÙ.B. [lá i]-ṣa-ba-at: KÙ.B.: ma-nu-šu","Here the representative of the son of Hinnāya, the creditor of your brothers, took steps to seize the silver, but Ennam-Aššur and Šumi-abiya, your representatives warned us and we said: He shall not seize the silver! Who is he"
"Ištar-lá-ma-[sí] ší-im-ta-[ša] ta-ší-im-m[a i-na] 1 ma-na LÁ 3 GÍN [KÙ.B.] ša i-ba-ší-ú-[ni] 1/2 ma-na [7] G[ÍN] Ì-li-a i-lá-q[é] 1/3 ma-na NIN.ŠU[BUR]-b[a-ni] i-lá-qé 2 1/4 GÍN KÙ.G[I] ù 7 1/2 GÍN KÙ.B. [ù] ku-nu-kam a-na DUMU.MÍ-[i-a] gus-ba-ab-tim ú-šé-b[u-lu]","Ištar-lamassī made her will as follows: Of the 57 shekels of silver that are available, Iliya will take 37 shekels; Ilabrat-bāni will take 20 shekels; 2 1/4 shekels of gold and 7 1/2 shekels of silver plus the seal one will send to my daughter who is a gubabtu-priestess."
"1/2 ma-na KÙ.B. ša [ø] É-tù uk-ta-[lu] 15 GÍN KÙ.B. a-l [á]-<gap> É-tù-ša uk-[ta-lu] ṭup-pu-šu-nu a-na [Ì-li-a] i-za-zu lu-q[ú-tum] ša a-bi-šu-nu [a-na] ki-lá-le-š[u-nu] i-za-zu I[D]<gap>","1/2 mina of silver for which the house is held (as security) 15 shekels of silver <gap> her house is held (as security), the relevant tablets belong to Iliya. The merchandise of their father belongs to the two of them. With <gap>"
"ša-bu-a-at <gap> ta-lá-qé qá-á[b-li-tám] ša 1 ma-na [Ì-li-a] i-lá-qé mu-š[a-lam] ù šu-ga-ri-[a-am] NIN.ŠUBUR-ba-ni i-lá-qé IGI Ma-ṣí-i-lí IGI Puzur4-Iš[tar] IGI En-um-A-šur","she is satisfied, <gap> she will take. A qablītu-bowl weighing 1 mina Iliya will take. The mirror and the šugarrīa'um Ilabrat-bāni will take. In the presence of Maṣi-ilī, of Puzur-Ištar, of Ennam-Aššur."
"15 GÍN KÙ.B. i[š-tù] ha-muš-tim ša <gap> [x] ITU.KAM áb-ša-ra-n[i] É DAM.GÀR 1 GÍN.T[A] a-ṣí-ib-tim al-qé-ma a-dí-šu-um 1/2 GÍN KÙ.B. a-ha-ma ú-ku-ul-tí ÌR a-šar ú-kà-i-lu-šu-ni a-dí-in","15 shekels of silver from the week-eponymy of <gap>, in month V, I borrowed at the house of a merchant at an interest of 1 shekel per (month) and I gave it to him. 1/2 shekel of silver I gave separately as food for the slave, where he held him."
"ur-ki-tám ÌR i-qá-tí Ú-ṣú-ur-pí-A-šur e-bu-ut-ma 3 GÍN KÙ.B a-na É nu-a-im áš-qúl ÌR ú-šé-ṣí-am GEMÉ-tám ša ṣú-ha-ar-tim ša i-dí-in kà-ri-im ta-da-nam lá qá-bi-ú-ni Ú-ṣú-ur-pí-A-šur ú-da-bi-sí-ma <gap> it-bi-ma i-<ta>-lá-ak","Later the slave escaped from Uṣur-pī-Aššur's grip and I paid 3 shekels of silver to the house of the Anatolian (and) I obtained the release of the slave. The female slave belonging to the girl, whose sale was forbidden by a verdict of the colony, Uṣur-ša-Aššur has <gap> her, whereupon he got up and went away."
"kà-ru-um K[à-ni-iš] TUR GAL dí-na[m i-dí-ma] a-na ma-lá qá-[bi-ú-ni] Ú-ṣur-pí-A-šur iš-[tí a-hi-šu] En-um-A-šur a-na be-e[t] a-bi4-šu-nu e-ra-ab1 ú ú-ṣ[i-(ma)] qá-dé-šu-ma e-kál ù i-ša-tí","The plenary Kanesh colony passed the following verdict: In conformity with what they have promised, Uṣur-pī-Aššur will enter and leave their paternal house together with his brother Ennam-Aššur (and) will eat and drink together with him."
"GEMÉ ki-ma ah-zu-ni a-hi-iz: GEMÉ a-ší-mì-im lá i-da-an té-er-tum a-na a-lim a-ṣé-er a-ha-tí-šu ù a-he-šu i-lá-ak-ma a-dí: té-er-tum i-tù-ra-ni be-tum3 ú ú-tù-up-tum3 i-ba-re-šu-nu ma-ma-an a-ší-mì-im lá i-da-a[n]","He stays married to the maid just as he has married (her), he shall not sell the maid. A report will go to the City, to his sisters and his brothers and until a notice has come back the house and its inventory is their common property. Nobody shall sell (anything)."
"[15 GÍN KÙ.B.] En-[nam]-A-šur a-na Ú-ṣú-ur-<pí>-A-šur i-dí-in šu-ma i-na a-lim ṭup-pá-am ša ku-nu-ki-šu ša Ú-ṣú-ur-pí-A-šur <i-na a-lim> Um-mi-Iš-ha-ra a-ha-sú-nu guṣ-ba-áb-tum ša a-na wa-ar-kà-<at> Lá-ma-sà-tim um-mì-ša ú wa-ar-ki-tí-ša lá i-tù-ru","15 shekels of silver Ennam-Aššur gave to Uṣur-pī-Aššur. If in the City a tablet with the seal of Uṣur-pī-Aššur in the City their sister Ummī-Išhara <has/shows>, to the effect that he will not claim what her mother Lamassutum had inherited and what had been left behind by her,"
"15 GÍN KÙ.B. Ú-ṣú-ur-pí-A-šur ú-ta-ar IGI I-na-ah-DINGIR IGI Ša-lim-Ištar IGI A-šur-[x x] IGI Ma-sà-a-a IGI A-šur-ma-lik","then Uṣur-pī-Aššur will give back the 15 shekels of silver. In the presence of Ēnah-ilī, of Šalim-Ištar, of Aššur-<gap>, of Mas(s)āya, of Aššur-mālik."
"ITU.KAM té-i-na-ti[m l]i-mu-um En-na-Sú-en6 DUMU Šu-A-šur a-na 3 ša-na-tim qá-qi-ri-šu-nu ú-bu-bu-šu-nu-tí šu-ma: lá ú-bi-bu-ú 3 ma-na KÙ.B. i-na ša Kur-ub-Ištar i-lá-qé-ú-ma ší-im: qá-qi-ri-šu-nu uš-ta-bu-ú-ma a-na qá-qi-ri-šu-nu ú-lá i-tù-ru: i-na","Month X, eponymy of Ennam-Suen, son of Šu-Ištar. They will effectuate the clearance of their plot for them within three years. If they fail to do so, they will acquire 3 minas of the silver of Kurub-Ištar and so satisfy themselves with the value of their plot and will not vindicate their plot. On"
"3 ma-na KÙ.B. ša Kur-ub-Ištar qá-tí Pí-lá-ah-Ištar ù Šu-Be-lim: ša-ak-na-at šu-ma: té-bi-ib-tum i-tab-ší qá-dí: a-hi-šu-nu-ma: e-bi-bu ki-ma Um-mì-Iš-ha-ra Ir-ma-A-šur i-zi-iz: šu-ma a-na 3 ma-na KÙ.B. ša Kur-ub-Ištar ša qá-tí Pí-lá-ah-Ištar ù Šu-Be-lim: ša-ak-na-at-ni","3 minas of the silver of Kurub-Ištar a claim of Pilah-Ištar and Šu-Bēlum now rests. If the clearance has been effectuated they will be cleared together with their brothers. Ir'am-Aššur represented Ummī-Išhara. If any of the (other) sons of Elamma vindicates the 3 minas of silver of Kurub-Ištar, on which a claim of Pilah-Ištar and Šu-Bēlum rests,"
"ma-ma-an i-na me-er-e E-lá-ma: i-tù-ar En-um-A-šur ù Um-mi-Iš-ha-ra ù-bu-bu-šu-nu IGI I-dí-IŠKUR DUMU Šu-Ištar IGI En-um-A-šur [DUMU Ší-li-Ištar] IGI En-na-nim DUMU A-bu-sà [IGI Šu-A-nim] DUMU Lá-qé-ep a-na ma-lá [ší-ma-tí-šu-nu]","Ennam-Aššur and Ummī-Išhara will clear them. In the presence of Iddin-Adad, son of Šu-Ištar, of Ennam-Aššur, son of Šilli-Ištar, of Ennānum, son of Abussa, of Šu-Anum, son of Lā-qēp. In accordance with the testamentary dispositions applying to them."
"iš-tí Um-mí-Iš-ha-ra ù En-um-A-šur Pí-lá-ah-Ištar ù Šu-Be-lúm i-mi-ig-ru-ma KÙ.B 6 2/3 ma-na ša É Hi-na-a 4 ma-na KÙ.B ša Kur-ub-Ištar DUMU A-lá-hi-im ù i-na ku-ur-sí-nim ša Ištar-pí-lá-ah 1 1/3 ma-na KÙ.B. na-dí-šu-nu-tí KÙ.B. a-nàm","Šu-Bēlum and Ennam-Aššur reached the following agreement with Ummī-Išhara and Šu-Bēlum: 6 2/3 minas of silver of the house of Hinnāya, 4 minas of silver of Kurub-Ištar, son of Ali-ahum and from the pot of Ištar-pilah 1 1/3 mina of silver have been deposited for them. As for this silver,"
"Pí-lá-ah-Ištar ù Šu-Be-lúm a-na Um-mí-Iš-ha-ra ù En-um-A-šur qá-sú-nu: ik-bu-sú-ma ša-lá-áš šu-ba-tim: qá-qi-ri ša 5-tum i-dí-nu-šu-nu-tí-ni: iš-tí um-mì-a-an E-lá-ma: a-bi-šu-nu Um-mí-Iš-ha-ra ù En-um-A-šur ú-bu-bu qá-qi-ri-šu-nu: i-lá-qé-ú","Pilah-Ištar and Šu-Bēlum have in favor of Ummī-Išhara and Ennam-Aššur dropped their right on a share <by giving them> a house-plot of 3 šubat, which the committee of five had given them. When Ummī-Išhara and Ennam-Aššur effectuate a clearance with the investors of their father Elamma they will acquire their plot."
"i-na 8 ma-na KÙ.B. ṣa-ru-pá-am ša E-lá-lí DUMU Ištar-pí-lá-ah i-na Ha-hi-im En-um-Aššur i-qi-pu-ma i-na ṭup-pì-šu DAM.GÀR lá-áp-tù A-šur-lá-ma-sí A-šur-SIG5 ù A-šur-be-el-a-wa-tim i-na ṭup-pí-šu na-lu-ni","Of the 8 minas of refined silver that Elalī, son of Ištar-pilah, in Hahhum had given as trust to Ennam-Aššur, and (for which) in his tablet was written (belongs to) the tamkārum, (and) on which tablet Aššur-lamassī, Aššur-damiq and Aššur-bēl-awātim are present (as witnesses) -"
"i-na KÙ.B. a-nim 2 ma-na 15 GÍN KÙ.B. ki-ma E-lá-ma I-na-ah-DINGIR il5-qé-ma KÙ.B. a-na Lá-ma-sà-tim i-dí-in ITU.KAM ma-hu-ur-DINGIR li-mu-um A-šur-i-mì-tí","2 minas 15 shekels of that silver Ēnah-ilī has collected in the name of Elamma and given to Lamassutum. Month IV, eponymy of Aššur-imittī."
"šu-ma a-na 2 ma-na 15 GÍN KÙ.B. ù ṣí-ba-tí-šu En-um-A-šur DUMU Šu-Be-lim um-mi-a-nu Ištar-pí-lá-ah ù me-er-ú Ištar-pí-lá-ah ma-ma-an a-na E-na-ah-DINGIR i-tù-a-ar Lá-ma-sà-tum DAM E-lá-ma En-um-A-šur Pí-lá-ah-Ištar me-er-ú E-lá-ma A-šur-i-mì-tí DUMU A-šur-DÙG ú-bu-bu-šu","If for these 2 minas 15 shekels of silver and the interest on it Ennam-Aššur, son of Šu-Bēlum, the investors of Ištar-pilah or the sons of Ištar-pilah, raise a claim against Ēnah-ilī, Lamassutum, Elamma's wife, Ennam-Aššur (and) Pilah-Ištar, Elamma's sons, (and) Aššur-imittī, son of Aššur-ṭāb, will clear him."
"KIŠIB A-lu-lá-a DUMU A-li-a KIŠIB A-šur-pí-lá-ah DUMU Šu-A-nim A-mur-Ištar ú En-um-A-šur iṣ-bu-tù-ni-a-tí-ma dí-šu-nu ni-dí-ma i-ta-ma","Seal of Alulāya, son of Aliya, seal of Aššur-pilah, son of Šu-Anum. Amur-Ištar and Ennam-Aššur seized us and we passed for them the following verdict:"
"A-mur-Ištar i-na šu-ga-ri-e ša A-šur ṭup-pá-am En-um-A-šur ša be-ú-lá-at a-bi4-šu IGI Be-lá-nim","Amur-Ištar will swear by the šugarria'u-emblem of Aššur that Ennam-Aššur did not show him the contract of the working capital."
"ú Ma-ṣí-i-li DUMU Bu-zu-zi-im lá ú-kà-li-mu-[m]a i-ta-ma-m[a ú E]n-um-A-šur ṭup-pá-am ša k[u-nu-kì]-šu En-um- a-na A-mur-Ištar ['] i-d[á-an [A-šur ša ki-ma a-na be-ú-lá-at A-šur-i-mì-tí me-er-at E-lá-ma ú me-er-ú E-lá-ma a-na A-mur-Ištar lá i-tù-ru-ni","of his father in the presence of Bēlānum and Maṣi-ilī, son of Buzuzum, and then, when he swears, Ennam-Aššur will give Amur-Ištar a tablet with his seal stating that the daughter of Elamma and the sons of Elamma will not raise claims against Amur-Ištar."
"ITU.1.KAM be-el-té-É-GAL-lim li-mu-um ša qá-té En-na-ma-nim a-wi-lu a-ni-ú-tum da-a-a-nu IGI Ú-ṣú-ur-ša-A-šur IGI I-ku-pi-a: a-na ší-bu-tim a-ni-a-tim kà-ru-um Bu-ur-uš-ha-tum i-dí-in-ni-a-tí-ma ší-bu-tí-ni IGI GÍR ša A-šur ni-dí-in","Month I, eponymy of the successor of Ennamānum. The above mentioned men were judges. In the presence of Uṣur-ša-Aššur (and) of Ikūppiya. For this testimony the Burušhattum colony made us available and we gave our testimony before Aššur's dagger."
"Lu-lu En-nam-A-šur ù A-bu-um-ša-lim ša ki-ma A-šur-DÙG DUMU E-lá-ma a-na A-šur-DÙG DUMU A-lá-hi-im iṣ-bu-tù-ni-a-tí-ma um-ma šu-nu-ma ší-im 21 GÚ 9 ma-na URUDU ma-sí-im ša A-šur-DÙG DUMU E-lá-ma ša i-na É-tí-kà i-ni-id-ú a-na ší-mì-im ta-dí-šu","Lullu, Ennam-Aššur and Abu-šalim, representing Aššur-ṭāb, the son of Elamma, seized us against Aššur-ṭāb, son of Ali-ahum, and they said: As for the price of 21 talents 9 minas of purified copper belonging to Aššur-ṭāb, son of Elamma, which had been deposited in your house, did you sell it?"
"um-ma A-šur-DÙG-ma a-dí-šu-ma 17 5/6 ma-na 2 GÍN KÙ.B. ší-im-šu na-áš-a-ku eq-lam a-šu-mì A-šur-DÙG DUMU E-lá-ma KÙ.B. e-tí-iq a-na a-wa-tim a-ni-a-tim kà-ru-um Bu-ru-uš-ha-tum i-dí-ni-a-tí-ma ší-bu-tí-ni IGI GÍR ša A-šur ni-dí-in IGI I-ku-pì-a IGI Ú-ṣú-ur-ša-A-šur","Aššur-ṭāb answered: I sold it and its price, 17 minas and 53 shekels of silver, I have with me, it will go overland in the name of Aššur-ṭāb, son of Elamma. For these words the Burušhattum colony made us available and we gave our testimony before Aššur's dagger. Witnessed by Ikuppiya (and) by Uṣur-ša-Aššur."
"a-na Lu-[l]u-ú En-um-A-šur ù A-bu-ša-lim qi-bi-ma um-ma A-šur-DÙG-ma a-ša-me-ma A-šur-DÙG lá li-bi4 i-li-ma me-et a-ba-ú-a a-tù-nu be-lu-ú-a i-na UTU ṭup-pí ta-ša-me-a-ni lu-qù-tám lu pá-ni-tám lu ur-ki-tám za-ki-a-ma ku-un-kà-ma","Say to Lullu, Ennam-Aššur and Abu-šalim, thus Aššur-ṭāb: I hear that Aššur-ṭāb has unfortunately died. Please my fathers and lords, the very day you hear my letter you must clear both the earlier and the later merchandise and put it under seal and"
"iš-tí pá-nim-ma A-bu-ša-lim ṭur4-da-nim šu-ma URUDU mì-ma a-hu-ur ba-tí-iq ù wa-tù-ur dí-na-ma ab-kà-nim mì-ma KÙ.B. 1 GÍN a-ma-k[am] lá i-kà-lá","send Abu-šalim here with the first opportunity. If any copper is still unsold, sell it at any price and ship it(s yield) here. Not a single shekel of silver must be retained there!"
"um-ma Šu-Iš-ha-ra-ma a-na Pí-lá-ah-Ištar Ú-ṣur-ša-A-šur ù A-bu-ša-lim qi-bi4-ma a-na Ú-ṣur-ša-A-šur qi-bi4-ma 4 GÚ SÍG.HI.A 2 ANŠE ṣa-lá-me ù ú-nu-sú-nu ša DAM.GÀR ša i-na IGI ší-be-e áp-qi-da-ku-ni um-ma a-na-ku-ma lu-qú-tum ša DAM.GÀR lá i-ṣa-ba-at","Thus Šu-Išhara, say to Pilah-Ištar, Uṣur-ša-Aššur and Abu-šalim, and in particular to Uṣur-ša-Aššur: 4 talents of wool, 2 black donkeys and their harness, belonging to the merchant, which I entrusted to you in the presence of witnesses, whereby I said: The merchandise belongs to the merchant, it must not be seized!"
"UTU e-ru-bu-ni lu-qú-tám a-na KÙ.B. ta-er-ma A-bu-ša-lim 5 u4-me-e lá tù-sà-as-ha-ar a-dí[]-ma 5 u4-me-e lá tù-sà-as-hu-ru-šu-ni 7 ITU.KAM tù-uš-té-ší-ib-šu[] šu-ma a-hi: a-ta UTU ṭup-pá-am ta-ša-me-ú lu-qú-tám: a-na Pí-lá-[ah]-Ištar ù A-bu-ša-lim pi-qi-id-ma lu-ub-lu-nim ù mì-šu ša tù-ma-ší-hi-<ni> šu-ma a-bi-ma <gap>","Convert it the very day it arrives into silver and let Abu-šalim not stay around for even 5 days! While you were not to let him stay around for 5 days you made him stay 7 months! Please, my brother, the very day you hear this tablet, you must entrust the merchandise to Pilah-Ištar and Abu-šalim so that they bring it here. Moreover, why are you treating me with contempt? If you are my father <gap>"
"[a-na] Iš-ma-A-šur DUMU Hi-n[a-a] [A]-ta-a-a DUMU Bu-ṣí-a ù En-nam-A-šur DUMU E-lá-ma DUB A-ku5-ú-a DUMU A-šur-i-dí","To Išme-Aššur, son of Hinnāya, Ataya, son of Buṣiya, and Ennam-Aššur, son of Elamma, tablet of Akūa, son of Aššur-idī."
"um-ma Be-lá-nu-um-ma a-na En-um-A-šur I-dí-A-šur ù Pí-lá-[ah]-Ištar[] qi-bi-ma 2 GÚ AN.NA 4 TÚG.SIG5 3 TÚG ša qá-tim ù ANŠE ṣa-lá-ma-am ša Pí-lá-ah-Ištar iš-tù Ha-hi-im ù-šé-ra-da-ni šu-ma 8 GÍN.TA a-na KÙ.B. AN.NA dí-na ù té-er-[tak]-nu li-li-kam","Thus Bēlānum, say to Ennam-Aššur, Iddin-Aššur and Pilah-Ištar: As for the 2 talents of tin, 4 textiles of fine quality, 3 of current quality, and a black donkey, which Pilah-Ištar will bring down from Hahhum - if a rate of 8:1 is possible, sell the tin for silver and let your report come to me."
"[š]u-ma 8 GÍN.TA a-na KÙ.B. [lá-šu] [a-na] KÙ.B.[] lá t[a-d]a-na AN.NA a-na e-ba-a[r] Ša-la-ah-šu-wa lá ú-šé-tù-qú-[nim] ki-ma ša-lá-am AN.NA-ki e-ba-ar Tí-mì-il5-ki-a-ma AN.NA a-na Dur5-hu-mì-it lu-šé-tí-qú šu-ma [š]a Ku-bu-ur-na-at a-ma-kam w[a-á]š-bu AN.NA li-x (x)-ma ri-ik-[sé] a-na a-[x (x)] i-[na li-bi4] ša-áp-tim ù maš-ke ší(ŠA)-ta-kà-na-ma lu-šé-tí-qú [<gap>] a-na KÙ.B. a-na <gap>","If a rate of 8:1 against silver is impossible do not sell it for silver. One must not ship the tin on via Šalahšuwa. For the safety of the tin one must ship the tin on via Timilkiya to Durhumit. If people from Kuburnat are staying there let the tin be unpacked and put small packets for/as <gap> here and there inside the wool and the hides and so ship them on. for silver to <gap>"
"um-ma Bé-lá-num ù Lá-ma-sà-tum-ma a-na UTU-ba-ni ù Pí-lá-ah-Ištar qi-bi-ma 26 TÚG.HI.A ša Šu-Sú-in DUMU Ì-lí-a i-na 5 na-ru-qá-tim dar-ku ku-nu-ku ša En-um-A-šur DUMU E-lá-ma a-ha-ma 1 TÚG ku-sí-tum","Thus Bēlānum and Lamassutum, say to Šamaš-bāni and Pilah-Ištar: 26 textiles belonging to Šu-Suen, son of Iliya, are packed in 5 bags under the seals of Ennam-Aššur, son of Elamma. Separately 1 kusītu-garment"
"ša Ú-ṣur-ša-A-šur ur(IS)-kà-num kà-an-kà-<at>-ma: e-lá-nu-ma i-ba-ší ŠU.NIGIN2 27 TÚG.HI.A <a-na> A-šur-UTU-ší DUMU Na-na-kà-ší-im En-um-A-šur DUMU E-lá-ma ip-qi-sú-um IGI Ša-lim-A-šur DUMU A-zi-da IGI A-šur-ma-lik DUMU En-um-A-šur IGI Sú-in-na-da DUMU A-ká-zi ip-qí-sú-um","of Uṣur-ša-Aššur that has been sealed later is also available. In all 27 textiles, <to> Aššur-šamšī, son of Nanakaš(š)um, Ennam-Aššur, son of Elamma entrusted (them). Before Šalim-Aššur, son of Azida, Aššur-mālik, son of Ennam-Aššur, (and) Suen-nādā, son of Akazi, he entrusted (them) to him."
"a-wi-lúm sà-ki-il5 2 na-áš-pè-ra-tim ša En-um-A-šur Pí-lá-ah-Ištar na-ší","The man is stupid. Pilah-Ištar has with him 2 missives of Ennam-Aššur."
"šu-ma a-na TÚG.HI.A w[a]-šu-r[i]-im A-šur-UTU: mì-ma i-qá-bi4: na-áš-pè-er-tí En-um-A-šur ša-áš-me-a-šu-ma TÚG.HI.A: ku-nu-ke ša na-ru-qá-tim li-ip-qi-da-ku-nu-tí-ma a-na Pí-lá-ah-Ištar a-hi šu mu-na-šu-<nu>-ma a-ma-lá té-er-tí-ni le-pu-uš ih-da","If Aššur-šamšī protests against releasing the textiles, let him hear the missive of Ennam-Aššur and let him entrust the textiles (and) the seals of the bags to you and count them out to his brother Pilah-Ištar, who must act in accordance with our instruction. Take care!"
"a-na Pi-lá-ah-Ištar qi-bi4-m[a] um-ma Um-mì-Iš-ha-ra-ma a-šu-mì li-ba-kà lam(NAM)-nu-ma tù-ṣú-ú-ni ša KÙ.B. 10 GÍN i-na qá-ti-a lá i-[šu]-ú-ma lá tí-<gap> ú i-a-ú-um li-bi4-i [e]-mu-ú-ma iš-tí-kà lá a-ta-wu-ú a-hi a-ta","Say to Pilah-Ištar, thus Ummī-Išhara: ""As for the fact that you left in anger (and) that I did not even have 10 shekels of silver available, so that you' <gap> and that my feeling too ran high and I did not exchange a word with you - please, my brother,"
"li-ba-kà lá tù-lá-ma-an a-lá-nu-kà [a-ha]-am ša-ni-[a-a]m ú-lá","don't stay angry, you are the only brother I have!"
"i-šu i-n[a] pá-ni-ti-ma ha-[ra]-ni-im 2 TÚG.HI.A SIG5-tim a-na li(NI)-ta-áb-ší-kà ú-šé-ba-lá-kum","With the next caravan I will send you two fine garments for your personal wear."
"KÙ.B. 1 ma-na (eras.) ša ši-im er-di-im ša a-dí-n[u a]-lá-qé-ma AN.NA a-š[a-am-ma] ù-šé-ba-[lá-kum <gap>]","As for the 1 mina of silver, the price of the slave, whom I sold, if I collect it I tin and send it to you."
"mi-ma li-[ba-kà lá x x] <gap> [DINGIR-šu] ú-na-zu-mu <gap>-a-<gap> i da <gap> [u] ni-a-am l[i-ba-am] ha-dí","Do by no means, <gap> they complain <gap> <gap> and make us too happy!"""
"3 kà-sá-tum ù tù-dí-na-tum šu-qú-ul-ta-áš-na 1 ma-na KÙ.B. ku-nu-ku-a a-ha-ma ⅓ ma-na 6 GÍN KÙ.B. ku-nu-ku-a-ma ik-ri-bu ša E-lá-ma","3 cups and toggle pins, their weight in silver 1 mina, under my seals; separately 26 shekels of silver also under my seals, ikribū of Elamma;"
"2 ṭup-pu-ú ša 2 ma-na 15 GÍN KÙ.B. ša hu-bu-ul nu-a-im 1 ṭup-pu-um ša 1½ ma-na KÙ.B. ša hu-bu-ul Na-ni-a 1 ṭup-pu-um ša 1 ma-na 6 GÍN KÙ.B. ša hu-bu-ul Bur-Sú-en6","2 tablets of 2 minas 15 shekels of silver, being the debt of the Anatolian; 1 tablet of 1½ mina of silver, being the debt of Naniya; 1 tablet of 1 mina and 6 shekels of silver, being the debt of Būr-Suen;"
"1 ṭup-pu-um ša ⅓ ma-na 4 GÍN KÙ.B. ša hu-bu-ul Ili5-tap-pá 1 ma-na KÙ.B. a-na Ir-ma-A-šùr a-na ší-a-ma-tim a-dí-in 1 ma-na KÙ.B. a-na Ah-ša-lim a-na ší-a-ma-tim a-dí-in","1 tablet of 24 shekels of silver being the debt of Ilī-tappā; 1 mina of silver (that) I gave to Ir'am-Aššur for making purchases; 1 mina of silver (that) I gave to Ah-šalim for making purchases."
"9 TÚG pí-ri-kà-ni ù 1 TÚG a-bar-ni-am a-na Pi-lá-ah-Ištar a-na ší-a-ma-tim a-dí-in 5 ÌR-du ù 5 a-ma-tum ŠÀ.BA 1 am-tum I-a-an-tal-ga ša Ì-lí-na DUMU.SAL A-šur-DÙG","9 pirikannu-textiles and 1 Abarnian one, (which) I gave to Pilah-Ištar for making purchases; 5 slaves and 5 slave-girls, of whom 1 slave-girl, named Iyantalga, is for Ilina, daughter of Aššur-ṭāb."
"mi-ma a-nim Lá-ma-sà-tum DAM E-lá-ma té-zi-ib:","All this, Lamassutum, the wife of Elamma, left behind."
"Ištar-pá-li-il5 En-na-Sú-in ù Ma-ṣí-i-lí ša ki-ma Lá-ma-sà-tim a-na DUMU um-mi-a-nim ù ma-ri-ša i-pá-qí-du-ma a-na a-lim ú-bu-lu-ú-ma","Ištar-pālil, Ennam-Suen and Maṣi-ilī, Lamassutum's representative(s), will entrust it to an affiliated trader and to her sons and they will bring it to the City and"
"a-ma-lá ší-ma-tí-šu-nu me-er-i-tí: NIN.DINGIR ù ma-ru-ú-a e-pu-š[u]","(there) my daughter, the ugbabtu-priestess, and my sons will act in accordance with the testamentary dispositions applying to them."
"a-na La-[ma-sà/si-tim <gap>] [KIŠIB <gap>] mi-<gap> [x me-eh-r][i x x] ša [ta]-áš-pu-ri-ni","To La seal of <gap> <gap> the duplicates that you sent <gap>"
"13 GÍN KÙ.B. ṣa-ru-pá-am i-ṣé-er Ili5-ba-ni DUMU A-šur-UTU Lá-ma-sà-tum: tí-šu","13 shekels of refined silver Ilī-bāni, son of Aššur-šamšī, owes to Lamassutum."
"iš-tù: ha-muš-tim ša I-tur4-DINGIR (erasure) ITI.1.KAM ša sà-ra-tim li-mu-um ša qá-té A-šùr-i-mi-tí ma-lá-hi-im a-na 5 ha-am-ša-tim [i-š]a-qal","Reckoned from the week-eponymy of Itūr-ilī, month II, year-eponymy of the successor of Aššur-imttī, the boatman, within 5 weeks he will pay."
"[šu-m]a lá iš-qúl [a-n]a 1 ma-na-im 1½ GÍN.TA <<i-na>> i-na ITI.1.KAM-im ṣí-ib-tám ú-ṣa-áb","If he does not pay he will add per mina, per month 1½ shekel as interest."
"IGI A-šur-be-el-a-wa-tim DUMU I-dí-Da-gán IGI A-šùr-e-mu-qí DUMU Ku-zi-zi-a","In the presence of Aššur-bēl-awātim, son of Iddin-Dagan, of Aššur-emūqī, son of Kuziziya."
"15 GÍN KÙ.B. li-tí SIG5 i-ṣé-er Wa-al-hi-iš-na Pé-ru-wa ù Tù-wa-tù-ú-i a-ší-tí-šu Lá-ma-sà-tum tí-šu","15 shekels of refined līti-silver Walhišna, Peruwa and Tuwatuwi, his wife, owe to Lamassutum."
"iš-tù ha-mu-uš-tim ša I-na-a a-na ša Pá-ar-kà i-ša-qú-lu","Reckoned from the week of Innāya not later than the festival of Parka they will pay."
"šu-ma lá iš-qú-lu 1½ GÍN.TA ṣí-ib-tám","If they do not pay they will add interest at a rate of 1½ shekel."
"ú-ṣú-bu ITI.KAM a-lá-na-tim li-mu-um A-šur-i-mi-tí","Month XII, eponymy of Aššur-imittī."
"KÙ.B. i-qá-qá-<ad> šál-mì-šu-nu ra-ki-is","They are jointly liable for the silver."
"šu-ma <i-na> u4-me-šu-nu lá iš-ta-aq-lu Tù-wa-tù-wi ú-šé-ṣa (erasure)","Should they not pay when their term is due, then I will take away Tuwatuwi."
"IGI Ša-ar-ni-ga-a-šu IGI E-na-A-šur","In the presence of Šarnigāšu, and of Ennam-Aššur."
"KIŠIB Ša-ar-ni-ga-a-šu KIŠIB E-na-A-šur DU[MU x x] KIŠIB Wa-al-hi-[iš-na] KIŠIB Pé-ru-wa KIŠ[IB Tù-wa-tù-ú-i]","Seal of Šarnigāšu, seal of Ennam-Aššur, son of, seal of Walhišna, seal of Peruwa, se."
"šu-ma KÙ.B. i-ša-x <gap>","If pay the silver <gap>"
"[i-ṣé-er] be-ú-lá-tí-šu [pá-ni-t]im [ša] Lá-ma-ša [a]-na Am-ri-a i-dí-nu","his working capital, Lamaša had given to Amriya,"
"a-ha-ma 10 GÍN KÙ.B La-ma-sú-tum a-na Am-ri-a a-be-a-lim ta-dí-in","separately Lamassutum gave 10 shekels of silver to Amriya to dispose of."
"Am-ri-a iš-tí KÙ.B uk-ta-al","Amriya is being held with the silver."
"[šu]-ma a-e-ma [ú]-da-pí-ir [x x GÍ]N ú-ma-lá","If he goes away somewhere else he shall compensate shekels."
"[IGI x x ]-A-šùr [IGI x x ]-IM","In the presence of -Aššur, of -Adad."
"KIŠIB A-šur-dan DUMU I-ku-pí-a KIŠIB I-dí-A-bi4-im DUMU I-tur4-DINGIR KIŠIB A-šur-ták-lá-ku DUMU Hu-li-a","Seal of Aššur-dān, son of Ikūn-pīya, seal of Iddin-abum, son of Itūr-ilī, seal of Aššur-taklāku, son of Huliya."
"30 <ma-na> SÍG.HI.A na-ar-ba-tim <gap>-tim ša-kà-ki-iš i-ṣé-er A-šur-ták-lá-ku DUMU Hu-li-a [L]á-ma-sá-tum tí-šu","30 <minas> of soft, <gap> wool for making the weft Aššur-taklāku, son of Huliya, owes to Lamassutum."
"iš-tù Ha-qá a-na ITU.2.KAM ù-šé-ba-lam","He will send it from Haqa within two months."
"šu-ma lá ú-uš-té-bi4-lam-ma <a>-[É] A-lim i-ta-lá-ak i-na tù-wa-ri-šu 1 GÚ SÍG.HI.A na-ar-b[a]-tim ša-kà-ki-iš i-ša-qal","If he has not sent it and has departed for the City Hall he will weigh out on his return one talent of soft wool for making the weft."
"ITU.1.KAM ku-zal-lu li-mu-um A-šur-na-da DUMU Puzur4-A-na","Month XI, eponymy of Aššur-nādā, son of Puzur-Anna"
"[KI]ŠIB A-šur-UTU DUMU Šu-Ištar [KIŠI]B A-šur-lá-ma-sí [KIŠIB Da]n-A-šur DUMU Ku-sú-sà-[ri-im","Seal of Aššur-šamšī, son of Šu-Ištar, seal of Aššur-lamassī, seal of Dān-Aššur, son of Kususārum."
"<gap> ma-na KÙ ṣa-ru-pá-am i-ṣé-er A-šur-lá-ma-sí L[a m]a-sà-[tu]m tí-šu","mina of refined silver Aššur-lamassī owes to Lamassutum."
"iš-tù ha-mu-uš-tim [š]a Kur-ub-Ištar ù Ì-lí-iš-ta-kál a-na [4] ITI.KAM i-ša-qal","From the week of Kurub-Ištar and Iliš-tikal he will pay in 4 months."
"šu-ma lá iš-qúl ki-ma a-wa-at kà-ri-im ṣí-ib-tám ú-ṣa-áb","If he does not pay, he will add interest in accordance with the regulation of the colony."
"KIŠIB Du-šu-ba KIŠIB Šu-ni-il5-ga KIŠIB Ší-li-ú-ma-an KIŠIB Tal-ha-ma KIŠIB Šar-bu-nu-a KIŠIB Kà-áš-ší KIŠIB Gà-dí-na:","Seal of Dušuba, seal of Šunilga, seal of Šiliuman, seal of Talhama, seal of Šarbunuwa, seal of Kašši, seal of Gadina."
"am-tám Ku-zi-zi Du-šu-ba ú Šu-ni-il5-ga a-ší-mi-im i-dí-nu-ma 15 GÍN KÙ.B. Lá-ma-sú-tum ta-áš-qú-ul-ma am-tám Ku-zi-zi ta-áš-am","The slave-girl Kuzizi Dušuba and Šunilga sold her and 15 shekels of silver Lamassutum paid and bought the slave-girl Kuzizi."
"šu-ma um-ma Du-šu-ba-ma ù Šu-ni-il5-ga-ma a-ma-at-ni ni-ta-ru ½ ma-na KÙ.B. i-ša-qú-lu-ma am-tám i-ta-ru","If Dušuba and Šunilga say: ""We want to take our slave-girl along"", they will pay ½ mina of silver and then they can take the slave-girl along."
"šu-ma ma-ma-an i-tù-ra-am um-ma šu-ut-ma am-tum i-a-tum Du-šu-ba ú Šu-ni-il5-ga ú É-sú-nu","If anybody vindicates her, saying: ""The slave-girl is mine!"" then I have a claim on Dušuba and Šunilga and their house."
"a-da-ga-al: šu-ma KÙ.B.-pì lá i-ta-ad-nu-nim am-tum Ku-zi-zi am-tí ù a-ší-mì-im a-da-ší","Should they not give me my silver then the slave-girl Kuzizi is my slave-girl and I can sell her."
"am-tám: Ku-uk-ra ša UTU-a-bi DUMU Zu-za-nim [ iš-tí ṣú-ha-ri-im ša Ha-da-i-kur a-lá-hi-nim Ša-lim-A-šur DUMU Ip-hu-ri-im","The slave-girl Kukra, which Šamaš-abī, son of Zuzānum, <had acquired?> from the boy of Hada'ikur, the alahhinnum, Šallim-Aššur, son of Iphurum, has bought."
"iš-a-am ha-ma-am ma-ah-ri-ni i[b-t]ù-uq","He cut off the stalk in our presence."
"[a-na a]-wa-[tim] [a-ni]-a-tim kà-ru-um Dur4-hu-m[i-it] i-dí-ni-a-tí-ma IGI GÍR ša A-šur <<ša A-šur>> ší-bu-tí-ni ni-dí-in","For these words the Durhumit colony gave us and before Aššur's dagger we gave our testimony."
"IGI Lá-ba-lá-da DUMU I-dí-Sú-en6 IGI Na-áb-Sú-en6 DUMU Šu-Be-lim IGI I-dí-Ištar DUMU I-dí-a-bi4-im IGI Puzur4-Ištar DUMU Dan-A-šur","In the presence of Labān-nādā, son of Iddin-Suen, of Nabi-Suen, son of Šu-Bēlum, of Iddin-Ištar, son of Iddin-abum, of Puzur-Ištar, son of Dān-Aššur."
"KIŠIB Lá-ba-na-da DUMU [I-d]í-Sú-in KIŠIB Na-áb-Sú-en6 DUMU Šu-Be-lim","Seal of Labān-nādā, son of Iddin-Suen, seal of Nabi-Suen, son of Šu-Bēlum."
"KIŠIB I-di-Ištar DUMU I-di-A-bi4-im KIŠIB Puzur4-Ištar DUMU Dan-A-šùr","seal of Iddin-Ištar, son of Iddin-abum seal of Puzur-Ištar, son of Dān-Aššur."
"a-na a-wa-tim a-ni-a-tim kà-ru-um Dur4-hu-mi-it i-dí-ni-a-tí-ma IGI GÍR ša A-šùr ší-bu-tí-ni: ni-dí-in","For these words the Durhumit colony made us available and before Aššur's dagger we gave our testimony."
"ṭup-pu-um a-šu-mì Ku-uk-ra ša [DUMU Zu]-za-nim","A record concerning Kukra of the son of Zuzānum."
"20 ma-na URUDU SIG5 i-ší-im Ku-uk-ra i-ri-ih-ma i-ṣé-er UTU-a-bi Lá-ma-sà-tum tí-šu","20 minas of refined copper that remained from the price for Kukra are owed by Šamaš-abī to Lamassutum."
"iš-tù ha-mu-uš-tim ša E-na-ah-DINGIR a-na 10 ha-am-ša-tim i-ša-qal","From the week eponymy of Enah-ilī within 10 weeks he will pay."
"šu-ma lá iš-qú-ul Ku-uk-ra am-tum am-tí:","If he does not pay the slave-girl Kukra is my slave-girl."
"ITU.KAM té-i-na-tim li-mu-um Šu-Sú-in DUMU Ba-bi4-lim","Month X, year eponymy of Šu-Suen, son of Babbilum."
"IGI A-šur-ni-im-ri IGI Be-lá-nim IGI A-mur-A-šur","Witnessed by Aššur-nimrī, by Bēlānum, by Amur-Aššur."
"1⅔ GÍN ša da-at 5 ni-a-tí ⅓ GÍN a-na NINDA i-na Ta-wi-ni-a","1⅔ shekel for the road-tax of the five of us, ⅓ shekel for bread in Tawiniya."
"2 ma-na URUDU i-na pá-ṭí ša Tí-iš-mur-na ik-lu-ú-ni-ma","I gave 2 minas of copper in the territory of Tišmurna where they held (us) back."
"a-dí-in ⅓ GÍN 15 ŠE KÙ.B. ša 1 UDU ša a-na mu-ṣí: ni-il5-qé-ú a-na Lá-dí-a áš-qúl 1 ma-na URUDU SIG5 10 GÍN AN.NA a-qá-tí šú-ha-ri-ša","5/12 shekel of silver for one sheep that we acquired for the mūṣiu-official I paid to Ladiya; 1 mina of refined silver (and) 10 shekels of tin into the hands of her servant."
"1 GÍN KÙ.B. sà-he-er-tám a-dí-šu-nu-tí","For a value of 1 shekel of silver I gave them sundries."
"1 GÍN KÙ.B. a-na Ì.GIŠ ⅓ GÍN ú-ku-ul-tí ANŠE","1 shekel of silver for oil ⅓ shekel fodder for the donkey."
"1 ku-ta-num 2 šu-re-en6 ša Šu-Ku-bi-im a-na ⅔ ma-na KÙ.B. i-Bu-ru-uš-ha-tim ta-ad-nu","1 kutānu-textile (and) 2 dark textiles belonging to Šu-Kūbum have been sold in Burušhattum for ⅔ mina of silver."
"ŠÀ.BA ša 25 ma-na URUDU KÙ-áp-šu a-šu-mì Šu-Ku-bi4-im ú-ṣa-hi-ru ša 15 ma-na URUDU a-šu-mi-a ú-ṣa-hi-ru","From it they deducted the silver equivalent of 25 minas of copper for Šu-Kūbum's account and that of 15 minas of copper for my account."
"ší-tí KÙ.B.-pí-šu 14 GÍN","The rest of his silver is 14 shekels."
"ŠÀ.BA 10 GÍN KÙ.B. i-na Kà-ni-iš Ša-lim-A-šùr i-dí-[in] 4 GÍN KÙ.B. a-na-ku a-na-pá-al","Thereof: 10 shekels of silver Šalim-ahum gave in Kanesh (and) I myself will pay 4 shekels of silver."
"ŠÀ.BA ½ ma-na LÁ 2 GÍN [KÙ.B.] té-pu-ul-šum 2 GÍN KÙ i-Tù-me-li-a a-dí-šum","Of this amount you paid him 28 shekels of silver, 2 shekels of silver I gave him in Tumeliya."
"1⅓ GÍN KÙ.B. ú-kúl-tí ANŠE ù da-a-sú ša a-dí Wa-ah-šu-ša-na","1⅓ shekel of silver fodder for the donkey and road-tax for it until Wahšušana,"
"3 GÍN KÙ.B. ša 30 TÚG.HI.A iš-tù Ú-lá-ma a-dí Bu-ru-uš-ha-tim ù É wa-áb-ri","3 shekels of silver (expenses) for 30 textiles (transported) from Ulama until Burušhattum and (for) the cost of the inn."
"4 GÚ 58 ma-na a-wi-it: Šu-Ištar 24 ma-na 10 GÍN qá-dum ú-ku-ul-tim ú-ša-qi-il5","4 talents 58 minas (of tin) the declared value of Šu-Ištar('s shipment), 24 minas 10 shekels (of tin), including the fodder, I paid."
"6½ GÍN iš-tù a-al Kà-ni-ší-i a-dí Tí-mi-il5-ki-a","6½ shekels (of tin) from the Town of the Kaneshites until Timilkiya."
"2 GÍN KÙ.B. ù 2 GÍN AN.NA ig-re ANŠE iš-tù Tí-mì-il5-ki-a: a-dí Hu-ra-ma áš-qúl","2 shekels of silver and 2 shekels of tin the hire of a donkey from Timilkiya until Hurama I paid."
"4½ GÍN KÙ.B. ù 4½ GÍN AN.NA ig-re ANŠE ù sá-ri-dí-im iš-tù Hu-ra-ma: a-dí Kà-ni-iš: áš-qúl","4½ shekels of silver and 4½ shekels of tin the hire of a donkey and a donkey-driver from Hurama until Kanesh I paid."
"mi-ma: a-nim a-šu-mì: Šu-Ištar ú-ša-qí-il5","All this I paid for the sake of Šu-Ištar."
"8 GÚ 16½ GÍN AN.NA a-wi-it I-dí-Sú-in","8 talents 16½ shekels of tin the declared value of Iddin-Suen('s merchandise)."
"ŠÀ.BA 41 ma-na 15 GÍN AN.NA qá-dì ša ú-ku-ul-tim","Thereof: 41 minas 15 shekels of tin, including expenses for fodder."
"2 GÍN KÙ.B. ù 2 GÍN AN.NA iš-tù Ti-mi-il5-ki-a ANŠE i-mi-hi-iṣ-ma","2 shekels of silver and 2 shekels of tin I paid from Timilkiya because a donkey suffered a stroke."
"áš-qúl 6 GÍN AN.NA iš-tù Hu-ra-ma a-dí Kà-ni-iš","6 shekels of tin I paid from Hurama until Kanesh."
"áš-qúl 4 LÁ ¼ GÍN KÙ.B. a-na tí-ib-nim i-na Kà-ni-eš áš-qúl","3¾ shekels of silver I paid in Kanesh for straw."
"mi-ma a-nim a-šu-mì I-dí-Sú-in [á]š-qúl ŠÀ.BA 34½ ma-na AN.NA a-qá-tí-a i-dí-nu-nim 3½ ma-na 7 GÍN.TA bi-il5-tám ik-šu-dam","All this I paid in the name of Iddin-Suen, to be deducted from 34½ minas of tin they had given me for expenses, which amounted to 3 minas 47 shekels per talent."
"5 ma-na hu-ša-e i-na kà-ṣí-im a-na ta-ší-a-tim","5 minas of scrap (copper) in the steppe for transport."
"iš-tù Qá-ṭá-ra a-dí Ha-mi-za-nim ⅓ ma-na AN.NA a-ta-ší-a-tim","From Qaṭṭarā until Hamizānum ⅓ mina of tin for transport."
"ANŠE uš-pá-il5-ma 1 ma-na 15 GÍN AN.NA a-pu-ul","I replaced a donkey and had to balance 1 mina and 15 shekels of tin."
"iš-tù Bu-ra-li-im a-dí Bi-ir-tù-im 17 GÍN AN.NA a-na ta-ší-a-tim","From Burallum until Birtu'um 17 shekels of tin for transport."
"7 GÍN AN.NA iš-tù a-al Kà-ni-ší-e a-dí Ti-mi-il5-ki-a a-na ig-re e-re-qí-im","7 shekels of tin from the Town of the Kaneshites until Timilkiya as hire for a wagon."
"iš-tù Ti-mì-il-ki-a a-dí Hu-ur-ma a-na ig-re ANŠE 2 GÍN KÙ 2 GÍN AN.NA áš-qúl","From Timilkiya until Hur(a)ma as hire of a donkey I paid 2 shekels of silver (and) 2 shekels of tin."
"iš-tù Hu-ra-<ma> a-dí Lu-hu-sà-dí-a 3 GÍN KÙ 3 GÍN AN.NA a-na ig-re ANŠE","From Hura<ma> until Luhusaddiya 3 shekels of silver (and) 3 shekels of tin as hire of a donkey."
"iš-tù Wa-ah-šu-ša-na a-dí Kà-né-eš da-tum 1⅓ GÍN KÙ.B. ik-šu-dí","From Wahšušana until Kaneš the road-tax amounted for me to 1⅓ shekel of silver."
"1 GÍN a-na kà-ší-im i-na Kà-né-eš","1 shekel (of silver) for the official."
"áb-ri-ma 10 GÍN KÙ.B. a-ku-ul 1 GÍN KÙ.B.","(Since) I passed some time in Kanesh, I consumed 10 shekels of silver."
"a-na É wa-áb-ri i-na Hu-ru-ma 1 GÍN KÙ.B. i-na Ti-mi-il5-ki-a a-na É wa-áb-ri","1 shekel of silver for the inn in Hurama; 1 shekel of silver in Timilkiya for the inn;"
"2 GÍN KÙ.B. i-na Ha-hi-im a-na É wa-áb-ri 1 GÍN KÙ.B. i-na Bu-ru-lim a-na É wa-áb-ri","2 shekels of silver in Hahhum for the inn; 1 shekel of silver in Burullum for the inn;"
"10 GÍN KÙ.B. iš-tù Kà-né-eš a-dí a-lim a-na ú-ku-ul-tí-a ag-mu-ur","10 shekels of silver from Kanesh until the City I spent on my food."
"1 GÍN KÙ.B. i-na Hu-ra-ma a-na É ub-ri a-dí-in","One shekel of silver in Hurama I gave to the inn;"
"12 GÍN pá-zu-ur-tí TÚG.HI.A i-na Lu-hu-sà-dí-a a-na I-ku-pí-a DUMU Da-a-a a-dí-in","12 shekels (the cost) of smuggling textiles I gave in Luhuzaddiya to Ikuppiya, son of Dāya;"
"3 GÍN AN.NA [a-ANŠ]E*.HI.A wa-bar-šu * <gap> [a/i-na x x x] a-dí-in [x GÍN AN.NA] [i]-ti-tù-ri-im","3 shekels of tin for the donkeys (and) his lodging <gap> I gave to/in <gap>; x shekels of tin at the bridge;"
"[x GÍN AN].NA a-na É [wa]-áb-ri i-na Ša-mu-ha a-dí-in 1½ GÍN KÙ.B. a-na ig-ri ša bi4-il5-tim a-dí Ša-mu-ha a-dí-in","x shekels of tin I gave to the inn in Šamuha; I gave 1½ shekel of silver as wages of a porter until Šamuha;"
"3 GÍN AN.NA i-na Ha-tí-kà-it-ra* a-dí-in 1½ GÍN AN.NA i-na Ku-tí-a a-ha-za-nim a-dí-in","3 shekels of tin I gave in Hatika'itra; 1½ shekel of tin I gave in Kutiya to the mayor;"
"12 GÍN AN.NA i-na Kà-ra-ah-na a-na GAL si-kí-tim a-dí-in","12 shekels of tin I gave in Karahna to the commander."
"iš-tù Kà-ra-ah-na a-dí Ku-bu-ur-na-<at> 3 GÍN KÙ.B. ša bi4-lá-tim ik-šu-ud 6 GÍN KÙ.B. ni-is-ha-tim a-ZU-LI*-<gap> a-dí-in: 2 GÍN AN.NA a-na É [ub-ri] a dí-in","From Karahna until Kuburnat the costs of porters amounted to 3 shekels of silver; 6 shekels of silver import-tax to/for <gap> I gave; 2 shekels of tin I paid for the inn."
"1½ GÍN AN.NA i-na a-al Bu-uṭ-[n]a-[tim a-É wa-áb-ri a-dí-in 6 GÍN AN.NA i-na pá-ṭí ša Ha-na-ak-na-ak a-šar *ni-IS-GA-ru a-na É ub-ri a-dí-in","1½ shekel of tin in the town of Buṭnātum I gave to the inn; 6 shekels of tin in the area of Hanaknak, where we <gap>, I gave to the inn;"
"3 GÍN AN.NA i-na Ha-ni-ga wa-ṣa-i-ni a-na É ub-ri a-dí-in","3 shekels of tin, when we left Hanigga, I gave to the inn."
"3 GÍN AN.NA i-na Wa-zi-da a-na É ub-ri a-dí-in","3 shekels of tin I gave in Wazida to the inn."
"6 GÍN AN.NA a-na ni-is-ha-tim ša TÚG.HI.A i-na Ha-na-ak-na-ak a-dí-in 14 GÍN KÙ.BABBAR ší-im < > áš-qúl","6 shekels of tin I gave in Hanaknak as import-tax on the textiles 14 shekels of silver as price < of <gap> > I paid."
"3 GÍN AN.NA iš-tù Ha-na-ak-na-ak i-<wa>-sà-i-a a-na É ub-ri-[ni] a-dí hu-lu-qá-e ni-iš-e-ú a-dí-in","3 shekels of tin, when I left Hanaknak I gave to our inn, while we searched for goods lost;"
"3 GÍN AN.<NA> i-na a-al Ku-pí-il5-ša-an a-dí-in 1½ GÍN AN.NA i-na Ta-pá-ga-áš a-kà-ší-im a-dí-in","3 shekels of tin I gave in the town of Kupilšan; 1½ shekel of tin I gave in Tapagaš to the chief;"
"hi-dam AN.NA a-na a-lá-hi-nim ša Ta-e-dí-zi-na a-dí-in ½ ma-na URUDU a-né-bar-tim i-ša Dur4-hu-mì-it a-dí-in","A hiddu-bead of tin I gave to the steward of Ta'edizina; ½ mina of copper I gave for the crossing in the area of Durhumit;"
"3 ma-na URUDU SIG5 ni-is-ha-tim i-na Dur4-hu-mi-it a-kà-ší-im a-dí-in","3 minas of refined copper, import-tax, in Durhumit I gave to the chief;"
"5 ma-na URUDU SIG5 i-nu-mì a-na Wa-ah-šu-ša-na [ur]-ki TÚG.HI.A i-li-ku a-qá-tí Ì-lí-úṣ-ra-ni a-dí-in","5 minas of refined copper I put at the disposal of Ilī-uṣranni, when he went to Wahšušana in pursuit of my textiles;"
"10 ma-na URUDU ší-kam lu a-É ub-ri lu gám-ri i-na Wa-ah-šu-ša-na","10 minas of šikku-copper for the inn and expenses in Wahšušana."
"[x]* [ma]-na ší-kam ig-ri ša bi4-il5-tim [a]-dí Ša-lá-du-a-ar a-dí-in 20 ma-na ší-kam i-na Ša-lá-du-a-ar ú-ša-qí-il5","I gave minas of šikku-copper as wage of a porter until Šaladuwar, 20 minas of šikku-copper I paid in Šaladuwar,"
"3 ma-na a-É ub-ri a-dí-in 10 ma-na URUDU a-na ša bi4-lá-tim a-dí-in 7 ma-na URUDU a-Tár-ku-a a-dí-in","3 minas I gave to the inn, 10 minas of copper I gave to porters, 7 minas of copper I gave to Tarkua,"
"3 ma-na URUDU a-dí Bu-ru-uš-ha-tim ag-mur 3 GÍN KÙ.B. i-na Bu-ru-uš-ha-tim a-na kà-ri-im ša-du-a-tám a-dí-i 3 ma-na [URUDU] a-gám-ri-im a-dí Uš-bu-ga-[ti]m*","3 minas of copper I spent until Burušhattum, 3 shekels of silver in Burušhattum I deposited for the kārum as šaddu'utu-tax, 3 minas of copper for expenses until Ušbugattum,"
"3 GÍN KÙ.B. a-É ub-ri [i-na] Bu-ru-uš-ha-tim a-dí-in 1½ ma-na URUDU iš-tù Pu-<ru>-uš-[ha-tim a-dí Ša-lá-du-a-ar ik-šu-dí","3 shekels of silver I paid to the inn in Burušhattum, 1½ mina of copper from Burušhattum until Šaladuwar I incurred (as expenses),"
"10 ma-na URUDU a-dí i-Ša-lá-du-a-ar úš-a-ni ga-me-er","10 minas of copper were spent until I left Šaladuwar,"
"<gap> ma-na URUDU i-na-áb-ri-tim [i-n]a Wa-ah-šu-ša-na lu É ub-ri ga-me-er: 1½ ma-na URUDU a-dí Tuh2(TUR4)*-pí-a ik-šu-dí 3 ma-na a-dí Dur4-hu-mi-it ik-šu-dí","minas of copper were spent when (the donkeys) were stabled in Wahšušana and at the inn, 1½ mina of copper I incurred until Tuhpiya, 3 minas of copper I incurred until Durhumit."
"iš-tù Dur5-hu-mi-it a-dí Kà-ni-iš 5 ma-na SIG5 ik-šu-da-ni 3 ma-na URUDU [a-d]í Wa-ah-šu-ša-na ag-mur [š]a 4 GÍN KÙ.B. sà-he-er-tám [al-q]é-ma ga-me-er","from Durhumit until Kanesh I incurred expenses of 5 minas of refined (copper), I spent 3 minas of copper until Wahšušana, I acquired and spent small wares for a value of 4 shekels of silver."
"1½ GÍN I-di-a-bu-um 1½ GÍN Hu-bu-zi 1½ GÍN Šu-Be-lúm 1 GÍN Sú-sà-a 1½ GÍN IŠKUR-ELLAT","1 shekel Iddin-abum 1½ shekel Hubuzi 1½ shekel Šu-Bēlum 1 shekel Susāya 1½ shekel Adad-ellat"
"2 GÍN En-na-ni-a 2 GÍN A-šur-UTU 1 GÍN En-um-A-šur DUMU A-šur-UTU","2 shekels Ennāniya 2 shekels Aššur-šamšī 1 shekel Ennam-Aššur, son of Aššur-šamšī"
"2 GÍN Puzur4-IŠKUR 1 GÍN Puzur4-Ištar 1 GÍN Ú-ṣú-ur-ša-A-šur 1 GÍN Ma-nu-ki-A-šur ⅔ GÍN A-mur-ZU 1 GÍN Šu-A-num","2 shekels Puzur-Adad 1 shekel Puzur-Ištar 1 shekel Uṣur-ša-Aššur 1 shekel Mannu-kī-Aššur ⅔ shekel Amur-Suen 1 shekel Šu-Anum"
"1½ GÍN Ku-uš-mu-um 1 GÍN IŠKUR-ba-ni 1 GÍN Šál-ma-A-šur 1 GÍN En-nam-A-šur DUMU Sú-in-na-da 1 GÍN DÙG-A-šur 1 GÍN DUMU Sú-e-ta-ta","1½ shekel Kušmum 1 shekel Adad-bāni 1 shekel Šallim-Aššur 1 shekel Ennam-Aššur, son of Suen-nādā 1 shekel Ṭāb-Aššur 1 shekel the son of Suettata."
"1 ki-ru-um A-hu-ni 1 ki-ru-um ù zi-KI-KU-um Šu-Anim 1 ki-ru-um Šu-sà-a","1 jar Ahuni 1 jar and a <gap> Šu-Anum, 1 jar Šusāya."
"1 ki-ru-um I-dí-a-bi-im 1 ki-ru-um Ṣa-he-er-i-lí 1 ki-ru-um ša a-ma-at Ah-ša-lim 1 ki-ru-um En-na-nim","1 jar Iddin-abum, 1 jar Ṣaher-ilī, 1 jar of the maid of Ah-šalim, 1 jar Ennānum,"
"1 ki-ru-um DINGIR-áš-ra-ni 1 ki-ru-um Ì-lí-ba-ni 1 ki-ru-um A-mur-UTU 1 ki-ru-um Kà-sà-a","1 jar Ilī-ašranni 1 jar Ilī-bāni, 1 jar Amur-Šamaš, 1 jar Kasāya,"
"1 ki-ru-um LUGAL-UTU* 1 ki-ru-um Zu-x* 1 ki-ru-um A-hu-wa-qar 1 ki-ru-um Pi-lá-ah-Ištar","1 jar Šarrum-Šamaš?, 1 jar Zu <gap> 1 jar Ahu-waqar, 1 jar Pilah-Ištar"
"1 me-at NINDA A-mur-Ištar 1 me-at NINDA A-šur-mi-tì 1 me-at NINDA Tù-pì-zi 1 me-at NINDA Šu-Ku-bu-um 50 NINDA A-lá-hu-um","100 breads Amur-Ištar 100 breads Aššur-imittī 100 breads Tupizi 100 breads Šu-Kūbum 50 breads Ali-ahum"
"50 NINDA En-na-be-lí 1 me-at NINDA A-šur-i-mì-tí [ DUMU A-ta-a 1 me-at NINDA Puzur4-A-šùr 50 NINDA Šál-ma-A-šur","50 breads Ennam-bēlī 100 breads Aššur-imittī, son of Ataya 100 breads Puzur-Aššur 50 breads Šallim-Aššur"
"50 NINDA Im-dí-DINGIR 50 NINDA DUMU Ha-lá-bi4-im 50 NINDA Bu-zu-zu-um 50 NINDA Lá-qé-ep","50 breads Imdī-ilum 50 breads the son of Hali-abum 50 breads Buzuzum 50 breads La-qēp"
"1 me-at NINDA Kur-ub-Ištar 1 me-at NINDA A-šur-ma-lik 50 NINDA A-šùr-ṣú-lu-lí 50 NINDA A-ni-num","100 breads Kurub-Ištar 100 breads Aššur-mālik 50 breads Aššur-ṣulūlī 50 breads Anīnum"
"50 NINDA A-šur-SIPAD 1 me-at NINDA A-šur-na-da 50 NINDA En-nam-A-šur DUMU a-hi-a","50 breads Aššur-rē'ī 100 breads Aššur-nādā 50 breads Ennam-Aššur, son of my brother"
"1 ma-na 2 GÍN AN.NA Šu-Ku-bu-um ih-bu-lam","For 1 mina 2 shekels of tin Šu-Kūbum became indebted to me."
"ta-ah-si-is-tum [a]-ni-tum wa[(AH)-ar-ki-at","This memo is a later one."
"<gap> *20+x <gap> TÚG šu-ra-am a-na 11 GÍN a-na É kà-ri-im a-dí-i","<gap> one dark colored textile I deposited for 11 shekels at the colonial office."
"i-na 2 ma-na 10 GÍN KÙ.B. ša i-n[a] ni-kà-sé a-na E-lá-ma i-na-pu-lu-ni-[im] ŠÀ.BA 1⅓ ma-na 3 GÍN KÙ.B. al-qé ší-tí KÙ.B. ⅔ ma-na 7 GÍN KI A-šùr-ma-lik Ì-lí-a-lim ù La-qé-ep a-lá-qé","Of the 2 minas 10 shekels of silver that one will balance to Elamma at the accounting, 1 mina 23 shekels thereof I took; the rest of the silver, 47 shekels, I will collect from Aššur-mālik, Ilī-ālum and Lā-qēp."
"2 ma-na 14 GÍN KÙ.B. i-na ša [A-šu]r-be-el-a-wa-tim i-na <gap>","2 minas 14 shekels of silver from what belongs to Aššur-bēl-awātim, from/in <gap>"
"5 GÍN KÙ.B. a-na DUMU.MÍ Hi-na-a 10 GÍN a-na DUMU.MÍ A-šur-ni-šu","5 shekels silver for Hinnāya's daughter, 10 shekels for Aššur-nišū's daughter,"
"3 GÍN a-na DUMU.MÍ I-dí-na-bi-im DUMU Ba-la 1 GÍN a-na Lá-ma-sí ša Ištar-pu-úz-ri","3 shekels for the daughter of Iddin-abum, son of Bala, 1 shekel for Lamassī of Ištar-puzrī,"
"⅔ ma-na KÙ.B. šé-bu-ul-ta-ša a-na Lá-ma-sí DUMU.MÍ A-šur-UTU a-dí-in 5½ GÍN a-na Um-mì-Iš-ha-ra","⅔ mina of silver, her consignment, I gave to Lamassī, daughter of Aššur-šamšī, 5½ shekels for Ummī-Išhara,"
"4 ri-ik-sú ku-nu-ki-a a-na É A-lá-hi-im ù Zi-kur-i-lí mi-ma a-nim IGI Da-dí-a áp-qí-id","four packets with my seals for the house of Ali-ahum and Zikur-ilī - all this I entrusted (for transport) in the presence of Dadiya."
"2 ri-ik-sí ša Šu-Be-lim DUMU A-šur-be-el-a-[wa-tim [a]-na a-ha-ti-šu [ù DUMU].MÍ-šu [IG]I A-ta-a áp-qi-id[(LI)","Two packets of Šu-Bēlum, son of Aššur-bēl-awātim, for his sister and his daughter I entrusted (for transport) in the presence of Ataya."
"[x ma]-na 17 GÍN A-šur-DÙL [x m]a-na LÁ 1½ GÍN En-na-ma-núm [x]+2 ma-na 2 GÍN A-mur-Ištar 4 5/6 ma-na Ú-zu-ub-iš-ku-um","[x] mina(s) 17 shekels Aššur-ṣulūlī, [x] mina(s) minus 1½ shekel Ennamānum, [x]+2 minas 2 shekels Amur-Ištar, 4 5/6 minas Uzubiškum,"
"2 5/6 ma-na 7 GÍN A-zu-a 3 ma-na 7 GÍN Ku-ra 3 ma-na i-pá-ni-ú-tim ni-kà-sé Ku-ra","2 minas 57 shekels Azua, 3 minas 7 shekels Kura, 3 minas from an earlier settlement of accounts Kura,"
"1 ma-na Ma-nu-ki-A-šur 6 ma-na 12 GÍN Í-li-a-lúm 2 5/6 ma-na A-šur-ma-lik DUMU Ú-sà-ni-[im]","1 mina Mannu-kī-Aššur, 6 minas 12 shekels Ilī-ālum, 2 5/6 minas Aššur-mālik, son of Usānum,"
"2 ma-na 12 GÍN DUMU I-tur4-DINGIR [x m]a-na Pu-šu-ki-[in] 1½ ma-na Š[u-ku-*b]u-um 9 GÍN A-š[ur-i-m]i-tí","2 minas 12 shekels the son of Itūr-ilī, [x] mina(s) Pūsu-kēn, 1½ mina Šu-Kūbum, 9 shekels Aššur-imittī"
"[x m]a-na i-n[u-mi] <gap>-a ú Ku-ra [a-n]a* Ba-at-na [i-l]i-ku-ni [n]i-dí-šu-nu-tí","[x] mina(s) when <gap>a and Kura went Batna we gave to them."
"i-na 2 m[a-na KÙ.B.] ša hu-bu-ul Pu[zur4-EN.LÍL] ša ṭup-pí-šu ha-[ar-mi-im] ù ½ ma-na K[Ù.B.] ša a-ha-ma: a-dí-[šu-ni] ŠÀ.BA 2½ GÚ 4½ [ma-na] URUDU al-qé","Of the 2 minas of silver that are the debt of Puzur-Ellil, recorded in his certified tablet, and of the ½ mina of silver I had given him separately, thereof I obtained 2 talents 34½ minas of copper."
"i-na 1 GÚ 50 ma-na URUDU ù 10 GÍN KÙ.B. ša hu-bu-ul Puzur4-EN.LÍL","Of the 1 talent 50 minas of copper and 10 shekels of silver that are the debt of Puzur-Ellil,"
"ŠÀ.BA 1 ma-na KÙ.B. KI Ša-lím-A-šur DUMU Up-ha-qí-im aṣ-ba-at","thereof I seized 1 mina of silver from Šallim-Aššur, son of Uphāqum."
"10 ⅔ GÍN A-šùr-ma-lik i-lá-qé ⅔ ma-na 5/6 GÍN Kàr-wa-a","10⅔ shekels Aššur-mālik will take, 40 5/6 shekels Karwaya,"
"11 GÍN Iṣ-mi-id-DINGIR ½ ma-na 3⅔ GÍN Šu-Ku-bu-um 15⅓ GÍN Bu-zu-ta-a","11 shekels Iṣmid-Ilum, 33⅔ shekels Šu-Kūbum, 15⅓ shekels Buzutāya"
"10 GÍN KÙ.B. a-na I-dí-Sú-en DUMU En-na-ni-im a-dí-in","10 shekels of silver I gave to Iddin-Suen, son of Ennānum."
"5 GÍN a-na Im-dí-DINGIR ½ GÍN a-na GUDU4 1/6 GÍN a-na nu-a-ri-im 22½ ŠE.GÍN a-na ŠU.I 22½ ŠE.GÍN a-na ša-AB-KI-tim*","5 shekels for Imdī-ilum, ½ shekel for the priest, 1/6 shekel for the singer, 1/8 shekel for the barber, 1/8 shekel for <gap>."
"3 GÍN KÙ.B. iš-tí Eb-lá-i-im ša SÍG.HI.A il5-qé-ú","3 shekels of silver due from the man from Ebla, who took wool."
"3½ ma-na KÙ.B.-áp Ú-zu-a i-na li-bi-a Hi-na-a il5-qé","3½ minas of silver of Uzua Hinnāya took at my expense."
"IGI A-šur-be-el-a-wa-tim DUMU Šu-A-nim IGI En-nam-IŠKUR DUMU Zi-ra","In the presence of Aššur-bēl-awātim, son of Šu-Anum, of Ennam-Adad, son of Zira."
"um-mi-a-nu-šu a-na ší-a-ma-tim ú-ra-ki-sú-ni","His investors had contractually bound me to (provide it) for making purchases."
"11¼ GÍN iš-tí A-šur-ba-ni 11 GÍN iš-tí Puzur4-A-šur","11¼ shekels due from Aššur-bāni; 11 shekels due from Puzur-Aššur."
"9 GÍN KÙ.B. ša DAM Ha-ar-ša-a a-na A-šur-mu-ta-pí-il5 ha-bu-la-at-ni me-eh-ra-tim a-dí-šu-um","9 shekels of silver which Haršāya's wife owes to Aššur-mūtappil, its equivalent I gave to him."
"a-na ṣé-er 12 GÍ[N 1]3 GÍN KÙ.B. a-na A-šur-mu-ta-pí-il5","In addition to 12 shekels 13 shekels of silver for Aššur-mūtappil."
"2 TÚG ša DAM.MÍ Kur-ub-Ištar a-na A-šur-ma-lik a-dí-in","Two textiles of the wife of Kurub-Ištar I gave to Aššur-mālik."
"i-nu-mì TÚG.HI.A ša šé-pí-a ni-im-nu 2 TÚG sà-áp-dí-nu(m) É.GAL-lúm il5-qé 1 šu-lu-up-kà-um ú 2 ku-ta-nu ha-al-qú","When we counted the textiles shipped under my responsibility the palace took 2 sapdinnu-textiles; 1 Šulupkaean-textile and 2 kutānu-textiles were lost."
"5 TÚG.HI.A il5-tab-šu","Five textiles they took for their clothing."
"1 me-at 17 šu-ru-tum a-na É.GAL-lim e-ru-bu ŠÀ.BA 2 TÚG qá-a-tí ša Kur-ub-Ištar","117 dark textiles entered the palace, two of which are the share of Kurub-Ištar."
"96 ku-ta-nu ša Ì-lí-a 12 ku-ta-nu ša A-šur-lá-ma-sí","96 kutānu-textiles of Iliya, 12 kutanu textiles of Aššur-lamassī,"
"1 me-at (erasure) ša Kur-ub-Ištar 1 me-at LÁ 2 ša E-lá-ma","100 of Kurub-Ištar, 98 of Elamma."
"2½ TÚG ku-ta-ni I-li-a i-na-pá-al 1½ GÍN KÙ.B. i-lá-qé","2½ kutānu-textiles Iliya will give as compensation, he will get 1½ shekel of silver."
"½ ma-na 1⅓ GÍN Kur-ub-Ištar i-na-pá-al 5⅔ GÍN A-šur-lá-ma-sí","31⅓ shekels Kurub-Ištar will give as compensation, 5⅔ shekels Aššur-lamassī."
"a-na 17 ku-ta-ni ša i-na Ba-at-na ha-al-qú-ni 1⅓ ma-na.TA AN.NA ILLAT-tum ú-ma-lí-ni-a-tí","For the 17 kutānu-textiles that were lost in Batna the caravan paid us a compensation of 1⅓ mina of tin per (person)."
"ša la-qá-im Ku-ra il5-ta-qé","Kura has successively obtained what he was entitled to."
"½ ma-na KÙ.B. be-ú-lá-tí-šu Ku-ra i-na a-lim il5-qé ½ ma-na KÙ.B. a-na pá-ni-šu A-šur-ma-lik ú-šé-bi4-il5","Kura has received ⅓ mina of silver, his working capital, in the City, (and) ½ mina of silver Aššur-mālik sent to him en route."
"i-na lu-qú-tim ša šé-ep Kur-ub-Ištar 2 GÚ AN.NA ú lí-wi-sú 15 ku-ta-ni [2] ANŠE.HI.A sa-lá-me [Kur-ub-I]štar ip-qí-dam","Of the merchandise shipped under Kurub-Ištar's responsibility Kurub-Ištar entrusted to me 2 talents of tin with its wrapping, 15 kutānu-textiles (and) 2 black donkeys."
"[ŠÀ.BA] 1 šu-uq-lam ip-ṭur4-ma 11 ma-na AN.NA [i]l5-té-qé","Of this load he has broken the seals of one packet and has taken 11 minas of silver."
"a-šu-mì ša hu-lu-qá-e","For the matter of the losses."
"a-na-ku Ku-ra <ù> Šu-Ištar ni-pá-hu-ur-ma iš-té-ni-iš a-na Pi-lá-ah-Ištar DUMU Ú-zu-a a-wa-tám ni-da-an IGI Lá-qé-ep IGI E-me-me IGI A-šur-i-dí","I, Kura <and> Šu-Ištar will come together and together we will address Pilah-Ištar, son of Uzua, with Lā-qēp, Ememe and Aššur-idī as witnesses."
"šu-ma ib-tù-a-ni-a-tí iš-ti-ni i-ra-ba-áš","Should he prevail over us, then he can present his claim together with us."
"2 GÚ 56⅔ ma-na AN.NA qá-dum AN.NA qá-tim 15 LÁ 1/4 GÍN.TA 12 ma-na LÁ ⅓ GÍN KÙ.B.-áp-šu","2 talent 56⅔ minas of tin, including the loose tin, at 14¾ shekels per (shekel of silver), its price in silver: 11 minas 59 ⅔ shekels;"
"ší-im TÚG.HI.A ù ANŠE.HI.A 2½ ma-na","2½ minas of silver, the price of the textiles and the donkeys."
"KÙ.B. ŠU.NIGIN (erasure) 14½ ma-na LÁ ⅓ GÍN <<KÙ.B.>> KÙ.B. E-lá-ma is-ni-iq-ni-a-tí","In all 14 minas 19⅓ shekels of silver Elamma weighed out to us."
"2 TÚG ku-ta-nu 10 GÍN KÙ 4 TÚG lu-bu-š[u] 2 TÚG ra-qá-ta-an 2 TÚG šu-lu-up-kà-ú 1 ma-na 9 GÍN KÙ.B. it-bu-lu-ú","2 kutānu-textiles (cost) 10 shekels of silver, 4 garments, 2 thin textiles (and) 2 Šulupkaean textiles cost 1 mina 9 shekels of silver."
"24 ma-na AN.NA 1 ½ ma-na [7] GÍN KÙ.B it-ba-[al]","24 minas of tin cost 97 shekels of silver."
"5 TÚG lu-bu-[šu 1 TÚG] ra-qú-tum 1 TÚG ku-ta-nu 1 ma-na [KÙ.B.] a-na qá-tí-a ṭá-hi","5 garments, 1 thin textile (and) 1 kutānu-textile (for) 1 mina of silver have been booked as my share."
"4 TÚG ku-ta-nu DIRI-t[um]* 3 TÚG ša ṣú-ùh-r[i-im] ša A-bu-ša-lim iš-[ú-mu]","4 kutānu-textiles of very fine quality, 3 garments for youngsters which Abu-šalim bought."
"ša 48 ma-na KÙ[.B] 2 ma-na KÙ.GI ša-du-a-tám A-šur-i-mi-tí","For 48 minas of silver (and) 2 minas of gold the šaddu'utu-fee of Aššur-imittī < I paid >."
"16 GÍN KÙ.B. KI A-šur-i-mi-tí 2 ma-na 5 GÍN [Ha-da-ú-ni]","16 shekels of silver are due from Aššur-imittī, 2 minas 5 shekels (due from?) Hada'uni."
"ša 1½ ma-na 3 GÍN AN.NA ša ni-ip-lá-tim ša Hi-na-a 7½ GÍN.TA KÙ.B.-šu 12 ½ GÍN 15 ŠE KÙ.B.","Of the 1 mina 33 shekels of tin, of the balance payment of Hinnāya, at 7½ shekels (of tin) per (shekel of silver) its amount in silver is 12 5/12 shekels."
"i-na ša A-mur-A-šur 16 [G]ÍN KÙ.B. ša ša-du-i-tim","From what Amur-Aššur (owes?), 16 shekels of silver, of the šaddu'utu-tax,"
"ha-bu-lu ŠÀ.BA 12½ GÍN 15 ŠE Pi-lá-ah-Ištar il5-qé 3½ GÍN 15 ŠE E-lá-ma il5-qé","thereof Pilah-Ištar took 12 5/12 shekels, Elamma took 3 7/12 shekels."
"25 2/3 ma-na 5 GÍN a ni-kà-sí-kà 1 ma-na 15 GÍN ta-na-pá-al","25 minas 45 shekels are for your account, you will make a balance payment of 1 mina 15 shekels."
"lá-ma a-li-kà-ni a-ha-ma 5/6 ma-na KÙ.B. ša lu-qú-tí-kà: i-li-bi4 E-lá-ma 6 GÍN KÙ.B. a-kà-ri-im na-pá-lam qá-bi4-a-ku-ni","Before I had come, separately, 5/6 mina of silver from your merchandise was charged to Elamma; 6 shekels of silver was what I have been ordered to balance to the colony."
"a-na E-lá-ma 18 GÍN KÙ.B. ta-na-pá-al","To Elamma you will make a balance payment of 18 shekels of silver."
"23 ⅓ ma-na Hi-na-a qá-sú i-dí","23 ⅓ minas Hinnāya has deposited as his share."
"ša 3 TÚG ½ ma-na.TA 1 ma-na qá-sú i-dí 5½ TÚG.TA 10 GÍN.TA 3 TÚG ša ik-ri-[bi4]-kà 10 GÍN.TA iš-ku-nu-nim","For 3 textiles at ½ mina apiece he deposited 1 mina as his share, 5½ textiles at 10 shekels apiece, (for) 3 textiles of your temple-fund they submitted 10 shekels apiece."
"ŠU.NIGIN2 25 ma-na 15 GÍN KÙ.B. ša a-ni-kà-sí-kà na-ad-a-tí-ni","In all: 25 minas 15 shekels of silver, which you have as deposit on your account."
"1 ma-na 15 GÍN ša tá-na-pu-lu ša ni-kà-sí-šu (KU) ša Hi-na-a","1 mina and 15 shekels you have to balance are (for) Hinnāya's account."
"24⅓ ma-na KÙ.B. ù ša 3 TÚG 1 ma-na 7½ GÍN (erasure) ša ANŠE (erasure) ša 12 TÚG 4 ma-na ša 1 TÚG ku-ta-nim ša Ku-ni-lim 11 GÍN E-la-ma","24⅓ minas of silver and 1 mina for 3 textiles, 7½ shekels for a donkey, for 12 textiles 4 minas, for 1 kutānu-textile of Kūn-ilum 11 shekels – Elamma."
"23 5/6 ma-na ú ša 3 TÚG 1 ma-na Šu-Ku-bu-um","23 5/6 minas and 1 mina for 3 textiles – Šu-Kūbum."
"[1] ma-na 15 GÍN [Hi-na-a i-na-pá-a]l* <gap> E-la-ma <gap>","1 mina 15 shekels Hinnāya will balance <gap> Elamma <gap>"
"2 ma-na 10 [GÍN] Šu-Ku-bu-um i-na-pá-lam","2 minas 10 shekels Šu-Kūbum will balance to me."
"iš-tù ni-ip-lá-tum ša Hi-na-a ú Šu-Ku-bi4-im ba-at-qá-ni ⅔ ma-na 2 GÍN a-na kà-ri-im a-na-pá-al","After the balance payments by Hinnāya and Šu-Kūbum have been deducted I will balance 42 shekels to the colony."
"KIŠIB I-dí-A-šur DUMU Ì-lí-dan KIŠIB A-šur-SIPA DUMU I-dí-da KIŠIB E-lá-ma DUMU I-dí-Sú-in [KIŠIB] Puzur4-Ištar DUMU [A]-šur-ma-lik","Seal of Iddin-Aššur, son of Ilī-dān, seal of Aššur-rē'ī, son of Idida, seal of Elamma, son of Iddin-Suen, seal of Puzur-Ištar, son of Aššur-mālik."
"ší-ma-at I-dí-A-šur DUMU Ì-lí-dan","Testament of Iddin-Aššur, son of Ilī-dān."
"be-el5 ší-ma-tí-a a-na ba-áb DINGIR lá ú-šé-ru-du","They shall not lead my testamentary executors down to the Gate of the God."
"ša ú-šé-ru-du 10 ma-na KÙ.B. i-ša-qal","Who does lead them down shall pay 10 minas of silver."
"½ ma-na 5 G[ÍN KÙ.B. ṣa-ru-pu-um] ù 13½ ma-na URUD[U SIG5] i-lí-bi: Id-n[a-a]","35 shekels of refined silver and 13½ minas of refined copper are due by Idnāya."
"iš-tù ha-mu-u[š-tim] ša Am-ri-a ù [E]-[lá-lí] ki-ma a-wa-at kà-ri-im a-na ṣi-ib-tim i-lá-ak-šum","They become interest-bearing for him at the rate stipulated by the colony from the week-eponymy of Amriya and Elālī."
"1½ ma-na KÙ.B. ṣi-ib-tum pá-ni-tum 5/6 ma-na KÙ.B. gam-ru-um ša iš-ta-pu-ru-šu-ni i-li-bi4-šu-ma","1½ mina of silver, an earlier interest, (and) 5/6 mina of silver, expenses, about which he wrote him repeatedly, he also owes."
"KIŠIB I-pí-li-is KIŠIB A-šur-na-da DUMU A-mur-lu-sú KIŠIB La-qé-pí-im","Seal of Ippilis, seal of Aššur-nādā, son of Amur-ilūssu, seal of Lā-qēpum,"
"ša E-la-ma ù Id-[na-a] ma-ah-ri-ni: ni-k[à-sé] i-[sí-ú]-ma*","that Elamma and Idnāya settled accounts in our presence:"
"½ ma-na KÙ.B. a-na I-dí-A-šur","½ mina of silver for Iddin-Aššur;"
"1⅓ ma-na KÙ.B. a-na Ah-ša-lim ŠÀ.BA ⅓ ma-na a-na Lu-zi ÌR ša A-lá-hi-im","1⅓ mina of silver for Ah-šalim, of which ⅓ mina is for Luzi, the slave of Ali-ahum;"
"⅓ ma-na a-na [K]u-da-dim kà-ṣa-ar [A]-[šur-m]a-lik","⅓ mina for Kudādum, the harnesser of Aššur'-mālik."
"i-[na] té-er-tí-a i-da-an-šu-nu-tí","He will give it to them by my instruction."
"ša 3 GÍN KÙ.B. si-ba-ra-tim a-na Ah-ša-lim","For 3 shekels of silver sibarātum for Ah-šalim."
"1⅓ ma-na KÙ.B. ku-nu-ki-a a-na Ah-ša-lim ½ ma-na KÙ.B. ku-nu-ki-a a-na I-dí-A-šur Ṣé-eh-ri-i-lí ú-bi4-il5-šu-nu-tí","1⅓ mina of silver under my seal for Ah-šalim, ½ mina of silver under my seal for Iddin-Aššur, Ṣeher-ilī brought it to them."
"IGI Šu-Ku-bi4-im DUMU Qá-a-a-tim IGI A-lá-hi-im DUMU A-šur-ma-lik","In the presence of Šu-Kūbum, son of Qa'atum, of Ali-ahum, son of Aššur-mālik."
"i-nu-mì A-hu-w[a-qar] iš-tù a-lim i-tù-[ra]-[ni] šu-uq-lam [ku-nu-kí] ša a-lim [<gap> ù] E-lá-ma i-pá-t[ù-ru-ma]","When Ahu-waqar comes back from the City PN and Elamma will break open the packet with seals applied in the City"
"50 ma-na AN.N[A] i-du-nu-šu-ma iš-[tù] u₄-mi-im ša AN.N[A] i-lá-qé-ú 15 ha-am-ša-tim","and they will give him 50 minas of tin and from the day he gets the tin he will go (travel) for 15 weeks"
"i-lá-ak-ma 8½ ma-na KÙ.B ṣa-ru-pá-am A-hu-wa-[qar] i-ša-qal","and then Ahu-waqar will pay 8½ minas of refined silver."
"KIŠIB A-lá-hi-im KIŠIB A-li-li KIŠIB A-bi4-lá KIŠIB Lá-qé-ep","Seal of Ali-ahum, seal of Ali-ilī, seal of Abila, seal of Lā-qēp,"
"ša i-na ba-áb-tim ša A-šùr-be-el-ma-al-ki-im ša iš-ti DUMU A-tù-[ri]-a ù A-mur-A-šur Hi-na-a iṣ-bu-tù-ma a-na E-lá-ma ip-qi-du","that what Hinnāya had seized as part of an outstanding claim of Aššur-bēl-malkim from Atūriya's son and from Amur-Aššur and had entrusted to Elamma -"
"2 ma-na 13½ GÍN KÙ.B. ṣa-ru-pá-am E-lá-ma a-na A-lá-hi-im ù A-li-li ip-qi-du KÙ.B.","an amount of 2 minas 13½ shekels of refined silver, which Elamma in turn had entrusted to Ali-ahum and Ali-ilī – that this silver will become"
"a-na A-lá-hi-im A-li-li ù Hi-na-a a-ba-re-šu-nu i-lá-ak","the joint property/responsibility of Ali-ahum, Ali-ilī and Hinnāya."
"KIŠIB Hi-na-a KIŠIB I-ku-pí-A-šur DUMU En-um-A-šur","Seal of Hinnāya, seal of Ikuppi-Aššur, son of Ennam-Aššur,"
"ša [1½] ma-na KÙ.B. me-eh-ra-at ba-áb-tí-šu ša Lá-[qé-ep] E-lá-ma a-na Lá-qé-ep ú-šé-bi-lu","that Elamma sent to Lā-qēp 1½ mina of silver as counter value of Lā-qēp's outstanding claims."
"Lá-[qé-ep KÙ.B.]-áp-šu i-lá-qé Š[À.BA] 5 GÍN KÙ.[B. ší-i]m ½ ku-ta-[ni]m ṣa-[h]u-ru","Lā-qēp will take his silver (and) from it 5 shekels of silver, the price of ½ kutānu-textile, have been deducted."
"KIŠIB Šu-Ku-bi4-im DUMU Qá-a-tim KIŠIB A-lá-hi-im DUMU A-šur-ma-lik KIŠIB Ku-na-a DUMU Ma-na-na","Seal of Šu-Kūbum, son of Qa'atum, seal of Ali-ahum, son of Aššur-mālik, seal of Kunnāya, son of Manana."
"a-na gám-ri-im ù hu-lu-qá-e ša ILLAT Ì-li-a-lim a-na mì-ma šu-um-šu Ku-na-a a-na E-lá-ma ú-lá i-tù-ar","For expenses and losses of the caravan of Ilī-ālum, whatsoever, Kunnāya shall not raise claims against Elamma."
"a-na 30 ma-na AN.NA ša Ku-na-a: a-na ILLAT Ì-li-a-lim nu-du-a-e i-dí-ú qá-dé ILLAT-ma a-na a-wi-tí-šu i-za-sú-um","As for the 30 minas of tin, for which Kunnāya served Ilī-ālum's caravan a notice, it will belong to him together with (the other members of) the caravan according to its declared value."
"1 ma-na KÙ.B. ša Hi-na-a E-lá-ma a-na I-dí-Sú-en6 ú-šé-bi4-il5 Ṣé-eh-ri-lí ú-bi4-il5","1 mina of silver belonging to Hinnāya Elamma dispatched to Iddin-Suen, Ṣeher-ilī brought it away."
"IGI Na-ni-a IGI A-šur-DUG","Witnessed by Naniya, by Aššur-ṭāb"
"da-a-sú ù ú-kúl-tù-šu ša Ki-ta-a iš-tù Bu-ru-uš-ha-tim a-dí a-lim E-lá-ma iš-qúl","The road-tax he incurs and the food of Kitaya from Burušhattum until the City Elamma has paid."
"šu-ma iš-tù A-lim ú-nu-tám ša E-lá-ma lá i-sà-ri-dam da-a-sú ù ú-kúl-tù-šu Ki-ta-a ú-ma-lá","If he does not transport the goods of Elamma from the City Kitaya will compensate (what was paid him for) the road-tax and food."
"IGI Šu-Ištar IGI Šu-A-šùr","In the presence of Šu-Ištar, of Šu-Aššur."
"12 GÍN KÙ.B. ší-im TÚG ša En-na-nim DUMU A-zu-a: ša É-lá-ma il5-qé-ú: um-ma E-lá-ma-ma a-na En-na-nim DUMU A-ku-kà um-me-a-ni-kà KÙ.B. áš-qúl","As for the 12 shekels of silver, the price of a textile belonging to Ennānum, son of Azua, which Elamma took, Elamma declared: I paid the silver to Ennānum, the son of Akuka, your investor."
"um-ma Na-na-a-ma En-na-núm iš-pu-ri-ma GEME ša E-lá-ma ak-ta: um-ma En-[na-num-ma] a-lik: a-ma-sú [ki-t]a* mi-m[a] <gap>","Nanaya said: At Ennānum's behest I took Elamma's slave-girl as security, for Ennānum told (me): Go and take his slave-girl as security! Any <gap>"
"<gap> i-pì En-na-nim DUMU A-ku-ka: Na-na-a GEME ša E-lá-ma ik-ta: šu-ma E-lá-ma","<gap> declared: It was at the instruction of Ennānum, son of Akuka, that Nanaya took Elamma's slave-girl as security. If Elamma has paid"
"KÙ.B. En-na-nim ú-ša-bi4 ½ ma-na K[Ù].B. Na-na-a: a-na [*E-lá-m]a i-ša-qal","the silver to Ennānum Nanaya will pay ½ mina of silver to Elamma."
"[IGI x x *d]i-a I[GI* x x x D]UMU Šu-Ištar IGI Šu-Ištar DUMU Da-da-nim","In the presence of <gap>diya, of <gap>, son of Šu-Ištar, of Šu-Ištar, son of Dadānum."
"a-ma-kam i-na be-el id-ma-tim ša ki-ma um-mi-a-né ma-ma-an: mì-ma ú-lá i-ṭá-hi","Over there no one of the share-holders representing the investors shall approach anything."
"a-ma-lá ṭup-pì-im ša a-lim i-ša-ri-iq-šu-um","According to the tablet of the City, (if he does) it will be considered as stolen by him."
"4½ GÚ URUDU SIG5 1 GÚ 20 ma-na URUDU lá-mu-nu-um i-na ma-ṣa-ar-tim ša A-mur-A-šur A-šur-na-da [E-lá]-ma ù A-šur-SIPA [ú]-[šé]-ṣí-ú","4½ talents of refined copper, 1 talent and 20 minas of poor copper Aššur-nādā, Elamma and Aššur-rē'ī brought out of the strong-room of Amur-Aššur."
"[A]-šur-na-da ki-ma KÙ-pí-šu [e]-ru-ub E-lá-ma [ù] A-šur-SIPA [k]i-ma um-mì-a-ni [e-r]u-bu [A]-šur-ni-šu [ki-ma] Ku-ra e-ru-ub","Aššur-nādā entered on account of his own (claim on) silver, Elamma and Aššur-rē'ī entered in the name of the investors, Aššur-nišū entered representing Kura."
"[IGI] A-šur-na-da IGI Zi-ká-i IGI Ar-ší-ah IGI Ku-ku-lá-nim IGI E-lá-li-a","Witnessed by Aššur-nādā, Zikayi Arši-ah, Kukkulānum, and Elāliya."
"ṭup-pí-šu ib-ri-ú-ma ù šu-nu-ma ik-nu-ku-ma a-na ma-ṣa-ar-tim ú-šé-ri-bu","They inspected his tablets and they were also the ones who sealed them (again) and brought (again) into the strong-room."
"[KIŠIB Š]u-Be-lim KIŠIB A-šur-i-dí [š]a E-lá-ma Šu-Ištar ba-áb [h]a-ra-ni-šu iṣ-bu-tù-ma","Seal of Šu-Bēlum, seal of Aššur-idī, (confirming) that Elamma seized Šu-Ištar when he was about to go on a journey"
"[u]m-ma E-lá-ma-ma 12½ ma-na 7½ GÍN KÙ[B.] [ṣa]-ru-pá-am i-na e-ra-bi4-kà i-na Wa-ah-šu-ša-na šé-bi4-lam","and that Elamma said to him: 12 minas and 37½ shekels of refined silver you must send me when you enter Wahšušana."
"ù ša ší-ti AN.NA-ki-a i-na Bu-ruš-ha-tim i-na e-ra-bi4-kà-ma šé-bi4-lam","And what (is due) for the remainder of my tin you must send me when you enter Burušhattum."
"šu-ma lá tù-šé-bi4-lam <gap> a-na URUDU SIG5 <gap>-kà a-lá-qé","If you fail to do so, <gap> for refined copper shall I take your <gap>?"
"[um-ma Šu-I]štar-ma li-qé","Šu-Ištar answered: Take it."
"KIŠIB Šu-Ku-bi-im KIŠIB Šu-Ištar KIŠIB A-mur-A-šur","Seal of Šu-Kūbum, seal of Šu-Ištar, seal of Amur-Ištar,"
"ša 2 GÚ AN.NA i-na e-lá AN.NA-ki-šu E-lá-ma a-na Šu-Ištar a-na Bu-ru-uš-ha-tim [ú-šé]-ba-al-šu-ma","that, when his tin comes up (from Assur) Elamma will send 2 talents of tin to Šu-Ištar in Burušhattum and that"
"i-na ma-hi-[ir] i-za-zu 1 GÍN.TA: Šu-Ištar ú-ma-lá-[šum]-ma KÙ.B. ṣa-ru-pá-am i-na e-ra-áb AN.NA-ki-šu i-ša-qal","Šu-Ištar will deliver in full to him 1 shekel (of silver) per (shekel of tin) above the current rate of exchange and that he will pay purified silver on the arrival of his tin."
"a-na E-lá-ma qi-bi-ma um-ma A-hu-qar ù A-šùr-iš-tí-kál-ma","Say to Elamma, thus Ahu-waqar and Aššuriš-tikal:"
"a-na-kam Šu-Be-lúm ni-iṣ-ba-at-ma ṭup-pá-am me-eh-ra-am ša Lá-qé-ep nu-ša-áš-me-šu-ma um-ma né-nu-ma ší-bu-ta-kà dí-in","Here we seized Šu-Bēlum and we made him listen to the tablet, a copy, of Lā-qēp and we said to him: Give your testimony!"
"um-ma šu-ut-ma iš-tù pá-na-ma a-na Pi-lá-ah-A-šur ší-bu-tí a-dí-in KÙ.B. a-na a-lim ša-ak-šu-dam lá qá-bi","He answered: Some time ago I already gave my testimony to Pilah-Aššur (that) no promise has been made to deliver the silver to the City."
"né-ru-ub-ma me-eh-re ša ba-áb DINGIR ša ší-bu-tí-šu ša a-na Pi-lá-ah-A-šùr i-dí-nu ni-iš-me Lá-qí-ip tap-pá-i","We entered and listened to (the text of) the copies of his testimony drawn up in the gate of the god, that he had given to Pilah-Aššur (and they read): Lā-qēp was my companion."
"a-ma: me-eh-ri: ší-me a-ma-kam ma-lá-kà: a-na-kam","Here is my copy, listen to it; it is up to you there (what to do)."
"Ib-ni-lí DUMU A-šùr-UTU wa-ar-kà-sú nu-ša-[il5]-ma ù e-ba-ru-uš-šu Ku-ni-lúm ù I-dí-Ištar nu-ša-il5-ma eṭ-lu-um ke-en6 ú wa-ar-kà-tám i-šu","Here we questioned Ibni-ilī, son of Aššur-šamšī, about his record and we also questioned his friends, Kūn-ilum and Iddin-Ištar, and the result was: The man is reliable and has a (good) record."
"ṣú-ha-ar-tám ta-da-nam lá ta-da-nam té-er-ta-kà li-li-kam","Let your instruction come to me whether the girl must be given or not."
"Pi-lá-ah-A-šùr a-na E-lá-ma iṣ-ba-at-ni-a-tí-ma um-ma Pi-lá-ah-A-šur-ma a-na E-lá-ma","Pilah-Aššur seized us against Elamma and Pilah-Aššur said to Elamma:"
"a-na AN.NA-ki-k[à] ša ta-dí-na-ni a-ga-mi-il5-kà 8 GÍN.[TA] KÙ.B. a-na a-lim ú-ša-a[k-ša-da-kà]","I will do you a favor for your tin that you gave me, I will transfer to you in the City silver at a rate of (1 shekel) per 8 shekels (of tin)."
"<gap>","<gap>"
"a-na [a-wa-tim] a-ni-[a-tim kà-ru-um] Kà-ni-i[š] i-dí-ni-ma ṭup-pá-am KÁ [DINGIR] a-dí-in","For these words the Kanesh colony made me available and I gave this tablet (drawn up) in the gate of the god."
"KIŠIB Lá-qé-pí-im DUMU I-zi-za-am-[DINGIR]","Seal of La-qēpum, son of Izzizam-ilī."
"a-na a-wa-tim a-ni-a-tim kà-ru-um Kà-ni-iš i-dí-na-ni-ma IGI GÍR ša A-šùr [ší-bu-tí a-dí-in]","For these words the Kanesh colony made me available and before Aššur's dagger I gave my testimony."
"Pi-lá-ah-A-š[ur a-na] E-lá-ma iṣ-ba-a[t-ni-a-tí-ma] um-ma Pi-lá-ah-A-šur-ma a-na E-lá-ma-ma","Pilah-Aššur seized us against Elamma and Pilah-Aššur said to Elamma:"
"a-na AN.NA-ki-kà ša ta-dí-na-ni . a-ga-mi-il5-kà 8 GÍN.TA KÙ.B a-na a-lim ú-ša-ak-ša-da-kà","With respect to your tin that you gave me, I will do you a favor: I will supply you in the city silver at a rate of (1 shekel) per 8 shekels (of tin)."
"um-ma Pi-lá-ah-A-šur-ma a-na E-lá-ma-ma ù i-nu-mì a-na-ku a-na a-lim a-lu-ku 15 ma-na KÙ.B ta-da-nam-ma","Pilah-Aššur also said to Elamma: And when I go to the City will you then give me 15 minas of silver for my free disposal?"
"a-bé-e-el um-ma E-lá-ma-<ma> a-da-na-kum","Elamma answered him: I will give it to you."
"IGI Lá-qé-pí-im Šu-Be-lim: ù LUGAL-IM tap-pá-ú-a: a-na a-wa-tim","In the presence of Lā-qēpum; Šu-Bēlum and Šarrum-Adad, were my fellow witnesses."
"a-ni-a-tim kà-ru-um Kà-ni-iš i-dí-n[i-ma] IGI GÍR ša [A-šur] ší-bu-tí [a-dí-in]","For these words the Kanesh colony made me available and I gave my testimony before Aššur's dagger."
"i-na ba-áb ha-ra-ni-šu ša E-lá-ma um-ma Pi-lá-ah-A-šùr-ma 15 ma-na KÙ.B. ṣa-ru-pá-am ni-is-ha-sú DIRI ša-du-a-sú ša-bu-ú","When Elamma was about to set out on a journey Pilah-Aššur said: I gave you 15 minas of refined silver, its excise added, its transport fee paid for."
"a-dí-na-kum a-na A-lim i-na e-ra-bi-kà-ma 1 GÚ AN.NA ša-ma-a[m]","When you enter the City you must buy for me 1 talent of tin"
"ú a-ší-tí KÙ-pí-a TÚG.HI.A ša-ma-a[m] iš-tí [ANŠE]-ri-kà pá-ni-im šé-b[i4-la]m","and for the rest of my silver buy textiles for me, send them to me with your next donkey transport."
"um-ma E-lá-ma- ú-šé-ba-l[á-ku]m IGI GÍR-ma ša A-[šur] [š]í-bu-tí a-dí-in","Elamma answered: I will send them to you. Before Aššur's dagger I gave my testimony."
"E-la-ma ù A-šur-na-da iṣ-bu-tù-ni-a-tí-ma dì-šu-nu ni-dí-in-ma","Elamma and Aššur-nādā seized us and we passed the following verdict for them:"
"A-la-hu-um ù A-šùr-na-da uk-ta-nu-ú-ma","Ali-ahum and Aššur-nādā will establish who of them is liable"
"šu-ma TÚG.HI.A i-ṣé-er A-šùr-na-da ik-tù-nu","and if the textiles prove to be owed by Aššur-nādā,"
"⅔ ma-na KÙ.B A-šur-na-da DUM[U] Er-nu-id a-na E-la-ma i-ša-qal","Aššur-nādā, son of Ernu''id, will pay ⅔ mina of silver to Elamma."
"[IGI] A-mur-A-šùr DUMU Iš-me-lim","Witnessed by Āmur-Aššur, son of Išme-ilum."
"a-wi-lu a-ni-ú-tum da-a-nu","These gentlemen were the judges."
"22 šu-ru-tum 11 ma-na 10 GÍN AN.NA 12 GÍN KÙ.B. ší-im 1/2 ku-ta-nim 2½ ma-na KÙ.B. ší-im 5 ANŠE.HI.A i-li-bi4 A-lá-hi-im","22 dark textiles, 11 minas 10 shekels of tin 12 shekels of silver the price of ½ kutānu-textile, (and) 2½ minas of silver, the price of 5 donkeys, are due by Ali-ahum."
"a-na 2 ANŠE.HI.A ša E-lá-ma ù Lá-qé-ep A-lá-hu-um ù Hi-na-a uk-t[a]-nu-ma a-šar i-bu-ru-ni","Concerning 2 donkeys belonging to Elamma and Lā-qēp, Ali-ahum and Hinnāya will establish who of them is liable and from him who proves to be it"
"½ ma-na.TA KÙ.B. E-la-ma ú La-qé-ep i-la-qé-ú","Elamma and Lā-qēp will take ½ mina of silver per (donkey)."
"IGI E-dí-na-a IGI En-um-A-šùr","In the presence of Edināya, of Ennam-Aššur."
"1 ma-na 6 GÍN KÙ.B. ṣa-ru-pá-am i-ṣé-er E-la-ma Im-dí-DINGIR i-šu","1 mina 6 shekels of refined silver Elamma owes to Imdī-ilim,"
"ITI.KAM kán-wár-ta li-mu-um Šu-da-a DUMU En-na-nim","month IX eponymy of Šudāya, son of Ennānum."
"um-ma E-la-ma-ma 1 ma-na 6 GÍN KÙ.B.-áp1-kà a-na A-mur-Ištar ub-lu-[nim]","Elamma declared: One has brought the 1 mina 6 shekels, your silver, to Amur-Ištar."
"a-n[a] Im-dí-lim [A-mur-Ištar] [E-la]-[ma] ú-kà-an-ma šu-ma i-na li-[bi4] A-mur-Ištar KÙ.B. uk-ta-in","Elamma will confirm Amur-Ištar('s liability) for Imdī-ilum and if he has confirmed that Amur-Ištar has the silver in his possession,"
"KÙ.B. ù ṣi-ba-tí-šu A-mur-Ištar a-na Im-dí-lim i-ša-qal","Amur-Ištar shall pay the silver and the interest on it to Imdī-ilum."
"šu-ma E-la-ma a-na Im-dí-lim A-mur-Ištar la uk-ta-in KÙ.B. ù ṣi-ba-tí-šu E-la-ma a-na Im-dí-lim i-ša-qal","If Elamma fails to confirm Amur-Ištar('s liability) for Imdī-ilum, Elamma will pay the silver and the interest on it to Imdī-ilum."
"IGI A-mur-UTU IGI La-qé-pí-im","In the presence of Amur-Šamaš, of Lā-qēpum."
"KIŠIB A-[mur]-UTU DUMU Mi-šar-GAL KIŠIB La-q[é]-pí-im DUMU AB-ba-ni KIŠIB E-[la]-ma DUMU I-dí-Sú-in ša h[u-b]u-ul E-la-ma DUMU I-dí-Sú-in","Seal of Amur-Šamaš, son of Mišar-rabi, seal of Lā-qēpum, son of Ellil-bāni, seal of Elamma, son of Iddin-Suen, about the debt of Elamma son of Iddin-Suen."
"1 ma-na 6 GÍN [K]Ù.B. ṣa-ru-pá-am [i-ṣé-er] [E-la-ma] Im-d[í-lùm i-šu]","1 mina 6 shekels of refined silver Elamma owes to Imdī-ilum."
"[ITI.KAM kán-wár-ta] li-mu-um I-dí-A-šùr DUMU Ku-bi-di","month IX, eponymy of Iddin-Aššur, son of Kubīdi."
"[um]-ma E-la-ma-ma 1 ma-na 6 GÍN [KÙ.B.-áp]-kà A-mur-Ištar il5-qé","Elamma said: Your 1 mina 6 shekels of silver Amur-Ištar has collected."
"[E-la-ma] a-na Im-dí-[lim] [A-mur-Išt]ar ú-kà-an-[ma šu-ma] [i-li]-bi A-mur-Ištar [lá uk-t]a-in [KÙ.B.] ù ṣi-ba-sú [E-la-ma] a-na Im-dí-lim i-ša-qal","Elamma shall confirm Amur-Ištar (as having it) to Imdī-ilum and if he does not confirm that Amur-Ištar has it, Elamma will pay the silver and its interest to Imdī-ilum."
"1 TÚG ku-ta-nam Šu-lí DUMU Puzur4-A-bé-eh A-lá-ha-am a-hu-šu: a-na E-lá-ma ú-kà-a-an: šu-ma","Šuli, son of Puzur-Abeh, will confirm that Ali-ahum, his brother, owes 1 kutānu-textile to Elamma. If he"
"lá ú-kà-i-in KÙ.B. ½ ma-na Šu-lí: a-na E-lá-ma i-ša-qal","does not bring confirmation Šuli will pay ½ mina of silver to Elamma."
"iš-[tù] ha-mu-uš-tim ša A-šùr-ma-lik","Starting from the week eponymy of Aššur-mālik,"
"ṣa-lá-mì-im ki-ma a-wa-at kà-ri-im a-na 1 ma-na-e-em ṣi-ib-tám ú-ṣa-áb","the black one, he will add interest per mina according to the regulation of the colony."
"[li-mu-um] [š]a [qá]-té [Ba-z]i-a [DUMU Š]é-pá-lím* [ITU.KAM] na-ar-ma-ak-A-šur [š]a ke-na-tim","Eponymy of the successor of Baziya, son of Šēp-ālum, month III."
"IGI Ir-ma-A-šùr IGI Na-ar-me-a IGI En-nam-IŠKUR IGI Ri-ma-nim","Witnesses: Ir'am-Aššur, Nar'am-Ea, Ennam-Adad, Rimānum"
"a-na E-lam-ma [qi-b]ì-ma um-ma Šu-Be-lúm-ma","Say to Elamma, thus Šu-Bēlum:"
"DUMU.MÍ A-šur-dan DUMU Zi-zi-im ra-bi4-ṣa-am iš-tù a-lím ta-aṣ-ba-at-ma ú-ṣa-am a-ma-kam wa-ša-áb","The daughter of Aššur-dān, son of Zizum, has obtained an attorney from the City, who has left (and) is staying over there."
"šu-ma KÙ.B. lu URUDU ša ú-šé-lá-ku-ni ší-ma-am a-dí-ni la ta-áš-a-am KÙ.B. šé-ṣí-ma a-šar ku-wa-tí li-ib-ší","If with the silver or copper that I sent up to you you have not yet made purchases, then remove the silver and let it stay where you are."
"šu-ma ma-ma-an a-na KÙ.B. ṣa-ba-tim ir-ta-ag-*[ma-kum] KÙ.B. KÙ.B. kà-ri-im","Should anybody raise a claim against you in order to seize that silver, the silver belongs to the colony."
"šu-ma a-na am-tim ú-la É-té ú-ṭá-hi be-tù ù [a-ma-t]um ša a-wi-[il5-t]im","If he makes an attempt at a slave-girl or the house, the house and the slave-girls belong to the lady!"
"a-na ni-ší a-wi-il5-tim qi-ib-a-ma iš-tí-šu-nu le-ta-wu","Say to the personnel of the lady that he must negotiate with them."
"a-na E-la-ma qi-bi-ma um-ma Puzur4-A-na-ma a-la-nu-kà a-ba-am ú bé-la-am ú-la i-šu","Say to Elamma, thus Puzur-Anna: I have no father and lord but you!"
"a-ša iš-tí-kà la uš-ta-me-ru li-ba-kà la tù-lá-ma-an","Don't be angry because I did not turn up with you."
"ú-lá a-na ší-a-ma-tim a-la-ak a-té-er-tí É a-bi4-ni a-la-ak","I cannot travel to make purchases (for you), I must travel for an order of our paternal house."
"um-ma a-na-ku-ma i-kà-lá-a-ni-ma bi4-il5-tám ú-ša-ša-a-ni a-ki-am la uš-ta-me-er","I thought: He might detain me and force me to carry a load (for him) (and) for that reason I did not"
"iš-tí-kà: iš-tí lu-qú-tí-kà pá-ni-e-ma a-[x]*-re-a-am","turn up with you. But with your next lot of merchandise I will <gap>"
"um-ma Né-er-a-am-tum-ma a-na E-lá-ma qi-bi-ma","Thus Ner'amtum, say to Elamma:"
"ra-qá-tám ú TÚG: na-áš-ú-ni-kum iš-tí lu-qú-tí-kà ù ší-it-ra-am a-na Lá-ma-sí-tim","They are bringing you a thin textile and a normal one, together with your merchandise, and a shawl for Lamassutum."
"a-na a-wa-tim ša ta-áš-pu-ra-ni a-wi-lu-um ih-tí-li-iq","As for the matter about which you wrote me, the gentleman has perished/disappeared."
"a-na ma-nim lá-aq-bi","To whom should I speak?"
"sà-ah-ra-<ku>-ma ú-lá a-le-e-ma ú-lá a-pá-al","I am staying here and I am unable to answer for it."
"ša: ki: me-er-i-a né-nu lá nu-šé-ra-áb a-na-ku áp-lá-ah-ma uš-té-ri-ib","We were not to bring in the house somebody to replace my son, (but) because I became afraid, I was the one who has now brought one in."
"li-ba-kà lá tù-lá-mi-in","Do not get angry!"
"a-na E-[lá-ma ù] Kur-ub-Išta[r qi-bi-ma] a-na Kur-ub-Iš[tar qi-bi-ma] um-ma Ku-ni-l[úm-ma]","Say to Elamma and Kurub-Ištar, say especially to Kurub-Ištar, thus Kūn-ilum:"
"i-nu-mì E-na-h[i-li] lu-qú-tí: ir-de5-e-n[i-ma] i-na É.GAL-lim: T[ÚG.HI.A] ma-ah-ri-kà im-nu-[ú]","When Ēnah-ilī brought my merchandise here and one counted the textiles in the palace in your presence,"
"16 TÚG.HI.A a-na <gap> ta-dí-in: ú <gap> tù-ša-li-m[a <gap>] <gap>","you gave 16 textiles to/as <gap> and you brought (the rest ?) safely to <gap>"
"[x-bu-um] <gap> lu i-ta-ba-al i-n[a] KÙ.B. ša iš-tí <gap>","<gap> he has/will indeed take(n) along from the silver that is due by <gap>"
"a-na E-lá-[ma qi-bi-ma] um-ma Ištar-pi-lá-ah-ma","Say to Elamma, thus Ištar-pilah:"
"3 ma-na AN.NA Hi-na-a i-na <gap> ú-kà-al-ma lá i-pá-ṭù-ru-nim li-bu-šu lá i-lá-m[i]-in","Hinnāya holds 3 minas of tin under seal and one must not open (the packet) lest he gets angry."
"KÙ.B. 1½ ma-na i-hi-id-ma šé-bi4-lam","Take care to send me 1½ mina of silver."
"lá ša áš-pu-ra-ku-ni um-ma Hi-na-a-ma té-er-ta-kà li-[li-kam]-[ma] ú-šé-ba-la-am","That I did not write you (earlier) is because Hinnāya said: If a message of yours arrives I will send it to you. (But now)"
"áš-pu-ur-[ma KÙ].B. lá [tù-ha-li]-[iq] i-hi-id-ma KÙ.B. šé-bi4-lam","I wrote: Do not let the silver get lost, take care to send me the silver!"
"KÙ.B. 1 GÍN li-l[i]-[am]","May at least some silver be produced!"
"KÙ.B. lá KÙ.B.-áp-šu šu-<ut>-ma KÙ.B. I-dí-Sú-in","The silver is not his silver, it is the silver of Iddin-Suen!"
"um-ma I-dí-A-šùr-ma a-na E-la-ma ù A-la-hi-im qi-bi4-ma a-na A-la-hi-im qi-bi4-ma","Thus Iddin-Aššur, say to Elamma and Ali-ahum, in particular to Ali-ahum:"
"1 ma-na KÙ.B. ša ṭup-pá-am ša Sá-li-a ta-*al-pu-tù 1 ma-na KÙ.B. Sá-li-a li-dí-na-ku-ma","1 mina of silver for which you drew up Saliya's debt-note, let Saliya give you that 1 mina of silver and"
"ù ší-tí KÙ.B. ṭup-pì-i am-ra-ma a-na ar-be-e-šu a-na Sà-li-a e-si-ir-ma","as for the rest of the silver inspect my tablet to (discover) that I have already dunned Saliya four times, in order to be able to pay you."
"lu nu-ša-bi4-kà a-hi a-ta gi5-mì-lam i-ṣé-ri-a ù me-er-e-a šu-ku-un","Please my brother, do me and my sons this favor."
"DAM.GÀR i-šu a-ma-ma-an i-pì-kà lá ú-ṣí-i","I have a creditor, (so) let nobody hear (about it) from your mouth!"
"a-na Hi-na-a ù E-la-m[a] qi-bi-ma um-ma I-dí-a-bu-[ma]","Say to Hinnāya and Elamma, thus Iddin-abum:"
"1/2 ma-na 5 GÍN KÙ.B. sa-ru-pá-am i-sé-er EN.LÍL-ba-ni DUMU Sà-sà-a: ṭup-pu-šu ha-ar-mu-um i-na li-bi4: ṭup-pé-a i-na Du-ur-hu-mi-it É Hi-na-a: i-ba-ší","35 shekels of refined silver Ellil-bāni, son of Sasaya, owes (me); his sealed debt-note is among my tablets (that are) in Durhumit, in the house of Hinnāya."
"a-ba-ú-a: a-tù-nu ṣa-ab-ta-šu-ma KÙ.B. ša-áš-qí-la-šu: šu-ma mi-ma i-qá-bi4:","Please, my fathers, seize him and make him pay the silver. If he protests and says:"
"um-ma šu-ut-ma a-na e-la-i-šu KÙ.B. a-ša-qal: GANA₂-lam ú-la ú-ṣí: ṣa-ab-ta-šu-ma KÙ.B ša-áš-qí-la-šu-ma","I will pay him the silver when he comes up – he must not leave for the countryside, seize him and make him pay the silver"
"ù iš-té-en i-ba-re-ku-nu ṭup-pá-am: li-dí-šu-um ki-ma ṭup-pu-šu: sà-ru","and let one of you give him a quittance stating that his debt-note is no longer valid."
"a-na E-la-ma qi-bi-ma 2 TÚG ku-ta-ni A-šùr-mu-ta-pìl DUMU Šu-Be-lim: i-na ku-nu-uk Da-dí-a kà-an-ku-ma ub-la-kum","Say to Elamma: Aššur-mūtappil, son of Šu-Bēlum, brought you 2 kutānu-textiles provided with Dadiya's seal."
"a-bi a-ta be-lí a-ta: ṭup-pá-am ša ½ ma-na 3 GÍN KÙ.B ha-bu-la-ku-ni:","Please, my father, my lord, the tablet by which I owe you 33 shekels of silver,"
"ku-nu-uk-šu-ma a-na DUMU um-me-a-nim ke-nim: dí-in-šu-ma lu-ub-lu-ni-šu","put it under seal and give it to a reliable affiliated trader, to bring it to me."
"um-ma En-um-A-šùr ú Da-di-a-ma: a-na E-lá-ma [qi]-bi-ma","Thus Ennam-Aššur and Dadiya, say to Elamma:"
"a-na-kam a-na [Ah-ša]-lim ú-nu-ut-kà [ni-ip]-qi-id i-na ba-a[b] [a-bu-l]im i-na wa-ṣa-i-[šu]","Here we entrusted your goods to Ah-šalim In the city-gate, when he was about to leave,"
"[iš-t]ù: ha-ra-nu-um [d]a-ri-*[x]-ú: A-šùr-i-d[ì] i-li-kam-ma a-na 4 ma-[na] KÙ.B. A-šùr-i-dí Ah-ša-lim iṣ-ba-at um-ma šu-ut-ma ú-lá ú-ša-ar-kà","after the caravan had already been assembled, Aššur-idī came and Aššur-idī seized Ah-šalim for 4 minas of silver, declaring: I will not let you go!"
"i-na re-em lu-qú-tim ki-ma ú-nu-tim lá ta-ú-ri-im a-na-[ku] ú Da-dí-a a-na 4 ma-na KÙ.B. qá-ta-tí-šu ni-il5-ta-[pá-at]","Out of consideration for the merchandise, in order not let the goods be brought back, we, I and Dadiya, had ourselves booked as his guarantors for the 4 minas of silver."
"i-hi-id-ma Ah-ša-lim KÙ.B. e-ri-iš-ma um-ma a-ta-ma ša ki-ma i-a-[tí] qá-ta-tí-kà il5-ta-a[p]-tù","Take care to ask Ah-šalim for the silver, saying: My representatives let themselves be booked as your guarantors."
"KÙ.B. šu-qú-ul-ma a-na a-wi-li lu-šé-bi-il5-ma a-na A-šùr-i-dí li-iš-qú-lu","Pay the silver then I will send it to the gentlemen, so that they can pay it to Aššur-idī."
"[š]a ki-ma i-a-tí [ṭup-pá]-am [iš-pu-ru-ni]m","My representatives wrote me a letter"
"<gap> [šu-ma] e-ta-ba-[at] [šu-up]-ra-ma a-na-kam É-bé-s[ú] a-na ší-mi-im lu ni-dí-in","to that effect. If he has fled, write to us, then we will sell his house here."
"um-ma Bé-l[á-num] ù Hi-na-[a-ma] a-na E-lá-ma qi-bi-ma","Thus Bēlānum and Hinnāya, say to Elamma:"
"wa-a[r-k]i-kà-ma 11 ma-na KÙ.B. ù 16 ma-na KÙ.B ša a-šu-mì KÙ.GI","After you had left your son sent 11 minas of silver and the 16 minas of silver, on which you had given"
"En-nam-A-šùr tù-ša-hi-zu me-ra-kà a-na En-nam-A-šùr ú-šé-bi-lam","Ennam-Aššur instructions concerning gold, to Ennam-Aššur."
"16 ma-na KÙ.B En-nam-A-šùr il5-qé-ma 2 ma-na KÙ.GI ù 11 ma-na KÙ.B. a-ṣé-ri-ni ú-šé-bi-lam","Ennam-Aššur took these 16 minas of silver and sent 2 minas of gold and the 11 minas of silver to us."
"wa-ar-kà-tám 18 ma-na KÙ.B DUMU Ṣa-lá-mi-im ú-šé-ṣí-am","Later the son of Ṣallāmum produced 18 minas of silver."
"KÙ.B ù KÙ.GI pá-ni-[a]m ú-ša-ší-ib TUR [GA]L nu-pá-he-er-ma","This silver and the earlier amount of gold he <gap> We collected everything and"
"a-ṣé-er ša ki-[ma] ku-a-tí a-na Kà-n[i-iš] nu-uš-té-r[i-ib]","brought (it) into Kanesh to your representatives (saying):"
"i-té-er-tí P[i-lá-a]h-Ištar GUŠKIN a-na DUMU Ṣa-lá-mi-im pí-iq-da-ma a-ṣé-er E-lá-ma lu-bi-il5","At the instruction of Pilah-Ištar you must entrust the gold to the son of Ṣallāmum to bring it to Elamma."
"a-na E-lá-ma qi-bi4-ma um-ma A-šur-DÙG-ma","Say to Elamma, thus speaks Aššur-ṭāb:"
"a-na-kam E-di-na-a ú-ša-si-ih-ma pi-šu En-nam-A-šur DUMU Di-dì-a-a iš-me ha-ra-šu a-na A-lim","I forced Eddinaya to appear here and Ennam-Aššur, son of Didi(a)ya, heard his statement. He is now on his way to the City."
"ṭup-pá-am ša hu-bu-ul En-na-nim ku-nu-ki-a DUMU Di-dí-a na-áš-a-kum","A tablet recording a debt of Ennānum, with my seals, Didiya's son has with him for you."
"lu-qú-ut-kà ú-za-kà a-ta-lá-kam","I will clear your merchandise (then) I will leave."
"[a]-na E-lá-má qi-bi-ma [um]-ma A-šùr-SIPAD-ma","Say to Elamma, thus Aššur-rē'ī:"
"[ta-á]š-pu-ra-am um-ma [a-t]a-ma ṭup-pé-e na-áš-pá-ra-tim [ša iš-tù a]-lím tù-šé-ṣí-a-ni [šé-bi-l]am:","You wrote me as follows: Send me the tablets with letters that you took along from the City."
"ṭup-pé-e [na-á]š-pá-ra-tim ša Da-dí-a [ù] En-um-A-šùr [Šu-mi]-[a]-bi-a na-áš-a-kum","Šumi-abiya is on his way with the tablets with letters of Dadiya and Ennam-Aššur."
"[ṭup-pu]-um ša ṣú-ha-ar-tim [i-li-ka]m um-ma ší-it-ma [a-mì]-nim ṭup-pá-am [lá i-dí]-na-kum a-ta","A letter of the girl arrived here in which she wrote: Why did he not give you the tablet? You"
"<gap> a-lik-ma <gap> at-wu-šu-um","<gap> go and <gap> talk with him!"
"[iš-t]ù ITU.3.KAM [áš-pu]-ra-kum um-ma a-na-ku-ma [KÙ.B.] šé-bi-lam šu-ma a-bi a-ta [1 ù] 2 ma-na: <KI> a-li-ki-im","I wrote you three months ago asking, send me silver! Please, my father, send me one or two minas"
"[pá-n]im-ma: šé-bi-lam-ma [šu-q]á-al-kà lá i-pá-ṭá-ar-ma [ù l]i-ba-kà lá i-lá-mì-in","with the next caravan, lest your packet (of tin) is opened and you get angry."
"[d]a-a-tum ma-ri-iš-tum ik-šu-ud-ni-a-tí","We have incurred a terribly heavy road-tax."
"a-na E-lá-ma qi-bi-ma um-ma A-šùr-SIPA-ma","Say to Elamma, thus Aššur-rē'ī:"
"2 šu-lu-up-kà-ú ša ú-šé-bi-lá-ni A-šùr-mu-ta-pí-il5 a-na 30 ma-na ma-sí-am lá-ma: a-li-kà-ni il5-qé-šu-nu","The 2 Šulupkaean textiles I sent you Aššur-mūtappil had taken for 30 minas of refined copper before I arrived."
"wa-ar-kà-nu-um [u]m-ma šu-ut-ma [ṣú-ba-t]i-kà: li-qé","Afterwards he said: Take your textiles!"
"[1] TÚG: šé-šé-r[a-a]m* i-pu-hu-šu* ša-ni-am: ú-ri-šu-uš","As for 1 <gap> textile, instead of it they asked for another one."
"TÚG: a-pá-ni-a i-dí-ú-šu-nu","They deposited the textile(s) before me."
"a-bi a-ta be-lí a-ta [lá] ú-nu-ú-ni","Please my father, my lord, they must not cheat me!"
"té-er-ta-kà li-li-kam-ma š[i-i]m TÚG.HI.A li-di-nu-nim-ma lá-tal-[kam]","Let a message of yours come here so that they give me the price of the textiles, then I will leave."
"a-ma [a-š]a ta-ta-ú-ni um-ma a-ta-ma: ar-hi-i[š] ta-ta-lá-kam: tù-ZA-ra*-x-ni","Now then, as for what you said: Leave quickly! you are <gap>ing me."
"a-na E-lá-ma qi-bi4-ma um-ma A-šur-na-da ù A-šur-i-mi-tí-ma","Say to Elamma, thus Aššur-nādā and Aššur-imittī:"
"1 me-at 2 TÚG.HI.[A ku-t]a-nu qá-dí ša <gap> [x li-wi-t]um 4 GÚ x [ma-na AN.NA ku-nu-k]i 6 *A[NŠE <gap>]","102 kutānu-textiles including those <gap> for wrapping, 4 talents x minas of sealed tin, 6 donkeys <gap>"
"ù <gap> [n]i-is-[ha-tim <gap>] [ni]-iš-qú-u[l ki-ma x ma-na] [AN].NA ½ ma-n[a] KÙ.B. a-na qá-t[ì] A-šur-mu-ta-pì-il5 ni-dí-in","as import-tax <gap> we paid. Instead of x minas of tin we handed over to Aššur-mūtappil ½ mina of silver."
"⅓ ma-na AN.NA A-šur-i-mi-tí il5-qé","Aššur-imittī took ⅓ mina of tin."
"3 TÚG a-wi-il5-tum [tal]-qé","The lady took 3 textiles."
"⅓ ma-na 7 GÍN [š]í-im ANŠE 2 GÍN ṣí-tum KÙ.B. Ah-ša-lim il5-qé 2 TÚG ša kà-ṣa-ri-i[m]","27 shekels was the price of a donkey, 2 shekels, expenditures in silver, Ah-šalim took 2 textiles of the harnesser."
"KI Ah-ša-lim ni-kà-sí ni-ša-sí","We will settle accounts with Ah-šalim."
"[a-na E-l]á-ma qi-bi-ma [um-ma A-h]u-wa-qar","Say to Elamma, thus Ahu-waqar:"
"[a-dí] ṭup-pí-im ša [t]a-áš-pu-<ra>-ni um-ma a-ta-ma KIŠIB A-lá-hi-im a-na E-lá-ma lá-pí-it","As for the tablet about which you wrote me as follows: Seal of Ali-ahum, to Elamma is written (on it),"
"ṭup-pu-um: i-li-bi4 ṭup-pé-kà: i-ba-ší","that tablet is to be found among your tablets,"
"Ha-na-a ù Id-na-a [i]k-nu-ku-šu","Hanāya and Idnāya have sealed it."
"šu-ma <gap> tù-ru-ma","If <gap> return"
"<gap> šé-bi4-lá-[am] <gap>","send me <gap>"
"a-na E-lá-ma qi-bi-ma um-ma A-hu-wa-qar-ma","Say to Elamma, thus Ahu-waqar:"
"ta-áš-pu-ra-am um-ma a-ta-ma ṭup-pu-um i-hu-lá-pí-im lá-wi: pá-nu-šu KIŠIB A-lá-hi-im a-na Hi-na-a ú E-lá-ma lá-pí-it","You wrote me as follows: (There is) a tablet wrapped in a rag, on the face of which is written: Seal of Ali-ahum to Hinnāya and Elamma."
"i-li-bi4 ṭup-pé ša A-šur-DÙG né-mu-ur-ma lá-šu","We looked for it among the tablets of Aššur-ṭāb, but it is not there."
"a-na A-šur-DÙG ni-iš-tap-ra-am","We have now sent a letter to Aššur-ṭāb."
"té-er-tù-šu li-tù-ra-am-ma a-šar ša-ak-nu nu-šé-ba-lá-ku-šu","When his message (telling) where it has been placed comes back we will send it to you."
"a-šu-mì am-tí-im ša A-šur-ta-ak-lá-ku ša ta-áš-pu-ra-ni Dan-A-šur ni-iš-al-ma um-ma šu-ut-ma ší-im GEME₂ a-na-ku: i-ra-mì-ni-a áš-qúl","As for the slave-girl of Aššur-taklāku, about whom you wrote us, we asked Dān-Aššur and he said: It was me who paid the price of the slave-girl out of my own means."
"LUGAL-IŠKUR a-na Wa-ah-šu-ša-na i-lá-ak ší-be ú-ša-a-lá-ma za-ku-sà: ni-ša-pá-ra-kum","Šarrum-Adad will go to Wahšušana, he will interrogate the witnesses and then we will send you definite information."
"um-ma E-lá-ma-ma ù Kur-ub-Ištar-ma a-na Da-da ù I-n[a-a]h-DINGIR qi-bi-ma","Thus Elamma and Kurub-Ištar, say to Dada and Ēnah-ilī:"
"30 ma-na KÙ.B ša Ah-ša-lim a-na a-bi-ku-nu ub-lá-ni šu-ma 15 GÍN.TA i-ba-ší AN.NA ša-ma-ma šé-bi-lá-nim","The 30 minas of silver that Ah-šalim brought to your father, if there is tin available at a rate of 15 shekels (to 1), then buy it and send it to me."
"šu-ma i-na 15 GÍN.TA ba-tí-iq mi-iš-lam AN.NA mi-iš-lam TÚG.HI.A ša-ma-ma i-pá-ni-im-ma: áb-kà-nim","It the rate is less than 15 shekels (to 1) then buy for one half of it tin and for the other half textiles and ship them to me with the first opportunity."
"a-ní-ša-am a-ba-ra-im li-ik-šu-dam","It should reach me here before the suspension of traffic."
"[i-nu]-mì AN.NA ù TÚG.HI.A [ta]-kà-na-ká-<ni> i-pá-ni [šu-u]q-lá-tim ù sí-ke TÚG.HI.A ša DAM.GÀR lá-pí-ta-nim","When you seal the tin and the textiles write on the packets (with tin) and on the hem of the textiles Belonging to tamkārum."
"i-ki-dim a-wa-at-ku-nu lá i-ša-me","No word of you should be heard outside!"
"KÙ.B ša E-la-ma","The silver belongs to Elamma."
"a-na En-um-A-[šùr] Da-di-a: Hi-na-a I-dí-a-bi4-im: A-ku-a ù A-ta-a qi-bi4-ma um-ma E-la-ma-ma","To Ennam-Aššur, Dadiya, Hinnāya, Iddin-abum, Akūa and Ataya, say, thus Elamma:"
"a-na lu-qú-tí-ku-nu AN.NA ú TÚG.HI.A ša Ì-lí-a-lúm ir-de5-a-ni: i-nu-mì ni-mí-ig-ru-ma AN.NA ú TÚG.HI.A al-qé-ú","As for your merchandise, tin and textiles, which Ilī-ālum brought here, when we had reached an agreement and I had taken the tin and textiles,"
"šu-ma kà-ru-um ša-du-a-tám il5-té-qé i-na KÙ.B.-áp [I]-lí-a i-na ša na-ru-qí-šu La-qé-ep: lá-qá-am","I was authorized, if the colony levied the šaddu'utu-tax, to take it from Iliya's silver, that of his joint-stock fund (managed by?) La-qēp."
"qá-bi-a-ku: ṭup-pá-ak-nu ha-ar-ma-am ú-kà-al","I have in my possession a valid record of yours (to that effect)."
"a-na-kam a-na kà-ri-im [a]-tù-[ur] um-ma a-na-ku-ma [lu]-qú-tum i-a-tum [mi-š]u-um ša-du-a-tám","Here I turned to the colony and I declared: The merchandise belongs to me, why have you levied šaddu'utu-tax?"
"[t]ù-ša-dí-a um-ma šu-nu-ma [lu]-[qú]-tum a-na ša Ì-lí-a ša-ak-na-at-ma nu-ša-dí um-ma a-na-ku-ma lá-at-ma lu-qú-tum lu i-a-tù-ni","They answered: The merchandise has been joined to that of Iliya and therefore we levied it. I said: I am ready to swear that the merchandise is truly mine!"
"ú a-le-ma a-na kà-ri-im ša-du-a-tám il5-té-qé-ú ú-la ig-da-am-lu-ni","But, wherever they collected the šaddu'utu-tax for the colony they have not obliged me."
"36 ma-na AN.NA il5-qé-ú ŠÀ.BA 6 ma-na ki-iš-da-at Ku-ni-lim ú-ṣa-he-er","They took 36 minas of tin from which I deducted 6 minas that were for Kūn-ilum's account."
"a-hu-ú-a a-tù-nu 30 ma-na AN.NA ma-lá d[á]*-tí-šu mu-ṭé-e-šu ú ni-is-ha-tí-šu","Please, my brothers, send me with the first opportunity 30 minas of tin, as much as amounts to its road-tax, its underweight"
"[i-pá-ni-ma] šé-bi4-lá-nim-ma a-na-kam [i-K]Ù.B-pi-ku-nu lá a-lá-qé","and the import-tax on it, so that I do not have to take it from your silver here."
"[mi-šu-u]m áš-ta-na-pá-r[a]-ku-nu-ti-ma [šé-b]u-lam lá ta-mu-a","Why must I write you time and again, while you refuse to send it?"
"um-ma E-lá-ma-ma a-na A-šùr-DÙG qi-bi-ma","Thus Elamma, say to Aššur-ṭāb:"
"a-na-kam-ma ú-na-hi-id-kà um-ma a-na-ku-ma","It was here that I gave you the following instruction:"
"KÙ.B. 1 ma-na ma-lá tù-tù-ú pá-ni-a-ma šé-bi-lam KÙ.B. ma-lá i-qá-tí-kà i-ba-ší-ú *x-kà-ma a-ta ki-lá","Send me every mina of silver as soon as you find it. All the silver you have already available you must retain for yourself."
"6½ TÚG.HI.A káb-tù-tim SIG5 ša Šu-bi-ri-im Ku-ni-lúm na-áš-a-kum","6½ heavy textiles, of good quality, of Šubarean make, Kūn-ilum is bringing you."
"mu-dí-a-am ZI-lá-tí-a-am ṣa-ba-at-ma ṭù-re-šu-nu lu-ša-dí-id-ma a-ni-ib-ra-re lu-sí-ma-ku-šu-nu-ma ma-lá KÙ.B. 1 GÍN tù-šé-lu-ú","Get hold of a specialist from Zilat and let him stretch their yarns and make them suitable for you for nibrāru-garments, so that you can realize at least some silver."
"lu-bu-šé ra-qá-tim ù šu-lu-up-ki-e iš-tí wa-ar-ki-ú-tim ú-šé-ba-lá-kum","With the next shipment I will send you garments, thin textiles and Šulupkian textiles."
"lu šu-ul-hu lu ma-ku-hu ša a-ma-kam ṭá-áb-ú-ku-<um> a-mu-ur-ma té-er-ta-[kà] li-li-kam-ma i-ha-ra-an","Look out for šulhu- or makūhu-textiles over there that please you and let your report come to me. And let with every single"
"ha-ra-ma: ta x x a-ta [ANŠE] <gap> li-ta-lu-[ku]-ni-ma KÙ.B. 1 GÍN li-li-[a]m","caravan <gap> regularly come to me, so that at least some silver becomes available to me."
"a-na A-šur-re-ṣí En-um-A-š[ur] Da-dí-a ú A-ta-a qi-bi4-ma um-ma E-la-ma-ma um-ma a-tù-nu-ma","Say to Aššur-rēṣī, Ennam-Aššur, Dadiya and Ataya, thus Elamma: You said:"
"17 ma-na URUDU i-ší-im qá-qí-ri [ša] É Nu-ri-i-li KI A-šur-re-ṣí a-hu-ur","17 minas of copper from the price for a house-plot of Nūr-ilī is still due from Aššur-rēṣī."
"8 ma-na URUDU ša DINGIR-ba-ni DUMU Ib-ni-lí KI A-ta-a URUDU","8 minas of copper belonging to Ilī-bāni, son of Ibni-ilī, is due from Ataya."
"ma-lá i-na li-bi4-šu-nu i-[ba-ší]-ú ší-si-a-ma li-[qí-a] ú a-ṣé-er ša KÙ.GI ṭí-ih-a-ma","Settle accounts for all the copper they still owe and collect it and add it to that derived from the gold."
"ú šu-ma i-na ba-áb-tí-a mi-ma tal-qé-a ku-ta-ni ša-ma-ma šé-bi4-lá-nim","Moreover, if you have collected anything of my outstanding claims, buy for it kutānu-textiles and send them to me."
"a-na A-ta-a qi-bi4-ma ṭup-pá-am na-áš-pár-tamₓ(TUM) ša A-šur-la-ma-sí ša a-šu-mì tá-ad-mi-iq-tim ša a-na","Say to Ataya: The tablet with the letter of Aššur-lamassī concerning the free loan he entrusted"
"a-bi4-kà ip-qí-du na-áš-ú-ni-kum a-ma-kam ṭup-pá-am ší-me-ma li-ba-kà lá i-lá-mi-in","to your father, which they are bringing to you, read that tablet over there, but do not get angry. Please,"
"a-hi a-ta i-na ša-ha-at ša-zu-úz-tí-a i-zi-iz-ma i-na a-lá-ak ma-áš-kà-tí-a TÚG.HI.A iš-té-n[a] ú ša-na šé-bi4-lam-ma lá-ag-mi-il5-kà","my brother, assist my representative(s) and send me, when a shipment of mine starts its journey, each time one or two textiles, then I will do you a favor (in return)."
"ša 10 ma-na AN.NA [ša] I-k[u]-pí-Ištar a-na E-lá-ma i-dí-nu 1⅔ ma-na KÙ.B. Im-dí-DINGIR il5-qé:","that for the 10 minas of tin that Ikūn-pī-Ištar had given to Elamma Imdī-ilum received 1⅔ mina of silver."
"šu-ma um-me-a-nu I-ku-pì-Ištar ú-la me-er-ú-šu a-na E-lá-ma i-tù-ru Im-di-DINGIR ú-ba-áb-šu","If the investors of Ikūn-pī-Ištar or his sons raise a claim against Elamma Imdī-ilum will clear him."
"7 ta-m[a-lá-k]e ša ṭup-pé a-[na] Šu-Be-lim ni-a-im e-zi-ib","Seven boxes with tablets I left behind to our Šu-Bēlum."
"1 DUB ša 2 GÚ 40 ma-na URUDU ṣa-lá-mi-im","One tablet for 2 talents and 40 minas of black copper,"
"ša-ni-um ṭup-pu-um ša 15 ma-na URUDU SIG5 ša hu-bu-ul En-na-Sú-in","a second tablet for 15 minas of refined copper, being the debt of Ennam-Suen,"
"1 ṭup-pu-um ša 23 ma-na URUDU SIG5 ša hubu-ul A-šur-ANDUL ù Dí-di-a","one tablet for 23 minas of refined copper being the debt of Aššur-ṣulūlī and Didiya."
"mi-ma a-nim a-na Šu-Be-lim [e-zi-ib]","All this I left behind to Šu-Bēlum."
"IGI I-šu-[hi-im] DUMU *x-mì-im IG[I] A-sà-nim DUMU Šu-Be-lim","In the presence of Išuhum, son of <gap>mum, and of Asānum, son of Šu-Bēlum."
"2½ GÚ URUDU SIG5 iš-tí Ga-nu-nu 3 GÚ URUDU SIG5 iš-tí Ga-nu-nu-m[a]","2½ talents refined copper due by Ganunu; 3 talents of refined copper also by Ganunu;"
"1 GÚ URUDU SIG5 iš-tí A-šur-DÙG DUMU A-mur-Na-hu-uš 1 GÚ 30 [ma-na URUDU] SIG5 iš-tí [A-šùr-[DÙG]] DUMU A-mur-N[a-hu-uš-ma]","1 talent of refined copper due by Aššur-ṭāb, son of Amur-Nahuš; 1 talent 30 minas of refined copper due by the same Aššur-ṭāb, son of Amur-Nahuš;"
"<gap> UR[UDU SIG5] iš-tí A-[šùr <gap>] 3 GÚ 20 ma-n[a] URUDU SIG5 iš-tí A-du-dum","<gap> copper due by Aššur-<gap>; 3 talents 20 minas of refined copper due by Adūdum;"
"1 GÚ URUDU SIG5 iš-tí Puzur4-MAR.TU","1 talent refined copper due by Puzur-Amurrum;"
"2 GÚ 40 ma-na URUDU la-mu-nam iš-tí En-na-Sú-in DUMU I-ku-a 15 ma-na URUDU SIG5 iš-tí En-na-S[ú]-i[n]","2 talents 40 minas of bad copper due by Ennam-Suen, son of Ikūa; 15 minas of refined copper due by Ennam-Suen,"
"DUMU I-ku-a 28 ma-na URUDU SIG5 iš-tí I-ku-pì-a DUMU En-um-A-[šur]","son of Ikua; 28 minas of refined copper due by Ikūn-pīya, son of Ennam-Aššur;"
"3 GÚ URUDU SIG5 iš-tí Puzur4-We-e[r] 1½ ma-na KÙ.B. ṣa-ru-pá-am iš-tí Ur-ší-ší","3 talents of refined copper due by Puzur-Wēr; 1½ mina of refined silver due by Uršiši;"
"1½ ma-na KÙ.B. ṣa-ru-pá-am iš-tí Ur-ší-ší-ma [š]a qá-t[a-t]í-šu E-lá-ma [ù] A-mur-Ištar a-na Ì-l[í-<gap>] l[i-t]ap-tù-ni ½ ma-na KÙ.[B.] [be-ú]-lá-tí-šu iš-tí Ur-ší-[ší]-ma","1½ mina of refined silver due by the same Uršiši, as whose guarantors Elamma and Amur-Ištar were registered on behalf of Ilī-<gap>; ½ mina of silver, his working capital, due by the same Uršiši;"
"[x GÚ] URUDU SIG5 iš-tí En-um-[<gap>] ù [<gap>]-i-lí 20+[x ma-na URUDU] SIG5 <gap> [<gap>] 15 ma-na [KÙ.B.] [<gap> iš-t]í DINGIR-[<gap>] DUMU [<gap>]","x talents of refined copper due by Ennam-<gap> and <gap>-ilī; 20+x minas of refined copper <gap> 15 minas of silver <gap> due by Ilī-<gap>, son of <gap>"
"10 TÚG.HI-tí 10½ ma-na URU[DU] [SIG5 *iš]-tí E-ru-zi 10 mana URUDU SIG5 ù 6 GÍN KÙ.B iš-tí A-ta-ah-šu","10 textiles (and) 10½ minas of copper due by Eruzi; 10 minas of refined copper and 6 shekels of silver due by Atahšu."
"mi-ma a-ní-[ú]-tum ṭup-pu ha-ru-mu-tum *É [<gap>-n]im i-ba-ší-ú","All these certified records are in <gap>num's house."
"4 GÚ 42 ma-na URUDU iš-tí I-dí-MAR.TU ½ ma-na KÙ.B. be-ú-lá-at Ki-ta-a","4 talents 42 minas of copper with Iddin-Aurum. ½ mina of silver, working capital of Kitaya."
"8 ma-na KÙ.B. KI Šu-li DUMU Puzur4-A-be-eh","8 minas of silver with Šuli, son of Puzur-Abeh."
"4 ma-na 4 LÁ 1/6 GÍN KÙ.B. KI Id-na-a ITU.KAM ma-hu-ur-i-li li-mu-um Šu-da-a 1¼ GÍN.TA ṣi-ib-tám ú-ṣa-áb","4 minas 3 5/6 shekels of silver with Idnāya, month IV, eponymy of Šudāya; he will add 1¼ shekel per (mina per month) as interest."
"1 GÚ 20 ma-na URUDU ù ⅓ ma-na 5 GÍN <KÙ.B.> KI I-ba-a 8 GÍN KÙ.B. KI I-ku-mi-šar","1 talent 20 minas of copper and 25 shekels <of silver?> with Ibaya. 8 shekels of silver with Ikūn-Mīšar."
"2 ma-na 10 GÍN KÙ.B. KI A-šùr-du-ri li-mu-um Ip-hu-ru-um 1½ GÍN.TA ṣí-ib-tám ú-ṣa-áb ½ ma-na KÙ.B. KI Ba-al-ṭù-im","2 minas 10 shekels of silver with Aššur-dūrī, year eponymy of Iphurum. he will add 1½ shekel per (mina per month). ½ mina of silver with Balṭu'um."
"⅓ ma-na 5 GÍN be-ú-lá-at Gal-da-a 1 ma-na KÙ.B. KI Gal-da-a","25 shekels (of silver) working capital of Galdaya. 1 mina of silver with Galdaya."
"i-6 GÚ 22 ma-na URUDU ša I-dí-MAR.TU DUMU Šu-hu-nim a-na E-la-ma ha-bu-lu 1* GÚ 40 ma-na URUDU KI A-šur- DUMU I-dí-da i-ku-ul SIPAD","Of the 6 talents 22 minas of copper that Iddin-Amurrum, son of Šuhunum, owes to Elamma, 1 talent 40 minas of copper are due from Aššur-rē'ī, son of Idida, who used it."
"ší-tí URUDU-šu 4 GÚ 42 ma-na i-na li-bi I-dí-MAR.TU i-ri-ha-am","The remainder of his copper, 4 talents 22 minas, Iddin-Amurrum still owes to me."
"iš-tù ha-mu-uš-tim ša Na-áb-Su-in ù DUMU I-tur4-DINGIR a-na 1 GÚ-tim 1 ma-na-um ½ ma-na.TA i-ITU.KAM ú-ṣa-áb","From the week of Nabi-Suen, son of Itūr-ilī, he will add an interest of 1½ mina per talent per month."
"IGI Da-da-ni IGI Li-ba-a IGI Lá-qé-ep","Witnessed by Dadani, by Libbaya, by Lā-qēp."
"1½ ma-na KÙ.B. ṣa-ru-pá-am iš-tí A-šur-na-da DUMU Er-nu-id iš-tù a-lim i-tù-a-ri-šu i-ša-qal šu-ma lá iš-qúl 1½ GÍN.TA i-ITU.KAM a-na ma-na-im ú-ṣa-áb","1½ mina of refined silver due from Aššur-nādā, son of Ernu''id; when he returns from the City he will pay; if he does not pay he will add 1½ shekel per month per mina (as interest)."
"⅔ ma-na LÁ 1 GÍN KÙ.B. ù me-n[u]-ni-<a>-nam KI nu-a-im a-na ITU.1.KAM i-ša-qal","39 shekels of silver and a menuniānu-textile due from the native; he will pay within one month."
"2½ ma-na KÙ.B ṣa-ru-pu-um i-ṣé-er A-šùr-ta-ak-lá-ku E-lá-ma i-šu iš-tù ha-muš-tim ša En-na-ma-nim 1½ GÍN.TA i-ITU.1.KAM a-na ma-na-im ú-ṣa-áb ṭup-pu-šu a-na-kam i-ba-ší","2½ minas of refined silver Aššur-taklāku owes to Elamma; from the week of Ennamānum he will add 1½ shekel per month per mina; his tablet is here."
"ší-im 2 TÚG.HI.A ½ ma-na KÙ.B. ṣa-ru-pu-um iš-tí A-mur-A-šur DUMU Ili5-ba-ni 4 ma-ku-hu KI I-di-Aššùr","The price of 2 textiles, ½ mina of refined silver, is with Amur-Aššur, son of Ilī-bāni. 4 makūhu-textiles with Iddin-Aššur."
"4½ GÍN KÙ.B. KI En-na-nim áš-li-kim 15 GÍN KÙ.B. ù ku-sí-tám ma-al-[ku-a]-i-tám a-na Ṣi-lá-IŠKUR a-na TÚG.HI.A ša-a-mì-im a-dí-in ŠÀ.BA 1 TÚG ú-šé-bi4-lam","4½ shekels of silver with Ennānum, the fuller. 15 shekels of silver and a robe in the style of Malkua I gave to Ṣilli-Adad to buy textiles; thereof he sent me 1 textile."
"4¼ GÍN KÙ.B. ša a-wi-il5-tim a-na Da-a-a a-dí-in ½ ma-na 4 GÍN KÙ.B. ṣa-ru-pá-am a-na En-um-A-šur DUMU [Ú]-zu-a a-na ta-ad-[mi-iq-tim] a-dí-in","4¼ shekels of silver of the lady I gave to Dāya. 24 shekels of refined silver I gave to Ennam-Aššur, son of Uzua, as free loan."
"½ ma-na KÙ.B. iš-tù Bu-ru-uš-ha-tim i-na tù-a-ri-šu A-šur-na-da i-ša-qal 5⅓ GÍN KÙ.B. [iš]-tí A-mur-UTU","½ mina of silver Aššur-nādā will pay when he returns from Burušhattum. 5⅓ shekels silver are with Amur-Šamaš."
"⅓ ma-na KÙ.B. na-ki-ki [x] ša Ì-li-a [D]UMU A-šùr-[<gap>] Id-na-a ú-bi4-il5","⅓ mina of silver <gap> of Iliya, son of Aššur-<gap>, Idnāya brought away"
"10 GÍN KÙ.B. KI Šu-Ištar 1 GÍN KI Qá-qá-dí-nim 4 GÍN KI Šu-Be-lim 2 GÍN iš-tí Id-na-a 4 GÚ SÍG.HI.A ù me-ga-nam i-na qé-ra-áb É-tim e-zi-ib","10 shekels of silver with Šu-Ištar. 1 shekel with Qaqqadānum. 4 shekels with Šu-Bēlum. 2 shekels with Idnāya. 4 talents of wool and a megānum I left inside the house."
"40 ma-na URUDU KI I-ku-pí-A-šur DUMU Šu-Ištar 1 ma-na-am 12 GÍN i-na ITU.KAM ṣi-ib-tám ú-ṣa-áb ITU.1.KAM Na-ar-ma-ak-A-šur li-mu-um Šu-Hu-bur","40 minas of copper due by Ikūn-pī-Aššur, son of Šu-Ištar, per 1 mina he will add as interest 12 shekels per month; month XII, eponymy of Šu-Hubur."
"37½ ma-na URUDU KI DINGIR-ba-ni DUMU Ib-ni-lí 1 ma-na 15 GÍN KÙ.B. iš-tí Šál-ma-A-šur DUMU Up-[ha]-qí-im lu i-na a-lím lu [i-na] GÁN-lím a-le ni-na-m[u-ru] i-ša-qal","37½ minas of copper due from Ilī-bāni, son of Ibni-ilī. 1 mina 15 shekels of silver due from Šallim-Aššur, son of Uphāqum, he shall pay wherever we meet, either in Anatolia or in the City."
"½ ma-[na KÙ.B.] KI A-šur-SIPAD 1 m[a-na-um] 10 GÍN.TA ṣí-i[b-tám] ú-ṣa-áb: re-eš15 [ITU.KAM] Hu-bu-ur li-m[u-um] Šu-Hu-bur","½ mina of silver due from Aššur-rē'ī, he will add an interest of 10 shekels (per month); beginning of month VI, eponymy of Šu-Hubur."
"18 GÍN KÙ[.B.] iš-tí I-zi-iz-Mi-šar ITU.KAM Ma-hu-ur-i-lí a-na 6 ITU.KAM i-ša-qal li-mu-um Šu-Hu-bur","18 shekels of silver due from Izziz-Mīšar, month IV, he will pay within 6 months; year eponymy of Šu-Hubur."
"9 ma-na 10 GÍN URUDU iš-tí En-nam-i-lí DUMU Du-uk-ší-im 9 ma-na URUDU iš-tí Ib-ni-IŠKUR ma-za-zi-im","9 minas 10 shekels of copper due from Ennam-ilī, son of Dukšum. 9 minas of copper due from Ibni-Adad, the attendant."
"20 ma-na URUDU iš-tí Šu-Be-lím DUMU Da-a-a","20 minas of copper due from Šu-Bēlum, son of Dāya."
"⅔ ma-na KÙ.B. be-ú-lá-at A-šur-SIPAD DUMU I-di-Ištar","⅔ mina of silver, the working capital of Aššur-rē'ī, son of Iddin-Ištar."
"[1 5/6 ma-na 3½ GÍN KÙ.B.] A-šur-na-da DUMU Er-nu-id ½ ma-na 3½ GÍN KÙ.B. bé-ú-lá-at A-šur-i-mi-tí DUMU Ha-la-bi-im","1 mina 56½ shekels of silver (with) Aššur-nādā, son of Ernu''id; 33½ shekels of silver, working capital of Aššur-imittī, son of Hali-abum;"
"⅓ ma-na 5 GÍN KÙ.B. bé-ú-lá-at Gal-da-a 1 ma-na KÙ.B. KI Gal-da-a iš-tù ITU.1.KAM ṣí-ip-im 1½ GÍN.TA: i-na ITU.1.KAM ú-ṣa-áb li-mu-um A-bi-a DUMU Šu-Da-gán","25 shekels of silver, working capital of Galdaya; 1 mina of silver with Galdaya, from month VII he will add (as interest) 1½ shekel per month, eponymy of Abiya son of Šu-Dagan;"
"5/6 ma-na ⅔ GÍN KÙ.B. KI I-dí-A-šùr ša Na-ah-ri-a 1½ GÍN.TA a-na 1 ma-na-im ú-ṣa-áb","50⅔ shekels of silver due from Iddin-Aššur of Nahriya; he will add 1½ shekel per mina (as interest);"
"5/6 mana 5 GÍN KÙ.B. KI Bur-Sú-in 48 ma-na URUDU KI Ha-ab-tù-ni-iš","55 shekels of silver with Būr-Suen; 48 minas of copper with Habtuniš;"
"1 ma-na 15 GÍN KÙ.B. Ša-lim-A-šur DUMU Up-ha-qí-im 2 GÚ 13 ma-na URUDU KI DINGIR-ba-ni DUMU I[b]-ni-lí","1 mina 15 shekels (with) Šallim-Aššur, son of Uphāqum; 2 talents 13 minas of copper with Ilī-bāni, son of Ibni-ilī;"
"5/6 ma-na KÙ.B. KI A-šùr-ba-ni DUMU Su-ku-ku 8½ ma-na KÙ.B. KI Šu-li DUMU I-li-lí iš-tù ITU.1.KAM na-ar-ma-ak-A-šur 1½ GÍN.TA: a-na 1 ma-na-im ú-ṣa-áb: li-mu-um Šu-Ištar kà-áb-kà-ba-nu-um","5/6 mina of silver with Aššur-bāni, son of Sukkuku; 8½ minas of silver with Šuli, son of Ellil-ilī, from month III/IV he will add 1½ shekel per mina, eponymy of Šu-Ištar kabkabānum;"
"1⅓ ma-na KÙ.B. KI A-šùr-du-ri 5 GÚ URUDU KI I-dí-MAR.TU DUMU Šu-hi-nim 1 ma-na KÙ.B. KI DINGIR-šu-GAL DUMU Bu-lá-li","1⅓ mina of silver with Aššur-dūrī; 5 talents of copper with Iddin-Amurrum, son of Šuhanum; 1 mina of silver with Ilšu-rabi, son of Bulāli"
"1⅓ ma-na KÙ.B. KI Id-na-a 15 ma-na URUDU KI A-šùr-GAL 1 GÚ URUDU KI Šu-Iš-ha-ra ½ ma-na KÙ.B. KI Ha-na-nim","1⅓ mina of silver with Idnāya; 15 minas of copper with Aššur-rabi; 1 talent of copper with Šu-Išhara; ½ mina of silver with Hanānum;"
"30 ma-na URUDU KI Puzur4-A-be-eh 11 GÚ URUDU DUMU Da-zu-a-IM* 17⅓ ma-na KI A-šur-ni-šu","30 minas of copper with Puzur-Abeh; 11 talents of copper the son of Dazu'a-Adad; 17⅓ minas with Aššur-nišu;"
"IGI A-lá-hi-im DUMU Zu-ku-a 40 ma-na URUDU DUMU Ká-áb-ri-a","in the presence of Ali-ahum, son of Zuku'a; 40 minas of copper the son of Kabriya."
"a-na 11 TÚG ku-ta-ni ša E-lá-ma A-lá-ha-am ù A-mur-Ištar A-šur-lá-[ma]-sí a-na E-lá-{x}-ma ITI.5.KAM ú-kà-na-šu-nu","Concerning 11 kutānu-textiles, belonging to Elamma, Aššur-lamassī shall confirm the liability of Ali-ahum and Amur-Ištar for Elamma within 5 months."
"šu-ma lá ú-kà-i-na-šu-nu ⅓ ma-na 5 GÍN.TA KÙ.BABBAR ṣa-ru-pá-am i-ša-qál","If he does not confirm them he shall pay 25 shekels of refined silver apiece."
"ITI.1.KAM ṣí-ip-um li-mu-um Puzur4-MUŠ","Month VII, eponymy of Puzur-Nirah."
"šu-ma i-na ša 10 TÚG-tum 1 TÚG: wa-at-ru-ú-tim i-na É.GAL-lim il5-qé-ú(ŠU) ki-iš-dá-tí-šu a-na E-lá-ma i-na TÚG.HI-tí-šu i-ṣa-hi-ir-šu-um","If one has taken extra pieces in the palace, on top of the tithe on textiles, what accrues from it to Elamma will be deducted for him from his textiles"
"ša ILLAT La-qé-ep DUMU Qá-a-a-tim","of the caravan of Lā-qēp, son of Qa'atum."
"IGI I-dí-A-šur DUMU B/Pu-sú-sú IGI A-bu-ša-lim DUMU I-dí-Èr-ra","In the presence of Iddin-Aššur, son of B/Pususu, of Abu-šalim, son of Iddin-Erra."
"ša 2 ma-na KÙ.B. ṣa-ru-pá-am i-ṣé-er En-na-nim DUMU A-zu-a E-la-ma i-šu","That Ennānum, son of Azua, owes 2 minas of refined silver to Elamma."
"ITU.1.KAM ša ke-na-tim li-mu-um ša qá-té A-šùr-SIG5 DUMU A-bar-sí-sí-im ha-muš-tum ša A-šur-mi-tí DUMU A-ta-a:","Month III, eponymy of the successor of Aššur-damiq, son of Abarsisum, week eponymy of Aššur-imittī, son of Atāya."
"⅔ ma-na.TA i-na ša-tim i-ša-qal","He will pay ⅔ mina per year;"
"šu-ma lá iš-qúl 1½ GÍN.TA ṣi-ib-tám a-na 1 ma-na-im i-ITU.1.KAM ú-ṣa-áb","if he does not pay he will add an interest of 1½ shekel per mina per month."
"IGI E-na-a-nim IGI La-qé-pi-im","In the presence of En(n)ānum, of Lā-qēpum."
"a-na 11 TÚG ku-ta-ni A-mur-Ištar ù A-la-hi-im a-na E-la-ma A-šur-la-ma-sí a-na ITU.5.KAM ú-kà-an","For 11 kutānu-textiles Aššur-lamassī will confirm to Elamma (the liability of) Āmur-Ištar and Ali-ahum within 5 months."
"šu-m[a l]á uk-ta-in-šu-nu ⅓ ma-na 5 GÍN.TA KÙ.B. ṣa-ru-pá-am a-na E-lá-ma A-šùr-la-ma-sí i-ša-qal","If he does not confirm their liability Aššur-lamassī will pay to Elamma 25 shekels of silver apiece."
"ITU.1.KAM ṣí-ip-um li-mu-um Puzur4-MUŠ","Month VII, eponymy of Puzur-Nirah."
"IGI A-bu ša-lim DUMU I-di-Ìr-ra IGI I-di-A-šùr DUMU Bu-[ur]-sí-sí-im","In the presence of Abu-šalim son of Iddin-Erra, of Iddin-Aššur, son of Bursa/isum."
"1 ma-na 3½ GÍN KÙ.B. ṣa-ru-pá-am be-ú-lá-at A-šùr-i-mì-ti iš-tí KÙ uk-ta-al","1 mina and 3½ shekels of refined silver, is the working capital of Aššur-imittī; he is held by the silver."
"šu-ma a-na A-lim lá ik-šu-dam-ma iš-tí-a lá is-rí-dam","If he does not arrive in the City and does not pack together with me,"
"iš-tù ha-mu-uš-tí-im ša Ì-lí-iš-tí-kál ù Šu-A-nim 1½ GÍN.TA 1 ma-na-im i-ITU.KAM ú-ṣa-áb","then from the week of Iliš-tikal and Šu-Anum he will add an interest of 1½ shekel per mina per month."
"IGI Lá-qé-pì-im IGI A-šur-ma-lik","In the presence of Lā-qēpum, of Aššur-mālik."
"ṭup-pu-um ša A-lim ša be-ú-lá-tí-šu sà-ar","The tablet in the City concerning his working capital is invalid."
"KIŠIB Ki-ta-a ša ½ ma-na KÙ.B. ṣa-ru-pá-am ša E-lá-m[a Ki-ta-a] i-bé-el iš-tí KÙ.B. uk-ta-al","seal of Kitaya, that Kitaya will manage ½ mina of silver belonging to Elamma. He is held by the silver."
"šu-ma a-e-ša-ma ú-da-pí-ir 1 GÍN.TA i-na ITU.1.KAM i-ma-nu-šu","If he goes away to somewhere else, he will charge him 1 shekel per month."
"KIŠIB Zi-qí-qí DUMU Ì-lí-dan KIŠIB Šál-ma-A-šur DUMU Ú-zu-a KIŠIB Puzur4-Ištar DUMU Id-na-a","Seal of Ziqiqi, son of Ilī-dān, seal of Šallim-Aššur, son of Uzua, seal of Puzur-Ištar, son of Idnāya."
"⅓ ma-na 5 GÍN KÙ.B. ṣa-ru-pá-am bé-ú-lá-tim ša E-lá-ma Puzur4-Ištar DUMU Id-na-a il5-qé iš-tí KÙ.B. uk-ta-al","25 shekels of refined silver, a working capital belonging to Elamma, Puzur-Ištar, son of Idnāya, has received; with the silver he is held."
"KÙ ú-ta-ar-ma ú i-ta-lá-ak","When he returns the silver he can leave."
"šu-ma a-e-ma ú-dá-pí-ir e-ga-ar-ma ig-re sà-ri-dim ú-ma-lá","If goes somewhere else I will rent somebody and the wages of the donkey-driver he shall compensate."
"2 GÍN KÙ.B. lu-bu-šu il5-qé","Two shekels of silver, his clothing allowance, he has received."
"KIŠIB DINGIR-SIPAD KIŠIB Ì-lí-dan DUMU A-mur-Ištar","Seal of Ilī-rēʾī, seal of Ilī-dān, son of Amur-Ištar."
"10⅔ GÍN KÙ.B. ṣa-ru-pá-am i-ṣé-er Ì-lí-dan E-la-ma i-šu","10⅔ shekels of refined silver Ilī-dān owes to Elamma."
"KÙ.B. i-na a-lim i-ša-qal","He will pay the silver in the City."
"8 GÍN KÙ.B. ṣa-ru-<pá>-am i-ṣé-er I-ku-Mī-šar E-lá-ma i-šu","8 shekels of refined silver Ikūn-Mīšar owes to Elamma."
"iš-tù a-lim i-tù-a-ri-šu i-ša-qal","He will pay when he returns from the City."
"IGI Šu-Ištar","In the presence of Šu-Ištar."
"KIŠIB Puzur4-E[N.ZU] KIŠIB Šu-Bé-lim KIŠI[B x x x]","Seal of Puzur-Suen, seal of Šu-Bēlum, seal of <gap>."
"1 GÚ LÁ 10 ma-na URU[DU i]-ṣé-er Puzur4-EN.ZU E-lá-ma i-šu","50 minas of copper Puzur-Suen owes to Elamma."
"i-na ad-ri-im i-ša-qal URUDU Ta-pá-ša-ta-[i]-am za-ak-wa-am","At the time of the threshing he will weigh out pure copper of Tappašatta."
"šu-ma i-na ú-me-šu lá iš-qú-ul ki-ma a-wa-at kà-ri-im Du-ur-hu-mì-it ṣí-ib-ta-am ú-ṣa-áb","If he does not pay when his term is up, he will add interest in accordance with the rule of the Durhumit colony."
"10 GÍN KÙ.B. a-ha-ma i-na ku-bu-ur ú-ṭí-tí-im i-na Kà-ni-iš i-ša-qal","Separately he will pay 10 shekels of silver in Kanesh, when the barley is ripe."
"šu-ma lá iš-qú-ul i-Du-ur-hu-mì-it i-ṣé-ri-šu a-lá-qé","If he does not pay I will collect it in Durhumit for his account."
"1 ma-na 7½ GÍN KÙ.B. ṣa-ru-pá-am i-ṣé-er A-mur-Ištar DUMU Da-da E-la-ma i-šu","1 mina 7½ shekels of refined silver Āmur-Ištar, son of Dada, owes to Elamma."
"iš-tù ha-muš-tim ša A-la-hi-im ú MAR.TU-ba-ni a-na 11 ha-am-ša-tim i-ša-qal","From the week of Ali-ahum and Amurrum-bāni he will pay in 11 weeks;"
"šu-ma lá iš-qú-ul 1½ GÍN.TA ṣí-ib-tám a-na ma-na-im i-na ITU.1.KAM ú-ṣa-áb","if he does not pay he will add 1½ shekel as interest per mina per month."
"ITU.KAM ša sà-ra-tim li-mu-um ša qá-té DINGIR-šu-GAL DUMU Ba-zi-a","Month II, eponymy of the successor of Ilšu-rabi, son of Baziya."
"IGI Im-dí-lim DUMU Šu-Lá-ba-an IGI E-me-me-i DUMU A-zu-ta-a","In the presence of Imdī-ilum, son of Šu-Labān, of Ememēʾi, son of Azutaya."
"[KIŠIB DINGIR-tap]-pá-a DUMU Id-na-a KIŠIB A-ba-ta-na-nim DUMU A-šur-UTU KIŠIB I-di-Sú-in DUMU A-šùr-DÙG","Seal of Ilī-tappā, son of Idnāya, seal of Abatanānum, son of Aššur-šamšī, seal of Iddin-Suen, son of Aššur-ṭāb."
"[x x GÍ]N KÙ.B. sa-ru-pá-am [i-ṣ]é-er A-ba-ta-na-nim [E-l]á-ma i-šu","x shekels of refined silver Abatanānum owes to Elamma."
"ITU.KAM [áb-š]a-ra-nu li-mu-um [DINGIR-šu]-GAL DUMU Ba-zi-a","Month V, eponymy of Ilšu-rabi, son of Baziya."
"[a-na x h]a-am-ša-tim [i-š]a-qal šu-ma lá iš-qú-ul [ki-m]a a-wa-at [kà]-ri-im ú-ṣa-áb","Within x weeks he shall pay; if he does not pay he will add interest in accordance with the rule of the colony."
"KIŠIB E-la-lí DUMU I-ku-nim KIŠIB Ša-lim-a-hi-im DUMU Dan-A-šur KIŠIB En-na-Sú-in DUMU Sú-kà-lí-a KIŠIB I-dí-A-šur DUMU A-šur-ma-lik ša 1 ma-na 1½ GÍN i-ṣé-er DINGIR-šu-GAL DUMU Bu-la-lí E-lá-ma i-šu","Seal of Elalī, son of Ikūnum, seal of Šalim-ahum, son of Dān-Aššur, seal of Ennam-Suen, son of Sukkalliya, seal of Iddin-Aššur, son of Aššur-mālik, that Ilšu-rabi, son of Bulālī, owes 1 mina 1½ shekel of silver to Elamma."
"iš-tù ITU.KAM á[b2-ša-ra-ni / li-mì-im] Šu-H[u2-bur] a-na ITU.3.KAM i-ša-qal","From month V, eponymy of Šu-Hubur he will pay within 3 months."
"šu-ma lá iš-qúl ki-ma a-wa-at kà-ri-im ú-ṣa-áb","If he does not pay he will add (interest) in accordance with the rule of the colony."
"KÙ.B. iš-ri-iq-ma kà-ru-um Kà-ni-iš a-na šu-šál-šum i-dí-šu","He had stolen silver and the colony had convicted him to (pay) the triple."
"½ ma-na KÙ.B ṣa-ru-pá-am i-ṣé-er Šu-mì-a-bi4-a E-lá-ma i-šu","½ mina of refined silver Šumi-abiya owes to Elamma."
"iš-tù ha-muš-tim ša DINGIR-na-da 1 GÍN.TA ṣí-ib-tám i-ITU.1.KAM ú-ṣa-áb","From the week of Ilī-nādā he will add 1 shekel of silver as interest per month."
"ITU.1.KAM bé-el-tí-É.GAL-lim li-mu-um Puzur4-MUŠ","Month I, eponymy of Puzur-Nirah."
"IGI IŠKUR-pí-lá-ah IGI En-um-A-šur DUMU Puzur4-A-šur","In the presence of Adad-pilah, of Ennam-Aššur, son of Puzur-Aššur."
"4 ma-na 4 LÁ 1/6 GÍN KÙ.B. ṣa-ru-pá-am i-ṣé-er Id-na-a E-lá-ma i-šu","4 minas 3 5/6 shekels of refined silver Idnāya owes to Elamma."
"iš-tù ha-mu-uš-tim ša Šu-ki-tim ù Ú-ra-a 1¼ GÍN i-na ITU.1.KAM a-na ma-na-im ú-ṣa-áb","From the week of Šukutum and Urāya he will add as interest 1¼ shekel per mina per month."
"IGI I-lá-áb-ra-at-ba-ni IGI Ib-ni-lí","In the presence of Ilabrat-bāni, of Ibni-ilī."
"KIŠIB Lu-zi-na KIŠIB A-šur-DÙG ša hu-bu-ul A-šur-ba-ni DUMU Sú-[ku-ku]","Seal of Luzina, seal of Aššur-ṭāb, of the debt of Aššur-bāni, son of Sukkuku."
"⅔ ma-na KÙ.B. a-na e-tí-šu i-ša-qal","He will pay ⅔ mina of silver at the agreed time."
"šu-ma lá iš-qú-ul 1 ma-na-um ⅓ ma-na i-lá-ak-šu-um a-na 1 ma-na KÙ.B. Hi-na-a i-šé-e-šu","If he does not pay per mina ⅓ mina will amount for him (and) Hinnāya will sue him for 1 mina of silver."
"ITU.KAM áb-ša-ra-ni li-mu-um Ip-hu-ru-um","Month V, eponymy of Iphurum."
"2⅔ ma-na 1 1/6 GÍN KÙ.B. šál-ša-tim ša ILLAT En-na-Sú-en a-la-qé","2 minas 41 1/6 shekels of silver as one third part of Ennam-Suen's caravan I will collect;"
"5⅓ ma-na 2⅔ GÍN i-na mì-ší-it ILLAT-lá-tim a-la-qé","5 minas 22 ⅔ shekels from the holding of that caravan I will collect."
"1½ ma-na KÙ.B. i-na mì-ší-tim ⅔ ma-na 5 GÍN i-šál-ša-tim ša ELLAT A-šur-kàr-wa ù A-šur-i-mì-tí ad-ma-ku","I entitled to a share of 1½ mina of silver in the holding (and) to 45 shekels in the one-third parts of the caravan of Aššur-karwa and Aššur-imittī."
"34 TÚG ku-ta-n[i] i-na-pu-lu-nim 3 5/6 ma-na ša mì-ší-tim","For 34 kutānu-textiles they will balance me 3 5/6 minas of the holding;"
"1 5/6 ma-na 3½ GÍN ša šál-ša-tim i-na pá-nim-ma a-lá-qé","1 mina 53½ shekels of the one-third parts I will take in the first instance."
"2 TÚG ku-ta-ni Pu-šu-ke-en6 i-na-pá-lam ša ELLAT Pí-lá-ah-Ištar DUMU Ú-zu-a","2 kutānu-textiles Pūšu-kēn will balance me of the caravan of Pilah-Ištar, son of Uzua."
"a-na 4 GÚ AN.NA a-wi-it E-lá-ma 4 ma-na 15 GÍN.TA da-tum 17 ma-na AN.N[A] ik-šu-sú","On 4 talents of tin, the declared value of Elamma('s merchandise), the road-tax at 4 minas 15 shekels tin per (talent) amounted for him to 17 minas of tin."
"5 ma-na AN.N[A] a-na ANŠE me-tim Ku-na-a iš-ku-ni-a-tí","5 minas of tin Kunnāya charged us for a donkey that had died."
"⅓ ma-na 7 ½ GÍN a-na ta-ší-a-tim áš-qúl 2 ma-na ú-ku-ul-tum 15 GÍN qá-qá-dum ik-šu-sú","I paid 27 ½ shekels (of tin) as costs of transport, 2 minas (of tin) for food and fodder, the head-tax amounted for him to 15 shekels."
"ta-ší-a-at 10 TÚG.HI.A wa-at-ru-tim 1½ ma-na AN.NA il5-qé ½ ma-[n]a KÙ.B. bé-ú-la-t[ù-š]u","As costs of transport of 10 extra textiles he (the harnesser) took 1½ mina of tin, ½ mina of silver was his working capital."
"⅓ ma-na KÙ.B. ša a-na pá-ni-šu tù-šé-bi4-lu 10 GÍN.TA a-na AN.[NA] ta(ŠA)-di-in-ma [mi-ma a-nim ga-am-ru-[um]","The ⅓ mina of silver you sent him en route, was sold for tin at a rate of 10:1 and this is the total of the expenses."
"2½ ma-na AN.NA ni-pu-ul-šu-um","We made him a balance payment of 2½ minas of tin."
"a-na 5 GÍN KÙ.B. nu-ku-ra-im <<ù>> ù 1½ ma-na AN.NA ta-ší-a-tim ša il5-qé-ú da-ni-tí a-qá-bi4-šu-um","For the 5 shekels of silver that were disputed and the 1½ mina of tin he took as transport costs I will state him my harsh conditions."
"KIŠIB E-lá-ma DUMU I-dí-Sú-in KIŠIB Sú-sà-a DUMU I-sí-hi-im KIŠIB En-na-Sú-in DUMU Ku-ku-ra-nim","Seal of Elamma, son of Iddin-Suen, seal of Susāya, son of Isihum, seal of Ennam-Suen, son of Kukurānum."
"ṭup-pu-um ša a-wi-it E-lá-ma Sú-sà-a ù En-na-Sú-in","Tablet of the declared value (of the goods) of Elamma, Susaya and Ennam-Suen."
"<gap> x <gap> E]n-nam-A-šùr [a-pu-ul-šu-nu] 1½ ma-na AN.[NA] a-qá-tí ṣú-ha-ri-kà a-dí-in 10 GÍN AN.NA a-qá-tí Šu-Sú-in a-dí-in","<gap> Ennam-Aššur I paid to them; 1½ mina of tin I gave in the hands of your servant, 10 shekels of tin in the hands of Šu-Suen."
"2 ma-na AN.NA-kà im-ṭí ½ ma-na AN.NA a-na ni-is-[ha]-at AN.NA-ki-im ša ší-im I-dí-Sú-in a-pá-ni [š]u-uq-lim ni-dí-[in]","Your tin was 2 minas too little; ½ mina for (paying) the import-tax on the tin purchased by Iddin-Suen, we placed on top of the packet."
"ší-tí AN.NA-ki 53 ⅔ ma-na 7 GÍN AN.NA ku-nu-ki-ni","The rest of the tin is 53 minas and 47 shekels, of tin under our seal."
"i-na 25 TÚG šu-ru-tim 2½ TÚG a-na ni-is-ha-tim il5-qé-ú 1 GÍN KÙ.B. i-pu-lu <gap> li-wi-tum <gap>2 TÚG ku-ta-nu","Of the 25 dark textiles they took 2½ textiles as import-tax and they balanced 1 shekel of silver wrapping, +2 kutānu-textiles"
"[a-n]a E-lá-ma qí-bi-ma um-ma A-šùr-i-mi-tí-ma 5 ma-na KÙ.B. ku-nu-ki-kà Bu-ur-Sú-in ub-lam-ma a-na-ku ù A-šur-na-da nu-sà-ni-iq-ma 2 GÍN KÙ.B. im-ṭí","Say to Elamma, thus Aššur-imittī: ""5 minas of silver under your seal Būr-Suen delivered and I myself and Aššur-nādā we checked and it proved to be 2 shekels too little."
"3 ma-na KÙ.B. a-na SÍG.HI.<A> ša É kà-ri-im","We paid 3 minas of silver for wool of the colonial office."
"ni-iš-ša ILLAT-at I-na-a [qú]-ul ú Šu-Nu-nu a-na 10 TÚG.TA bi-it-qá-tum i-bi-ší-a-ma","As for the caravan of Innāya and Šu-Nunu, there occurred deficits amounting to 10 textiles per (trader?),"
"⅓ ma-na KÙ.B. i-na É kà-ri-im lá ni-ta-dí-ma ⅔ ma-na KÙ.B. <<i-na>> i-na KÙ.B.-pì-kà","so that we could not deposit ⅓ mina of silver in the colonial office, but I paid ⅔ mina of silver from your own silver."
"áš-qúl 2 ma-na 6 GÍN KÙ.B. a-na 6 ANŠE (erasure)","I paid 2 minas 6 shekels of silver for 6 donkeys."
"ni-iš-qú-ul 12 GÍN KÙ.B. ší-im KÙ.B.-pi-kà i-na li-bi-a","12 shekels of silver, the price of your silver, is still due by me."
"i-ba-ší i-na GÍN.ZA-ku-nu ša ub-lu-ni-ni 5/6 ma-na 3 GÍN a-na iš-ra-tim il5-qé-ú","Of your lapis lazuli, which they brought here, they took 53 shekels as tithe."
"[½] ma-na 2 GÍN a-na ší-mi-im a-na ša-na-ú-um il5-qé-ú","32 shekels (of lapis lazuli) they bought at a rate of 2 : 1."
"ší-im hu-sà-ri-ku-nu [ku-nu]-ki-ni Bu-ur-Sú-in (erasure)","With the price of your lapis lazuli under our seal Būr-Suen is on his way to you."
"[n]a-áš-a-ku-um i-na šál-ša-tí [ša] ILLAT I-na-a ú A-šùr-ta-ak-lá-ku <gap> ma-na 13 GÍN KÙ.B. ta-lá-qé","From the 'one third parts' of the caravan of Innāya and Aššur-taklāku you will receive minas 13 shekels of silver."
"[iš]-té-en ṣú-ha-ra-am a-na Lu-hu-sà-dí-a [tu]r4-da-ma [e]-ma-ra-am i-lá-qé-ú","Send one servant to Luhusaddiya and let them take the/a donkey."
"1 me-at 73 ku-ta-nu i-na É.GAL-lim ur-du-nim 7 TÚG ša li-wi-tim 1 TÚG ša ik-ri-bi4-a ša DUMU Šál-mah ub-lá-ni","173 kutānu-textiles (that) came down from the palace, 7 textiles as wrapping, 1 textile of my temple-fund, is what Šalim-ahum's son brought me."
"10 TÚG ša i-ma-ṣa-ar-tim ú-šé-ṣí-a-ni ú-ra-dí 6 TÚG ša A-šur-mu-ta-pí-il5 ub-lá-ni (erasures)","I added 10 textiles that I took out of the strong room (and) 6 textiles that Aššur-mūtappil brought me."
"ŠU.NIGIN2 me-at 93[+4 TÚG]","In all 19."
"ŠÀ.BA 7 TÚG ku-[ta-ni] La-ma-sú-[tum] ta-al-q[é] 3 TÚG Šu-Ku-bu-um il5-qé","Thereof: 7 kutānu-textiles Lamassutum took, 3 textiles Šu-Kūbum took,"
"3 TÚG ša be-<ú>-lá-at Puzur4-A-na 3 TÚG ša be-ú-lá-at A-šur-ba-ni 2 TÚG A-šur-mu-ta-pí-il5 il5-qé","3 textiles of the working capital of Puzur-Anna, 3 textiles of the working capital of Aššur-bāni, 2 textiles Aššur-mūtappil took."
"ší-tí TÚG.HI.A 1 me-at 80 TÚG","The rest of the textiles: 180 pieces."
"1 GÚ LÁ 2 ma-na AN.NA 24 ma-ku-hu 1 TÚG pi-ri-kà-num 2 ANŠE ṣa-lá-mu i-a-ú-tum","58 minas of tin, 24 makūhu-textiles, 1 pirikannu-textile, 2 black donkeys belonging to me;"
"21 ma-ku-hu 1 ANŠE ša I-dí-a-bi4-im","21 makūhu-textiles, 1 donkey of Iddin-abum;"
"1 na-ru-qám 5 ku-ta-nu ša Šu-Ku-bi4-im","1 bag with 5 kutānu-textiles of Šu-Kūbum;"
"6 ma-na 15 GÍN URUDU 7 GÍN AN.NA a-qá-tí UT[U]-ub-lá-am a-na A-lá-hi-im ú-bi4-il5","6 minas 15 shekels of copper (and) 7 shekels of tin for his use Šamaš-ublam, brought to Ali-ahum."
"[2½] TÚG a-na ší-mì-im [i-na É.GAL-lim] [i]l5-qé-ú 1½ GÍN K[Ù.B. i-na-pu-lu-šum]","textiles they took for sale, 1½ shekel of silver."
"[1]½ GÍN KÙ.B. hu-lu-q[á-ú (x x x)] [i]k-šu-ud","½ shekel of silver the losses <gap> amounted."
"ší-im 2½ [TÚG] ku-ta-ní ½ ma-na K]Ù.B. A-šur-ṣú-lu-li a-na Ku-ni-lim: i-dí-in","The price of 2½ kutānu-textiles, ½ mina of silver, Aššur-ṣulūli gave to Kūn-ilum."
"a-ha-ma 6 GÍN LÁ 15 ŠE KÙ.B. ša šál-ša-tí-šu A-šur-ṣú-lu-li il5-qé","Separately, 5 11/12 shekels of silver of his one-third-share Aššur-ṣulūli took."
"ŠÀ.BA 2 GÚ 10 ma-na AN.NA ku-nu-ki ša a-lim 4 TÚG šu-r[u-tim] li-wi-sú 12 TÚG ku-t[a-ni] 2 ANŠE.HI.A: ṣa-lá-me ù a-ha-ma 1 ku-ta-nu-um ša Ku-ú-ku","Thereof: 2 talents 10 minas of tin under seals applied in the City, 4 dark textiles, its wrapping, 12 kutānu-textiles, 2 black donkeys, and separately one kutānu-textile of Ku'uku."
"mì-ma a-nim Ku-ú-ku a-na šé-er Hi-na-a ú-bi-il5","All this Ku'uku brought to Hinnāya."
"i-na 1 GÚ AN.NA ù it-ra-tí-šu ša a-na-kam áp-qí-dam <<ù>> 6 ma-na AN.NA a-ni-is-ha-[tim ša]","Of the (remaining) 1 talent of tin with its surplus that I entrusted here <<and>>, 6 minas were (paid) as import-tax,"
"3 GÚ AN.NA 34 ma-na ša-du-ú-tum 12½ ma-na AN.NA Ku-ni-[lúm] il5-qé","3 talents of tin the šaddu'utu-tax amounted to 34 minas of tin, 12½ minas of tin Kūn-ilum took,"
"8½ ma-na 1 GÍN I-li-a-lúm il5-qé 3 ma-na LÁ 10 GÍN i-na mu-ṭá AN.NA [qá]-tim AN.NA a-na qá-tí Ku-ú-ku ni-dí-in","8 minas 31 shekels Ilī-ālum took, 2 5/6 minas of tin from the deficiency of the loose tin we handed over to Ku'uku."
"A-šur-ṣú-lu-li ki-ma Hi-na-a i-zi-[iz]","Aššur-ṣulūli represented Hinnāya."
"3 GÚ 15 ma-na AN.NA ku-nu-ku 4 TÚG šu-ru-tum li-wi-sú 17 TÚG ku-ta-nu 16⅔ ma-na AN.NA-ak qá-tim 2 ANŠE ṣa-lá-mu ŠU.NIGIN2 4 GÚ 18 ma-na AN.NA a-wi-it I-li-a","3 talents 15 minas of tin under seals, 4 dark textiles, its wrapping, 17 kutānu-textiles, 16⅔ minas of loose tin, 2 black donkeys - in all 4 talents 18 minas of tin, the value of Iliya('s shipment)."
"iš-tù a-lim a-dí Kà-ni-iš 1 GÚ-tám 4 ma-na 6 1/4 GÍN.TA da-tum ik-šu-dam 15 GÍN.TA qá-qá-da-tú-um","From the City until Kanesh the toll-and-fees amounted to 4 minas 6¼ shekels per talent, the head-tax to 15 shekels per person."
"17 5/6 ma-na 4 GÍN áš-qúl","I paid 17 minas 54 shekels."
"16⅔ GÍN mu-ṭá: AN.NA-ak qá-tim","16⅔ shekels shortage of hand tin."
"4 ša bi-lá-tim iš-tù Tí-mi-il5-ki-a: a-dí Hu-ra-ma ½ ma-na 6 GÍN.TA 1⅔ ma-na 4 GÍN áš-qúl","For 4 porters from Timilkiya until Hurama at 26 shekels each I paid 1 mina 44 shekels (of tin)."
"3⅔ ma-na 5 GÍN ú-kúl-ti 2 ANŠE ù sá-ri-dim ù na-ab-ri-ta-šu-nu","3 minas 45 shekels (of tin) food for 2 donkeys and a donkey-driver and for their stay in a paddock."
"ANŠE-re: i-sí-kà-tím it-ru-ú-ma a-pá-ṭá-ri-šu-nu 5/6 ma-na AN.NA áš-qúl","They took the donkeys away during the campaign and I paid 50 shekels of tin to redeem them."
"½ ma-na 6 GÍN AN.NA a-na 1 TÚG ša Ku-ku-ú 5 GÍN a-na šé-[n]é-šu","36 shekels of tin for 1 textile of Kukū, 5 shekels for his sandals."
"ŠUNIGIN2 [24] ma-na 10 5/6 GÍN iš-tí","In all 24 minas 10 5/6 shekels."
"16 5/6 ma-na AN.NA-ak qá-tim gám-ru 8½ ma-na ⅔ GÍN AN.NA i-na-pá-al","After the 16 5/6 minas of hand tin had been spent 8 minas 30 ⅔ shekels of tin will be balanced (to him)."
"i-na 17 TÚG ku-ta-ni-šu 1 TÚG a-na ni-is-ha-tim il5-qé-ú 2½ GÍN KÙ.B. i-pu-lu-šu-um 1½ TÚG ù 1½ GÍN KÙ.B. iš-ra-tú-šu","Of the 17 kutānu-textiles they took 1 as import-tax, they balanced him 2½ shekels of silver; 1½ textile and 1½ shekel of silver (balanced) are his tithe."
"i-hu-lu-qá-e 1½ GÍN KÙ.B. ik-šu-sú","His share in the losses amounted to 1½ shekels of silver."
"ša 2½ TÚG ša É.GAL-lúm il5-qé-ú ½ ma-na (eras.) KÙ.B. A-šur-ṣú-lu-li il5-qé","For the 2½ textiles which the palace took, Aššur-ṣulūlī received ½ mina of silver."
"a-ha-ma 6 GÍN LÁ 15 ŠE KÙ.B. ša šál-ša-tí-šu A-šur-ṣú-lu-li-ma il5-qé","Separately Aššur-ṣulūlī took 5 11/12 shekels of silver as his one-third-share."
"ší-tí TÚG.HI-tí-šu 12 TÚG 3 GÚ 15 ma-na AN.NA ku-nu-ki-kà 4 TÚG šu-ru-tum: li-wi-sú 2 ANŠE.HI.A: ṣa-lá-me ù ú-nu-sú-nu","The rest of his textiles, 12 pieces, 3 talents 15 minas of tin with your seals, 4 dark textiles, its wrapping, 2 black donkeys with their harness,"
"a-na A-šur-ṣú-lu-li áp-qí-id IGI Šu-Be-lim DUMU A-mur-DINGIR IGI Puzur4-[A-šur DUMU I-tur4-DINGIR","I entrusted to Aššur-ṣulūlī in the presence of Šu-Bēlum, son of Amur-ilī, (and) of Puzur-Aššur, son of Itūr-ilī."
"a-na E-lá-ma qí-bí-ma um-ma Lá-qé-pu-um ù Šu-A-šur-<ma> 72 ku-ta-nu ku-wa-ú-tum 26 ku-ta-nu ša DAM.GÀR 1 ku-ta-num ša ik-ri-bi4-kà 1 ku-ta-num ša A-ta-a-a ŠUNIGIN2 1 me-at ku-ta-nu ša šé-ep A-šur-mu-ta-pí-il5","To Elamma say, thus Lā-qēpum and Šu-Aššur: ""72 kutānu-textiles belonging to you, 26 kutānū belonging to the tamkārum, 1 kutānum of your ikribū, 1 kutānum of Atāya - in all 100 kutānū shipped under Aššur-mūtappil;"
"71 ku-ta-nu ša šé-ep DUMU Ú-ṣa-ri-a 31 ku-ta-nu ša šé-ep A-šur-lá-ma-sí 3 ku-ta-nu a-ha-ma: pá-ni-ú-tum 1 ku-ta-num ša Ha-ti-a ŠUNIGIN2 2 me-at 26 ku-ta-nu","71 kutānū shipped under Uṣāriya's son; 31 kutānū shipped under Aššur-lamassī; separately 3 kutānū shipped earlier; 1 kutānum of Hatiya - in all 226 kutānu-textiles."
"ŠÀ.BA 1 me-at 81 ku-ta-ni 25 ša A-ki-dí-e Zi-kur-IŠKUR: ir-de-a-ku-um","Thereof 181 kutānū and 25 Akkadian textiles Zikur-Adad led to you."
"3½ GÍN 15 ŠE KÙ.B. a-na sà-he-er-tim áš-qúl 1 ta-ku-uš-ta-am ù 2 [šu-ri-in]: pá-ni-[ú-tim] [L]a2-ma-s[à-tu]m tal-qé","I paid 3 7/12 shekels for small wares, 1 Takuštaean textile and 2 dark textiles (sent) earlier Lamassutum(?) took."
"2 GÚ A[N.NA] ku-nu-ku ša a-lim ša DAM.GÀR 3 GÚ ku-wa-um 2 šu-uq-lá-a[n] ša Ar-ta-ma nu-sà-ni-iq-ší-na-ma 5 ma-na im-ṭí-a","2 talents of tin provided with seals in the City belonging to the tamkārum, 3 talents belonging to you, 2 packets of Artama – we checked them and they proved to contain 5 minas too little."
"[1 š]u-uq-lam ni-ip-ṭur4-ma [x+ ½] ma-na 4 GÍN a-na DUMU Da-da-nim ù DUMU Ú-ṣa-ri-a né-pu-ul: iš-tù AN.NA qá-tim ù ⅔ ma-na KÙ.B. ša a-pá-ni-šu-nu nu-šé-bi-lu gám-ru","We opened one packet and we balanced mina 4 shekels to the son of Dadānum and the son of Uṣāriya after the tin for expenses and the ⅔ mina of silver we had sent them en route had been spent."
"1 šu-uq-lam a-šu-mí ni-is-ha-tim É kà-ri-im ú-kà-lu","One packet they detained in the colonial office because of the import-tax."
"DUB.SAR šu-uq-la-tim wa-at(UD)-ra-tim: il5-pu-ut-kà-ma a-dí-ni a-wa-tum lá gam-ra","The scribe booked you for the additional packets, but the affair has not yet been settled."
"6 šu-uq-lá-tum lu ku-nu-ku-ni lu ša a-lim 36 ku-ta-ni 32 šu-ru-tim qá-du-um: ša li-wi-tim 6 ANŠE.HI.A ṣa-lá-me: A-šur-i-mi-tí ù Hu-zi-a: i-ra-de-ú-ni-ku-um","Six packets with either our own seal or that of the City, 36 kutānu- and 32 dark textiles, including those for wrapping, 6 black donkeys Aššur-imittī and Huziya are leading towards you."
"1 ma-na AN.NA i-šu-uq-lim 3 LÁ ¼ GÍN KÙ.B. a-sà-he-er-tim a-na A-šur-i-mi-tí ù Hu-zi-a: ni-dí-in","1 mina of tin (taken) from a packet (and) 2¾ shekels of silver for small wares we gave to Aššur-imittī and Huziya."
"10 ku-ta-ni 8 šu-ru-tim a-ni-kà-sí-kà: ni-dí: i-na šu-uq-lá-tim a-ni-a-tim 2 šu-uq-lá-an: ša š[é]-ep A-šur-la1-ma-[sí]","10 kutānū and 8 dark textiles we deposited on your account. From these packets 2 are shipped under the responsibility of Aššur-lamassī."
"a-na [x x x u x x x] qi-bi4-m[a um-ma x x x x] Pu-šu-ki-[in x x x x] ù A-šur-r[e-ṣí-ma] 51 ma-na KÙ.[B. ša É DAM.GÀR ni-il5-qé-a-ku-n[u-tí-ni 4 ma-na] 15 GÍN KÙ.B. ṣ[i-i]b-tum","To say, thus , Pūšu-kēn, , and Aššur-rēṣī: ""The interest on the 51 minas of silver we borrowed for you at a merchant's house amounted to 4 minas and 15 shekels of silver."
"i-li-ik ŠUNIGIN2 55 ma-na 15 GÍN qá-dum ṣí-ib-tí-šu","Total: 55 minas 15 shekels, including its interest."
"46½ ma-na KÙ.B. A-bu-ša-lim ub-lam 12 GÍN i-na i-šé-ra-tim im-ṭí 18 GÍN a-ma-sú-hu-tim ni-ik-bu-ús 46 ma-na KÙ.B. iz-ku-am","Abu-šalim has brought 46½ minas of silver, it became 12 shekels less by / than the išerātum, 18 shekels we deducted for dirtiness, so that 46 minas of silver became available."
"ta-áš-pu-ra-nim um-ma a-tù-nu-ma 4 ma-na KÙ.B. E-lá-ma ha-bu-ul","You wrote us as follows: 'Elamma has a debt of 4 minas of silver'."
"3 ma-na KÙ.B. ša ha-bu-lá-tú-nu-ni i-li-bi4-šu ik-lá [1] ma-na KÙ.B. iš-qú-ul","He retained in his possession 3 minas of silver that you owe (him and) therefore he paid 1 mina of silver."
"i-té-er-tí-ku-nu um-ma a-tù-nu-ma 4 ma-na KÙ.B. Kàr-wa-a li-iš-qú-ul 3 ma-na iš-qú-ul 1 ma-na I-dí-a-bu-um iš-qú-ul","In your instruction you write: 'Let Karwāya pay 4 minas of silver' - he paid 3 minas; 1 mina Iddin-abum paid."
"1 ma-na A-šur-iš-ta-kál ša-qá-lam lá i-mu-a","Aššuriš-tikal refused to pay 1 mina of silver."
"4 ma-na 15 GÍN KÙ.B.-ku-nu ba-tí-iq É né-ru-ub-ma 4 ma-na 15 GÍN-ku-nu","Since your own silver is 4 minas 15 shekels short, we entered (a money-lender's) house (to borrow it) and your 4 minas 15 shekels,"
"a-na 5 ma-na 10½ GÍN KÙ.B. qá-dum ṣí-ib-tí-šu i-tú-ar iš-tù ha-muš-tim ša MAR.TU-ba-ni ù A-š[ur-n]a-[da] ITI.KAM a-lá-a-t[im ú2]","together with the interest on it have now become 5 minas 10½ shekels of silver reckoning from the week eponymy of Amurrum-bāni and Aššur-nādā, in month XII."
"ṭup-pi-ni š[a 51 ma-n]a KÙ.B. ú ṣí-ba-ti-šu ṭu[p-pi-ni-ma] 5 [m]a-na 10½ GÍN KÙ.B. [ú ṣí-ba]-sú šé-bi4-[lá-nim ù] ṭup-pi-ni li-[m][u-ut x x x x] <gap> <gap>","Therefore* our tablet of 51 minas of silver plus interest on it remains our tablet. Send the 5 minas 10½ shekels of silver plus interest on it, so that our tablet can be cancelled <gap> <gap>"
"a-ba-ú-ni a-hu-ni a-tù-nu ih-da-ma KÙ.B. šé-bi4-lá-nim ú KÙ.B. lá i-ma-ú ṭup-pi-ni lá ú-kà-lu i-í[d]","Please, our fathers and brothers, take care to send the silver and let the silver not get much and let them not retain our tablet!"""
"um-ma En-nam-A-šur-ma ù Da-dí-a-ma a-na E-lá-ma qí-bi4-ma 30 ma-na KÙ.B. ša A-šur-SIPAD ub-lá-ni ni-is-ha-sú DIRIG","Thus Ennam-Aššur and Dadiya, say to Elamma: ""30 minas of silver that Aššur-rē'ī brought here, its excise added, (thereof):"
"2 GÚ 10 ma-na AN.NA ku-nu-ki 25 ma-na AN.NA qá-tim 14¼ GÍN.TA 10 5/6 ma-na 3 GÍN KÙ.B. it-ba-al","2 talents 10 minas of tin under seals (and) 25 minas of tin for expenses at 14¼ shekels :1 cost 10 minas and 53 shekels of silver."
"85 TÚG.HI.A 5 5/6 ma-na ù 7 GÍN KÙ.B.","85 textiles cost 5 minas and 57 shekels of silver."
"it-bu-lu 4 ANŠE ṣa-la-mu 1 ma-na 13 GÍN KÙ.B. it-bu-lu","4 black donkeys cost 1 mina and 13 shekels of silver,"
"10½ GÍN KÙ.B. ú-nu-ut ANŠE 9 GÍN KÙ.B. wa-ṣí-tám 3 GÍN KÙ.B. ša sá-e-d-tim","10½ shekels of silver the harness of the donkeys, 9 shekels of silver export tax, 3 shekels of silver for <gap>"
"30 ma-na KÙ.B. ša A-šur-PA-LU ub-lá-ni 1½ GÍN ù 3 ŠE.TA té-ṣú-bu ⅔ ma-na ½ GÍN KÙ.B. ni-dí-in","The 30 minas of silver that Aššur-rē'ī brought entailed additions of 1 shekel 63 grains per (mina, so that) we paid 40½ shekels of silver."
"⅓ ma-na KÙ.B. be-ú-lá-at Kur-ub-Ištar 2 GÍN KÙ.B. lu-bu-šu 3 TÚG.HI.A ša Kur-ub-Ištar 1 TÚG ša Da-dí-a 1 TÚG ša En-nam-A-šur","20 shekels of silver the working capital of Kurub-Ištar, 2 shekels his clothing allowance; 3 textiles of Kurub-Ištar, 1 textile of Dadiya, 1 textile of Ennam-Aššur."
"mi-ma a-nim A-šur-SIPAD na-áš-a-ku-um ší-tí KÙ.B. iš-tí wa-ar-ki-ú-tim nu-šé-ba-lá-kum","All this Aššur-rē'ī is bringing to you. (What we will buy with) the rest of the silver we will send you with a later caravan."""
"um-ma I-li-a-ma A-šur-re-ṣí En-nam-A-šur ù Da-dí-a a-na E-lá-ma qí-bi4-ma 4⅓ ma-na 2½ GÍN KÙ.B. Dan-A-šur ub-lam","Thus Iliya, Aššur-rēṣī, Ennam-Aššur, and Dadiya, say to Elamma: ""4⅓ minas 2½ shekels of silver Dān-Aššur brought."
"4⅓ GÍN ša-du-a-tám a-na Dan-A-šur ni-dí-in 1½ GÍN té-ṣ[ú-be] né-pu-ul 11 GÍN a-na ni-is-h[a-tim] ni-dí-in ší-tí KÙ.B.-pì-kà 4 ma-na 6 LÁ 1/6 GÍN","We gave 4⅓ shekels as transport fee to Dān-Aššur, paid 1½ shekel as addition and 11 gave as excise, so that of your silver there remain 4 minas 5 5/6 shekels."
"17 m[a-na] [4] GÍN KÙ.B. A-ni-nu-um ub-lam","17 minas and 4 shekels of silver Anīnum brought here."
"ŠÀ.BA ⅔ ma-na 2½ GÍN a-na ni-is-ha-tim ni-dí-in","Thereof we paid 42½ shekels as excise."
"ší-tí KÙ.B.-pì-kà 16⅓ ma-na LÁ ½ GÍN","There remain of your silver 16 minas 19½ shekels."
"ŠUNIGIN2 KÙ.B.-pi-kà 20⅓ ma-na 5½ GÍN","The total of your silver amounts to 20 minas 25½ shekels."
"4 GÚ 20 ma-na AN.NA ku-nu-ku 15½ GÍN 15 ŠE.TA KÙ.B.-áp-šu 17 5/6 ma-na 2 GÍN","4 talents 20 minas of tin under seals, at a rate of 15 5/12 shekels : 1 the silver for it was 17 minas 52 shekels."
"20 ma-na AN.NA-ak qá-tim 15 GÍN.TA 1⅓ ma-na KÙ.B.","20 minas tin for expenses, at a rate of 15 shekels : 1 makes 1⅓ mina of silver."
"10 ku-ta-nu ⅔ ma-na 6½ GÍN it-bu-lu 8 šu-ru-tum ša li-wi-tim ½ ma-na 8 GÍN KÙ.B.-šu-nu 2 ANŠE.HI.A ṣa-lá-mu ⅔ ma-na [LÁ 4] GÍN KÙ.B.-šu-nu","10 kutānu-textiles cost 46½ shekels (of silver); 8 dark textiles for wrapping, their price in silver 28 shekels; 2 black donkeys cost 40 shekels of silver."
"⅓ mana 7 GÍ[N KÙ.B.] i-ma-sá-im im-ṭí ½ [ma-na KÙ.B.] be-ú-lá-at Ma-ṣí-[i-lí] 2 GÍN lu-bu-šu 1 GÍ[N KÙ.B.] ša sà-e-d-tim 10 GÍN 20[+2½ ŠE] wa-ṣí-tum","27 shekels of silver loss due to washing (the silver); ½, the working capital of Maṣi-ilī; 2 shekels his clothing allowance; 1 shekel the cost of <gap> ; 10 1/8 shekels the export tax."
"3 GÍN KÙ.B. i-na sà-na-qí-im: im-ṭí 3½ GÍN ú-nu-ut ANŠE.HI.A 1 GÍN ú-kúl-tí ANŠE.HI.A","When checking 3 shekels of silver proved to be missing; 3½ shekels the harness of the donkeys; 1 shekel fodder for the donkeys."
"a-na mu-lá ANŠE.HI.A 1 ma-na LÁ 1 1/6 GÍN KÙ.B. i-na ša ú-ṭí-tim: nu-ra-dí mi-ma a-nim Dan-A-šur ir-de-a-ku-um","To supplement (the costs of) the donkey-loads we added 58 5/6 shekels of silver from that of the barley. All this Dān-Aššur has led to you."""
"um-ma A-la-hu-um-ma A-šur-re-ṣí En-nam-A-šur ú Da-dí-a a-na E-lá-ma qí-bi4-ma 24 ma-na KÙ.B. Dan-A-šur DUMU Ša-lim-a-hi-im ub-lam","Thus Ali-ahum, Aššur-rēṣī, Ennam-Aššur and Dadiya, say to Elamma: ""24 minas of silver Dān-Aššur, son of Šalim-ahum, has brought us."
"16⅔ ma-na KÙ.B. A-šur-na-da DUMU A-šur-i-dí ub-lam","16⅔ minas of silver Aššur-nādā, son of Aššur-idī, has brought us."
"ŠUNIGIN2 40½ ma-na KÙ.B.","In all 40½ minas of silver."
"ŠÀ.BA 30 ma-na iš-tí A-lá-hi-im ni-il5-qé-ma 1⅔ ma-na KÙ.B. ṣí-ib-tám nu-ṣí-ib:","Thereof (we paid) 30 minas we had borrowed from Ali-ahum and we added to it 1⅔ mina of silver as interest."
"ší-tí KÙ.B.-pì-kà 8⅔ ma-na","There remains of your silver 8⅔ minas."
"76 TÚG k[u-ta-n]u 6 ma-[na 40 GÍN] KÙ.B. it-b[u-lu 3] ANŠE ṣa-lá-[mu ⅔ ma-na x GÍN] KÙ.B. i[t-bu-lu]","76 kutānu-textiles cost 6 minas of silver, 3 black donkeys cost of silver."
"15 ma-na [AN.NA qá-tim] 13 GÍN.T[A KÙ.B.]-áp-šu 1 ma-na 9 [GÍ]N","15 minas of at 13 shekels :1, its price in silver 1 mina 9 shekels."
"ú-nu-ut A[NŠE.H]I.A <ù> na-<<nu>>-ru-[qá]-tim 9½ GÍN KÙ.B. it-bu-lu: 3⅔ GÍN KÙ.B. té-ṣú-bé [nu]-ṣí-ib 4⅓ GÍN wa-ṣí-tum 2 GÍN Be-lúm-ba-ni il5-qé","The harness of the donkeys <and> the (leather) bags cost 9½ shekels of silver, 3⅔ shekels of silver we added as additions, 4⅓ shekels the export tax, 2 shekels Bēlum-bāni took."
"4 ku[(TÚG)]-ta-nu ša A-bu-ša-lim 1 TÚG ša A-šur-re-ṣí 1 TÚG ša Da-dí-a 1 TÚG ša Be-lúm-ba-ni","4 kutānu-textiles of Abu-šalim, 1 textile of Aššur-rēṣī, 1 textile of Dadiya, 1 textile of Bēlum-bāni."
"mi-ma a-nim A-šur-na-da i-ra-de-a-kum KÙ.B. Be-lúm-ba-ni a-ma-kam ša-dí-in","All this Aššur-nādā leads to you. Make Bēlum-bāni pay the silver over there."""
"[um-ma] A-la-hu-um [A-šur]-re-ṣí En-nam-A-šur [ú D]a-dí-a-ma a-na E-la-ma [qí-b]i4-ma 24½ ma-na 4 GÍN KÙ.B. [ŠÀ] 1 ma-na 1 GÍN KÙ.B. ni-is-ha-tim [ni]-dí-in: ší-tí KÙ.B.-pì-kà 23<gap> ⅓ ma-na 4 GÍN","Ali-ahum, Aššur-rēṣī, Ennam-Aššur, Dadiya say to Elamma: ""24 minas 24 shekels of silver, we gave 61 shekels of silver as excise; the rest of your silver is 23 minas and 24 shekels."
"1/2 ma-na 3<gap> GÍN GUŠKIN A-šur-DÙG ub-lam ŠÀ 1⅓ GÍN 7½ ŠE ni-is-ha-tim ni-dí-in","33 shekels of gold Aššur-ṭāb brought us, thereof we gave as excise 1 3/8 shekel."
"⅓ GÍN i-na sà-na-qí-ni i[m]-ṭí ší-tí GUŠKIN ½ ma-na 1⅓ GÍN 5¼ GÍN.TA KÙ.B.-áp-šu 2¾ ma-na 5 GÍN","It was ⅓ shekel less when we checked it, (so) the rest of the gold is 31⅓ shekels, its equivalent in silver at 1: 5¼ is 2¾ minas."
"ŠUNIGIN2 KÙ.B.-áp-kà ù ší-im<gap> GUŠKIN 26 ma-na 9 GÍN KÙ.B.","Total of your silver, including the yield of the gold: 26 minas 9 shekels of silver."
"4 GÚ 20 ma-na 8 GÍN AN.[NA] ku-nu-ku 30 ma-na [AN.NA]-ak qá-tim 17¼ GÍ[N.TA] KÙ.B.-áp-šu 16⅔ ma-[na 9 GÍN]","4 talents 20 minas 8 shekels of tin under seals, 30 minas hand tin, at 17¼ shekels per (shekel of silver), its (price in) silver, 16 minas 4;"
"36 TÚG ku-ta-n[u 5 5/6 GÍN.TA] 3½ ma-na KÙ.B.-šu-nu 33 šu-ru-tum qá-dé ša li-w[i]-tim 1⅔ ma-na 4 GÍN KÙ.B.-áp-šu-nu","36 kutānu-textiles, their (price in) silver 3½ minas; 33 dark textiles including those for wrapping, their silver 1 mina 44 shekels."
"1 ma-na LÁ 5 GÍN i-ma-sà-im im-ṭí 5 ANŠE.HI.A ṣa-lá-mu-ú 1 ma-na 17 GÍN: it-bu-lu 1 ANŠE im-ra-aṣ-ma wa-at-ra-am ni-iš-a-ma i-lá-kà-kum","The silver became 55 shekels less by washing. 5 black donkeys cost 1 mina 17 shekels; 1 donkey became ill and we bought an extra one and it is coming to you."
"1 ma-na bé-ú-lá-at Ú-zu-a ù Šu-mi-a-bi-a 4 GÍN KÙ.B. lu-bu-šu-nu 12 GÍN ṭé-ṣú-bi a-na A-šur-DÙG né-pu-ul 3 GÍN ša sà-e-d-tim","1 mina, the working capitals of Uzua and Šumi-abiya, 4 shekels their clothing, 12 shekels as additional amount we balanced to Aššur-ṭāb, 3 shekels for <gap>,"
"9 GÍN ú-nu-ut ANŠE.HI.A 12½ GÍN wa-ṣí-tum 14 GÍN ú-ku-ul-tí ANŠE.HI.A","9 shekels donkey harness, 12½ shekels export tax, 14 shekels donkey fodder."""
"um-ma En-um-A-šur-ma Da-dí-a ù Hi-na-a-ma a-na E-la-ma qí-bi-ma 20 ma-na KÙ.B. ni-is-ha-sú DIRIG Ir-ma-A-šur ub-lam","Thus Ennam-Aššur, Dadiya and Hinnāya, say to Elamma: ""20 minas of silver, its excise added, Ir'am-Aššur delivered."
"2 GÚ 10 ma-n[a A]N.NA ku-nu-ki-ni [Šu-Ku-b]u-um na-áš-a-k[u-um","2 talents 10 minas of tin under our seals Šu-Kūbum is bringing to you."
"14]½ GÍN.TA KÙ.BI4 9 [ma-na] 4 1/6 GÍN it-ba-al","At 14½ shekels : 1 it cost 9 minas 4 1/6 shekels of silver."
"15 ma-na AN.NA qá-tim 14¼ GÍN.TA KÙ.BI4 1 ma-na 3 GÍN KÙ.B it-ba-al","15 minas of tin for expenses, at 14¼ shekels:1 it cost 1 mina 3 shekels of silver."
"36 TÚG.HI.A qá-dum: ša li-wi-tim 2⅓ ma-na KÙ.B it-bu-lu","36 textiles, including those for wrapping cost 2⅓ minas of silver."
"⅓ ma-na 2 GÍN be-ú-la-at Ša-lim-A-šur kà-ṣa-ri-im 2 GÍN KÙ.B. 1 lu-bu-šu","22 shekels (of silver) the working capital of Šallim-Aššur, the harnesser, 2 shekels of silver, one garment for him."
"ANŠE.HI.A ṣa-lá-ma-an ⅔ ma-na LÁ 2 GÍN KÙ.B. it-bu-lu","Two black donkeys cost 38 shekels of silver."
"3 TÚG.HI.A ša kà-ṣa-ri-im 4½ GÍN KÙ.B.: ú-nu-ut ANŠE","3 textiles of the harnesser, 4½ shekels of silver donkey harness."
"mi-ma a-nim Šu-Ku-bu-um na-áš-a-kum: i-na wa-ar-ki-ú-tim: nu-za-kà-ma lu-qú-ut-kà: iš-tí <<iš-tí>>: pá-ni-im-ma nu-šé-ba-la1-kum","All this Šu-Kūbum is bringing you. Later we will clear accounts and then send your merchandise to you with the next opportunity."""
"[u]m-m[a] A-lá-hu-um [D]a-dí-a <ù> Da-<gap>[x -ma] [a]-na E-lá-ma ù K[ur-u]b-[Ištar] [q]í-bi4-ma 17 ma-na K[Ù.B.] Šál-ma-A-šur ub-lam ni-is-ha-[sú] ù-lá w[a-a]t-ra","Thus Ali-ahum, Dadiya, <and> Da<gap>, say to Elamma and Kurub-Ištar: ""17 minas of silver Šallim-Aššur brought us, without its excise having been added."
"ŠÀ.BA ⅔ ma-na a-n[a] ni-is-ha-tim ni-dí-i[n] 3 GÍN i-ma-sà-im im-ṭí ší-tí KÙ.B.-pi-[ku-nu] 16 ma-na 10½ GÍN","Thereof we gave ⅔ mina as excise (and) it became 3 shekels less due to purifying, (so that) the rest of your silver is 16 minas 10½ shekels."
"ŠÀ 1 me-at 2[6] ku-[ta-nu] 11½ ma-na [3 GÍN KÙ.B.] it-bu-lu 4 A[NŠE.HI.A] [1]1⅓ ma-na LÁ 2 G[ÍN]","Thereof: 126 kutānu-textiles cost 11½ minas , , 4 donkeys cost 78 shekels (of silver),"
"it-bu-lu 7½ G[ÍN] ½ ANŠE 5/6 [ma-na] 4 GÍN be-ú-lá-at 2 kà-[ṣa-re] qá-dum lu-bu-[ší-šu-nu]","7½ shekels (of silver) for half a donkey, 54 shekels of silver the working capitals of 2 harnessers, including their clothing allowance."
"20 ma-na AN.NA 13 GÍN.TA 1½ ma-na 2 GÍ[N KÙ.B.]","20 minas of tin at a rate of 13 shekels per (1 shekel of silver) (cost) 92 shekels ,"
"[10 + x GÍN] ú-nu-ut [ANŠ]E <gap>1¼ GÍN té-ṣú-bu 2 GÍN [ša] sà-a-dtim 8¼ GÍN wa-ṣí-tum A-šur-mu-ta-pi-il5 i-ra-de3-a-ku-nu-tí","10 shekels the harness of the donkeys, + 1¼ shekel additions, 2 shekels for <gap>, 8¼ shekels the export tax. Aššur-mūtappil is leading this to you""."
"18 TÚG šu-ru-tim ù 10 TÚG ku-ta-ni 2 GÚ AN.NA ù li-wi-sú ku-nu-ki-šu ša A-lim","18 dark textiles and 10 kutānu-textiles, 2 talents of tin with its wrapping, under his seals applied in the City,"
"2 ANŠE ṣa-lá-me ú ú-nu-sú-nu ša A-lá-hi-im a-na A-šur-iš-tí-kál áp-qi-id","2 black donkeys with their harness belonging to Ali-ahum, I entrusted to Aššuriš-tikal."
"a-na Kur-ub-Ištar ù tám-kà-ri-im qi-bi-ma um-ma I-dí-A-šur-<ma> 50 TÚG ku-ta-ni 2 ANŠE ša tám-kà-ri-im E-na-ah-i-li ip-qi-dam","Say to Kurub-Ištar and the merchant, thus Iddin-Aššur: ""50 kutānu-textiles (and) 2 donkeys belonging to the trader Ēnah-ilī entrusted to me (for transport)."
"mì-li-ik lu-qú-tí-ku-nu mi-il5-kà","Consider what to do with your merchandise."
"⅓ ma-na KÙ.B. a-na pá-ni-a šé-bi-lam","Send me en route ⅓ mina of silver."""
"a-na E-lá-ma ù Kur-ub-Ištar qi-bi-ma um-ma I-dí-A-šur-ma 2 GÚ 10 ma-na AN.NA ku-nu-ki 50 TÚG ku-ta-ni qá-deṣ ša li-wi-tim","Say to Elamma and to Kurub-Ištar, thus Iddin-Aššur: ""2 talents 10 minas of tin under seals, 50 kutānu-textiles, including those for wrapping (the tin),"
"3 ANŠE ṣa-lá-me-e mi-ma a-nim E-na-ah-DINGIR ip-qí-dam","3 black donkeys - all this Ēnah-ilī entrusted to me (for transport)."
"mì-li-ik lu-qú-tí-ku-nu mi-il-kà","Consider what to do with your merchandise."""
"a-na A-lá-hi-im ù Hi-na-a qi-bi-ma um-ma E-lá-ma-<ma> iš-té-en šu-qú-ul: 1 GÚ 5 ma-na iš-té-en 1 GÚ","To Ali-ahum and Hinnāya, thus Elamma: ""One packet of 1 talent 5 minas, one of 1 talent,"
"ŠU.NIGIN2 2 GÚ 5 ma-na AN.NA ku-nu-ku 25 ma-na [A]N.NA qá-tim","in all 2 talents 5 minas of tin under seals; 25 minas loose tin."
"[50]+12 ku-ta-nu [4] TÚG šu-ru-tum ša li-wi-tim [2]5 TÚG šu-ru-tum [ŠU.NIGIN2] 91 TÚG.HI.A","62 kutānu-textiles, 4 black textiles for wrapping, 25 dark textiles, in all 91 textiles."
"[4] ANŠE.HI.A ṣa-lá-mu [1] [ku]-sí-tum: i-a-tum [ù] ša-nu-um ša Ta-ah-ši a-na Lá-ma-sà-tim","Four black donkeys one kusītu-garment of myself and a kettle of Tahsi for Lamassutum."
"[2] ku-ta-nu ša bé-ú-lá-at Ma-nu-ki-li-a 2 ku-ta-nu ša bé-ú-lá-at En-nam-A-šur mi-ma a-nim En-nam-A-šur DUMU Di-di-a i-ra-de3-a-[ku-nu-tí]","2 kutānū being the working capital of Mannu-kī-iliya, 2 kutānū's being the working capital of Ennam-Aššur. All this Ennam-Aššur, son of Didiya is bringing to you."
"2 GÚ 10 ma-na AN.NA ku-nu-ku 4(2) TÚG šu-ru-tum li-wi-tum 5 TÚG ku-ta-nu 2 ma-na AN.NA qá-tim 1 ANŠE [ṣa]-lá-mu-um","2 talents 10 minas of tin under seals, 4 dark textiles for wrapping, 5 kutānu-textiles, 2 minas of loose tin, one black donkey"
"<gap>-ma-hi-im [x+]60 ku-ta-nu 2⅓ [ma-na x GÍN] [AN.NA] [a]-na qá-tí-šu a-dí-[in]","belonging to Šalim-ahum, 60 kutānu-textiles, 2⅓ minas and x shekels of tin I gave in his hand."
"[x ma-n]a URUDU 3 ku-ta-nu [x x]-BA mi-ma a-nim [      ]","minas of copper, 3 kutānu-textiles <gap>, all this is bringing you."
"a-na E-lá-ma qi-bi4-ma um-ma A-šur-SIPAD-ma 4 GÚ 20 ma-na AN.NA ku-nu-ki 1 me-at 21 TÚG mi-ma a-ni-im a-ra-de3-a-kum","Say to Elamma, thus Aššur-rē'ī: ""4 talent 20 minas of tin under seals (and) 121 textiles, all this I am leading to you."""
"[a-na] E-lá-ma ù Kur-ub-Ištar qi-bi4-ma um-ma E-na-ah-DINGIR-ma 4 GÚ 20 ma-na AN.NA ku-nu-ku 72 ku-ta-nu qá-dum ša li-wi-tim 4 ANŠE ṣa-lá-mu","Say to Elamma and Kurub-Ištar, thus Ēnah-ilī: ""4 talents 20 minas of tin under seals, 72 kutānu-textiles, including those for wrapping, 4 black donkeys,"
"30 LÁ ½ ma-na AN.NA qá-tim mi-ma a-nim a-ra-de3-a-ku-nu-tí","29½ minas of loose tin - all this I am leading to you."
"14 LÁ ½ GÍN.<TA> AN.NA-ku-nu ša-im","Your tin was bought at a rate of 13½ (shekels) per (shekel silver)."
"AN.NA-ku wa-aq-ru 2 ma-na KÙ.B. a-pá-ni-a šé-bi4-lá-nim","Tin is expensive, send 2 minas of silver to reach me en route""."
"a-na E-lá-ma qi-bi4-ma 1 me-at 60 ku-ta-nu 7 ANŠE ṣa-lá-mu a-ra-de3-a-kum A-bu-ša-lim iš-tí-a i-lá-ak","Say to Elamma: ""160 kutānu-textiles, 7 black donkeys, I am leading/will lead to you; Abu-šalim travels with me."
"[ú] sà-he-er-tám [ša] KÙ.B. 10 GÍN [šé]-bi4-lá-nim","Send me also small wares for a value of 10 shekels of silver."
"um-ma A-lá-hi-im-ma A-šur-re-ṣí En-um-A-šur ù Da-dí-a a-na E-lá-ma qi-bi-ma a-ma-lá té-er-tí-kà 30 ma-na KÙ.B. É tám-kà-ri-im a-na ṣí-ib-tim ni-il5-qé-a-ku-um","Thus Ali-ahum, Aššur-rēṣī, Ennam-Aššur and Dadiya, say to Elamma: ""In accordance with your instruction we borrowed for you at interest 30 minas of silver at a merchant's office."
"a-ṣé-er É ša ta-am-gu5-ru mi-ša-al: šu-ub-tí-im nu-ṭá-hi-ma 3 ma-na KÙ.B. ni-iš-qú-ul i-hi-id-ma KÙ.B. a-na ṣí-ib-tim i-lá-ak: KÙ.B. šé-bi4-lá-am","We added half a šubtum to the surface of the house plot about which you had reached an agreement and we paid 3 minas of silver. Realize well that the silver is interest bearing, so send the silver."
"ší-mu-um ša-i-im A-šur-mu-ta-pi-il5 i-na pá-ni-ú-tim ni-ṭá-ra-dá-am","The purchases have been made, we will send Aššur-mūtappil off to you with the next opportunity."
"da-a-nu u4-me ŠÈ.2.MU iš-ku-na-ku-um u4-mu-ú e im-lu-ú-ma i-na ṭup-pí-kà e ú-kí-šu-kà","The judges have set you a a term of two years, don't exceed that term lest they disavow you on the basis of your tablet."
"i-hi-id ṭup-pá-am ša me-ra A-zu-a šé-bi4-lam","Take care to send the tablet of the son of Azua."""
"um-ma Hi-na-a-ma a-na E-lá-ma qi-bi4-ma 1 me-at 8 ku-ta-ni qá-dum ša kà-ṣa-re ša a-na A-ku ta-áp-qí-du ŠÀ.BA 75 ku-ta-ni ub-lu-nim","Thus Hinnāya, say to Elamma: ""Of the 108 kutānu-textiles, including those of the harnessers, which you entrusted to Aku, they brought me 75 kutānu-textiles."
"um-ma kà-ṣa-ru-ma i-ba-a-ba-at A-lim na-ru-qú-um ma-a-tum [ih]-li-iq-ma a-k[u]-a-tim iš-ta-kà-an ù ANŠE i-na ANŠE-ri-a uš-ta-ba ù um-ma DUMU Ṣa-lá-mì-im-ma","The harnesser declared: 'In the outskirts of the City one large bag (with textiles) got lost' and he reckoned it as yours. He also wanted to recoup a donkey from my donkeys and when Ṣallāmum's son said:"
"a-na ANŠE ša ut-ha-ra-am ša-ak-nu ša Hi-na-a šu-ut ANŠE e-mu-qá-tám-ma i-tù-ru ù pu-ùh-šu ANŠE ša i-dí-nu me-et","'Look, the donkey that is provided with a mark belongs to Hinnāya!', he took the donkey along by force and the donkey he gave in its place is dead!"
"TÚG.HI.A wa-at-ru-tim ša i-ni-is-ha-tim i-li-qí-ú šu-ma 16 GÍN.TA KÙ.B. i-ta-bu-lu KÙ.B. le-pu-lá-ku-[nu]-tí","As for the additional textiles that were taken when the import-tax was levied, if they will take them along for 16 shekels of silver apiece, let him pay you that silver."
"šu-ma 16 GÍN.TA ba-tí-iq ša ki-ma TÚG.HI-tí-a ša i-ni-is-ha-tim i-li-qí-ú-ni i-TÚG-ba-tí-šu li-qé-a-ma šé-bi4-lá-nim","If it is less than 16 shekels apiece take as many of my textiles as were taken at the levying of the import-tax from his textiles and send them to me."
"té-er-tí a-ṣé-er A-šur-na-da ù A-šur-ṣú-lu-lí i-li-ik a-ša-sá-im iš-tí-šu 1 šu-lu-up-kà-am ù ku-sí-tám ša A-ki-dí-e","An instruction of mine went to Aššur-nādā and Aššur-ṣulūlī to settle accounts with him. Send me 1 Šulupkian textile with an Akkadian kusītu-garment"
"ù 2 ku-ta-ni ša hu-BA-[x]-ri qá-at-nu-tim ú er-qú-tim šé-bi4-lam TÚG.HI.A ša áš-pu-ra-ku-ni šé-bi4-lá-ma Šu-Bé-lam lu-kà-li-im-ma","and 2 kutānu's of <gap> that are thin and yellowish. Send me (also) the textiles I wrote you about, so that I can show them to Šu-Bēlum(?) and"
"ší-im ANŠE.HI.A ù ší-im TÚG.HI.A šu-lu-up-ki-im ú ku-sí-tim ki-ma ú-bu-lu-ni e-pá-áš","realize(?) the sale price of the donkeys, the Šulupkian textiles and the kusītu-garment according to what they are worth."
"TÚG.HI-tí-kà ša i-Zi-mì-iš-hu-na i-ba-ší-ú-ni TÚG.HI.A ma-lá ta-da-nim lá-dí-šu-ma ú (erasure) a-na Ištar-pí-lá-ah","As for your textiles that are in Zimišhuna, I will sell as many of them as I can and, moreover, as for Ištar-pilah, to whom 2 minas"
"2 ma-na KÙ.GI na-dí-in-šum KÙ.B. 1 GÍN ša DAM.GÀR na-ší lá a-hu-ni","of gold have been given, every shekel of silver he carries belongs to the tamkārum. Is he not our little"
"ṣa-ah-ru-um šu-ma té-er-tí lu ša A-lá-hi-im lu ša NI/IR-ŠÍ-x-x na-áš-a-tí té-er-ta-kà li-li-kam","brother? If you have with you an order of Ali-ahum or of <gap> send me a message about it""."
"a-na E-lá-ma qi-bi-ma um-ma A-šur-mu-ta-pi-il5-ma 3 GÚ AN.NA ú ṣú-ba-tí ša ta-dí-na-ni um-ma a-ta-ma 1 GÚ AN.NA a-ta ù A-hu-qar liq-a ki-ma šé-pu-um na-ak-ša-at-ni a-na Bu-ru-uš-ha-tim a-ṣé-er A-šur-DÙG ú-bi-il5-ma","Say to Elamma, thus Aššur-mūtappil: ""As for the 3 talents of tin and the textiles you gave me with the instruction: 'You and Ahu-waqar must take (each) 1 talent of tin' - since the traffic is cut off, I brought it to Burušhattum, to Aššur-ṭāb, and"
"3 GÚ AN.NA a-na A-šur-DÙG a-dí-in TÚG.HI.A a-na Úh-šu-ša-na ú-ta-e-ra-am","I gave Aššur-ṭāb the 3 talents of tin. The textiles he brought back to Wahšušana."
"35½ GÚ URUDU i-ṣé-ep A-šur-DÙG ú i-šé-pí-a e-bu-kam","He shipped to you 35½ talents of copper under Aššur-ṭāb's and my responsibility."""
"a-na E-lá-[ma] qí-bi-m[a um-ma x x x] ù A-šur-[ma]-[lik-ma] 4 GÚ AN.NA [ku-nu-ki ša] a-lim [ù] [x ku-ta-ni ELLAT] La-qé-pi-im [ub-lam]","To Elamma, say, thus and Aššur-mālik: ""4 talents of tin in the City and Lā-qēpum's ."
"ŠÀ.BA 17½ m[a-na] AN.NA lá [ku-nu-ki (ù)] 5 ku-ta-nu [i-na] É.GAL-lim lá-qé-[ú]","Thereof: 17½ minas of tin without 5 kutānu-textiles were taken in the palace."
"ki-ma té-er-t[a-kà lá-šu-ni] i-pí-kà a-na x x x um-ma a-ta-ma AN.NA i-šé-er DAM.GÀR-ri-im li-dí-šu a <gap> <gap>","For lack of a written instruction of yours, on the basis of what you said to <gap>: ""Let him entrust the tin to an agent <gap>""."
"[a]-na E-la-ma qi-bi4-ma [u]m-ma A-šur-ma-lik-ma a-na ma-lá tup-pí-im ša a-lim [1 k]u-ta-nu-um ba-tí-iq um-ma Ú-zu-a-ma [TÚ]G.HI.A i-na a-lim ú-lá im-nu-ú-nim [n]a-ru-qá-tim ip-qi-du-nim","Say to Elamma, thus Aššur-mālik: Compared with the tablet from the City 1 kutānum is missing. Uzua said: 'They did not count the textiles in the City. they (simply) entrusted the bags to me'."
"[1 TÚ]G i-na ni-is-ha-tim il5-qé-ú 2' TÚG.HI.A i-na e-kál-lim i-na sá-i-tí-kà ih-li-qú-ma 1 TÚG a-ta tù-ma-li 1 TÚG Ú-ṣú-ur-ša-Ištar DUMU A-šur-i-mi-tí i-na-pá-al: a-ma-kam ṣa-ba-sú-ma ku-ta-nam li-dí-na-kum","They took 1 textile when levying the import tax, 2 textiles got lost in the palace from/at the time of your <gap> and you made good 1 textile, 1 textile Uṣur-ša-Aššur, Aššur-imittī's son, will compensate. Seize him there and let him give you the kutānu-textile."
"TÚG a-na É kà-ri-im a-qá-tí-kà a-dí 1 TÚG Lá-ma-sà-tum tal-qé","I deposited a textile in the colonial office as your share, 1 textile Lamassutum took."
"2 TÚG-tí-šu kà-ṣa-ru-um il5-qé 31 ku-ta-ni Be-lúm-ba-ni","The harnesser took his 2 textiles, 31 textiles Bēlum-bāni brought you."
"ub-la-kum i-na 25 TÚG šu-ru-tim 3 TÚG a-na ni-is-ha-tim il5-qé-ú: 1 TÚG Lá-ma-sà-tum tal-qé 21 TÚG šu-ru-tim e-zi-ib ša li-wi-tim Be-lúm-ba-ni ub-la-kum mi-šu ša i-na TÚG.HI.A 2 TÚG tal-qé-ú ší-im-šu-nu: a-na Be-lúm-ba-ni di-in","Of the 25 dark textiles they took 3 textiles as import-tax, Lamassutum took 1 textile, 21 dark textiles, apart from those for wrapping, Bēlum-bāni brought you. Why did you take 2 pieces of the textiles? Give their price to Bēlum-bāni."
"iš-tù AN.NA-ak qá-tí-šu ša Ú-zu-a: ga-am-ru: 17 ma-na AN.NA i-na ha-ra-nim il5-qé-ú","After Uzua's tin for expenses had been spent they took 17 minas of tin during the journey."
"½ ma-na KÙ bé-ú-lá-tù-šu ⅓ ma-na a-pá-ni-šu ú-šé-bi4-il5 ANŠE i-ha-ra-nim i-mu-ut-ma 1 ma-na AN.NA ú-ma-li-ú-šu-um","His working capital was ½ mina of silver, I sent ⅓ mina to him en route. A donkey died during the journey and they compensated him 1 mina of tin."
"ù ½ ma-na AN.NA a-pu-ul-šu-um 5 ma-na.TA [da]-tum ik-šu-dam [x GÍ]N.TA [qá-qá]-da-tum","and I balanced him ½ mina of tin. The road-tax amounted to 5 minas per (talent), the head-tax to shekels per (person)."
"[x m]a-na 5 GÍN.TA ú-ku-ul-tám","The food cost minas 5 shekels per (person/donkey)."
"[iš]-ku-nam 8½ ma-na 7 GÍN KÙ [pá2]-ni-um 3⅓ ma-<na> 5 GÍN KÙ [š]a Lá-lu-um i-di-ú","8 minas 27 shekels of silver the first (shipment?), 3 minas 45 shekels of silver is what Lalum deposited."
"<gap>1 TÚG ku-ta-nu 4 TÚG šu-ru-tum [x x x-m]u 1 TÚG ku-tanam(NIM) [š]a a-qá-tí-kà a-dí-ú [1 ku-ta-na]-am ša a-na-ku [a-dí-ú] <gap>3½ GÍN KÙ [DAM].GÀR-ri-im [i-na tup-pí]-kà lá-pì-it","2 (or: 11?) kutānu-textiles, 4 dark textiles ; (for) 1 kutānu-textile that I deposited as your share (and) nu-textile that I myself deposited, +3½ shekels of silver of the trader are booked on your tablet."""
"a-na E-lá-ma qi-bi4-ma um-ma A-šùr-ma-lik-ma KÙ.B. ša tù-šé-bi4-lá-ni ù ṭup-pè-kà a-na ma-lá té-er-ti-[kà] a-na A-lim uš-té-bi4-il5","""The silver you sent me and your tablets I have now sent to the City following your instruction."
"a-šu-mi K[Ù.B.] ša É kà-ri-im ša [a]-[na] Lá-qé-pí-im tù-šé-bi4-l[u] KÙ.B. a-na Lá-li-im a-[dí-i]n","As for the silver of the colonial office that you sent for Lā-qēpum, I gave that silver to Lalum."
"a-ṣé-er KÙ.B. ù 5 TÚG š[a] [a]-[dí]-ú-ma i-na KÙ.B-áp [Lá-qé]-pí-im-ma i-ší-qi-il5","In additon to that silver and the 5 textiles that I deposited, silver has been paid from Lā-qēpum's silver."
"[K]Ù.B.-kà a-na Lá-qé-pí-im [li-l]i-ik-ma i-na [ga]-ma-ar KÙ.B. šu-um-kà i-na É kà-ri-im","Let your silver go to Lā-qēpum and then, when the silver is spent we will register it in your name in the colonial office."
"lu ni-il5-pu-ut a-šu-mì KÙ.B. ša A-mur-Ištar ša a-na Lá-qé-[pí-im ù ku-a-tí ha-bu-lu","As for the silver of Amur-Ištar, which he owes to Lā-qēpum and to you,"
"té-er-tí Lá-qé-pí-im a-ṣé-er Lá-li-im ù ku-a-tí i-li-kam-ma [u]m-ma šu-ut-ma u4-me: ṣa-áb-ta-ma ma-[lá] e-tí-qú-ni 1 GÍN.TA [a]-ma-na-im ší-si-a-ma KÙ.B. [ù ṣ]í-ba-sú ša-áš-qí-lá-šu a-wa-t[ám]","there came a message of Lā-qēpum, addressed to Lalum and you, in which he said: 'Seize (him for) the days he is overdue and claim (an interest of) 1 shekel per mina and make him pay the silver and the interest on it'."
"[KÙ].B-pì-kà mì-li-ik TÚG.HI.A","In his matter you must decide on behalf of us what to do with your silver."
"[ma]-lá Be-lúm-ba-ni e-zi-ba-ku-ni [ba]-tí-iq ù wa-tú-ur [i-na] ni-a-ú-tim-ma: ma-na-im URUDU [x -x]-us-ma dí-in lá i-na-dí-ú KÙ.B.","Sell all the textiles that Bēlum-bāni left behind for you at any price, <gap> for copper by our own 1-mina-weight. It must not be stocked; the silver <gap>"""
"um-ma Hi-na-a-ma a-na E-lá-ma ú A-šur-ṣú-lu-[li] qí-bi-ma 3 né-pí-šu-ú KÙ.B. 40 ma-na šu-qú-ul-ta-šu-nu ù 2 ma-na GUŠKIN i-hu-ur-ší-a-ni ša a-na i-lim: e-ru-ba-at-ni na-dí-i","Thus Hinnāya, say to Elamma and Aššur-ṣulūlī: ""3 packets with silver, weighing 40 minas, and 2 minas of gold – it is in a h. container that has been placed inside the bag -"
"ku-nu-ki-a: A-šur-DÙG DUMU A-šur-[kar-wa] na-áš-a-ku-nu-tí: ku-nu-ki-a A-šur-DÙG li-ip-qí-da-ku-nu-tí-ma i-lúm ša hu-ur-ší-a-num ša-ak-na-at-ni i-na ku-nu-ki-[a] É E-[lá]-m[a li]-bi4-ší","Aššur-ṭāb, son of Aššur-karwa, is bringing you. Aššur-ṭāb must entrust it to you under my seal and the bag in which the huršiānum is placed must remain in Elamma's house under seal."
"1½ DUG a-lá-ni <gap> DUG ra-bi-tim ù 22 ma-na URUDU SIG5 i-li-bi a-lá-ni na-dí-i [k]u-nu-ki-a I-lá-li-ú-ma-an [n]a-áš-a-ku-um","1½ jar of acorns <gap> of a big jar, with 22 minas of refined copper, put there between the acorns, Ilaliuman is bringing to you under my seal."
"DUG a-ha-ma a-lá-ni ku-nu-ki Ša-ak-tù-nu-a na-áš-a-ku-um","Separately a jar with acorns with the seals of Šaktunua he is bringing you."
"a-lá-ni ku-nu-ki-a li-ip-qi-du-ni-ku-m[a] i-na ku-nu-ki-a li-bi-ší","The acorns he must entrust to you under my seal and they must remain under my seal."
"šu-ma (erasure) ELLAT-tám e-ta-ar-ba-a-am <gap> i-li-kà-nim","Should the caravan have already arrived, the <gap> must come here."
"[a-n]a-kam iš-tí ká-ri-im na-am-gu5-ra-ku","Here I have reached an agreement with the colony."
"šu-ma [T]ÚG.HI.A i-š[é-ru]-nim šé-bi4-lá-nim ù šu-m[a lá-ma] sú-<ku>-ur-tim e-ru-bu-nim <gap>","If the textiles are right to you, send them here and if they arrive the suspension of traffic <gap>"""
"um-ma E-la-ma-ma a-na La-qé-ep qí-bi-ma 24 ½ ma-na 5 GÍN KÙ.B. ù ½ ma-na 3 GÍN KÙ.GI i-na pá-ni né-pí-ší-im na-dí: ku-nu-ki-a Šu-Ku-bu-um DUMU Šu-Sú-in na-áš-a-kum","Thus Elamma, say to Lā-qēpum: ""24 minas 25 shekels of silver, with 33 shekels of gold placed at the top of the packet, under my seals, Šu-Kūbum, son of Šu-Suen, is on his way to you."
"KI a-li-ki-im pá-ni-im-ma a-na DUMU um-me-a-nim (erasure) pí-qí-id-ma a-na ṣé-er um-me-a-ni-a ú a-na ša ki-ma i-a-tí a-na a-lim lu-ub-lu","Entrust it to an affiliated trader so that one may bring it with the next caravan to my investors and representatives to the City."
"15 GÍN KÙ.B. a-na I-li-a 2½ ma-na a-na En-um-A-šur ⅓ ma-na a-na [D]a-dí-a","15 shekels of silver for Iliya, 2½ minas for Ennam-Aššur, ⅓ mina for Dadiya"
"<gap> [K]Ù.B. <gap> [áš]-qúl <gap> a-x [i-na hu-ur-š]í-a-nim kà-an-k[u Šu-Ku-bu]-um na-áš-a-kum a-na ṣé-er Da-dí-a ú En-nam-A-šur","of silver paid <gap> are under seal in a huršiānu-container, bum is bringing you; send them to Dadiya and Ennam-Aššur."
"[šé]-bi-il5-šu-nu 5 ma-na ku-nu-ki-a UTU-ba-ni DUMU A-[ki-tim] ub-lá-kum: ša Ša-lim-a-hi-im KÙ.B. ša-bi-ma ší-tí KÙ.B. iš-tí-kà li-ib-ší","5 minas (of silver) under my seal Šamaš-bāni, son of Akutum, brought you, satisfy with that silver the claim of Šalim-ahum and keep the rest with you."
"šu-ma TÚG.HI.A-tí ší-tap-ku-um i-ba-ší ú-ul KÙ.B. ší-tap-kum i-ba-ší ŠÀ.BA qá-tí i-ta-<dí>-a","If there is a possibility to invest textiles or to invest silver, deposit my share by taking it from (this shipment)."
"šu-ma ha-ra-kà a-na Bu-ru-uš-ha-tim i-ba-ší ṣú-ha-ru-um iš-tí-kà-ma li-li-ik lá té-zi-ib-šu","Should your trip to Burušhattum, take place, then let the boy go with you, do not leave him behind."
"A-mur-A-šur DUMU [Ì-li-ba-ni] ṣa-ba-at-ma KÙ.B. (4 signs erased)","Seize Amur-Aššur, son of Ilī-bāni, and make <him> pay the silver."""
"um-ma E-la-ma ù A-šur-dan-ma a-na A-mur-Ištar A-šur-na-da ù Ku-ni-lim qí-bi4-ma 7 ma-na 12 GÍN KÙ.B. I-dí-Ištar ub-lam nu-sà-ni-iq-šu-ma 7 GÍN im-ṭí 13 GÍN i-ma-sà-im im-ṭí","Thus Elamma and Aššur-dān, say to Amur-Ištar, Aššur-nādā, and Kūnilum: ""7 minas 12 shekels of silver Iddin-Ištar brought here. We checked it and it was 7 shekels less, 13 shekels loss by purifying."
"1½ ma-na KÙ.B. a-pá-ni Ištar-pí-lá-ah ra-dí ú-nu-tim ša Hi-na-a nu-šé-bi4-il5 1½ ma-na KÙ.B. a-na DUMU A-ha-tim ra-dí ú-nu-tim ša Ku-ni-lim","We sent 1½ mina silver to meet Ištar-pilah, the transporter of Hinnāya; 1½ mina of silver we sent for the son of Ahātum, the transporter of Kūn-ilum."
"nu-šé-bi4-il5 1 ma-na a-na Bur-Sú-in ra-dí ú-nu-tim ša DAM.GÀR-ri-im E-lá-ma ú-šé-bi4-il5 1/2 ma-na a-na A-šur-dan ra-dí ú-nu-tim ša Hi-na-a","Elamma sent 1 mina for Būr-Suen, the transporter of the tamkārum; ½ mina of silver for Aššur-dān, the transporter of Hinnāya."
"E-lá-ma-ma ú-šé-bi4-il5 ½ ma-na 3 GÍN KÙ.B. a-na I-dí-Sú-in kà-ṣa-ar Kàr-wa-a i-na a-wa-tim i-bu-ni-a-tí-ma ni-dí-šum","Elamma also sent; 33 shekels of silver for Iddin-Suen, the harnesser of Karwāya - we gave it to him because he prevailed over us in a conflict, -"
"ša ni-ip-lá-tim ša ELLAT-at A-šur-iš-ta-kál DUMU Sú-kà-li-a ù 10 GÍN KÙ.B. ša li-bi4-šu a-ni-pí-il5-tí-šu-ma e-ta-kál","from the balance payment of the caravan of Aššuriš-tikal, son of Sukkalliya, and 10 shekels of silver he owes, (for) he used it for his own balance payment."
"kà-ṣa-ru-um ša Hi-na-a ša iš-tù a-lim is-ri-da-ni 3 TÚG-tí-šu a-na bé-ú-lá-tí-šu ú-ṣa-qi-il5-ni-a-tí-ma 4 GÍN 22½ ŠE KÙ.B. ni-pu-ul-šum","As for Hinnāya's harnesser who took care of the transport from the City, he (Hinnāya) paid us (for) his 3 textiles, his working capital, and we balanced him 4⅛ shekels of silver."
"⅓ ma-na ½ GÍN KÙ.B. a-na ú-ku-ul-tí ANŠE.HI.A ša Hi-na-a ú-ku-ul-tí nu-ša-ki-il5","20½ shekels of silver for fodder for Hinnāya's donkeys, we fed (them) this fodder."
"11 GÍN KÙ.B. 1 ma-na AN.NA a-na [qá]-tí Ì-li-ú-ṣa-ra-ni ni-dí-in","11 shekels of silver (and) 1 mina of tin we gave to Ilī-uṣranni for his expenses."
"8 GÍN KÙ.B. a-na Bur-Sú-in ni-kà-sí iš-tí-šu ni-sí-ma a-šu-mì Hi-na-a ú DAM.GÀR ni-dí-šu-um","8 shekels of silver for Būr-Suen; we settled accounts with him and gave it to him in the name of Hinnāya and the tamkārum."
"5 GÍN KÙ.B. a-sí-pá-ra-tim a-na Ištar-pí-lá-ah ra-dí ú-nu-tim ša Hi-na-a nu-šé-bi-il5","5 shekels of silver for siparātum we sent to Ištar-pilah, the transporter of Hinnāya."
"5/6 ma-na LÁ 1 GÍN KÙ.B. ša Hi-na-a E-lá-ma iš-qúl 11 GÍN i-ra-mi-ni-šu iš-qúl-ma 1 ma-na KÙ.B a-na I-dí-Sú-in ra-dí ú-nu-tim ša Hi-na-a ik-nu-uk-ma","49 shekels of silver of Hinnāya Elamma paid; 11 shekels he paid out of his own means and 1 mina of silver he sent under his seal to Iddin-Suen, the transporter of Hinnāya."
"ú-šé-bi4-il5 3 GÍN KÙ.B. a-ha-ma ša iš-ra-tim li-bi4 Hi-na-a E-lá-ma i-šu","Separately 3 shekels of silver of the tithe Hinnāya owes to Elamma."""
"a-na A-šur-re-ṣí Da-dí-a ù En-nam-A-šur qí-bi4-ma um-ma E-la-ma-ma 24 ma-na KÙ.B. ṣa-ru-pá-am ni-is-ha-sú: DIRI ša-du-a-sú ša-bu ku-nu-ki-a Dan-A-šur: na-áš-a-ku-nu-tí","Say to Aššur-rēṣī, Dadiya and Ennam-Aššur, thus Elamma: ""Dān-Aššur is on his way to you with 24 minas of refined silver, its excise added, his transport fee paid."
"šu-ma: AN.NA 15 GÍN.TA ù e-li-iš: 2 GÚ AN.NA ša-ma-nim šu-ma la ki-a-am ku-ta-ni(m) ša-ma-ni-im","If the rate of the tin is 15:1 or even more, then buy 2 talents of tin; if not, then buy kutānu-textiles."
"11⅔ ma-na KÙ.B. TÚG lu-bu-šé ra-qá-tim ù šu-lu-up-ki-e: ša-ma-nim-ma iš-tí pá-ni-[e-ma] šé-bi4-lá-ni[m]","Use 11⅔ minas of silver to buy lubūšu-garments, thin textiles and Šulupkian ones and send them with the next caravan."
"[½] ma-na KÙ.B. be-ú-la-at: Be-lúm-ba-ni šu-ut-ma: na-ší","Half a mina of silver, the working capital of Bēlum-bāni, he himself has with him."
"šu-ma i-nu-mì: lu-qú-tum a-n[i-tu]m ú-ṣí-a-ni: u4-mu-ú kà-šú A-bu-ša-lim: iš-tí ma-[ma-an] i-na a-he-ni: ša ú-ša-lá-ma-šu-nu pí-iq-da-šu-[ma]: lu-ṣa-am","If, when this merchandise leaves, the weather is cool, then entrust Abu-šalim to the care of one of our brothers who will bring them here safely, then he can leave."
"šu-ma u4-mu-ú e-mu-ú la ú-ṣí-a-am","If the weather is hot he must not leave."
"5 GÍN KÙ.B. ša ik-ri-bi4-a a-na Dan-A-šur a-dí-in","I gave 5 shekels of silver of my ikribū to Dān-Aššur."""
"a-na En-nam-A-šùr ù Da-dí-a qí-bi4-ma um-ma E-la-ma-ma 15 ma-na KÙ.B. ni-is-ha-sú DIRI: Kà-ar-wa-a na-áš-a-ku-nu-tí","Say to Ennam-Aššur and Dadiya, thus Elamma: ""15 minas of silver, its excise added, Karwāya is bringing to you."
"15 GÍN KÙ.GI ni-is-ha-sú DIRI ⅔ ma-na KÙ.B. ni-is-ha-sú DIRI A-šur-mu-ta-pì-il5 na-áš-a-ku-nu-tí","15 shekels of gold, its excise added, ⅔ mina of silver, its excise added, Aššur-mūtappil is bringing you."
"⅔ ma-na KÙ.B. a-na A-šur-ta-ak-lá-ku DUMU Lu-ra-áb-a-ku di-na-ma tup-pá-am ša hu-bu-li-a er-ša-šu","Give ⅔ mina of silver to Aššur-taklāku, son of Lū-rab'āku, and ask him for my debt-note."
"šu-ma šu-ut lá-šu-ú E-lá-lí DUMU Sú-a-a ša-zu-uz-tù-šu","If he is not present, Elalī, son of Sūaya, is his representative."
"⅔ ma-na KÙ.B. a-na A-lá-hi-im DUMU E-na-ah-DINGIR šu-uq-lá-šu-ma 1 ma-na KÙ.B. er-ša-šu-ma ša li-bi4-šu a-na li-bi4 ša <É> A.BA ša ba-ri-ni ša A-lá-hi-im ú i-a-tí i-dá-šu ú té-er-ta-ku-nu li-li-kam","Pay ⅔ mina of silver to Ali-ahum, son of Enah-ilī, and ask him for the 1 mina of silver he still owes and add it to that of the paternal estate that belongs to Ali-ahum and me jointly and then report to me."
"šu-ma a-ma-lá té-er-tí pá-ni-tim ša [áš-pu]-ra-ku-nu-<tí>-ni 30 ma-na KÙ.B. ší-ma-am ta-áš-a-ma-nim ŠÀ.BA ša 1 ma-na ší-ma-am ša A-ki-di-é ša-ma-nim","If, following my earlier instruction that I sent to you, you have already purchased 30 minas of silver, then use 1 mina of this amount for buying Akkadian textiles."
"a-na a-ni-im KÙ.B. AN.NA ša-ma-nim","Buy for the present silver tin."""
"a-na um-mi-a-ni-a A-la1-hi-im A-šur-re-[ṣí] Da-dí-a: ù En-nam-A-šur qí-bi4-ma um-ma E-la-ma-<ma> 16⅔ ma-na KÙ.B. ṣa-ru-pá-am ku-nu-ki-a: ni-is-ha-sú DIRI ša-du-a-sú ša-bu A-šur-na-da: na-áš-a-ku-nu-tí","To my principals, Ali-ahum, Aššur-rēṣī, Dadiya and Ennam-Aššur, thus Elamma: ""16⅔ minas of refined silver, under my seals, its excise added, his transport fee paid, Aššur-nādā is bringing to you."
"šu-ma: a-na ma-la té-er-tí: i-li-kà-ku-nu-tí-ni 30 ma-na KÙ.B. a-na ṣí-ib-tim ta-al-qé-a-nim ù ší-ma-am ta-áš-a-ma-nim KÙ.B. a-šar ta-al-qé-a-ni ta-e-ra","If, following my instruction that reached you, you have indeed borrowed 30 minas of silver at interest and you have made purchases (with it) for me, then pay back the silver where you have borrowed it."
"šu-ma la ta-al-qé-a-nim (erasure) a-na KÙ.B. ša A-šur-na-da na-áš-a-ku-nu-tí-ni ku-ta-ni(m) ša-ma-ni-ma ih-da-ma: a-na ba-ra-im li-[ik]-šu-du-nim","If you have not (yet) borrowed it, then buy for me kutānu's for the silver which Aššur-nādā is bringing you and take care that they reach me before the suspension of traffic."""
"KIŠIB Šu-Ku-bi-im DUMU Qá-a-tim KIŠIB En-nam-A-šur DUMU Ú-ṣa-ri-a KIŠIB Šu-Ištar DUMU Da-da-nim KIŠIB A-<<lá>>-šur-lá-ma-sí ša 1 me-at 5 TÚG ku-ta-nu","Seal of Šu-Kūbum, son of Qa'atum, seal of Ennam-Aššur, son of Uṣāriya, seal of Šu-Ištar, son of Dadānum, seal of Aššur-lamassī, concerning 105 kutānu-textiles,"
"4 GÚ 20 ma-na AN.NA ku-nu-ki 40 ma-na AN.NA qá-tim 13 TÚG šu-ru-tum qá-dum ša li-wi-tim 6 ANŠE 4 TÚG ku-ta-ni ša kà-ṣa-re 1 TÚG ku-ta-nu ša Ì-lí-a mi-ma a-nim a-na Lá-qé-pí-im ni-ip-qí-id","4 talents 20 minas of tin under seals, 40 minas of loose tin, 13 dark textiles, including those for wrapping, 6 donkeys, 4 kutānu-textiles of the transporters, 1 kutānu-textile of Iliya - all this we entrusted to Lā-qēpum."
"10 ma-na KÙ.B ṣa-ru-pá-[am] ni-is-ha-sú DIRI ša-du-a-sú ša-bu ša E-lá-ma A-lá-hu-um a-na Ku-da-dim ip-qí-id-ma a-na Èr-ra-ili5 ú Ku-da-dim a-ší-a-ma-tim a-na AN.NA ša-a-mì-im","10 minas of refined silver, its excise added, his transport fee paid, belonging to Elamma, Ali-ahum has entrusted to Kudādum and he has brought it to Erra-ilī and Kudādum for making purchases, to buy tin."
"ú-(erasure)-bi4-il5 KÙ.B ša E-[lá-ma]","The silver belongs to Elamma."
"10 ma-na KÙ.B ni-is-ha-sú DIRI ša-du-a-sú ša-bu ša E-lá-ma A-lá-hu-um a-na A-lá-bi4-im ip-qí-id-ma a-na A-lá-bi(HI)-im Šu-lí ú Èr-ra-ili5 ú-bi4-il5","10 minas of silver, its excise added, his transport fee paid for, belonging to Elamma, Ali-ahum entrusted to Ali-abum and he brought it to Ali-abum, Šuli and Erra-ilī."
"IGI Šu-Ku-bi4-im DUMU Qá-a-tim IGI A-šur-na-da DUMU A-šur-i-dí","In the presence of Šu-Kūbum, son of Qa'atum, of Aššur-nādā, son of Aššur-idī."
"12 TÚG E-lá-ma a-na A-lá-hi-im a-ta-ad-mì-iq-tim i-dí-in IGI A-šur-[na]-[da] IGI Lá-qé-ep","12 textiles Elamma gave to Ali-ahum as a free loan in the presence of Aššur-nādā (and) of La-qēp."
"15 ma-na KÙ.B. ni-is-[ha]-sú DIRI ša-du-a-sú ša-bu a-na I-na-ah-[DINGIR] a-dí-in","15 minas of silver the excise on it extra, his transport fee paid, I gave to Ēnah-ilī."
"2 ma-na KÙ.B. a-na ú-ṭí-tim ša-pá(BE)-ki-im a-dí-šu-um","2 minas of silver for storing barley I gave him."
"½ ma-na KÙ.B. ta-ad-mì-iq-ta-ša 2 GÍN KÙ.B. šé-bu-ul-ta-ša ša Um-mì-Iš-ha-ra","½ mina of silver (from) her free loan, 2 shekels of silver a shipment for Ummī-Išhara."
"13½ GÍN KÙ.B. ta-ad-mì-iq-tù-šu š[a] [B]e-lá-nim","13½ shekels of silver, his free loan for Bēlānum."
"[2] [GÍN š]é-bu-ul-tum ša Puz<ur4>-lá-áb-ra-at","2 shekels a gift for Puzur-Ilabrat."
"mi-ma KÙ.B. a-nim ni-is-ha-sú DIRIG ša-du-a-sú ša-bu I-na-ah-DINGIR ú-bi4-il5","All this silver, the excise on it extra, his transport-fee paid Ēnah-ilī has brought away."
"10 ma-na KÙ.B. ṣa-ru-pu-um ni-is-ha-sú DIRIG ša-du-a-sú ša-bu ša tám-kà-ri-im a-na I-li-a ù ša ki-ma Lá-qé-ep","10 mina of refined silver, its excise added, his transport fee paid, belonging to the merchant, for Iliya and the representatives of Lā-qēp,"
"ù a-ha-ma ⅓ ma-na KÙ.B. ša ta-ad-mì-iq-tí-šu ša I-li-a","and separately ⅓ mina of silver from Iliya's free loan."
"1 GÍN KÙ.B. šé-bu-ul-tù-šu a-na Er-ra-ili5(DAM)","1 shekel of silver, his consignment for Erra-ilī."
"⅓ ma-na KÙ.B. ša 3 TÚG e-pí-šé-e 3 GÍN šé-bu-ul-ta-ša a-na Ši-ša-ra mi-ma a-nim ša Lá-qé-ep","⅓ mina of silver for 3 ēpišu-textiles, 3 shekels of silver, her consignment for Ši-šarra all this of Lā-qēp."
"⅔ ma-na KÙ.B. a-na Da-dí-a ⅓ ma-na a-na En-nam-A-šur ½ ma-na a-na A-šur-re-ṣí 3 GÍN a-na A-šur-re-ṣí ŠUNIGIN2 4 ri-ik-sú ša E-lá-ma mi-ma a-nim ša Lá-qé-ep a-na Šu-Be-lim áp-qí-id","⅔ mina of silver for Dadiya, ⅓ mina for Ennam-Aššur, ½ mina for Aššur-rēṣī, 3 shekels for Aššur-rēṣī, in all 4 packets of Elamma, all this belonging to Lā-qēp I entrusted to Šu-Bēlum."
"IGI A-šur-na-da DUMU A-šùr-i-dí IGI Šu-Sú-in DUMU Šu-Hu-bu-ur","In the presence of Aššur-nādā, son of Aššur-idī, (and) of Šu-Suen, son of Šu-Hubur."
"15 ma-na KÙ.B. ni-is-ha-sú DIRI ša-du-a-sú ša-bu ku-nu-ki-a a-na IŠKUR-pì-lá-ah DUMU A-ni-nim áp-qí-id","15 shekels of silver its excise added, his transport fee paid, under my seal I entrusted to Adad-pilah, son of Anīnum."
"IGI Šu-Ištar DUMU Šu-ki-tim IGI A-šur-ma-lik DUMU Ša-ba-ha-nim","In the presence of Šukutum (and) of Aššur-mālik, son of Šabahānum."
"30 ma-na KÙ.B. ṣa-[ru-pá-am] ni-is-ha-sú DIRI ša-[du-a-sú] ša-bu ku-nu-ki-<a> a-na E[n-um-A-šur] DUMU Ú-ṣa-ri-a áp-q[i-id] IGI Puzur4-IŠKUR D[UMU x x x x] IGI Kur-ub-Ištar","30 minas of refined silver, its excise added, his transport fee paid, under <my> seals, I entrusted to Ennam-Aššur, son of Uṣāriya, in the presence of Puzur-Adad, son of <gap>, and of Kurub-Ištar."
"7 GÍN [KÙ.B.] a-na qá-tí-šu a-dí-in: [Ø]","7 shekels of I gave him for his expenses."
"15 ma-na KÙ.B. ni-is-h[a-sú DIRI] ša-du-a-sú ša-bu ku-nu-[ki-a] a-na IŠKUR-pí-la-ah DUMU A-[ni]-[nim] áp-qí-id IGI Šu-Ištar DUMU Šu-[ki-tim] IGI A-šur-ma-lik DUMU Ša-ba-ha-ni[m]","15 minas of silver, its excise added, his transport fee paid, under my seal, I entrusted to Adad-pilah, son of Anīnum, in the presence of Šu-Ištar, son of Šukutum, and of Aššur-mālik, son of Šabahānum."
"30 ma-na KÙ.B. ṣa-ru-pá-am ni-is-ha-sú DIRI ša-du-a-s[ú] ša-bu ku-nu-ki-a a-na A-šur-SI[PA] DUMU I-dí-Ištar áp-qí-id IGI Šu-Ku-bi4-im DUMU Ú-zu-[a] IGI DUMU Kur-ub-Ištar DUMU MAR.T[U-ba-ni] 3 GÍN KÙ.B. [a]-na qá-tí-šu a-[dí-in]","30 minas of refined silver, its excise added, his transport fee paid, under my seal, I entrusted to Aššur-rē'ī, son of Iddin-Ištar, in the presence of Šu-Kūbum, son of Uzua, and of the son of Kurub-Ištar, son of Amurrum-bāni; 3 shekels of silver I gave for his expenses."
"1/3 ma-na 5 GÍN KÙ.B. [be-ú-lá-sú] 10 GÍN ša da-[a-tim] ša sú-ha-ri-kà: a-x [ 7 GÍN KÙ.B. a-na [Šu-x][x (x)] a-na Ba-ra-nim: iš-[ku-un/qú-ul]","25 shekels of silver, 10 shekels for the road-tax of your servant <gap> 7 shekels of silver for Šu-<gap> he paid/provided to/for Barānum."
"ŠUNIGIN2 ⅔ ma-na 2 GÍN K[Ù.B.] ni-is-ha-sú DIRI a-na E[n-um-A-šur]","In all 42 shekels of silver, its excise added, for En."
"10 GÍN KÙ.B. ni-is-ha-sú DIRI[I] a-na Pí-la-ah-Ištar DUMU [I]-[bi-sú-a]","10 shekels of silver, its excise added, for Pilah-Ištar, son of I;"
"½ ma-na 7 GÍN KÙ.B. ší-[im 2 TÚG.HI- tí-šu] a-na Da-dí-a ½ ma-na 7 [GÍN KÙ.B.] ší-im 2 TÚG.HI-tí-šu a-na E[n-um-A-šur]","27 shekels of silver, the price of 2 textiles of his for Dadiya; 27, the price of 2 textiles of his for En;"
"5/6 ma-na 2 GÍN KÙ.B. ší-i[m 4 TÚG.HI- a-na A-šur-re-ṣí 1 ri-i[k-sú-um] / [tí-šu] ½ ma-na 5 GÍN KÙ.B. a-n[a] A-šur-kà-ší-id Šu-S[ú-en] ú A-šur-i-dí ú-[ra-dí /šé-bi4-il5]","52 shekels of silver, the price of 4 textiles of his for Aššur-rēṣī; one bundle with 25 shekels of silver for Aššur-kašid, Šu-Suen and Aššur-idī I ;"
"⅓ ma-na LÁ 1 GÍN K[Ù.B. a-na] A-šur-SIPA ½ ma-na KÙ.B. ša Lá-ma-si-tim *[x x x] ša ik-ri-bi ša [x x (x)]","19 shekels of silver for Aššur-rē'ī; ½ mina of silver of Lamassutum <gap>, being temple property of <gap>;"
"10 GÍN KÙ.B. šé-bu-[ul-tum] a-na Um-mì-Iš-h[a-ra x KÙ.B.] a-na Ì-lí-úṣ-[ra-ni] 4 GÍN KÙ.B. ša [x x x x (x)] a-na Um-mì-Iš-[ha-ra]","10 shekels of silver, consignment for Ummī-Išhara; x silver for Ilī-uṣ; 4 shekels of silver of <gap> for Ummī-Išhara;"
"1½ GÍN KÙ.B. ša Lá-ma-si-tim a-na Um-mì-Iš-ha-ra 1 GÍN KÙ.B. a-na Be-lu-lu 1 GÍN KÙ.B. a-na Na-ar-am-tim 1 GÍN KÙ.B. a-na Bu-ṣú-ú ½ GÍN KÙ.B. a-na ME-la-áb-ra-at","1½ shekel of silver of Lamassutum for Ummī-Išhara; 1 shekel of silver for Bēlulu; 1 shekel of silver for Nar'amtum; 1 shekel of silver for Buṣū; ½ shekel of silver for ME-labrat."
"mi-ma a-nim ku-nu-ki-a A-šur-SIPA áp-qí-id-ma a-na a-lim ú-bi-il5","All this, under my seals, I entrusted to Aššur-rē'ī and he brought it away to the City."
"1 né-pí-šu-um 10 ma-na KÙ.B. ni-is-ha-sú DIRI ša-du-a-sú: ša-bu i-a-um a-na um-mì-a-ni-a AN.NA i-ša-ú-mu-nim","1 packet of 10 minas of silver, its excise added, his transport fee paid, belonging to me, for my investors; they will buy (with it) tin for me."
"5 ma-na KÙ.B. a-ha-ma ni-is-ha-sú DIRI ša-du-a-sú ša-bu ša DAM.GÀR ku-ta-ni i-ša-ú-mu-nim 1 ri-ik-sú-um ší-im 2 ku-ta-ni-šu a-na Ha-ti-a","Separately 5 minas of silver, its excise added his transport fee paid, belonging to tamkārum. They will buy kutānu-textiles for me. One bundle (of silver), the price paid for 2 kutānu of his, for Hatiya; one bundle"
"1 ri-ik-sú-um ½ ma-na 5 GÍN ší-im ku-ta-nim a-na I-li-a 1 ri-ik-sú-um ⅓ ma-na a-na Né-er-am-tim 1 ri-ik-sú-um ⅓ ma-na a-Ší-ma-at-Ištar","(containing) 35 shekels (of silver), the price paid for a kutānum, for Iliya; 1 bundle containing ⅓ mina for Ner'amtum; one bundle containing ⅓ mina for Šīmat-Ištar;"
"13 GÍN a-na Kur-ub-Ištar mì-ma a-nim a-na A-šur-lá-ma-sí áp-qi-id IGI A-mur-Ištar IGI A-šùr-na-da","13 shekels (of silver) for Kurub-Ištar. All this I entrusted to Aššur-lamassī, in the presence of Amur-Ištar, (and) of Aššur-nādā."
"15 ma-na KÙ.B. ni-is-ha-sú DIRI ša-du-a-sú ša-bu Kàr-wa-a: a-na um-mi-a-ni-a ú-bi4-il5 IGI A-ni-<ni>-im DUMU [Šu-Hu-[bur]] IGI A-šur-iš-tí-kál DUMU A-šur-PA+LU","15 minas of silver, its excise added, his transport fee paid, Karwāya brought to my investors, witnessed by Anīnum, son of Šu-Hubur, by Aššuriš-tikal, son of Aššur-rē'ī."
"15 GÍN KÙ.GI ni-is-ha-sú DIRI ša-du-a-sú [ša-bu] a-ṣé-er En-nam-A-šur A-šur-re-ṣí ú Da-dí-a","15 shekels of gold, its excise added, his transport fee paid, to the address of Ennam-Aššur, Aššur-rēṣī and Dadiya."
"⅔ ma-na KÙ.B. ni-is-ha-sú DIRI ša-du-a-sú ša-bu a-na A-šur-ta-ak-lá-ku DUMU Lu-ra-bi4-a-ku","⅔ mina of silver, its import tax added, his transport fee paid, for Aššur-taklāku, son of Lū-rabiāku."
"5 GÍN KÙ.B. a-na Um-mi-Iš-ha-ra šé-bu-ul-ta-ša 4 GÍN KÙ.B. ša Lá-ma-sà-tim a-na Um-mi-Iš-ha-ra 1 GÍN KÙ.B. a-na Bu-ṣú-a mi-ma a-nim A-šur-mu-ta-pí-il5","5 shekels of silver for Ummī-Išhara, her consignment; 4 shekels of silver of Lamassatum for Ummī-Išhara; 1 shekel of silver for Buṣua - all this Aššur-mūtappil brought;"
"ú-bi4-il5 4 GÍN KÙ.B. a-qá-tí-šu 3 GÍN KÙ.B. Sà-sí-a 3 GÍN KÙ.B. Lá-qé-pu-um DUMU I-tur4-DINGIR a-na Um-mi-Iš-ha-ra","4 shekels of silver for his use, 3 shekels of silver Sāsiya (and) 3 shekels of silver La-qēpum, son of Itūr-ilī, brought to Ummī-Išhara;"
"ub-lu ki-tí-am DUMU Ku-na-a ú-bi4-il5-ší-im 1 ma-na KÙ.B. ni-is-ha-sú DIRI ša-du-a-sú ša-bu a-na um-mì-a-ni-a 6 ma-na KÙ.B. ša-du-a-sú ša-bu a-na A-šur-i-mi-tí DUMU I-ku-a","one <gap> the son of Kunnaya brought for her. 1 mina of silver, its excise added, his transport fee paid, for my investors; 6 minas of silver his transport fee paid, for Aššur-imittī, son of Ikua;"
"17 ma-na 8 GÍN KÙ.B. ša-du-a-sú ša-bu ša i-a-tí ú Kurub-Ištar a-ṣé-er A-lá-hi-im ú Da-dí-a mi-ma [a-nim]: Šál-ma-A-šur ú-bi4-[il5] IGI Šu-Ku-bi-im DUMU A-zu","17 minas 8 shekels of silver, its transport fee paid, belonging to me and Kurub-Ištar to the address of Ali-ahum and Dadiya - all this Šallim-Aššur brought, in the presence of Šu-Kūbum, son of Azu,"
"IGI Puzur4-[SA.T]U 17 ½ ma-na KÙ.B. ni-is-ha-sú DIRI ša-du-a-sú ša-bu ša i-a-tí ú Kurub-Ištar a-ṣé-er A-lá-hi-im ú Da-dí-a A-šur-na-da ú-bi4-il5","of Puzur-šadu'e. 17 ½ minas of silver, its excise added, his tranport fee paid, belonging me and Kurub-Ištar, Aššur-nādā brought to Ali-ahum and Dadiya."
"2 GÍN KÙ.B. a-na Um-mì-Iš-ha-ra IGI Iṣ-mi-id-DINGIR IGI Šu-ma-bi-a DUMU Puzur4-A-šur","2 shekels of silver for Ummī-Išhara, in the presence of Iṣmid-ilī, of Šumi-abiya, son of Puzur-Aššur."
"30 ma-na KÙ.[B.] ni-is-ha-sú [DIRI] ša-du-a-sú š[a-bu] ku-nu-ki-a: a-na u[m-mi-a]-n[i-a] ša ki-ma i-a-tí ù Hi-na-a Šu-Ku-bu-um ú-bi4-il5","30 minas of silver, its excise, his transport fee paid, under my seals, Šu-Kūbum brought to my investors and my representatives and to Hinnāya. (Entrusted to him)"
"IGI A-mur-UTU DUMU Mi-šar-ra-bí IGI A-mur-UTU DUMU Ha-ri-im-tim","in the presence of Amur-Šamaš, son of Mīšar-rabi, of Amur-Šamaš, son of Harimtum."
"2 ma-na KÙ.B. i-a-am 1 ma-na KÙ.B. ša Hi-na-a a-pá-ni ILLAT-tim","2 minas of silver belonging to me; 1 mina of silver belonging to Hinnāya, (sent) to meet the caravan;"
"1½ ma-na [KÙ].B. ša Um-mi-I[š]-ha-ra","1½ mina of silver of Ummī-Išhara;"
"15 GÍN KÙ.KI š[a Lá]-ma-si-t[im] ú A-šur-iš-tí-[kál] Š[À].BA ½ ma-na 5 GÍN ša Lá-ma-s[i-tim] 1/3 ma-na 5 GÍN [KÙ.B.] ša ik-ri-[bi-a]","15 shekels of gold of Lamassutum and Aššuriš-tikal, thereof 35 shekels of silver of Lamassutum (and?) 25 shekels of being temple funds -"
"mi-ma a-n[im] ni-is-ha-[sú DIRI] ša-du-a-[sú ša-bu] ku-nu-ki-a: a-ša ki-ma i-a-tí Šu-Ku-bu-um ú-bi4-il5 IGI Lá-qé-ep DUMU I-zi-za-am-i-lí IGI A-šur-na-da","all this, its import tax, his transport fee, under my seals, Šu-Kūbum brought to my representatives. In the presence of Lā-qēp, son of Izzizam-ilī, of Aššur-nādā."
"um-ma E-lá-ma-ma a-na A-šur-re-ṣí-ma a-na I-li-a ù ku-wa-tí A-lá-hu-um ú a-na-ku ni-iš-pu-ra-ku-nu-tí","Thus Elamma, <say> to Aššur-rēṣī: Ali-ahum and I myself we wrote a letter to Iliya and to you in which we said:"
"um-ma né-nu-ma: i-na lu-qú-tim ša É a-bi4-ni ki-iš-da-tí-ni ší-ma-am ša-ma-nim-ma a-na ṣé-er A-lá-hi-im ú i-a-tí šé-bi4-lá-nim mí-šu-um ší-ma-am lá ta-áš-[ta-ma-nim]","'Make purchases with what accrues to us as (the yield of) the merchandise of our paternal house and send them to Ali-ahum and me'. Why have you failed to make purchases?"
"um-ma A-šur-re-ṣí-ma a-ma-lá té-er-tí A-lá-hi-im [x x x t]ám i-na ba-áb: x <gap>","Aššur-rēṣī told (me): ""In accordance with Ali-ahum's instruction <gap> in the gate <gap>"
"2 ma-na 8 GÍN KÙ.B. E-lá-ma ù Ša-lim-a-hu-um 1½ ma-na 3½ GÍN E-lá-ma i-na ILLAT Id-na-a: Ì-li-a-lim ù A-šur-i-dí i-na É.GAL-lim na-ad-ú 4⅔ ma-na","2 minas 8 shekels of silver (of) Elamma and Šalim-ahum, 33½ shekels (of silver) of Elamma from the caravan of Idnaya, Ilī-ālum and Aššur-idī have deposited in the palace. 4⅔ minas Elamma"
"E-lá-ma ù A-la1-hu-um i-na ILLAT Lá-qé-ep DUMU Qá-a-tim na-ad-ú 2½ ma-na 8 GÍN E-lá-ma Hi-na-a ù A-šùr-kà-ší-id i-na ILLAT Šu-A-nim ad-mu-ú","and Ali-ahum have deposited in the caravan of Lā-qēp, son of Qa'atum. 2 minas 38 shekels (of silver) Elamma, Hinnāya and Aššur-kašid have as share in the caravan of Šu-Anum."
"15¼ GÍN E-lá-ma i-na ILLAT A-lá-hi-im ù Bu-ṣí-a a-dí-im","15¼ shekels Elamma has as share in the caravan of Ali-ahum and Buṣiya."
"2 ma-na 8 GÍN E-lá-ma i-na ILLAT A-zu-za ù A-šùr-iš-tí-kál a-dí-im","2 minas 8 shekels Elamma has as share in the caravan of Azuza and Iliš-tikal."
"4 ma-na LÁ 2 GÍN i-na ILLAT Pu-šu-ke-en6 ad-ma-ku (erasure)","4 minas minus 2 shekels I have as share in the caravan of Pūšu-kēn."
"a-ha-ma 13 GÍN i-qá-tí Lá-qé-ep a-lá-qé","Separately I will receive 13 shekels from the part of Lā-qēp."
"ša 3 LÁ ¼ TÚG ku-ta-nim 5/6 ma-na 5 GÍN KÙ.B. i-na ILLAT-at En-um-A-šur DUMU Ba-sá-sá ù En-líl-ba-ni i-na É.GAL-lim E-lá-ma a-dí-im","For 2¾ kutānu-textiles Elamma is entitled to 55 shekels of silver in the palace from the caravan of Ennam-Aššur, son of Basasa, and from Enlil-bāni."
"1 ma-na KÙ.GI i-na na-ru-qi-šu ša A-la-hi-im ni-a-im ad-ma-ku","1 mina of gold I have as investment share in the joint-stock capital of our Ali-ahum."
"4 ma-na LÁ 10 GÍN KÙ.B. ṣa-ru-pá-am i-a-am A-šùr-ma-lik DUMU A-šùr-UTU ki-ma i-a-tí a-na Hi-na-a ú-šé-bi4-il5-ma","3 minas and 50 shekels of refined silver, belonging to myself, I had Aššur-mālik, son of Aššur-šamšī, in my name bring to Hinnāya and then"
"ù i-na té-er-tí-a um-ma a-na-ku-ma a-na [Hi]-na-a-ma a-na [na]-ru-qi-kà le-[qé]-šu-ma KÙ.GI lu-up-<ta>-am","I also told Hinnāya in my instruction: ""Take it for your joint-stock capital and book the gold as being mine""."
"1 ma-na KÙ.GI ad-ma-ak-šu-um","I have now an investment share with him of 1 mina of gold."
"um-ma I-li-a A-šur-re-ṣí En-nam-A-šur ù Da-dí-a-ma a-na E-la-ma qí-bi4-ma 5/6 ma-na LÁ 2 GÍN KÙ.B. ša KÙ A-la1-hi-im ša li-bi4 na-ru-qí-kà ni-il5-qé-a-šu-ma: ší-ma-am ni-iš-a-ma: Ku-na-a: ú-šé-bi4-lá(A)-kum","Thus Iliya, Aššur-rēṣī, Ennam-Aššur and Dadiya, say to Elamma: ""48 shekels of silver, which is silver of Ali-ahum that is part of your joint-stock fund, we took it and made purchases with it and Kunnaya has sent them to you."
"1 ma-na KÙ.GI ša a-na A-lá-hi-im a-ta ša-áp-kà-tí-ni 1 2/3 ma-na KÙ.B. ni-il5-qé-ma ší-ma-am ni-iš-a-ma A-šur-lá-ma-sí ú-šé-ri-a-kum","(As for) the 1 mina of gold you yourself have invested with Ali-ahum, we collected 1 2/3 mina of silver and made purchases and Aššur-lamassī has brought them to you."
"1/3 ma-na KÙ.B. ša ší-im ANŠE.HI.A ša a-na A-lá-hi-im tù-šé-bi4-lá-ni a-na li-bi4 lu-qú-tí-kà na-dí En-nam-A-šur ù Šu-Ištar DUMU Da-da-nim ú-šé-ṣ[i2]-ú-ni-kum","1/3 mina of silver of the price of the donkeys you sent to Ali-ahum has been added to your merchandise; Ennam-Aššur and Šu-Ištar, son of Dadānum, have shipped it off to you."
"20 ma-na URUDU iš-tí DINGIR-ba-ni 8 ma-na URUDU iš-tí Ah-ma-a ni-il5-qé-ma 4 TÚG šu-ru-tim ni-iš-a-ma En-nam-A-šur ù Šu-Ištar DUMU Da-da-nim ub-lu-ni-kum a-šu-mì","We collected 20 minas of copper from Ilī-bāni and 8 minas of copper from Ahmaya and we bought (with it) dark textiles; Ennam-Aššur and Šu-Ištar, son of Dadānum, have brought it to you. As for the silver"
"KÙ.B. ša É A.BA ša na-ru-uq A-la1-hi-im ša ta-áš-pu-ra-ni qá-at-kà ù qá-sú ša A-la1-hi-im A-šur-DÙG il5-qé ší-ma-am iš-a-ma ú-šé-ṣí né-nu mì-ma ú-lá ni-il5-qé","of the paternal house that is (in) the joint-stock capital of Ali-ahum, about which you wrote – Aššur-ṭāb took your and Ali-ahum's part (and) he made purchases (with it) and shipped them off. We ourselves did not receive/take anything."
"2 1/2 ma-na GUŠKIN I-li-a 2 ma-na A-la-hu-um 2 ma-na Šu-La-ba-an 1 1/3 ma-na Ku-ni-la DUMU.MUNUS En-nam-A-šur 1 2/3 ma-na DAM.GÀR-ru-um","2 ½ mins of gold Iliya, 2 minas Ali-ahum, 2 minas Šu-Labān, 1 1/3 mina Kunila, daughter of Ennam-Aššur, 1 2/3 mina tamkārum,"
"1 ma-na 12 GÍN A-la-hu-um ù E-la-ma 1 ma-na 12 GÍN A-mur-Ištar ŠEŠ-šu 1 ma-na ša na-ru-uq A-mur-Ištar 1 ma-na 12 GÍN ša-li-sú 1 1/2 ma-na ša na-ru-qí-šu","1 mina 12 shekels Ali-ahum and Elamma, 1 mina 12 shekels his brother Amur-Ištar, 1 mina of the naruqqum of Amur-Ištar, 1 mina 12 shekels his cash funds, 1 ½ mina of his naruqqum"
"Hi-na-a 3 ½ ma-na DAM.GÀR-ru-um 3 ma-na DAM.GÀR-ru-um 2 ma-na DAM.GÀR-ru-um 3 2/3 ma-na 5 GÍN E-lá-ma","Hinnāya, 3 ½ minas tamkārum, 3 minas tamkārum, 2 minas tamkārum, 3 ¾ minas Elamma -"
"ŠU.NIGIN 27 5/6 ma-na 1 GÍN GUŠKIN na-ru-uq E-lá-ma e-ra-áb i-na nè-mì-lim ša-al-ša-tim e-kà-al a-na ša-al-ša-tim i-za-az","in all 27 5/6 minas 1 shekel of gold enters the joint-stock fund of Elamma. Of the profit he will enjoy one third, one third he will guarantee."
"a-na MU.10.ŠÈ ni-kà-sí i-da-an ša i-lá u4-me-šu ma-al-ú-tim ší-ip-kà-tí-šu e-ri-šu 4 ma-na.TA i-lá-qé","In 10 years he will render account. Who asks for his investment before its due date will receive 4 minas per (mina of gold)."
"1 li-im 5 me-at ŠE 2 sú-ub-ru-um zi-tum lu ku-ur-sí-na-tum mì-ma a-nim ša-al-ṭí li-mu-um Ib-ni-IŠKUR DUMU Ba-qú-ni-im","1500 measures of barley, 2 slaves, the share (in the inheritance) and (what is in) the various 'pots' - all this is my available capital. Eponymy of Ibni-Adad, son of Baqqunum."
"2 GÚ 40 ma-na KÙ.B. 5 li-me ŠE-um 30 DUG ù 40 DUG: ba-áb-tám","Two talents and 40 minas of silver, 5000 measures of barley, 30 jars plus 40 jars outstanding claims;"
"i-na a-lim: 10 šu-ba-tim qá-qí-[r]i: É-tám: ep-ša-am É Dí-[la]2-a: 60 TÚG.HI.A e-pí-š[u] ša-na-tim sí-pá-[r]1: ú sú-ub-ra-am ša É a-bi-ni: zu-a-za-am qá-bi-a-ni-ni: a-na","in the City a plot of 10 šubātum, a built house, the house of Dilaya(?); 60 textiles, rugs, pitchers, bronze objects and slaves - (are) the estate of our father which we have promised / been ordered to divide."
"a-i-tim: ba-lu-a ta-ak-bu-ús","Why have you suppressed (it) without me?"
"um-ma A-lá-hu-um-ma a-šu-mì e-li-tí-a ù e-li-tí-kà la ha-a-ṭim ak-bu-ús","Ali-ahum answered: ""In order to prevent my and your extra share from being inspected I have suppressed it."""
"um-ma E-la-ma-ma e-li-tí-ma-mì-in lu-bi-il-ma: i-na É a-bi-a: zi-tí: lá-zu-úz-ma KÙ.GI 1 GÚ: a-na u4-mì-im a-nim: kà-áš-da-ku-mì-in","Elamma answered: ""If only I could have taken along my own extra share and had obtained my share in my father's estate, then by this day I would have had at my disposal one talent of gold!"
"ki-ma ik-bu-sa1-ni-ni ša ni-iš: a-lim ta-mu-ú: lu ú-kà-al","That he repressed me, I wish to retain as (a statement) made with an oath by the City!"""
"IGI E-di-na-a","In the presence of Eddināya,"
