id,akkadian,english,source_ref,letter_num,genre
861e5a50-3f55-4824-b2c9-9e6d148b197e,um-ma wa-ak-lúm-ma a-na kà-ar a-na kà-rim kà-ni-iš qí-bi-ma a-wi-lu-um ša a-wa-tám la-mu-tám <big_gap> a <gap> GÍN <gap> ma <gap> za az ki <big_gap> <gap> ší-bi <big_gap> ú-šé-lu <big_gap> KI ší-bu-tim <big_gap> i-<gap> <big_gap> <gap> ša <big_gap> ša a-na a-wa-tim a-ni-a-tim a-na a-lim{ki} i-la-kà-ni ú-la i-ba-lu-uṭ DUB-pu-um a-ni-um a-na <gap>-<gap> <gap>-a-im i-ba-al-ki-it a-wa-at DUB-pí-im a-nim <gap> uṣ-ra-ma i-na kà-ar me-eḫ-ra-at DUB-pí-im ša-áš-me-a <big_gap> a-na kà-ri-im kà-ni-iš li-ik-šu-da-ma li-iš-pu-ra-am,"\n[Thus] I (speak) the wa[klum]: say[s] to all [the] kdrum, in particular to the kdrum of Kan[iš].\n4—""A man who would pronounce bad [p]aro-\nles [... ], 1 century [... ]94 They produced witnesses [... ]\nWith the testimonies [...] who comes to the City for these words, must not remain alive95\nThis tablet[e] was sent for [...] Keep the original of this tablet96 [and make heard]re97 in\ntall the copies of this tablet [...]","TC 1, 142",1,administrative regulation
93040b8b-6de2-48b9-8ad8-5587252fabfc,um-ma wa-ak-lúm-ma a-na kà-ri-im kà-ni-iš{ki} qí-bi-ma a-lu-um dì-nam i-na ḫa-am-ri-im i-dí-in-ma im-dí-DINGIR DUMU šu-la-ba-an <big_gap> PA.DU-am e-ḫa-az-ma a-na kà-ri-im kà-ni-ìš{ki} i-ša-pár-ma lu i-na lu-qú-tim lu i-na ba-áb-tim lu KÙ.BABBAR <big_gap> <gap>-<big_gap> ša kur-ub-<big_gap> ma-<big_gap> a-mur-<gap>-<big_gap>-im <big_gap>-<gap> <big_gap> im-dí-DINGIR <big_gap>-na <big_gap> ú-<big_gap> a-<big_gap> ša-<big_gap> ba-<gap>-<big_gap> iš-<big_gap>-<gap> <big_gap>-šu <big_gap>-<gap>-ma <big_gap>-ša-qal <big_gap>-im <big_gap> <gap>-<big_gap> li-mu-um šu-{d}EN.ZU DUMU pá-pí-li-im kà-ru-um e-mu-uq PA.DU-ṣi-im bu-ṣí-a DUMU id-na-a,"\nThus (speaks) the waklum: say to the kdrum of Kanis.\n3-5The City has rendered judgment in the sacred enclosure.\n5-1Ilcodilum, son of Sa-Laban, will take a lawyer, and he\nwill send him to the kdrum of Kanis, and either on the merchandise, or\non the goods sold on credit, or the money (... lacuna)I°2\nI"" —8"" Month : [... ], eponym of Sa-Sin, son of Pappilum\n(n°103), the kdrum (will be) the executive power of the attorney, that is to say of the attorney Busiya, son of Idnâya.\n","ICK 1, 182",6,unknown
183787c7-630e-7e21-0081-721f16dfbecb,um-ma wa-ak-lúm-ma a-na en-na-sú-en₆ ú-ṣú-ur-ša-IŠTAR ù a-du-da qí-bi₄-ma 6 GÚ ù it-ra-sú AN.NA 12 TÚG ša li-wi-tim 3 ANŠE ṣa-lá-me en-um-a-šur i-ra-de₈-a-ku-nu-tí me-er-ú-i-a a-tù-nu a-ma-kam ki-ma a ra-ma-na-tí-ku-nu tù-u-ta-ma-ra-ṣa-ni AN.NA-ki dí-na a-du-da lá tù-qá-a-a AN.NA 0.5 GÍN zi-tí-šu ki-ma i-za-zu et-qá-ma dí-na KÙ.BABBAR a-du-da li-ik-šu-da-am IGI a-šur ú i-li-a a-kà-ra-ba-ku-nu-tí 1 me-at 50 {TÚG}ku-ta-ni a-na kà-ri-im tù-ur-ḫu-mì-it en-um-a-šur na-ší a-ma-kam la i-sá-ḫu-ur ṭù-ur-da-šu,"\nThus (speaks) the waklum: tell Enna-Sîna, Usur-sa-Istar\net Adudab.\n5-8Ennum-Aššur leads you 3 black donkeys (laden\nd) 6 talents of tin and its surplus, as well as 12 cloths\nwrapping.\n9-18You (are) my sons. There you must go to as much trouble to sell my tin as if (it were) for your own (goods). Don't wait for Aduda.\nSell the tin up to 2 shekelI03 above the\nlist price. As soon as it becomes available, go out and sell it. Let Aduda get the money.\n19-26 I\nASSur is carrying 150 kut[an]umc cloths for the kdrum\ndof Durhumit. He must not linger there, send him back!\n","AKT 2, 22",8,letter
145a1249-297d-6e2a-f427-364668b3a730,um-ma wa-ak-lúm-ma a-na ás-qú-dim DUMU a-bu-ša-lim qí-bí-ma uš-tù ma-lá-šu u₄-me tù-ṣí-ma té-er-ta-kà-ma lá i-li-kam me-ra-kà i-li-kam-ma KÙ.BABBAR 40 ma-na ub-lá-ma ú-lá iq-bi-a-am i ki-dim ší-a-ma-tim AN.NA iš-a-ma ú-šé-ṣí-a-ku-um <big_gap> <gap>-me <big_gap> <gap>-tí-šu KÙ.BABBAR mì-šu lá tù-šé-ba-lam i-ḫi-id-ma KÙ.BABBAR šé-bi₄-lam lá a-ša-pá-ra-ma i kà-ri-im lá ú-qá-lu-lu-kà a-dí ma-lá ú 2-šé-ni-šu qá-at-kà dí-ni ṭup-pá-am-ma pá-na-kam lá tù-šé-bi₄-lam i-ḫi-id šé-bi₄-lam,"\nThus (speaks) the waklum: tell Asqudum, son of Abu-\nsalima.\n3-12In all the time that you have been gone, no message from you has reached me. Your son came and brought money amounting to 40 mins, but he didn't tell me anything! He made purchases of [tin] outside\n(the City) and [shipped] it to you [...] (gap)\n15-19Why don't you send me money? Make sure you\nsend me money, otherwise I will write and they will discreet you in the kârumb!\n20-24You have changed your attitude several times. You didn't even send me a one-inch tabletcloa Make sure to send me some.\n","CCT 4, 32a",9,letter
10d903fd-fdd5-38ce-a725-07cf230355d6,um-ma wa-ak-lúm-ma a-na pu-šu-ke-en₆ qí-bi-ma ta-áš-pu-ra-am um-ma a-ta-ma 5 ma-na KÙ.BABBAR ša ás-qú-dim a-na-kam aṣ-ba-at ù 10 ma-na a-na ṣí-ib-tim al-qé-ma KÙ.BABBAR ú-šé-bi₄-lá-ku-um lu-qú-tám ša ás-qú-dim ša ú-ṣa-bi-tù a-na KÙ.BABBAR ú-ta-ar-ma KÙ.BABBAR ša ṣí-ib-tim ú-ta-ar-ma ší-tí KÙ.BABBAR-pì-kà ú-šé-ba-lá-ku-um 2 GÚ 5 ma-na AN.NA 30 ku-ta-ni 2 ANŠE ṣa-lá-me 5 ma-na 5 GÍN ḫu-sà-ra-am SIG₅ wa-at-ra-am 11 GÍN a-mu-tum ki-iṣ-ru-um mì-ma a-ni-im a-na ás-qú-dim a-bi-i i-dí-in IGI a-šùr ù i-li-a a-kà-ra-ba-kum me-er-i a-ta ki-ma a-na KÙ.BABBAR-pì-kà 1 GÍN tù-uš-ta-ma-ru-ṣú i-ḫi-id-ma a-dí 1 GÚ KÙ.BABBAR ù e-li-iš a-lik-ma KÙ.BABBAR-áp a-wi-lim ṣa-bi-it ṭup-pì tù-kà-al ša a-na e-ta-lu-tí-kà a-na-ku-ma ṭup-pì-a ta-ṣa-bu-tù a-wi-lúm šé-ṭù-ti a-bi₄-a ù šé-ṭù-tí il₅-té-qé šu-ta-am-ri-iṣ-ma ma-la ta-ga-mì-li-ni e-pu-uš 2 ṣú-ḫa-ri-a uš-tí-mì-it ù KÙ.BABBAR ap-ku-nu i-ta-ba-al a-na tí-mì-il₅-ki-a tí-i-ir-tí i-ta-lá-ak ù a-ta a-ma-nu-um šu-pu-ur-šu-nu-tí-ma KÙ.BABBAR-pí a-na ṣé-ri-kà lu-šé-bi₄-lu-nim KÙ.BABBAR 1 GÍN lá i-be-e-lu-nim i-šar-be-lí ṣú-ḫa-ri iš-tí ás-qú-dim wa-ša-áb i-ḫi-id-ma i pá-ni-im-ma šé-ri-a-šu,"\nThus (speaks) the waklum: tell Piu-kén.\n3-11111 wrote to me thus: “Here I seized 5 silver mines\nbelonging to Asqudum and I also took 10 mines against\ninterest and I sent you the money. (As for) the merchandise\nd""Asqudum that I have seized, I will sell it for money\nain order to return the money (which I borrowed) against interest,\nand I will send you the rest of your money!""\n12-17/There were) 2 talents 5 mines of tin, 30 (clothes)-\nkutânnm,\nl\n2 black donkeys, 5 mines 5 shekels of lapis lazulia of excellent quality, 11 shekels of iron-amütumb (in one) block, all this (which) my father had given to Asqudum.\n17-23You (are) my son for whom I pray to Aššur and my god Then seize the money of the man (Asqudum), going after each shekel, in. giving you as much trouble as you do for a talent of your money.\n24-30You hold my tablet so that you can seize (the money) with determination according to (the terms) of my\ntablets. The man treated my father and myself with contempt. Take pains and act to be of service to me.\n31-38He caused the death of my two servants. took away their money. A message from me has already left for Timilkiya, and you also write to them from there so that they\nsend my money to you. They must not have a single shekel of silver!\n39-42Išar-béli, my servant, stay with Asqu-\ndum.","KTS 1, 30",11,letter
059c1bf5-6bfc-c127-ec72-04e5dc6a94b7,um-ma wa-ak-lúm-ma a-na šu-a-nim DUMU en-na-sú-en₆ qí-bi-ma 5 ma-na AN.NA a-na ta-ad-mì-iq-tim ṣí-lu-lu DUMU ú-ku <big_gap> ù a-mur-{d}UTU DUMU e-nu-a-<gap> <big_gap> na-áš-ú-ni-kum IGI a-šùr ú i-li-a a-kà-ra-ba-kum mu-<gap> <big_gap> li-bi lá tù-lá-ma-an,"\nThus (speaks) the waklum: say to Sü-Anum, son of Enna-\nSin. 3-7Silülu, son of Uku, and Amur-Samas, son of Ennua, bring 5 tin mines [in] loan-tadmigtuma.\na-11 I pray for you A[ssu]r and my god[u], accept it and do not disappoint me!","KTS 1, 31a",13,letter
d56de33e-8e2f-8839-cea8-ee0a0eec07e2,um-ma ší-ip-ru-ú ša a-lim{ki} ù kà-ru-um kà-ni-iš-ki-ma a-na kà-ar kà-ar-ma qí-bi-ma a-šur-GAL ù i-ku-pí-a ší-ip-ru-ú-ni a-na ta-ḫi-tim ta-ap-ru-<gap> 2 mu-kà-ri-be-en₆ dí-na <gap> tí kà-ru-um a-na kà-ri-im li-ip-qí-sú-nu,"\n[Thus (speak) the messengers [of the City and the [kd]rum\nde Kaniš: [said [to] all the kdrum.\n6-15[A]sšur-rabi and Ikuppiya, our messengers, [were] sent [to] (give) instructions. Give[the]their\ntwo escorts. May (each) kdrum help them join the (next)\nkdrum!\n","BIN 6, 120",16,administrative regulation
410a05f7-fb4d-c341-9a90-c7ea492b6891,<big_gap> a-šur-SIPA DUMU sà-ba-sí-a li-pá-a ù kur-ub-IŠTAR DUG-a-šur DUMU PUZUR₄.IŠTAR ú-bi-il₅ lu-qú-tám a-šur-SIPA-ma il₅-qé-ší ù té-er-tù-šu ki-ma lu-qú-tám il₅-qé-ú i-li-kam 23 TÚG šu-ru-tum <gap> {TÚG}ku-ta-nu 1 TÚG kà-ab-tum <gap> GÚ 10 ma-na AN.NA ku-nu-ku-a <gap> ma-na AN.NA qá-tim 2 ANŠE ṣa-lá-ma-an pí-lá-aḫ-a-šur DUMU ib-ni-é-a ir-de₈-a-ku-nu-tí <gap> GÚ 10 ma-na AN.NA ku-nu-ku-a <gap> TÚG šu-ru-tum ša li-wi-tim <gap> ma-na AN.NA qá-tim <big_gap>,"\nAi[nsi (speak) the ka]rum of Kani: tell all the kdrum,\nwhere you can reach Ikuppaša.\n5-14Buzâzu and Aššur-matappil presented us with the following request: “We want to bring back here our brother, Ikuppaša. We take responsibility for returning it (this way). »\n15-19Ašgur-tâb and Adad-ellat (are) our messengers;\nbe their executive power.\n","BIN 6, 8",18,letter
219e5ddd-fe57-4388-89fc-80b7f3e24524,a-mur-{d}UTU a-ḫu-ú a-gu₅-za a-šùr-GAL DUMU a-gu₅-za šu-IŠTAR a-šùr-DU₁₀ me-er-ú a-gu₅-za ù a-ḫa-sú-nu gu₅-ba-áb-tum ni-iš a-lim{ki} it-mu-ú a-na bé-tí-im ša kà-ni-iš ša a-šùr-GAL wa-áš-bu ù ší-ma-at a-bi-šu-nu ù a-na mì-ma šu-um-šu a-mur-{d}UTU a-na a-šùr-GAL ù a-ḫi-šu me-er-e a-gu₅-za ú-lá i-tù-ar ù me-er-ú a-gu₅-za a-na a-mur-{d}UTU ù me-er-e-šu a-na mì-ma šu-um-šu ú-lá i-tù-ru qá-qú-ru ša ṭé-ḫi-i É i-dí-a-šùr DUMU ku-bi₄-dí a-na ba-ri-šu-nu i-za-zu IGI ku-ku-wa IGI il₅-ba-ni IGI a-šùr-lá-ma-sí,"\nThus (speaks) the kdrum of Kaniš: say to the kdrum of\nBurušhattum, (the assembly of) small and great.\n4-9Here, the representatives of Kurub-Ištar anointed us with the following request: “He gave [NP] a large amount [of money] (which was) in the house of]\nKurub-Ištar »[... ] (gap)\nI'-6'Over there [... ] Salim-ahum has a[debt to me].\nMoney, in the amount of 3' of mine [...] over here,\nfor [...] the money to arrive so that he deposits it here.\n7'-13'Over there, let it be Salim-ahum's wife or the son of Salim-ahum [who took] his money, he must return it. If he doesn't return it, [register]write a tablet about him and deliver it here [by first]\n(mail).\n",KTK 1,25,agreement (contract)
6a78f93f-5c99-537a-ad37-790fd8553d23,um-ma kà-ru-um kà-ni-iš-KI-ma a-na kà-ri-im tur₄-ḫu-mì-it qí-bi-ma a-na-kam {d}en-LÍL-ba-ni DUMU a-šur-ma-lik im-ḫu-ur-ni-a-tí-ma um-ma šu-ut-ma na-áb-sú-en₆ ú-ša-sá-ḫa-am a-na ša-sú-ḫi-šu ma-ṣa-ku a-šur-e-nam ší-pár-ni a-ma-kam na-áb-sú-en₆ li-sú-ḫa-am kà-ru-um lu e-mu-uq ší-ip-ri-ni,"\n[Thus (speaks)] the kdrum [of Kan]iš: say to the kdrum of\n[Durh]umit.\n5-I0[I]here, [En]lil-bani, [son of A]ššur-malik, [we] have [presented] the following request114: “I [want to transfer\nhere] Nab-SIn. I take responsibility for his transfer. »\n11-17Aššur-ennam (is) our messenger. There, let him carry out the transfer of Nab-SIn. Let the kdrum be the executive power of our messenger.\n","TC 1, 35",26,administrative regulation
54a9a1d1-9c34-374d-70b0-a9f9d7cd0e0f,um-ma kà-ru-um kà-ni-ìš-KI-ma a-na kà-ri-im ḫu-ra-ma qí-bi₄-ma a-na-kam a-šur-GAL im-ḫu-ur-ni-a-tí-ma um-ma šu-ut-ma a-šur-la-ma-sí DUMU lá-qé-ep ù-ša-sà-ḫa-am a-na a-wa-at a-šur-la-ma-sí ma-ṣa-ku iš-tí a-šur-GAL a-šur-lá-ma-sí li-sú-ḫa-am a-tù-nu lu e-mu-uq-šu,"\n[Thus (speak)] the kdrum [of Kan]is: say to the kdrum of\nHu[rra]ma.\n5-12Here Ašsur-rabi presented us with the following request: “I want to transfer here Aššur-lamassi, son of Laqep(um). I take responsibility for the Aššur-lamassi affair. »\n12-15 Let Aššur-lamassi be transferred here with Aššur-\nrabi; be its executive power.\n","BIN 6, 32",28,administrative regulation
472a961c-a852-5281-d327-36520bff1277,um-ma kà-ru-um kà-ni-ìš-ma a-na kà-ri-im qí-bi-ma mì-šu ša i-nu-mì ša-du-a-tám ša kà-ri-im kà-ni-ìš tù-ša-da-a-ni ma a-wi-lúm i-qá-bi-ú um-ma šu-ut-ma lu-qú-tum ša DAM.GÀR i-na kà-ni-ìš da-tám i-ša-qal um-ma a-tù-nu-ma šu-mì DAM.GÀR zu-uk-ra mì-ma šu-mì DAM.GÀR be-el lu-qú-tim lá i-za-qar šu-ma <big_gap> a-wi-lúm <big_gap> i-na li-bi₄-ku-nu wa-ṣí-i GÍR ša a-šùr li-it-ma-ma lu-qú-tum lu-<gap> <big_gap> KI il₅-<gap> <big_gap> a-na <gap> <big_gap> <gap> du <big_gap> nu-ša-<gap> <big_gap> DAM.GÀR ša-qí-il₅ da-tim <gap> ga ar <big_gap>,"\nThus (speaks) the kd[rurn] of Kaniš: say to the kârurn of\n[NG]. 4-14Why[is] when you impose the[consignment] tax on the kärurn of Kaniš and the man\nprotests saying: “The goods are those of a merchant; a tamkdrum merchant pays the tax in Kamis"", you (then declared) this: ""Mention the name of the tamkdrum merchant! » ?\nns-2sAn owner of goods does not have to mention the name of the merchant-tamkdrum. If the man is one of yours, let him [take an oath] by the dagger of Assur (that) the merchandise, (is) indeed [that of the merchant-\ntarnkdrurn]. Remember... ] for [... ] we will impose the deposit tax here, and we will mention [the name] of the merchant-tamkdrum, payer of the tax-ddturn.\n","BIN 6, 101",29,administrative regulation
2c6b17db-c343-a62e-fbff-af71eae4c8e7,a-na i-na-a qí-bi-ma um-ma kà-ru-um-ma ki-ma ṭup-pá-am ta-áš-me-ú u₄-ma-kál lá ta-bi₄-a-at tí-ib-a-ma a-tal-kam,"\n[Say] [to] Innâya: thus (speak) the k[dru]rn.\n4—""As soon as [you] have read (this) tablet, do not linger a single day, set out.\n","CCT 6, 2a",32,letter
34c8635e-3def-476b-8814-d6f5f982b447,<gap> ma-na KÙ.BABBAR ṣa-ru-pá-am i-ṣé-er a-šùr-bé-el-a-wa-tim PUZUR₄-tí-a-am-tim i-šu iš-tù ḫa-mu-uš-tim ša i-na a-na KÙ.BABBAR i-ša-qal lim-mu-um DINGIR-<big_gap><gap> šu-ma lá iš-qúl 1.5 GÍN.TA i-na ITU.1.KAM a ma-na-em ú-ṣa-áb <big_gap> IGI i-<gap> <gap> IGI a-šur-<gap> <gap>,"\n[Say] to the käru[m of Kaniš]: thus (speak) [your] my-\nsagers.\n3-7According to [your] instructions, the prince and the chief [...] were sworn in, [and this is (what declared] the\nprince: ""[... ] for Addu [...]"" (gap)\nI'-5'We brought down [... ] to the office of the kdrum,\nthen we negotiated for the tin [...], but he [refused]\nto deliver it and [refused] to give [money]!115\ns'-14'Salim-Aššur was not [present...] On several occasions\nand the man did not [...] have [...] the copy of your tablet in an envelope. sealed... ] 20 fabrics\nordinary[res... ], [we offered °] 1 fabric for [... You\n(are)] our fathers and our masters, it depends on you.\nBIBLIOGRAPHY: 11. 1-6 of this fragmentary tablet are\ntranscribed and translated by M. T. LARSEN, OACC, p. 275 and\nn66 and JAOS. 94 [1974], p. 472-473, n. 20. K. R. VEENHOF,\nBiOr 27 [1970], p. 367 proposes restitutions to 11. 3-6, 4', 7'\net 11'.\nNOTES:\na. 74b: sz-ip-r[u sa Alimmal is not appropriate in this document. Indeed, the interlocutors of the kdrum are content here to execute orders received, they cannot therefore be messengers from the City, generally carrying orders for the kdrum.\nLiterally: “[We have brought (present)]”, see text 35.\n",KTK 8,34,debt note
b5099fe5-d533-4209-b899-5213ba0a2876,<gap> <gap>-ú-um <gap> <gap>-ni <gap> i-na tí-mì-il₅-ki-a-i-<gap> <gap> a-wa-tí-a <gap> <gap>-kam ki-a-am <gap> li-ib-ší <gap> KÙ.BABBAR <gap> ar-šu <big_gap> <gap> <big_gap>,"\n[ . we] offered[rt... ] we offered[... ]\nwe offered [to the] crown prince.\n4'-13'Here (is what) the counter-wabartum declared:\n""When the kdrum made his father swear an oath [...]\n115. L. 3'-S': a-na AN.NA ni-ta-[û-ma], û-su-ra-am lci i-\n[mu-a ù KU.BABBAR ], ta-da-nam lci [i-mu-a].",KTK 7,35,unknown
654b743e-1213-4146-8623-b65ea60a9058,a-na kà-ri-im kà-ni-ìš qí-bi-ma um-ma bé-lúm-ba-ni-ma i-na dí-in DUMU a-šur šu-um-šu <big_gap>-kam ù a-<big_gap> <gap> da-a <big_gap> i-na <big_gap> a-<gap> <big_gap> mu <gap> <big_gap> zi-kán ù ma-<big_gap> ga <big_gap> ba tí <big_gap>,"\nSay [to the k]drum of [K]aniš: thus (speak) Bélum-bâ[ni].\n4-7 For the judgment of [... ] [X']-Aššur [... ], [ic]i\net la-[bas'... ], the judges [... ] (rest of the tablet too fragmentary)",KTP 13,38,letter
487fc555-cfd6-414b-b5b9-5950a6b3f3de,am-tám zi-be-zi-be ú tí-pu-ku-ni-a-an DUMU.SAL-sú tár-ḫu-a-an la-ba-da-ni-kà a-ša-at pè-ru-wa pè-ru-wa-aḫ-šu šar-pá me-er-ú-šu a ší-mì-im i-dí-nu-ma a-na 0.5 ma-na 7.5 GÍN KÙ.BABBAR ša-áp-ta-ma-ni-kà iš-a-am-šu šu-ma a-ma-tí-ma a-šu-mì zi-be-zi-be ú DUMU.SAL-i-tí-šu ša a-na ša-áp-ta-ma-ni-kà i-tù-ru 5 ma-na KÙ.BABBAR i-da-an ú i-du-ku-šu i qá-tí wa-ar-ša-ma ru-ba-im ḫal-gi-a-šu GAL sí-mì-il₅-tim IGI ga-lá-ga IGI pè-ru-wa IGI i-na-ar IGI pè-ru-wa GAL na-gi₅-ri,"\n[Tell the ka]rum of Kaniš: [thus (speak) NP].\n3-14[... ] why, please, [...] [from]the [kd]rum [they (said)] this: ""[... ] according to our [messengers]agers[... ] and the kdrum [...]"" As for me, I sent [...] the\nprince Kanišite [... ] (gap)\n14-2211 (said) this: “You must not deliver them for the\n[... ] of Wahšušana! » (But) I am not going to deliver them\nfor secret (reasons), so I (spoke) thus: ""The\nElders give advice to the prince and the messengers,\nwhy then do they intervene?\nz —3oAs for the messages for the prince, the escort\nwho brings you this tablet carries them (also).\n[... ] the prince of Kaniš [... ] I (said) this: ""It is not are\nnot sons! »\n",KTP 4,39,purchase guarantee
70259a3a-24a0-4ad7-8174-515c05b007e9,a-na ší-ip-ri ša a-lim ú kà-ri-im kà-ni-iš qí-bi-ma um-ma kà-ru-um wa-aḫ-šu-ša-na-ma ru-ba-um ša wa-áš-ḫa-ni-a iš-pu-ra-am um-ma šu-ut-ma ku-sí-a-am ša a-bi₄-a aṣ-ba-at ma-mì-tám ta-me-a-ni um-ma né-nu-ma kà-ru-um kà-ni-iš be-lu-ni ni-ša-pár-ma šu-nu ú-ul a-ṣé-ri-kà i-ša-pu-ru-nim ú-ul a ṣé-ri-ni i-ša-pu-ru-nim ší-na ša ma-tim i-lu-ku-ni-ku-ma ù ma-mì-tám ú-ta-mu-ú-kà a-tù-nu ma-lá-ku-nu té-er-ták-nu li-li-kam 20 ma-na URUDU a-na ší-ip-ri-ni ni-dí-in,"\nSay [to] the messengers of the City] and to the kdru[m of\nKaniš]: thus (speaks) the kdru[m of W]ahšušana.\n5-9The [p]rince of Wašhan[i]ya [has] written this: “[I]\nacceded to the [throne] of my father. [Make] me take the oath! »\n9-19So we (answered) this: “The [ka rum\nde Kaniš (is) our [Lord].” We will write, [themselves], or [they] will respond to you in writing (directly),\n[or they will] send us a message (for you).\nTwo (men) from the country will go to your house, and they will be able to make you\ntake the oath. »\n20-25 It's up to you! May your orders reach me. We [gave] 20 copper mines to [our\nmy] sagers.\nBIBLIOGRAPHY: Tablet published by F. J. STEPHENS,\nJSOR 11 [1927], p. 104 and 119 = KTP 14. It is transcribed after\ncollation and translated by J. LEWY, Or 26 [1957], p. 25. For other editions, cf. B. LANDSBERGER, “Vier Urkunden von\nKültepe”, TTAED 4 [1940], p. 26, P. GARELLI, AC, p. 329-\n333, and the bibliography p. 330, n. 1, L. ORLIN, ACC, p. 114-118\net M. T. LARSEN, OACC, p. 249-250, and n. 4 (11. 9-25).\nNOTE:\na. Literally: “I have seized the throne of my father. »\n",KTP 14,40,administrative regulation
187f0f9e-df72-475c-8ead-9b52427b0647,5 GÍN KÙ.BABBAR šu-ma-bi₄-a i-na kà-ni-iš i-dí-in <gap> ma-na <big_gap> <gap> <big_gap>,"\nTell the messengers of the City [and] the kdrum of Kaniš:\n[thus (speak)] the kdrum of Wahšušana, (the assembly) of the\nsmall and (of) the great.\n""[About] the mules' about which you\nwrote to me [...] before [... ]\n""He (said) this: ""You must not buy [...] and\n[... ] fer[a/as] go out [...] ] his own goods [...] and your goods, they sold [in Kanliš!",KTK 3,41,letter
97abc183-7818-4756-8f78-3f4d6b21c8cf,<gap> 9 GÍN KÙ.BABBAR a-na a-ki-a ta-áš-qúl 15 GÍN KÙ.BABBAR a-na a-šùr-DU₁₀ ta-áš-qúl <gap> GÍN KÙ.BABBAR a-na a-ma-<gap> ta-áš-qúl 2 GÍN KÙ.BABBAR a-na a-šùr-DU₁₀-ma ta-áš-qúl 3 GÍN a sà-ba-zi-a e-li 3 GÍN ta-áš-qúl <gap> GÍN a-na <gap>-a-<gap>-<gap> tù-ub-lam,"\nSay[s] to the messenger[ers of] the City and (to) the ka[rum] of\nKaniš: thus (speak) the kdr[um of] Wahšu[šana].\n(the rest of the text has disappeared)120\n43 (Kt 83/k 284)\nSay to the kdrum of Kaniš: thus (speak) the kdrum of\nWahšušana.\n4-20Concerning the consignment tax' (due) by those who enter by the circuitous route and about which you wrote to us, Puzur-Aššur, son of Uku, paid 2 minae 10 shekels of silver, for himself or for an associate and friend, Iddin-Knbum, son of Aššur-tâbb paid 1 mine 5' shekels of silver, Kukkuldnum, son of Kutâya, paid 1 mine 15 shekels of silver. In total, Ah-šalim brings you\n5 silver mines under our seal.\n120. Only the beginning of the last line of the lower edge of the reverse remains: lâ-su: a-[... ], as well as the very beginning of the left side: ld e-ru-u[b... ].",KTK 4,42,note
94e21125-5f07-d7ca-a508-8fc8742888e0,um-ma ši-ip-ru ša kà-ri-im kà-ni-iš ú kà-ru-um wa-aḫ-šu-ša-na a-na ša-qí-il₅ ṭa-tim ú bi-ru-tim ša ša-lá-tù-ar qí-bi-ma 2 GÍN KÙ.BABBAR ù 2 ma-na URUDU SIG₅ ša-du-a-tám ša a-lá-bu-um DUMU LUGAL-{d}IŠKUR i-dí-a-ku-nu-tí-ni a-ma-kam KÙ.BABBAR ù URUDU a-na ša ki-ma a-lá-bi-im ta-e-ra,"\nThus (speak) the messengers of the kcrum of Kaniš and the\nkarum of Wahšušana: say to the payers of the tax- datum and\nelectsa of Saladuwar.\n7-16(Regarding) the 2 shekels of silver and the 2 mines\ndof copper of good quality which Alabum, son of Sarra-Adad,\na deposited for you as tax of deposit, there, reimburse the silver and copper to the representatives of Alâbum.","TC 1, 32",46,administrative regulation
adf66136-2d36-441a-ab13-c0359b6c14a8,a-na ší-tí ša <gap> i-dí-a-šùr <gap> ù šu-ma <gap> um-ma <gap> áš-me-ma <gap> lá šé-<gap> <gap> bi-ta-<gap> <gap> a-ḫu-a <gap> <big_gap>,"\n[Thus (speaks) the k]arum of [WahSu]Sana: [said [to the\npayers] of the tax-datum [and to the elected representatives of] Saladuwar.\n6_8[... ] Mannum-ki-ASSur [... there] if he brought\n[anything in addition... ] (gap)\nI'-3'There, that Mannum-[k%Aššur] enters (into) your\nparsatuma.\n",KTK 2,48,letter
9d09ae73-c041-4d7d-9d36-f5e44189e51d,um-ma kà-ru-um wa-aḫ-šu-ša-na-ma a-na ša-qí-il₅ da-tim ù bé-ru-tim qí-bi-ma LUGAL-sú-en₆ ša-du-a-sú a-na-kam <gap> <big_gap> kam <big_gap> <gap> <big_gap> <gap> <big_gap> a pá-ar-sà-tí-ku-nu le-ru-ub <big_gap>,"\nThus (speaks) the karum of Wahsusana: tell the payers\ndof the datum tax and the elected officials <of NG>a.\n5-7Sarra-Sin deposited his consignment tax here. [There]-\nbottom, [you must not re-impose the deposit tax] [... ] (gap)\ni'-2' That [NP] enters (into) your(...)b.\n",KTP 12,49,letter
cc38f0b9-57fb-4e03-8627-680072de207a,a-lu <gap> wa-sà-ma-am <gap> i-na ḫa-ra-nim <gap> i-dí-in <gap> 10 ma-na KÙ.BABBAR <gap> <big_gap> <gap> ki šu-ma <gap> a ku-un-kà-ma <gap>,"\n[Say] to the kdrum of K[anis]: thus (speaks) the station-\nw[abartum of W]ashaniya.\n4-10[When]Lagépum and travelers arrived\nwith [him] from Wahsusana, Amur-Assur, son of Atâ,ya,\n[came to complain to [us] <within> the interior of\nWashaniy [a] .\n11-13[This is (what declared)] A[mur-Assur]: “[... ]\nhere, [...]! »\n14-16Amur-[Assur... ] among the travelers [...] there\nis not.\n17-19 He then (said) this: ""As for the (travel) purses, well you yourselves, ask! »\n19-21In the presence of the travelers, we unwrapped]\nthe package-hur[siânumb and] we declared this: “Under\nunder no circumstances must he deliver the money! » (But) there is no money!",KTK 5,54,letter
39bd78fb-fa8b-4054-911f-f1f2a571401f,<gap> <gap>-am <gap> ta-<gap> <gap> a-wa-tim ta-ṣa-mì-ra ANŠE.ḪI.A <gap> ù 10.TA ša a-na <gap> e-bu-ru-ni ki-ma ta-le-a-ni <gap> šé-ri-ba-ma ni-is-ḫa-tim <gap> É.GAL-lúm li-il₅-qé <gap> ḫa-ra-an-šu-nu li-<gap> <gap> ù ANŠE.ḪI.A <gap> ni-ib-šu-<gap> <gap> <big_gap> <gap> áš tí i-<gap> <gap> <big_gap> <gap> <big_gap>,"\n[S]ay [to the messengers of the City and to the kârum of\n[Kaniš]: thus (speaks) the counter-wabartum [of Washa]-\nniyaa.\n3-7Here, the rabi sikkatimb has seized the containers-silidnume\ndof Assur-malik, son of [X-x-n]um. He (them) opened, and\n[Ašsur]-emng3 took the purchase from Al .hum.\n7—'0Afterwards, when he wanted to take [his merchandise], he (said) this: “[Puzur]-Aššur (held) a lot of my merchandise, and [my share] lost [... I.”\n10-12[He will seize my servants in [... ] As, to\nKaniš, [... ] I will not write/send [... ] (gap)\ni' —4' [ . ] no one should [...] this matter [...] he\nbind[...]\n4' 7'He (said) this: “[(You are)] my [father] and my\nmaster. You wrote/sent me, and in [... ] I will take\n(the equivalent of) my lost share!\n7'-12'Since the day when [... ] 1903 mines [of copper... ]\nI/he has (... )d [... ] He [(said) this]: ""Today, if they\nreach [... ], he/I will add/have, and [... he/I' will add /ai\n[. . . ] »\n12' —15' Somewhere, I/he has [... ] He (said) this: ""[... ]\nthe kârum of Kanis, himself [... ] a letter [... to] the palace\n[...]""\n",KTK 6,55,letter
b6e98b49-9c57-92d8-f667-32ca746c467f,a-na ší-ip-ri ša a-lim ù kà-ri-im kà-ni-iš qí-bi-ma um-ma wa-bar-tum ša ša-mu-ḫa-ma a-na-kam a-šu-mì ša-áp-tim ša É.GAL-lúm iṣ-bu-tù-ni É.GAL-lam₅ nu-ni-iḫ-ma um-ma É.GAL-lúm-ma šu-ma mì-iš-lá-am ta-lá-qé-a li-qé-a šu-ma lá ta-lá-qé-a <big_gap> lu-ni-ir-de₈ 16 GÚ 30 ma-na SÍG.ḪI.A ù 3 ANŠE.ḪI.A ṣa-lá-mì i-dí-nu-ni-a-tí-ma a-na ší-ip-ri-ku-nu ni-ip-qí-id-ma i-ra-de₈-ú-ni-ku-nu-tí ší-ip-ru-ku-nu ù né-nu ni-zi-iz-ma ší-bi₄ ni-iš-ku-šu-nu-tí,"\nTell the messengers of the City and the kârum of Kaniš:\nathus (speaks) the counter-wabartum of Samuha.\n4-1Here we reassured the palace about the wool\nthat the palace seized, and the palace then said this: “If you\nwant to take half, take [it]! » (gap)\n2'-10'He gave us 16 talents 30 m[ines of wool?] and\n3 black donkeys, [we] entrusted them [to] your messengers and\nthey bring them to you. We and your messengers have sat and placed witnesses before them.","VS 26, 195",56,administrative regulation
90df3436-8d65-49b6-b1f1-fa6de8d507a4,a-na kà-ri-im wa-aḫ-šu-ša-na qí-bi-ma um-ma wa-bar-tum ša ša-lá-tù-ar-ma a-na pu-ru-uš-ḫa-tim a-na a-ša-ar <big_gap> ni-iš-pur-ma <big_gap> ša ma zi is lu <big_gap> pu-ru-uš-ḫa-tim ší-<big_gap> a-<big_gap> <gap>-<big_gap> gám-<big_gap> a-na <big_gap> ni-kà-<big_gap> i-na <big_gap> ší-ip-ri ni-ša-pá-ra ša lá-ma ar ša pá ú-ta-dí iš-ta-pá-ar um-ma šu-ut-ma a-na ma-at wa-aḫ-šu-ša-na mu-uq-ta šu-ma lá ta-am-qú-ta iš-tí-ku-nu na-ak-ra-ak i-dí-a-šùr ù i-bi-ZU ší-ip-ru-ni,"\nTell the karum of Wahšušana: thus (speaks) the counter-\nwabartum of Sala<du>war.\n5-8We have written to Burušhattum there where [... ], and [... ]\n(gap)\n1'-8' [... ] for [... ] the accounts [... ] in [... ] we\nwill send messengers [... ]\n9'-13'Ila wrote this: "" Attack the country of Wahšu[ša-\nna]! If you [don't] attack, I will be your enemy! »\n14'-15'Iddin-Aššur and Ibbisu'a (are) our messengers.\n",KTP 10,57,letter
dd21f356-fc0c-c9be-710c-eff7ffed4624,um-ma 10-tum ša bu-ru-tim-ma a-na pu-šu-ke-en qí-bi-ma 10-tum ša ší-ma-lá iš-tí-ni sá-bi-is a-ḫu-ú-ni a-ta šu-ma mì-ma ta-ki-li <gap>-<gap> a-na kà-ri-im kà-ni-iš{ki} iš-ta-áp-ru-nim ki-ma ni-a-tí a-wa-tám ta-e-er-ma ù té-er-ta-kà li-li-kam-ma ú-za-ni pì-té a-ḫu-ú-ni a-ta a-na ṣú-ḫa-ri-kà na-aḫ-dá-ni a-na ḫa-ra-nim ta-da-nim,"\nThus (speak) the group-of-ten of Buruddum: say to\nPušu-kén.\n3-15The group-of-ten of Simala is angry with us'!\nYou (are) our brother. If they have written some slander in the\nkârum of Kaniš, then respondb for us and let your report reach (us) to inform us.\n16-20, r,u (es) our brother, we watch over your servants\nto send them on the road.\n","CCT 3, 36a",60,letter
219e5ddd-fe57-4388-89fc-80b7f3e24524,a-mur-{d}UTU a-ḫu-ú a-gu₅-za a-šùr-GAL DUMU a-gu₅-za šu-IŠTAR a-šùr-DU₁₀ me-er-ú a-gu₅-za ù a-ḫa-sú-nu gu₅-ba-áb-tum ni-iš a-lim{ki} it-mu-ú a-na bé-tí-im ša kà-ni-iš ša a-šùr-GAL wa-áš-bu ù ší-ma-at a-bi-šu-nu ù a-na mì-ma šu-um-šu a-mur-{d}UTU a-na a-šùr-GAL ù a-ḫi-šu me-er-e a-gu₅-za ú-lá i-tù-ar ù me-er-ú a-gu₅-za a-na a-mur-{d}UTU ù me-er-e-šu a-na mì-ma šu-um-šu ú-lá i-tù-ru qá-qú-ru ša ṭé-ḫi-i É i-dí-a-šùr DUMU ku-bi₄-dí a-na ba-ri-šu-nu i-za-zu IGI ku-ku-wa IGI il₅-ba-ni IGI a-šùr-lá-ma-sí,"\n[ . ] of the man of Amkuwa, here [...] The prince of inahuttum, the man of Amkuwa and the man of Kapitra made common cause, and they rebelled against the man of Hattus(a). To the man of Kanis [...] (gap)\n",KTK 10,63,agreement (contract)
faafd131-71b9-486b-816d-ffca1a79be4b,a-na i-ku-pì-a-šùr a-ta-ta a-šùr-ma-lik ú šu-IŠTAR qí-bi-ma um-ma in-bi-IŠTAR-ma 2 me-at 12 TÚG SIG₅ DIRI <big_gap> a-bu-DINGIR na-áš-a-ku-nu-tí šu-ma pá-zu-ur-šu-nu ta-le-a pá-zi-ra-šu-nu šu-ma pá-zu-ur-šu-nu lá ta-le-a a-na É.GAL-lim šé-li-a-šu-nu-ma É.GAL-lúm ni-is-ḫa-tí-šu-nu li-il₅-qé-ma TÚG.ḪI.A šé-ri-da šu-ma É.GAL-lúm TÚG.ḪI.A a-na ší-mì-im i-lá-qé-ma i-na re-eš₁₅ TÚG.ḪI.A KÙ.BABBAR i-ša-qal dí-na-a šu-ma a-na ší-mì-im i-lá-qé KÙ.BABBAR lá i-ša-qal ú maš <gap>-am i-da-an lá ta-da-na-a ú ṭé-em É.GAL-lim i-na e-ra-áb TÚG.ḪI.A a-ni-ú-tim li-im-da-nim a-šu-mì té-er-tí ú a-na-ku e-ra-ba-ni ú i-na a-ni-tim ṭé-em É.GAL-lim lu-ut-kà-ni-ma za-<big_gap> e-ra-ba-am lá e-ra-ba-am šu-up-ra-nim šu-ma TÚG.ḪI.A É.GAL-lúm a-na ší-mì-im il₅-té-qé-e i-na re-eš₁₅ TÚG.ḪI.A iḫ-da-ma KÙ.BABBAR le-qé-a šu-ma É.GAL-lúm TÚG.ḪI.A lá il₅-té-qé-e-ma ṣú-ba-tù-a i-ta-ar-du-nim ku-nu-ki ú-dí-a-ma TÚG.ḪI.A ša ḫa-ba-tim um-mì-a i-ku-pì-a-šùr li-il₅-qé i-a-ú-tim a-ta-ta li-il₅-qé ša a-bi-ni a-šùr-ma-lik li-il₅-qé TÚG.ḪI.A ša a-šùr-GAL ma-ḫa-i-a šu-IŠTAR li-il₅-qé 16-<big_gap>-1 TÚG ša ba-zi-tim DUMU i-dí-ku-bi-im a-na a-sú-kà-NI um-mì-ša a-dí-na-ma <gap> a-ḫu-a a-tù-nu lá ša a-wa-tim a-na-ku a-na ku-nu-tí šu-ma ta-da-ga-lá-ma a-na TÚG.ḪI.A KÙ.BABBAR i-na kà-ni-iš i-ba-ší a-na KÙ.BABBAR dí-na-ma KÙ.BABBAR a-na pá-ni-a li-im-ḫu-ra-ni šu-ma i-na kà-ni-iš KÙ.BABBAR a-na TÚG.ḪI.A lá i-ba-ší a-li KÙ.BABBAR a-na TÚG.ḪI.A i-ba-ší-ú iš-tí a-bu-DINGIR,"\nTell Aššur-nâdâ: thus (speak) Iddin-Ištar.\n2-12I did not go to Wahsušana because the country\nof Burushattum or Wahsušana is in anarchy, but\nI will make a decision regarding the copper that is\ndeposited in Wahsušana. In 5 days, I will get precise information, and I will go to Wahsušana.\n13-25Asšur-Samsi brings you [x] refined copper mines\nfrom [A]gna. Pay Alâhum's money and for the rest of the money, buy me kusitumb [de] Mama, menunidnumc, or even skins with wool. Fill (the load) of the donkeys so that the donkeys do not get empty.\n23-26 Be sure to take the tablet of their testimony and\nsend it to me by the next (caravan).\n",KTH 1,64,letter
29231071-1ac3-4c43-a33e-cf04f208fe45,a-na i-dí-a-bi-im ù ku-lu-ma-a qí-bi-ma um-ma PUZUR₄-a-šur-ma áš-pu-ra-ku-nu-tí um-ma a-na-ku-ma AN.NA-ki ša bi-lá-tim ag-ra-ma a-na ni-na-ša-a li-ší-ú-nim a-ša-me-ma a-li-ki a-na wa-áš-ḫa-ni-a lá ú-šu-ru šu-ma wa-aḫ-šu-ša-na-i-im ù kà-ni-ší-im ša ma-mì-tám ub-lu-ni-ni ṭup-pí ik-ta-áš-dam i-na sí-ki-im dí-na-ma li-ší-ú-nim ig-ri-šu-nu a-ma-kam-ma qí-bi-a ù {d}UTU-tap-pá-i iš-tí AN.NA li-li-kam ṣú-ḫa-ri na-ḫi-da-ma KÙ.BABBAR ša ru-ba-tim ù ša GAL zi-ri-im lu-ša-áš-qí-lu a-na ku-lu-ma-a qí-bi-ma 12 {TÚG}lu-bu-ší-e pá-ṣí-ú-tim 2.5 GÚ.TA LUGAL-sú-en₆ i-dí-in-ma URUDU a-na ša-lim-a-šur DUMU a-šur-UTU-ši e-zi-ib ŠÀ.BA 3.5 ma-na KÙ.BABBAR da-da-a a-ḫu-šu ú-šé-bi-lam i-na wa-aḫ-šu-ša-na da-da-a IGI a-ḫu-qar aṣ-ba-sú-ma um-ma a-na-ku-ma ší-tí URUDU dí-nam um-ma šu-ut-ma a-lá-an KÙ.BABBAR a-nim mì-ma ší-im TÚG.ḪI.A ša-nim i li-bi₄-a lá i-ba-ší a-ma-kam IGI 2 ší-na ra-ki-sú a-šar URUDU mì-ma i li-bi₄-šu ib-tù-ru iš-tù u₄-mì-im ša URUDU il₅-qé-ú 1.5 GÍN.TA lu-úṣ-ba-am,"\nSay to Iddin-abum and Kulumâya: thus (speak) Puzur-\nAššur.\n3-6I wrote to you this: “Hire porters (for)\nmy tin so that they can bring it to Ninaša. »\n7-170r, I learn that travelers are not allowed to pass through to Wahšaniya! If my tablet reaches (you) (concerning) the man of Wahšušana and the man of Kaniš, about the fact that they have concluded a treaty, then give (the tin) to the carriers in a sikkumb so that they can bring it to me. Decide on the spot their salary, and let Samaš-\ntappa i come with the tin!\n18-21 See to it that my servants make the money of the princess and the rabi serimc paid.\n.\n21-37Tell Kulumâya. Sarra-Sin sold 12 white garments for 2 talents (of copper) each, and he left the copper to Salim-Aššur, son of Aššur-Sara i. On this,\nhis brother, Dadâya sent me 3 mina of silver. Then I seized Dadâya in Wahšušana in front of Ahu-(wa)qar, and I (said to him) this: “Give me the rest of the copper! » But he\nanswered me like this: 'Apart from this money, there is no other sale price of fabrics in my account! » Then, there, in front of two (people), bind him by contract as follows:\nif it is proven that he has copper there (belonging to me), he\nwill have to count it to me in addition at the rate of 1 century (of interest)\nsince the day he took the copper.\n",ATHE 66,65,letter
e34f4dec-5694-4d75-ab43-28173bd0797c,a-na im-dí-DINGIR qí-bi-ma um-ma PUZUR₄-a-šùr-ma a-dí URUDU ša a-mur-IŠTAR a-na ša ki i-a-tí URUDU i-na pu-ru-uš-ḫa-tim ta-da-nam ú-lá i-mu-ú ḫa-ra-ni a-na pu-ru-uš-ḫa-tim i-na u₄-mì-im ṭup-pì-i ta-ša-me-ú na-áš-am a-mur-IŠTAR ú lu-lu li-ik-šu-dí-ma URUDU li-dí-nu-nim-ma KÙ.BABBAR i pá-ni-a lu-šé-ṣí-a-ku-um šu-ma TÚG.ḪI-tù-a ša za-al-pá ù ša ḫu-ra-ma e-ru-bu-nim ḫa-ra-an ta-wi-ni-a-ma a-na wa-aḫ-šu-ša-na áb-kà-šu-nu a-na-kam <gap> É.GAL-lam₅ ni-iš-al-ma um-ma šu-ut-ma kà-ni-ší-ú lu-úṣ-ú-ma ú a-tù-nu a-tal-kà,"\nSay[s] to Imdilum: thus (speaks) Puzur-Assur.\n3-8As for the copper of Amur-Ištar, they refuse to give the copper to my representatives in Burushattum. I am on my way to Burušhattum. 8-15 When you hear my tablet, bring it to me (or) Amur-Istar and Lulu to join me and give me the copper, so that I can send the money to you personally. 16-21 If the Zalpa cloth and the Hurrama copper have arrived, send them through Tawiniya to Wahšusana.\n22-25Here we inquired at the palace and they\n(responded to us) like this: “The Kaniseans can leave! "",\nthen you, go!\n",ATHE 63,68,letter
920b9ce1-0cc5-4a47-98ad-77381b6fd0b2,2 na-ru-uq GIG {d}a-šùr-dan 1 na-ru-uq 2 DUG en-na-sú DUMU šu-sú-en₆ 1 na-ru-uq 2 DUG ga-am-da-num 1.5 DUG ša-bu-ri-im 1 DUG a-šùr-i-dì 1 DUG šu-be-lim ŠU.NÍGIN GIG 6 na-ru-uq LÁ 0.5 DUG 2 DUG ṭá-áb-tim ù a-šùr-dan,\nThus (speak) Sue'a: (say) to Asšur-mntappil.\n3-5I left five days after writing (this)\nttables for you.,"BIN 6, 23",69,unknown
777d7f34-8beb-4040-b86c-dd9bbea2214f,a-na pu-šu-ke-en₆ qí-bi-ma um-ma a-mur-IŠTAR-ma a-šu-mì AN.NA ša ḫi-na-a ša ta-áš-pu-ra-ni DUMU a-wi-lim ú kà-ṣa-ar-šu a-na-kam wa-áš-bu ú-šé-ra-áb-šu-nu-ma ma-aḫ-ri-šu-nu AN.NA ku-nu-ki ša a-lim{ki} ša a-bi₄-šu lu-sà-ni-iq-ma ba-tí-iq ú wa-tù-ur a-da-an-ma KÙ.BABBAR ú-šé-ba-lá-kum AN.NA ša É a-šur-ma-lik a-na URUDU ší-ki-im 15 ma-na.TA a-dí-ma URUDU i-ba-ší eb-la-i-ú ma-du-tum i-li-ku-ni-ma URUDU ma-dum i-na É.GAL-lim i-ší-qí-il₅-šu-nu-tí-ma KÙ.BABBAR 2.33333 ma-na.TA a-mu-ra-am ú-ta-e-ru a-dí 10 u₄-me URUDU-šu i-ga-mu-ru KÙ.BABBAR a-ša-a-ma ú-šé-ba-lam,"\nTell Pnsu-kn: thus (speaks) Amur-Istar.\n3-13Concerning the tin of Hinnaya about which you\nwrote to me, the son of (this) man and his charterer are\nhere. I will bring them in (to my house), and before them, I will verify (the weight) of his father's tin (sealed) with the seal of the City (of Assur), then I will sell it at any price,\and I will send you the money (from the sale).\n14-17J\ncopper in pieces at the rate of 15 minae (of copper per\nhave sold the tin of the firm of Assur-malik against",ATHE 32,70,letter
f761ebb9-76b6-e3c5-3018-b35e39b1fe9c,a-na i-na-a qí-bi-ma um-ma PUZUR₄-ì-lí ù en-na-sú-en₆-ma a ma-lá té-er-tí-kà a-wi-li ni-iṣ-ba-at-ma um-ma šu-nu-ma a-tal-kà a-dí 3 u₄-me a-wi-lu a-dí pí-it-qú-um ša É.GAL-lim pá-tí-ú a-wa-tum li-ba-áš-nu ú-kà-al-ma a ší-a-tí a-dí 3 u₄-me a-na a-wi-li ni-iš-tù-pu iš-tí pá-nim-ma za-ku-sà i-lá-kà-kum,"\nTell Innâya: thus (speak) Puzur-ili and Enna-Sin.\n4-7According to your instructions, we seized the men,\and they (said) this: “Go! »\n11-16As long as the breach (in the wall) of the palace is gaping,\nthe matter occupies all the attention of men for (at least) three days! Because of this, we were unable to speak to the men for three days.\n16-18 Clear and precise information will come to you by the next caravan.\n","BIN 4, 77",71,letter
b2d8b72d-a925-454c-be63-577fb7aa6c26,a-na a-mur-a-šùr qí-bi-ma um-ma im-dì-DINGIR-ma 6 ku-ta-ni ša ta-dì-na-ni a-šùr li-ṭù-ul a-na 12 GÍN.TA KÙ.BABBAR lu a-dì-nu-šu-ni ša 6 ku-ta-ni-kà 12-<gap> ma-na a-wi-it-kà <gap> lu il₅-qé-ú 4.66666 ma-na <gap> GÍN.TA da-tum ša ḫa-ra-nim ik-šu-dam-ma <gap> ma-na a-wi-it-kà 1 ma-na <gap> ik-šu-ud 0.5 ma-na AN.NA ta-ší-a-tim ša ṣú-ba-ti-kà ša ša-ad-wi-i i-na 4 ku-ta-ni-kà ku-ta-nam É.GAL-lú a-na ni-is-ḫa-tim ù 10-tum iš-te₉-en a-na ší-mì-im il₅-qé iš-tù 0.5 ma-na AN.NA da-a-at ṣú-ba-ti-kà ù ta-ší-a-ti-šu ù 1 ku-ta-an-kà É.GAL-lúm ša a-na ší-mì-im il₅-qé-ú i-na ra-mì-ni-a ú-ma-li-ú ù 5 ku-ta-ni-kà a-na 12 GÍN.TA KÙ.BABBAR a-dì-in-šu-nu <gap> 1 ku-ta-nam ša É.GAL-lúm a-na ni-is-ḫa-tim ù 10-tum iš-te₉-en₆ a-na ší-mì-im it-bu-lu a-na-ku ša 6 ku-ta-ni-ka 15 GÍN.TA 1.5 ma-na KÙ.BABBAR <gap> ku-tal-lá-nu-um na-áš-a-kum ù 0.5 ma-na AN.NA <gap>-<gap>-ku-nu ú-ma-li,"\nSay to Amur-Aššur: thus (speaks) Imdilum.\n3-13For the 6 (clothes)-kutanum that you gave me, the god Aššur is my witness that I actually gave (them) to him for 12 shekels of silver each. Relative to your 6 (fabrics)-kutanum, Lulu took 12 [Z] minesa (representing) the value (in tin of your merchandise). The (tax)-\nda[tum] on the caravan reached 4 3 minas and [8] shekels (per tin talent). Given [12 Z] mines (corresponding to)\nthe (tin) value of your (good), [the (tax)-datum]\nreaches a mine. (There was) z tin mine for the costs\nof transporting your fabrics to the mountain.\n14- 8Of your 6 (clothes)-kutanum, the palace took\none (cloth)-kutanum for the entrance feesb, and it (took) one on for purchase.\n18-33After the z tin mine (corresponding to the tax)-\nd8tum on your fabrics and their transport costs, as well as one\ndof your (fabrics)-kutanum that the palace took for purchase, I\nhad to compensate from my own funds, and I gave them 5\ndof your (fabrics)-kutanum for 12 shekels of silver each. (There\ntherefore) one (cloth)-kutanum that the palace took away as entrance fees and one for ten for purchase. Of the 6 red kutanum (clothes), at the rate of 15 shekels each, Ku-\ntallanum brings you 1 z silver mine to my [seal]150 Moreover, I have compensated with your silver 1 z tin mine.\n","KTS 2, 35",72,letter
85d50524-186b-bfc1-7f71-36b5152acbe6,um-ma ša ki-ma ku-a-tí-ma a-na in-bi-IŠTAR qí-bi-ma i-2 me-at 40 TÚG lu ku-wa-ú-tum lu ša kà-ṣa-ri ša a-bu-um-DINGIR ú-šé-ri-ba-ni TÚG.ḪI.A a-na É.GAL-lim e-li-ú-ma ŠÀ.BA 12 TÚG ni-is-ḫa-tim É.GAL-lúm il₅-qé 22 TÚG a-na ší-mì-im É.GAL-lúm il₅-qé 1 TÚG a-na GAL ḫu-ur-ša-tim a-ta-ta i-ší TÚG.ḪI.A a-na ša a-ta-ta ša-ak-nu-ú šu-ma-mì-in₄ TÚG.ḪI.A a-na ša a-ta-ta lá i-ši-ik-nu a-na TÚG.ḪI.A ni-ip-lá-aḫ-mì-in₄ ki-ma TÚG.ḪI.A i-na É.GAL-lim ur-dá-ni-ni 47 TÚG.ḪI.A ša ku-nu-ki-kà a-ta-ta il₅-qé 42 TÚG ša ku-nu-uk a-wi-lim a-šur-ma-lik il₅-qé 30 TÚG ša ku-nu-uk a-šur-GAL šu-IŠTAR il₅-qé ri-iḫ-tí TÚG.ḪI.A a-na a-bu-um-DINGIR ni-dí-in ù ṣú-ḫa-ru-um ša i-ku-pí-a-šur i-za-az-ma TÚG.ḪI.A a-na ší-mì-im i-ta-na-dí-nu-šu-nu,"\nThus (speak) your representatives: tell Inbi-Ištar.\n3-20As for the 240 fabrics, coming from the\nfreighter or yours, which Abum-ili sent to me, (these)\neclothes went up to the palace, and thereupon, the palace took\n12 fabrics as entrance fees. (In addition) the palace purchased\n22 fabrics. Atata brought a cloth to (give) it to the Warehouse Manager. The fabrics were placed with those\ndAtata. If (these) cloths had not been placed with Atata's, we would have been worried about them.\n21-36When the cloths came down from the palace,\nAtata took 47 cloths from your seal. Aššur-malik took 42 cloths from the man's seal. Su-Itar took 30 cloths from the seal of Aššur-rabi. We gave the rest of the fabrics to\nAbum-ili. And Ikuppi-Aššur's servant is active and constantly offers the fabrics for sale.","CCT 3, 28b",74,letter
323ffd39-65b4-17e8-e2dd-5bb980ba01a0,um-ma i-<gap>-<gap> <gap> ma a-na e-na-<gap>-<gap> ú a-sà-nim qí-bi-ma lu ku-ta-nam lu <gap> lu ša a-ki-dí-e <big_gap> ma-ma-an lá il₅-ta-na-qé ú a-na ra-dí-im ú DUB.SAR TÚG.ḪI.A iš <gap> <big_gap> <gap>-tí <big_gap> ú AN.NA 1 ma-na lá ta-da-na a-wa-at É.GAL-lim da-na lu ší-it-ra-am lu pár-ší-kam lu AN.NA 10 GÍN i-na gu₅-ul-gu₅-li lá ta-na-dí-a e-ma-ra-am SIG₅ mì-ma lá tù-šé-ra-ab a-na É.GAL-lim le-ru-ub ú ma-ma-an ša a-<gap> <big_gap> ú <gap> <big_gap> a-ma-ma-an mì-ma lá ta-da-na,"\nThus (speaks) I-[x-x]: d[is] to Enna-[x-x] and Asânum.\n4—'2No one shall [... ] a Kutânum (cloth) or an Akkadian-(cloth), nor (anyone) shall sell a single cloth or tin, even a mine to an escort\nor to a scribe. The orders from the palace are strict!\n13-25 You must not deposit any sitruma clothing,\nheaddress or even tin, even 10 shekels in\nsome [...]","BIN 6, 122",75,letter
8a3c6cba-8467-966f-d1ac-96aa283a91bd,a-na ku-zi-zi-a ú-sá-nim ù a-šur-DUG qí-bi-ma a-na ku-zi-zi-a qí-bi-ma um-ma PUZUR₄.IŠTAR-ma 0.5 ma-na KÙ.KI pá-ša-lam SIG₅ DIRI ša ḫa-ra-an a-lim{ki} i-na ṣé-ri-kà im-dí-DINGIR i-šu u₄-mu-kà e-ta-at-qú a-ḫa-ma 30 ma-na AN.NA <gap> ta-lá-qé-ma i-<gap> <gap> AN.NA 0.5 ma-na KÙ.KI SIG₅ ta-ša-qal a ma-lá ṭup-pé-e-kà ḫa-ru-mu-tim ša-qá-lam qá-bi-a-tí-ni KÙ.KI ša li-bi-kà a ma-lá ṭup-pí-i ša KÙ.KI kà ku-nu-uk-ma a-na a-šur-DUG pí-qí-id-ma lu-ub-lam a-bi a-ta a-na-kam-ma aṣ-ba-at-kà um-ma a-na-ku-ma KÙ.KI ša li-bi-kà šu-qúl um-ma a-ta-ma KÙ.BABBAR 1 GÍN a-na a-kà-li-a lá-šu iš-tí a-šur-ták-lá-ku DUMU a-lá-ḫi-im a-wa-tí a-lá-qé-ma a-lá-ak i-na wa-aḫ-šu-ša-na É.GAL-lúm bu-lá-tí-a ú-ta-ra-ma KÙ.KI ša li-bi-a a-kà-na-kà-ma ú-šé-ba-lá-kum a-na ú-sá-nim qí-bi-ma a-šur-DUG né-eš₁₅-pè-er-tám ša a-bi-ni a-šur-DUG na-áš-a-kum ší-ta-me-ší-ma a-na a-šur-DUG dí-ši,"\nTell Kuziziya, Usanum and Aššur-tab; tell Kuziziya\nathus (speak) Puzur-Ištar.\n5-19Imdilum has (in debt) on you â mine of pure gold\ndexcellent quality for the caravan of Asšur. Your deadlines\nhave passed. In addition, you receive 30 tin mines, then you will pour the tin (and) good quality [gold] mine into Wahsušana. You have received the order to pay (the indicated amount) on your tablets in sealed envelopes. (Therefore), the gold that you possess, in accordance with your tablets,\n154. L. 24: i-td-ra-se (ZU).","CCT 2, 46b",78,letter
50f8ee73-aa81-b308-2740-946a3ee1d44f,a-na PUZUR₄-a-šur qí-bi-ma um-ma e-na-a-šur-ma i-na šé-nim u₄-mì-im ša ta-ta-al-ka šu-IŠTAR 20 {TÚG}ku-ta-ni a-na wa-aḫ-šu-ša-na ú-bi-il₅-ma a-dí-ni lá i-tù-ra-am a-bi a-ta be-lí a-ta a-na šál-ṭim lá ta-ša-ki-ni ù a-na wa-wa-li um-ma a-na-ku-ma e-ri-qá-tim iš-tí É.GAL-lim e-ri-iš-ma a-dí ṣú-ḫa-ru i-ma-qú-tù-ni-ni lu er-sú-wa a-ma-ma-an lá i-da-nam u₄ a-na É.GAL-lim a-dí-i e-ri-qá-tim lá i-qá-bi-ma e-ri-qá-tim lá nu-šé-ša-ar a-na-kam we-da-ku i-ḫi-id-ma té-er-ta-kà ar-ḫi-iš li-li-kam-ma lá-ma ma-tám e-ṣa-dum iṣ-bu-tù URUDU a-na bu-ru-uš-ḫa-dum lu-šé-ri-ib,"\nTell Puzur-Aššur: thus (speak) Enna-Aššur.\n3-8The day after you left, Sü-Ištar brought 20 kutdnum cloths to Wahsušana, but until now he has not returned. You (are) my father and my master,\ndon't blame me for that!\n8-140r I (said) this to Wawali: ""Request carts from the palace, so that they are ready when the servants arrive."" »\n15-25Not only does he not give (them) to me, and as long as he doesn't say anything to the palace about the chariots, we won't be able to have the chariots prepared! Here I am all alone, see that your message reaches me quickly so that I can bring the copper into Burušhattum before the work of the harvest occupies the country.","TC 3, 3",81,letter
3d7a4ce7-e2e6-4854-b816-0bb6056143da,um-ma im-dì-DINGIR-ma a-na a-šùr-na-da qí-bi-ma i-na ṭup-pì ší-ta-pu-ri-im a-ta-aḫ-da-ar a-na <big_gap> a-šur-ta-ak-la-ku a-<gap> <big_gap> a-na pu-ru-uš-ḫa-tim a-ṣé-er ru-ba-im GAL i-ša-pár-šu-ma iš-ti kà-ri-im e-na-na-tim e-ri-iš-ma um-ma šu-ut-ma a-na a-lim{ki} ḫa-ra-ni e-na-num ù ku-a-tí a-na kà-ri-im ú-ma-ša-aḫ-kà um-ma šu-ut-ma a-šùr-na-da KÙ.BABBAR ma-dam ú-kà-al-ma a-šu-mì na-pá-áš-ti-a e-ṭá-ri lá a-li-a ù a-na kà-ri-im um-ma šu-ut-ma ṭup-pá-am ša ma-lá lu-qú-tám ú-kà-lu lu-šé-ṣí-a-ma am-ra kà-ru-um ú-lá e-ta-na-an-šu-um a-na pu-ru-uš-ḫa-tim i-lá-ak i-na ša-am-ší ṭup-pí ta-ša-me-ú iš-tí ì-lí-áš-ra-ni tí-ib-a a-tal-kam-ma a-pí-iš a-ḫu-kà a-na-kam la-šu ú a-šar KÙ.BABBAR 1 GÍN i-ṣé-ri-kà lá-qá-im lu ni-im-lik-ma ṭé-em-ni lu ni-iṣ-ba-at a-ḫu-kà e-na-šu ik-lá a-sú-ri iš-tù iš-ti ru-ba-im a-wa-sú i-lá-qé-ú a-ma-nu-ma a-na ṣé-ri-a e-ti-qám-ma a-ma-kam e ú-ni bu-lá-tí-kà e it-ba-al e ú-ḫa-li-qá šu-ma lá ta-ḫi-id-ma lá ta-ta-al-kam ḫa-al-qá-a-ti ki-ma a-ḫu-kà ṣa-aḫ-ru-um ú-ni-ú-kà,"\nThus (speaks) Imdilum: say[s] to Aššur-nâdd.\n3-23I have had enough of constantly writing letters to you!\nI[this], Aššur-taklâku, [your] brother, must write to Burušhattum\nthe great prince. If he asks for a favor from the\nkdrum in these words: ""I'm going to Aššur, grant me a favor!"" "", then he could take you by force to the\nkdrum. (Indeed) he (may say) this: “Aššur-nadd\ndhas a lot of money, and that is why I cannot save my life”, or he (may say) this to the\nkdrum: “I will produce the tablet concerning the quantity of merchandise he holds and see! » (To the extent) that the kdrum does not grant him this favor, he will go to\nBurušhattum.\n24-38The day you learn of my ta-\nblette, set out and come here with lli-ašranni, and from\n160. In times of war, the merchant is par excellence the last person free to move between different States, see for example the letter from Mari A. 350 + A. 616, D. CHARPIN, Cahiers de NABU 1 [1990], p. 120, C. MICHEL, (""Trade in the texts of Mari"", Amurru 1, Paris, 1997, p. 411-413 and D. CHARPIN and J.-M. DURAND, ""Ašsur before Assyria)), MARI 8 [1997], p. 377-381.",TTC 27,82,letter
a4b161aa-46a1-408c-baf1-cc5a826a7787,um-ma a-šur-ma-lik-ma a-na dan-{d}a-šur ù PUZUR₄-a-šur qí-bi-ma a-na PUZUR₄-a-šùr qí-bi-ma a-ḫi a-ta la li-bi₄ DINGIR-ma i-bi-sà-e a-ta-ma-ar a-wa-tám iš-té-e a-na a-wi-lim qá-ar-be i re-eš₁₅ a-wi-lim pí áš-ta-as ma-la i pí a-wi-lim ta-ša-me-ú da-mì-iq-tám ù da-mì-iq-ta-ma ú-zi-ni pí-té-e mì-šu-um i-na bu-la-tí-a 2 TÚG.ḪI.A tap-súm É ṣí-li-IŠTAR ú-kà-al 8 GÍN KÙ.BABBAR ší-im TÚG.ḪI.A ša tí-im-li-ki-im i li-bi₄-kà ší-té-e KÙ.BABBAR dan-{d}a-šur li-iš-qú-ul-ma 2 ṣú-ba-tí-a šé-ṣí-a,"\nThus (speak) Aššur-malik: say to Dan-Aššur and Puzur-\nAššur; tell Puzur-Aššur.\n5-15You (are) my brother. Alas, I have suffered losses.\nSay a word to the man, you will be at the man's disposal, and inform us positively about everything you hear from the man's lips.\n16-24Why then does Tapum, from the\nSilli-Ištar firm, hold 2 fabrics of my operating capital?\nYou still owe 8 shekels of silver corresponding to the price of the fabrics of the man of Timilkiya. Dân-Aššur must pay you the rest of the money, and bring out the 2 cloths belonging to me.\n",KUG 32,86,letter
73e76040-c81a-8624-62d0-d23117a8c384,um-ma a-sà-num-ma a-na a-ni-na-a qí-bi-ma áš-pu-ra-ku-um um-ma a-na-ku-ma 90 TÚG SIG₅ e-zi-ib a-pu-tum me-at TÚG.ḪI.A SIG₅ wa-at-ru-tim lu i-na té-ga-ra-ma lu i-na ba-ra-tí-im e-zi-ib a-šu-mì SIG₅-qí-im ša-áb-ma <gap> mì-ma li-ba-ak-nu lá i-ma-ri-iṣ a-na-kam ru-ba-um ú-ma-nam a-na pá-ni-ku-nu i-ṭá-ar-dam e-ma-ri ra-qú-tim a-na na-áb-ri-tim i-dí-i e-ma-ri da-nu-tim a-ni-ša-am šé-ri-ba-am 10 ma-na URUDU SIG₅ e-nu-be-lúm na-áš-a-ku-um,"\nThus (speaks) Asânum: tell Aninaya.\n3-I°Really I wrote you this: “Leave 90 fabrics of\ngood quality! » Please leave a hundred\nclothes of excellent quality I62 in Tegarama or in\nBurudduma.\n10-16 Regarding another pathb, you have nothing\nto fear. Here, the prince has sent a troop to meet you!\n17-2IPlace the skinny donkeys to pasture (and) bring the sturdy donkeys\nthis way.\n22-24Ennum-Bélum brings you 10 copper mines of\ngood quality.\n","CCT 3, 44b",88,letter
aa93457a-fb32-9133-4a8f-70586a0d13af,<big_gap> <gap> <big_gap> ša a na <big_gap> a-na-kam ru-ba-um wa-áš-ḫa-na-i-um i-li-kam a-na bu-ru-uš-ḫa-dum ù ḫa-tim ik-ta-lá-ni a-dí-i 50 u₄-me-e ú-ta-qá-ma šu-ma ḫa-ra-nam a-na ḫa-tim lá ú-ta-šé-er KÙ.BABBAR a-kà-na-ak-ma i-na ṣú-ḫa-ri-i-a 1-iš-té-en₆ i-na ša-ḫa-at um-mì-i-a e-zi-ib-ma ù a-na-ku iš-tí KÙ.BABBAR-pì-im 1 ma-na ša iš-tù bu-ru-uš-ḫa-dum ú-šé-ṣí-ú-ni-ni a-ta-be-a-ma a-na kà-ni-iš a-ta-la-kam <big_gap>,"\n[D]i[s to NP]. and NP2]: thus (speak) Pu]zur-Aš[šur]163\n4-7The prince of [Wa]šhaniya came here, and he\nstopped me (from going) to Burušhattum and Hattum.\n8-23I then waited 5 days. If he does not let me\ntake the road to [Ha]ttum, then [I] will seal [the copper]\nand I will let one of my servants take care of my\ncopper. As for me, I am preparing to leave for Kaniš with\neach silver mine that will have been brought out for me from\nBurušhattum [...] (gap).\n","CCT 5, 15b",89,letter
54c0dc77-2234-4164-9472-e560115f33ea,a-na ru-ba-im ší-ir-mì-i-a-im qí-bi-ma um-ma kà-ru-um kà-ni-iš-ma 1 ma-na KÙ.BABBAR ṣa-ru-pu-um ù 3 GÍN KÙ.GI <gap> a-lá-a-a ù a-gu-a ší-ip-ru-ni na-aš-ú-ni-kum ṭup-pì-kà ni-iš-me-ma li-bi-ni-ma <gap> <gap>-aš a ma-la ta-aš-pu-ra-ni e-pu-uš-ma ta-aq-bi-ta-kà i li-bi₄-ni i-ba-ší me-ra-ni be-el-ni a-ta ma-la ší-ip-ru-ni i-qá-bi-ú-ni-ku-ni <gap> <big_gap> <gap> DUMU <gap> ša a-na ṣé-ri <gap> i-lá-kà-ni <gap> li <gap>,"\nTell the prince of Sirmiya: thus (speaks) the kârum of\nKanis.\n5-9Abi-Aya and Agua, our messengers, bring you 1 mina of fine silver and 3 shekels of gold.\n'0We have listened to your tablet and we [are] worried [...] (gap)",KTP 6,97,letter
e8f610c1-c729-3dbb-7acf-e308ab94799b,a-na i-na-a qí-bi-ma um-ma e-lá-lí-ma iš-tù a-li-kà-ni i-dí-ku-bu-um ù ILLAT-sú 10-tum ša ḫa-ḫi-im ù a-na-ku a-na É.GAL-lim né-ta-na-li-ma ru-ba-ú ki-ma i-ta-pu-lim i-ta-na-pu-lu-ni-a-tí a-ma me-eḫ-ra-at ma-mì-tim ša ú-bi-lu-ni-a-tí-ni a-na kà-ri-im lá-pu-ta-nim ù ší-ki-tám ni-im-gu₅-ur-šu-nu-ma a-wi-lu-ú i-ta-ba-al-ku-tù LUGAL da-me e-ta-pá-áš-ma ku-sí-šu lá ta-aq-na-at ší-ik-na-tum a-ḫu-ra ru-ba-ú i-na ba-ri-šu-nu i-ta-ṭù-lu a-bi a-ta be-li a-ta ki-ma ṭup-pá-am kà-ru-um iš-me-ú-ni mu-ḫu-ur-šu té-er-tí kà-ri-im ù té-er-ta-kà li-li-kam-ma lá-tal-kam a-ma-kam-ma ta-ta-wa-am um-ma a-ta-ma e lá ta-ap-ri-id a-na-ku a-na a-lá-ki-a ù a-dí u₄-mì-im a-nim na-ak-ṣú-dí-a a-wa-tám a-ni-tám aḫ-ša-aḫ-ma a-bi a-ta a-lá-nu-kà ma-nam i-šu u₄-me-e ma-du-tim a-ta-ša-áb a-na kà-ri-im i-ḫi-id-ma lá-ma ku-ṣí-im lá-tal-kam-ma lá áp-ri-<gap> <big_gap> <gap>-šu-ni <gap> ni i-na áp-ri-<gap> <gap> <big_gap> ḫa-lá-qám <big_gap> e iḫ-li-qú tí <gap> um-ma 10-tum-ma at-lá-ak-ma iḫ-da ru-ba-um <big_gap> a-dí <big_gap>,"\nTell Innaya: thus (speaks) Elâ11..\n2—I0Since my arrival, Iddi(n)-Knbum and (the members) of his caravan, the “group-of-tenx” of Hahhum\nand myself, we have gone up several times\nto the palace, but the princes keep us hanging around as best they can. There, copies of the oath they offered us were written for the kdrum.\n11-23 (After) we settled an agreement with them,\nthe men changed their minds. The king has shed blood and his throne is no longer secure. The agreements are postponed. The\nprinces watch over each other. You (are) my father, you\n(are) my master. When the kdrum has heard the tablet,\nmake contact with him so that the\nkdrum's instructions and your own instructions reach me and that\nI can leave immediately.\n23-29Even there, you (declared) this: ""Fear nothing, myself, for [...] until this day, (despite) my\ndelay, I wanted (to carry out) this matter! »\n29-34r (es) my master, who do I have other than you?\nNow it has been many days since I was stuck\n(stuck here), that said, I intend to go to the kdrum\nbefore winter].","CCT 4, 30a",98,letter
b89b30a0-90f4-46aa-a0cb-175c0c80e733,a-na i-na-a qí-bi-ma um-ma e-lá-lí-ma na-áš-pè-er-tám ša kà-ri-im ša a-na ru-ba-e lá-pu-ta-at-ni ša-ma-am ù-lá i-mu-ú ù na-áš-pè-er-tám ša-li-ṭam ša a-na 10-tim ú i-a-tí lá-pu-ta-at-ni 10-tám ù-ša-ak-ni-ik-ma ù na-áš-pè-er-tám ša ru-ba-ú ša-ma-am lá i-mu-ú-ni 10-tum ú-lá-pì-ta-ma na-áš-a-ku ki-ma na-áš-pè-ra-tí-kà i-na tí-mì-il₅-ki-a áš-me-ú a ší-a-tí i-na ḫu-ra-ma ak-ta-lá a-bi₄ a-ta be-lí a-ta ki-ma a-šur-be-el-ma-al-ki-im e-ru-ba-ni iš-té-en₆ i-na ṣú-ḫa-ri ṭur₄-dam-ma úz-ni pì-té-ma le-ru-ba-am šu-ma e-ra-bi₄ lá i-ba-ší té-er-ta-kà li-li-kam-ma na-áš-pè-ra-tim a-na kà-ri-im lu-šé-bi₄-lam a <big_gap> <gap> a-na <big_gap> ú <big_gap> li-li-kam <big_gap> tù <big_gap> <gap>-kam lu <big_gap> <gap>-ma ù e-ni-kà lá-mu-ur-ma ki-ma e-en₆ a-bi₄-ni a-mu-ru ta-ma-li-kà-ni,"\nTell [to] Innâya: thus (speak) Elâli.\n3-15The message of the kârumn which was written for the\nprinces, they refused to listen to it, and as for the message\nauthorization which was written for the ""group-of-ten""\and for me, I had it sealed (by) the ""group-of-ten"",\and the ""group-of-ten"" wrote a note (saying) that the princes refused to listen to him; I bring (it) to you.\n15-26Since I had listened to your instructions in Ti-\nmilk3ya, because of this, I remained in Hurrama. You (are) my father, you (are) my master. As Ashur-bel-malkim has\nreturned, send me one of the servants and inform me because\nI would like to return (me too). If it is impossible for me to return, may your instructions reach me so that I send messages to the [kâ]rum [...\n27-31 (gap passage)\n31-33 so that I see you personally [as] I would have seen our father personally; [...] you will advise me.\nBIBLIOGRAPHY: This tablet is edited, collated and\ncommented by C. MICHEL, Innâ,ya, n°48, p. 73-74, it relates the same events and involves the same characters as 98.","CCT 6, 15b",99,letter
b2c4d6aa-2639-45af-b7f4-f8a042a7e50e,a-na ú-ṣur-ša-a-šur qí-bi-ma um-ma DINGIR-i-dí-ma a-ma-la tù-ša-ḫi-zi-ni a-na É.GAL-lim e-li-ma té-i-ra-tí-kà a-du-ú-ma um-ma ru-ba-um-ma ma-la ú-na-ḫi-du-šu-ni a-wa-tí-a ú-kà-al um-ma ru-ba-um-ma a-šu-mì KÙ.GI ú ša šu-lu-a-at té-er-tám ub-la-ni a-na wa-aḫ-šu-ša-na a-ša-pá-ar ú pé-er-dam ú-šé-ba-al a-pu-tum a-na wa-aḫ-šu-ša-na šé-ep-kà la ta-ša-kà-an a-dí ru-ba-am bu-ru-uš-ḫa-tí-am ú ú-šu-na-la-i-am ú wa-aḫ-šu-ša-na-i-am ra-bi sí-ki-tim ú-ta-mu-ú ú-la i-la-kam a-na-kam i-ma-at ša-ar-la ša-bu-a-i-ú ḫa-ra-na-am ú-kà-i-lu-ni-a-tí-ma i-ṣa-áb-tù-ni-a-tí 1 {TÚG}ku-ta-nu-um SIG₅ ut-ru-um a-na-ku <big_gap> i-la-áp-ta É tám-kà-ri-im ni-sí ù mì-ma ša na-áš-a-ni-ni i-ṣa-áb-tù-ma ú ni-a-tí ú-ta-ší-ru-ni-a-tí um-ma ru-ba-um-ma a-ša-pá-ar šu-lu-a-at ú a-bi-ì-lí a-ší-a-ku-nu ú-ta-ru ù KÙ.GI a-na-ku-ma ú-ša-ba-šu-nu ú-ṣur-ša-a-šur mì-ma la i-da-an ru-ba-um SIG₅ e-ta-ú um-ma šu-ut-ma lá i-ḫa-da-ar a-dí ḫa-ra-na-am ú-šé-šu-ru-šu-ni a-na-kam a-mu-ur-qá-tí-IŠTAR la-šu ni-ša-pá-ar-šu-ma i-na la-mu-na šu-ma i-ta-al-kam a-na ma-la té-er-tí-kà e-pá-áš sú-a-tim ša ta-aq-bi-a-ni um-ma ru-ba-um-ma mì-šu-um lá ú-šé-bi-la-ší-na,"\nTell Usur-sa-Assur • thus (speak) lli-iddin.\n2-17As you indicated to me, I went up to the palace, (the authorities) took note of your messages,","AKT 1, 78",100,letter
e35b6f80-bc2e-45e7-972a-9b8ca3c6e9da,0.5 ma-na KÙ.BABBAR ṣa-ru-pá-am bé-ú-la-at a-na dan-IŠTAR-za-at la-qé-ep i-dí-in iš-tí KÙ.BABBAR uk-ta-al IGI a-gu₅-a IGI PUZUR₄-ti-a-am-tim,"\nTell Innâya, Enah-ili, Aššur-taklâku, Galgalliya and\nNazi: thus (speak) Aššur-malik.\n5-12IIapuala, the princess's shepherd, owes me 12 2\nmines of silver and 100 sacks of barley. I hold his tablet in an envelope sealed with his seal. For four years, (the money)\nhas been going to him at interest according to the Kaniš rate.\n12-19You (are) my fathers (and) my masters, as much as you can, make him give him the capital and the cereals,\nand impose on him the interest in money and in cereals so that he\npays it annually.\n2°—""You (are) my fathers and my masters, take care to\nmake sure that you receive my fixed amount of money and my\nfixed amount of grain and for the interest of the money and\nthe interest of the grain, write down his debt tablet\ninform me which of his representative or his servant took\nhis half from our father's share which he left in Usur-ša\nAššur.\n","ICK 1, 13",102,debt note
9ec54fd0-c3a8-6da9-174f-8f9e15062f2d,a-na a-šùr-na-da qí-bi₄-ma um-ma ú-ṣú-ur-ša-a-šùr-ma ù a-šùr-ta-ak-lá-ak-ma 2 ma-na KÙ.BABBAR ku-nu-ki-ni da-a-a ù DUG-ṣí-lá-a-šùr na-áš-ú-ni-kum a-na-kam kà-ra-am am-ḫu-ur-ma ta-ta-lá-kà-nim i-na ú-mì-im ša ṭup-pá-am ta-ša-me-a-ni tí-ib-a-nim-ma a-tal-kà-nim a-šu-mì 25 {TÚG}ku-ta-ni ša tù-šé-bi₄-lá-ni-ni i-na lu-ḫu-sà-tí-a ṣa-áb-tù a-na É.GAL-lim né-li-ma um-ma ru-ba-tum-ma ṣa-bi₄-it TÚG.ḪI.A a-na AN.NA i-la-kam šu-ma {TÚG}ku-ta-nu i-ba-ší-ú li-qé-a šu-ma lá-áp-tù KÙ.BABBAR li-qé,"\nTell Aššur-nddd: thus (speak) Usur-ša-Aššur and\nAššur-taklaku.\n4-14Ddya and Tdb-silli-Aššur bring you 2 silver mines to our seal. Here I have addressed the kdrum and you\ncan leave. The day you hear the tablet, set out and come.\n15-25Regarding the 25 kutdnum cloths that you\nsent to me, they were seized in Luhusaddiya. We went up to the palace, and the princess replied: “He who seized the fabrics (and) the tin will come here. If the kutdnum fabrics are available, take them, if they have been damaged, (then) take moneybI73. »\n","CCT 4, 19c",103,letter
7eb66680-0d33-482b-8663-c92775dab0ba,um-ma PUZUR₄-a-šur-ma a-na a-ta-ta-a ù a-šur-ma-lik qí-bi-ma a-pu-tum iḫ-da-ma KÙ.BABBAR lu ša ru-ba-tim lu ša GAL ṣé-ri-im ša-áš-qí-lá lá a-kà-ša-dam KÙ.BABBAR pá-num-ma ša ta-ma-ḫa-ra-ni a-na ša ki-ma i-a-tí šu-uq-lá 12 GÍN KÙ.BABBAR ša ar-nu-ma-an ḫa-bu-lá-ni ša-áš-qí-lá-šu še-um ša du-ru-ùḫ-<gap> <big_gap>,"\nThus (speaks) Puzur-Aššur: tell Atata and Aššur-malik.\n4-10Please make sure that the money is paid, whether it's the princess's or the rabi grima's so that\nI don't have to contact them. As soon as you receive the money, pay it to my representatives. 10-12 (As for the) 12 shekels of silver that Arnuman owes me, make him pay it. 13 The barley of Durhumit [...] (gap)","BIN 4, 93",104,letter
cbcb8cbf-f2b1-40d9-871b-40dbee2e6146,a-na a-šur-i-mì-tí šu-IŠTAR bu-bu-ra-nim ù en-na-nim qí-bi₄-ma um-ma im-dí-DINGIR-ma 20 ma-na KÙ.BABBAR ṣa-ru-pu-um ni-is-ḫa-sú DIRI ša-du-a-sú ša-bu ku-nu-ki-a pu-šu-ke-en₆ na-áš-a-ku-nu-tí a-šu-mì ší-im É-té-e KÙ.BABBAR ša iš-tí a-wi-la-tim a ṣí-ib-tim ta-al-qé-a-ni-ni KÙ.BABBAR a-wi-lá-tim šu-uq-la-ma ù ṭup-pá-am ša ku-nu-ki-ku-nu li-qé-a a-ma-tù-kà ša-ḫi-ta-ší-na-ma KÙ.BABBAR 1 GÍN ṣí-ib-tám mì-ma i-ṣé-ri-a lá i-lá-qé-a ki-ma ṣí-ib-tí-ší-na TÚG.ḪI.A lu-šé-bi₄-lu-nim-ma KÙ.BABBAR 1 GÍN ra-mì-ni lá-ak-bu-ús-ma lu-da-mì-iq-ší-na-tí ù TÚG.ḪI.A ša ku-tal-lá-num na-áš-ú-ni e-ra-ba-ma KÙ.BABBAR 1 GÍN ra-mì-ni a-kà-ba-as-ma ki-ma ṣí-ib-tí-ší-na lu-da-mì-iq-ší-na-tí ṣí-ib-tám i-ṣé-ri-a mì-ma lá i-lá-qé-a-ma li-bi₄-i la i-ma-ra-aṣ <big_gap>,"\nSay [to] Asšur-imitti,Su-Ištar, Puppurânum and Ennâ-\nnum: thus (speak) Imdiluma.\n5-16Pllsu-kn brings you 20 mines of fine silver —\nentrance fees extra, consignment tax paid — under\nmy seal. Concerning the price of the houses, pay to the ladies the money that you borrowed against interest from them for me, then collect the tablet (of debt) in your seal. 16-23 As for your maids, scare them so that they will no longer borrow money against interest in my name, even for a century. Instead of (making me pay) their interest, let them send me stuff so that I can do my best for every shekel of silver I can earn189. See section 3.5 below. p. 229-233.","ICK 1, 192",106,letter
bca57ef7-f04e-8d46-283e-94018da9abb9,a-na pu-šu-ke-en₆ qí-bi₄-ma um-ma a-ḫu-qar PUZUR₄-a-šùr ù dan-a-šùr-ma ta-áš-pu-ra-am um-ma a-ta-ma ša 33 ma-na KÙ.BABBAR AN.NA ša-ma-nim eq-lúm li-iṣ-ba-sú ba-at-qú-um ù wa-tù-ru-um AN.NA ba-ab-šu lá-šu 17 ma-na KÙ.BABBAR ša DINGIR-ma-lik ub-lá-ni i-na ku-nu-ki-šu i-ba-ší i-na e-ra-ab AN.NA a ma-lá té-er-tí-kà ni-ša-a-ma-ku-um KI ba-tí-qí-im nu-šé-ba-lá-ku-um ni-is-ḫa-tum ù <gap>-<gap> ša-du-a-tám iṣ-ḫe-er-ma 7.5 ma-na 2 GÍN KÙ.BABBAR KI ga-zi-a ni-il₅-qé-ma a-šar a ṣí-ib-tim il₅-qé-ú-ni ni-iš-qúl 0.33333 ma-na 7 GÍN KÙ.BABBAR ṣí-ib-tám i-na KÙ-pì-kà ni-iš-qú-ul ra-qá-tám ša ta-áš-pu-ra-ni lá-šu,"\nTell Pušu-kén: thus (speak) Ahu-(wa)qar, Puzur-\nAššur and Dan-Aššur.\n4-16You have written (to us) this: “Regarding the 33\nsilver mines, buy tin. » (Money) can always travel, (here) there is no supply of tin, even expensive or cheap! The 17 silver mines that Ili-bâni brought are still under his seal. When tin\narrives, we will buy it from you according to your instructions; we will send it by special traveler. 17-25 We received 7 mina and 2 shekels of silver, less the entrance fees and the consignment tax, from Gaziya and we paid it where he had taken out loans against interest. We have taken seven shekels\nof silver as interest on your money.\n6-27Concerning the fine material about which you\nwrote to me, there is none.\n","CCT 5, 5b",109,letter
94b64f37-ae97-f90d-ec7b-7969cd68190c,um-ma pí-lá-ḫa-a ni-ma-a-šur ù ma-num-ba-lúm-a-šur-ma a-na {d}en-LÍL-ba-ni ù ku-ku-lá-nim qí-bí-ma 30 ma-na KÙ.BABBAR ni-is-ḫa-sú DIRI ku-nu-ki-ku-nu ku-ku-lá-num ub-lam KÙ.BABBAR ni-is-ni-iq-ma 0.66666 ma-na KÙ.BABBAR im-ṭì ŠÀ.BA me-at 14 {TÚG}ku-ta-nu KÙ.BI 7.5 ma-na 4.25 GÍN 2 GÚ 15 ma-na AN.NA ku-nu-ku 13.25 GÍN.TA 40 ma-na AN.NA ku-nu-ku a-ḫa-ma 8 ma-na AN.NA ku-nu-ku 13 GÍN.TA KÙ.BI 13.83333 ma-na 3.75 GÍN 6 ANŠE ṣa-lá-mu 2 ma-na 8 GÍN KÙ.BABBAR qá-dum ú-ku-ul-tí-šu-nu it-bu-lu 16 GÍN KÙ.BABBAR ú-nu-sú-nu 37 ma-na AN.NA qá-tim 13 GÍN.TA KÙ.BI 2.83333 ma-na 2.16666 GÍN 1 ma-na KÙ.BABBAR be-ú-lá-at 2 kà-ṣa-ri 4 GÍN lu-bu-šu-nu 7 GÍN KÙ.BABBAR a-ṣé-er be-ú-lá-tí-šu a-na na-bi₄-sú nu-ra-dí 12.5 GÍN té-ṣú-bu 2.5 GÍN ša sà-e-tim 15 GÍN wa-ṣí-tum 6 GÍN KÙ.BABBAR a-na qá-tí a-šur-ma-lik ni-dí-in 0.83333 ma-na KÙ.BABBAR ku-ku-lá-num il₅-qé um-ma šu-ut-ma šu-ma DAM.GÀR KÙ.BABBAR lá uš-ta-ak-ší-da-ni i-na KÙ.BABBAR a-nim a-lá-qé,"\nThus (speak) Pilahâya, Irma-Aššur and Mannum-ba-\nlum-ASšur: say to Enlil-bâni and Kukkulänum.\n5-8Kukkulânum brought 30 silver mines — plus entry fees — to our seal. We checked the silver, and 3 mines of silver were missing.\n9-26On it: 114 fabrics- kutdnum whose price is\n7 to mines 4 4 shekels of silver; 2 talents 15 mines of sealed tin, at the rate of 13 4 shekels (of tin) per (shekel of silver);\n40 mines of sealed tin, in addition 8 mines of sealed tin at the rate of 13 shekels (of tin) per (shekel of silver): their price","CCT 3, 27a",111,letter
9bbb4929-8029-dc80-3fd0-1fc6d9341ce9,um-ma a-šùr-i-mì-tí šu-IŠTAR en-na-nim ù bu-bu-ra-nim-ma a-na im-dí-lim qí-bi-ma 1 GÚ KÙ.BABBAR ku-nu-ki-kà a-mur-IŠTAR ub-lam 12 ma-na KÙ.BABBAR ku-nu-ki-kà a-šùr-ma-lik ub-lam ŠÀ.BA <big_gap> 8 GÚ 40 ma-na AN.NA ku-nu-ki-ni 50 ma-na AN.NA-ak qá-tim 16 GÍN.TA KÙ.BI 35.66666 ma-na a-ḫa-ma <big_gap> 0.66666 ma-na KÙ.BABBAR a qá-tí a-mur-IŠTAR nu-ṣí-ib 1 me-at {TÚG}ku-ta-nu qá-dì ša li-wi-tim 9.33333 ma-na KÙ.BABBAR it-bu-lu i-na na-áš-pá-ar-tí-ni 1.66666 ma-na LÁ 2 GÍN.TA KÙ.BABBAR ni-sí-ma ni-ìš-pu-ra-kum wa-ar-kà-num 1.5 ma-na 7 GÍN.TA KÙ.BABBAR ni-dí-in 4.33333 GÍN KÙ.BABBAR 1 TÚG ša sà-e-tim ni-im-ší-ma ú-lá ni-il₅-pu-ta-kum 7 ANŠE ṣa-lá-mu 1.8333300000000001 ma-na 3 GÍN KÙ.BABBAR it-bu-lu 0.33333 ma-na KÙ.BABBAR ú-nu-ut ANŠE.ḪI.A 2.5 GÍN ú-ku-ul-tí ANŠE.ḪI.A 0.5 ma-na bé-ú-lá-tí-šu 2 GÍN lu-bu-šu sà-ak-lá-num il₅-qé 0.5 ma-na bé-ú-lá-at ṣú-ḫa-ri-šu 2 GÍN lu-bu-šu a-mur-IŠTAR il₅-qé 7.33333 GÍN KÙ.BABBAR ig-ri {d}UTU.DUG ší-ma-at-a-šùr tal-qé 5 GÍN KÙ.BABBAR {d}UTU.DUG il₅-qé 15 GÍN KÙ.BABBAR té-ṣú-bi a-mur-IŠTAR il₅-qé 0.33333 ma-na 5 GÍN wa-ṣí-tum mì-ma a-nim ku-nu-ki-ni a-mur-IŠTAR ub-lá-kum 2 GÚ 10 ma-na AN.NA ku-nu-ki-ni 8 ma-na 7.5 GÍN KÙ.BABBAR it-ba-al 10 ma-na AN.NA-ak qá-tim 0.66666 ma-na KÙ.BABBAR it-ba-al 10 {TÚG}ku-ta-nu qá-dí ša li-wi-tim 0.83333 ma-na KÙ.BABBAR ší-im-šu-nu 1 ANŠE 17 GÍN KÙ ší-im-šu 2.5 GÍN ú-nu-ut ANŠE 8 GÍN KÙ.BABBAR mì-ša-al sà-ri-dim a-na a-šùr-ma-lik ni-dí-in 5 GÍN wa-ṣí-tum mì-ma a-nim a-šùr-ma-lik DUMU èr-ra-a na-áš-a-kum 5 GÍN KÙ.BABBAR ni-is-ḫa-at 2 ma-na KÙ.BABBAR ša NA₄.GÌN.ZA ni-iš-qúl ší-tí KÙ-pì-kà 11.83333 ma-na LÁ 1 GÍN a-na 10 ma-na KÙ.BABBAR É bi-lá-nim DUMU nu-ur-IŠTAR ni-ìš-a-ma-kum a-na 3 ma-na 5 GÍN KÙ.BABBAR É šu-be-lim ni-ìš-a-ma-kum KÙ.BABBAR iš-tí ší-ma-at-a-šùr ni-il₅-qé-ma ni-iš-qúl 5 ma-na KÙ.BABBAR i-na lu-qú-tim a-ni-tim ni-dí-ší-im 5 ma-na KÙ.BABBAR a-na ší-im É šu-ḫa-bu-ra a-na li-mì-im ni-iš-qúl ší-tí KÙ-pì-kà <big_gap> 1.8333300000000001 ma-na <big_gap>,"\n[So]if (speak) Asur-imitti, Sn-Istar, Enndnum and","CTMMA 1, 75",112,letter
52a1cf8d-f03b-178d-396e-524aa0cd1a21,um-ma ša-lim-a-ḫu-um-ma a-na la-qé-ep ú pu-šu-ke-en₆ qí-bi-ma 6 GÚ 30 ma-na AN.NA ku-nu-ki-a 18 TÚG šu-ru-tum ša li-wi-tim 1 me-at 10 {TÚG}ku-ta-nu 7 ANŠE.ḪI.A ṣa-lá-mu 1 GÚ 10 ma-na AN.NA a qá-tí-šu-nu mì-ma a-nim ku-nu-ki-a šu-sú-en₆ ú dan-a-šùr i-ra-de₈-ú-ni-ku-nu-tí ŠÀ 10 TÚG ša dan-a-šùr 1 {TÚG šu-ra-am a-na a-wi-il₅-tim dí-na AN.NA ú TÚG.ḪI-tí-a a-na DAM.GÀR ke-nim ša ki-ma qá-qí-dí-ku-nu a u₄-me qú-ur-bu-tim dí-na šu-ma a u₄-me qú-ur-bu-tim lá i-ba-ší ki-ma i-qí-pu-ni AN.NA ú TÚG.ḪI-tí-a a-na DAM.GÀR ke-nim ša ki-ma qá-qí-dí-ku-nu dí-na DAM.GÀR-ku-nu lu ke-en₆ ITU.KAM iš-té-en₆ ú šé-na lá tù-šé-qá-ra KÙ ma-lá i-na ṣé-er DAM.GÀR ta-na-dí-a-ni ú u₄-me i-na ṭup-pì-ku-nu lu-up-ta-nim 2 ri-ik-sà-an 14 ma-na AN.NA a-na a-gu-a 6 {TÚG}ku-ta-nu a-ḫa-ma a-na DAM.GÀR-ri mì-ma a-nim a-ṣé-er lá-qé-ep ú pu-šu-ke-en₆ šu-sú-en₆ ú dan-a-šùr na-áš-ú ANŠE.ḪI.A ṣa-lá-me TÚG.ḪI.A ša dan-a-šùr iš-tí ANŠE.ḪI.A ṣa-lá-me e-mì-da-ma a-na u₄-me qú-ur-bu-tim dí-na a ba-áb ḫa-ra-ni-šu KÙ.BABBAR li-ší-qí-il₅-ma i šé-pì-šu KÙ.BABBAR lu-ub-lam,"\nThus (speaks) Salim-ahum: tell Laqép(um) and Pušu-\nkén.\n3-126 talents 30 tin mines to my seal, 18 wrapping cloths-\nkarum, 110 kutânum cloths, 6 black donkeys, 1 ta-\nlent 10 tin mines for their current expenses, Sü-Sin\net Dan-Ašur brings you all this under my seal.\nOf this, 10 fabrics belong to Dan-Aššur; give\na serum cloth to the lady.\n13-25Entrust the tin and the cloths as short-term credit to a reliable tamkârum agent in whom you trust as much as you trust yourself. If short-term credit is impossible, entrust the tin and my fabrics — under the conditions under which they can be entrusted — to an agent in whom you trust as much as you trust yourselves. Your tamkârum agent must be safe! Don't attach too much importance to one or two months (additional time); write to me in your letter the amount\nin money that you charged to the tamkarum agent and the\n200. It is exceptional for the inventory or its copy to be missing, cf. for example 127.","CCT 5, 5a",113,letter
0159ebd1-046b-3b0e-8aed-3a2497b66bbb,um-ma im-dí-DINGIR-ma a-na a-na-lí a-šùr-i-dí ù a-mur-DINGIR qí-bi-ma 20 mu-ta-tum ša ki-ib-ší-im 8 mu-ta-tum ša up-ki-im 16 e-li-a-tum i-a-tum 1 e-li-tum ša kà-ṣa-re-e 1 iš-té-et ša a-na-lí 1 e-li-tum ša a-šùr-i-dí 3 e-li-a-tum ku-nu-a-tum-ma ša-ni-am gu₅-ul-gu₅-lam i-ṣé-er ANŠE.ḪI.A lá ta-na-dí-a ù 15 ANŠE ṣa-lá-mu 8 a-tù-nu ṣa-ri-du mì-šu ša áš-ta-na-me-ú-ma 13 na-ru-qá-tim ša gu₅-ul-gu₅-lim a-ṣé-er e-li-a-tí-a tù-ra-dí-a-ni-ma ANŠE.ḪI-ri-a tù-qá-lá-lá-ni-ma li-bi tù-ša-am-ra-ṣa-ni a-pu-tum iḫ-da-ma ANŠE.ḪI-a ša-ki-lá-šu-nu ú-ku-ul-tám lá ta-bi-i-lá ú a-ṣé-er e-li-a-tí-a ša gu₅-ul-gu₅-li-ku-nu mì-ma la tù-ra-dá KÙ.BABBAR ša a-na qá-tí a-mur-DINGIR a-dí-nu i-na mu-ta-tim iš-té-et šu-uk-na-ma ša-ṣí-ra šu-ma i-na ANŠE.ḪI-a ta-da-ga-lá-ma wa-ni-um i-ba-ší dí-na-šu-ma a-ṣé-er ší-mì-šu-ma KÙ.BABBAR 2 GÍN ra-dí-a-ma ANŠE SIG₅ <big_gap> i pá-ni-ku-nu ša-a-ma <big_gap> ANŠE.ḪI-a ša pu-šu-ke-en₆ iš-tù gu₅-gám-lim ta-e-ra-ni-šu-nu a-na-kam a-šu-mì ANŠE a-na KÙ.BABBAR pu-šu-ke-en₆ <big_gap> a <big_gap> iḫ-da-ma a ṭup-pí-šu-nu ú ú-nu-tí-šu-nu <big_gap>,"\nThus (speaks) Imdilum: tell Annali, Aššur-idi and\nAmur-ili.\n4-1320 half-loads of (donkeys)-kibâuma, 8 half-loads\n(of donkeys)-upqumb, 16 packages of top of load belonging to me, 1 package of top of load belonging to the\nfreighters, 1 (pack of top of charge) belonging to An-\nnali, 1 packet of charge summit belonging to Aššur-idi,\natotal 3 packets of charge summit are yours. Do not\nload another roll (of cloth) on the donkeys. Of the 15 black donkeys, load (in only) 82°I\n14-25Why do you keep writing to me that you have added 13 bags [containing] [your] rolls (of fabric) to\n[my] top load packages'? Because in this way you mistreat my donkeys and make me angry! Please\nmake sure to feed the donkeys well, don't be frugal with\nthe fodder, and don't add any of your rolls to my top load packages!\n26-39Put the money I gave for Amur-ilT's\nrunning expenses inside a half load and\nwatch it carefully. If you see that there is a donkey among the donkeys, sell it, then add one or two shekels of silver to its price and before you leave buy a donkey of good quality in its place. Bring PllSll-\nkén's donkeys back from the enclosure. Here, speaking of donkeys, Püšu-ken has [...\nfor a silver mine. Be sure to bring them and their\nequipment back.\n","TC 1, 16",116,letter
ac577a8b-5c03-5809-56b7-7a7c33b02ef4,a-na a-šùr-DÙL en-um-a-šur ú ì-lí-a a-na a-šùr-DÙL qí-bi-ma um-ma e-na-a-šùr-ma na-áš-pè-er-tám ša KIŠIB a-na-aḫ-ì-lí ša 0.66666 ma-na 3 GÍN KÙ.GI a-na en-um-a-šùr ḫa-bu-lu-ú-ma na-áš-pè-er-tám ši-a-tí a-na šu-iš-ḫa-ra dí-nam-ma <big_gap> um-ma a-ta-ma KÙ.GI a-na-aḫ-ì-lí ša-áš-qí-il₅-ma 1.66666 ma-na KÙ.BABBAR ša en-um-a-šùr ḫa-bu-lá-ni li-qé-ma ší-tí KÙ.BABBAR a-šùr-i-mì-tí li-il₅-qé ki-ma a-na a-lim{ki} ta-ta-ṣa-ni 20 u₄-mu-ú lá i-li-ku a-šùr-i-mì-tí iš-tí šu-iš-ḫa-ra a-wa-tim ú-pì-iš-ma na-áš-pè-er-tám šu-iš-ḫa-ra ú-ta-ra-šu-um i {d}UTU-ši na-áš-pè-er-tám ú-ta-ru-šu-ma ší-bé-e a-na É šu-ḫa-šu-ḫa-<gap> ú-še-ri-bu ú ta-ma-lá-ki ša a-šùr-DÙL ip-té-ú-ma na-áš-pè-er-tám ša KIŠIB a-na-aḫ-ì-lí ú-šé-li-ú-ma úz-ni i-pè-té-ma 5 e-ba-ru-tí aṣ-ba-at-ma a-na É šu-iš-ḫa-ra a-dí re-ší-šu-mu e-ru-ub-ma um-ma a-na-ku-ma ma-nu-um a-tù-nu ša ṭup-pè-e ša a-šur-DÙL ta-áp-té-a-ni-ma na-áš-pè-er-tám ša KIŠIB a-na-aḫ-ì-lí tù-šé-li-a-ni-ma a-na a-šùr-i-mì-tí ta-da-na-ni mì-nam É a-bi₄-a a-na a-šùr-i-mì-tí ḫa-bu-lu-ú ki-ma ṭup-pè-e a-na šu-iš-ḫa-ra áš-ku-nu É šu-iš-ḫa-ra zu-ta-a-šùr na-áš-pè-er-tám ik-ta-lá i-nu-mì-šu-ma a-na-ku ú a-šùr-mì-tí né-li-ma a-na kà-ri-im TUR GAL ni-lik-ma kà-ru-um TUR GAL dí-nam i-dí-in-ma na-áš-pè-er-tum ša KIŠIB a-na-aḫ-ì-lí šu-iš-ḫa-ra ú-kà-al-ší-ma ba-lúm kà-ri-im a-na ma-ma-an lá ú-šar-ší a-na 20 u₄-me-e e-na-a-šùr da-na-tí-šu ú-ba-lam-ma iš-tí a-šùr-i-mì-tí e-ta-ú ší-ip-ra-am a-na ḫa-ar-zi-wu-na ni-ša-pár-ma a-na-aḫ-ì-lí KÙ.GI ú-ša-áš-qú-lu-nim-ma <gap> i-ba-ší a-dí e-na-a-šùr ú a-šùr-i-mì-tí e-ta-ú-ni 5 GÍN KÙ.BABBAR ig-ri ší-ip-ri-im e-na-a-šùr <gap> ma-na <gap> GÍN KÙ.BABBAR ig-ri-a,"\nTell Pnsu-ken: thus (speak) Kulumâ,ya and204 Kurub-\nIštar; thus (speaks) Kulumâya.\n4-18When I settled the accounts with[with]2Ô5 concerning [the goods] of Dan-Asšur, I told you this: “Here\n6 (fabrics)-kutdnum from Sät-Asšur; (these) fabrics (are, however) not those of Salim-ahum's daughter, the fabrics (belong) to Kurub-Ištar! (But as)\nthe name of Ilabrat-bäni was not written on the cords\n(binding) the fabrics, they were recorded for Dân-Asšur\non the tablet of the agent-tamkdrum. » These fabrics (are) those of Kurub-Ištar.\n'Tell Pti u-ken: thus (speaks) Kurub-Ištar. You (are) my father, you (are) my master. Make sure you give my fabrics to\nSalim-Asšur. If he refuses to receive them - tell him in front of 2 (witnesses) - then let your report reach me and let the fabrics be for Dan-Assur anyway. 30-34 Write to me about the fabrics of the freighter of Ka-ruwâ and the tin of Amur-Aššur, son of Sukkalliya.","BIN 4, 8",118,letter
057d1f78-c8f8-8af6-65e9-fc445d11ee0d,um-ma ša-lim-a-ḫu-um-ma a-na en-um-a-šur qí-bi₄-ma 5 GÚ 25 ma-na AN.NA ku-nu-ku 94 TÚG ŠÀ.BA 5 TÚG kà-ab-tù-tum 15 TÚG ta-ar-dí-ú-tum 30 {TÚG}ku-sí-a-tum 1 {TÚG}šu-lu-up-ku-um 1 lu-bu-šu-um 2 ni-ib-ra-ra-an 6 ANŠE 7 ma-na AN.NA ri-ik-sú-um ša ik-ri-bi₄-a a-ḫa-ma mì-ma a-nim i šé-pì-kà tù-šé-ṣí 4 GÚ 20 ma-na AN.NA ku-nu-ku 1 me-at 24 TÚG 6 ANŠE mì-ma a-nim ša šé-ep i-šar-be-lí 1 GÚ 7 ma-na AN.NA ku-nu-ku 5 TÚG 0.5 ANŠE ša šé-ep ku-lu-ma-a 2 GÚ 20 ma-na AN.NA ku-nu-ku 11 TÚG kà-ab-tù-tum 10 TÚG ša qá-tim 1.5 ANŠE ša šé-ep a-lá-bi₄-im mì-ma lu-qú-tim a-ni-tim KÙ.BABBAR ša AN.NA-ki-a ù TÚG.ḪI-tí-a ṣa-ba-at-ma KÙ.BABBAR ma-lá tù-šé-bi₄-lá-ni bu-tù-uq-ma ší-tí KÙ.BABBAR-pì-a šé-bi₄-lam lu-qú-tum ša šé-ep ku-ra lu šál-ṭá-at ša AN.NA ù TÚG.ḪI.A za-ki-a-ma KÙ.BABBAR ku-nu-uk-ma i pá-ni-kà šé-bi₄-lam a-lá-an ma-áš-kà-tim ša šé-ep ḫa-na-na i-na a-lá-ki-kà mì-ma ni-kà-sí ša-aḫ-lu-tim lá tù-ba-lam i pá-ni-kà za-ki-a-am 7 ma-na AN.NA ri-ik-sú-um ša šé-pì-kà 21 ma-na AN.NA ša a-šu-mì DUMU a-šur-i-dí ub-lu-ni-ku-ni 4 ma-na KÙ.BABBAR šé-bi₄-lam,"\nThus (speaks) Salim-ahum: tell Ennum-Aur.\n3-115 talents and 25 mines of sealed tin, 94 fabrics — including 5 thick fabrics, 15 second-quality fabrics, 30 kusitum fabrics, 1 fabric from Sulupkaa, 1 garment (and) 2 nibrârumb fabrics —, 6 donkeys, plus the 7 mines of tin\nin a bundle from my votive offerings, you sent all this in your transport.\n11-134 talents and 20 mines of sealed tin, 124 fabrics","AKT 3, 65",120,letter
10e83a83-ffd5-8b31-5e5f-ff2a1f85fe14,um-ma šu-la-ba-an-ma ù da-dí-a-ma a-na im-dí-lim ú pá-pá-lim qí-bi-ma 3 ma-na KÙ.BABBAR aḫ-ša-lim ub-lam ŠÀ.BA 9 ku-ta-nu 15 šu-ru-tum <gap>-0.83333 ma-na 2.5 GÍN it-bu-lu 1 ANŠE ṣa-lá-mu-um ù ú-nu-sú lu ú-ku-ul-tù-šu <gap> ma-na 3 GÍN it-ba-al-ma <big_gap> GÍN a-na sà-ri-dim ni-dí-in 5 ma-na AN.NA-ak qá-tim 15 GÍN.TA KÙ.BI₄ 2 ma-na 2 GÍN KÙ.BABBAR-áp-šu té-er-tí 1.5 GÍN wa-ṣí-tum <big_gap> GÍN té-ṣú-bu gám-ra-kum i-na lu-qú-tim a-ni-tim šu-la-ba-an qá-sú ša-ak-na-at 1 {TÚG}ku-ta-nu-um a-ḫa-ma a-na da-dí-a da-ri-ik,"\n[So] if (speak) Su-Labân [and D]adiya: tell Imdilum\net Pappilum.\n4-14Ah-s[al]im brought 3 mines of silver. [A]bove that,\n9 (fabrics)-[k]utänurm (and) [x+]5 (fabrics)-sârum cost 52\nsicles; a black donkey [and] its equipment — you must pay me for it — [cost shekels>206. Your money (amounts to) [x+]2 minae 2 shekels. (For) goods, 1 2 shekel: export tax; [x] shekels extra. (Your money)\was spent on you. Su-Laban has rights to this\ngoods. [1] fabric-kutxnum in addition was packaged for\nDadiya.\nBIBLIOGRAPHY: This text is edited by Mr. ICHISAR, Imdzlum,\np. 377-378.\nNOTE:\na. The reading of the end of 1. 10, as proposed by\nM. ICHISAR: lu tas -qii-/la -su, does not entirely correspond to the copy; the second sign is more like a\nds and there is a ma sign! after the lâ (ME).\n","CCT 5, 49c",121,letter
402d4a4a-8398-0a85-e4af-23c0169b2c04,a-na pu-šu-ke-en₆ qí-bi-ma um-ma ku-lu-ma-a-ma 1 GÚ AN.NA <gap> ú i-tí-ra-sú 5 ku-ta-ni ku-nu-ku ša šu-IŠTAR DUMU da-da-nim ù 0.5 ANŠE ṣa-lá-mì-im mì-ma a-nim ir-ma-a-šur i-ra-de₈-a-kum i-na a-wi-tí-ni mì-ma da-tám ú-ku-ul-tám ù ša sá-ri-dim ú-lá ú-lá-ma-da-ni a-bi₄ a-ta be-lí a-ta AN.NA-ki ki-ma e-ru-ba-ni a-na KÙ.BABBAR dí-in-ma KÙ.BABBAR a-na pá-ni-a šé-bi-lam šu-ma AN.NA-ki lá ta-tí-dí-in 2 ma-na KÙ.BABBAR a-na pá-ni-a šé-bi₄-lá-ma iš-tù u₄-mì-im ša tù-šé-ba-lá-ni ta-aḫ-sí-is-ta-kà i-dí,"\nTell Pušu-kèn: thus (speaks) Kulumâya.\n3-141 talent of tin and its excess, 5 (clothes)-kutanum\nwith the seal of Sn-Istar, son of Dadanum and Za black donkey: Irma-\nAssur leads you all this. On our delivery, he will not impose on me any expenses relating to the tax, the fodder\n(of the donkey) or even the (costs for) the donkey driver.\n15-27Tu\n206. L. 16: [q]a-tim 15 GfN.TA KÙ.BI4 <3 ma-na>.\n(es) my father, you (are) my master. When","BIN 4,13",122,letter
fc6327f1-b93a-7433-3203-22ad5c77544a,um-ma ḫi-na-a-ma a-na a-šur-na-da qí-bi-ma 5.66666 ma-na KÙ a-dí-na-ku-ma a-na a-lim{ki} tù-šé-ri-id ki-ma ta-qá-bi-ú na-ru-qám ú-la ta-ta-ší-i a-na IŠTAR-pí-la-aḫ AN.NA ù ANŠE tù-kà-in mì-šu ta-ší-a-tim ù sá-ri-dam tù-la-pí-ta-ni iš-tù 2 ša-na-at ù KÙ ší-im-tám lá kà-áš-du-ú AN.NA ša tù-šé-bi₄-lá-ni 56 ma-na,"\nThus (speak) Hinnaya: tell Assur-nâda.\n3-8I gave you 5 3 silver mines, and you sent (them) to the City (of Assur). Did you not conduct a contract-\nnare qurna as you claim?\n9 19You confirmed the tin and the donkey for Istar-pilah.\nHow is it that for 2 years you have recorded in my (account) the transport costs and (the cost of) the donkey\nso that the money has not reached the original amount?\nAs for the tin you gave me sent, (it amounts to) 56 mines.\nNOTE:\na. For the expression narugqaru nasûm, “to conduct a contract-\nnaragqum D, cf. the commentary to 220/a, and chapter 5.3.\n3.2.2. The person responsible for the caravan\nAmong the various intermediaries in whose hands the goods pass, one, designated by the expression sep NP as responsible for the goods, is responsible for organizing their transport to Kaniš. He supervises the circulation of goods, whether he himself ensures the transport as part of his comings and goings between Assur and Asia Minor (124), or he entrusts them to conveyors or freighters who now assume the role of head of transport (125). The latter then have a responsibility","CCT 2, 26b",123,letter
ddf1fc5c-9377-bec7-ce93-0eb546dff555,a-na a-šùr-mu-ta-bi₄-il₅ qí-bi₄-ma um-ma a-sá-num-ma i-na 10.66666 ma-na KÙ.BABBAR <big_gap> ku-nu-ki-kà a-na ṣé-er a-zi-a ú-ub-lu ù 2 ma-na KÙ.BABBAR ša LUGAL-sú-en₆ ub-lá-ni ŠÀ.BA 1 GÚ 26 ma-na URUDU 26 TÚG SIG₅ <big_gap> 1 ANŠE.ḪI-a <big_gap> mì-ma a-ni-im ku-nu-ki ša a-zi-a ku-a-tí a-ra-de₈-a-kum 13.5 ma-na AN.NA qá-tim al-qé a-na té-er-tí-kà lá ta-ra-ší ki-ma ša qá-at-kà iš-ú-mu li-ba-kà lu ḫa-dí 4 ma-na AN.NA ku-nu-ki-a i-ku-pì-IŠTAR DUMU a-ta-ta na-áš-a-kum a-bi a-ta lu ší-im AN.NA <gap> <big_gap> KÙ.BABBAR <gap> <big_gap> a-na <gap> be <gap> <big_gap> ša-ku-kam ù <gap> ba-ar <gap> a-na ṣú-ḫa-ar-tí i-ku-pì-IŠTAR na-áš-a-kum,"\nTell Aššur-mutappil: thus (speak) Asânum.\n3-12Of the 10 3 mines of silver to your seal that were brought[to] Asiya, and the 2 mines of silver that Sarra-Sin\n[a] brought[n, thereupon, 1 talent 26[+x]mines [of tin], 28\necloths of good quality and] 2 [black] donkeys, I will take you all of these to the seal of Asiy[a] and to mine.\n13-18I took[s] 13 mins of tin for expenses\n207. The legislation defines compensation following such losses occurring within a caravan, cf. 4 analyzed by K. R. VEENHOF, “'In Accordance with the Words of the Stele': Evidence for Old Assyrian Legislation”, Chicago-Kent Law Review 70 [1995], p. 1717-1744 and the text Kt 94/k 131 published by C. MICHEL, “Men and women take oaths in the Paleo-Assyrian era”, Méditerranées 10-11 [1997], p. 105-\n123.","BIN 6, 78",124,letter
c724c40c-be0b-e020-90d2-0f166d897bec,a-na a-šur-mu-ta-bi-il₅ qí-bi-ma um-ma PUZUR₄-a-šur 28 TÚG.ḪI.A SIG₅ 1 GÚ 28 ma-na AN.NA ku-nu-ki ša ša-zu-úz-tí-kà 2 e-ma-ri ṣa-lá-me ú ú-nu-sú-nu a-sá-num ip-qí-dam 47 ma-na AN.NA ku-nu-ki ù a-ḫa-ma 4 ma-na ša a-zi-a 12 ku-ta-nu SIG₅ DIRI mì-ma a-nim ku-nu-ki ša ša-zu-úz-tí-kà <big_gap> {d}UTU-ba-ni ip-qí-dam 1 e-ma-ru-um ma-ri-iṣ-ma a-na {d}UTU-ba-ni e-tí-zi-ib-šu ṣú-ḫa-ar-kà ma-ri-iṣ-ma a-na-ku-ma as-ri-dam 6 ma-na <big_gap> AN.NA a-na e-nu-tí-kà a-dí za-al-pá ta-ší-a-tim lu ú-ku-ul-tí e-ma-ri-kà ga-me-er a-ma-kam KÙ.BABBAR ší-im-šu ku-nu-uk-ma a-na am-tí-a dí-in-ma i ku-nu-ki-šu li-ib-ší e-ma-ri ù ú-nu-sú-nu ṣú-ḫa-ru-kà i-ra-de₈-ú-ni-kum,"\nTell Aššur-mutappil: thus (speak) Puzur-Aššur.\n3-8Asânum entrusted me with 28 good quality fabrics, 1\ntalent 28 tin mines with the seal of your representatives, 2 black donkeys\nand their equipment.\n8-15Samaš-bâni entrusted me with 47 sealed tin mines and\nadditionally 4 tin mines from Asiya (and) 12 fabrics-\nkutanurn of excellent quality, all this with the seal of your\nrepresentatives.\n15-19A donkey being sick, I have just left it at\nSama-bâni. Your servant being (also) ill, I\nhad to load (the donkeys) myself.\n20-296 tin mines were spent for the costs\nof transporting your equipment to Zalpab and for\nthe fodder for your donkeys; there, seal their amount of money and give it to my servant, and let it be kept under her seal. Your servants will lead you the donkeys and their equipment.","TC 3, 18",125,letter
e1def252-20ac-2d70-fc2c-963d7ea333f4,um-ma im-dí-DINGIR-ma a-na i-ku-pí-a a-ḫu-wa-qar ú PUZUR₄.IŠTAR qí-bi-ma 10 ma-na KÙ.BABBAR ku-ra DUMU ú-lá-a ḫa-bu-lam i-tur₄-DINGIR ú a-šur-DUG ṭù-pu-šu iḫ-ri-mu u₄-mu-ú ma-dí-iš e-tí-qú ṣa-áb-ta-šu-ma KÙ.BABBAR ú ṣí-ba-sú ša-áš-qí-lá-šu ṭù-pu-šu É a-šur-DUG <gap>-<gap>-mì-im i-ba-ší ṭù-pá-am šé-ṣí-a-ma KÙ.BABBAR ša-áš-qí-lá-šu-ma ku-un-kà-ma a-ṣé-ri-a šé-bi₄-lá-nim 36 ku-ta-nu ša ILLAT a-šur-e-mu-qí ša a-šur-DUG ú-šé-ṣí-ú i ša-du-im ša ma-a-ma iḫ-li-qú šu-ma ILLAT ú-ma-li lá ú-ma-li té-er-ta-ku-nu li-li-kam lu-qú-tí ša šé-ep a-šur-DUG šu-ma a-bu-ru-uš-ḫa-tim e-ru-ub uz-ni pì-té-a lu-qú-tí ša šé-ep a-šur-DUG lu ša PUZUR₄.IŠTAR za-ki-a-ma PUZUR₄.IŠTAR li-tal-kam ší-im TÚG-ba-tí ša ik-ri-bi₄-a ša a-da-da il₅-qé-ú er-ša-šu mì-ma ṣú-ḫa-ri-a iš-tí PUZUR₄.IŠTAR li-tal-ku-nim ma-ma-an a-ma-kam lá i-kà-lá,"\nThus (speaks) Imdilum: tell Ikuppiya, Ahu-waqar and\nPuzur-Ištar.\n4-14Kura, son of Uläya, owes me 10 mina of silver.\nItr-ili and Aššur-tab sealed his ta-\nblette. The deadlines are well past. Seize him\and make him pay the money and its interest. His tablet in a sealed envelope is found in the house of Aššur-tâbb; produce the tablet and make him pay the money, seal it and send it to me.\n15-26The 36 (clothes)-kutânura of the Aššur-\nemnqi caravan that Aššur-tâb brought out were lost in the\nMama mountains; let your report reach me\n(to tell me) whether the caravan compensated (him) or not.\nInform me if the goods from the transport from Aššur-tâ,b\nentered Burušhattum. Release my merchandise from the transport of Aššur-tâb and that of Puzur-Ištar, and let Puzur-Ištar come here.\n27-32The\ntives that Atata received, claim (it) from him. Let all my servants come here with Puzur-Ištar, no one should be kept there.\nBIBLIOGRAPHY: This text is edited by Mr. ICHISAR, Imd~lum,\np. 225-226, which also gives references to the previous bibliography.\n","CCT 2, 11a",126,letter
b96f7f2a-cf5a-462c-91c4-c6d7b7dbc9d7,um-ma a-šùr-na-da-ma a-na ì-lí-a-lim qí-bi-ma lá li-bi i-li-ma mì-qí-tum im-qú-ta-ma a-na ur-šu iš-ta-áp-ru-ni a-ḫi a-ta a-šar ša-li-um i-ṣé-er É a-bi₄-ni lá i-ša-lu-ú e-pu-uš a-na ú-um e-ṭá-ri-im 9 GÚ 20 ma-na URUDU-i ša a DAM.GÀR a-šùr-ta-ak-lá-ku i-qí-pu 8 GÚ 39.33334 ma-na e-zi-ib ša-du-e-tim ša a-ta ta-áš-a-ma-ni ŠÀ.BA 5 GÚ URUDU a-na pu-ru-uš-ḫa-tim tù-šé-bi₄-il₅-ma ší-im-šu al-qé 1 GÚ 18 ma-na URUDU SIG₅ ša-bu-ru-um ši-im 3 ANŠE.ḪI.A ša DAM.GÀR ta-qí-pu ŠÀ.BA 10 ma-na ku-a-um 25 ma-na SIG₅ ši-im ANŠE i li-bi₄-a me-eḫ-ru ša šé-ep ša-lim-be-li pá-ni-tim lá-šu ṭup-pá-am ša té-er-tí-a ša-ṣé-er 45 {TÚG}ku-ta-nu 25 ma-na AN.NA ku-nu-ku e-ri-ib ša a-na qá-ti-šu a-dí-nu i-na pá-ni-tim ša-li-be-li ub-lá-kum 72 {TÚG}ku-ta-nu ŠÀ.BA 2 {TÚG}a-bar-ni-ú 4 ANŠE ṣa-lá-mu ú ú-nu-sú-nu 1 ma-na AN.NA ša 2 0.66666 GÍN 15 ŠE KÙ.BABBAR sà-ḫe-er-tum i šé-pì-kà tù-šé-bi₄-lam 4 {TÚG}ku-ta-nu KI kur-ub-IŠTAR ú-mu DAM.GÀR 7 ITU.KAM e-ṭá-at-qú a-ḫi a-ta KÙ.BABBAR ma-lá a qá-tí-kà i-ma-qú-tù a-na ṣé-er ú-ṣú-ur-ša-a-šùr šé-bi₄-lá-ma lu-ša-ak-ší-dá-ni-ma lá a-ba-áš a-na u₄-um ga-ma-li-im 8 GÍN KÙ.BABBAR ú-ku-ul-tí 2 ANŠE 1 GÍN a-na ša bi₄-lá-tí-kà a-dí-in 2 GÍN a-na qá-tí a-šùr-{d}UTU-ši IGI šu-sú-en₆ DUMU i-tur₄-DINGIR a-na 0.5 ma-na.TA 1 TÚG IGI a-šur-DU₁₀ IGI a-šur-dan ú-ra-ki-sú,"\nThus (speaks) Aššur-nâdâ,: say to Ili-aLUM.\n3-23Alas! a misfortune happened to me and someone wrote to me about the price of the fabrics constituting my vo-",ATHE 37,127,letter
adfc5041-d948-4365-9168-13235f0c1ffe,um-ma a-šùr-i-mì-tí-ma šu-IŠTAR en-nu-be-lúm en-na-num ù bu-bu-ra-num-ma a-na im-dí-lim qí-bi-ma ki-ma té-er-ta-kà ša ḫi-na-a ni-iš-me-ú 9 GÚ 30 ma-na AN.NA 14.25 GÍN.TA 40 ma-na KÙ.BABBAR it-ba-al ŠÀ.BA 8 GÚ 40 ma-na AN.NA ku-nu-ku 50 ma-na AN.NA a qà-tí-šu 41 {TÚG}ku-ta-nu qá-dí ša li-wi-tim 2.5 ma-na KÙ.BABBAR it-bu-lu 4 ANŠE ṣa-lá-mu 1 ma-na 10 GÍN KÙ.BABBAR it-bu-lu 1.5 GÍN KÙ.BABBAR ú-nu-ut ANŠE.ḪI.A 1 ma-na KÙ.BABBAR be-ú-la-at 2 kà-ṣa-ri 4 GÍN KÙ.BABBAR lu-bu-šu-nu 0.33333 ma-na 2.5 GÍN KÙ.BABBAR wa-ṣí-tum ŠU.NÍGIN lu-qú-ut 45 ma-na 14 GÍN KÙ.BABBAR i-na lu-qú-tí-kà ša šé-ep ḫi-na-a ku-nu-ki-ni en-na-be-lúm na-áš-a-kum KÙ.BABBAR e-ra-ba-ma ší-tí KÙ.BABBAR-pí-kà AN.NA-kam ni-ša-a-ma nu-šé-ba-lá-ku-um 3 {TÚG}ku-ta-nu ša kà-ṣa-ri-im ša ÌR ša ṣí-li-{d}IŠKUR 2 {TÚG}ku-ta-nu ša ma-sà a kà-ṣa-ri-im <big_gap>,"\nThus (speak) Aššur-imitti, Sn-Ištar, Ennum-Bélum,\nEnnânum and Puppurânum: say to Imdiluma.\n5-6According to your instructions relating to (the transport) of\nHinnâya of which we have become aware:\n7-129 talents 30 mines of tin at a rate of 14 4 shekels\n(of tin) for one (silver shekel) cost 40 silver mines; on this, 8 talents 40 mines of sealed tin, 50 mines of tin for its current expenses; 12-1441 kutdnum fabrics, including those for packaging, cost 2 2 mines of silver; 15-234 black donkeys cost 1 mine 10 shekels of silver; 7 2 shekels of silver: the equipment of donkeys, 1 silver mine: the operating capital of the two charterers, 4 shekels of silver: their clothes, s mine 2 2 shekels of silver: the export tax. 23-2 In total, Ennum-Bélum brings you merchandise for an amount of 45 mines 14 shekelsb of silver to our seal, on your transport goods of Hinnâya.\n29-32(From) the money will arrive, and (with) the rest of your\nmoney we will buy tin and send it to you.\n33-36Three kutdnum cloths belong to the freighter\nwho (is) the servant of Silli-Adad, two kutdnum cloths\ndof Masa (are) for the charterer.\nBIBLIOGRAPHY: This text is published and edited by E. BILGIÇ,\nH. SEVER, C. GUNBATTI and S. BAYRAM, AKT 1, p. 37-38.\nNOTES:\na. For the correspondents of this letter, cf. 106.\nfr.. The total amount spent, namely 45 minae and 14 shekels,\ncorresponds perfectly to the purchases made by the senders of the missive.\n","AKT 1, 18",129,letter
9d442cbf-180a-e8aa-1392-2d3ab770d564,um-ma i-na-a-ma a-na bur-a-šùr ú DINGIR-ba-ni qí-bi-ma ṭup-pí-a pí-té-a-ma a-li 1 GÍN KÙ.BABBAR i-na ba-áb-tí-a i-ba-ší-ú ša-áš-qí-lá-ma DINGIR-ba-ni li-it-bé-a-ma li-tal-kam ú ma-ma-an i-na ṣú-ḫa-ri ša a-ma-kam wa-áš-bu-ni ṭur₄-dam kà-ṣa-ri a-na-kam lá nu-ga-ar a-pu-tum a-ma-kam lu za-ku-a-tí ki-ma lu-qú-tum e-li-a-ni a ma-lá té-er-tí-a a-na bu-ru-uš-ḫa-dum té-ra-áb ba-áb-tám ša a-ma-kam e-zi-bu lu ší-im TÚG.ḪI.A lu ší-im e-ma-ri-im ú AN.NA ša e-zi-ba-ku-ni lu-za-ki-ma a-ṣé-er lu-qú-tim ša <gap> e-li-a-ku-ni lá tù-ṣa-ḫa-ar 1.5 ma-na KÙ.BABBAR qá-ta-tim ša šu-be-lim al-ta-pá-at ú 0.33333 ma-na KÙ.BABBAR ṣí-ib-tám áš-qúl ṣa-ba-sú-ma KÙ.BABBAR ú ṣí-ba-sú ša a-dí u₄-mì-im a-nim ša-áš-qí-lá-šu a-šu-mì KÙ.BABBAR ša ší-im É-bé-tí ša a-ma-kam ša É ku-ra té-er-ta-kà-ma ú-lá i-tal-kam a-pu-tum a-na té-er-tí-a i-ḫi-id lu-qú-tum ša i-na É tám-kà-ri-im e-li-a-am a-na i-na-a qí-bi₄,\nThus (speaks) Innâya: tell Bur-Aššur and lli-bani.,"BIN 4, 98",130,letter
d8cf4899-0cc0-e89d-4a83-64e425570ac7,um-ma a-šùr-i-dí-ma a-na a-šur-na-da ù a-šùr-ta-ak-la-ku qí-bi₄-ma 2 GÚ 10 ma-na AN.NA ku-nu-ku 34 {TÚG}ku-ta-nu 2 ANŠE.ḪI.A ṣa-la-mu 0.66666 ma-na KÙ.BABBAR ù 6 ma-na AN.NA a-na qá-tí-šu ki-ma AN.NA ILLAT i-ša-ku-nu a-na KÙ.BABBAR AN.NA li-iš-ku-na-ku-nu-tí sà-ri-dum ig-ri-šu <big_gap> ša a-dí ḫu-ra-ma ša-bu mì-ma a-nim šu-li DUMU PUZUR₄-a-šur na-áš-a-ku-nu-tí lu AN.NA lu TÚG.ḪI.A ma-la i-na É.GAL-lim i-za-ku-ú-ni-ni a-na a-šùr-ta-ak-la-ku pì-qí-id-ma a-šar KÙ.BABBAR 1 GÍN ba-la-ṭí-a lu-bi-il₅ ù té-er-ta-kà li-li-kam šu-ma la-šu a-šar wa-aš-bu šé-bi-il₅-šu-um i-dí-IŠTAR a-ṣé-er iš-ta-ri-qí-ni a-na É a-bi₄-im il₅-qé-a-ni-ma ù É ip-lu-uš-ma e-ta-ba-at i-dí-IŠTAR ṣa-áb-ta-ma 3 ma-na KÙ.BABBAR i-na KÙ.BABBAR šu ša-áš-qí-la-šu-ma šé-bi₄-lá-nim-ma ù lu-mu-un li-bi₄-a la-áp-ṭur-šu-um TÚG.ḪI.A ma-la a-na ni-kà-sí-a ta-ta-dí-a-ni ša-li-ṭá-ma lu KÙ.BABBAR ma-la na-ad-a-ku-ni šu-up-ra-nim,"\nThus (speak) Aššur-id3: tell Aššur-nâ,dâ, and Aššur-\ntaklâ,ku.\na—ls(There are) 2 talents 10 mines of sealed tin, 34 cloths\nkutânum, 2 black donkeys, s mines of silver and 6 mines of tin\nfor his (81-I-(i)li) current expenses. At the rate at which the company places the tin, it will have to place the tin for you for money. The donkey driver was paid his wages until\nHurrama. .8u-(i)li, son of Puzur-Aur, brings you all\nthis.\n17-25Entrust to Mur-taklâku all the tin and fabrics\nwhich will have been released for sale by the palace, so that he\nbrings them wherever there will be a shekel of silver profit\nfor me, then that your report reaches me. If he's not there, send him to where he is. 26-35 Not only does Iddin-Ištar constantly steal from me, but he also used me (to go) to the head office (of the company), broke into the house, and then ran away! Seize Iddin-Ištar, and make him pay\nthree minae of silver from his money, then send (them) to me\nand so I will vent my anger on him!\n36- 9Make available all the fabrics that you have deposited in my account, and send me all the money\nthat I have invested.\n","CCT 4, 2b",131,letter
fe0e1e0b-a7a1-e822-89c8-f40ae7ab6323,um-ma a-šùr-i-dí-ma a-na a-mur-IŠTAR a-la-ḫi-im ì-lí-a-lim ù a-šùr-ta-ak-lá-ku qí-bi-ma 2 GÚ 10 ma-na AN.NA ku-nu-ku 38 TÚG.ḪI.A ú-ṣú-ur-ša-a-šùr ub-lá-ku-nu-tí ig-ri sà-ri-dim ša-bu mì-ma lá ta-da-na-šu-um i-na pá-ni-im ṭup-pì-a áš-pu-ra-ku-nu-tí um-ma a-na-ku-ma a-na ì-lí-a-lim dí-na mì-ma lá ta-da-na-šu-um i-na ša šé-pì-šu AN.NA-kam ma-dam il₅-té-qé i-na TÚG.ḪI-tí-a ma-ṭí-ú-tim li-qé-a-ma a-na ni-kà-sí-a qá-tí i-ta-dí-a ší-tí TÚG.ḪI-tí-a ù 2 GÚ AN.NA a-na a-šur-ta-ak-lá-ku dí-na-ma a-šar KÙ.BABBAR 1 GÍN ba-lá-ṭí-a lu-bi-il₅ ù šu-ma lá-šu a-šar wa-áš-bu šé-bi₄-lá-šu-um šu-ma ḫa-ra-šu a-ni AN.NA-ki ù TÚG.ḪI-a i-na ṣé-er DAM.GÀR ke-nim a-na u₄-me id-a DAM.GÀR lu ke-en₆ u₄-me ITU.KAM ú ITU.KAM lá ta-be-e-lá a-na i-lí-a-lim qí-bi₄-ma ší-tí KÙ.BABBAR-pì-a pá-ni-im 20 ma-na i-na pá-ni-im-ma šé-bi₄-lam lu-qú-tám ša šé-pì-kà za-ki-a-ma ti-ib-a-ma a-tal-kam ṭup-pu-um a-num wa-ar-ki,"\nThus (speak) Aššur-id3: tell Amur-Ištar, Alâhum,\nALUM and Aššur-taklâku.\n4-8Usur-ša-Aššur has brought you 2 talents 10 mines\nsealed tin (and) 36 fabrics. The donkey driver's wages have been re-\nged; you must not give him anything.\n9-13In my previous letter that I sent you,\nI (said) this: “Give (the tin and the fabrics)a to Hi-\nALUM. » (But in fact) you don't have to give him anything.\n(Indeed) he took a lot of tin from that of his transport. 14-27 Take from my fabrics those of poor quality\and deposit them as my share in the accounts. Give\nthe rest of my fabrics and the two talents of tin to Assur-\ntaklâku so that he can bring them wherever there would be profit\nfor me, even if only a shekel of silver. If he is absent, send them to him where he is. If he is traveling, deposit my tin and my fabrics (right now) (on loan) at a fixed term with a reliable agent-tan-ch/man. The agent-tanikdruni must be reliable, (on the other hand) you must not attach too much importance to one or two months.\n28-35Tell elli-aLUM. The rest of my previous (sending)\nmoney, namely 20 mines, send it to me by the next\n(caravan). Clear the goods from your transport for me and get ready to leave. This tablet (constitutes) my\nultimate (order)!\n","BIN 4, 53",133,letter
c010f9e6-c663-6ccd-590a-fdd8284d5ae8,um-ma ša-lim-a-ḫu-um ù šu-ḫu-bur-ma a-na pu-šu-ke-en₆ DAM.GÀR ù e-lá qí-bi-ma 11 ma-na KÙ.BABBAR ni-is-ḫa-sú DIRI e-lá ub-lam ŠÀ.BA 2 GÚ 10 ma-na AN.NA ku-nu-ku-ni 9 ma-na AN.NA-ak qá-tim 14 GÍN.TA KÙ.BI 9.83333 lá 0.16666 GÍN 3.33333 GÍN KÙ.BABBAR a-na 2 GÚ 19 ma-na AN.NA té-ṣú-pí nu-ṣí-ib 10 ku-ta-nu 0.5 ma-na 1.66666 GÍN it-bu-lu 1 ANŠE ṣa-lá-mu 16 GÍN KÙ.BABBAR it-ba-al 2 GÍN KÙ.BABBAR ú-nu-sú 3 GÍN ú-kúl-tù-šu 1.3333300000000001 GÍN KÙ.BABBAR té-ṣú-pí e-lá il₅-qé 1.3333300000000001 GÍN a-na lu-bu-uš a-da-lal e-lá-ma il₅-qé 5.5 GÍN KÙ.BABBAR wa-ṣí-tum ŠU.NÍGIN lu-qú-tim 11 ma-na KÙ.BABBAR mì-ma a-nim e-lá i-ra-dí-a-ku-nu-tí gám-ra-ku-nu-tí,"\nThus (speak) Salim-ahum and Sü-Hubur: say to Pušu-\nkén, to the merchant-tamkârum and to Ela.\n4-11Ela brought 11 min[n]s of silver, plus entrance fees. Thereupon: 2 talents 10 mines of tin to our seal\n(and) 9 mines of tin for current expenses at a rate\nof 14 shekels (of tin for) 1 (shekel of silver), their price in silver (amounts to) 9 s mines 5 s shekels, we have added\nadditionally 3 s shekels of silver for 2 talents 19 tin mines.\n1z-1s10 (fabrics)-kutänum cost i mine 1 s shekel;\n1 black donkey<r> cost 16 shekels of silver; 2 shekels of silver: his equipment, 3 shekels: his fodder, Ela received 1 shekel of silver in addition. 18-25 Ela also received 1 shekel for clothing for Adallal. 5 2 shekels of silver: the export tax. The\ntotal of the goods (amounts to) 11 silver mines. All this, Ela leads you; (this) was spent on you.\n","TC 2, 6",135,letter
2b13fd0b-d662-99bf-961a-79feeec717e3,um-ma ḫi-na-a-ma a-na pu-šu-ke-en₆ qí-bi₄-ma i-na pá-ni-tim 35 ma-na AN.NA 2 ku-sí-ta-an 1 TÚG za-ki-am 2 šu-lu-up-kà-e a-na ku-lu-ma-a a-dí-in a-na-kam ší-ma-am iš-a-ma qá-sú-ma ú-kà-al 6 ku-ta-ni ú-ra-dí-šum 3 ku-ta-ni ku-lu-ma-a na-áš-a-kum ŠÀ.BA 1 TÚG SIG₅ 9 ku-ta-ni en-um-a-šur kà-ṣa-ar IŠTAR-pì-lá-aḫ na-áš-a-kum 10 GÍN KÙ.BABBAR a-na qá-tí-šu a-dí-in da-tum ma-lá i-kà-šu-du-šu-ni-ni lu-ṣa-ḫe-er-ma ší-tám li-dí-na-kum 2 ku-ta-ni kur-ub-IŠTAR DUMU šu-ḫu-bur na-áš-a-kum ŠÀ.BA 1 TÚG ša PUZUR₄.IŠTAR mì-ma lá ú-lá-ma-ad-kà ŠU.NÍGIN 13 TÚG.ḪI.A ŠÀ.BA 1 TÚG SIG₅ a-na qá-tí-a ša ta-ta-dí-ú li-qé 1 TÚG SIG₅ a qá-tí-a-ma li-ib-ší 0.66666 ma-na KÙ.BABBAR ša DUMU.SAL IŠTAR-pì-lá-aḫ kur-ub-IŠTAR DUMU šu-ḫu-bur i-na e-ra-bi₄-šu-ma ša-qá-lam qá-bi₄ KÙ.BABBAR ša-áš-qí-il₅-šu-ma ku-nu-uk-ma a-ṣé-ri-a šé-bi₄-lam lu KÙ.BABBAR lu TÚG.ḪI.A iš-ta-pu-ku qá-tí ša-ak-lu-ul-tám i-ta-dí-i ù iš-tí a-li-ki ki-a-ma ú-šé-ba-lá-kum a-ta-ma ta-aq-bi₄-am um-ma a-ta-ma a-šur-DU₁₀ i-na wa-aḫ-šu-ša-na wa-ša-áb-ma AN.NA-kà ub-lu-nim-ma a-na lu-lu 8 GÍN.TA i-dí-nu-šu-ma KÙ.BABBAR a-ṣé-er a-šur-DU₁₀ ú-šé-bi₄-lu šu-ma sà-ḫe-er i-na ṣú-ḫa-ri-a ú-lá a-na-aḫ-ì-lí šu-pu-ur-ma le-ri-šu-ma KÙ.BABBAR ku-nu-uk-ma šé-bi₄-lam a-ḫi a-ta i-ḫi-id ù a-ṣé-er ku-ni-lim té-er-ta-kà li-li-ik-ma ṣú-ḫa-ra-am li-iṭ-ru-dam a-lá-nu-kà ma-nam i-šu,"\nThus (speaks) Hinnâya: tell Pušu-ken.\n2-19Previously, I had handed over 35 tin mines, 2 (fabric-\nfes)-kusitum, a light cloth (and) 2 (cloths) of Sulupka\nto Kulumâya. Here he had paid (their) price and he detains (them). I added 6 (fabrics)-kutanum to it. Kulumâya brings you 3 (fabrics)-kutanum, including a good quality cloth.\nEnnum-Aššur, the freighter of Ištar-pilah, brings you 9 (fabrics)-\nkutanum. I gave him 10 shekels of silver for his small expenses. Let him deduct the total amount of tax he must pay and give you the rest. Kurub-","BIN 4, 23",136,letter
284e459c-f95a-ff57-8317-dcf800411ff3,a-na šu-ḫu-bur qí-bi₄-ma um-ma im-dí-DINGIR ù pu-šu-ke-en₆-ma 4 GÚ 20 ma-na AN.NA ku-nu-ku 1 me-at 5 ku-ta-nu 3 ku-ta-nu ša en-na-nim 8 TÚG šu-ru-tum li-wi-tum 6 ANŠE.ḪI.A ṣa-lá-mu 40 ma-na AN.NA qá-tim ŠU.NÍGIN 9 GÚ a-wi-it-kà 3.6666600000000003 ma-na 2 GÍN.TA 33.33333 ma-na da-tum a-dí tí-me-el-ki-a ik-šu-dam iš-tù tí-me-el-ki-a a-dí kà-ni-iš 9 0.5 GÍN.TA 1.3333300000000001 ma-na 5.5 GÍN ik-šu-dam <big_gap> ma-na 5 GÍN qá-qá-da-tum <big_gap> <gap> ḫi <big_gap> <gap> <big_gap> a-ḫu-ru-ma <big_gap> ù 5 TÚG šu-ru-tim <gap> 5 ku-ta-nu 0.33333 <big_gap> šu-ru-tum 8 ku-ta-nu <gap> ŠU.NÍGIN 4.5 ma-na 5 GÍN KÙ.BABBAR <gap> <big_gap> ni-iṭ-ḫi 2 TÚG šu-re-en 1 GÚ AN.NA ku-nu-ki bu-zu-ta-a il₅-qé ší-tí TÚG-tí-kà 5 ku-ta-nu 2 TÚG šu-ru-tum a qá-tí-kà i-ba-ší-ú i-na 3 GÚ AN.NA-ki-kà 1 GÚ AN.NA a ša ki-ma la-li-im ni-dí-in šu-uq-lam a šé-ni-šu ni-zu-úz-ma 30 ma-na AN.NA SIG₅ e-na-ma-nim il₅-qé 15.66666 ma-na a-na ir-ma-a-šùr né-pu-ul 12 ma-na ni-is-ḫa-at 6 šu-uq-lá-tí-kà ni-dí-in 5.33333 ma-na a-ṣé-er AN.NA qá-tí-šu a-na <big_gap> mu-ṭa šu-uq-lá-tí-kà <gap> <big_gap> pu-šu-ke-en₆ il₅-qé <big_gap> 3 ANŠE me-tù 3 <big_gap>,"\nTell Sn-Hubur: thus (speak) Imdilum and Piüšu-kén.\n2-74 talents 20 tin mines under seal, 105 (cloths)-\nkutdnum, 3 (cloths)-kutânum from Ennànum, 8\n(cloths)-packing sgrum, 6 black donkeys, 40 mines of tin\nfor current expenses in total, the value (in tin of","BIN 6, 79",138,letter
dc1bd17f-b6e9-0761-9fb9-a81d0d795606,a-na ša-lim-a-ḫi-im qí-bi-ma um-ma pu-šu-ke-en₆-ma 5 GÚ 4 ma-na qá-dum ša kà-ṣa-ri-im a-wi-it-kà ša šé-ep en-um-a-šùr 5 ma-na 5 GÍN.TA 25.66666 ma-na 5 GÍN da-tum ik-šu-dam 0.66666 ma-na 5 GÍN qá-qá-da-tum 4.5 ma-na ú-ku-ul-tí ANŠE.ḪI.A ú sà-ri-dí 0.33333 ma-na mu-ṭá AN.NA qá-tim iš-tù 25 ma-na AN.NA qá-tim gám-ru 6.5 ma-na AN.NA a-na en-um-a-šùr ni-pu-ul 4 ma-na ni-is-ḫa-at AN.NA šu-qá-al-kà ni-ip-ṭur₄-ma 10.5 ma-na AN.NA qá-dum ni-is-ḫa-tí-šu né-pu-ul i-na 72 TÚG.ḪI.A ša a-na É.GAL-lim e-ru-bu-ni 2.33333 TÚG ni-is-ḫa-tim 1.66666 GÍN KÙ.BABBAR ta-na-pá-al 6 ší-mu-um ù 2.25 GÍN KÙ.BABBAR ta-na-pá-al KÙ.BABBAR ša ta-na-pu-lu 0.25 TÚG iṣ-ḫe-er,"\nTell Salim-ahum: thus (speak) PUSu-kéna.\n3-55 talents and 4 mines including (the goods) of the\nfreighter (represent) the tin value of your goods\ntransport from Ennum-Aššur.\n6-20At the rate of 5 mines and 5 shekels (for each talent), the dâtum tax cost me (in total) 25 s minas\net 5 shekelsb. The personal tax: s mine and 5 shekels, 4\nmines: food for donkeys and donkey drivers, s mine:\nlack on the tin of current expenses. After the 25\n211. See chapter 2.2 on this subject. p. 132-133.","AKT 3, 76",140,letter
60c073cd-8596-4dd0-8779-981f36ad69c5,a-na pu-šu-ke-en₆ qí-bi₄-ma um-ma ku-lu-ma-a-ma 3 me-at 24 TÚG qá-dum 5 TÚG a-ḫa-ma ša DINGIR-ma-lik ú a-šur-ba-áš-tí i-na a-lim{ki} im-ší-ú-ni 13 TÚG SIG₅ ŠU.NÍGIN TÚG-ba-tí-kà 3 me-at 42 TÚG ŠÀ.BA 13 TÚG i ḫa-ra-aḫ-šu-a e-zi-ib 30 TÚG i li-wi-tim al-wi ší-tí TÚG-ba-tí 3 me-at LÁ 1 {TÚG}ku-ta-nu ša ik-ri-bi-kà a-na É.GAL-lim e-ru-bu ŠÀ.BA 15 TÚG ni-is-ḫa-tum iš-ra-TIM mì-ma lá il₅-mu-du TÚG-ba-tù lu ša i-na É.GAL-lim ur-du-ni-ni lu ša li-wi-tim ŠU.NÍGIN 3 me-at iz-ku-ú-nim ŠÀ.BA 14 TÚG 1 me-at 20 TÚG DUMU e-lá-lí ub-lá-kum 50 TÚG ur-da-lá 12 TÚG bé-lá-num 12 TÚG {d}UTU-ták-lá-ku 1 me-at 94 TÚG i-li-ku-ni-kum 70 TÚG a-na É a-lá-ḫi-nim <big_gap> ša ki-ma ku-a-tí i-dí-nu ší-tí TÚG-ba-tí-kà 50 TÚG i-ba-ší-ú a-bi a-ta bé-lí a-ta mì-šu ša a-ma-kam ṣú-ḫa-ru e-ta-wu-ni-ku-ni-ma ta-ki-li ta-áš-ta-na-me-ú a-šur ú DINGIR-kà i-ta-ad-a-ni-ma a té-er-tí-kà ú ša-am-kà-ni-kà lá a-na-ḫi-id a-bi₄ a-ta be-lí a-ta ta-ki-li lá ta-áš-ta-na-me,"\nTell Pnšu-kén: thus (speaks) Kulumâya.\n3-11324 ordinary fabrics, in addition 5 fabrics that He%\nmalik and Aššur-bâšti forgot in the City (of Aššur and)\n13 good quality fabrics; in total your fabrics (amount to) 342 fabrics. Thereupon, I left 13 cloths in Harahšua\n(and) I used 30 cloths to wrap (the rest of the goods).\n11-2IThe rest of your cloths, namely 299 cloths-\nkutânum from your votive offerings entered the palace. On this, 15 cloths (represented) the entrance fees, they were not subject to tithe. The fabrics,\nthose which came down from the palace and those which (served)\npackaging, in total 314 fabrics, are free for sale.\n21-30Thereupon, the son of Elali brought you 120 fabrics,\nUrdala 50 fabrics, Bélânum 12 fabrics, Sama-taklâlcu 12\nécloths, (i.e. total) 194 fabrics left for you.\nYour representatives delivered 70 fabrics to the house of","JCS 14, 4",141,letter
72512048-434a-0902-c3d2-2463a9e2fdcf,a-na im-dí-DINGIR <gap> <gap>-a ù DAM.GÀR qí-bi₄-ma um-ma pu-šu-ke-en₆-ma 1.3333300000000001 ma-na KÙ.GI ù 10 ma-na KÙ.BABBAR ša DAM.GÀR ša i-dí-na-ni 1 ma-na KÙ.GI 8.5 GÍN.TA KÙ.BI₄ 8.5 ma-na 0.33333 ma-na KÙ.GI 8.83333 GÍN.TA KÙ.BI 2.5 ma-na 3.33333 GÍN ŠU.NÍGIN 21 ma-na 3.33333 GÍN KÙ.BABBAR qá-dum 10 ma-na ŠÀ.BA 0.83333 ma-na 2.5 GÍN ni-is-ḫa-tum 0.33333 ma-na 1 GÍN ša-du-a-tum 10 GÍN wa-ṣí-tum ší-tí KÙ.BABBAR 19.5 ma-na 7 0.5 GÍN 3 GÚ 37.5 ma-na AN.NA 14.5 GÍN.TA KÙ.BI 15 ma-na 3 GÚ 15 ma-na AN.NA ku-nu-ku <gap> 22.5 ma-na a-na AN.NA qá-tim ta-dí-in 6 TÚG ša li-wi-tim 1.5 ma-na 7 0.5 GÍN it-bu-lu 1.5 ANŠE ṣa-lá-mì-im 0.5 ma-na 6 GÍN KÙ.BI₄ šu-nu 2.5 GÍN ú-nu-sú-nu 1 GÍN ú-ku-ul-ta-šu-nu ší-tí KÙ.BABBAR 3.33333 ma-na 1.5 GÍN ŠÀ.BA 0.33333 ma-na mu-sú-kà-ú,"\nSay to Imdilum, [X-x]-a and the creditor-tamkârum: thus\n(speak) PUSu-kén.\n3-I0 (Regarding) 1 [3 min]e of gold and 10 mines of silver that the creditor-tarnkârum has deposited for me, 1 mine\ndof gold at a rate of 8 â shekels (of silver) for 1 (shekel of gold),\nits price is 8 â mines (of silver), 3 mina of gold at the rate\ndof 7 s shekels (of silver) for 1 (shekel of gold), its price is 2\nmines 3 3 shekels (of silver)a. In total 21 mines 3 3 shekels of silver including the 10 mines.","BIN 4, 30",142,letter
80e6fa29-8815-9d17-8603-ae1506ad8775,a-na im-dí-lim qí-bi₄-ma um-ma ú-sà-num ù a-du-ma i-na 54 TÚG.ḪI-tí ša i-dí-{d}IŠKUR a-na en-um-a-šur e-zi-bu ŠÀ.BA 49 TÚG.ḪI-tí a-na a-du ú 5 TÚG.ḪI-tí i li-bi-šu um-ma šu-ut-ma 4 TÚG.ḪI-tí a-na-ku al-qé 1 TÚG i-dí-{d}IŠKUR il₅-qé a-na ma-lá té-er-tí-kà en-um-a-šur ù il₅-šu-ba-ni ni-iṣ-ba-at-ma um-ma en-um-a-šur-ma a-dí <big_gap> ša-áp-tim i-ma-qú-tù 1 GÍN KÙ.BABBAR ú-šé-ba-al mì-ma i ṣú-ba-tí-kà lá il₅-qé qá-tám ší-tí TÚG.ḪI.A ší-mu la-šu iš-tí ú-sà-nim a-na bu-ru-uš-ḫa-dum e-ra-áb PUZUR₄.DINGIR a-mì-ša-am ḫa-ra-šu a-dí ša-<gap> <big_gap> iš-tí <big_gap>,"\nTell Imdilum: thus (speak) Usânum and Addu.\n3-9Of the 54 fabrics that Iddin-Adad left in Ennum-\nAššur, (there are) 49 fabrics for Addu and 5 fabrics are in his charge. I [1] (said) this: “I [took] 4 fabrics, Iddin-\nAdad took one fabric. »\n10— 6According to your instructions [we] seized [Enn]um-\nAššur and 11]ušu-bâni, and Ennum-Aššur (said) this [this]: ""When [...] wool arrives, I will send every shekel of its\nmoney. »\n16-2411 didn't take anything from your purchases214. (For) a part\n(corresponding) to the rest of the fabrics, there is no market possibility. I will go to Burušhattum with Usânum.\nPuzur-ili travels there, as long as [... ] (gap)\nBIBLIOGRAPHY: This text is edited by Mr. ICHISAR, Imdilum,\np. 319. 11. 18-21 are translated by K. R. VEENHOF,\nAOATT, p. 376.\n","CCT 4, 44a",143,letter
9f868ebe-6392-cf33-c6c6-5d9bc2297825,um-ma ša-lim-a-ḫu-um-ma a-na pu-šu-ke-en₆ qí-bi-ma ta-áš-pu-ra-am um-ma a-ta-ma AN.NA ša šé-ep ku-za-ri ki-ma e-ru-ba-ni a-na pu-ru-uš-ḫa-tim uš-té-bi₄-il₅-šu a-na 5 u₄-me a-na KÙ.BABBAR a-da-ga-al i-na u₄-mì-im ša ṭup-pì ta-ša-me-ú ša 45 ma-na KÙ.BABBAR AN.NA a-na ba-ri-ni ša-a-ma KÙ.BABBAR-áp-kà li-be-i-el AN.NA áš-a-ma PUZUR₄-a-šùr i-ra-de₈-a-ku-nu-tí a-ṣé-er KÙ.BABBAR ša šé-ep ku-za-ri ù ša DUMU a-šùr-i-dí ša ta-qí-pá-ni i pá-nim-ma wa-ṣí-e-em šé-bi-lá-nim i-na ṭup-pì-kà ki-ma dan-a-šùr e-ru-ba-ni a-na-ku-ma a-na pu-ru-uš-ḫa-tim šé-pì-a a-da-an-ma lu-qú-tám lu i-a-tám lu ku-a-tám u-za-kà-ma i šé-pì-a ú-ba-lá-kum e-zi-ib ša ba-ri-ni AN.NA ù TÚG.ḪI.A lu ša šé-ep dan-a-šùr lu ša šé-ep ku-lu-ma-a ú i-dí-sú-en₆ i šé-pì-kà a-ḫi a-ta KÙ.BABBAR mì-ma lá té-zi-ba-am ma-lá i-na ba-áb a-bu-lim lá a-ba-šu lu šu-um-kà qá-tí ki-ma pá-ni-a-tí-ma a É kà-ri-im i-ta-dí-a-ma i-na ni-kà-sí mì-ma lá a-na-pá-al,"\nThus (speak) Salim-ahum: tell Pûšu-kén.\n3-13You wrote this to me: “When the tin from Kusàru's transport arrived, I sent it to Burušhattum. I expect the money in 5 days. The day you read my tablet, buy tin worth 45 silver mines for our common capital and let your money be controlled. »\n13-25I bought some tin and Puzur-Aššur is bringing it to you. In addition to the money for Kusàru's transportation and that of Aššur-idi's son that you entrusted (to a merchant), send some to me by the next messenger. According to your\n214. L. 17: i-sI-<a>-ma-ti-kà: there they-/qé.","CCT 2, 1",144,letter
2b421d8a-e794-c07a-d4b0-c0840387263f,a-na i-dí-a-bi₄-im ù ku-lu-ma-a qí-bi-ma um-ma PUZUR₄-a-šur-ma 3 i-lá-tum 5 GÚ URUDU ma-sí-am šu-qúl-ta-ší-na ku-nu-ki-a kà-ni-ší-ú na-áš-ú-ni-ku-nu-tí 6 GÍN KÙ.BABBAR ig-ri-šu-nu dí-na-šu-nu-tí ù ṣú-ḫa-ri ša-ḫi-za-ma ak-lam lu-ša-ki-lu-šu-nu šu-ma AN.NA-ki a-dí-ni lá ta-bu-kà-nim a-na kà-ni-ší-e dí-na iš-tí sí-ki-im li-ši-ú-nim 5 GÍN KÙ.BABBAR ig-ri AN.NA dí-na-šu-nu-tí ù {d}UTU-tap-pá-i iš-tí-šu-nu li-tal-kam URUDU a-na-kam-ma wa-qar URUDU lu pá-ni-um lu wa-ar-ki-um a-dí a-lá-ki-a li-ib-ší,"\nSay [to] Iddin-abum and Kulumâ,ya: thus (speak) Puzur-\nAššur.\n4-11,- the people of Kaniš bring you under my seal\n3 packages of refined copper weighing 5 talents. Give them 6 silver articles for their wages, and teach the servants to serve them food. 12-19If it is tin, then give it to the people of Kaniš. Let them bring it to me by means of a sikkuma transport. Give them a salary of 5 shekels of silver (for transporting) the tin, and let Samaš-tappâ i come with them. 19-23 Copper is expensive here; that the copper from the previous (transport) and future (transport) remains available until my arrival. Until now you have not shipped my","CCT 2, 40a",145,letter
b4626e98-a9a0-f3fc-e719-b3faf83d7e8f,a-na ša-lim-a-ḫi-im qí-bi₄-ma um-ma la-qé-pu-um ú ì-lí-a-lúm-ma 6 GÚ 30 ma-na AN.NA ku-nu-ki 20 TÚG šu-ru-tum qá-dí ša li-wi-tim 85 {TÚG}ku-ta-ni ša a-na ì-lí-áš-ra-ni ta-dí-nu ŠÀ.BA 4.25 {TÚG}ku-ta-ni ù šu-ra-am ni-is-ḫa-tim il₅-qé-ú 2 GÍN KÙ.BABBAR i-pu-lu 8 {TÚG}ku-ta-ni iš-ra-tí-kà É.GAL-lúm il₅-qé ù 2 GÍN KÙ.BABBAR ta-pu-ul ší-tí TÚG.ḪI-tí-kà 72.75 {TÚG}ku-ta-nu 1 TÚG šu-ra-am a-na iš-ra-tim il₅-qé-ú 3 GÍN KÙ.BABBAR i-pu-lu ší-tí šu-ru-tí-kà 18 TÚG qá-dí ša li-wi-tim i-na 6 GÚ 30 ma-na AN.NA-ki-kà 12 ma-na AN.NA ni-is-ḫa-tim il₅-qé-ú 9.66666 ma-na mu-ṭá-ú 6.33333 ma-na AN.NA {d}NIN.ŠUBUR-ba-ni il₅-qé a-na-kam lá wa-ša-áb iš-tù 50 ma-na 5 GÍN AN.NA-ak qá-tí-šu 4 SÌLA re-eš₁₅-tám 0.33333 ma-na AN.NA ù 5 GÍN KÙ.BABBAR ša a-na a-bi-tí-ba-an tù-šé-bi₄-lá-šu-ni gám-ru 9 ma-na AN.NA a-na ì-lí-áš-ra-ni ni-pu-ul ší-tí AN.NA-ki-kà 5 GÚ 53 ma-na AN.NA ŠÀ.BA 3 GÚ LÁ 1 ma-na AN.NA 7 GÍN.TA 20 {TÚG}ku-ta-ni 0.5 ma-na.TA 10 TÚG šu-ru-tum 10 5 GÍN.TA ŠU.NÍGIN KÙ.BABBAR-pì-kà 38 ma-na 4.25 GÍN PUZUR₄-a-na DUMU e-lá-lí i-qí-ip ŠÀ.BA 28 ma-na a-na 50 ḫa-am-ša-tim i-ša-qal 10 ma-na 4.25 GÍN a-na 45 ḫa-am-ša-tim i-ša-qal 2 GÚ 14 ma-na 10 GÍN AN.NA 7 GÍN.TA 20 {TÚG}ku-ta-ni 0.5 ma-na.TA 4 TÚG šu-ru-tim 15 GÍN.TA 1 ANŠE ṣa-la-mu-um ki-ma 0.5 ma-na a-na 30.66666 ma-na KÙ.BABBAR a-na 47 ḫa-am-ša-tim i-dí-a-ba-am DUMU i-dí-in-IŠTAR i-qí-ip u₄-mu-šu-nu ITU.KAM ša ke-na-tim li-mu-um šu-da-a DUMU en-na-nim 8 {TÚG}ku-ta-ni ú 3 TÚG šu-ru-tim i-dí-in-ni-a-tí 5 {TÚG}ku-ta-ni wa-at-ru-tim É.GAL-lúm a-na ší-mì-im il₅-qé-ma 1.66666 ma-na i-na ni-kà-sí ni-ša-kà-an ki-ma 2 {TÚG}ku-ta-ni 7.5 GÍN LÁ 6.5 ŠE KÙ.KI ù 5 GÍN KÙ.BABBAR i-dí-in-ni-a-tí ší-tí {TÚG}ku-ta-ni-kà 17 TÚG ù 1 TÚG šu-ru-um KÙ.BABBAR-áp-šu-nu 0.33333 ma-na.TA ù 10 GÍN KÙ.BABBAR ša šu-ri-im 5.83333 ma-na ší-ti AN.NA-ki-kà 40 ma-na LÁ 10 GÍN KÙ.BABBAR-áp-šu 5 ma-na lu ša ší-tí {TÚG}ku-ta-ni ù šu-ri-im lu ša ší-tí AN.NA-ki-kà 10.83333 ma-na KÙ.BABBAR ṣa-ru-pá-am i li-bi₄ ì-lí-áš-ra-ni ta-dí-in ṭup-pu-šu ša 10.33333 ma-na KÙ.BABBAR ú a-ḫa-ma ša 0.5 ma-na KÙ.BABBAR la-pì-it ITU.1.KAM ku-zal-li li-mu-um šu-da-a DUMU e-na-nim 1.5 GÍN.TA i-na ITU.1.KAM a-na 1 ma-na-im ú-ṣa-áb 5 ANŠE.ḪI.A ša šé-ep ì-lí-áš-ra-ni me-tù,"\nTell Salim-ahum: thus (speak) Laqepum and lli-\nâ,LUM.\n3-6 (11 were) 6 talents, 30 mines of sealed tin, 20\ne serum-cloths including those for packaging, 85-kutd-\nnum-cloths which you gave to Ili-asranni.\n6-14Thereupon they took as entrance feesa 4 kutdnum-cloths and 1 (serum-cloth) and they refunded 2 silver items. The palace took 8 kutdnum cloths (corresponding to) your tithe, and you compensated 2 shekels of silver. The rest of your fabrics (amount to) 72 4 (fabrics)-k[utidnum. They\ntook 1 serum cloth for the tithe (and) they compensated\n3 shekels of silver. The rest of your (stuff)-serum (amounts to)\n18 cloths including those of packaging.\n""'Of the 6 talents 30 mines of your tin, they took\n12 tin mines in entry fees, (there are) 9 3 mines of\nlosses, llabrat-bâni took 6 s tin mines (but) it is\nnot here. From fact that the 50 mines 5 shekels of tin for his current expenses, the 4 liters (of oil) of good quality, the tin mine and the 5 shekels of silver that you made him take to Abidibanb were spent, we compensated 9 mines of tin in Ili-asranni The rest of your tin (amounts to) 5 talents 53 mines. of tin.\n26-33Thereupon 2 talents 59 mines of tin at a rate of","BIN 4, 61",146,letter
cd9c99d8-8d79-4e22-a3fb-5c955b40840e,a-na im-dí-lim qí-bi₄-ma um-ma šu-mì-a-bi₄-a-ma a-al-DUG ù ku-zi-zi-a-ma 1 GÚ AN.NA 10 ku-ta-nu 7 TÚG šu-ru-tim kà-ki ub-lam AN.NA-kà ni-is-ni-iq-ma 1 ma-na im-ṭí mì-šu ša ta-áš-pu-ra-ni um-ma a-ta-ma a-na AN.NA-ki-a 7 GÍN.TA a-na ku-ta-nim 0.33333 GÍN.TA a-na šu-ru-tim <big_gap> 12 GÍN.TA lá ta-áš-ta-pár šu-ma KÙ.BABBAR-pu wa-aq-ru-ni ù AN.NA 9 GÍN.TA i-za-zu-ni KÙ.BABBAR a-na URUDU-im 1.5 ma-na 4 GÍN.TA i-za-zu-šum AN.NA-kà ù TÚG.ḪI-kà a-na ma-lá té-er-tí-kà ni-il₅-qé KÙ.BABBAR 1 GÍN.TA ra-ma-ni ni-ša-ki-ìš-ma ma-lá šé-bu-lam nu-šé-ba-lá-kum,"\nTell Imdilum: thus (speak) Sumi-abiya, Al-tab and\nKuziziya217.\n\n4—sKakki brought a talent of tin, 10 (clothes)-\nkutânum (and) 7 cloths-s2irum. We checked (the weight of) your tin, and 1 mine was missing.\n8-14Why then did you write to me thus: “(Obtain)\nfor my tin (an equivalent price) at 7 shekels (of tin)\nfor one (shekel of silver), for the (clothes)-kutânum (an equivalent price\n) at 20 [shekels each], and for the (fabrics)-sûrum,\n(an equivalent price) at 12 shekels a piece?\n14-19Don't you hear that silver is dear? In fact,\ntin is (currently) available at 9 shekels (of tin)\nle (shekel of silver). Copper is available (at a price) of 1\n2 mina 5 shekels (of copper) per (shekel) of silver.\n19-24 (Nevertheless), we have taken your tin and your\necloths according to your conditions. We will make every effort\nfor every cent of silver, and then we will send you whatever we can send to you.\n","AKT 1, 82",147,letter
d25850d7-2c4f-35c9-a071-442a6e786ede,a-na pí-la-ḫa-a ir-ma-a-šùr ma-num-ba-lúm-a-šùr ku-ku-lá-num ù a-šùr-la-ma-sí qí-bi-ma um-ma {d}en-LÍL-ba-ni-ma 30 ma-na KÙ.BABBAR ni-is-ḫa-sú DIRI ša-du-a-sú ša-bu ku-nu-ki-a ù ku-nu-uk ku-ku-lá-nim ku-ku-lá-num na-áš-a-ku-nu-tí i-na KÙ.BABBAR qá-tí ša-ak-na-at a-na-kam É DAM.GÀR qá-ta-at ku-ku-lá-num a-li-pí-it-ma i-na 30 ma-na KÙ.BABBAR qá-tí áš-ku-un a-ma-kam i-na ša-ḫa-at ku-ku-lá-nim i-zi-za-ma ša mì-ša-al KÙ.BABBAR TÚG.ḪI.A ša mì-ša-al KÙ.BABBAR AN.NA a-na a-me-er e-ni-šu ša ba-lá-ṭí-šu li-iš-a-ma kà-ni-kà-ma ku-nu-ki-ku-nu a-na ku-ku-lá-nim pí-iq-da a-ḫu-ú-a a-tù-u ki-ma a-na-ku a-na-kam i-na KÙ.BABBAR qá-tí áš-ku-nu a-tù-nu a-ma-kam i-na ba-ab a-bu-lim ki-ma i-a-tí i-na lu-qú-tim qá-at-ku-nu šu-uk-na-ma a-na ku-ku-lá-nim pì-iq-da-ma lu-qú-tám ku-ku-lá-num li-ir-de₈-a-am,"\nSay to Pilaha,ya, Irma-Aššur, Mannum-balum-Aššur,\nKukkuldnum and Aššur-lamassi: thus (speaks) Enlil-bâni.\n4-14Kukkulânum brings you 30 silver mines —\nentrance fees extra, consignment tax paid—, to my seal and that of Kukkuldnum. I have rights to the silver.\nHere, in the house of the creditor-tamakdrum, I have been registered\nas guarantor of Kukkuldnum, and I have laid my hands on the\n30 silver mines.\n1 s-20There, stand by Kukkuldnum:\nlet him buy with half the silver the fabrics and with\n(the other) half, tin according to what he deems profitable\nfor him.\n21-32Seal (the goods) and entrust them to Kuk-\nkuldnum with your seal. You (are) my brothers. Just as I have here placed my hand on the money, there at the city gate, so do you, as my representatives, place your hand on the goods, entrust them to Kukkuldnum, so that Kukkuldnum may bring the goods to me.\n","TC 3, 67",149,letter
67fd0433-2190-a5cd-70da-55cf45ec7987,a-na en-na-be-lim qí-bi₄-ma um-ma ú-ṣú-ur-ša-a-šur-ma 24 TÚG šu-ru-tim 2 {TÚG}ku-ta-nu 1 ANŠE ṣa-lá-mu-um 4 ma-na AN.NA qá-tim i-na a-lim{ki} a-ḫu-wa-qar ip-qí-dam iš-tù a-lim{ki} a-dí pu-ḫi-tár 3 ma-na.TA da-tum iš-du-dam 10 GÍN.TA qá-qá-da-tim 15 GÍN KÙ.BABBAR a-na pá-ni-a šé-bi₄-lam a-na lá a-wi-lim ta-áš-ku-ni-ma té-zi-ba-am,"\nThus (speaks) Salim-ahum: tell Pnšu-kén.\n3-11Elâ brought 16 mines of silver, Iddin-Sîn brought-\n16 mines of silver. On it, (there is) s silver mine-\nammurum. I opened the package that Iddin-Sîn brought in the presence of Kulumâya and it was missing 1 3z century of silver. The pieces are too big, you should not stretch them to such lengths.\n11-16I gave 3 shekels for the entrance fee out of\n(the amount intended to pay) the entrance fee. I\npaid 10 minas 4 secs shekels of silver for the goods\nthat Aššur-talclaku brought you.\n16-312 talents 10 minas of sealed tin, 10 minas of tin\nfor current expenses, their price in silver is 10 mines 4 secs shekels. 10 fabrics cost mine 3 shekels; I gave the same to Elâ 18 shekels, the price of a donkey and the donkey's fodder, as well as 2 shekels of silver. 2 shekels: the donkey's equipment, 5 shekels: the export tax, a heavy cloth, in addition, belonging to Asiya; all this, Ela, brings it under my seal.\n32-46The rest of your money (amounts to) 9 z mines 6\nsicles. 2 talents 7 mines of sealed tin, 9 mines of tin\nfor current expenses at the rate of 14 shekels (of tin)\nfor 1 (shekel of silver), their price in silver is 9 mines\n10 shekels; s mine: price of a donkey, 5 shekels: export tax, 1 shekel: donkey equipment; All this, Kulumâya brings you\nunder my seal.\n41-45The money for the transportation of Elâ and Iddin-Sîn was\nspent for you. I did not give (the wages) of the donkey driver to\nKulumâya. Kulumâya brings you a kutânum cloth from Asiya.\n46-51 Elâ has brought a silver mine belonging to\nIlua; I paid 1 4 shekels of entry fees, at a rate of 13 shekels (of tin) to 1 shekel of silver: 6 z mines 3\nsicles of tin in a bale were placed inside your package. Kulumaya brings it to you.","CCT 2, 2",150,letter
51ae78ca-2d56-e281-5580-e7480ad582f8,um-ma ša-lim-a-ḫu-um-ma a-na pu-šu-ke-en₆ qí-bí-ma ṭup-pá-am ša té-er-tí-a ša a-na a-šùr-ma-lik ù ḫi-na-a a-la-pu-tù šu-ma a-šùr-ma-lik a kà-ni-iš i-ta-al-kam ù šu-ma ḫi-na-a a-na kà-ni-iš{ki} a-dí-ni la i-li-kam ša ki-ma a-šùr-ma-lik ù ša ki-ma ḫi-na-a i-na u₄-mì-im ša té-ra-bu ṣa-ba-sú-nu-ma ṭup-pá-am ša té-er-tí-a iš-tí-kà li-iš-ta-me-ú-ma AN.NA-ki ù TÚG.ḪI-a a-na u₄-me i-ṣé-er tám-kà-ri ke-nu-tim ša ki-ma qá-qí-dí-ku-nu id-a 1 ù 2 ITU.KAM lá tù-šé-qá-ra tám-kà-ru-ku-nu lu ke-nu 1 GÚ 5 ma-na AN.NA 2 TÚG ša li-wi-tim ù 6 {TÚG}ku-ta-ni ša a-na a-šùr-{d}UTU-ši DUMU ib-ni-lí na-áš-a-tí-ni ki-ma a-na kà-ni-iš té-ru-bu AN.NA ù TÚG.ḪI.A ù ṭup-pí ša té-er-tí-a ša a-na a-šùr-{d}UTU-ši la-pu-tù-ni a-šar wa-áš-bu e-ḫi-id-ma šé-bi-il₅-šu-ma ù té-er-ta-kà li-li-kam 2 ri-ik-sà-an ša 5 ma-na.TA AN.NA i-na pá-ni šu-uq-lim na-ad-ú 1 ma-na 15 GÍN KÙ.BABBAR ša ḫa-bu-la-ku-ni a-ḫi a-ta 8 GÍN.TA dí-šu-ma KÙ.BABBAR-áp-kà šu-ta-bi AN.NA pa-ze-er i-na 8 GÍN.TA e-li la e-li KÙ.BABBAR-áp-kà šu-ta-bi,"\n•\nSo (speak) Salim-ahum: tell Pušu-kén.\n2-19(Relatively) to the tablet with my instructions\nwhich I will write for the attention of Aššur-malik and Hinnâya,\nif Aššur-malik has just left this way and if Hinnâya has not yet arrived in Kaniš, then on the day you arrive, seize the\nrepresentatives of Aššur-malik and the representatives of Hinnâya\naso that they listen with you to the tablet containing my\ninstructions: deposit my tin and the fabrics upon maturity in the care of trusted tamkârum agents who are (as safe) as yourself. Do not attach too much value to one or two months (on the length of the credita, (but it is necessary that) your takmdrum agents are sureb! 2'\n32 (Regarding) 1 talent 5 tin mines, 2 wrapping fabrics and 6 kutânum fabrics that you bring to Aššur-SamšÏ, son of Ibni ili when you arrive at Kani4, make sure to send him, where he is, the tin and the fabrics as well as my tablets of instructions which are written for the intention of Aššur-SamšI, then that your report reaches me 2 bales of 5 mines (of tin) each are placed at the top of the package. 32-40 (Regarding) 1 mine. 15 shekels of silver that I owe you, you (are) my brother, sell (the tin at the rate of) 8 shekels (of tin) per shekel (of silver) and settle for your money!\nSmuggle the tin, and at the rate of 8 shekels (of tin) per (shekel of silver), more or less, settle for your money!\n","KTS 1, 28",152,letter
b03f5f94-8b8f-823a-8aea-c1a468ca31e3,a-na i-dí-a-šur PUZUR₄-a-šur ù en-nam-a-šur qí-bi₄-ma a-na PUZUR₄-a-šur qí-bi₄-ma um-ma ku-lu-ma-a-ma i-na 16 TÚG.ḪI.A ša pá-zu-ur-tim ša šé-ep a-šur-ba-áš-tí 3 TÚG i-na bu-ru-uš-ḫa-dum ta-dí-nu um-ma a-ta-ma ší-im TÚG i pá-ni-kà aḫ-ša-lim li-dí-na-ku-um um-ma šu-ut-ma URUDU a-na ṣí-tí-šu u-ša-qí-il₅ mì-ma ú-lá i-dí-nam a-ḫi a-ta eb-ri a-ta ší-tí ší-im TÚG.ḪI.A-tí-a KÙ.BABBAR ku-nu-uk-ma iš-tí a-li-ki-im pá-ni-e-ma šé-bi₄-lam ú-ra-am ma-lá ší-im TÚG ki-li-šu-nu ga-ma-al-kà a-le-e 14 TÚG ša i-na kà-ni-iš té-zi-ba-ni-ma a-na-ku a-na bu-za-zu e-zi-bu IGI en-um-a-šur DUMU šál-ma-ḫi-im IGI a-šur-<gap>-<gap> DUMU a-ni-nim bu-za-zu áš-a-al-ma <big_gap> mì-šu-um <big_gap> a-na <big_gap> um-ma šu-ut-ma a-dí-šu-um <big_gap> <gap> ba tí <gap> <big_gap> ú a-na šé-na lu-bu-ší pá-ṣí-ú-tim i-a-ú-tim a-ṣé-ri-kà i-ta-na-pu-uš a-ḫi a-ta ší-im TÚG-tí-a šé-bi₄-lam,"\n[Say] to Iddin-A[SSur, Puzur-Aššur] and Ennum-Aššur;\nsay to Puzur-Aššur: thus (speak) Kulumâya.\n4-1°Of the 16 fabrics smuggled from the transport\ndAššur-bä ti, you sold 3 fabrics in Burušhattum.\nYou (said) this: “Ah-šalim must give you the price of the fabrics soon. »\n10-13(But) he (said) this: “I paid the copper for\nshis expenses. » He gave me nothing!\n1 —19You (are) my brother and my friend, seal the rest of the money from the price of my fabrics and send it to me by the first traveler (who leaves). Soon, I will be able to render you a service with an amount equivalent to the total price of the fabrics.\n20-29 (Regarding the) 14 fabrics that you had left me before, and that I left to Buzdzu224, I questioned Buzâ[zu] in front of Ennum-Aššur, son of Salim-\nahum (and) before Aššur-[x-x], son of Aninum, [in the following way: ""Why [... ] to [... ]"" and he[1 (answered me)]\nthus: ""I gave him [ ... ]""\n29-34[\n] fabrics [...] [... ] he does not cease to act against you\n224. L. 20-22: 14 TUG sa i-na p[â-n]i-t[im] té-zi-ba-ni-ma\na-na-ku a-na, Bu-za -zul e-zi-bu.","CCT 4, 33a",154,letter
7dd917ff-ed6a-7ddf-3a92-b277cb723eb8,a-na im-dí-lim qí-bi-ma um-ma ku-ra-ra TÚG-ku-ta-nu-kà qá-du-um ša iš-tí-šu-ma šu-ma mì-ma TÚG.ḪI.A e-zi-ib té-er-ta-kà a-na za-al-pá li-li-kam a-na šu-mì TÚG.ḪI.A ša ú-ṣú-ur-ša-IŠTAR šu-ma mì-ma TÚG.ḪI.A i-na pá-zu-ur-tim e-zi-ib té-er-ta-kà a-na tap-pá-e-ni li-li-kam-ma ú-za-ni pí-té,"\nTell Imdilum: thus (speak) Kurara.\n3-8 (Regarding) your kutânum cloths - including\n(those which were) with him - let [your report] reach me to Zalpa (to tell me) if he left any cloths.\n9-17 Concerning the cloths of Usur-ša-Ištar, may your report-\nport reaches our <asso>ciésa225 to inform us if he left some smuggled fabrics.\nBIBLIOGRAPHY: This tablet is published by Mr. ICHISAR,\nImdilum, p. 309-310. 11. 10-14 are transcribed and translated by K. R. VEENHOF, AOATT, p. 310.\nNOTES:\na. The correction of 1. 15 was proposed by M. T. Larsen.\nb. Literally: (( let your report reach our associates\and inform us.\n","CCT 3, 40a",155,letter
26ac0c96-0961-5f66-61a8-b47260956533,a-na PUZUR₄-a-šur qí-bí-ma um-ma sá-ba-sí-a a-ḫi a-ta a-ma-kam ki-ma lu-qú-tum lu AN.NA lu TÚG-tí i-na É.GAL-lim ur-da-ni iš-tí pá-ni-e-ma áb-kà-am šu-ma a-šur-ta-ak-lá-ku ú-lá a-šur-ma-lik DUMU lu-zi-na ú-lá kà-ru-um ik-ta-la pu-nu-šu-nu-tí-ma lu-qú-tum lá uk-ta-ṣa-ad KÙ.BABBAR a-na ṣí-ib-tim lá i-lá-kà-ma lá i-ma-i-da-am lu-qú-tám iš-tí DUMU um-mì-a-nim ke-nim pí-iq-da-ma a-na li-ir-de₈-ú-ni-ší-ma <big_gap> tù-ur-ma <big_gap> <gap>-im <big_gap> dam KÙ.BABBAR <big_gap> a-šur-ta-ak-lá-ku <big_gap> KÙ.BABBAR-pì-ku-nu li-qé-a ù šu-ma <big_gap> na ù ma tí ša qá-tim a-šur-ta-ak-lá-ku ik-ta-lá TÚG-ti 32 TÚG dam-qú-tim i-na pá-zu-ur-tim le-ru-bu-ni-ma šé-bi₄-lá-ni-šu-nu-ma i-na <big_gap> TÚG-tí dam-qú-tum KÙ.GI ša {d}IŠKUR ú-ša-ba a-ḫi a-ta be-lí a-ta i-ḫi-id-ma TÚG-tí dam-qú-tim i-na pá-zu-ur-tim lu-šé-ri-bu-ni-šu-nu-ma ù šu-nu-ma KÙ.GI ša {d}IŠKUR lu-ša-bi₄-ma gi₅-mì-lam i-ṣé-ri-a šu-ku-un 0.33333 ma-na KÙ.GI ša áš-qú-lu,"\nTell Puzur-Aššur: thus (speak) Sabasiya.\n3-13You (are) my brother. There, as soon as the goods, tin or fabrics, have come down from the palace, send them here by the first (convoy). If Aššur-taklaku, Aššur-malik, son of\nLuzina, or even the kârum (her) detains her, contact them\nbecause the goods must not be delayed226, and the money[n](borrowed) must not cost me [shit in interest!\n13-19[Entrust] the goods [to a mer] ummi'ânima\n[of trust] so that we can lead her to [NG], and [that he (her)\n225. L. 15: a-na <tâp>-pd-e-ni.\n226. L. 10-11: pu* -nu* -su' -nu-ti-ma lu-qil-tum, lâ ukt -ta-\nsat -ad.","TC 1, 51",156,letter
991e903a-2d9d-3501-4ce3-c03e1d2ef43d,um-ma <big_gap> ma a-na a-mur-DINGIR ù iš-me-sú-en₆ qí-bi₄-ma 81-<gap> {TÚG}ku-ta-nu iš-tí i-ku-pì-a DUMU lu-lu 40 TÚG SIG₅ DIRI na-sí-qá-ma i za-al-pá a-na iš-me-sú-en₆ li-zi-zu-ma ší-tí TÚG.ḪI.A iš-tí-šu lu-šé-ri-ba-am 1 ANŠE le-zi-ib-šu-um a-na a-mur-DINGIR qí-bi₄-ma TÚG.ḪI-tí SIG₅ ša im-tí-a a-na ma-lá im-dí-lúm ú-ša-ḫi-zu-kà qá-tí <gap> a-na pá-zu-ur-tim <gap> <big_gap> šu-ma <gap> TÚG.ḪI.A SIG₅ <big_gap> ṭur₄-dam lu TÚG-tí-a lu ša ba-ri-ni a-na-kam 0.33333 ma-na 0.66666 GÍN.TA iš-qú-lu a-ta ma-lá ta-le-i-e-ú dí-in,"\nThus (speaks) [NP]: tell Amur-[ili] and Išme-Sî[n].\n4-1581+[x fabrics]-kutânum leave with Ikuppiyaa.\nChoose 40 of excellent quality, so that they are at the disposal of Išme-Sîn in Zalpa. Furthermore, he must bring in the rest of the fabrics with him. Finally, let him\nleave him a donkey.\n16-22Tell Amur-ili. (Regarding the) good quality fabrics with which I am responsible, according to what Imdilum told you, [bring in] my share [in] contraband... 1231\n23-295' (there are) good quality [fabrics], send me NP']. Here, we paid 20 to 40 shekels each [for my fabrics] or even (for) those which belong to us in common. So you, sell as much as you can.\n231. L. 17-22:\nTUGhi-ti SIG5, sa ern-dz-a, a-na ma-la\nIm-dz-lim v sa-hi-zu-kà, qâ-ti [... i-na], pd-zu-u[r-tim\n\nI owe the reading of 1. 18 to K. R. Veenhof.","TC 3, 118",158,letter
fee68b6a-fffb-23ad-cbd2-6d225209569f,a-na pu-šu-ke-en₆ qí-bi-ma um-ma IŠTAR-pí-lá-aḫ-ma 1 ma-na KÙ.BABBAR ṣa-ru-pá-am i-dí-a-šur na-áš-a-ku-um šu-ma té-er-tí bu-ur-sú-en₆ mì-ma i-li-kam KÙ.BABBAR a-na pá-ni-šu šé-bi₄-il₅ i té-er-tí bu-ur-sú-en₆ 1 me-at 60 ku-ta-nu 4 GÚ AN.NA ku-nu-ke-e 6 TÚG.ḪI.A ša a-ki-dí-e na-ší a-ḫi a-ta ki-ma ša a-na ra-mì-ni-šu ta-ša-pu-ru-ma ú-pá-zu-ru-ni ù a-na i-a-im šu-pu-ur-ma TÚG.ḪI.A SIG₅-tim 50 TÚG lu-pá-zi-ru-nim ù i-na re-eš₁₅ ni-is-ḫa-tim i-zi-iz-ma u₄-nu-tí i-na É.GAL-lim lu-ur-dam šu-ma lá ku-a-tí ma-nàm i-šu,"\nTell Pnšu-kén: thus (speak) Ištar-pilah.\n4-9Iddin-Aššur brings you234 a mine of fine silver. If\nany message from Bnr-Sîna has arrived, then send the money to meet him.\n10-15In (his) mission, 13nr-Sin is carrying 160\n(clothes)-kutdnum, 4 talents of sealed tin (and) 6 ak-\nkadian cloths.\n16-28You (are) my brother, in the same way as you send (orders) for your own goods so that they can be smuggled, well, send the same (orders) for mine so that good quality fabrics can be smuggled for me, about fifty coupons! And be present (for the payment) of the entry fees so that my goods come back down from the palace.\n27-28I have no one other than you!\nBIBLIOGRAPHY: 11. 16-22 are transcribed and translated by\nK. HECKER, GKT § 154a and by K. R. VEENHOF, AOATT,\np. 318.\nNOTES:\na. Note the spelling of this proper noun with phonetic prefix\n1. 6\nbuBur-/sw-in, which returns 1. 11 in the more traditional form: Bu-ur-sw-in.\nb Literally: “Just as for what is yours you write and we smuggle it, so for what is mine, write so that it can be smuggled...”\n","CCT 4, 11a",160,letter
948b4f2d-6fed-84ed-e155-a26a805f80ce,a-na im-dí-lim qí-bi-ma um-ma a-mur-DINGIR-ma mì-šu ša ta-áš-ta-pá-ra-ni um-ma a-ta-ma KÙ.BABBAR-áp-kà i sà-al-e tù-uš-té-né-ba-lá-ma ú É ša-ni-ú-tim ni-is-ḫa-tim i-na-sú-ḫu ú ší-lá-tù-kà ma-da-ma ú pè-er-da-tù-kà e-ta-ak-lá-ni a-a-um KÙ.BABBAR-pì ša a-ta lá tí-de₈-ú a-na-ku lu ú-šu-ra-ku mì-ma a-a-kam-ma lá-al-kam-ma lá-al-qé-ma ma-aḫ-ri-kà lá-áš-ku-un-ma li-ba-am lá-dí-na-kum ma-tí ki-ma ša a-da-gu₅-lu-ma i KÙ.BABBAR-áp a-ba-e-šu-nu 10 ma-na.TA KÙ.BABBAR i-na-šu-ru-ni-ma a ší-a-ma-tim i pá-ni a-ba-e-šu-nu ú-šé-bu-lu-ni-ma a-ba-ú-šu-nu i-ša-me-ú-ni-ma li-ba-šu-nu i-lá-mì-nu ma-tí a-mì-a-tim a-na-ku e-pu-uš tù-ṣa-wi ki-ma ša a-wa-tim a-mì-a-tim e-ta-pu-šu-ni-ma li-bi₄ a-ba-e-šu-nu ú-lá-mì-nu-ni-ma a-ba-ú-šu-nu IGI i-li-šu-nu ik-ri-bu-um i-pì-šu-nu ú-ṣí-a-ni lu šu-nu-tù-ma a-wa-tám a-mì-tám a-šùr ú IŠTAR.ZA-AT e ú-ṭá-ḫi-a-ni-ší i-nu-mì ṣa-aḫ-ra-ku-ni-ma a-a-e lá a-ra-du-ú i re-ší-kà a-zi-zu ma-tí-ma ba-za-am ú ší-lá-tám lá ar-ší u₄-ma-am a-na-ku a-na a-ḫi-kà ṣa-aḫ-ri-im ša ke-na-tim-ma a-tù-ru-ma ú wa-dí a-wi-lu-tù-ni e-tí-i a-wa-tim ša ta-ta-wu-ni ú-ul ša ṭup-pì-kà am-tí-ší ú-ul ša a-na-kam e-ba-ru-tí 5 ú 6 a-na ni-kà-sí uš-ta-zi-zu-ni šu-nu-tí-ma ki-a-ma lá aḫ-šu-uḫ-ma ú ri-ḫi-bu-um li-iṣ-bi₄-tí iš-té-en a-ta ì-lí tù-kúl-tí ú ba-áš-tí a-ba-kà lu-ša-lim-ma kur-ba-ma e-en a-šùr ú e-né-kà lá-mur a-na i-bi₄-sà-e KÙ.BABBAR 10 ma-na ú 4 1 ma-na ša a-mu-ru lá ta-áš-ta-na-pá-ra-am ú lu-qú-tí-kà i-ru-qá-ni-ma um-ma a-ta-ma a-ṣé-er a-wa-tám le-pu-šu e-ru-bu ú a-na-ku,"\nTell Imdilum: thus (speaks) Amur-ili.\n2-8Why did you write to me this: “You keep sending me money fraudulently?, and we deduct the\nentrance fees to other people's houses; your misdeeds are numerous, which is why anxieties concerning you have never ceased to assail me! »\n234. L. 5: I-di-a-sur na-dä-a-ku-<um>.","KTS 1, 15",161,letter
524c3033-974b-08dc-1ad3-57d1e9c71496,a-na pu-šu-ke-en₆ ù GAL-a-šur qí-bi-ma um-ma ku-zal-lim-ma ki-ma ù-nu-tum úṣ-a-ni TÚG.ḪI.A-tí ša i-na pá-zu-ur-tim e-ru-bu-ni-ni ú-ma-kál i-na É.GAL-lim uš-ib-ni ṣú-ḫa-ru ù ku-zal-lim ša áb-ri-im li-it-bu-lu-nim lá-ma ku-úṣ-um id-ni-nu ú GAL-a-šur a-dí É kà-ri-im za-kà-im li-ik-lá a-na pu-šu-ke-en₆ qí-bi-ma a-ma-kam TÚG.ḪI.A ma-lá a qá-tí-a ta-ḫa-šu-ḫu ša kà-la-im ki-lá šu-ma ša ki-ma i-na-sú-en₆ a-na šu-mì KÙ.BABBAR-pì-šu-nu lu-qú-tám i-kà-lu-ú ma-la 20 ma-na KÙ.BABBAR áp-pu-ší-im TÚG a-na bu-ru-uš-ḫa-dum a-bu-uk-ma a-dí KÙ.BABBAR ú-ṣí-a-ni qá-qá-a-kà ma-ḫa-aṣ lu-qú-tám lá i-kà-lu-ú lá ma-qú-ší-im <gap>-<gap> pu ku-<gap> šu-ma ta-qá-bi₄ um-ma a-ta-ma a-na 20 ma-na KÙ.BABBAR qá-qí-dí a-ma-ḫa-aṣ <big_gap><gap> dan-IR i-ku-nu-um ú dan-a-šur ú i-a-tí li-dí-nu-nim-ma <gap>-<gap> KÙ.BABBAR i-lá-qé ša É-<gap> ša a-na <big_gap> i TÚG <gap>-<gap>-<gap>-<gap>-<gap>,"\nTell Pušu-kén and Rabi-Aššur: thus (speaks) Kuzallum.\n3-13Once the goods have left (the palace), the servants\n— 1 or 2 (men) — of Abrum must take away the fabrics\nthat have been smuggled as well as all those\nthat have left the palace (cleared), and this, before the winter becomes too harsh. Rabi-Aššur must hold (the goods) until clearance by the kdrum office.\n13-29Tell Pušu-ken. There, keep as much stuff as you want as my share. If the representatives of Enna-\nSîna withhold the goods because of their money,\ntake copper to Burušhattum (to) realize up to 20\nmines of silver and, as long as the money has not reached me,\nuntil the money comes out to me, guarantee it. They don't have to hold the goods! Before winter[ver... ] If you tell me this: “For the 20 [silver] mines, I guarantee my person! » [... ]\n29-35Let Ikuppiya come [to Dâ,n]-Aššur and I-\nme... (gap).\n","CCT 4, 29a",163,letter
4e0ce074-992c-40c5-ac64-a15678c61eb8,a-na im-dí-DINGIR šu-be-lim ù a-šur-ṣú-lu-li qí-bi₄-ma um-ma PUZUR₄-a-šur-ma a-na ṣú-ba-tí-a ša za-al-pá ù ḫu-ra-ma a-tù-nu iš-tí mu-pá-zi-ri-im šu-up-ra-ma ṣú-ba-té-e-a lu-šé-ri-bu-nim-ma iš-tí šu-ul-ḫi-i ša ta-ša-a-ma-ni-ni iš-tí i-ku-pì-a šé-bi₄-lá-ni-šu-nu šu ma É-tù-um i-na ki-dí-ni i-šé-ra-ku-nu-tí É-tám ša-ma-nim,"\nSay to Imdilum, SU-Bélum and Asšur-sulnli: thus (speak)\nPuzur-Asšur.\n5-16For my fabrics from Zalpa (from the south) and Hurrama,\nyourselves, write to a smuggler so that my fabrics can be brought in. Then have them carried by Ikuppiya\nwith (clothes)-§ulhuma which you will buy for me.\n""17-21If the house outside ours is in order\nfor you, buy this house.\n","AKT 1, 26",165,letter
cf7d9379-0bd0-c7fd-94f3-d872ef9fd14d,a-na im-dí-lim qí-bi₄-ma um-ma šu-IŠTAR-ma ta-áš-pu-ra-am um-ma a-ta-ma TÚG-tí-a da-da-a li-ip-qí-da-ku-ma li-li-kam-ma iš-tí-a li-sí da-da-a áš-al-ma um-ma šu-ut-ma sú-ba-ni KÙ.BABBAR-pì ú-ša-be-e-ma ù TÚG.ḪI.A uš-té-ṣí TÚG.ḪI-tù iš-tí pì-lá-aḫ-a-šur DUMU a-al-DUG i-ba-ší-ú pì-lá-aḫ-a-šur áš-al-ma um-ma šu-ut-ma me-eḫ-ra-tim a-na sú-ba-ni a-dí-in a-na pì-lá-aḫ-a-šur ù i-a-tí te₉-er-ta-kà iš-tí wa-bi₄-il₅ ṭup-pì-im li-li-kam-ma TÚG.ḪI-tí-kà a-na mu-pá-zi-ri-im lu ni-dí-in-ma lu-ub-lu-ni-kum pì-lá-aḫ-a-šur a-dí É šu-ḫu-ut-ma TÚG.ḪI-kà a-na pá-zu-ri-im ú-lá i-da-an um-ma šu-ut-ma na-áš-pá-ar-tù-šu lá-aṣ-ba-at,"\nTell Imdilum: thus (speaks) Sû-Istar.\n3-7You wrote to me this: “Let Dadaya entrust you with my\neclothes, let him come and make (accounts) with me! »\n7-14I questioned Dadoya and he (answered) this:\n« Sîn-bonia paid me my money and so I brought out the\necloths. The fabrics are found with Pilah-Assur, son of Al-tob. »\n15-18I asked Pilah-Asšur, and he (answered) this: “I gave the consideration (of the fabrics) to Sin-boni. »\n18-23May your instructions reach me and\nPilah-Asšur with the bearer of (this) tablet so that we\ncan hand over your fabrics to a smuggler and bring them.\n24-29Pilah-Aššur became afraid of the firm?c236 and he\ndoes not (want) to smuggle your fabrics by saying :\n“I must have his instructions!” »\n","KTS 1, 16",166,letter
7a72bde6-5064-7a24-cab6-7a2264c605f1,um-ma a-šur-i-mì-tí a-la-ḫu-um ù PUZUR₄-a-šur-ma a-na i-tur₄-DINGIR qí-bi-ma 25 ku-ta-ni 1 ANŠE ṣa-la-ma-am 5.5 ma-na AN.NA-ak qá-tim i-na še-pí-a ta-dì-nam ŠÀ.BA 15 TÚG.ḪI.A ù ANŠE ṣa-la-ma-am e-ra-dí il₅-qé 2 TÚG a-la-ḫu-um 1 TÚG PUZUR₄-a-šur 1 TÚG ni-is-ḫa-tum iš-tù AN.NA-ak qá-tim gám-ru-ni lu bi-it-qá-at AN.NA lu ni-is-ḫa-tum lu ša pá-zu-ur-tim 0.66666 ma-na 3 GÍN KÙ.BABBAR i-na KÙ.BABBAR-pí-kà ni-il₅-qé,"\nThus (speak) Aššur-imitti, Alâhum and Puzur-Aššur:\ndis to Itnr-ili.\n5-""You gave me in my transport 25 (clothes)-\nkutânum, a black donkey (and) 5 2 tin mines for\ncurrent expensesa.\n9-2oThereupon, Erra-(i)di took 15 cloths and the black donkey, Alâhum: 2 cloths, Puzur-Aššur: one cloth, (and) the entrance fees (cost) one cloth After the tin for current expenses was completely spent, we took 3 mine 3 shekels of silver from your money (corresponding to) lack (on) tin packages, (at) entry fees\nor even (at) what constitutes contraband.\nBIBLIOGRAPHY: This text is edited by E. BILGIÇ and S. BAY-\nRAM, AKT 2, Ankara, 1995, p. 97-98 (without copy).\nNOTE:\na. )).\n","AKT 2, 55",167,letter
faafd131-71b9-486b-816d-ffca1a79be4b,a-na i-ku-pì-a-šùr a-ta-ta a-šùr-ma-lik ú šu-IŠTAR qí-bi-ma um-ma in-bi-IŠTAR-ma 2 me-at 12 TÚG SIG₅ DIRI <big_gap> a-bu-DINGIR na-áš-a-ku-nu-tí šu-ma pá-zu-ur-šu-nu ta-le-a pá-zi-ra-šu-nu šu-ma pá-zu-ur-šu-nu lá ta-le-a a-na É.GAL-lim šé-li-a-šu-nu-ma É.GAL-lúm ni-is-ḫa-tí-šu-nu li-il₅-qé-ma TÚG.ḪI.A šé-ri-da šu-ma É.GAL-lúm TÚG.ḪI.A a-na ší-mì-im i-lá-qé-ma i-na re-eš₁₅ TÚG.ḪI.A KÙ.BABBAR i-ša-qal dí-na-a šu-ma a-na ší-mì-im i-lá-qé KÙ.BABBAR lá i-ša-qal ú maš <gap>-am i-da-an lá ta-da-na-a ú ṭé-em É.GAL-lim i-na e-ra-áb TÚG.ḪI.A a-ni-ú-tim li-im-da-nim a-šu-mì té-er-tí ú a-na-ku e-ra-ba-ni ú i-na a-ni-tim ṭé-em É.GAL-lim lu-ut-kà-ni-ma za-<big_gap> e-ra-ba-am lá e-ra-ba-am šu-up-ra-nim šu-ma TÚG.ḪI.A É.GAL-lúm a-na ší-mì-im il₅-té-qé-e i-na re-eš₁₅ TÚG.ḪI.A iḫ-da-ma KÙ.BABBAR le-qé-a šu-ma É.GAL-lúm TÚG.ḪI.A lá il₅-té-qé-e-ma ṣú-ba-tù-a i-ta-ar-du-nim ku-nu-ki ú-dí-a-ma TÚG.ḪI.A ša ḫa-ba-tim um-mì-a i-ku-pì-a-šùr li-il₅-qé i-a-ú-tim a-ta-ta li-il₅-qé ša a-bi-ni a-šùr-ma-lik li-il₅-qé TÚG.ḪI.A ša a-šùr-GAL ma-ḫa-i-a šu-IŠTAR li-il₅-qé 16-<big_gap>-1 TÚG ša ba-zi-tim DUMU i-dí-ku-bi-im a-na a-sú-kà-NI um-mì-ša a-dí-na-ma <gap> a-ḫu-a a-tù-nu lá ša a-wa-tim a-na-ku a-na ku-nu-tí šu-ma ta-da-ga-lá-ma a-na TÚG.ḪI.A KÙ.BABBAR i-na kà-ni-iš i-ba-ší a-na KÙ.BABBAR dí-na-ma KÙ.BABBAR a-na pá-ni-a li-im-ḫu-ra-ni šu-ma i-na kà-ni-iš KÙ.BABBAR a-na TÚG.ḪI.A lá i-ba-ší a-li KÙ.BABBAR a-na TÚG.ḪI.A i-ba-ší-ú iš-tí a-bu-DINGIR,"\nSay to Ikuppi-Aššur, Atata237, Aššur-malik and Sn-Ištar:\nathus (speak) Inbi-Ištar.\n237. L. 1:\nArta-ta!",KTH 13,169,letter
61639150-fb07-cd2f-f3bc-21b6f1f0d447,um-ma en-na-num-ma a-na ḫu-ni-a qí-bi₄-ma 2 TÚG.ḪI.A SIG₅ šu-ku-bu-um i-na za-al-pá e-zi-ba-kum a-na-kam áš-al-kà-ma um-ma a-ta-ma iš-tí ṣú-ba-tí ša ú-ṣú-ur-ša-i e-zi-ib-šu-nu a-na-kam pá-zu-ur-tum ša ú-ṣú-ur-ša IŠTAR e-ru-ba-ma um-ma šu-ut-ma ṣú-ba-tù-kà lá-šu-ú a-ḫi a-ta a-šar ṣú-ba-tí-a té-zi-bu té-er-ta-kà li-li-kam-ma ṣú-ba-tí lá-al-qé,"\nThus (speaks) Ennânum: tell Hunniya.\n3-I°Su-Kubum left you 2 good quality fabrics\nin Zalpa. Here I asked you and you (answered) this: ""I left them with the fabrics of Usur-ša-Ištar. »\nI°-19(The fabrics) smuggled from Usur-ša-Ištar entered here and he (told me) this: “I don't have your fabrics! »\nYou (are) my brother, may your report reach me (to\nshow me) the place where you left my fabrics so that I\nrecover my fabrics.\n","AKT 2, 46",170,unknown
a27cc52e-e80d-87bf-a1ac-551931fa0274,a-na i-na-a qí-bi-ma um-ma {d}en-LÍL-ba-ni-ma mì-šu ša ta áš-pu-ra-ni um-ma a-ta-ma ḫa-ra-an sú-qí-nim ta-lá-ak a-na-ku ku-a-tí a-da-ga-al ù áš-pu-ra-kum um-ma a-na-ku-ma mì-il₅-kà-ni a-bi a-ta be-li a-ta mì-šu-um ta-ki-li ša ma-ma-an ta-ša-me ke-e-nu-um a-na-ku ba-lúm té-er-tí-kà e-ta-lu-tám e-pá-áš-ma ḫa-ra-an sú-qí-nim e-ra-ab wa-dí a-wa-tí-kà ša ta-ta-wa-ni am-tí-ší ù ta-áš-pu-ra-am um-ma a-ta-ma i-na a-lim{ki} i-na lu-qú-tim <big_gap> qar-wi-a <big_gap> <gap>-ku-šu a-na <big_gap> a-ma-kam ša <big_gap> <gap>-tí ša <big_gap> ḫa-<gap> <big_gap> qá-at-kà <big_gap> <gap>-ni <big_gap> a-bi₄ a-ta <big_gap> i-šu <big_gap> TÚG šu-ru-tim <big_gap> ku-nu-ki-a i-ku-pí-a na-áš-a-kum <big_gap> KI GAL sí-ki-tim <big_gap> ša ḫa-<gap> <big_gap> ša lá ša <big_gap> i qá-ti ba-tí-qí-im ša <big_gap> ú-šé-ba-lá-kum,"\n[Say] to Innâya: thus (speak) Enli[1-bâni].\n3-9Why [did] you write this to me: “You travel by a roundabout way! » I'm waiting for (a decision) from you! So I wrote you this: “Advise me! » You (are)\nmy father and my master.\n9-15Why then do you listen to the slander of anyone? I'm honest! Would I act on my own authority without instructions from you to take a circuitous path?\n15-2° Would I, moreover, have forgotten the things you told me? Now you wrote to me this: ""In the city (of Aššur),\nQar[wiya ... ] on the merchandise [...]""\n2'-13' (very incomplete passage)\n14'-20'Ikuppiya brings you [money] to my seal.\nTo the rabi sikkatim of (the city of) Ha-[... ] which is not the object of I] will send you a special courier from [...\n","TC 3, 70",171,letter
d001bb9f-fba0-8aa3-ebcc-3cf0b13d7359,a-na bu-za-zu qí-bi₄-ma um-ma a-sà-nu-ma 2 GÚ 30 ma-na AN.NA ša lá-ma-ša ḫa-ra-an sú-ki-ni-im ú-šé-ra-áb 12 ma-na AN.NA a-šur-e-nam DUMU SIG₅ ub-lá-kum ú a-mur-a-šùr DUMU zi-ku-ur-lí ma-lá AN.NA i-dí-na-ku-ni 3 ma-na AN.NA i-ša bu-ṣí-a ši-ip-ru-um i-dí-na-ku-ni pá-ḫe-er-šu-ma a-na wa-aḫ-šu-ša-na a-ṣé-ri-a šé-bi₄-lam a-bi a-ta be-lí a-ta i-ḫi-id-ma AN.NA šé-bi₄-lam šu-ma GÉME-tum ú-ṭá-tám té-ri-iš-kà dí-ší-im,"\nTell Buzâzu: thus (speak) Asânum.\n3-6I want to bring in by the circuitous route 2 ta-\nlent 30 mines of tin from Lamâša.\n6-18Aššur-ennam, son of Damqum, brought you 12\nmines of tin. As for Amur-Aššur, son of Zikur-ilia243,\ngather all the tin that he gave you, (including) the 3 tin mines\non that which Busiya, the messenger, gave you, and send it\nto me in Wahšušana.\n19-21'i (es) my father and my master, take care244 to Send me the tin.\n22-24If the servant asks you for cereals, give them to\nher!\n243. L. 10: DUMU Zi-ku-ur-i-Gli>.\n244. L. 20: a-ta","CCT 3, 39a",173,letter
af8b4dd0-0962-d98c-360a-817f9b714994,a-na PUZUR₄-a-šùr DUG-ṣí-lá-a-šùr a-šur-ba-ni {d}IŠKUR-ba-ni ù i-ku-pá-ša qí-bi₄-ma um-ma bu-za-zu-ma a-na-kam AN.NA iš-tí URUDU-i-ni a-na ba-ru-im lá-šu i-na {d}UTU ṭup-pì-i ta-ša-me-a-ni šu-ma a-šur-ba-ni a-ma-kam wa-ša-áb ší-ta-lá-ma a-ṣé-er lu-qú-tí-a a-na tí-me-el-ki-a le-tí-qú-ma šu-ma ḫa-ra-an sú-ki-nim šál-ma-at ḫa-ra-an sú-kà-nim-ma AN.NA-ki ú TÚG.ḪI-tí-a SIG₅ ma-lá ú-šé-tí-qá-ni iš-ti a-li-ki le-li-ku-nim šu-ma ḫa-ra-an sú-kà-nim lá na-ṭù AN.NA a-na ḫu-ra-ma lu-ub-lu-ni-šu-ma lu nu-a-ú ḫu-ra-ma-i-ú-um AN.NA 1 GÚ.TA lu-šé-ri-bu-nim ú-lá ri-ik-sí 10 ma-na.TA ù 10 ma-na.TA lé-pu-šu-ma ṣú-ḫa-ru i-sú-na-tim lu-šé-ri-bu-nim 1 GÚ-tám lu-ša-li-mu-nim-ma ù li-tù-ru-ma 1 GÚ-ma lu-šé-ri-bu-nim AN.NA pá-ni-um-ma ša i-ša-li-ma-ni iš-tí a-li-ki pá-nim-ma šu-té-bi₄-lá-nim šu-ma a-šur-ba-ni a-ni-ša-am lá ḫa-ra-šu {d}IŠKUR-ba-ni ú ki-is-ḫa-nu-il₅ iš-tí AN.NA li-li-ku-nim ù ṣú-ḫa-ri 2-šé-na a-na bu-ru-uš-ḫa-dum ṭur₄-da lu-qú-tí ša tí-me-el-ki-a a-ba-ú-a be-lu-a a-tù-nu a-na té-er-tí-a iḫ-da-ma AN.NA lu ḫa-ra-an sú-ki-nim lu i pá-zu-ur-tim lu-šé-ri-bu-nim-ma gi₅-im-lá-ni ù a-na-ku ga-ma-al-ku-nu a-le-e a-dí AN.NA ú-bu-lu-ni-ni sà-aḫ-ra-ku a-na-kam ší-im AN.NA i-ba-ší iḫ-da-ma gi₅-mì-lam GAL i-ṣé-ri-a šu-uk-na qá-tí li-dí-šu-ma KÙ.BABBAR 1 ma-na le-li-am šu-ma a-tù-nu,"\nTell Puzur-Aššur, Tâb silli Aššur Aššur-bâni, Adad-\nbâni and Ikuppaša: thus (speaks) Buzâzu.\n5-15Here, there is no tin to offer for salea with\nour copper. If, when you become aware of my\ntablet, Aššur-bâni is there, then consult each other\nand let us go to Timilkiya for my\ngoods. If the circuitous route is safe, it is by (this) circuitous route that my tin and my good quality fabrics, as much as he has carried, must reach me by a caravan.\n16-24If the circuitous route is impassable, let the tin be brought to Hurrama. Let the inhabitants of Hurrama bring in all the tinb24s (into the city) in quantities of one talent each; or again, that we make\npackages of 10 or 15 mines each, and that the employees\n(of the caravan) bring them in (into the city hidden) in\ntheir underwear.\n24-29 Once we have brought in the first talent\nwithout incident, only then let us bring in a new talent. Whenever a first convoy of tin arrives safely, then send it to me by the first departing caravan (and so on).\n29-33IF the road to Aššur-bâni (does) not pass through here,\nlet Adad-bâni and Kishanueld come with the tin, and send two of my employees to Burušhattum.\n34-39<V>or<S> (are) my fathers and my masters249\nso pay attention to my instructions regarding my merchandise (which is) in Timilkiya. Let the tin be brought into the city either by the circuitous route or by smuggling; do me (this) favor, I can do it for you\npa<re>ille25o i\n248. L. 18-19:\nlu nu-a-û, Hu-ra-ma-i-uk(111 (UM) AN.NA.\n249. L. 34-35:... a-ba-û-/a, be-lu-a <a>-tù-<nu>...\n250. L. 38-39: gis-im lâ-ni ù a-na-ku ga! (GAM)-ma-<al>-\n/ku-nu, a-le-e...","BIN 4, 48",176,letter
75531ecf-a64b-452e-8606-af61fc865900,a-na PUZUR₄-a-šùr DUG-ṣi-lá-a-šùr a-šùr-ba-ni ù i-ku-pá-ša qí-bi-ma um-ma bu-za-zu-ma a-dí ša áš-ta-pa-ra-ku-nu-tí-ni um-ma a-na-ku-ma AN.NA-ki lu ḫa-ra-an sú-ki-nim šu-ma na-ṭù-ú lu-šé-ri-bu-nim lu ri-ik-sí lu BI-šu-ma a-na kà-ni-iš i-na sú-na-tí-a lu-šé-ri-bu-nim a-ša-me-ma am-tum em-ṣa-at i-ṣé-er <gap>-<gap>-tí-šu a-na a-wi-lim <big_gap> ú lu-ú ḫa-ra-an <big_gap> <gap>-<gap> a-na e-ra-bi₄-im <big_gap> <gap>-<gap> ú AN.NA-ki <gap> lá tù-šé-ra-ba-nim iš-ti ILLAT-tim-ma le-ru-ba-am,"\n[T]ay [to] Puzur-Aššur, Tâb silli-Aššur, [Aššur]-bâni and\nIkuppaša: thus (speaks) Buzâ,zu.\n4-17As for what I wrote to you on several occasions,\nnamely: “Let my tin be brought in (into the city)\nby the circuitous route if it is practicable, or even, let's make packages, and let them enter Kaniš in their underwear! » I learn that the [country] is without resources, and that offers have been made to the man in","CCT 6, 22a",177,letter
941b6c20-e20d-87f4-9908-95c464567939,a-na a-lá-ḫi-im ù a-šùr-ta-ak-lá-ku qí-bi-ma um-ma a-šùr-na-da-ma KÙ.BABBAR ù KÙ.GI ma-lá iš-tù tur₄-ḫu-mì-it ú-šé-bu-lu-ni-ku-nu-tí-ni a-na ša qí-ip-tí-a šu-uk-na-ma šu-ma ì-lí-a-lúm sú-ri ma-ṣí-ir a-ša-me-ma i-dí-sú-en₆ pá-ni-ni i-šé-e a-ma-sú i-na kà-ni-iš le-zi-ib-ma šu-a-tí a-na a-lim{ki} ṭù-ru-sú-ma a-na ba-ra-im a-na kà-ni-iš li-ik-šu-dam šu-ma a-lá-ḫu-um lá-šu ša ki-ma šu-a-tí a ší-bu-tim šu-ku-ma KÙ.BABBAR ša ba-ri-ni a-na šu-mì ki-lá-le-ni eq-lam le-tí-iq 10 ma-na KÙ.BABBAR ṣa-ru-pá-am ḫa-na-nu-um DUMU i-ku-pì-a DUMU i-ku-a ša ba-ri-ni na-ší ni-is-ḫa-sú ù ša-du-a-sú i-na KÙ.BABBAR-pì-a lu i-ší-im TÚG.ḪI-tí-a i-dí-ma a ba-ri-ni li-li-ik ṣú-ḫa-ri ša e-li-ú-ni-ni KI sà-ḫi-ri a-pu-ul,"\nTell Imdilum: thus (speak) Iddin-Adad, Annali and\nPuzur-Ištar.\n4-11 As for the circuitous path about which you wrote this: ""Act in such a way as to keep every item of my money intact, and to save the personal tax! ""\nWhen the circuitous path opens, we will act according to your\ninstructions.\n12-29(Regarding) the tablet of the testimony of\nPuzur-šadu'e and Itur-ili concerning Ennu(m)-Bélum, about which you wrote to me this: ""Bring me a tablet: the tablet of Puzur-šadu'e and Itur-ili, the tablet of Aššur-malik, son of Qâtum, or the tablet of the loan-ebuttum of Ikuppiya, the safec253 (which contains them) is sealed by the seals of your representatives. » Let your\ninstructions reach your representatives (indicating)\nwhere the tablets are located so that they return the\ntablets.\n","BIN 4, 5",178,letter
5fa2bda9-38b1-4c56-a83d-9f75911a769b,um-ma i-dí-sú-en₆ a-na šu-a-nim qí-bi₄-ma a-na 1 ma-na 13 GÍN KÙ.BABBAR mu-nu-a-tí-šu ši-im sà-áp-tí-ni šu-{d}EN.LÍL ša ìš-qú-lu 40 ma-na URUDU SIG₅ ù 20 ma-na ḫu-sa-e ub-lu-šu-um ù a-ma-kam ma-la ta-le-e-ú iš-tí-šu na-am-ge₅-er-ma ù šu-up-ra-ma i-na iš-té-en a-li-ki-im i-na u₄-mì-im ša ta-ša-pá-ra-ni ší-tí KÙ.BABBAR-pí-šu lu-šé-bi-la-šum la i-tù-ar-ma la i-ša-pá-ra-am a-ša-me-ma a-mu-tum ša iš-tù 1 GÍN ù 2 GÍN ù 3 GÍN iš-tí-šu i-ba-ší šu-ma a-mu-tum za-ku-at-ma i-ma-ḫa-aṣ a-ḫi a-ta a-mu-tám li-qé-a-ší ga-mì-lam i-na ṣé-ri-a šu-ku-ma ší-im a-mu-tim ma-ṭí-ma i-na u₄-mì-im ša ta-ša-pá-ra-ni <big_gap> lu-šé-bi₄-lam šu-ma a-mu-tum lá SIG₅-at-ma šu-ma lá za-ku-at lá ta-da-ší,"\nThus (speaks) Iddin-Sîn said to Sü-Anum.\n3-20For 1 mine 13 shekels of silver, his share calculated\non the price of Sn-Enlil's sapdinnuma-cloths that he paid,\nbrought him 40 mines of good quality copper and\n20 mines of waste (of copper). So there, as you can, make an agreement with him, and write to me, and on the day you write to me, I will send him the rest of his money by the first traveler (who leaves). He must not write to me again for one, two or three centuries. If the iron-amûtum is pure and\nit can be reserved—you (are) my brother—then buy\niron-amûtum for me. Do me a favor and complete\n257.\nC. MICHEL, Innâya, vol. 1, p. 170-178.\nlearn that he has iron-amûtum in quan-","ICK 1, 55",179,letter
43497057-81ce-bb3b-0df5-9727559189dd,a-na pu-šu-ke-en₆ qí-bi-ma um-ma a-mur-IŠTAR-ma 4 me-at 20 ma-na URUDU ša i-na É kà-ri-im ad-ma-tí-ni URUDU uṣ-a-ma qá-at-kà al-qé-ma i-ba-ší KÙ.BABBAR i-na ma-ḫi-ri-im lá-šu-ú URUDU da-ni-ša-ma ú-me-ru-ú a-bi a-ta i-ḫi-id-ma šu-ma TÚG-tù lá-šu lu AN.NA SIG₅ lu a-mu-tám sà-ḫa-ar-tám za-ku-tám ša-ma-ma šé-bi₄-lam ṣú-ḫa-ri-a ṭur₄-da-am 2 {TÚG}šu-ul-ḫi a-na qá-tí-kà a-dí-i,"\nTell Püšu-kén: thus (speak) Amur-Istar.\n3-7 (Regarding the) 4 talents 20 mines of copper that you invested in the kârum office, the copper came out and I took your share; it is available.\n8-17There is no silver on the market, and therefore there are enormous reservesb of copper. You (are) my father, be careful. If there is no cloth (to buy), then buy me some good quality tin, or iron amûtum in small, pure pieces, and send it to me.\n17- 21 Send my servant back to me. I dropped off two fabrics-\nfes-§ulhum for you.\n","CCT 4, 34c",180,letter
c48966cf-669c-3efb-5959-5c9c62da00b1,a-na ú-zu-a ma-sà a-šu-mì a-bi-a a-šùr-ma-lik a-mur-a-šùr šu-a-nim a-šur-i-mì-tí ù a-mur-IŠTAR qí-bi-ma um-ma il₅-mì-tí-ma 4.16666 GÍN KÙ.AN SIG₅ DIRI ku-nu-ki-a a-mur-a-šur šu-a-nim a-šur-i-mì-tí ù a-mur-IŠTAR na-áš-ú-ni-ku-nu-tí a-ḫu-ú-a a-tù-nu a-ma-kam KÙ.AN a-na ší-mì-im dí-na-ma a-ṣé-er 0.5 ma-na KÙ.BABBAR ša i-dí-a-bi₄-im ša a-mur-a-šur a-ṣé-er ni-ší-ni na-áš-ú ù a-tù-nu i-na ší-im KÙ.AN 0.5 ma-na KÙ.BABBAR ku-un-kà-ma a-na a-mur-a-šur dí-na-ma a-ṣé-er ni-ší-ni lu-bi-il₅ a-na ší-tí KÙ.BABBAR ší-im a-mu-tim a ma-lá KÙ.BABBAR i-za-ku-ú a ma-lá na-áš-pé-ra-tí-a pì-ri-kà-ni ša-a-ma-ma ku-nu-ki-ku-nu a-na a-mur-IŠTAR ù šu-a-nim dí-na-ma lu-ub-lu-nim-ma a-na-kam pì-ri-kà-ni a-na KÙ.BABBAR li-tù-ra-ma KÙ.BABBAR-pì a-na-ku lá-al-qé né-ma-lam a-na a-mur-IŠTAR ù šu-a-nim li-il₅-qé-ú ma-lá a-mu-tám i-na-dí-nu i-na na-áš-pè-er-tí-ku-nu lu-up-tá-nim,"\nTell Uzua, Masâya, Sum%abiya, Aššur-malik, Amur-\nAššur, Sn-Anum, Aššur-imitti and Amur-Ištar: thus (speak)\nlli-imitti.\n5-17Amur-Aššur, Sû-Anum, Aššur-imitti and Amur-Ištar\nyou bring 4 shekels of iron (KU.AN) of excellent quality to my seal. You (are) my brothers. There, sell iron (KÙ.AN). In addition to the half-mine of silver with the Iddin-abum seal that Amur-Aššur brings to our people, you yourselves, on the price of iron (KU.AN), seal half-mine of silver and give it to Amur-Aššur, so that he brings it to our people.\n17-28As for the rest of the silver (from) the price of iron-\namütum, according to the money that is available, according to\nmy instructions, buy (clothes)-pirikannum, seal them, then give them to Amur-Ištar and Sn-Anum to bring them to me. Here, the pirikannum (clothes) will be sold for money, then I will get my money back, and Amur-Ištar and Sn-Anum will receive the profit.\n29-31Inscribe in your letter the quantity of iron-\namictum that was sold.\nBIBLIOGRAPHY: 11. 5-6 are transcribed and translated by\nK. HECKER, GKT § 154, n. 1, and 11. 29-31, § 143d.\n","BIN 4, 50",181,letter
51d49e66-89cb-7bca-0d24-538e76ffdc5b,a-na PUZUR₄-a-šùr qí-bi-ma um-ma il₅-we-da-ku-ma a-dí a-mu-tim ša ta-áš-pu-ra-ni šu-ma a-ma-kam lá a-tí-dí-ší šé-pé-e-a a-šar ú-ku-ší-im ú-kà-áš a-na KÙ.BABBAR ú-ta-ar-ší ta-áš-pu-ra-am um-ma a-ta-ma ší-im ša-áp-tim il₅-<gap> <gap> <big_gap> i-za-zu té-er-ta-kà li-li-kam aq <gap> <big_gap> ú ša-áp-tum 1 ma-na.TA ú 2 ma-na.TA a-na ší-ki-im i-za-az a-bi₄ a-ta be-lí a-ta a-na lu-qú-tim ša ḫa-ra-an sú-ki-nim li-bi₄ pá-ri-id a-ma-kam lu <big_gap> lu ma-ma-an a-ḫi-ú-um iš-tí-šu-nu i-li-ik ša-il₅-ma iš-tí pá-ni-im-ma a-li-ki-im té-er-ta-kà li-li-kam ú a-na-ku a-na tùr-ḫu-mì-it áš-ta-pá-ar,"\nTell Puzur-Aššur: thus (speaks) Ili-wédâku.\n3-7Concerning the fer-amütum about which you wrote to me, if I do not succeed in selling it here, I am determined to\ngo where necessary, and I will sell it for money.\n7-141-u [wrote] to me this: ""Let [your] information reach me on the manner in which the wool market is presented. » So, regarding the wool[e, here]258 (the rate\n258. L. 12: z sa-âp-t[cim a-na-kam].","CCT 4, 38a",182,letter
77145317-1c90-9870-96dc-91fd36d83767,a-na pu-šu-ke-en₆ qí-bi₄-ma um-ma PUZUR₄-a-šùr-ma a-šu-mì a-mu-tim ù ḫu-sà-ri ša ta-áš-pu-ra-ni É li-mì-im ù-lá i-du-nu mì-ma <gap> ú-ṣa-kà lá i-ba-ší ta-áš-pu-ra-am um-ma a-ta-ma 10 ma-na KÙ.BABBAR ša šé-ep DINGIR-ma-lik li-qé ù i-na 25 ma-na KÙ.BABBAR ša šé-ep šu-IŠTAR URUDU ku-a-am ù ša DAM.GÀR li-qé-ma ší-tí KÙ.BABBAR a-na ša li-bi₄-a li-qé 10 ma-na KÙ.BABBAR šé-bi₄-lam-ma a-na-kam iš-tí ša ki-ma ku-a-tí lá-sí-ma šu-ma KÙ.BABBAR ap-kà i-té-ṭé-er a li-bi₄ KÙ.BABBAR-pì-kà lu ni-dí ta-áš-pu-ra-am um-ma a-ta-ma 2 ma-na KÙ.GI ša a-wi-il₅-tim a qá-tí-a ṭé-ḫi i ṭup-pì-im lá-pá-tim a-wi-il₅-tum e ik-lá té-er-ta-kà li-li-kà-ší-im a-bi a-ta be-lí a-ta KÙ.BABBAR <gap> AN.NA ú TÚG.ḪI.A lu ša i-a-šar lu ba-ab-tí za-ki-ma šé-bi₄-lam-ma ší-ma-am qá-tí li-iš-a-am šu-ma ba-ab-tí ma-aṣ-ra-at 10 ma-na KÙ.BABBAR šé-bi₄-lam-ma i wa-ṣa ba-ab-tí-a li-qé-ma ma-lá u₄-me-šu <big_gap>-ku-kà ta aḫ <gap> i-dí <gap> šál-ṭam,"\nTell Pnšu-kén: thus (speak) Puzur-Aššur.\n3-6 Concerning the iron-amictum and the (stones of) lapis-\nlazuli about which you wrote to me, the office of eponyms\ndoes not sell them. Don't expect anything!\nYou wrote to me this: ""Take the 10 silver mines\nfrom Ili malik's transport and take the copper that belongs to you\nand that of the merchant-tamkârum from the 25 silver mines\nfrom Sû-Ištar's transport, then take the rest of the money\n(as payment) for what I owe. » Send me 10 silver coins so that I can do (the accounts) with your representatives. If your money is in excess, then we\nwill place it in your silver account.\n17-22You wrote to me: “Claim for my part the\n2 gold mines of the lady. The lady should not prevent\nwriting the tablet (of the transfer of funds). ""(Then) may your\ninstructions reach him (in this sense).\n22-29You (are) my father and my master. Clear the money, tin and fabrics from Ia-šar or even goods on credit, and send them to me so that I myself can carry out","TC 2, 9",183,letter
1e0c6794-9664-72a8-6435-79b96ba744e8,um-ma ḫi-na-a-ma a-na qar-wi-a pu-šu-ke-en₆ a-šùr-dan ù a-na-aḫ-ì-lí qí-bi-ma a-na qar-wi-a ù a-šur-dan qí-bi₄-ma i-nu-mì AN.NA-ki ta-du-nu šu-ma me-eḫ-ra-tim i-du-nu-ni-kum AN.NA-ki dí-in šu-ma lá ki-a-am a-ṣé-er ku-ni-lim a-na tur₄-ḫu-mì-it bi₄-il₅ ší-im AN.NA-ki-a a-dí a-a-e-em u₄-mì-im ú-kà-lu a-na šé-dí-iš-tum ša-tum {d}a-šur lu i-de₈ a-šar AN.NA-ki ta-dí-nu KÙ.BABBAR ša-áš-qí-il₅-ma ú tí-ib-a-ma a-tal-kam a-na pu-šu-ke-en₆ qí-bi-ma a-šar AN.NA-ki i-dí-nu i-ḫi-id-ma i ša-ḫa-tí-šu i-zi-iz-ma KÙ.BABBAR lu-ša-áš-qí-il₅-ma ú ṭur₄-dá-šu áš-pu-ra-kum um-ma a-na-ku-ma a ni-kà-sí šu-ḫu-ut lá ta-ša-ḫa-at ú qá-tí lu KÙ.BABBAR lu TÚG-ba-tí i-dí ú šu-ma a-na bu-ru-uš-ḫa-dum té-ra-áb qá-dí-ma té-er-tí-kà ša-ḫi-iz-ma ša ki-ma ku-a-tí qá-tí li-dí-ú a-ḫi a-ta a-na-ku ma-num a-lá-nu-kà i-šu a-šu-mì a-ší-im ša ta-áš-pu-ra-ni li-ma-am ni-kà-sí-ma šu-ma i-ta-áb-ší a ma-lá té-er-tí-kà ni-lá-qé en-na-num DUMU šu-ḫu-bu-ur IḪ.ME 0.66666 ma-na KÙ.BABBAR i-na e-ra-bi₄-šu-ma šé-bu-lam qá-bi₄-am ú a-ḫa-ma iš-tù MU.2.ŠÈ ma-na-um 10 GÍN i-na ITU.KAM ša-áš-qí-il₅-šu,"\nThus (speak) Hinnäya: say to Qarwiya, Pnšu-ken,\nAššur-dan and Anah-ili; tell Qarwiya and Asšur-dan.\n5-17When you put my tin up for sale, if the equivalent value is given, then sell my tin, otherwise, bring it to Kuzallum in [Dur]humit. How long will they hold the price of my tin? Really six years?\n[Ass]ur (only) knows! Where you sold my tin, send the money, then set out and come. 17-31 [Tell] Pusu-kén. [Where] he has sold my tin,\nmake sure to assist him so that he can pay the money and then send it to me. I wrote to you as follows: “Clear the accounts... c, and deposit my share in the form of money or fabrics. And if you go to Burushattum, indicate with your instructions that the representatives deposit my share. You (are) my brother, who do I have besides you?\n31-35 Concerning the fer-asi'um about which you wrote to me, we will put pressure on the eponym, and if there are\n259. L. 30-31: ma-ld u4-me-4u... ] ku kà ta-ah! -[si-i]s-tam,\ni-d[a]. I owe the restitution of these lines to K. R. Veenhof.","TC 2, 23",184,letter
c92a76d1-69ce-db83-50f6-6edad8d74530,a-na pu-šu-ke-en₆ qí-bi-ma um-ma PUZUR₄-a-šur-ma 1 ma-na a-mu-tám ša be-lá-num ù DUMU e-la-lí ub-lu-ni-ni ta-áš-pu-ra-am um-ma a-ta-ma a-na KÙ.BABBAR ù KÙ.GI dí-in a-na URUDU la ta-da-ší en-nam-a-šur i-na wa-aḫ-šu-ša-na ag-ri-ma ki-ma KÙ.BABBAR lá i-ša-qú-lu la a-dí-šu-um a-na bu-ru-uš-ḫa-dum e-ru-ub-ma ki-ma mu-ṣí-um KÙ.BABBAR ba-at-qám i-ša-qú-lu um-ma a-na-ku-ma a-na ḫu-up-ší-im ra-bu-ma la ta-dí-ší kà-ru-um iš-me-ma um-ma šu-nu-ma a-dí mu-ṣí-um la e-mu-ru a-na ma-ma-an la ta-da-ší-i dí-in kà-ri-im i-ba-ší iš-tí en-nam-a-šur ù i-dí-ku-bi₄ áš-ta-a-al um-ma šu-nu-ma a-mu-tám a-na ḫa-ar-tù bi-il₅-ma um-ma a-ta-ma ší-bu-um a-na ší-ip-ru-tim i-li-kà-ni a-na ṣé-ri-kà ú-šé-bi₄-lá-ni a-mu-tám a-na a-wi-lim ú-bi-il₅-ma wa-ar-ki-ú-tám i-dí-na-ni um-ma šu-ut-ma la-aṣ-ru-up-ší um-ma a-na-ku-ma a-na ṣa-ra-pì-im pí-i la a-da-na-kum um-ma šu-ut-ma iš-tù a-ta ta-ta-lu-ku la-aṣ-ru-up-ší-ma šu-ma a-na lá-mu-tim i-tù-a-ar lu-mu-un li-bi-im a-na šu-a-tí ù i-a-tí bé-li li-ir-ší a-mu-tám iṣ-ru-up-ší-ma 0.66666 GÍN ki-iṣ-ru-um e-li-a-am lu i-na ṣa-ra-pì-im lu i-na i-ší-ra-tim mu-ṭá-e 4 GÍN e-ta-ru a ší-tí a-mu-tim 8 GÍN.TA a-na KÙ.KI iq-bi-a-kum um-ma a-na-ku-ma e-eṣ i-na a-<gap>-<gap>-ma,"\nTell Pušu-kén: thus (speak) Puzur-Aššur.\n3-7You wrote this to me about a mine of iron-\namûtum that Béldnum and the son of Eldli brought:\n“Sell it for silver or gold, but you must not sell it for copper!” »\n8-15I threatened Ennum-Aššur in Wahšušana, and\nas he does not want to pay money, I did\nnot sell it to him. I entered Burušhattum, and as the mûsûma official will pay a small price in money, I said this: “Under no circumstances sell it to a hupsumb!” »\n16-20The kârûm learned about it and they (declared) this: “You must sell it to no one until the representatives have inspected it!” » As a result of the decision of the\nkârum, it is (still) available!\n20-29 I then consulted Ennum-Aššur and Iddin-Ku-\nbum, and they (decided) this: “Take the iron-amûtum to\nHardu. » But you (spoke) like this: “The transporter\nleft me to (be) the messenger, he made me transport him to your house. » I brought the iron-amûtum to the man, and he gave me a […] 260\n30-38 He (said) this: “I want to melt it! » (but) I (answered) thus: “I will not allow you to melt it! » He (then said) this: “Since you want to leave, I intend to\n260. L. 29: [x x x]-tdm i-di-na-ni.","CCT 4, 4a",186,letter
f5df86b3-7222-a8ff-116b-572f655738f4,a-na PUZUR₄-a-šur qí-bi-ma um-ma sú-e-a-ma šu-ma a-mu-tum ša iš-tí DUMU i-na-a tal-qé-ú ta-ba-ší a-ma-kam i li-bi-kà a-ta-lá-ak-ma a-mu-tám a-ni-ša-am šé-bi-lam-ma kà-ru-um lá i-de₈-e a-na-kam GAL sí-ki-tim ù-ša-i-um ù GAL sí-ki-tim ḫu-du-ru-tí-im ig-da-na-ri-ú-ni um-ma šu-nu-ma šu-ma a-ší-um a-a-kam-ma i-ba-ší šu-pu-ur-ma i-<gap> <gap> ù šu-na-war il₅-ta-na-qé-ú šu-qú-lam-ma ù 2 ku-nu-tí-ni a-na a-ší-im mì-ma pu-i ù-lá a-dí-in šu-ma a-mu-tám šé-bu-lam i li-bi-kà i-ba-ší a-na-kam kà-ru-um lá i-de₈-e ta-ni-iš-tù-um il₅-té-mì-in i re-eš₁₅ a-ší-im KÙ.BABBAR ù KÙ.GI i-na-ší-ú a ma-lá ta-ší-im-tí-kà KÙ.BABBAR 5 ma-na e-li-a-kum a-na a-mu-tim ša il₅-we-da-ku ša a-na a-lá-ḫi-nim i-dí-nu-ni a ma-lá i-mi-ig-ru-ni lá i-de₈ áš-ta-na-me i-pá-tí wa-aḫ-šu-ša-na ŠE i-da-šu-nu-tí a-ni um-ma sú-sà-a-ma i-ta-ba-at iš-tí sú-sà-a a-za-az-ma ma-lá KÙ.BABBAR-áp-kà a-ša-lu-ḫu e-pá-áš 1 me-at 30 TÚG ša iš-tù wa-aḫ-šu-ša-na sú-sà-a ú-šé-li-a-ni a-lá-ḫi-num lá im-tù-a-šu-nu um-ma šu-ut-ma e-mu-a-tum₈ lá e-té-pá-ša TÚG.ḪI-tí ša mì-li-ik i-lu a-bi-ni li-ṭù-la ki-ma i-a-tí-ma ma-lá <gap> na ma <gap>,"\nTell Puzur-Aššur: thus (speak) Sue'a.\n2-7If the fer-amûtum which you took from the son\nInndya is available, unless you forget me there',\nsend me here the fer-amûtum, but the kârum must not know about it.\n261. L. 33-34:\nis-tù a-ta, ta-ta-lu-ku la as-ru-<up> s%\nma.\n262. L. 41-43: lu i-na sa-ra-pi-im, lu i-na <i> si ra-tim,\nmu-ta-e 4 GIN e-ta-x. K. R. Veenhof suggests reading e-ta-su\nfor isûm I/2, or even -ta-di.\n263. L. 46: e-es i-na [x x]-ma.","BIN 4, 45",187,letter
f28f895d-5e96-9c9b-3ada-0310ffead2fa,um-ma PUZUR₄-a-šur-ma a-na ku-ra-ra šu-IŠTAR i-dí-a-šùr ù ú-ṣur-ša-a-šùr qí-bi-ma 30 ma-na KÙ.BABBAR a kà-ni-iš tù-šé-bí-lá 8.33333 ma-na 5.33333 GÍN KÙ.BABBAR a-na ša ki-ma aḫ-ša-lim ta-áš-qú-lá lu KÙ.BABBAR a-na i-dí-ku-be ta-áš-qú-lá i-ší-im URUDU SIG₅ lu ší-ki-im ṣa-ḫi-ra-ma ší-tám šé-bi-lá-nim ší-tí KÙ.BABBAR-pì ša ší-ib-tim be-lí te₉-er-ti AN.NA ša e-zi-ba-ku-nu-tí-ni šé-bi-lá-nim 2 me-at 50 ma-na URUDU ší-kam 2 GÍN KÙ.BABBAR ša iš-tí ḫa-ar-a-lim il₅-qé-ú 1 ma-na 5 GÍN KÙ.BABBAR i-na ša i-ku-pì-a i li-bi₄-šu a-ší-tám 0.5 ma-na 1.3333300000000001 GÍN ší-im ra-qí-tí-a DUMU ú-zu-a ša-áš-qí-la a-dí a-a-im u₄-mì-im ú-kà-al 0.33333 ma-na 4 GÍN KÙ.GI ša ab-ni-šu 1.3333300000000001 GÍN a-mu-tum mu-ṭá-ú KI GAL sí-ki-tim 2.5 GÍN a-mu-tám KI ku-ra-ra lu ší-im TÚG-tí-a ša šé-ep al-be-lí mì-ma a-nim iš-tí šu-IŠTAR za-ki-a-nim a-na ú-ṣur-ša-a-šur qí-bi₄-ma šu-ma KÙ.KI ù ší-im a-mu-tim KI GAL sí-ki-tim lá tù-ša-áš-qí-il₅ a-na ša ki-ma <gap>-<gap>,"\nThus (speak) Puzur-Aššur: tell Kurara, Su-Ištar,\nIddin-Aššur and Usur-ša-ASSur.\n4-13 You have sent 30 silver mines to Kaniš. You paid 8 s minae 5 s shekels of silver to the representative","CCT 2, 37b",188,letter
c4ffd322-494c-d45b-b0f9-e182d345dfcd,a-na PUZUR₄-a-šur qí-bi-ma um-ma NIN-e-ta-ak-lá-ku-ma a-dí a-mu-tim ša ta-áš-pu-ra-ni um-ma a-ta-ma i-nu-mì té-ra-ba-ni lu <big_gap> lu a-wi-i-tám <big_gap> lu-qú-tum a-mu-tum <gap> a-na bu-ru-uš-ḫa-dum té-ta-ra-áb a-dí a-mu-tim ša DUMU ḫi-na-a GAL sí-ki-tim ú-sà-li-mu a ší-a-tí a-mu-tám lá ú-kà-li-im-šu li-iq-ta-ša la-qé-pu-um a-na ma-ri-it-ḫi-im ú-bi-il₅ um-ma šu-ut-ma šé-tí-qá-ší-ma a-la-qé-ší ki-ma GAL sí-ki-tim wa-ṣú áš-tù-ḫu-uṭ ki-ma GAL sí-ki-tim i-tù-ra-ni a-mu-tám ú-šé-ta-aq-ší-ma a-dá-ší ú šar-ra-nu-ma a-na tù-ur-ḫu-mì-it e-tí-iq-ma ší-im ṣú-ba-tí-kà ú KÙ.GI URUDU SIG₅ a-ma-kà-am lu ší-im ma-áš-ki lu ší-im ú-ṭí-tí-im a-na KÙ.BABBAR ú KÙ.GI a-na ma-lá té-er-tí-kà ú-ta-ar-ma ú-šé-ba-lá-ku-um,"\nTell Puzur-Aššur: thus (speaks) Ili-wédâku.\n3-9As for the iron-amûtum about which you wrote to me\nce: “On the [day when] you arrive, whether it be [... ], the value of transport in tin, or even [...]","CCT 5, 13a",189,letter
3f65f95e-3369-3df5-301e-ca664aa72a02,a-na šu-a-nim qí-bi₄-ma um-ma ma-nu-ki-a-šùr-ma šu-ma ta-áš-pu-ur-ma šu-ma-bi₄-a lá ik-šu-du-ma lá ú-ta-i-ru-ni-šu a-na lu-qú-tí-a za-ku-tim i-ta-lá-ak um-ma šu-ut-ma ú-lá ze-za-ni i ša-am-ší šu-ma-bi₄-a DUMU zu-zu e-ra-ba-ni lá i-bi₄-at a-ṣé-er lu-qú-tí-a šu-pu-ur-šu ú a-ta i-na ṣú-ḫa-ri iš-té-en šu-pu-ur-ma TÚG.ḪI-tí-kà a-šar pá-zu-ri-im lu-pá-zi-ru ta-da-ma KI ILLAT lá i-ru-bu a-na a-mu-tim ba-at-qám ú-kà-lu-nim ú-lá a-dí-ší a-dí 3 u₄-me a-ša-me-ma na-ru-qú-um i-da-ku-nu e-tí-iq-ma ba-ti-iq wa-tù-ur a-da-ma i-na ḫu-bu-lim 5 GÍN.TA ú-kà-i-lu a-bi₄ a-ta be-lí a-ta šu-pu-ur-ma KÙ.BABBAR ni-lá-qé 4 ma-na ša šu-ma-bi₄-a na-áš-ú le-ṭí-ru-šu ú šu-a-tí lu-ta-e-ru-ni ma-lá iš-tí a-šùr-ni-šu a-na URUDU ta-me-ni-ru-ma KÙ.BABBAR <gap> <gap>-na-ku-ni té-er-ta-kà li-li-kam,"\nTell Sü-Anum: Thus (speak) Mannum-ki-Aššur.\n3-8If you sent (messengers) but they could not reach Sumi-abiya and therefore could not send him back here, (know that) he had to leave for my available goods. He (said) this265: “We haven't done the sharing yet! »\nß-17The day Sumi-abiya, son of Zuzzu, arrives, he\ne must not stay the night, send him for my merchandise,\nand you, send (also) someone from among the servants\nato smuggle the fabrics as much as\npossible. Sell ​​them, but they must not arrive with the caravan! 18-24 They offered me a low price for the iron-amv, tum (so) I didn't sell it! (If) I learn in 2 days\n(that) the prince will come to your side b, (then) I will sell him cheap\ncheap or dear. In Tuhpiya, they offer 5 shekels (of silver) per (shekel of iron). 25-32 p (es) my father and my master, write to me and we will take the money. Let them take away from Sumi-abiya the 4\nmines he carries with him, and as for him, send (him) back to me. May your report reach me (relatively) to the\namount of money that you agreed with Assur-\nnisu for each (piece) of copper and that he gave you. _\nBIBLIOGRAPHY: 11. 14-16 are transcribed and translated by\nK. R. VEENHOF, AOATT, p. 320.\nNOTES:\na. Literally: ((Let him smuggle the fabrics where he can smuggle them)).\nb. The word idumn is to duel: ((on both sides of you). The\nfigurative meaning of this expression is not clear.\n","CCT 3, 36b",190,letter
708a477e-a93a-42a0-3861-52bcf6ad4c50,a-na i-ku-nim ur-dim šu-mì-a-bi₄-a šu-a-nim a-šur-i-mì-tí ù a-mur-IŠTAR qí-bi₄-ma um-ma il₅-mì-tí-ma a-ší-a-am ša a-dí-na-ku-nu-tí-ni šu-ma a-dí-ni lá ta-dí-in i-ku-nu-um ù ur-dum i-na ša-ḫa-tí-šu-nu li-zi-zu-ma a-ší-a-am a-na ší-mì-im dí-na-ma ù na-áš-pé-er-tí pá-ni-tám i-ku-na-am ù ur-dum kà-li-ma-ma ù a ma-lá na-áš-pè-er-tí-a ep-ša a-na i-ku-nim ur-dim ú šu-mì-a-bi₄-a qí-bi₄-ma ù šu-ma ta-dá-ga-lá-ma šu-qú-lu-um iš-tù É.GAL-lim i-ta-ar-dam ú-za-ku-nu lu ša-ak-na-at-ma ù té-er-ta-ak-nu li-li-kam-ma úz-ni pì-té-a a-ḫu-a a-tù-nu ki-ma e-ni-a a-na a-wa-tim ša É a-bi₄-ni ú-za-ku-nu lu na-ad-at ú šu-a-num ù a-mur-IŠTAR ṭur₄-da-nim,"\nSay to Ikünum, Urdum, Sumi-abiya, Su-Anum, Assur-\nidi, Asšur-imitti and Amur-Ištar: thus (speak) Ili-imitti.\n5-46 (Regarding the) fer-agi'um which I handed over to you,\n265. L. 7:... urn-mna su-ut-<mna>.","TC 3, 81",191,letter
9dffe8b9-3591-9ad7-186e-99c52cc51ecb,a-na i-na-a qí-bi-ma um-ma a-šùr-re-ṣí-ma KÙ.BABBAR ù KÙ.GI ša a-na ḫa-nu-nu sà-ḫa-a a-lá-bi₄-im ù PÚZUR-a-šùr a-na a-šé-e-em ša-a-mì-im ta-dí-nu-ma KÙ.BABBAR ù KÙ.GI a-na li-bi₄ ma-tim ú-šé-ri-bu-ma a-ší-a-am qá-sú-nu lá iṣ-ba-at-ma 2 ma-na 14 GÍN KÙ.GI a-lá-bu-um ú PÚZUR-a-šùr ú-šé-ṣí-ú-nim-ma a-na-kam É DUMU um-mì-a-nim lá ša ša-ḫa-ṭim a-šar ta-šu-ru i-ba-ší ú a-lá-bu-um ù PÚZUR-a-šur a-na ší-tí KÙ.BABBAR ù KÙ.GI ta-ú-ri-im a-na li-bi₄ ma-tim i-tù-ru-ú a-dí 5 u₄-me-e i-tù-ru-nim-ma PÚZUR-a-šur a-ṣé-ri-kà a-ṭá-ra-dam-ma za-ku-sà ú-ba-lá-kum a-na-kam um-ma ḫa-nu-nu ù za-ḫa-ma iš-tù-ma i li-bi₄ ma-tim a-ší-a-am qá-tum lá i-ṣa-áb-tù-ú i-na na-aq-ri-bi₄-ma a-ší-ú-um i-ba-ší KÙ.BABBAR ù KÙ.GI šé-bi₄-il₅-ma a-ší-a-am ni-lá-qé-ma a-ṣé-er a-wi-lim nu-šé-ba-al a-šur-{d}UTU-ši i-ib-ri ḫa-nu-nu a-na ḫu-ra-ma-im ma-sé-er-ma a-ší-um a-lu-ḫu-sà-dí-a lá e-ra-áb a-sú-re-e a-ší-a-am a-lu-ḫu-sà-dí-a-e-em e i-dí-nu-ma li-bi₄ DAM.GÀR e im-ra-aṣ mì-li-ik té-er-tí-kà mì-li-ik,"\nTell Innâya: thus (speak) Aššur-rési.\n3-22 (Regarding) the silver and gold that you handed over\nto Hanunu, Sahâya, Alâbum and Puzur-Aššur to buy\niron-ah 'um, they brought the gold and silver into the interior\nof the country; but because they did not find iron-asi'um,\nAlâbum and Puzur-Aššur brought out (again) 2 mines\n14 shekels of gold, and (this gold) is here, (in) the house of an\nmér ummiânum who is not the subject of prosecution, where it\nis protected2fi8. Then Alâbum and Puzur-Aššur returned to the interior of the country to bring back the rest of the gold and silver. They will come back in 5 days, then I will send Puzur-\nAššur to your house and he will bring you precise information (on this subject).\n266. L. 10: a-na si-<mi>-im dl-na-ma.\n267. L. 24:\na-hu-a\n268. L. 13-15: a-na-kam: É DUMU um-me-a-nim, la sa\nS'a* -ha* -tim: a-sar sa* -sv ru*, i-ba-si.","CCT 2, 48",192,letter
2d81ba13-3d08-1d39-abb9-344bc1f3efbf,a-na i-na-a qí-bi₄-ma um-ma a-šur-i-mì-tí-ma áš-pu-ra-am um-ma a-na-ku-ma a-dí KÙ.KI ù KÙ.BABBAR ša a-na za-ḫa-a a-na a-ší-im ta-dí-nu a-ší-um ma-sé-er a-na ša ki-ma qá-qí-dí-kà šu-pu-ur-ma té-er-ta-kà qá-at-kà li-iṣ-ba-at ù šu-ma a-ší-am qá-sú-nu i-ṣa-ba-at iš-tí i-ib-ri a-wi-li ša pì-šu-nu i-dí-nu-ni-ku-ni e-dí-il₅ tap-pá-e-šu áš-ta-al-ma a-ší-am a-na e-ṭá-ar ra-mì-ni-šu a-ṣé-er qá-qú-ru-um da-nu-um ú-kà-lu-kà li-ba-kà i-ma-ra-aṣ <big_gap> a-wi-lu-um a-na a-ší-im ma-dí-im a-na É.GAL-lim pì-šu i-dí-in šu-pu-ur-ma lu té-er-ta-kà lu a-ší-a-kà e-ba-ar lu-ḫu-sà-tí-a lá e-tí-iq a-dí ṭup-pì-kà ša ta-áš-pu-ra-ni a-na ku-nu-ki a-šur-i-mì-tí ša IŠTAR-<gap> <big_gap> e-ta-wu-ú um-ma šu-ut-ma ṭup-pì ša e-lá-lí a ma-lá dí-in kà-ri-im <big_gap> qá-tí-ni ú-kà-al <big_gap> <gap>-ma a <big_gap>,"\nTell Innâya: thus (speak) Aššur-imitti.\n3-15[Y]had written this (previously): “As for the gold\n[and] the silver that you gave to Sahaya to (purchase) iron-asi'um, iron-asi'um is inaccessible. So write to your most reliable representative so that you can collect your (ordered) goods. And if they have found iron-asi'um, with\nthe companions of the men who gave you their word,\nmake a deal! »\n16-27 I (subsequently) questioned his associates, (I was told that it was necessary to return) the iron-asi'um to save him'.\n\nBesides the fact that they put you in a delicate position, you are going into trouble. The man promised the palace a great\n269. L. 35-36:...: a-sû-ri-e a-si-a-/am, [a-Lu-]hu-<sà>-\ndi-a-e-im e i-di-nu-ma.\n270. L. 16-17: a-si-am, a-na e-td-ar ra-mi-<ni>-/su.","CCT 2, 43",193,letter
a78670e2-3087-12ab-db75-35755e42a13f,a-na im-dí-DINGIR ú pu-šu-ke-en₆ qí-bi₄-ma um-ma kur-ub-IŠTAR-ma lu-qú-tí ša šé-ep im-dí-DINGIR ša ta-áš-pu-ra-ni-ni um-ma a-tù-nu-ma ša qí-a-pì-im ni-qí-ip ú ší-ta-am ba-tí-iq ú wa-tù-ur ni-da-ma KÙ.BABBAR nu-šé-ba-lá-kum a-ḫu-a-a a-tù-nu lu ta-qí-pá lu ba-tí-iq ú wa-tù-ur ta-dí-na KÙ.BABBAR É kà-ri-im ma-lá na-dá-ku-ni té-er-ta-ak-nu za-ku-tum a-na pá-ni-a li-li-kam 2.5 ma-na ḫu-sà-ra-am SIG₅ wa-at-ra-am ú kà-sà-am ša ḫu-sà-ri-im ku-nu-ki-a a-me-ta na-áš-a-ku-nu-tí šu-ma 6 ma-na KÙ.BABBAR ú e-li-iš ḫu-sà-ra-am dí-na šu-ma 0.5 ma-na KÙ.GI pá-ša-la-am ú e-li-iš kà-sá-am dí-na šu-ma la i-ta-áb-ší-ma la ta-ta-ad-na ḫu-sà-ru-um ú kà-sà-am a-dí a-lá-kà-ni li-bi₄-ší ú a-na-kam ší-ma-am ša ba-lá-ṭí-a a-mu-ur-ma ša KÙ.BABBAR 10 ma-na ú 15 ma-na KÙ.BABBAR a-na ṣí-ib-tí-im a-al-qé-ma a-áš-a-am a-ḫu-a-a a-tù-nu lu i-na lu-qú-tí-im pá-ni-tí-im lu i ší-mì-im ša a-me-ta ub-lá-ku-nu-tí-ni ta-ta-ad-na KÙ.BABBAR ku-un-kà-ma bu-ur-sú-en₆ a-na pá-ni-a lu-ub-lam šu-ma bu-ur-sú-en₆ lá-šu a-na DUMU um-mì-a-ni-im pá-ni-e-ma dí-na-ma lu-ub-lam šu-ma KÙ.BABBAR i-na lu-qú-tim la-šu a-ḫu-a-a a-tù-nu KÙ.BABBAR i-na ra-ma-na-tí-ku-nu dí-na <big_gap> ma <gap> ni <big_gap><gap> ITU.1.KAM ú ITU.2.KAM li-be-el-ku-nu-ma gi₅-im-la-ni a-na pu-šu-ke-en₆ qí-bi₄-ma 1 ma-na ḫu-sà-ra-am ša ta-áš-pu-ra-ni ni-il₅-qé a-me-ta <big_gap>-kà na-áš-a-kum,"\nTell Imdilum and Pusu-kén: thus (speaks) Kurub-Ištar.\n3-14(Regarding) the transport goods\ndImdilum about which you wrote to me this:\n((We have entrusted everything that could be entrusted, as for\nthe rest we will sell it at best, then we will send you the money"" - you (are) my brothers - that your detailed report will soon arrive to me as to what you have entrusted, what you have sold at best, as well as the amount of money paid to me (by) the kârum office.\n276. MICHEL, Innâya, p. 169-170 and text 287.","TC 2, 22",194,letter
d764bf76-e956-4326-ff68-def94471e2e5,a-na pu-šu-ke-en₆ qí-bi₄-ma um-ma a-šur-i-mì-tí ù PUZUR₄-a-šur-ma 12 ma-na ḫu-sà-ra-am ku-nu-ki-ni im-gu₅-a na-áš-a-kum 6 ma-na 11 GÍN KÙ.BABBAR it-ba-al a-na eš₁₅-ra-tim ša É kà-ri-im um-ma a-ta-ma ki-ma i-na-dí-nu KÙ.BABBAR eš₁₅-ra-tim dí-na-šu-nu-tí šu-ma lá i-ma-gu₅-ru-kà áb-na-am i-na ša-ra-mì-im-ma ki-ma ša-ar-ma-at-ni li-ik-šu-du-ší i-na na-áp-ri-ṣí-im lá i-na-dí-ú-ší ab-nu-um a-ḫa-a i-lá-ak šu-ma a-ma-kam lá ta-tí-dí-ší a-ṣé-er a-mur-IŠTAR ù a-bu-ša-lim šé-bi₄-il₅-ší ù ú-za-šu-nu pì-té-ma i-na ta-da-ni-šu-nu i-na ša-ra-mì-im li-ik-šu-du-ší KÙ.BABBAR ší-im-ša a-ṣé-ri-kà lu-šé-bi₄-lu-nim,"\nTell PUšu-kén: thus (speak) Aššur-imitti and Puzur-\nAššur.\n4-7Imgua brings you 12 lapis lazuli mines to our\nseal. It cost 6 minae 11 shekels of silver.\n7—'7For the tithe of the kdrum you (must say) this: “Once\n(the stone) is sold, I will give you the money\nfor the tithe. » If they do not give you their agreement, the stone will be cut, and once cut, let them obtain (the tithe). But it must not be cut with a chisel.\n'7-27The stone must be set apart. If you have not\nsold it there278, then send it to Amur-Ištar and Abu-\nšalim, because we have informed them so that when they\nsell it, they will be able to cut it up (as appropriate)\nand send to you its price in money.\nBIBLIOGRAPHY: 11. 1-12 are transcribed and translated\nby J. LEWY, HUCA 27 [1956], p. 38n. 137, 11. 4-7 by\nK. R. VEENHOF, AOATT, p. 440, 11. 7-15, 12, 13-18 and 19-\n27 by C. MICHEL, Mél. K. R. Veenhof, 2001, p. 350-351, n. 73,\nn. 85 and n. 108, 11. 13-15 by K. HECKER, GKT § 58a, 11. 13-17 by J. G. DERCKSEN, Copper, Istanbul, 1996, p. 238,\nles 11. 23-25 ​​by J. LEWY, IEJ5 [1955], 156 n. 10, and 11. 7-12 are translated by K. R. VEENHOF, AOATT, n. 417.\nNOTES:\na. Literally: “in the act of cutting it”.\nb. The word napra/isum corresponds here to a chisel allowing a correct size of this hard stone (between 5 and 5.5 on the Mohs scale).","VS 26, 12",195,letter
20dc893c-8d00-a280-2647-a518c981be31,a-na PUZUR₄-a-šur qí-bi-ma um-ma i-dí-a-šur-ma ki-ma ta-ta-al-ku {d}IŠKUR.GAL a-na É-tim <gap> <big_gap> <gap>-<gap>-ma šu-ma NA₄.ZA.GUG ḫu-sá-ra-am ù {TÚG}ku-sí-a-tim ma-aḫ-ri iš-ku-un-ma a-na ma-la ta-aq-bi-a-ni aq-bi-šu-um la-qá-am ú-lá i-mu-a a-na ki-dim nu-ṣí-ma um-ma a-na-ku-ma a-wi-lam ú-lá ta-ag-dí-mì-lam₅ 17 mana an-na 5 bu-lá-tí mì-ma ṭup-pá-kà ú-kà-al ŠÀ.BA 1 ma-na LÁ 1 GÍN KÙ.BABBAR a-na a-wi-lim ta-dí-in e-zi-ib ki-ma AN.NA a-na KÙ.BABBAR i-za-zu šé-ṣí-ma bu-tu-uq ší-tí AN.NA dí-na-ma a-wi-lúm lu-šé-bi₄-il₅ ki-ma aq-bi₄-ú-šu-ni ḫa-ra-šu-ma a-na ú-ḫu-ul-tim i-ta-lá-ak i-lá-kam-ma a-na-ku ù šu-ut né-ta-wu a-na šu-mì NA₄.ZA.GUG ù ḫu-sá-ri-im ša ta-áš-pu-ra-ni um-ma a-ta-ma i-ṣé-er DAM.GÀR-ri i-dí šu-mì a-wi-li wa-dí-a-ma lá-dí-in ù mì-li-ik TÚG.ḪI.A mì-li-ik a-na PUZUR₄-a-šur qí-bi-ma a-ḫi a-ta 20 ma-na AN.NA <big_gap> KÙ.BABBAR i-na <gap> GÍN <big_gap> a-šur-ma me-eḫ-ra-tim šé-bi₄-lam ḫa-ra-nam dí-nam ù a-na-ku a-wi-lúm gi₅-mì-lim,"\nTell P[uz]ur-Aššur: thus (speak) Iddin-Aššur.\n3—'°When you left, [I] brought [A]dad-[ra]bi\ninto the house, and I placed before him the carnelian, the lapis-\nlazuli as well as the fabrics-kusitum279, and I told him everything\n278. L. 19: su-ma a-ma-kam lâ ta-di-(( di »-,""si.\n279. The restitutions and collations of 11. 4-7 are proposed\nby the CAD S, 123a.","CCT 4, 40a",196,letter
ee5f41bb-e140-9fc6-38a3-ffb90c763030,a-na pu-šu-ke-en₆ qí-bi-ma um-ma a-šùr-ma-lik-ma 6 ma-na ḫu-sà-ra-am áb-na-am lá-kà-pá-am ku-nu-ki-a ú-zu-a DUMU i-dí-a-šùr na-áš-a-kum a-bi₄ a-ta be-lí a-ta lu a-na tám-kà-ru-tim lu a-na ma-lá ta-le-e-ú dí-in-šu-ma KÙ.BABBAR a-na a-lim{ki} ša-ak-ší-dí i-na ḫa-kà ú-kà-li-im-ši-ma ší-ma-am ú-kà-lu-nim ú-lá KÙ.BABBAR šu-ma a-na bu-ru-uš-ḫa-dum tù-šé-ba-al-ší 5 ma-na KÙ.BABBAR me-eḫ-ra-tim i-na ra-mì-ni-kà šé-bi₄-lá-ma a-ta i-na ší-im áb-nim li-qé a-na KÙ.BABBAR 5 ma-na ša i-na ra-mì-ni-kà tù-šé-ba-lá-ni gi₅-mì-lam lá-ḫi-ib-lá-kum,"\nTell PüšU-kén: thus (speak) Aššur-malik.\n280. L. 35-36: ...a-na-ku a-wi-ils (LIM) gis -mi-li[rn (IL5)].\nThe scribe swapped the endings of the two nouns,\nthe correct expression being awil gimillim.","KTS 1, 22b",197,letter
01d8da9a-03d0-5449-dd51-120f569d314c,a-na im-dí-lim qí-bi₄-ma um-ma a-du-ma ta-áš-pu-ra-am um-ma a-ta-ma TÚG.ḪI.A ù AN.NA a-na i-ta-aṭ-lim a-na DAM.GÀR-ru-tim dí-na a-na i-ta-aṭ-lim la-šu KÙ.BABBAR pu da-nu 50 ma-na AN.NA 19 {TÚG}ku-ta-ni <big_gap> 7.5 GÍN.TA a-na AN.NA-ki-kà 13.5 GÍN.TA a-na TÚG-tí-kà a-na ú-ṣú-ur-ša-a-šur a-na 4 ḫa-am-ša-tim ni-dí-in 50 ma-na AN.NA 7.5 GÍN.TA 20 {TÚG}ku-ta-ni 13.5 GÍN.TA a-na ì-lí-áš-ra-ni a-na 4 ḫa-am-ša-tim ni-dí-in i-ma-la u₄-mì-šu-nu té-er-ta-kà ú-ṣa-ra-ma a-ta-be-a-ma a-ta-lá-kam la ta-áš-ta-na-me ki-ma KÙ.BABBAR-pu da-nu-ni a-na ṣé-er a-šur-DUG a-na ú-ša e-tí-iq-ma um-ma a-na-ku-ma mì-nam a-wi-lúm ṭup-pì uš-té-né-ba-lam mì-šu-um KÙ.BABBAR lá tù-šé-ba-al um-ma šu-ut-ma ḫa-ra-ni a-na kà-ni-iš lá a-bu-uk i-a-tí i-na a-lá-ki-a a-na-ku-ma KÙ.BABBAR a-ša-qal 2 {TÚG}šu-ul-ḫi a-na É kà-ri-im a qá-tí-kà a-dí-i 19 ma-na ta-áš-qúl tù-dí-qám a ma-la ta-<big_gap>-aq-bi₄-a-ni ša 3 i-na-mì-tim al-qé ú da-tám šé-bi₄-lam qá-áb-li-tám ú kà-ru <big_gap> aḫ-ša-lim aṣ-ba-at-ma um-ma a-na-ku-ma mì-šu-um KÙ.BABBAR lá ta-ša-qal um-ma šu-ut-ma a pá-ni-a KÙ.BABBAR a-ša-qal ḫu-sà-ri ma-ma-an ig-ri-a-ni-ma um-ma a-šur-DUG-ma ke-e lá ša té-er-tù-šu i-li-kà-ni lu ni-iṭ-ḫi té-er-ta-kà li-li-kam-ma ḫu-sà-ri a-šar ma-lá-ki-im lu ni-im-li-ik ḫu-sà-ru-um du-qú-um i ma-ṣa-ar-tim lá na-du,"\nTell Imdilum: thus (speak) Addu.\n2-5You wrote to me this: “Sell fabrics and tin\nfor cash (or on credit) through agents-\ntamkdrum. »\n6-1811 it is not possible to (sell) them for cash;\nmoney is difficult (to obtain)! We delivered to Usur-\nša-Aššur over (a term) of 4 weeks 50 tin mines\nand 19 kutdnum cloths, at the rate of 7 2 shekels (of tin) per\n(shekel of silver) for your tin and 13 z shekels (of silver) each\nfor your cloths. We delivered to Ili-ašranni for (a term) of 4 weeks 50 tin mines at 7 2 (tin) shekels per (silver shekel) and 20 kutdnum cloths at 13 2 (silver) shekels each. At the end of their deadlines, I will check their goods, then I will set out and come.\n19-27 Don't you constantly hear that money is difficult (to obtain)? I went to Aššur-tâb in Uša and I (said) this: “Why then does the man keep sending me tablets? Why don't you send him his money? » He (answered) this: “I had to go to\n281. L. 23-24:\n\nKU.BABBAR lâ <tù>-sé-ba-\nal.","TC 3, 49",198,letter
8d2e0ab5-e25e-481e-8fa4-77e65b8dc5ae,14 ma-na URUDU SIG₅ i-ṣé-er ša-lim-be-lí a-šur-re-ṣí i-šu-ú šu-ma i-na ba-áb-tim ša ša-lim-be-lí a-šur-re-ṣí URUDU il₅-té-qé i-na ḫu-bu-li-šu ša ša-lim-be-lí uš-ta-ba-a šu-ma lá il₅-té-qé ší-a-ma-at a-lim{ki} a-šur a-na a-šur-re-ṣí i-da-an IGI li-pá-a IGI is-bu-a IGI a-da-da-a-a,"\nThus (speak) Aššur-bâni and Sallm-Aššur: tell PUSu-\nkén.\n4—'4Here a trial took place about the sapdin-\nnum fabrics and the pirikannum fabrics, woolen carpets and many people were fined, and you too were ordered to give 10 mins silver; you will have to pay them\nat the rate of one mina of silver per year.\n15-19We have borrowed for you 7 2 mines of silver\nat interest on the transport of Kulumâya. Send me the money\and its interest.\n20-23Please don't touch the sapdinnum-cloths anymore","VS 26, 9",199,debt note
b6153884-a5e3-d233-c4ad-8a685be261bf,um-ma im-dí-lúm-ma a-na PUZUR₄-a-šur qí-bi₄-ma 20 ma-na.TA e-mu-du a-šu-mì ar-ni-kà uš-kà-i-ma uš-kà-in a-ru-tum ša-ak-na-at-ma pá-ṭá-ra-am la i-mu-ú <gap> <gap>-e-kà ú-ša-dí-nu KÙ.BABBAR áš-ta-qal a-na 10 u₄-me e-lu-tum e-ra-ba-am a-ma-kam ú-za-kà lu pá-tí-at i-ḫi-id-ma KÙ.BABBAR AN.NA-ak qá-tim ša-ak-ší-dam,"\n[Thus (speak)] Imdilum: tell Puzur-Ašš[ur].\n3—""They imposed 20 minas as a fine on each\n(of us). Concerning your conviction, I pleaded as much\nas I could (for you), but an evil fate (occurred),\and they [did not] want to [release] him""!\n10-17They made me give your [additional payment,\nand I had to pay the money In 10 days, the caravan will arrive.\nWell, inform yourself and make sure to send me the money\n[immediately]c.\nBIBLIOGRAPHY: This tablet is edited and commented by\nMr ICHISAR, Imdilum, p. 208. and\ntranslated by M. T. LARSEN, OACC, p. 190, n. 89 and 11. 6-9\nby H. HIRSCH, UAR, p. 70a.\nNOTES:\na. l. 8: [pi-\n:la-ni-am instead of [pd-da-ra-apz.\nc.","BIN 4, 84",200,letter
6bee27f6-8bc5-8c18-df06-71f4e3029f51,a-na a-šur-i-mì-tí DUMU en-na-nim qí-bi-ma um-ma pu-šu-ke-en₆ 5 GÚ 20 ma-na a-wi-it-kà 5.66666 ma-na 5 GÍN.TA da-tum ša a-dí kà-ni-iš 30.66666 ma-na da-tum ik-šu-dam 15 GÍN qá-qá-ad sà-ri-dim 0.5 ma-na ta-ší-a-tum ša SA.TU 0.5 ma-na aš-ru-kà ú-ku-ul-tí sà-ri-dim 8 ma-na ni-is-ḫa-tum ša É.GAL-lim 11.33333 ma-na mu-ṭá šu-uq-la-tí-kà ù AN.NA qá-tí-kà <gap> i-na 4 GÚ 40 ma-na qá-tum AN.NA-ak qá-tí-kà 51 ma-na 15 GÍN gám-ra-am ú-ṣa-ḫe-er-ma 3 GÚ 48.66666 ma-na 5 GÍN AN.NA-kà iz-ku-am ŠÀ.BA 1 GÚ ì-lí-a-lúm il₅-qé 1 GÚ 2 ma-na 15 GÍN lu-lu il₅-qé 9 GÍN.TA 6.83333 ma-na 5 GÍN KÙ.BABBAR-áp-kà ŠÀ.BA 7.66666 GÍN ša-du-a-tám a-na kur-ub-IŠTAR a-dí-in ší-tí KÙ.BABBAR-pí-kà 6.66666 ma-na 8 0.33333 GÍN ku-nu-ki-a kur-ub-IŠTAR na-áš-a-kum 1 GÚ 46.5 ma-na AN.NA ša iz-ku-a-ni i li-bi₄-a i-na 10 {TÚG}ku-ta-ni-kà lu ni-is-ḫa-tum lu ší-mu-um 9 TÚG iz-ku-ú-nim ù 8 TÚG šu-ru-tim ša li-wi-tim a qá-tí-ku-nu a É kà-ri-im a-dí ší-tám a-šur-SIPA i-dí i-na 5.5 ma-na KÙ.BABBAR ša ḫa-bu-lá-ku-ni 0.66666 ma-na ar-nu-um lu ša 6 GÍN AN.NA-ki-kà lu TÚG-ba-tí-kà É kà-ri-im áš-qúl ší-tí KÙ.BABBAR-pì-kà 4.66666 ma-na 4 GÍN i li-bi₄-a ší-tap-ku-um É kà-ri-im i-ba-ší-ma a ší-a-tí KÙ.BABBAR-áp-kà ak-lá um-ma a-na-ku-ma šu-ru-ni-um ma-e i ṣé-ri-šu-nu lá i-ša-tí <big_gap> ma <big_gap>,"\nSay to Aššur-imitti, son of Ennânum: thus (speaks) Püšu-\nkén.","BIN 4, 29",201,letter
e7612303-f5e0-fbcf-bc16-128440b16b4b,um-ma im-dì-DINGIR en-nam-be-lúm ù a-šùr-ṣú-lu-li-ma a-na PUZUR₄-a-šùr qí-bi-ma 50 ku-ta-ni-kà <big_gap> 15 GÍN.TA a-na 20 ḫa-am-ša-tim i-ṣé-er tám-kà-ri ni-dì-i tám-kà-ru-kà ke-nu lá ta-pá-lá-aḫ ki-ma ni-a-ti ù ku-a-ti i-ba-ší-ú 1 me-at ku-ta-ni ù 4 ANŠE.ḪI.A iš-ti šu-be-lim a-na wa-aḫ-šu-ša-na a-na ší-a-ma-tim nu-šé-ba-al ù i-dì-{d}IŠKUR iš-ti šu-be-lim ni-ṭá-ra-ad ší-im ṣú-ba-ti-kà 1 me-at ša šu-be-lúm a-na wa-aḫ-šu-ša-na ú-bu-lu KÙ.BABBAR-ap-šu i-na e-lá-i-kà i-ma-ḫa-ar ù ší-ti ṣú-ba-ti-kà 15 GÍN.TA a-na 20 ḫa-am-ša-tim i-ṣé-er tám-kà-ri ke-nu-tim ša a-na KÙ.BABBAR-pí-kà lá ta-ša-ḫu-ṭù ni-na-dì-ma ù KÙ.BABBAR ma-lá i-ṣé-er tám-kà-ri ni-na-dì-ú ù šu-mì tám-kà-ri-kà nu-lá-pá-at-ma te₉-er-tí-ni za-ku-tum i-lá-kà-kum a-wa-at kà-ri-im da-na a-dì-i pá-zu-ur-ti-kà ša ta-áš-pu-ra-ni lá na-ṭù-ma a-dì-i pá-zu-ur-ti-kà lá ni-ša-pá-ra-kum a-ta ma-lá-kà tap-pá-e-kà lá ta-da-gal ša-ṣé-er,"\nThus (speak) Imdilum, Ennum-Bélum and Aššur-sulû-\nli: say to Puzur-Aššur.\n4-9We have deposited your 50 (clothes)-kutânum in the charge of\ntamkârum agents at the rate of 15 shekels (of silver)\neach. Your tamkârum agents are reliable: you have nothing to fear. They are like us or you.\n9-18We will send a hundred (cloth)-kutanum\nand 4 donkeys with S1i-Bélum to Wahsušana for purchases, and\nwe will send Iddin-Adad with S1i-Bélum. On your evening, he will receive in money the price of your hundred fabrics that Sû-Bélum brings to Wahšušana. 19-27 As for the rest of your fabrics, we will deposit them for a period of 20 weeks in the charge of trusted agents for whom you will not have to worry about your money. In addition, we will enter the amount of money we have deposited with the tamkârum-agents as well as the names of your tamkârum-agents, and then our precise report will reach you.\n28-34The orders of the karum are strict, therefore\nfor your smuggled (goods) about which you wrote to us, the time is not appropriate, and that\nwhy Also we will not write to you about your smuggled goods. As for you, it is as\nyou (desire), (but) you must not trust your associates,\nwatch them carefully.\nBIBLIOGRAPHY: This tablet is published and edited by\nM. T. LARSEN, 0 Old Assyrian Texts"", in CTMMA 1,\np. 94.\n","CTMMA 1, 72",202,letter
70a5fdf4-46e9-3089-0726-cff10139a381,um-ma im-dì-DINGIR-ma a-na PUZUR₄-a-šùr qí-bi-ma a ša mì-ma AN.NA-kà ù NA₄.ZA.GUL i-na ḫa-ḫi-im É i-dì-a-šùr DUMU da-dì-a i-ba-ší a-pu-tum DUMU zi-ga-a mì-ma lá ta-qí-ap ú-za-kà lu pá-at-a-at ù i-na ḫa-ḫi-im mì-ma lá ta-qí-ap a-sú-ri ma-ma-an e ta-qí-ip-ma i-na wa-ar-ki-tim li-ba-kà e im-ra-aṣ a-pu-tum a ma-lá a-wa-at ṭup-pí-a i-ḫi-id-ma mì-ma lá tù-pá-za-ar ma-ṣa-ra-tum da-na ù šu-ma iš-ti ILLAT-tim ta-pá-ra-as-ma a-ma-kam i-na ti-mì-il₅-ki-a ki-lá-šu ù šu-up-ra-ma a-dì te₉-er-ti i-li-kà-ku-ni-ma ú-za-kà a-pá-te₉-ú lá ta-lá-kam Ì.GIŠ a-na pì-ta-ší-a lá i-šu lu re-eš₁₅-tám ša a-lim{ki} lu re-eš₁₅-tám ša ḫa-ḫi-im ṭá-ab-tám ša É.GAL-lim i-na a-lá-ki-kà a-na pì-ta-ší-a bi₄-lá-am,"\nThus (speak) Imdilum: tell Puzur-Aššur.\n3-13I hear that your tin and carnelian are found in Hahhum, in the house of Iddin-Aššur, son of\nDadiya. Please don't give credit to Zigâya's son! Get informed! Furthermore you must not grant any","CCT 4, 18a",203,letter
2741447e-17ff-4af4-9473-4c5284d0b854,um-ma i-dí-a-bu-um-ma a-na šu-a-nim qí-bi₄-ma a-na-kam-ma ta-aq-bi₄-a-am-ma um-ma a-ta-ma a-na 4 TÚG.ḪI.A 1 ma-na <gap> KÙ ú-šé-ba-lá-kum a mì-nim 12.5 GÍN DUMU kà-za-za tù-šé-bi₄-lam KÙ.BABBAR ša TÚG.ḪI-tí-a šé-bi₄-lam 1 TÚG i li-bi₄-kà KÙ.BABBAR šé-bi₄-lam ni-mar-IŠTAR i pá-ni-ú-tim-ma ṭur₄-dam e-lá-lí a-šar lá-mu-tim i-šé-e-kà um-ma šu-ut-ma i-na sà-al-e iš-ta-ru-qá-NAM a-pu-tum ra-ma-kà ša-ṣé-er i-na sà-al-e lá ta-ša-ri-iq,"\nThus (speaks) Iddin-abum: tell SU-Anum.\n3-13Here, you told me this: “I will send you a\nmine of silver for the 4 fabrics. » Then why did you send me 285 (only) 12 2 shekels by the son of Kasasa? Send me (so) the money for my fabrics. You still owe me (the price of) a piece of cloth, send me the money!\n14-16Send me Nimar-Istar by the next (convoy).\n17-24Ela1i seeks to harm you (by saying) this: “He never ceases to place me in a fraudulent situation! » Please\nbe very careful yourself not to place me in a\nfraudulent situation286!\nNOTE:\na. For sal'u cf. K. R. VEENHOF, AOATT, n. 405 and the CAD\nS, p. 106b.\n","CCT 3, 43a",204,letter
a9e4e28e-847a-838d-a257-86221c457c10,a-na i-na-a qí-bi-ma um-ma a-šùr-re-ṣí-ma a-dí-i <big_gap> ša ki <gap> ša a-šùr-ma-lik a-ta-ta i-ku-nim ù a-šùr-lá-ma-sí a-ṣé-er šál-ma-a-šùr ú a-šùr-ba-ni iš-pu-ru-ni-ni KÙ.BABBAR <big_gap> a-šùr-ma-lik a ma-lá na-áš-pár-tí-im ša i-ku-nim ú a-šùr-lá-ma-sí ú-ší-ru-ma ki-ma a-wa-tum₈ ša É.GAL-lim a-ma-kam da-na-ni ú ma-ṣa-ra-tum ša-ḫu-za-ni áp-lá-aḫ-ma um-ma a-na-ku-ma a-bi-i i-na qá-qí-ri-im da-nim wa-ša-áb ú É-et a-bi-a É.GAL-lúm i-na-ṣa-ar a-sú-ri i-na ḫa-ra-nim ri-ik-sú-um e i-na-me-er-ma a-bi-i a-na ší-li-tim ra-bi-tim e a-dí-i ù É a-bi-a e iḫ-li-iq ù É.GAL-lúm li-bi a-bi-a e ú-ša-am-ri-iṣ a ší-a-tí a-šùr-ma-lik ù KÙ.BABBAR ak-lá um-ma a-na-ku-ma a-dí a-bi i-ša-pá-ra-ni-ma a-šar ú-ša-ḫu-zu KÙ.BABBAR i-du-nu KÙ.BABBAR a-na-kam-ma li-ib-ší a-bi a-ta be-lí a-ta té-er-ta-kà li-li-kam a-šar ma-lá-ak KÙ.BABBAR-pì-kà mì-li-ik ù ki-ma <big_gap> na-áš-pé-er-tum ša a-bi-a <big_gap> ša ku-nu-ki-kà i-la-kam a-wa-tám a-ni-tám i li-bi-a <big_gap> <gap>-ma KÙ.BABBAR ak-lá a-bi a-ta bé-lí a-ta iš-tí pá-ni-im-ma té-er-ta-kà li-li-kam,"\nTell [to In]nâ,ya: thus (speak) [Asšur]-rés1.\n3-24As for [... ] that Asšur-malik, Atata, [Ikü]num and\nAsšur-lamassi wrote to [Sal(i)]m-Asšur [and Asšur]-bâni.\nAccording to the message[sage] of Ikünum and from Asšur-[lamassi], Assur-\nmalik delivered the money to him. Then, as there, the orders of the palace are strict, <and> the guards are informed (of this), I was afraid, and I (said) this: “My father is in a delicate position, and the palace watches over my father's house! No package must be spotted in the caravan,\n(lest) I make my father guilty of a terrible crime, my father's house suffer damage,\nand the palace strike my father hard. »\n25-30Therefore I withheld Asšur-malik and the money\nsaying: “Until they (can) sell the silver, where my father, in writing, will give instructions, the money\nmust remain here. »\n30-40' (are) my father, you (are) my master. Let your instructions reach me and make a decision about your money. And like [... ] the letter from [my] father\n285. L. 9: ta-<§é>-bi4 -lam.\n286. L. 24: i-na sa-al'(RI)-e lâ ta-sa-<kà>-na[m].","KTS 1, 37a",205,letter
10615d92-5bf8-198f-0a99-3cd3b2f85d8c,a-na i-na-a qí-bi-ma um-ma i-ku-pí-a {d}en-LÍL-ba-ni ù a-šur-ták-lá-ku-ma a-na-kam ki-ma pí-ri-tám i-ṣé-ri-kà É.GAL-lúm iš-ku-nu ni-iš-me-ma a-dí za-ku-tám ni-iš-me-ú lá ni-qí-ip i-dí-sú-en₆ kà-ṣa-ar É en-na-sú-en₆ nu-ša-il₅-ma um-ma šu-ut-ma a-wi-lam a-ḫa-ma ú-kà-lu-šu a ší-a-tí a-na a-ša-ri-kà bé-lúm-ba-ni ni-iš-pu-ra-am a-na té-er-tí-kà ù té-er-tí DAM.GÀR mì-ma li-ba-kà lá i-pá-ri-id u₄-ma-kál bé-lúm-ba-ni la i-sà-ḫu-ur té-er-ta-kà li-li-kam-ma li-bi₄-ni lá i-pá-ri-id,"\nTell Innaya: thus (speak) Ikuppiya, Enlil-bâni and\nAs šur-taklâku.\n4-12Here, as we heard (say) that the palace\t had frightened us, we did not give credit until\nwe heard clear information (on this subject).\nWe questioned Iddi(n)-Sin, the charterer of the firm of Enna-Sin, and he (answered us) this: “They keep the man apart. »\n13-21-Following this, we sent Bélum-bâni to\ntake care of you. For your goods and the goods of the merchant-\ntamkarum, fear nothing. Bélum-bâni must not linger for a (single) day. May your news reach (us) to calm our fears.\nBIBLIOGRAPHY: This tablet is collated and edited by\nC. MICHEL, Innâya, n°29.\n","TC 3, 71",206,letter
eb1f6643-2f42-4b06-b027-a69079109619,um-ma im-dì-DINGIR en-nam-be-lúm ù a-šùr-ṣú-lu-li-ma a-na PUZUR₄-a-šùr qí-bi-ma i-na 2 me-at 45 TÚG.ḪI.A qá-dì ša kà-ṣa-ri ša šé-ep a-mur-IŠTAR ŠÀ.BA 3 TÚG ša a-ki-dì-e i-na ḫa-ḫi-im É DUMU e-mì-kà e-zi-ib ù <gap> 3 TÚG la-ḫu-pu-tim a-ni ú-šé-ri-ba-am ší-ti ṣú-ba-ti-kà 2 me-at 39 TÚG a-na É.GAL-lim e-ru-bu ŠÀ.BA 12 ni-is-ḫa-tum 23 TÚG 10-tum iš-té-en É.GAL-lúm a-na ší-mì-im il₅-qé 38 TÚG i-na É kà-ri-im i-na-pu-lu-ni-kum ší-ti ṣú-ba-tí-kà qá-dì ša kà-ṣa-ri 1 me-at 66 TÚG.ḪI.A ša šé-ep a-mur-IŠTAR iz-ku-ú-nim-ma i-ba-ší-ú i-na 1 me-at 10 TÚG.ḪI.A ša šé-ep i-dì-{d}IŠKUR a-na É.GAL-lim e-ru-bu 5.5 TÚG ni-is-ḫa-tum 0.83333 GÍN KÙ.BABBAR ta-na-pá-al 10.5 TÚG 10-tum iš-te-en É.GAL-lúm a-na ší-mì-im il₅-qé 18.5 GÍN KÙ.BABBAR ḫu-lu-qá-e ta-na-pá-al 2 TÚG i-na É kà-ri-im i-na-pu-lu ší-ti ṣú-ba-ti-kà 92 TÚG ša šé-ep i-dì-{d}IŠKUR qá-dì ša kà-ṣa-ri iz-ku-ú-ma i-ba-ší-ú <gap> pá-zu-ur-tù-šu DUMU èr-ra-a a-ṣé-er pu-šu-ke-en₆ ú-šé-ri-a-ma pá-zu-ur-tù-šu i-ṣí-bi-it-ma pu-šu-ke-en₆ É.GAL-lúm iṣ-ba-at-ma a-na ki-šé-er-ší-im i-dì ma-ṣa-ra-tum da-na a-na lu-ḫu-sà-ti-a ḫu-ra-ma ša-lá-aḫ-šu-a ù a-na ma-ti-ša a-dì ša pá-zu-ur-tim ru-ba-tum ta-áš-pur-ma e-na-tum na-ad-a a-pu-tum mì-ma lá tù-pá-za-ar šu-ma a-na ti-mì-il₅-ki-a te₉-ti-qám a-ší-a-kà <gap> ša tù-šé-ta-qá-ni i-na be-tim SIG₅ i-na ti-mì-il₅-ki-a e-zi-ib-ma ù iš-te₉-en i-na ṣú-ḫa-ri-kà ša ki qá-qí-dì-kà e-zi-ib-ma ù a-ta et-qám-ma a-na-kam lu ni-im-lik ù šu-ma ma-ma-an a-dì-i KÙ.BABBAR 1 GÍN ma-lá ti-šu ú-ma-ga-ar-kà um-ma šu-ut-ma lu AN.NA lu TÚG.ḪI.A dì-nam-ma lu-pá-ze-er-ma a-na-ku ma-aṣ-a-ku lá ta-da-an qá-tum i qá-tim a-ma ša-ak-na-at-kum,"\nThus (speak) Imdilum, Ennum-Bèlum and Asšur-sulu-\nli: say to Puzur-Asšur.\n4—""Out of 245 fabrics, including (those) of the freighters of the\nAmur-Ištar transport for which he left 3\nakkadian fabrics with your brother-in-law's son in IIahhum, he\nhas just made enter 3 fabrics-lahhupumb.\n9-14The rest of your fabrics, i.e. 239 fabrics, are entered into the palace Thereupon, the entry fees (are) 12\n(clothes), the palace bought in dime 23 fabricsc They must compensate for you 38 fabrics at the kârum office.\n14-17The The rest of your fabrics, including those of the freighters, i.e. 166 fabrics from the Amur-Istar transport have been released from obligations and are available.",ATHE 62,207,letter
1b2899f6-8936-5819-3d50-bf6a90a54478,a-na um-mì-a-ni šu-ḫu-bur ù ša ki-ma i-a-tí qí-bi-ma um-ma pu-šu-ke-en₆-ma 3 ša-na-at u₄-me iš-tí DINGIR e-ri-iš um-ma a-na-ku-ma la-lik bu-lá-ti lu-za-ki-a-ma e-ṣa-am ù ma-dam ma-aḫ-ri-šu-nu lá-áš-ku-un šu-ḫu-bur 5 ša-na-at u₄-me iq-bi-a-am ù a-tù-nu ma-ag-ra-tù-nu a-na-ku lá am-ḫu-ur-šu um-ma a-na-ku-ma 5 ša-na-at ù-lá ú-qá-a a-dì ma-lá u₄-me ša iš-tí DINGIR e-ri-šu lá-lik-ma bu-lá-tí-a lu-za-ki-a-am a-na DAM.GÀR-ri-a ša a-té-bé-lu 2-šé-na ù ša-lá-ša-at ù-lá ta-ší-im-tum KÙ.BABBAR ma-dum ir-tù-qá-ni ù-lá na-ṭù-ma šu-mì-šu-nu ù-lá ú-da-a-ku-nu-tí um-ma a-na-ku-ma ma-tí i-lu-ku-ma DAM.GÀR KÙ.BABBAR 1 GÍN ú-šar-šu-nu-tí-ma ù i-a-tí ša qá-ru-bi₄-im ú-qá-ru-bu-nim a-šùr ù i-lu-ku-nu li-ṭù-lá KÙ.BABBAR 1 2 GÚ ru-qú lu-ma-sí be-lu-a a-tù-nu šu-ma li-bi₄-ku-nu ma-lá ni-is-ḫa-tum É um-mì-a-ni-a i-na-sà-ḫa-ni mì-il₅-kà-ma ša 3 ša-na-at ma-áš-kà-tí i-lu-ku-ma <big_gap> KÙ.BABBAR lá i-ṣa-bu-tù ta-aḫ-sí-is-tám ḫi-ir-ma-ma a-wa-at-ku-nu da-mì-iq-tám iš-tí ṣú-ḫa-ri-a lá-pí-ta-nim-ma KÙ.BABBAR 1 GÍN bu-lá-tí-a a-na ḫa-ar-pè lu-pá-ḫe-er-ma,"\nTell my donors, Sn-Hubur and my representatives: thus (speaks) Pnu-kén.\n4-17I asked the god for a term of 3 years in these\nterms: “(Allow) that I leave in order to clear my property-\nbûlâtuma and to lay before them (the donors) everything that there is. » Sil-Hubur offered me a term of 5 years, and you agreed. But I didn't agree, saying: ""I don't want to wait 5 years!"" I will complete the term that I asked of the god and I will release my bûlâtum property. »\nI6-26Two or three of my tamkârum agents on whom I depend have no common sense. A large quantity of money escaped my hands. It is (however) not appropriate to reveal their names to you! I (said to myself) this: “Soon they will come, the agent-tamkârum will deliver them money and they will bring me as much as possible. »\n26-39Let Aššur and your god be witnesses. I was\ndeprived of 1 or even 2 talents (of tin). That's enough! You (are)\nmy masters. Please consider the number of entrance fees that can be collected in the house of my donors, then certify for me a memorandum that my capital maškattum will be used for 3 years and the money will not be seized. Then send your favorable response through my servant so that I can collect every shekel of silver from my bûlâtum possessions [and send it to you] at the latest at harvest time.\n","BIN 4, 32",210,letter
88612daa-52ae-1d69-65d0-4ba158ea9811,a-na IŠTAR-lá-ma-sí a-gi-a ú be-lúm-ba-ni qí-bi-ma um-ma da-da-a-a a-na a-gi-a qí-bi-na 1 na-ru-qú-um 15 TÚG ša a-kà-dí-e da-ar-ku a-ma-kam ṣú-ba-tí a-na be-lúm-ba-ni mu-nu-ú ṣú-ba-tí ša šu-IŠTAR 6 {TÚG}ku-ta-nu 1 TÚG ša a-kà-dí-e e-li-tum ša sú-en₆-SIG₅ a-na be-lúm-ba-ni dí-in šu-ma e-li-tum ṣú-ḫa-ar-kà lá i-mu-a ŠÀ.BA TÚG ša a-kà-dí-e šu-lu-uḫ-ma dí-šu-um šu-ma a-ḫu-wa-qar a-mì-ša-am i-ta-al-kam 5 ṣú-ba-tí-šu <big_gap> mu-nu-ú šu-ma be-lúm-ba-ni a-na ku-ta-ni ša sú-en₆-SIG₅ qá-at-kà im-ta-ḫa-aṣ a-na a-ḫu-wa-qar dí-šu-nu,"\nThus (speak) Sillalabum and Elàl: tell Puzur-Aššur,\nAmua and Aššur-Samši.\n6-15Although you left the City (of Aššur) thirty years ago, and never deposited anything, and (ourselves) have not taken a single shekel of your\nmoney, we We never blamed you! From caravan to caravan, our tablets have reached you, but never a single letter from you has arrived here! 16-22 We have complained to your father, but (we swear that) we have no claim on your money, even for a single shekel! So please get on your way and come. Even if by chance you are delayed because of your goods sold on credit, put money at your disposal.\n23-34 We have never blamed you, and (yet) in your eyes, we are not gentlemen! Please get on your way and come, or put up some money. Otherwise, we will send a tablet from the princeb\nand a lawyer-râbisurnc, and we will shame you in\nthe kârurn; As for you, you will become like someone who\nis no longer our brother!\n","TC 3, 1",211,letter
d5478ade-c5d8-7338-5b61-b90379adb03e,a-na i-ku-pí-a-šùr šu-IŠTAR a-šùr-ba-ni ù ṣí-lá-{d}IŠKUR qí-bi-ma um-ma in-bi-IŠTAR-ma 1 GÚ 12 ma-na KÙ.BABBAR ù 1 GÚ AN.NA ku-nu-ki-a a-na na-ab-ší-im a-na i-ku-pí-a-šùr ù a-šùr-ma-lik DUMU ku-ra-ra e-zi-ib a-ḫa-ma 20 ma-na KÙ.BABBAR maš-kà-tám a-šùr-ma-lik ḫa-bu-lá-ma iš-tù a-lim{ki} i-na e-lá-i-šu i-ša-qá-lam a-ḫa-ma 7.33333 ma-na KÙ.BABBAR a-ṣé-er <gap> <big_gap> <gap> na-ší a-ma me-ḫe-er ta-aḫ-sí-sà-tim ša šé-pí-a ú-ku-ri ù IR-ad-ku-be na-aš-ú a-ḫu-ú-a a-tù-nu i-na {d}UTU-ši na-áš-pé-ra-tí-a ta-ša-me-a-ni ší-bé-e a-ni-ú-tim ú a-ni-ú-tim ḫi-ir-ma-ma KÙ.BABBAR-pí lá i-ru-aq iš-tù ší-bé-e ta-ḫa-ri-ma-ni lu KÙ.BABBAR lu ṭup-pu-ú lu ba-áb-tum a-li KÙ.BABBAR-áp a-šùr-ma-lik i-ba-ší-ú mì-ṣí-a-ma ṣa-áb-ta a-ḫa-ma 1.5 ma-na 6 GÍN KÙ.BABBAR me-eḫ-ra-tim a-šu-mì ma-ri-it-ḫi-im a-na {d}UTU-tap-pá-i a-dí-in IGI a-šùr-GAL ù a-šùr-tap-pá-e ṭé-em KÙ.BABBAR a-na-kam lá i-ta-ad-nu-nim a-ma-kam ṣa-áb-ta-šu-ma KÙ.BABBAR ša-áš-qí-lá-šu šu-ma a-šu-mì KÙ.BABBAR-áp a-šùr-ma-lik ma-ma-an i-ir-tù-šu i-pá-ri-ik ú-ul i ší-bé-e ma-ma-an i-pa-ṣí-in té-er-ták-nu e-ṣí-is li-li-kam-ma a-na-ku-ma le-ru-ba-am a-ḫu-ú-a a-tù-nu iḫ-da-ma ša lá-qá-a KÙ.BABBAR-pì-a ep-ša-ma KÙ.BABBAR-pì lá i-ru-aq lá-ma ma-ma-an i-na um-mì-a-ni-šu KÙ.BABBAR iṣ-bu-tù iḫ-da,"\nSay to Ikuppi-Aššur, Sn-Ištar, Aššur-bâni and Silli-Adad:\nThus (speak) Inbi-Ištar.\n4-18I have left in trust in Ikuppi-Aššur and Aššur-malik,\nson of Kurara, 1 talent 12 mines of silver and 1 talent pewter\nto my seal. In addition, Aššur-malik owes me 30 silver mines from the capital-rnaskatturn, he will pay me when he comes up from the City (of Aššur). Furthermore, he is carrying 7 silver mines for me to the address of [...], and Ukuri and Warad-Knbi are carrying a copy of the memoranda relating to my witnesses. 18-29 You (are) my brothers. The day you read my messages, certify (on a tablet the testimonies) of the witnesses of these two transactions. My money must not be lost. Once you have certified (on a tablet the testimonies) of the witnesses, intervene and seize the money, the tablets and the goods on credit where the money of Aššur-malik is located.\n29-36 In addition, I had given 1 min 6 shekels of silver to Samaš-tappa i as counter-value in the name of Ma-\nrithum. In front of Aššur-rabi and Aššur-tappa-wédim. Here\no didn't give me any money. There, seize him and make him pay the money.\n3 -46If, regarding the money of Aššur-malik, anyone","TC 3, 62",212,letter
8f818ff1-37e6-8aed-5614-ed818bc50fac,um-ma šu-ḫu-bu-ur ù me-er-ú a-šùr-i-mì-tí-ma a-na bu-zu-ta-a pu-šu-ke-en₆ ù im-dí-DINGIR qí-bi-ma šu-ma a-ma-kam ta-da-ga-lá-ma a-wi-lúm e-mu-qám i-šu a-wi-lúm i-na ṣé-er É a-bi-ni lá i-ša-lá a-na ma-lá ta-le-a-ni KÙ.BABBAR ša lu-qú-tí-im em-da-šu-ma KÙ.BABBAR i-na a-lim{ki} lu ra-ki-is šu-ma lá ki-a-am a-wi-lam e-bi-ba-šu ni-iš-ta-na-me-ma a-wi-lúm ma-ru-uṣ <gap> iḫ-da-ma e-bi-ba-šu 15 ma-na AN.NA a-ḫa-ma a-na li-bi lu-qú-tí-šu ša ik-ri-bi-a i-nu-mì lu-qú-sú É-sú a-dí ù 5 ma-na AN.NA a-šùr-SIPA ḫa-nu-nu-um a-šùr-i-mì-tí DUMU i-ku-a i-dí-nu-šum ší-im AN.NA-ki-a ša-áš-qí-lá-šu,"\nThus (speak) Sn-Hubur and the sons of Aššur-imitti:\n(say) to Buzutâya, Pnšu-kén and Imdilum.\n8-19If there you find that the man has power, he must not do harm to the house of our father.\nAs you can, impose (payment) on him in money of the goods, because the money must be paid according to\ncontract to the City (of Aššur). Otherwise, release the man (from his financial obligations). We keep hearing that the man is sick297! Be sure to release him (from his financial obligations).\n20-28In addition, among his goods, (there are) 15\ntin mines from my votive offerings. When\nI deposited his merchandise as his share, Aššur-ré'i, Ha-\nnunu (and) Aššur-imitti, son of Ikuppiya, gave him 5\nmines of tin298. Make him pay the price of my tin.\nBIBLIOGRAPHY: This tablet is published by J. LEWY, EL\n1, p. 105, note and by M. ICHISAR, Imdilum, p. 385-386.\nNOTE:\nThe reverse side of the text (11. 13-28) is often faulty.\n","KTS 1, 21b",213,letter
f4e2e58d-afed-d4ab-e5c5-0e4dee4b5e57,a-na i-li-a ù lá-qé-ep qí-bi₄-ma um-ma i-dí-IŠTAR-ma i-nu-mì 8 ma-na KÙ.BABBAR ša um-mì-a-nu-a iṣ-bu-tù-ni ú-šé-bi₄-lá-ni 14.5 GÍN KÙ.BABBAR ša DUMU ku-bu-lim ša 2 TÚG ša i-na É.GAL-lim ú-ṣa-ni a-ḫa-ma ú-še-bi₄-lá-ku-nu-tí i-nu-mì PUZUR₄-ì-lí i-li-kà-ni 1.5 ma-na KÙ.BABBAR ša a-mu-tim ub-lam i-na ŠÀ.BA 15 GÍN ta-ší-ma-ti lá-ma ṭá-ba-a a-na a-lim{ki} e-ru-bu dí-i-na-a,"\nSay to lliya and Laqép(um): thus (speaks) Iddin-Ištar.\n4-11When I sent the 8 silver mines that my\nbackers took, I also sent you 14\nsicles of silver from 2 cloths of the son of Kubulum\n297. L. 17-18: e-bi4-ba-su ni-is-ta-na-me-ma, a! -wi-him ma-\nru-us, this passage was collated by K. R. Veenhof.\n298. L. 26-27\nA-sùr-i-mà-ti DUMU I-ku-<pi>-a, i-dl-\n<nu>-sum si-im ...","CCT 3, 17b",214,letter
7a4e868c-0cf6-6aab-332a-50ec3a61b9a3,um-ma i-li-a-ma ù la-qé-ep a-na ZI-IR i-dí-IŠTAR URUDU ša té-zi-bu i-na KÙ.BABBAR-pí-kà ša a-na-kam-ma ni-il₅-qé 1 me-at 60 ÁŠ še-am ni-ìš-am du-du AN.NA 1 GÚ iš-ku-na-ma a-na ṣa-ba-tim ni-li-ik-ma um-mì-a-nu-kà a-na ṣa-ba-tim i-li-ku-ma a-ṣé-er a-wi-lim-ma nu-ta-er du-du a-na kà-ra-tim a-lá-kam qá-bi šu-ma a-ta ta-ša-kà-nam-ma i-ṣa-bu-tù ti-ib-a-ma a-tal-kam ra-ma-kà za-ki šu-ma a-na a-lim{ki} lá pá-nu-kà ta-ad-mì-iq-tí-ni šé-bi₄-lam,"\nThus (speak) lliya and Laqépum: tell Iddin-Ištar.\n3-7(Concerning) the copper in pieces' which you\nleft, we took it from your money which (is)\nhere, (and) we bought 160 simdum of barley.\n8-18Dudu deposited tin, about 1 talent, and we\nwe let's get ready to take (it), (when) your backers came to take (it); so we wanted to return it to man. Dudu was ordered to come no later than the month Qarratum (viii).\n19-265if you make him available, then they will take him.\nPrepare to come and settle (the matter) by yourself! If you\ndon't want to go to the City (of Aššur), send our loan-tadmigtum.\n","BIN 4, 95",215,letter
cd278b2b-1555-af90-738c-38411a6baa24,a-na i-na-a qí-bi₄-ma um-ma ḫa-nu-nu za-ḫa ú DUG-a-šur-ma 2 ma-na 14 GÍN KÙ.KI PÚZUR-a-šur ú-ta-e-ra-am a-na-kam PÚZUR-a-šur a-du-we ip-qí-da-šu a-na ší-tí KÙ.BABBAR i-ta-lá-ak i-tù-ra-ma a-na-kam i-ba-ší ni-lá-qé-a-ku-um a-bu-ni a-ta ša 14 GÍN KÙ.KI wa-at-ra-am ni-il₅-pu-ta-ku-ni i KÙ.BABBAR ni-iš-a-am-šu,"\nTell Innâya: thus (speak) Hanunu, Sahdya and\n[Puzur]-Asšur.\n4-7Puzur-Asšur returned me 2 mines 14 shekels of gold. Here,\nPuzur-Asšur and Aduwe have entrusted them.\n7-12As for the rest of the money, it is gone,\n(but when) it returns and it is available here, we\n(it) will take it for you.\n1316f (are) our father. (As for the fact that) we saved 14 shekels of gold more, we bought it out of the money (at our disposal).","TC 2, 29",216,letter
943f2d55-604e-a393-a56a-5b62ccee830b,0.5 ma-na KI id-na-a DUMU za-li-a 12 GÍN KÙ.BABBAR KI a-zu-na-a DUMU kà-na-a IGI {d}IŠKUR-ba-ni a-ḫi-šu 0.33333 ma-na 4.5 GÍN KÙ.BABBAR i-na <big_gap> <gap>-da-a <big_gap> i ṭup-pì-šu ḫa-ar-mì-im a-ší-tám mì-ma a-nim i li-bi₄ lu-lu-0.33333 ma-na KÙ.BABBAR ù 15 GÍN AN.NA KI PUZUR₄-a-šur DUB.SAR 16 GÍN KÙ.BABBAR i ša-du-i-tim a-ḫu-ur i-ša ba-ri-ni a-lá-qé-0.5 ma-na KÙ.BABBAR KI šu-sú-en₆-ma-tim 3 GÍN KÙ.BABBAR ša-al-ša-tim KI PUZUR₄-a-šùr <big_gap> <gap> KI {d}UTU-ba-ni <big_gap> <gap> GÍN KÙ.BABBAR <gap> <big_gap>,"\nTell Puzur-Asšur: thus (speak) Azutaya.\n4-19I am registered at the kdrum office for one\ndith of the caravan company of Amur-Asšur, son of\nSukkalliya. You (are) my father. When balancing the accounts,\nbe careful to add it to your share, then send me\nthe equivalent in money. You (are) my father, make sure that\n(the money) is not lost to me! As for me, I will\npay attention to your request.\n","BIN 6, 15",217,memo
d7d95f27-d8af-ed0f-fd6b-6a44b0dc32bd,a-na im-dí-lim qí-bi-ma um-ma e-nu-be-lúm-ma 3.5 ma-na KÙ.BABBAR šál-ša-tù-kà ša e-li-tí-a 1 ma-na KÙ.BABBAR ša a-šùr-ṣú-lu-li a qé-er-bi₄-ma ṭá-ḫi 4.5 ma-na KÙ.BABBAR šu-ma ša-áp-tám i lu-ḫu-sú-tí-a i-lá-qé-ú IŠTAR-pì-lá-aḫ ù a-lá-ḫa-am ṭù-ru-ud-ma li-li-ku-nim ša-áp-tám qá-tí lu-ub-lu-nim-ma i ḫu-ur-ší-im pì-ḫe-ší-ma ú ku-nu-uk-ší šu-ma i kà-ni-iš i-lá-qé-ú qá-tí li-qé-ma ku-nu-uk-ší-ma li-bi₄-ší 21 ku-ta-ni e-zi-ba-kum 1 ku-ta-nam a-na 4 GÍN KÙ.BABBAR ni-ip-lá-tim ša 8 TÚG.ḪI.A in-na-a ú-kà-al 4 GÍN KÙ.BABBAR šu-qúl-ma TÚG šé-ṣí-a-ma 22 ku-ta-nu šu-ma a-na qá-tí-a i-ta-du-im ta-ḫa-ša-aḫ 10 ku-ta-ni ki-lá-ma 12 ku-ta-ni ú ki-lá-le-en-ma ANŠE.ḪI.A e-ḫi-lá-ma li-li-ku-nim šu-ma ša-áp-tám a-lá-qé-em a-ḫu-ra-at e-ma-ri e-ḫi-il₅-ma ú ṣú-ḫa-ri ṭù-ur-dam lá i-sà-ḫu-ur 1 ku-ta-nam ni-dí-in-ma 4 ma-na sí-kà-ša-ri ku-nu-ki-a i-dí-{d}IŠKUR té-er-ta-kà ú <big_gap> i-dí-{d}IŠKUR <big_gap> a-ṭá-ra-da-kum <big_gap> <gap> ù <big_gap> <gap> bu ša <big_gap> ṭup-pá-am ku-nu-ki <big_gap> šé-bi₄-lam šu-ma DUMU i-dí-a-šùr i-li-kam iš-tí-šu ú iš-tí ša ki-ma na-áb-sú-en na-am-gi₅-ir-ma li-qé-am ú-ul a-ku-ta-ú-lim KÙ.BABBAR dí-in,"\n[Say] to Imdilum: thus (speaks) Ennu(m)-Bè[lum].\n309. L. 32: li-té-na ba -pi-ra-/am.\n310. L. 36: sa qdl -[at]-ni sa-ka-nam qd-bi4-u, the restitution of this line is due to K. R. Veenhof.","TC 3, 51",219,letter
456e25a6-1259-aab7-cf39-5bbaf943db73,um-ma a-šur-i-dí-ma a-na a-šur-na-da qí-bi₄-ma i-na KÙ.BABBAR ša ik-ri-bi₄-a ša 1 ma-na KÙ.GI ša-am-ša-am a-na a-šur e-ep-ša-am ni-is-ḫa-sà a-ḫa-ma ku-un-kà-am 6 ma-na KÙ.BABBAR ḫu-ša-e-e SIG₅ ù ni-is-ḫa-sú a-na {d}IŠTAR ku-un-kà-am ší-tí KÙ.BABBAR a-ḫa-ma ku-nu-uk-ma šé-bi₄-lam ù a-ta za-ki-a-ma ra-ma-kà tí-ib-a-ma a-tal-kam ša i-ṣé-ri-kà ṣa-ḫu-ru-ni na-ru-qá-tim na-áš-ú ù ša i-ṣé-ri-a ṣa-ḫu-ru-ni 10 ma-na KÙ.GI iš-ta-áp-ku al-kà-ma na-ru-qá-am na-an-šé-ma ù ṣí-i ù šu-ma a-ma-kam ma-ma-an i-da-na-kum le-qé al-kà-ma ù a-na-kam a-šar lá-qá-im lá-šu a-šu-mì ḫa-ra-ni-kà i-lu-um li-ba-tí-kà ma-li tí-ib-a-ma a-tal-kam 10 ma-na KÙ.BABBAR ša tù-wa-ta-ra-ni a dí-na-an na-pá-áš-tí-kà li-li-ik ik-ri-bu ša a-šur ù {d}IŠTAR ša TÚG ga-sú-ri-im ù ša {d}NIN.ŠUBUR šu-ma lá ma-ṣí li-ba-al-ki-tù,"\nThus (speak) AššUr-idi: tell AššUr-nâdâ.\n3-12From the money of my votive offerings, make me a\nsolar disk weighing a gold mine intended for (the god)\nAššUr. In addition that (the money from) its entrance fees. Seals\n6 mines of good silver scraps and its entry fees for\n(the goddess) Ištar. Seal the rest of the money separately and send it to me.\n13-25 As for you, get out and prepare to come personally. Some less important than you are holders of naruqqum contracts and others less important than me have invested 10 gold mines. So come, get yourself\n317. L. 26-29: (ina) [be]-tim a-mi-nim TÛGhi-a [i]-ta-ab-\nsu-ni a a-ta, [a-m]a-kam na-ru-qam na-an-si-ma [TUG] h-it-ba-\nas.","CCT 4, 2a",221,letter
2e7970f4-6254-ec90-d3a9-d712efcdc4a9,um-ma im-dí-lúm-ma a-na PUZUR₄.IŠTAR a-šùr-DUG ù la-li-a qí-bi-ma a-na PUZUR₄.IŠTAR qí-bi-ma 0.83333 ma-na KÙ.BABBAR ig-ru-šu ša lá-li-a ša ra-bi₄-ṣú-tí-šu ŠÀ.BA 0.33333 ma-na 5 GÍN KÙ.BABBAR il₅-qé ší-tí KÙ.BABBAR 0.33333 ma-na 5 GÍN KÙ.BABBAR a-wa-at-ni i-kà-ša-ad-ma i tù-wa-ri-šu KÙ.BABBAR i-lá-qé šu-ma té-er-tí e-tí-zi-ib-ma a-šar ša-ni-um i-ta-lá-ak KÙ.BABBAR ša il₅-qé-ú ú-ta-ar i-na ṭup-pí-šu ša ku-nu-ki-šu a-ni-a-tum lá-áp-ta 0.83333 ma-na 5 GÍN KÙ.BABBAR ig-ru-šu ša a-šùr-DUG ša ra-bi₄-ṣú-tí-šu KÙ.BABBAR ig-ri-šu ša-bu a-dí a-wa-tim i-kà-ša-ad-ma <big_gap> DUMU at-ta-a-a <big_gap> i-kà-ša-ad šu-ma té-er-tí e-tí-zi-ib-ma a-šar ša-ni-um i-ta-lá-ak KÙ.BABBAR ša il₅-qé-ú ú-ta-ar i-na ṭup-pì-šu ša ku-nu-ki-šu a-ni-a-tum lá-áp-ta 2 ma-na AN.NA ù <gap> ma-na ni-ga-li ga-mar-ku-nu ša iš-tù a-lim{ki} a-dí kà-ni-iš{ki} kà-ša-dí-šu-nu a-na qá-tí-šu-nu a-dí-in-šu-nu-tí-ma gám-mar-šu-nu ša ḫa-ra-nim ša-bu-ú mì-ma gám-ra-am ša ḫa-ra-nim lá e-ri-šu-kà a-pu-tum iḫ-da-ma ki-ma e-ru-bu-ni-ni ṭup-pè-e-a na-áš-pé-ra-tí-a ší-ta-me-a-ma ma-lá té-er-tí-a ší-bi₄-ku-nu ṭup-pí-ku-nu da-ni-na-ma a-wa-at-ku-nu ku-uš-da ki-ma i-na lá i-dim ep-ša-tí-ni-ma ša-ak-ša-tí-ni li-bi₄ da-ni-ša-ma im-ta-ra-aṣ ki-ma a-šùr-DUG ù lá-li-a e-ru-bu-ni-ni ša-ri-a-ma a-na KÙ.BABBAR ša ú-sà-nim 10 ma-na KÙ.BABBAR ù 1 ma-na KÙ.BABBAR a-ḫa-ma ša a be-a-lim a-dí-nu-šu-ni iḫ-da-ma KÙ.BABBAR ú-sà-nam ša-áš-qí-lá-šu-ma KÙ.BABBAR li-qé-a ú-sà-nam a-na a-wa-tim tù-ša-sà-ḫa-ni-šu a-na-lí a-na-kam i-na pá-ni-a e-bu-ut-ma ú ṭup-pá-am ša a-lim{ki} a-na ta-ú-ri-šu al-qé-ma KÙ.BABBAR 0.5 ma-na ig-ri ší-ip-re-e ag-mur-ma ší-ip-ru ik-šu-du-šu-ma šu-ut i-na pá-ni-ma ši-ip-re e-ta-ba-at-ma a-mì-ša-am i-tal-kam a-pu-tum iḫ-da-ma a-na-lí ṣa-áb-ta-ma ša li-bi₄-šu lu ša be-ú-lá-tí-ṣú lu gám-ri ša a-na ta-ú-ri-šu <gap>-bu-ší-<gap>-<gap> ša-áš-qí-lá lá ta-ga-mì-lá-šu a-šu-mì a-wa-tim ša a-šùr-UTU-ši DUMU qá-a-tim <gap> ma-na a-dí-šu-ma i-la-ak-ma i-ma a-lim{ki} 2 ma-na KÙ.GI iš-ti-šu i-lá-pá-ta-ni-ma ù a-šùr-UTU-ši i-tù-ra-ma 1.5 ma-na KÙ.BABBAR ú-ra-da-šu-um ša 2 ma-na KÙ.GI ṭup-pu-šu iḫ-ri-im-ma a-ma-kam i-ba-ší ù šu-ut ša 2.5 ma-na KÙ.BABBAR,"\nThus (speak) Imdilum: say to Puzur-Ištar, Aššur-tdb and\nLalïya. Tell Puzur-Ištar.\n4-12 The silver mine represents Laliya's salary as a lawyer. Thereupon he received at least 5 shekels of silver; the rest of the money (due to him) amounting to at least 5 shekels of silver, he will receive (this) money after obtaining (a result) in our trial, on his return. If he abandons my instructions and goes elsewhere, he will have to return the money he received. These conditions were inscribed\non his contract sealed with his seal.\n12-21The salary of Aššur-tdb, for his function as attorney, is at least 5 shekels of silver. [Half of] his salary is paid. There, he will have to obtain (a result) in the trial. [NP], son of Atdya, will have to obtain (a result)\nin the trial], but if he abandons [my case] and [goes] elsewhere, [he will return the money he received. [These conditions\nwere inscribed [on] his tablet sealed with his seal.\n21-27I gave them 2 mines of tin [and They must therefore not ask you for (other money) for travel expenses.\n27-36Please, be sure to listen carefully to my\ntablets (and) my messages when they arrive, and according to\nmy instructions, validate your witnesses and your tablets, and\nAssur-malik, son of Laqépum on his contract-naruqqum, he is\ntherefore registered for 2 gold mines, L. MATOUS, KKS, p. 79.\n329. The text Prague 1 580, L. MATOUS, KKS, p. 80-81, reports 24 silver mines, or 6 gold mines invested by Imdilum; the text VS 26, 133 mentions 8 2 gold mines, but\nthis sum seems to constitute the total amount of the investments of the contract. Let us also note 66, which cites 40 silver mines\n(i.e. 10 gold mines) on a narugqum contract.","TC1, 24",223,letter
198ba544-1a0b-4701-b1d1-8a4accdfad58,a-na a-šùr-mu-ta-bi₄-il₅ qí-bi-ma um-ma a-ḫa-ḫa-ma KÙ.BABBAR ša na-ru-uq dan-a-šùr aṣ-ba-at-ma um-ma šu-nu-ma PUZUR₄-a-šur bu-za-zu ú i-ku-pá-ša il₅-qé-ú a-ma-kam KÙ.BABBAR ša-áš-qí-il₅-šu-nu-ma ku-un-kà-ma a šu-mì-šu-nu-ma eq-lam le-tí-qám šu-ma <gap> <big_gap> i pá-ni-im-ma na-áš-pé-er-ta-kà za-ku-tum li-li-kam-ma a-na-kam a-šar ma-lá-ki-im lam-lik 3.5 ma-na KÙ.BABBAR a-na PUZUR₄-a-šùr ad-ma-ku a-ḫa-ma KÙ.BABBAR 10 ma-na a-na-kam ší-bi₄ i-šu-šu-um ša ki-ma i-na e-ra-bi₄-šu-ma ú-šé-ba-lá-ni i-nu-mì a-na É PÚZUR-a-šur té-ru-bu IGI um-me-a-ni a-wa-tám a-ni-tám i-dí-ší a-ḫi a-ta šu-ma lá ku-a-tí ma-ma-an lá i-šu ta-ki-li ša ma-ma-an lá ta-ša-me a-na ú-um ga-ma-lim ú ú-um e-ṭá-ri-im i-ḫi-id-ma KÙ.BABBAR 10 ma-na ša-am-qí-tám-ma ma-ma-an ú-mì lá e-mar-šu iš-ra-am a-ba-SILIM na-áš-a-ku-um,"\nTell Aššur-mutappil: thus (speak) Ahaha.\n3-14I wanted to take the money from the contract-naruqqum\ndof Dan-Aššur, but they (told) me this: “Puzur-Aššur,\nBuzazu and Ikuppaša (1') have (already) taken! » (Then) there,\npay them the money, [seal] it-1e330 so that it travels this way\nin their own name. Then, let a detailed letter from you\ncome by the next mail (to tell me) if they\nhave (effectively) so that here, [I] take the\nnecessary decision.\n330. L. 8: . . . k[u-un]-kà-mal.",KTH 7,225,letter
f24746b1-beb3-0b6a-3232-934586848e43,a-na sú-e-a a-šur-mu-ta-bi-il₅ ù i-ku-pá-ša qí-bi-ma um-ma a-ḫa-ḫa-ma a-na <gap> <big_gap> ša a-na na-ru-uq <big_gap> PÚZUR-a-šur ad-ma-ku-ni áš-ta-na-me-ma ší-ip-kà-tí-a bu-za-zu a šu-a-tí-ma ša-ak-na ú KÙ.BABBAR ma-dam il₅-ta-na-qé i-zi-za-ma ir-da-ma iš-ti bu-za-zu a-wa-tí-a gu₅-um-ra-ma ki-ma iš-té-en₆ ú šé-na il₅-qé-ú-ni ú a-tù-nu li-qé-a a-dí-i ta-ad-mì-iq-tí-a šu-ma ta-da-ga-lá-ma <big_gap>,"\nTell [NP I, NP2] and Ikuppaxa: thus (speak) Ahaha.\n3-8 Regarding the money332 that I invested in the\nPuzur-Aššur-naruqqum contract, I keep hearing\nthat Buzâ,zu considered my investments as his own!\nAlso, he keeps taking a lot of money!\n8-14 Be ready and make sure I settle my business with Buzâ,zu. Just as some have taken (money), you also take (some)!\n14-16As for my tadrniqtum loans, [if] you observe\nthat [...] (gap) b.\n331. L. 29-32:\na-na, g-um Di ga-ma-lim, v u-um e-ta-\nri-im, i-hi-id-ma.\n332. L. 3:... a-n[a KU.BABBAR].","CCT 4, 31b",226,letter
2ca5fea7-fff3-69e9-c090-fcf5c91d3f50,0.5 ma-na KÙ.BABBAR ší-im šu-pí-a-aḫ-šu ša-ak-ri-ú-ma-an a-na šé-zu-ur ta-mu-ri-a ù wa-áš-ḫu-pá GAL ma-ḫi-ri-im ḫu-bu-li-šu iš-qú-ul šu-pì-a-aḫ-šu iḫ-pì-ar wa-áš-ḫu-ú-pá i-na sí-lu-ú-na it-ru-a-šu lu tù-zi-nu-um lu bé-el ší-mì-šu lu ma-ma-an a-šu-mì šu-pí-a-aḫ-šu a-na ša-ak-ri-ú-ma-an lá i-tù-a-ar šu-ma i-tù-a-ar 2 ma-na i-ša-qal IGI ta-ri-ku-da IGI e-ni-iš-ru-ú IGI ga-du-du-ú,"\nSo\nAššur-Samši.\n-Sin: tell Elali and AsSur-SamSi.\n4—""Take for me yourself 4 (loads of) donkey of\ncopper (for an amount) of 10 silver mines or 15\n(silver) mines from your contract-naruqqum and\nprepare to come. Therefore that Iliya lives there, Iliya is aware of all no\nAššUr-\nSamš3,\nwants to meet ASSUr-\nSamS3, or even that he comes to meet you.\n14-18The sons of Ahu-ahi (told me) this: “You\nSamaš-ta.b.\nine of silver with SamaS-tà.b. » (But) I (answered them) thus: “I did not take (it) Samaš-tâb,\n\n19-29 We then wrote to SamaS-tâb, and he (replied us) this: “It was Ennum-ili, son of Ili-boni, (who) took the money” So I questioned Ennum-ili. in front of\nthree people\nmerchants-\ntamkâruma,\ncategory of merchants-\ntamkâruma, and he (declared) this: “I have not taken (it)”\nSo, Samas-tab (decided) this: “Let Ennum i13 swear (him),\nI will pay (the money)”\n30-37Therefore, if he lends. serm\nSamaš-t[ab]\nsens),\nthen enter SamaS-t[ab] and make him pay the money. In\ncase he does not lend\nEnn[um-\nill].\nt, then make Enn[um-\nill] pay. At that time, I handed over to Ennum-ili [your] reports\nfor Malikkin?333\n","BIN 6, 22",227,purchase guarantee
4277ef48-a8a6-4ac2-4b62-9bd09ed1db0d,a-na pu-šu-ke-en₆ qí-bi-ma um-ma šu-ku-bu-um-ma a-ḫu-ú-a a-tù-nu qá-tí a-ṣé-er ša i-na-a i-ta-dí-ú-ni ù a-tù-nu i me-ší-tí-a qá-tí i-ta-dí-a mì-ma e a-pu-ul-ma li-bi₄ e im-ra-aṣ lu-qú-tí a-šar ba-lá-ṭí-a dí-na-ma KÙ áb-kà-nim ù KÙ.BABBAR ša KI e-me-me mì-šu-um a-dí u₄-mì-im a-nim lá tù-šé-bi₄-lá-nim ù DUMU ib-ni-lí za-ki-a-ma šu-up-ra-nim mì-šu <big_gap> ša um-ma na-áb-sú-en-ma šu-ku-bu-um KÙ-pì il₅-qé ki-ma a-lim{ki} qá-tám ša-kà-nim ú-ṭá-bi₄-ú KÙ.BABBAR ša ki-li-a qá-tí na-áb-sú-en ša-ak-na-at-ni a-dí ki-li-a i-li-kà-ni KÙ i-bi-ší-ma ki-li-a i-li-kà um-ma ki-li-a-ma a ša ki-ma na-áb-sú-en šu-ma qá-at-ku-nu ta-ša-kà-na a-na a-lim{ki} lá-li-ik KÙ ki-li-a il₅-té-qé ú ṭup-pá-am ša ki-li-a ḫa-ar-mu a-na-ku mì-ma lá al-qé,"\nTell Pušu-kén and lliya: thus (speak) Su-Kubum.\n3-13You (are) my brothers. (Regarding) my share, in addition to what Innâya has deposited, you also deposit my share of my funds. Don't make me angry by imposing any additional payment on me. Sell ​​my merchandise where (there is) profit for me, and send me the money. As for the money which (is) with Ememe, why have you not sent it to me until now? Also release the son of Ibni ili, and write to me.\n13-28Why did Nab-SIn (said) this: “Sn-Kubum\ntook my money”? When (the authorities of) the City\n(of Aššur) canceled the establishment of a claim,\nNab-Sin had a right of seizure over Salliya's money; Until Salliya arrived, the money stayed there. Salliya came, and (expressed) himself thus to the representatives of Nab-Sin: “If you use rights, then I will go to the City (of Aššur). » Then Salliya took the money. But I absolutely didn't take the tablet that Salliya sealed in an envelope.\n","TC 3, 42",228,letter
a077f1eb-ff39-9db2-2b66-70186871dea8,um-ma a-šur-i-mì-tí-ma a-na pu-šu-ke-en₆ qí-bi-ma a-šu-mì ša PUZUR₄-ša-du-e DUMU tù-i-mì-im a-dí-i 1 GÍN KÙ.BABBAR na-ru-qú-um a-na É a-bi-ni e-ra-bi-im ša-al-šu-ma pí-šu ší-me-ma a-ni-tám lá a-ni-tám té-er-ta-kà li-li-kam-ma ù a-na-ku ma-al-ki lá-aṣ-ba-at a-pu-tum i-ḫi-id-ma i-na iš-té-en₆ a-li-ki-im té-er-ta-kà li-li-kam AN.NA ù TÚG.ḪI.A ša šé-ep DUMU ú-za-ri-a ma-lá iz-ku-ú-ni a ma-lá té-er-ti-a a-šar ta-ta-dí-nu té-er-ta-kà li-tù-ra-am,"\nThus (speak) Aššur-imitti: tell Pušu-kén.\n3-16 Concerning Puzur-šadn'e, son of Tu'imum, ask him about (the agreement that) every shekel of silver\n(invested in) the contract-naruqqum will enter the firm\ndof our father, and listen to his words, then that your report\ncomes to me one way or the other and I will\nmake a decision. Please see that your report reaches me by the first traveler.\n17-2IAll the tin and fabrics of the transport of Usariya\nwhich will be free for sale, according to my instructions,\nsend me your report (to tell me) wherever they\nwere sold.\n230 (TC 3, 22)\nThus (speaks) Salim-ahum : tell Pušu-kén.\n3-11 Concerning llabrat-bâ,ni, for the 29 silver mines belonging to him, I paid 8 silver mines as an investment in the (naruqqum contract) of the son of Alâ,hum.\nI paid 12 2 mines to his mother, his sister and his representatives, 17 mines to your representatives regarding which you\nhad written to me.\n11-2IDân-Aššur brings him 1 talent 10 mines of tin,\n2 fabrics, “2” black donkey. We paid 5 mins for 5 silver coins. Have him add 2 min in addition to his money for what he asked you for as operating capital, and he must (also) pay you the rest of my money.\n22-33 As for my tin and my fabrics that you entrusted to him on credit, he paid the money the same day! Well\nnow do me a favor! I systematically had problems, at least six? times, (with the people to whom)\nI gave money belonging to him! Who here would lend money at interest and (from whom) we could take money? As for the rest of his money, there are one or two tablets (acknowledgments of debt) from agents-\ntamkârum (who must pay); operations are for sure","CCT 2, 44b",229,letter
8d96395d-5ef0-e39e-37fe-75eaa3998cfa,um-ma e-la-lí-ma a-na šu-a-nim ù i-ku-pì-a-šur ni-iš-pu-ra-kum um-ma né-nu-ma al-kam-ma ṭup-pè-ka 3 lu nu-ṭá-bi₄-ma ṭup-pá-am 1 ša na-ru-qí-kà lu ni-il₅-pu-ut ù mì-šu-um KÙ 30 ma-na ša a-na a-lim{ki} kà-an-ku i-na ḫa-ḫi-im ik-lu-ú a-pu-tum i-ḫi-id-ma al-kam šu-ma a-ta 1 ITU.KAM iš-té-en₆ ta-kà-lá šu-up-ur-ma KÙ ša i ḫa-ḫi-im i-ba-ší-ú lu-ub-lu-nim ù KÙ ma-la ta-ma-ḫa-ra-ni šé-bi₄-lá-ma ší-ma-am lu ni-iš-am ki-ri-am áš-am KÙ ša AN.NA ša ta-al-qé-ú šé-bi₄-lam ù i-ša ba-ri-ni 0.66666 ma-na 8 GÍN iš-qú-lu KÙ ù ší-a-ma-tí-šu šé-bi₄-lam šu-lá-ba-an DUMU a-mur-DINGIR ki-ri-am im-gu₅-ur-ma la-ma a-šur-i-mì-tí-ma šu-ma ta-ša-am 10 ma-na <gap> dí-na <big_gap> šé-bi₄-lam a-ma-mì-in <big_gap> ma-na ta-di-nam KÙ ša AN.NA ù ša ba-ri-ni šé-bi₄-lam,"\nThus (speak) Eldl: (say) a Sn-Anum and Ikuppi-Aššur.\n3-18We have written to you this: u Come here so that we\nannul your three tablets, and that we draw up a single tablet concerning your contract-naruqqum. » Why then were the 30 silver mines retained in Hahhum which (were sent) under the seal of the City (of Aššur)? Please make sure to come. If you yourself are detained for a month, write334\nso that we can bring the money that is in Hahhum, and\nall the money that you receive, send it so that we can\nmake the purchase.\n18-32I bought a garden. Send the money corresponding to the tin you received, because I have invested 3 mine\n7 shekels in what we have in common. Send the money or\nshis purchases. St-Laban, son of Amur-ili, agreed for the garden, and Aššur-imitti (said) this: “If you make the purchase, I will give you 10 mina [...] and send it to me336. » If\nonly you had given me 10 mines, send me the silver\nthe tin and the one we have in common.\n","KTS 1, 34a",232,letter
ed82ddb6-f8e3-1cab-5482-7e90aebfe19f,um-ma en-um-a-šùr-ma a-na i-dí-IŠTAR qí-bí-ma du-du i-li-kam-ma ni-kà-sí i-dí-in ù a-šùr-ma-lik DUMU DINGIR-ba-ni ší-lu-a-tám i-dí-ni-a-tí ší-im KÙ.BABBAR lu i-ša du-du lu i-ša a-šur-ma-lik mu-nu-a-tí-a ù mu-nu-a-tí-kà a-na du-du a-na na-ru-qí-im a-da-an lu ša-a du-du lu ša-a 1.3333300000000001 ma-na 5 GÍN KÙ.BABBAR ik-šu-da-kà šu-ma li-bi-kà i-na KÙ.BABBAR ša É a-bi-a ta-zu-zu šé-bi-lam-ma 1 ma-na KÙ.GI ku-a-am lu-ma-li-am a-na-ku 2 ma-na KÙ.GI a-da-šum a-pu-tum a-na ša um-mì-a-nu-kà ú-šé-bi-lu-ni-ku-ni i-ḫi-id,"\nThus (speak) Ennum-Aššur: tell Iddin-Ištar.\n3-17Dudu came and settled the accounts. As for Aššur-mallk, son of Ili-bdni, they gave us (our) dividends. I will give Dudu in contract-narugq'um the money - that of Dudu's (capital) and that of Aššur-malik, the share calculated for me as well as the share calculated for you. echub.\nIf you agree, send it to me from the money we\nobtained from our father's property338, and I\nwill supplement with 1 gold mine belonging to you33, or I will\ngive him 2 gold mines.\n29-31 Please see to it that your backers\nhave sent.\n","CCT 4, 49b",233,letter
c740623d-76b2-48d1-8cfe-7b7387c25f7a,um-ma i-li-a-ma ù lá-qé-pu-um-ma a-na i-dí-IŠTAR qí-bi₄-ma i-na na-ru-uq i-ší-im-ZU 15 ma-na mu-ṣí-kà ni-il₅-qé 15 ma-na KI a-bi-a-qá-ar ni-il₅-qé KI šu-ku-bi₄-im DUMU ar-ší-aḫ 15 ma-na URUDU ù ṣí-ba-tí-šu ni-il₅-qé ŠE-kà ni-dí-ma É ar-ší-aḫ kà-lá-šu ni-iš-a-ma-kum a-na bé-tim 4 GÚ URUDU ni-iš-qúl lu ša DAM.GÀR-kà lu ša ŠE-kà nu-pá-ḫe-er-ma 3 GÚ URUDU ni-iš-qúl 1 GÚ a ṣí-ib-tim KI DAM.GÀR ni-il₅-qé <big_gap> 1 ma-na KÙ.BABBAR šé-bi₄-lam-ma lu nu-ta-er iš-tù É-be-et-kà me-<gap> <gap>-lam-ni ni-<gap> <big_gap> <gap>-ma KÙ.BABBAR-ap-ni tù-kà-al šu-ma a-ḫu-ni a-ta ta-ad-mì-iq-tí-ni šé-bi₄-lam a ma-kà-ri-kà lá-šu-ma i ta-ad-mì-iq-tí-ni ta-ma-kà-ar a-na ḫu-ur-ší-kà šé-bi₄-lam-ma ma-lá a-kà-al šé-ri-kà ù a-ší-tí-kà né-nu ip-ri-šu-nu lu-ni-dí-in₄,"\nThus (speak) lliya and Laqépum: say to Iddin-Ištar.\n4—'We took the amount of your muzuma, 15\nmines, from (your investments) in the contract-narugqum\ndIsme-Sîn. We took 15 mines from Abi-(w)aqar.\nWe took 15 copper mines and their interests from\nSü-Kübum, son of Arsi-ah.\n11-26We sold your barley and bought from you\nthe entire house of Arsi-ah. For the house we paid 4 talents of copper. (For this) we\ngathered that which your agent-tamkârum (owed) and that\n(from the sale) of your barley, and we poured 3 ta-\nlents of copper. (Moreover) we borrowed a ta-\nlent against interest from a t[amkâ]rum creditor. Send a wealth of money so that we can repay (the\ntamkârum). From your [house... ] we [... ], and you (always) hold our money.\n26-31 if you\nde) our tadmigtum loan. It does not (must) be used for your\nbusinessb, yet you trade with our loan-tad-\nmiqtum!\n32-36Send enough\n342 for your pantry. M. T. LARSEN, Iraq 39 [1977], p. 135, Prague 1573\nedited by L. MATOUS, KKS, p. 79-80, K. HECKER, (( In\nnova... », ArOr 67 [1999], p. 558-559, and its fragmentary duplicate, Prague 1642 edited by L. MATOUŠ, KKS, p. 81-82.\n(es) our brother, send me (the amount",KTH 9,234,letter
d101ab4b-e0f2-c9d7-f3b3-c0197e5cf921,um-ma i-ku-num ù en-na-sú-ma a-na ì-lí-a {m}ì-lí-a-lim ù iš-du-ke-en₆ qí-bí-ma KÙ.BABBAR ša na-ru-uq DUMU me-šar-ra-bí lu i-na É.GAL-lim ú-ṣa-am lu i-na ša ṣí-la-da-ad DUMU-šu e-li-a-am KÙ.BABBAR pá-ḫi-ra-ma a-na šé-ni-šu ku-un-kà-ma šé-bi-la-nim ù DUMU a-wi-lim ṭù-ur-da-nim <big_gap> ni-a-um <big_gap> ma-am DUMU-šu šu-ma ma-ma-na wa-ar-kà-num KÙ.BABBAR a-na me-er-i-šu ù-la šu-a-tí i-dì-šu-um ší-ma-sú-nu li-il₅-qé-ú KI mì-ša-al KÙ.BABBAR ma-ru-šu ṭù-ur-da-nim um-ma en-na-sú-en₆-ma PUZUR₄.IŠTAR pá-šu a-ma-kà-ma i-dí-nam um-ma šu-ut-ma TÚG.ḪI.A a-na šé-lu-e-tim li-qé a-na-ku ù-la a-mu-ú um-ma a-na-ku-ma KÙ.BABBAR ša-ak-ší-dì um-ma PUZUR₄.IŠTAR-ma a-na a-lim{ki} ù-la te₉-ra-áb KÙ.BABBAR ú-sa-ak-ša-da-kà na-ru-qí ni-<gap> <big_gap> li-ba-am i-dan-šu-um,"\nThus (speak) IkUnum and Enna-Sin: say to lliya,\naLUMa and Išdu-ken.\n7-17Gather the money from the naruqqum contract of the son\ndof Mis'ar-rabi, whether he leaves the palace or goes up with Silli-\nAdad, his son; seal it twice and send it to me.\n18-29As for the son of man, send (him) to me. [...\nour [...] he has a [tablet]. If anyone subsequently gives money to him, his son or even to him, let us take their original amount. Send his son to me with half the money.\n3o-41Thus (speaks) Enna-Sin. Puzur-Istar had made the following promise to me there: “Take the fabrics as your dividends. » But I refused (saying) this:\n« Send me (rather) the money! » Puz[ur-Istar] (then said) this: “You will not have to go to the City (Ašsur),","TC 3, 84",235,letter
8289580b-8239-484d-ac06-7f1c2bd4da8a,a-na i-ku-pí-a en-nam-a-šur ù šu-mì-a-bi₄-a qí-bi₄-ma um-ma a-šur-na-da-ma a-na e-nam-a-šur ù šu-mì-a-bi-a qí-bi₄-ma 16 mu-ta-tim ša 1 GÚ.TA 7 e-li-a-tum ša 30 ma-na.TA e-zi-ib ša PUZUR₄.IŠTAR ù 6 ANŠE ṣa-lá-me áp-qí-da-ku-nu-tí ŠÀ.BA 1 GÚ 25 ma-na URUDU ša iš-tí ú-ṣú-ur-ša-a-šùr al-qé-ú a-na i-ku-pí-a ú-šé-bi-il₅-ku-nu 1 GÚ 12 ma-na URUDU ša en-um-a-šur 1 GÚ 20 ma-na ša a-šu-mì PUZUR₄.IŠTAR a-pu-lu-kà ší-tí URUDU 15.5 GÚ 3 ma-na ŠÀ.BA 5.5 GÚ 3 ma-na URUDU ša DAM.GÀR ší-mu-um i-ba-lá-kà-ta-ma 15.5 GÚ URUDU DAM.GÀR i-ša-qá-lam ù ga-me-er a-wa-tí-a en-um-a-šur-ma URUDU e ta-aṣ-ba-at ba-lu-um mì-ma 15.5 GÚ URUDU ša ṭup-pu-šu ḫa-ar-ma-am ú-kà-lu DAM.GÀR e it-ba-al-ma e tù-re-i-qá-ni ší-tí URUDU 10 GÚ ku-na-na-ma-i-um ù 6 ANŠE um-ma a-na-ku-ma al-kam lu-ša-qí-il₅-kà-ma at-kál tù-ni-a-ni-ma um-ma a-ta-ma i-na 10 GÚ URUDU ù 6 ANŠE qá-tí lá-áš-ku-un-ma i-na tur₄-ḫu-mì-it a-na URUDU SIG₅ lu-ta-er-ma a-na kà-ni-ìš lu-bi-il₅-ma ša ki-ma ku-a-tí KÙ.BABBAR-pí lu-ša-bi-ú-ni URUDU ù ANŠE.ḪI.A ú-lá ú-ša-qí-il₅-kà mì-šu ša um-ma a-ta-ma lá ša-qú-lá-ku ANŠE.ḪI.A ša i-ku-pí-a ANŠE.ḪI.A wa-šé-er-šu-um a-ší-tí KÙ.BABBAR-pì-kà a-na-ku a-za-za-kum a-šùr <big_gap> ù {d}MAR.TU i-li a-bi-ni lu i-de₈-a a-ṣé-er na-ru-qá-kà ú-ša-zi-za-ku-ni a-ḫi-um pu-ru-i ú-lá iš-ku-un a-ta i-na kà-ar kà-ar-ma pu-ru-i ta-áš-ta-na-kán,"\nSay to Ikuppiya, Ennum-ASSur and Sumi-abiya: thus\n(speak) ASSur-nada; tell Ennum-Assur and Sumi-abiya.\n5-12I have entrusted you with 16 bundles (for donkeys) of 1 talent\each, 7 bundles for the top (of load) of 30 mina\each — except that of Puzur-Istar — as well as 6 black donkeys. On top of that, the talent and the 25 copper mines that I took from Usur-sa-Assur, I have had you take (them) to Ikuplpiya.\n12-2]. (There are) 1 talent 12 mines of copper from Ennum-\nAššur, 1 talent 20 mines of which I have promised the repayment\nin the name of Puzur-Istar; the rest of the copper (amounts to) 15\nI talents 3 mines. Above, (there are) 5 i talents 3 copper mines belonging to the merchant-tarnkdrurn. If the merchandise (to be purchased with it) travels far away, the merchant-tamnkdrurn\nwill pay me 15 i talents of copper [...] and Ennum-Assur (is)\nthe one who settled my affair.\n21-26You must not take the copper. Under no circumstances must the\nmerchant-tamnkaruinn take away the 15 i talents of\ncopper from his certified tablet that I hold, and you must\nprevent him from being beyond my reach. The rest of the copper\nsamounts to 10 talents of (copper from) Kunanamit and 6 donkeys.\n27-33I (said) this: “Come so that I may satisfy you. ""\nI had trusted you but you rejected me by (responding) thus: ""I will take at my disposal the 10 copper talents and the 6 donkeys, and I will sell them in Durhu-\nmid for good quality copperb which I will bring to","AKT 1, 17",237,letter
d774119a-7ca0-36f4-614e-4743f16c6d4f,2 ma-na KÙ.BABBAR ša ì-lí-dan DUMU i-dí-a-šur a-na lá-qé-pì-im ḫa-bu-lu 1.5 ma-na KÙ.BABBAR ša a-šur-dan DUMU i-ku-pì-a a-na lá-qé-pì-im ḫa-bu-lu 0.33333 ma-na 5 GÍN KÙ.BABBAR ší-im ANŠE ša a-na en-um-ì-lí ša i-dí-IŠTAR 0.33333 ma-na KÙ.BABBAR ša i-dí-da-gán 4 ma-na 15 GÍN KÙ.BABBAR lá-qé-pu-um ša-bu a-na a-wi-li a-ni-ú-tim lá-qé-pu-um lá i-tù-ar IGI ku-ra DUMU sú-tí-a IGI šu-ḫu-bur DUMU a-šur-ma-lik li-mu-um PUZUR₄-ni-ra-aḫ,"\nTell Pnšu-kén: thus (speak) Kurub-Ištar.\n3-11Our father invested 2 gold mines with Salim-\nAššur, son of Isu-(a)rik. Sakkukum, the charterer of Qarwiya, brought him 6 (fabrics)-kutdnum of excellent quality.\n12-189 (es) my father. If a man goes on a journey, let him come; but if he stays, reach an agreement with the man\nas best you can.\nBIBLIOGRAPHY: 11. 12-14 are transcribed by K. R.\nVEENHOF, AQATT, n. 184.\nNOTE:\n11. 3-11 of this text are almost identical to 11.\n5-13 of 239.\na. By the “father”, Kurub-Ištar undoubtedly means the “pa-\ntron”.\n","BIN 4, 16",238,unknown
11a7fd5a-3a68-3f6a-1a1a-66c144f672c5,i-nu-mì me-er-e ša-zi-a ni-sí-ú 0.25 GÍN 7.5 ŠE a-na ší-ri-im áš-qúl-ma a-na mu-zu nu-šé-bi₄-il₅ 0.33333 GÍN 7.5 ŠE a-na bu-ša-lim i-nu-mì me-er-ú ša-zi-a ú-ṣú-ni <gap> GÍN KÙ.BABBAR a-šu-mì ḫa-pu-a-lá a-na ḫa-tù áš-qúl,\n[S]ay [to] Salim-Aššur [and] Pušu-ken: thus (speak)\nKurub-Ištar. Tell Salim-Aššur.\n343. L. 40:... a-sé-er: na-ru-qa-kà (sic!),"BIN 4, 17",239,unknown
d6e4b2d0-e31b-4601-bcaf-fed7abbc0cb4,a-na pí-lá-ḫa-a a-gi-a ù a-šùr-na-ṣí-ir qí-bi₄-ma um-ma a-šùr-mu-ta-bi₄-il₅-ma i-na 4 ma-na KÙ.GI ša a-na en-um-a-šur DUMU en-na-sú-en₆ a-bi-i a na-ru-qí-im i-dí-nu 0.66666 ma-na 8 GÍN KÙ.GI qá-sú-ú ša sú-e-a 0.66666 ma-na 8 GÍN KÙ.GI qá-tí i-ku-pá-ša qá-ta-at ki-lá-le-ma i-a-tí i-za-za-ni-im ṭup-pá-áš-nu ḫa-ar-ma-am ú-kà-al ša <gap> qá-tí-ku-nu áš-ú-mu ú-kà-al i-na 2 ma-na KÙ.GI ša a-na a-šur-ma-lik DUMU en-na-sú-en₆ a-bi-i a na-ru-qí-im i-dí-nu 0.33333 ma-na 4 GÍN KÙ.BABBAR qá-sú ša sú-e-a a-ḫi-a i-a-tí i-za-za-am ṭup-pu-šu ḫa-ar-ma-am ú-kà-al a-na-kam lá li-bi₄ i-li-e-ma a-šur-ma-lik me-et 4 ma-na KÙ.GI a-na us-ma-a ip-qí-id-ma a-na ší-a-ma-tim a-na a-lim{ki} ú-bi-il₅ a-ma-kam šu-ma KÙ.GI um-mì-a-nu i-zu-zu-ú a-na 0.66666 ma-na 8 GÍN KÙ.GI a-na qá-tí-a ú qá-tí sú-e-a a-ḫi-a zu-za-a a-ḫu-ú-a a-tù-nu ú-za-an ša ki-ma a-ḫi-a pí-té-a ki-ma KÙ.GI i-a-tí i-za-za-ni,"\nTell Pilahaya, Agiya and Aššur-nasir: thus (speak)\nAššur-mutappil.\n4-15Of the 4 gold mines that my father handed over to Ennum-Aššur, son of Enna-Sîn, in contract-naruqqum,\nmine 8 shekels of gold (correspond to) Sue'a's share, 3 mina\n8 shekels of gold (correspond to) Ikuppasa's share; These two\nparts belong to me. I hold their sealed tablet.\n16-17As for your shares345 (with which)\nI made purchases, I hold (them).\n18-25Of 2 gold mines that my father handed over to Aššur-\nmalik, son of Enna-Sin, in contract-naruqqum, s mine 4 shekels\nof silver (corresponding to) the share of Sue'a, my brother,\nbelongs to me; I hold his sealed tablet.\ns-38Alas, Aššur-malik died here. (Gold) he had entrusted 4 gold mines to Usmaya, and (he) brought them to the City (of Aššur) for purchases. There, if the donors share the gold, share for a value of 3 mines 8 shekels of gold for my part, and for the share of Sue'a,\nmy brother. You (are) my brothers, inform my brother's representative that the gold belongs to me!\n344. L. 6: a-bi4-i: a-na-ru-qs-kâ (SU).\n345. L. 16: his a?-na? : qâ-t(-ku-nu.","AKT 1, 11",240,letter
eee6ec23-52e9-42d1-867a-561dc308b262,a-na ša ki-ma i-a-tí qí-bi-ma um-ma {d}EN.LÍL-ba-ni-ma mì-šu ša ta-áš-pu-ra-ni-ni um-ma a-tù-nu-ma ṭup-pá-am ḫa-ar-ma-am i-na É kà-ri-im né-mu-ur-ma 6 GÚ 2.5 ma-na AN.NA i-na ṭup-pí-im ḫa-ar-mì-im ša kà-ri-im lá-pí-it i-nu-mì ṭup-pá-am ta-aḫ-ri-ma-ni-ni iš-tù tí-mì-il₅-ki-a a-ḫe-e a-na kà-ni-iš ú-ta-e-ra-ma AN.NA-ki ú TÚG.ḪI-a qá-tám a-na KÙ.BABBAR ú-ta-e-ru-ma iš-tù 3 ma-na.TA mu-ṭá-e 2 ma-na.TA ni-is-ḫa-tim ú-ṣa-ḫi-ru-ni-ni ṭup-pá-am za-ku-am ša AN.NA-ki-a ù TÚG.ḪI-a ša 1 GÚ 7.33333 ma-na 0.33333 GÍN KÙ.BABBAR ṭup-pá-am za-ku-am ta-aḫ-ri-ma-nim ú na-áš-pè-er-ták-nu za-ku-tám a-ḫe-e a-na tí-mì-il₅-ki-a ub-lam-ma na-áš-pè-er-ták-nu ú-kà-al ša ki-ma i re-eš₁₅ ṭup-pì-im ḫa-ra-mì-im 3 ma-na.TA mu-ṭá-e 2 ma-na.TA ni-is-ḫa-tim ú-ṣa-ḫe-ru-ni-ni <gap> u₄-ma-am ta-ša-pá-ra-nim um-ma a-tù-nu-ma 5 ma-na.TA mu-ṭá-e ù ni-is-ḫa-tim É kà-ri-im ú-ṣa-ḫi-ru-ni-a-tí-ma 5 GÚ 28.66666 ma-na AN.NA nu-šé-ṣí-am i-nu-mì ṭup-pá-am ta-aḫ-ri-ma-ni-ni 5 ma-na.TA ú-ṣa-ḫi-ru-nim u₄-ma-am i šé-ep AN.NA 5 ma-na.TA uš-ta-áš-ni-ú-ma ú-ṣa-ḫi-ru-nim a-ba-ú-a be-lu-a a-tù-nu a-ma-kam kà-ra-am mu-ùḫ-ra-ma pu-ku-nu pí-té-a-ma ki-ma i re-eš₁₅ ṭup-pì-im na-al-pu-tim mu-ṭá-e ù ni-is-ḫa-tim ú-ṣa-ḫi-ru-ni-ni ší-tí AN.NA-ki-a er-ša-ma ku-un-kà-ma a nu-ur-ki-li dí-na-ma lu-ub-lam a-ba-ú-a a-tù-nu i KÙ.BABBAR-pì-im šál-ša-tim ší-im TÚG.ḪI-a wa-áš-bu-um ú lá-šu-um ú qá-dí lá-šu-im KÙ.BABBAR šál-ša-tim qá-ta-tí-šu-nu il₅-qé-ú ú a-na-ku a-ší-ra-am lá i-šu-ma i-na KÙ.BABBAR-pì-a ra-pu-da-ku iḫ-da-ma KÙ.BABBAR šál-ša-tí-a li-qé-a-nim a-ba-ú-a be-lu-a a-tù-nu lá a-ša-ki-iš ú a-na-ku a té-er-tí-ku-nu a-na-ḫi-id,"\nTell my representatives: thus (speak) Enlil-bâni.\n3—$Why did you write to me this: “We saw\na tablet certified at the kdrum office, and 6 talents 2\nmines of tin are recorded on the certified tablet of the\nkdrum.\n8-24When you certified the tablet, Ahè had\nbrought it from Timilkiya to Kaniš, and ordinary fabrics and tin had been sold for money. After they had deducted from me 3 mines (weights) less from each (talent) and 2 mines as an entry fee from each (talent), a tablet bearing the correct amount (of the amount) of my tin and my fabrics (corresponded to) 1 talent 7 s mines and i shekel of silver; you have certified the corrected document,\net Ahè brought me your final document in Timilkiya, and\nI hold this document to the effect that at the time of certifying\nthe tablet, they deducted from me 3 mines (weights) less on\each (talent) and 2 mines as entry fees on\neach (talent).\n25-28 (Here) today, you write to me this: “ They deducted from us 5 mines of deficit and entry fees on each (talent) at the kdrum office, and we got 5 talents 28 s tin mines. »\n29-38When you certified the tablet, they had\ndeducted 5 mines from each (talent), and today, on the\ntransportation of tin, they again deducted 5 mines from\neach (talent). You (are) my fathers and my masters, over there, contact the kdrum and clarify that they deducted the deficits and entry fees from me, while the tablet was registered. Claim the rest of my tin, seal it, and give it to Nur-ki-ili to bring to me. 39-46 You (are) my fathers. Out of the money, the profits (realized on) the price of the fabrics, - both those present and those absent -, including the shares of the absentees, they obtained for their shares their thirds in money. But as I\nhave no help, I struggle for my money, so be sure to take my third of the pr",KUG 34,241,letter
8b5b76d4-1bcf-7230-ea70-3d55b691656d,a-na šu-ḫu-bur qí-bi-ma um-ma pu-šu-ke-en₆-ma ta-áš-pu-ra-am um-ma a-ta-ma ša i-ku-nim šé-li a-wi-lúm a-na šál-ša-tí-šu lá kà-ší-id KÙ.KI lu a-ta lu É a-bi-kà ma-lá ad-ma-tù-nu-ni BI-ŠA-AM-ma ṭup-pá-kà lá-aṣ-ba-at-ma ma-lá a-le-e-ú lá-al-qé a-šu-mì AN.NA bi₄-il₅-tim ù 4 TÚG KÙ.BABBAR-áp-šu aṣ-ba-at-ma nu-šé-ší-ib-ma a-na 1 GÚ 3 ma-na AN.NA 7 GÍN.TA 9 ma-na KÙ.BI ša 4 TÚG.ḪI.A 15 GÍN.TA 1 ma-na ŠU.NÍGIN 10 ma-na KÙ.BABBAR ŠÀ.BA 8 ma-na al-qé 2 ma-na i-na tù-a-ri-šu iš-tù za-al-pá i-ša-qá-lam i-na 5 ma-na KÙ.BABBAR <gap> ma-na KÙ.BABBAR a ša ki-ma lá-li-im ú-ta-e-er ta-áš-pu-ra-am um-ma a-ta-ma ša 1 ma-na KÙ.KI a-na en-na-a-šùr e-bi-ik a-ṣé-er 1 ma-na-im ša a-ma-kam ta-dí-nu-šu-ni ù 0.66666 ma-na 5 GÍN KÙ.BABBAR ù 5 ma-na-e AN.NA ša li-bi-šu 1.66666 ma-na KÙ.BABBAR i-na ša lá-li-im ša al-qé-ú ù 0.33333 ma-na KÙ.BABBAR i-na KÙ.BABBAR-pì-kà ú-ra-dí-ma 2 ma-na KÙ.BABBAR a-dí-šum-ma 4 ma-na LÁ 15 GÍN KÙ.BABBAR ša 1 ma-na KÙ.KI ú-pì-iq-šum ší-tí KÙ.BABBAR-pì-kà 6 ma-na KÙ.BABBAR dan-a-šùr na-áš-a-kum a-šu-mì i-ku-nim té-er-ta-kà iš-tí a-li-ki-im pá-nim-ma li-li-kà-ma ma-lá ú-šé-lu-ú i šé-pì-a,"\nTell Su-IIubur: thus (speak) Pnsu-kén.\n2-8You wrote this to me: “Realize (the profits) of Iku-\nnum. » The man has not reached a (sufficient) amount\nfor his third party. Prove to me (by showing me the tablet)\nthe amount of gold that you or your father's firm have invested so that, with your tablet in hand, I can recover\nas much as possible.\n9-1 Concerning the talent of tin and the 4 fabrics, I seized\nhis money and we sat down (the witnesses). For 1\ntalent 3 mines of tin at the rate of 7 shekels (of tin for a\nsicle of silver) — or 9 mines, (amount of) my money —\nand as for the 4 fabrics at the rate of 15 shekels each\n— that is to say one mine—, in total, 10 mines of silver, on that,\nI took 8 mines. He will pay me the other two mines when he\nreturns from Zalpa. Of the [x+]5 silver mines, I returned [x]\nmines to the representatives of Lälum.\n20-33You wrote to me: “For (an amount of) 1 gold mine, send (money) to Enna-Asšur! » In addition to the mina that you gave him there, 3 mina 5 shekels of silver [of the] 6 mina of tin that he owes me, I added 1 3 mina of silver that I took from that of Lalum, as well as mina of silver from your silver, I (therefore) gave 2 mina of silver, and I sent him 4 mina 25 shekels of silver on the\ngold mine. Dân-Aššur brings you the rest of your money, i.e.\n6 silver mines.\n34-36 Concerning Iku]num, let your instructions [reach me] through the next[n] traveler, and I will bring you\nin my transport everything that I can achieve347.\n\n347. L. 34-38: a-su-[mi I-ku]-nim té-er-ta-/kà, is-[ti a-li-ki-\nim pa]-nim-ma [li-li kà]-ma: ma la -sé-lu-~ i sé pà a, * la-[sf-\na]-kum.","CCT 4, 9a",243,letter
fe5ff12d-8e8e-44db-93e8-a32d3ed0582a,um-ma šu-ḫu-bu-ur-ma a-na pu-šu-ke-en₆ qí-bi-ma a-šu-mì i-ku-nim ša ta-áš-pu-ra-ni a-na-kam a-šu-mì šál-ša-tí-šu i ma-tí-im ra-bi-ṣa-am a-ḫa-az-ma iš-tí wa-ar-ki-ú-tim a-ša-pá-ra-kum KÙ.BABBAR ša tù-šé-bi-lá-ni ki-ma AN.NA ša-du-ú-ni AN.NA ú-lá ni-iš-ta-a-am ša KÙ.BABBAR-pí TÚG.ḪI.A ni-ša-a-ma iš-tí pá-ni-ú-tim-ma a-ṭá-ra-da-kum AN.NA 10 ma-na ša e-li-a-ku-ni i-ṣé-er AN.NA-ki-kà ri-bi-iṣ AN.NA wa-ar-kà-tám ú-lá i-šu a-šu-mì ša DUMU qá-a-tim mì-šu-um a-ni-um ša mì-ma-ša-ma lá ta-áš-pu-ra-nim a-wi-lúm e-mu-qá-tám e-ta-wu a-ša-me-ma KÙ.BABBAR 30 ma-na a-na a-šùr-UTU-ši a-ḫi-šu ḫa-bu-ul-ma ṭup-pu-šu ḫa-ar-mu-um a-ma-kam i-ba-ší ša-i-il₅-ma té-er-ta-kà za-ku-tum li-li-kam,"\nThus (speaks) S'u-Hubur: tell Pûsu-kèn.\n3-9 Concerning Ikunum about which you wrote to me\nhere, as for its third party, I will make a contract with an attorney\nin the country, and I will send it to you by a later (convoy).\n9-16 (Regarding) the money that you sent me,\nas the tin is out of stock of supplies, we have nowhere been able to buy tin, (but) with the money, we are going to buy fabrics and I will send (them) to you by the next (caravan). there will be no more tin afterwards!\n22-32About the son of Qayydtum, how come you haven't written me anything? The man speaks with violence!\nI learn that he owes 30 silver mines to Aššur-Samsi, his\nbrother, and that his certified tablet is there. Question him and let your detailed report reach me.\n","CCT 6, 47c",244,letter
a448c4e8-e8e7-df43-b793-375583361a94,um-ma šu-ḫu-bur-ma a-na pu-šu-ke-en₆ qí-bi-ma ta-áš-pu-ra-am um-ma a-ta-ma 2 ma-na.TA KÙ.BABBAR a-na 1 ma-na-em KÙ.GI um-mì-a-nu i-ku-nim <big_gap><big_gap> a-na KÙ.GI-šu-nu ú-šé-li-ú šu-ma ta-na-ṭá-al-ma i-na 2 ma-na.TA wa-at-ra-am 3 ma-na.TA i-da-na-kum nam-ge₅-er šu-ma i-na 2 ma-na.TA wa-at-ra-am lá iḫ-ta-lá-qum šu-up-ra-ma a-na-kam ša-al-ša-tí-šu le-mu-sú-ma KÙ.BABBAR-pí i-na a-lim{ki} ar-ku-ús a-šu-mì AN.NA 1 GÚ-tim ša a-na la-li-im i-na ḫa-ḫi-im a-šùr-ma-lik ù ir-ma-a-šùr i-dí-nu-ni a-dí ma-lá ù šé-ni-šu áš-pu-ra-kum um-ma a-na-ku-ma a-na-kam É lá-li-im KÙ.BABBAR e-ri-iš-ma um-ma šu-nu-ma a-šar AN.NA ta-dí-nu-šu-ni šu-pu-ur-ma áš-ra-kam-ma KÙ.BABBAR-áp-kà li-qé KÙ.BABBAR-áp lá-li-im i-na GÁN-lim lá i-ba-ší a-pu-tum i-ḫi-id-ma a-šùr-ma-lik ù ir-ma-a-šùr ší-bu-ú-a ša AN.NA ip-qí-du-ni a-ma-kam a-na ša ki-ma lá-li-im šé-li-šu-nu a-li KÙ.BABBAR 1 GÍN i-ba-ší-ú ša-áš-qí-il₅-ma KÙ.BABBAR-pí lá i-ḫa-liq 15 ma-na AN.NA ik-ri-bu ša a-šùr a-na li-bi šu-uq-lim ša i-ku-nim a-dí ša-áš-qí-il₅,"\nThus (speaks) Su-Hubur: tell Pusu-kén.\n3-18You wrote to me thus: “The backers of Iku-\nnum have made for (their investments) in gold each\n2 silver mines for each gold mine. » If you find\nthat he is willing to give you more than 2 mines, for example\n3 mines, (of silver) for each (mine of gold), then reach an agreement (with him). If he does not offer you more than 2 mines(of silver) for each (mine of gold), write to me so that I can bind him here by contract to make him pay his third to the City(of Asšur).\n19-31 Concerning the talent of tin that Assur-malik and\nIrma-AšSur gave to Lâlum in Hahhum, I have written to you\nthus to several repeated as follows: “Here (in Asšur), I demanded","VS 26, 65",246,letter
1a50b3fc-f32e-1210-f310-bb1d05271785,um-ma ḫi-na-a-ma a-na pu-šu-ke-en₆ qí-bi₄-ma a-šu-mì ša DUMU lá-qé-ep ša ta-áš-pu-ra-ni-ni a-na-kam um-mì-a-nu lá-qé-ep KÙ.BABBAR-áp-šu-nu il₅-ta-qé-ú té-er-ta-kà a-ṣé-er a-mur-IŠTAR IŠTAR-pì-lá-aḫ ù ku-ni-lim li-li-ik-ma mì-ma lá i-du-nu-šum ù šu-ma mì-ma ku-ni-lúm a-ma-kam i-dí-šum ṭup-pu-šu lu-da-ni-in-ma a-na-kam i-na ki-iš-da-tí-šu KÙ.BABBAR lá-al-qé i-ḫi-id-ma ki-ma ṭup-pì ta-áš-me-ú té-er-ta-kà li-li-ik URUDU ni-il₅-qé-ma a-na e-ra-áb ku-lu-ma-a a-na KÙ.BABBAR pá-ni ni-dí-in a ma-lá té-er-tí-kà né-pá-áš-ma ṣú-ḫa-ri-kà ni-ṭá-ra-dam 5 {TÚG}lu-bu-ší pá-ṣí-ú-tim DUMU da-nu-ì-lí ub-lá-kum,"\nThus (speak) Hinnâya: tell Pušu-ken.\n3-19 Concerning the son of Laqep(um) about whom you\nwrote to me, here, the donors of Laqep(um) took\ntheir money. Let your instructions go to Amur-Ištar,\nIstar-pilah and Kuzallum so that they give him nothing. And if Kuzallum gave him anything there, let him validate his tablets so that here I can take the money from his possessions. Make sure your instructions go out as soon as you read my tablet. 19-27 We took copper and we promised money for Kulumaya's arrival. We will act as instructed and send your servants. The son of\nDannu(m)-ili brings you 3 fabrics for white clothes.\nNOTE:\nLaqepum is undoubtedly deceased, and his son cannot receive an inheritance until the bankers of the deceased have\nrecovered their capital.\n","CCT 2, 28",249,letter
c3fcbe71-c447-0be2-a9a6-77f92a661a1a,a-na PUZUR₄-ì-lí i-dí-ku-bi-im i-na-aḫ-DINGIR ḫa-nu-nu a-ta-a-a sà-ak-li-a a-sá-num ib-ni-DINGIR ù a-mur-{d}UTU-ši qí-bi-ma um-ma bu-za-zu-ma i-na {d}UTU-ši sà-ak-li-a e-ra-ba-ni ṭup-pá-am ša a-lim{ki} kà-ra-am ša-áš-me-a-ma 3 a-ḫi-ú-tim ṣa-áb-ta-ma a-na É a-bi₄-a a-na É-tim lá-bi-ri-im er-ba-ma ḫu-ur-ša-am ša a-šùr-mu-ta-bi₄-il₅ ku-nu-ki ša ša-zu-za-tí-šu pì-té-a-ma ku-nu-ki-šu-nu šu-ur-ma-ma 3-tum-ma li-ik-nu-ku a-na šál-ší-šu ta-ma-lá-ku ṭup-pu-ú ša pu-šu-ke-en₆ a-bi₄-ni ṭup-pì šu-nu-tí pì-té-a-ma ba-ri-a-ma ṭup-pu-um ša 40 ma-na KÙ.BABBAR ša na-ru-qí-šu ša i-ku-pì-a DUMU a-ta-a-a 1 ša-num ṭup-pu-um ša 30 ma-na KÙ.BABBAR ša na-ru-uq e-na-sú-en₆ DUMU a-ta-a-a 1 DUB ša 5 ma-na KÙ.BABBAR ša ḫu-bu-ul en-um-a-šùr DUMU a-ta-a-a 1 ša 5 ma-na KÙ.BABBAR ša ḫu-bu-ul PUZUR₄.SA.TU DUMU 0.5 1 DUB ša 4.66666 ma-na KÙ.BABBAR ša ḫu-bu-ul na-bi₄-sú-en₆ DUMU {d}AB-ba-ni mì-ma ṭup-pè a-ni-ú-tim me-ḫe-er-šu-nu <gap>-<gap> <big_gap> <gap>-<gap> <big_gap> qá-ti <gap> <big_gap> <gap>-a pì-iq-da-ma lu-ub-lam gi-mì-lam ša a-dí ba-lá-ṭim i-ṣé-ri-a šu-uk-na e-na-a-šùr a-na ṭá-ra-dim a-zi-iz-ma ak-ta-lá-šu na-áš-pá-ra-tí-a <big_gap> <gap>-me-a-ma a ma-lá na-áš-pá-ra-tí-a <big_gap>,"\nSay to Puzur-ili, Iddin Kubi, Irrah-ill, Hanunu, Ataya,\nSakliya, Asânum, Ibni-Adad and Amur-ili: thus (speak)\nBuzäzu.","TC 3, 99",248,letter
6d3168f3-99ba-46a2-865f-3e60fd30e30a,um-ma a-šur-i-dí-ma a-na a-šur-na-da qí-bi₄-ma 3.6666600000000003 ma-na KÙ.BABBAR <gap> te₉-zi-ba-am 1 ma-na 0.5 GÍN KÙ.BABBAR ša šu-IŠTAR 2 ma-na LÁ 0.5 GÍN KÙ.BABBAR {d}IŠTAR-pì-lá-aḫ tù-šé-bi₄-lam 1.3333300000000001 ma-na KÙ.BABBAR ṣa-ru-pá-am dan-a-šur ub-lam ŠU.NÍGIN 8 ma-na ŠÀ.BA lu-qú-ut 2 ma-na 16.66666 GÍN LÁ 7.5 ŠE a-šur-na-da DUMU ir-nu-it ú-šé-ṣí-a-kum 2.25 GÍN ig-ri sá-ri-dim a-ḫa-ma a-dí-šu-um 16.5 GÍN KÙ.BABBAR a-na šu-sú-en₆ 4.5 GÍN a-na áš-qú-dí-a a-dí-šu-nu-tí ra-ku-sú <gap> šu-ma i-na li-bi₄-kà lá i-šu-ú 16 GÍN.TA AN.NA i-na-pu-lu-ni-kum ù iš-tí a-šur-SIPA ma-lá ta-ší-ta-ni 16 GÍN AN.NA ra-ku-us ṣa-ba-sú-ma ša-áš-qí-il₅-šu iš-tù ší-im URUDU ù 1 GÍN 15 ŠE KÙ.BABBAR ša i-na li-bi₄-šu tí-šu-ú ša-qú-lu 0.33333 ma-na 3 GÍN 22.5 ŠE KÙ.BABBAR a-na a-šur-SIPA a-pu-ul 0.33333 ma-na KÙ.BABBAR ší-im ANŠE a-na ú-ṣú-ur-ša-a-šur áš-qúl 5 ma-na ḫu-ša-e i ša-am-ší tù-uṣ-ú ta-al-qé KÙ.BABBAR-áp-šu-nu 4 GÍN 0.5 GÍN 15 ŠE wa-ṣí-tum ta-áš-pu-ra-ma ú-ṣí-ib 5.5 ma-na KÙ.BABBAR ša šé-ep en-am-a-šur 3 GÍN i sá-nu-qí-im im-ṭí-ma am-ší-ma i ni-kà-sí lá áš-ku-na-kum 2 UDU ša DUMU pè-da-a 5.5 ma-na 1 UDU 1.8333300000000001 ma-na ša i-dí-lim 1 UDU 3 ma-na 1 UDU 2.5 ma-na 5 GÍN 1 UDU 2 ma-na 10 GÍN ša a-šur-SIPA 1 UDU 2.33333 ma-na ša zu-a 1 UDU 2.6666600000000003 ma-na ša tù-lí-a 1 UDU 3.33333 ma-na ša DUMU tù-lí-a-ma GAL 1 TÚG 8.66666 ma-na ša a-šur-DU₁₀ ta-am-ší-ma áš-qúl ŠU.NÍGIN URUDU 32 ma-na LÁ 5 GÍN KÙ.BABBAR-áp-šu-nu 0.33333 ma-na LÁ 0.83333 GÍN a ší-im TÚG-tim ù UDU.ḪI.A ša ta-am-ší-ú áš-qúl 1-<gap> GÍN iš-tù ša-du-a-at KÙ.BABBAR-pì-kà ša šé-ep be-lí-a-lim ù DUMU ku-um-ri-im a-pu-ul 3 LÁ 0.25 GÍN KÙ.BABBAR iš-tù ša-du-ú-tum gám-ra-at-ni a-na IŠTAR-pì-lá-aḫ ù DUMU ir-nu-it a-pu-ul 1 ma-na KÙ.BABBAR a-ší-im 2 GU₄.ḪI.A ù ú-ṭí-tim a-na me-er-e ša-ku-li-im ag-mu-ur ší-tí KÙ.BABBAR-pì-kà 3 ma-na 0.66666 GÍN i-na li-bi₄ 5 ma-na 1 GÍN KÙ.BABBAR lu-qú-tim ša šé-ep en-nam-be-lim ú-ṣa-ḫe-er ší-tí KÙ.BABBAR-pì-a 2 ma-na 0.33333 GÍN i-na pá-né-e-ma šé-bi₄-lam li-ba-kà lá tù-lá-ma-an a-na a-wi-li aḫ-ša-aḫ-ma al-qé,"\nThus (speak) Aššur-idi: tell Aššur-nâda.\n3-129 left me 3 3 silver mines. 1 mine 2 shekel\nsilver (comes) from Sü-Ištar. You sent me 1 mina\n59 2 shekels of silver (by) Ištar-pilah. Dan-Aššur brought me 1 min of fine silver. In total, (there are) 8 mines.\nOf this amount, Aššur-nâda, son of Irnuid, sent for you merchandise amounting to 2 mines 16 shekels\n112 2 grains; I also gave him the salary of the donkey driver (namely) 2 4 shekels.\n13-2016 2 shekels of silver to SU-Sin, 4 2 shekels to As-\nqudiya, I gave them to them, they have the obligation to pay.\n:If they have nothing in your account, they will have to make you a compensatory payment of 16 shekels of tin per (silver shekel). Likewise, for everything you left me left over with Aššur-ré'i, he is obliged to pay 16 shekels of tin<per (shekel of silver)>, seize it and make him pay it.\n21-27Once the price of the copper as well as the shekel\nand the 15 grains of silver that he owed you have been paid, I\nrepaid to Aššur-ré'i 23 shekels 22 2 grains of silver (and)\nI paid 3 mina of silver, the price of the donkey to Usur-ša-Aššur.\n28-34The day you left, you took 5 mina of scrap (of metal), their price (amounts) to 4 shekels; the export tax at 2 shekel 15 grains. You wrote to me about this and\nI added it. 5 2 silver mines from the Ennum-Aššur transport; 3 shekels of silver were missing when it was checked, and I forgot to charge them to you at the time (of the balance) of the accounts. 35-422 sheep from the son of Pedâya: 5 2 mines (of copper), 1 sheep: 1 s mine, from Iddin-(i)lim, 1 sheep: 3 mines, 1 sheep: 2 3 mines 5 shekels, 1 sheep: 2 mina 10 shekels from Aššur-ré['i], 1 sheep: 2 3 mina from Zua, 1 sheep: 2 mina from Tuliya, 1 sheep: 3 3 mina from the eldest son of the same Tuliya. You forgot 1 cloth, or 8 3 mines, from Aššur-tab, and I paid for it. In total (that's it)",KUG 27,252,letter
033a163a-4b61-58d2-c916-d47a41212305,um-ma a-šùr-i-dí-ma a-na a-šùr-na-da qí-bi₄-ma ta-li-kam-ma a-dí 5-ší-šu ù šé-ší-šu tù-pá-šé-er ù kà-ki ša a-šùr ù a-šu-ri-tim im-ḫu-ṣú-kà-ma ù tù-pá-šé-er um-ma a-ta-ma i-na ṣé-ri-šu le-mu-ru ša a-wa-at ì-lí a-na ša ta-ni-iš-tim i-ša-ku-nu a-dí-ni lá tù-ṣí ṣú-ḫu-ur-kà a-na ú-ri-im kà-šu-ud tù-lá-kà i-a-tí ta-áš-ḫu-ut-ma ú i-na ri-im ṣú-ùḫ-ri-ma a-zu-áb a-šùr ù a-šu-ri-tum uš-ta-na-ú-du-kà um-ma šu-nu-ma lá-am-na-tim i-na li-bi₄-šu e-ta-wu li-bu-šu lá iš-ru-ni-ku-um qá-sú na-ba-al-ku-ta-at kà-lá a-wa-tim ša ì-lí e-ta-wu-ni-ku-um a-wa-tim ša be-tí-ni a-dí a-sú-ri-ma ta-am-tí-ší um-ma DINGIR-lu-ma a-wa-tí-ni ú-lá im-tù-a a-pu-tum a-wa-at ì-lí ú-ṣú-ur šu-ma lá ta-ṣú-ur ta-ḫa-li-iq i-na pá-ni-tim lu-mu-un li-bi₄-a ma-ad ù li-ba-kà i-de₈ um-ma a-na-ku-ma ù-um-šu-ma ṣa-ḫe-er ù a-wa-at ì-lí iš-té-me li-ba-kà lá ú-la-mì-in,"\nThus (speak) Asšur-idi: tell Asšur-nâ,dd.\n3-11You came, and five or six times you broke\n(your word given to the gods)! Then the weapons of Agšur and\nAssuritum have struck you, because you have broken (your word). You\n(had however said) this: “Let us point the finger at the one\n(who has enough disregard) for divine words to consider them as (simple) human wordsb! »\n11-17You haven't left yet! You (want) to use your child to reach (...)c. You were afraid of me because\nI languish out of compassion for (this) same child!\n17-22Asšur and Assuritum never cease to warn you by\nproclaiming: “He dispenses evil in his heart!\nHe is not just towards you, he has committed a crime! »\n23 1 Of all the orders that the gods have given you, you\nhave clearly forgotten the words concerning our family!\nIndeed the gods (said) this: ""He refuses to hear our","TC 3, 93",253,letter
e9d363f4-174f-80fe-3768-b4e16a2f5bba,um-ma a-šùr-i-dí-ma a-na a-šùr-na-da qí-bi-ma mì-šu ša ta-áš-pu-ra-ni um-ma a-ta-ma i-na KÙ.BABBAR-kà ni-kà-sí-a a-ša-qal pá-kà ta-dí-nam pá-i ú-la a-dí-na-kum ù tù-sà-li-a-ma IGI a-šùr-ka-ší-id 20 {TÚG}ku-ta-ni a-qí-ša-kum iš-tù a-wa-tù-ni gám-ra-ni lu i-ší-im TÚG.ḪI-tí lu i-ší-im ANŠE.ḪI.A KÙ.BABBAR pá-ni-a-ma 10 ma-na šé-bi-lá-ma 2 GÚ AN.NA la-áš-a-ma lu-šé-bi-la-ku-ma né-ma-al-šu a-ku-kúl mì-ma i-na KÙ.BABBAR-pì-a la ta-kál li-ba-kà i-zi-iz li-ba-kà la ta-za-az me-ra-kà ú-ra-bi-ma um-ma šu-ut-ma lá a-bi a-ta it-bi-a-ma i-tal-kam ù me-er-ú-wa-tí-kà ù-ra-bi-ma um-ma ší-na-ma la a-bu-ni a-ta i-na ša-al-ší-ma u₄-mì-im it-bi-a-ma i-tal-kà-ku-ma tí-ir-ta-kà lu i-de₈,"\nThus (speak) Asssur-idi: tell Asssur-nâ,dâ,.\n3—'°Why did you write me this: “You promised me\nthat I could pay (the balance of) my accounts with your\nmoney! » I did not promise you, but you begged me, and I offered you 20 kutânum cloths in front of Asssur-kasid.\n""-23Since our deal has been concluded, send me the money quickly, either on the price of the cloths, or on the price of the donkeys, (for a total) of 10 mina. I will buy 2 talents of tin and I will send them to you; you must not spend any of my money. Do as you wish or not.\n24-33 I raised your son, but he (said) this to me: “You are not my father!”","CCT 3, 6b",254,letter
f49dcb4a-246f-a124-1b49-baf06a276bc8,um-ma a-šùr-i-dì-ma a-na a-šùr-na-da qí-bi-ma 10 ma-na KÙ.BABBAR tù-šé-bi-lam ŠÀ.BA 2 GÚ 10 ma-na ku-nu-ku 16.5 GÍN.TA KÙ.BABBAR-pí-šu 7.83333 ma-na 2.6666600000000003 GÍN 4 TÚG šu-ru-tum 5 {TÚG}ku-ta-nu 0.5 ma-na KÙ.BABBAR it-bu-lu 7 GÍN i-na ma-sà-i-im im-tì 17 GÍN KÙ.BABBAR ší-im 1 ANŠE 5 GÍN ú-nu-sú 0.33333 ma-na KÙ.BABBAR ší-im 2 TÚG šu-ru-en ša a-šùr-ta-ak-lá-ku e-BA.ZI-ku-ni um-ma a-ta-ma i-na 1.3333300000000001 ma-na KÙ.BABBAR ša en-na-be-lúm na-áš-ú-ni le-qé KÙ.BABBAR ú-la al-qé i-na KÙ.BABBAR a-nim al-qé 12 ma-na 5 GÍN AN.NA-ak qá-tim 15 GÍN.TA 0.66666 ma-na 8.33333 GÍN KÙ.BABBAR-pí-šu mì-ma a-nim a-šùr-ta-ak-la-ku i-ra-dì-a-kum gám-ra-kum,"\nThus (speak) Assur-idi: tell Asšur-nâda.\n3-25You sent me 10 silver mines. Thereupon, 2 ta-\nlent 10 mines of tin sealed at a rate of 16 â shekels\n(of tin) for one (silver shekel), its price in silver (amounts\nto) 7 mines 52 3 shekels; 4 fabrics-širnm (and) 5 fabrics-\nkutânv,m cost â mi[ne] silver; 7 centuries were missing\nwhen washing the argenta. [17 shekels of silver], price [of a donkey], 5 shekels: the export tax, s min[ine] of silver: price of 2 cloths-š]v,rnm that Aššur-takl .ku left for you - you (told me) this: “Take (it) from 1 s mina of silver that Ennu(m)-Bélum brought. » But (as) I hadn't taken the money, I took it from this money. 12 mines\n5 shekels of tin for current expenses at a rate of\n15 shekels (of tin) to one (shekel of silver), its price in silver (amounts to) 48 s shekels.\n26-28Ašur-taklâ,ku leads you all this. (All of this\nwas) spent on you.\n377. See for example the letter published by V. DONBAZ,\nÇiviyazala Belgeler. Cuneiform Texts in the Sadberk Hamm Mu-\nseum, Istanbul, 1999, n°19, where he orders his eldest son to repay two debts.\n378. For this file, see section 5.3. of the chapter devoted to commercial associations, especially p. 321 and 345.","CCT 3, 5a",255,letter
d54d6fb9-bd08-d1d0-8058-f376f9098c5b,um-ma a-šur-i-dí-ma a-na a-šur-na-da qí-bi-ma 1 GÚ AN.NA ša a-lá-ḫi-im šu-a-šur li-dí-na-ku-ma 10 ma-na KÙ.BABBAR ṣa-ru-pá-am a-na e-tí-šu šu-qú-ul-šum ku-nu-ki ša a-lim{ki} 2 šu-uq-le-en₆ li-dí-a-ku-ma ìš-té-et ú-sú-uq,"\nThus (speak) Aššur-idi: tell Aššur-nâdâ.\n4-15Let Su-Aššur give you 1 talent of tin coming from Alâhum and pay him at the appropriate time for him\n10 mines of fine silver. Let him give you 2 packages (with) the\n_seal of the City (of Aur), and choose one of them.\n","TC 1, 8",258,letter
dce8df93-a002-6cb0-2b78-44957c06b3c0,a-na a-šùr-i-dí qí-bi-ma um-ma a-šùr-na-da-ma a-bi₄ a-ta be-li a-ta-ma 1 ma-na KÙ.BABBAR ša kur-ub-IŠTAR ub-lá-ku-ni ù mì-ma lu-qú-tim ša ì-lí-a-lúm ú-šé-bi₄-lá-ku-ni i-na pá-ni-im-ma áb-kà-ma lu-qú-tum a-na ba-ra-im li-ik-šu-da-ma i-na ḫa-ra-nim lá-am-ḫu-ur-ší-ma a-na-kam li-ší-me-ma be-el qí-ip-tí-a ba-áb ḫa-ra-ni-a ša qá-ta-tim lá e-ri-ší-ma lá a-ba-áš šu-ma lu-qú-tum lá uṣ-a-ma a-na-kam lá i-šé-me ma-nu-um ša a-na ma-li-šu KÙ.BABBAR qá-ta-tí-a il₅-ta-pu-tù um-ma šu-nu-ma a-na ṣé-er a-bi₄-kà ta-lá-ak a-bu-um ki-i šu-mì-šu <big_gap> lu i-de₈ ma-num dam-qá-ni-ku-um a-na KÙ.BABBAR ma-aḫ-ri-kà na-dí-ma a-na-kam TÚG.ḪI.A a-na qá-tí-kà ù qá-tí-a KÙ.BABBAR ú-ša-qal-ma ke-na ak-ki-tim áš-ta-na ba am ma-am ù da-tám ki-a-ma ú-ša-qal šu-ma ku-a-am lá tù-šé-ba-lam₅ KÙ.BABBAR ša qí-ip-tí-a ù na-ak-ra-am ša a-šùr-ta-ak-lá-ku ú-šé-bi₄-lá-ku-ni lu-qú-tám za-ki-a-ma áb-kà-ma a-na-kam li-šé-me-ma ba-áb ḫa-ra-ni-a be-el qí-ip-tí-a lá i kà-le-e-ma lá a-ḫa-li-iq,"\nSay to Aššur-idi: thus (speak) Aššur-nâdâ.\n3-21 You (are) my father, you (are) my master. (Related) to the silver mine that Kurub-Ištar brought you and\nall the merchandise that Ill-aLUM sent you, send (all\nthat) by the next (caravan) so that the merchandise\njoins me to be put on the market. I want to receive it during the trip so that it is known here and that the owner of the goods entrusted to me does not ask me for a guarantor when I leave, and thus I will not be humiliated. If the goods are not (yet) sold here, this must not be known, (because) who then would be ready to register as my guarantor for the entire money? 22-32 I would then say this: “Go to your father! (But) who knows if the father is as good as his reputation says? » (In fact) things are going well for you! You have","CCT 3, 8b",260,letter
239c65a5-18c3-8042-ef72-8412a1fcc899,um-ma a-šùr-i-dí-ma a-na a-šur-na-da qí-bi-ma ša-am-ša-am ša 15 GÍN KÙ.GI a-na {d}NIN.ŠUBUR ḫa-bu-lá-ku i pá-ni-tim i-nu-mì ta-li-kà-ni um-ma a-na-ku-ma a-na mì-nim ša-am-ša-am la tù-ub-lam um-ma a-ta-ma 15 GÍN ù-la ma-ṣa-at um-ma a-na-ku-ma ší-ma-am ša-a-ma ta-er-ma i-na e-ra-bi-kà-ma ša-am-ša-am ša 15 GÍN KÙ.GI e-pu-uš-ma še-bi-lam iš-tù šé-pí-kà pá-ni-tim tù-uš-ta-na-áb-la-kà-at a-na mì-nim ik-ri-bi tù-kà-al i-ḫi-id-ma ša-am-ša-am e-pu-uš-ma i pá-nim-ma šé-bi-lam ù šu-ma ù-tù-ra-ú i-ba-ší a-qè-er-bi-ma i-dí TÚG.ḪI-tí ša ik-ri-bi ša a-šùr a-na mì-nim i-ba-la-ku-tù a-dí-ni a-na KÙ.BABBAR la i-tù-ru 1 me-at 90 TÚG.ḪI-tí ì-lí-a-lúm ù a-šùr-ta-ak-la-ku ù-ša-áb-ší-lu-ni-kum KÙ.BABBAR ap-šu-nu É ma-nim i-ba-ší a-na DINGIR dam-qá-at i-na bu-ul-ṭí-a-ma KÙ.BABBAR-pí ša-ni-ú-tum ù-la-pu-tù ù šu-ma ša DAM.GÀR-ri-im a-ṣé-ri-a-ma šé-bi-lam ší-ma-am la-áš-a-ma lu-ta-e-ra-kum ù a-na-ku-ma ù-la a-ma-ša-aḫ-kà,"\nThus (speak) Aššur-idi: tell Aššur-nâdâ.\n3-16I owe a solar disk [of] 15 shekels of gold to the god\nIlabrat. [E]fore, when [you] came, I (said to you) this: “Why didn't you bring me the solar disk? »\nAnd you (answered me): ""15 shekels, that is not enough! » So I (told you) this: “Make a purchase and\nconvert it, then, when you arrive, make a solar disk\nof 15 shekels and send it to me! »\ni6-26Since your previous trip, you have continued to delay everything, why do you still keep the vo-\ntive offerings? Make sure you make the solar disk and send it to me\nfirst (departing caravan). And if the surplus has increased by some sixty (centuries), then let it fall!\n26-42As for my fabrics from the votive offerings of the god\nAššur, how come they have not arrived?\nUntil now, they have not been sold. Ili-äLUM and\nAššur-taklâku have dyed my 190 fabrics for you', in whose house is their (amount) of money?","BIN 6, 30",263,letter
efeb2f1a-165d-4626-9772-3bc2b072e395,a-na a-šùr-na-da qí-bi₄-ma um-ma ì-lí-a-lúm-ma i-na ṭup-pì-kà 72 {TÚG}ku-ta-nu lá-áp-tù la-ma né-ru-ba-ni ni-im-nu-šu-nu-ma 71 TÚG 1 TÚG ba-tí-iq ŠÀ.BA 2 {TÚG}a-bar-ni-ú a-šu-mì ni-kà-sí-kà ša-ḫa-tim am-ḫu-ur-šu-nu-ma um-ma šu-nu-ma ú-lá i-ša-ḫa-at i-za-az qá-ta-am li-iš-ku-un mì-šu ša um-ma a-ta-ma a-šar pá-na-i-a a-ša-pá-ra-kum šu-ma a-ta-ma a-na pu-ru-uš-ḫa-tim ḫa-ra-kà-ma URUDU-i-ni a-na KÙ.BABBAR tù-ta-ar ù a-na-ku a-na-kam TÚG-tí-kà ku-ba-ri šu-ma a-ma-kam ta-ga-mì-il₅ TÚG-tí-kà e-zi-ib-ma a-na pu-ru-uš-ḫa-tim URUDU-i-ni ù-šé-ra-áb šu-ma re-eš₁₅ da-áš-e iš-té-en i ba-ri-ni lá e-ru-ub né-ma-lam ú-lá ni-ra-ší 27.33333 ma-na 5 GÍN KÙ.BABBAR ṣa-ru-pá-am a-mur-a-šùr i-dí-a-bu-um a-na a-bi₄-ni ḫa-bu-lu KÙ.BABBAR ša-áš-qí-il₅-ma a-na a-bi₄-ni šé-bi₄-il₅ šu-ma um-ma a-mur-a-šùr-ma qá-tí le-qé lá ta-ma-ḫa-ar-šu KÙ.BABBAR i-na qá-qá-ad šál-mì-šu-nu ra-ki-is šu-ma ma-lá ṭup-pì-šu-nu i-ša-qal le-qé šu-ma lá i-ša-qá-lá-kum um-ma a-ta-ma ma-lá ṭup-pì-ku-nu ṣí-ib-tám ni-ma-nu ší-bi₄ šu-ku-šu-um ù ma-lá i-pu-lu-kà šu-up-ra-am TÚG.ḪI.A pá-ni-ú-tum lu ku-wa-ú-tum lu i-a-ú-tum ša a-na e-lá-ma e-zi-bu a-dí-ni i-ba-ší-ú wa-ar-ki-ú-tum sà-sà-am lá-áp-tù,"\nTell Aššur-nadâ: thus (speak) Ili-aLUM.\n2-6On your tablet, 72 kutânum fabrics are inscribed.\nBefore we entered, we counted them, and (there were) 71 fabrics: (so) one fabric is missing! In there,\n(there are) 2 Abarnian fabrics.\n6-16I spoke to them about the clearance of your account, and they (told me) this: “He must not clear it.\nHe must be available; let him deposit a share! »\n10-22Why (did) you (say) this: “I will write to you wherever I go”? If you go to Burušhattum, then you will sell our copper for money, and I will examine your fabrics here. If you hear there that I left your fabrics, (it is)\nbecause I want to bring our copper into Burušhattum.\nIf, at the beginning of spring, none of us entered\n1 into Burušhattum), then we will not have been able to take any profit. 23-35 Amur-ASSur <and> Iddin-abum owe 27 3 minas\n5 shekels <of silver> to my father. Pay the money and send it to our father. If Amur-Aššur (tells you) this: “Take my share! » Do not accept (this) from him, (because) they are jointly responsible for the money. If he pays the amount for their tablet, (then) take (it)! If he doesn't pay you, you will tell him this: ""We will calculate the interest according to your tab! » Place witnesses against him, and write to me what he will answer.\n6-39The previous fabrics - yours or mine - that I left in Elamma, until now, they are available. (Those that arrived) subsequently are infested with moths.\n",TTC 14,264,letter
2d861f42-d8a8-4ee7-7e67-e16560688171,um-ma PUZUR₄-sú-en₆ a-lu-lá-a bur-a-šur šu-IŠTAR lá-qé-pu-um-ma a-na PUZUR₄-a-šur qí-bi-ma 2.5 GÚ <gap> ma-na AN.NA 1 me-at ku-ta-nu qá-dum <gap> 14 {TÚG}ku-ta-nu SIG₅ 10 TÚG ša a-ki-dí-e 4 TÚG ša a-ki-dí-e ša DAM.GÀR-ru 7 ANŠE ṣa-lá-mu mì-ma a-nim lá-qé-pu-um ir-de₈-am AN.NA-a-kà nu-sà-ni-iq-ma 3 ma-na AN.NA im-ṭí AN.NA-a-kà ú TÚG-tí-kà ni-da-ma lá-qé-pu-um ni-ṭá-ra-da-am AN.NA-a-kà ša ta-da-nim ta-dí-in a-na DUMU um-mì-a-nim ke-nim lá ša ša-ḫa-tim,"\nThus (speak) Aššur-idi: tell Aššur-nacla and Assur-\ntaklâku.\n5-13I handed over (to Sarra-Adad) 2 talents 10 mines\ndof sealed tin, 2 black donkeys, 30 cloths-kutdnu, 4 cloths-\nšiiran of heavy packing (and) 17 mines of tin for his\ncurrent expenses. A fine cloth, a cloth from\nTatûr-ališša, a cloth from Ilušu-rabi — all this,\nSârra-Adad has brought it to you.\n14-21 Tell Aššur-taklàku. Put this merchandise up for sale, and, if you (are) my brother, send me the money by the first traveler (to leave). Don't disappoint me. Please send me the corresponding amount personally.\n22-3226 kutânuîn fabrics, a black donkey, 5 tin mines","CCT 3, 4",267,letter
5e116c41-c645-c3c7-a575-4063dc10ea68,um-ma a-šùr-i-dí-ma a-na a-šùr-na-da ì-lí-a-lim ù a-šur-ta-ak-la-ku qí-bi₄-ma mì-šu ša a-ḫu-ku-nu iš-tù 2 ša-na-at ma-ar-ṣú-ma ù ta-ta-ga-la-šu-ni a-pu-tum i-nu-mì-im ša ṭup-pá-am ta-ša-me-a-ni šu-pu-ra-ma li-tal-kam 20 ma-na KÙ.BABBAR ì-lí-a-lim li-ik-nu-kam ù 8 ma-an KÙ.BABBAR a-ḫa-ma ša ma-na-aḫ-tí É-tim ša ḫa-bu-lu lu-šé-bi-lam ù a-šùr-na-da ma-la i-kà-šu-du li-ik-nu-uk-ma lu-šé-bi-lam i-na pá-nim-ma a-li-ki-im a-šur-ta-ak-la-ku ṭur₄-da-nim i da-áš-e ì-lí-a-lúm lu-úṣ-a-am a-na a-šùr-na-da qí-bi-ma 11 ma-na AN.NA ša a-la-ḫi-im i ma-ṣa-ar-tim tám-ší-ma té-zi-ib KI a-li-ki nu-šé-ba-la-šu <gap> AN.NA ù 0.66666 ma-na KÙ.KI <big_gap> ki-ma 10 ma-na AN.NA a qá-tí-a,"\nThus (speak) Aššur-idi: tell Aššur-nâdâ, lli-âLUM and\nAššur-taklâku.\n5—11-How is it that your brother has been ill for 2 years, and you continue to trust him? Please, as soon as you read (this) letter, write so that he comes.\n12-25Il1.-âLUM must seal 20 silver mines. As for the 8 silver mines which are also due for the maintenance of the house, let him send them. And whatever Aššur-nâdâ\nogets, let him seal it and send it to me. Send me Aššur-\ntaklâku with the next departing traveler. Let IlT-âLUM\nleave in the spring.\n26-3 Tell Aššur-nâdâ. You mistakenly left 11 tin mines from Alâhum in the safe. We will send them to him by a traveler. 30[+x mines] of tin and 3 mines of gold belong to me.\n6.1.6. Iddin-Istar, the grandson\nIddin-Ištar, son of Aššur-nâdâ, after leaving his grandfather's house in Aššur, hardly has any contact with him anymore. Aššur-idi accuses his grandson of having fraudulently entered his house to steal the equivalent of 3 silver mines (131). Iddin-Ištar then settles in Durhumit where his father visits him (271). He sells the latter's goods and invests the capital in the copper trade (270); for this he goes to Burušhattum and Wahšušana when the political situation allows him (64). Iddin-Ištar defends his father's interests and property against his uncle lli-âLUM with whom he is in contact. In any case, his copper transactions are not always very successful (271)!","CCT 3, 3b",269,letter
80e8c671-0b70-8512-ce33-fa28be2e6dba,a-na a-šùr-na-da qí-bi₄-ma um-ma i-dí-IŠTAR-ma iš-tù a-na tur₄-ḫu-mì-it e-ru-bu 10 GÚ URUDU i-na ba-áb-tí-kà am-ḫu-ur ší-tí ba-áb-tí-kà a-na 20 u₄-me ú-za-kà-ma a-na SIG₅ ú-ta-ar ANŠE.ḪI.A ù i-li šé-ri-a-ma URUDU SIG₅ pá-ni-a-ma ša ú-kà-nu a-šar ma-lá-ki-im mì-li-ik a-ša-me-ma URUDU i-na bu-ru-us-ḫa-tim ṭá-áb <gap> GÚ 20 ma-na AN.NA ša i li-bi₄-a i-ba-ší um-ma ì-li-a-lúm-ma a-na bu-ru-uš-ḫa-tim lu-šé-ri-ib um-ma a-na-ku-ma ba-lu-um té-er-tí a-wi-li-im la tù-šé-ra-áb um-ma šu-ut-ma šu-ma AN.NA ša a-bi₄-kà la ta-dá-nam ša a-la-ḫi-im dí-na-ma a-la-ḫa-am la-ag-mì-il₅ um-ma a-na-ku-ma té-er-tum li-ba-al-ki-tám 10 GÚ URUDU i-ší-im AN.NA al-qé-ma i-ba-ší URUDU-i-kà 20 GÚ na-dí 2 ṭup-pè ṣú-ḫa-ru-um ša a-šùr-i-mì-tí ub-lá-ku-um ší-a-ma-tí-kà ú-za-kà-ma a-na bu-ru-uš-ḫa-dum e-ra-ab a-ni a-ma-kam a té-er-tí-kà ú-qá-a,"\nTell Aššur-nâda: thus (speak) Iddin-Ištar.\n3-13Since I arrived in Durhumit, I have received\n10 talents of copper from your goods sold on credit. I will clear the rest of your goods on credit within 20 days, and convert them for good quality (copper). I've had some donkeys brought in, so make a decision on the very first good quality copper I get. I learn that copper is of good quality in Burušhattum.\n14-27There are [x] talents 20 tin mines in my account.\nHere is (what) lli-äLUM said: “I will bring it into\nBurušhattum! » I (answered him) like this: “I can't let him in without instructions from the man!” » He then said this: “If you cannot give me your father's tin, then give me Alâhum's so that I may render service to Alâhum. » I (answered him) like this: “Let the goods pass! ""28-36 I took 10 talents of copper from the amount of tin, and it is available. In total, 20 copper talents belonging to you are deposited. Aššur-\nimitti's servant brings you 2 tablets. I will clear your purchases and enter Burušhattum. Now, there, I will wait for your instructions.\n","BIN 4, 64",270,letter
cbebbcdf-b0af-e77f-3f42-ec53b47294f2,a-na i-na-a qí-bi-ma um-ma a-ba-a-a-ma 3 ku-ta-nu a-pá-ta-na-nu-um na-áš-a-kum 1 TÚG kà-áb-tám šu-mì-a-bi-a na-áš-a-kum É a-ḫi-kà a-ta-ma tí-de₈-e ki-ma 1 GÍN KÙ.BABBAR a-šar lá-qá-im lá i-ba-ší-ú mì-nam a-na 10 ma-na KÙ.BABBAR a-ni-ša-am ta-áš-ta-na-pár i-ḫi-id-ma KÙ.BABBAR a-ma-kam li-qé-ma i-na a-lá-ki-kà ṣú-lu-um pá-ni lá tù-kà-lá-ma-ni šu-ma be-lí a-ta KÙ.BABBAR ša PUZUR₄-sú-en₆ ša il₅-qé-ú lá i-ga-ma-ar-ma i-ḫi-id KÙ.BABBAR-áp-kà a-ma-kam-ma li-qé i-na ša iš-tí-šu ba-tí-iq-tám ú wa-ta-ar-tám a-lá-pá-ta-ku-ni li-ba-kà lá i-lá-mì-in um-ma a-na-ku-ma a-dí li-ḫi-id-ma KÙ.BABBAR li-dí-na-kum-ma ḫi-im-ṭá-tim ú-lá-pí-tám mì-nam ša-zu-uz-tí-kà lá-áš-pu-ur a-ma-kam a-ta-ma ša-il₅,"\nTell Innâya: thus (speak) Abâya.\n3-9Apatananum brings you 3 (clothes)-kutdnum. Sumi-\nabIya brings you 1 heavy cloth. (Regarding) your brother's house, you know very well that there is no money, (even) a shekel, where (we could) take some.\n9-16why, do you keep writing to me here (in Aššur)\nfor 10 minae of silver? Make sure you take the money there. Well, when you arrive, don't show me an angry face!\n17-27If you (are) my master, the money that Puzur-Sîn took, he must not spend (it), so be sure to take your\nmoney there. You must not get angry because I am going to record for you with him what is plus or minus (in the accounts).\n28-33 I (said) this: “Let Addi make sure to give you the money because he wrote angry words to me. ""Why should I keep silent about your representatives' affairs? There, question(s) yourself.\nBIBLIOGRAPHY: This tablet is collated, edited and\ncommented by C. MICHEL, Innâya, vol. II, n°56, p. 83-84.\n","CCT 4, 8a",272,letter
2003e3f8-8e31-3242-d470-39af572c4896,a-na a-šur-re-ṣí qí-bi-ma um-ma a-šur-ták-lá-ak-ma áš-ta-na-me-ma PÚZUR-a-šùr ú šu-a-ni DUMU kur-ub-IŠTAR ta-ki-li a-na a-bi₄-ni-ma MAŠKIM DUB.SAR na-áš-pè-ra-tim a-na a-wi-lim a-mì-ša-am ub-lam a-ḫi a-ta be-lí a-ta a-ma-kam a-bu-ni ta-ki-li ša ma-ma-an ú-lá iš-ta-na-me-e ta-ni-iš-tum <gap> <big_gap> da-mì-iq-tum <gap> <big_gap> É a-bi₄-ni lá dam-qí-iš i-lu-ku i-ma-da-ad mì-ma a-bu-ni ta-ki-li e iš-me-ma a-na-ku e áš-me-ma mì-ma li-bi₄-i e im-ra-aṣ mì-ma ší-lá-tám a-na a-bi₄-ni ú-lá i-šu ta-ma-ar ki-ma da-mì-iq-tám a-na É a-bi₄-ni né-pu-uš <gap> i <gap> a bi <gap> lá i-ta <gap> a-bi₄ a-ta be-lí a-ta <gap> <big_gap> ma-ma-an lá ta-ša-me ri-ḫi-bu-um <gap> <gap>-ra-ma {TÚG}ku-ta-ni a-na a-wi-lim qí-bi₄-ma <gap> za a ḫu-ra-ma ku <gap> <big_gap> ku-nim,"\nTell Aššur-rés3: thus (speak) Aššur-taklâku.\n3-9I keep hearing that Puzur-Aššur, son of Su-\nAššur and grandson of Kurub-Ištar, [sends] slanderous accusations to our father. A scribe brought a message\nover there to the man (Innâya).\n9-26\n(are) my brother, you (are) my master. There, our father doesn't (usually) listen to anyone's slander. The human race has [become perverted]! There are many good things that are not understood as such in our father's house. You must not listen to any slander, and may I myself not hear it so that I need not be angry, for I have done nothing wrong towards <the house of> our father. You yourself see how we do good things for our father's house, and no criminal does wrong to our father's house. 27-33You (are) my father, you (are) my master [...]","CCT 4, 38b",273,letter
70d948ce-c64d-f940-6d87-af5b300c4b85,a-na pu-šu-ke-en₆ ù i-na-a qí-bi-ma um-ma šu-ku-bu-um-ma 2 GÚ 20 ma-na AN.NA ku-nu-ku 35 {TÚG}ku-ta-nu 18 ma-na AN.NA qá-tim 2 ANŠE ṣa-lá-me ù e-nu-sú-nu 0.33333 ma-na <gap>-<gap> bé-ú-lá-at a-mur-{d}UTU a-na bé-ú-lá-tí-šu 3 {TÚG}ku-ta-nu a-ḫa-ma dar-ku-ú mì-ma a-nim a-ta-ta i-ra-de₈-a-ku-nu-ti a-ḫu-a a-tù-nu AN.NA ù TÚG.ḪI.A mì-iš-lá li-qé-a-ma KÙ.BABBAR me-eḫ-ra-tim i ra-mì-ni-ku-nu ki-ma ta-ga-mì-lá-ni-ni id-a-ma KÙ.BABBAR i šé-ep i-na-a li-li-kam li-bi₄ lá i-lá-mì-in šu-ma AN.NA ù TÚG.ḪI.A lá ta-lá-qé-a-ma lá ta-ga-mì-lá-ni lu a-na i-ta-aṭ-lim lu a-na u₄-me pá-tí-ú-tim lu a-na u₄-me qúr-bu-tim dí-na-ma a-li ba-lá-ṭí-a ep-ša-ma ù té-er-ta-ku-nu li-li-kam a-na i-na-a qí-bi₄-ma a-ṣé-er na-áš-pá-ra-tim ša i šé-ep pu-šu-ke-en₆ ú-lá-pí-ta-ku-ni mì-nam ḫa-bu-lá-ku-ni-ma ša šé-pì-kà wa-ar-ki-tim ší-im e-ma-ri-a ta-ak-lá-šu i šé-ep ì-lí-a lá tù-šé-bi₄-lam a-na na-áš-pá-ra-tim ša šé-ep pu-šu-ke-en₆ i-ḫi-id i-na a-lá-ki-kà lá ta-qá-bi₄ um-ma a-ta-ma mì-šu-um uz-ni lá tap-té,"\n<Say> to Pnsu-ken and Innâya thus (speak) Sn-Knbum.\n3-I°1 talent 20 mines of sealed tin, 35 kutânum cloths,\n18 mines of tin (for current expenses), 2 black donkeys\net their harness, (as well as) 3 mines of [silver]: operating capital of Amur-Samas. In addition, 3 kutânum cloths were packaged for its operating capital. Atata\nconducts all this to you.\n385.\nC. MICHEL, Innâya, vol. I, p. 107-117.","CCT 2, 34",274,letter
4621f430-0767-7518-a305-9d522b8e4464,a-na šu-ku-bi-im qí-bi-ma um-ma pu-šu-ke-en₆ ù i-na-a-ma 10 ma-na KÙ.BABBAR ma-áš-qá-al-tum i ša šé-ep pu-šu-ke-en₆ i-ší-qí-il₅-ma 10 GÍN ṣí-ib-tum KÙ.BABBAR ma-sú-ḫu-um i-bi-ší-ma 15 GÍN ki-ib-sà-tum ŠU.NÍGIN 10.33333 ma-na 5 GÍN ŠÀ.BA 10 GÍN ša-du-a-tám ni-dí-in-ma 10 ma-na 15 GÍN KÙ.BABBAR ku-nu-ki-ni a-šùr-ma-lik na-áš-a-kum um-ma pu-šu-ke-en₆-ma u₄-mu tám-kà-ri-kà ša šé-pí-a 3 ITU.KAM a-ḫu-ru 10 ma-na 17 GÍN KÙ.BABBAR ša šu-ku-bi-im ša-du-a-sú ša-bu 6 GÍN a-na PUZUR₄-a-šùr mì-ma a-nim a-na a-šùr-ma-lik ap-qí-id IGI PUZUR₄-a-šùr DUMU šu-lá-ba-an IGI PUZUR₄-a-šur DUMU šu-{d}EN.LÍL IGI dan-a-šùr,"\nTell Su-Kubum: thus (speak) Pušu-kén and Innâya.\n4-17The 10 silver mines, payment for the transportation of\nPušu-kén, have been weighed, and 10 shekels (represent) the interest. (It was found to contain) poor quality silver,\net (this led to) compensation of 15 shekels. (That is) in total, (there are) 10 s mines 5 shekels. Thereupon we\ngave 10 shekels of consignment tax, therefore\nAššur-malik brings you 10 minae 15 shekels of silver to our\nsseal.\n18-21 Pušu-kén (said) this: “The deadlines of your\nagent-tamkârum concerning my transport are late\nd3 months. »","TC 3, 41",276,letter
01f522db-85eb-5f9f-83e8-7db9aad0924f,a-na i-na-a qí-bi₄-ma um-ma ma-num-ba-lúm-a-šur-ma na-áš-pá-ar-ta-kà ša DUMU a-šùr-DUG DUMU ki-ki-i ub-lá-ni bur-a-šur a-ḫu-kà ú-ša-áš-me-ma um-ma a-na-ku-ma a-dí ma-lá ú šé-ni-šu té-er-tí a-ḫi-kà a-dí a-lá-ki-kà i-li-kam a-li-ik-ma iš-tí a-ḫi-kà na-me-er um-ma šu-ut-ma a-šùr-DUG iš-tù ša-lá-tí-wa-ar i-lá-kam-ma iš-tí-šu a-na kà-ni-iš a-lá-ak a-mu-tám ša a-šu-mì {d}IŠKUR-ba-ni kà-ru-um a-na-kam iṣ-bu-tù a-na DUMU ib-ni-{d}IŠKUR a-na tù-ùḫ-pì-a áš-ta-pár i-lá-kam-ma KI kà-ri-im e-na-na-tim e-ri-iš-ma té-er-tí-kà za-ku-tum i-lá-kà-ma ší-im TÚG.ḪI-tí-kà iš-tí-a,"\nTell Innâya: thus (speak) Mannum-balum-Aššur.\n6-15Bur-Aššur, your brother, made me hear your letter\nwhich the son of Aššur-tab, son of Kiki, brought. I (then told him) this: “Until your arrival, instructions from your brother had (already) reached me on several occasions. Come (here), and meet your brother! »\nls-2011 (replied) me this: “Aššur-tab will arrive from\nSaladuwar, then I will go to Kaniš with him. »\n20-31 (Concerning) the iron-amutam, which the kâram seized\nhere because of Adad-bâni, I have just sent (a message) to\nTuhpiya to the son of Ibni-Adada. He will come and ask for an extension within the due date of payment b from the käram. My detailed report will reach you because (which corresponds to) the price of your fabrics (can be found here), with me.","BIN 4, 233",277,letter
904001be-03ff-e5b8-82dd-005839288ba8,a-na i-na-a qí-bi₄-ma um-ma bu-ur-a-šùr-ma i-na ša-am-ší ni-mar-IŠTAR a-mì-ša-am ú-ṣí-a-ni a-na-ku a-na bu-ru-uš-ḫa-dum a-tí-ṣí ki-ma e-ru-bu-ni KÙ.BABBAR ší-im lu-qú-ti-kà ša šé-ep {d}UTU-tap-pá-i lu ší-im ḫu-sá-ri-kà iš-tí pá-ni-im-ma a-kà-na-ak-ma ú-šé-ba-la-ku-um ša lu-qú-tí-kà ur-ki-tim ṭup-pá-kà ma-ma-an lá i-dí-nam šu-IŠTAR DUMU šu-a-nim i-na ḫu-ra-ma 3 ITU.KAM lu-qú-tám ú-kà-ṣí-id té-er-ta-kà ú KÙ.BABBAR-áp-kà li-li-am a-na-kam i-na pí-i da-da-a-a ú pu-ru-sí áš-me-e um-ma da-da-a-ma a-da-da DUMU ku-da-<gap> <big_gap> <gap>-dí-nim <big_gap> a-šur-na-da <big_gap> <gap>-ka i-lá-kam ḫa-ra-num lu pá-at-a-at,"\nTell Innâya: [a]thus (speak) Bür-Aššur.\n3-13The day Nimar-Ištar left [via] there, I\nalso left in the direction of Burušhattum. When\nI arrive, I will seal the money, price of your merchandise from\nSamas-tappai\ntransport, or the price of your lapis lazuli,\nand I will send it to you by the next mail.\n14-2°As for your subsequent merchandise,\nno one gave me your tablet. Su-Ištar, son of Sü-\nAnum, delayed (for) 3 months the goods in\nIIurrama. May your money and your instructions come to me.\n2°-28Here, [from the mouth of Dâdâya [...] I learned about the decisions because Dâdâya (told me) [this]: “Atata, son of Kudubiš' [... ] judgment [... Aššur]-nadâ [... ] is coming.\nCertainly, the road is open. »\n","TC 1, 9",278,letter
13100186-4fe1-c58e-93e8-aa315ceeb4f7,a-na i-na-a qí-bi₄-ma um-ma bur-a-šur-ma a-bi₄ a-ta be-li a-ta a-ma-kam ṭup-pá-am na-áš-pè-er-tí ša en-nam-a-šur DUMU šál-mì-ḫi-im ub-lá-ku-ni ší-ta-me-ma ú té-er-ta-kà za-ku-tum iš-tí i-ku-pì-a DUB.SAR li-li-kam-ma šu-ma um-ma a-ta-ma tí-ib-a-ma a-tal-kam ṭup-pè-e ša ki-ma áš-pu-ra-ku-ni lá-al-qé-a-ma lá-ta-al-kam šu-ma um-ma a-ta-ma ITU.KAM-am iš-té-en sú-ḫu-ur-ma KÙ.BABBAR 10 ma-na ša ki-ma ma-aḫ-ri-a ta-ša-ku-nu-ni na-an-ší-a-am té-er-ta-kà za-ku-tum,"\nTell Innâya: thus (speak) Bür-Aššur.\n3-13' (are) my father, you (are) my master. There, listen attentively to the tablet (bearing) my orders that En-num-Aššur, son of Sal(i)m-ahum, brought to you, and that precise instructions come to me (in return) through Ikuppiya the scribe. 14-19 If you (say) this: “Go on your way! » Then, I\nwill take all the tablets, like those about which I spoke to you in writing, and I will leave.\n20-27If (no) you (say) this: ttWait a month and\nbring me the 10 mines of silver that I want to declare\nas my previous (payments). » (Send me) your precise instructions (one way or the other).\n","CCT 3, 50b",279,letter
fff56999-adae-d3e8-5e11-fc772dae88ac,a-na i-na-a qí-bi₄-ma um-ma a-šùr-re-ṣí-ma PUZUR₄-a-na DUMU ì-lí-a-lim iš-tù a-lim{ki} e-li-a-ma um-ma šu-ut-ma 2 ma-na KÙ.GI ša ḫu-ra-ṣa-nu a-na a-bi₄-kà ša-áp-ku-ni-ma šu-mì DAM.GÀR ú-du-ú-ma a-na um-mì-a-ni i-za-zu KÙ.GI šu-ut a-na a-bi₄-ni ú pu-šu-ke-en i-za-az té-er-ta-kà a-ṣé-er a-bi₄-kà li-li-kam-ma té-er-tí a-bi₄-kà li-li-kam-ma a-šar ús-ma-at-ni lu né-pu-uš šu-ma li-ba-kà té-er-ta-kà a-ṣé-er PUZUR₄-a-šùr bu-za-zu ú PUZUR₄-a-na li-li-kam-ma áš-ra-kam a-wa-tim lu-ga-me-ru a-dí ba-nu-um i-lá-kà-ni a-na a-ḫi-a TUR ša-pu-lá-ku a-bi₄ a-ta be-lí a-ta a-dí ša a-na-kam i-na qá-qí-ri-im da-ni-im wa-áš-ba-ku-ni 1 GÍN KÙ.BABBAR i-ša be-ú-lá-tí-a ag-mu-ur a-dí ma-lá ú šé-ni-šu té-er-tí i-li-kà-ku-um ú a-ta mì-ma lá tù-ta-e-ra-am a-bi₄ a-ta be-lí a-ta a-šar ma-la-ki-im mì-il₅-kà,"\nSay[s] to Innâya: thus (speak) Aššur-rési.\n3-20Puzur-Ana, son of Ili-5LUM, came up from the\nCity (of Aššur), and he (said) this: “(Regarding the)\n2 gold mines that Hurasànum paid to your father, which\nare marked (with) the name of the agent-tamkârum, and which are at the disposal of the donors, this gold is in fact at the disposal of our boss and Pušu-kên. Let your report reach your father (to keep him informed of this), and then let your father's instructions reach me so that we do the right thing. » If you want,","CCT 2, 47b",281,letter
40f1f15b-4df6-159e-6c39-fc251c436fc7,a-na i-na-a qí-bi-ma um-ma a-šùr-re-ṣí-ma ki-ma té-er-ta-kà a-na za-al-pá i-li-kà-ni um-ma a-ta-ma a-ma-kam lá wa-áš-ba-tí ra-dí-ú a-ma-kam e-mu-ru-kà-ma i-a-um a-na-kam li-bi e am-ra-aṣ a-na té-ga-ra-ma e-tí-iq-ma i-na té-ga-ra-ma lu wa-áš-ba-tí ki-ma ù-mu da-nu-ni ù ša šu-sú-en₆ ra-ma-šu lá ṭá-bu-ni ṣú-ḫa-ra-am šu-sú-en₆ ù am-tám i-na za-al-pá e-ta-zi-ba-am a-bi a-ta be-lí a-ta té-er-ta-kà ù-qá-a té-er-ta-kà li-li-kam-ma a-šar ma-lá-ki-am mì-il₅-kà-ni ù a-dí KÙ.BABBAR ša ku-ur-ku-ra-nim ša ta-áš-pu-ra-ni um-ma a-ta-ma a-na-kam ku-ur-ku-ra-nam aṣ-ba-at-ma um-ma šu-ut-ma mì-ma KÙ.BABBAR lá ḫa-bu-lá-ku i-nu-mì a-ma-kam wa-áš-ba-ku-ni a-ṣé-er ší-bi ša a-na-ku a-na ku-ur-ku-ra-nim áš-ku-nu a-ta lá ta-áš-ku-un {d}UTU-ba-ni ù ÌR <big_gap> i-ku-nu-um DUMU {d}UTU-ba-ni a-šùr-lá-ma-sí a-ta-ta DUMU lá-qé-pí-im ta-áš-<gap> <big_gap> a-na kà-lu-wa a-šur-<big_gap> a-na 0.66666 ma-na <big_gap> a-na ší-bu-tim {d}UTU-ba-ni ù ÌR-kà <big_gap> iš-ku-nu-šu-nu ki-<gap> <big_gap> <gap>-<gap>-ma qá-qú-ru-um da-nu-um <big_gap>,"\nTell Innâya: thus (speak) Aššur-rési.\n3-1IWhen your instructions arrived at Zalpa, you\n(said) this: “Do not stay there so that I, here, may not be worried, because the drivers might see you\nthere. Travel to Tegarama, and stay in Tegarama. »\n11-20As the weather is bad, and Sn-Sin's\nstate of health is not good, I left the little one, Sn-Sin and the\nservant in Zalpa. You (are) my father, you (are) my master.\nI await your instructions, (so) that your instructions\nreach me, take a decision about me as (you\nconsider) necessary.\n20-40As for Kurkurânum's money for which you\nwrote to me this: ""Here I seized Kurkurânum, and he (said)\nthis: 'I owe no money'"", (I will intervene) when\nI get there. In addition to the witnesses that [I] placed against Kurkurânum, you did not place any.\nSamaš-bâni and the servant [...] Iknnum, son of Samaš-\nb[ani], Aššur-lamassi, Ata[ta], son of Laqépum, you [... ]\nin Kaluwa, Aššur-[... ] for 3 mina [... ] as witnesses\n[Samaš-bâni] and your servant [... ] they placed them [... ].\nBIBLIOGRAPHY: This tablet is collated, edited and\ncommented by C. MICHEL, Innâya, vol. II, n°42, p. 64-65.\n","CCT 5, 3b",282,letter
d4b4159d-21c2-a908-a448-9de64455732e,um-ma i-na-a-ma a-na i-dí-ku-bi₄-im a-šur-ta-ak-lá-ku a-šur-re-ṣí ú tí-ta-a qí-bi₄-ma mì-nam ma-da-tim lu-lá-pì-ta-ku-nu-tí {d}a-šur ú a-mu-ru-um i lá be-li-a li-ṭù-lá <big_gap> lá i-dí <big_gap> ma-ma-an ša ṭup-pì-a ú KÙ.BABBAR-pì a-na a-wa-tim lá i-de₈-ú šé-ṭù-tí lá-qé mì-nam a-qá-bi₄ na-áš-pè-ra-tim kà-lá-ší-na a-na ṣú-ḫa-ri dí-in-ší-na u₄-ma-kál lá i-bi₄-tù,"\nThus (speaks) Innâya: say to Iddi(n)-Knbum, Aššur-\ntaklâku, Aššur-rési and Titâya.","BIN 6, 99",283,letter
2fd41ea3-5d8b-92de-8285-fa78627c1298,a-na i-na-a qí-bi-ma um-ma i-ku-pí-a ù ta-ra-am-ku-bi-ma a-šu-mì ri-ik-sí ša ik-ri-bi ša-ni-i ša ta-áš-pu-ra-ni a-šùr-{d}UTU-ši DUMU am-ra-a ni-iṣ-ba-at-ma um-ma šu-ut-ma ri-ik-sí a-na-ku ù a-šùr-ṣú-lu-li a-na e-lá-lí DUMU šu-ku-bi-im ni-dí-in-ma AN.NA iš-a-am-ma na-ší-šum a-šùr-ṣú-lu-li i-na a-lim{ki} lá wa-ša-áb i-na a-lá-ki-šu ni-ṣa-ba-sú a-šu-mì ša ḫu-sà-ri-im dí-nu na-ak-šu-ma a-dí-ni a-wa-at-ni IGI a-lim{ki} lá i-ší-ki-in i-nu-mì dí-num lá i-dí-nu ù né-nu nu-ta-ar-ma a-na-sà bé-tim ni <big_gap> ma-lá dí-num i-dí-nu iš-tí bar-ki-ú-tim té-er-tí-ni za-ku-tum i-lá-kà-kum <big_gap> a-ma-kam lá ta-ḫa-da-ar ší-bi-kà da-ni-in ṭup-pí-kà ḫa-ri-ma i-na pá-ni-im-ma šé-bi-lam iš-té-en₆ i-na ṣú-ḫa-ri ṭur₄-dam É-be-et-kà ù ṣú-ḫu-ur-kà ša-li-im,"\nTell Innâya: thus (speak) Ikuppiya and Tarâm-Ktbi.\n4-17 Concerning the bundles of votive offerings of the (god)\nNi-[... ]a for which you wrote to me, we seized\nAššur-Samši, son of Am(u)râya, and he (said) this: “Myself and Aššur-sulü[l11, we gave the bundles to Elâ1i,\nson of Sn-Knbu[m], he bought some tin, and brought it to him. »\nAššur-sulüli is not located in the City (of Aššur at the moment). When it arrives, we will undertake it (on this matter).\n17-34Regarding lapis lazuli, the cases are\ndismissed (by court decision). So far, our case has not been brought before the City (of Aššur). Since the judgment has not (yet) been rendered, then we have returned (to the case), and on (...)b, we [... l As soon as the judgment has [been rendered] our detailed reports will arrive by a later (mail). There, don't worry, strengthen your witnesses, certify your tablets and send them to me by the next mail. Send me\n[one] of the servants.\n35Your house and [your] child[are] well].\n","BIN 4, 91",287,letter
25ec3e59-f616-d9fe-d76b-7cd4f5b08d6b,um-ma i-na-a-ma a-na šu-sú-en₆ ù i-ku-pí-a qí-bi-ma a-ḫu-ú-a be-lu-a a-tù-nu iš-tí a-sú ṣú-ḫa-ri-ku-nu té-er-tí i-li-kà-ku-nu-tí a-tù-nu té-er-tám lá tù-ta-e-ra-nim i-bi-sà-e-a lá tí-de₈-a ù u₄-ma-am i-bi-sà-e ma-du-tim a-ta-mar a-dí e-lá-lí ù {d}MAR.TU-ba-ni ša áš-pu-ra-ku-nu-tí-ni šu-ma li-bi₄-ku-nu et-qá-nim-ma a-na KÙ.KI a-na-kam <gap> tí-ku-nu <big_gap> <gap>-ku <gap>-ma <gap> ni li ni šu-ma <gap> e-lá-num ù {d}MAR.TU-ba-ni a-na PÚZUR-a-šùr a ší-mì-im <big_gap> šu-nu a-wu i-na ba-ri-ni li-ší ki-ma ku-nu-tí ú i-a-tí a-na ši-li-tim lu ni-iḫ-ri-<gap> <big_gap> KÙ.KI a ší-mì-im <big_gap> a-na-ku a-šu-mì-ku-nu lá a-mu-a be-lu-a a-tù-nu ša ma-ma-an lá ta-ša-me-a,"\nThus (speak) Innâya: tell SU-Sin [and] Ikuppiya.\n4-11You (are) my brothers and my masters. My message has reached you with Azu, your servant. You didn't answer me. Don't you know about my financial losses? Indeed, even now I have experienced many financial losses. 12-28 For Elâli and Amurru-bani, for whom I wrote to you, if you want, leave, since here you have not been given anything for gold. Sal(i)m-Aššur[... ] if he sells to them, to\nEldli and Amurru-bani, for Puzur-Aššur, let him settle the matter between us. Since you and I [he treats us] unfairly, we must do the same. [If you don't sell the gold, I refuse to do it for you. You (are)\nmy masters, don't listen to anything from anyone.\n","TC 1, 54",288,letter
98494dd1-8363-59b9-f936-823bf33d3276,a-na a-šùr-ma-lik šu-a-nim ú nu-ùḫ-ša-tim ú šu-IŠTAR a-na nu-ùḫ-ša-tim qí-bi-ma um-ma a-ni-na-ma um-mì a-tí-i i-na {d}UTU-ši na-áš-pé-er-tí ta-ša-me-i-ni ta-ma-lá-ki ša ṭup-pé-e ḫa-ru-mu-tim ša a-šùr-GAL e-zi-ba-ki-ni um-mì-i a-tí-i ḫa-ra-ni a-na a-lim{ki} ṣú-ḫa-re-e ú-qá-a a-ma-kam ú-ma-kál lá tù-ša-as-ḫi-ri mì-ma ṭup-pé-e a-na šu-a-nim bu-bu-a-ar áš-ḫa-a-ni ú šu-IŠTAR pì-iq-dí-ma ar-ḫi-iš ṭù-ur-da-šu-nu,"\nTell Agšur-malik, Su-Anum, Nuhsâ,tum and Sn-Istar:\nathus (speak) Anina.\n7-14\nletter, (take) the tamalakkum boxes of certified tablets\nthat Assur-rabi left you.\n15-24' (are) my mother. I am traveling to the City (of Ashur),\nI am waiting for the servants there, so you must not delay them for a single day. Entrust all the tablets to SU-Anum,\nBubuar, Ashayani and SU-Istar and send them quickly.\n","AKT 3, 106",290,letter
5c9d9e35-e3f5-8377-3d31-16e87648f1eb,um-ma ša-lim-a-ḫu-um-ma a-na a-šur-ma-lik ù en-um-a-šur qí-bi₄-ma 1 ma-na KÙ.BABBAR a-šu-mì ILLAT-tim a-na-kam a-na É a-lim aš-qúl a-na a-šur-ma-lik qí-bi₄-ma áš-pu-ra-kum um-ma a-na-ku-ma ki-ma ILLAT-tum i-ša-ku-nu AN.NA li-qé-ma a-na en-um-a-šur dí-in ki-ma AN.NA ta-dí-nu mì-šu-um té-er-ta-ku-nu lá i-li-kam a-na en-um-a-šur qí-bi₄-ma iš-tí ḫa-na-na-ni ta-sí ma-lá AN.NA-ki ù TÚG.ḪI-tù-a iz-ku-ú-ni-ni mì-šu-um té-er-ta-kà lá i-li-kam šu-ma lá i-dí-nu-ni-kum ma e-mu-qá-tám e-ta-wu-šu té-er-ta-kà li-li-kam,"\nThus (speaks) Salim-ahum: tell Aššur-malik and Ennum-\nAššur.\n4-""I have paid here a mine of silver about the cara-\nvane at the Town Hall (of Aššur).\n6-13Tell Aššur-malik. I wrote to you this: ""As soon as\nthe caravan is in good condition port, take the tin and deliver it to\nEnnum-Aššur! » Why did not a report from you reach me, that you took the tin?\n13-23Tell Ennum-Aššur, did you approach Hananani\nfor a loan? of fabrics\nthat they released (for sale)? If they gave you nothing\nand on the contrary they spoke harshly to him, then let your\nreport reach me (to tell me)!\nBIBLIOGRAPHY: This text is edited by E. BILGIÇ and C. GUN-\nBATTI, AKT 3 [1995], p.","AKT 3, 68",292,letter
a90070d2-5c91-1b04-f6f7-7ac27fc1d7ea,um-ma ša-lim-a-ḫu-um-ma a-na en-nam-a-šur qí-bi₄-ma lu iš-tí nu-a-e lu a-a-kam-ma ba-ab-ta-kà ša áš-ta-na-me-ú lá-ma ḫa-ra-nim ša ḫa-ḫi-im e-ru-ba-ni ra-ma-kà za-ki a-ṣé-er KÙ.BABBAR ša iš-tí i-na-a tù-šé-bi₄-lá-ni ki-ma ni-iš-ri-im KÙ.BABBAR ma-lá qá-at-kà i-kà-šu-du i pá-ni-kà ša šé-bu-lim šé-bi₄-lam AN.NA ù TÚG.ḪI.A ša šé-ep dan-a-šur qá-at-kà lá tù-ša-ar a-na KÙ.BABBAR li-tù-ra-ma i kà-ni-iš lá ta-ba-re tí-be-a-ma a-tal-kam al-kam-ma šu-ma li-bi₄-kà a-ni-ma ṭup-pá-kà li-li-pì-it-ma ḫa-ra-kà kà-ší-id a nu-a-e kà-lá na-az-qá-tí KÙ.BABBAR ša AN.NA ILLAT-at a-šur-ma-lik DUMU lu-zi-na ki-iš-da-tí-a lá té-zi-ba-am KÙ.BABBAR ša AN.NA ša ša-at-a-šur ù a-zi-a i pá-ni-kà šé-bi₄-lam ú ša ṣú-ba-tí-šu-nu iš-tí <gap> lu-qú-tí-a lá ṭa-ZA-ḫi 15 ma-na URUDU da-mu-qám re-eš₁₅-tám ša kà-ni-iš ú ša ḫa-ḫi-im bi₄-lam 16.5 GÍN KÙ.GI iš-tí li-pí-it-sú-en i ší-ma-lá lá-dí-na-kum kà-sà-tám ša pá-šu-ri-im ša a-ma-at ú ú-uṭ bi₄-lam kà-ab-lu a-na-kam i-ba-ší a-gu-a DUMU DU₁₀-a-šùr pá-šu-ra-am ša ḫa-bu-lá-ni li-dí-na-kum,"\nThus (speaks) Salim-ahum: tell Ennum-Aššur.\n3-6Your goods sold on credit that I keep hearing about, release them yourself, either from an Anatoliana\n(merchant), or somewhere before Hahhum's\ncaravan arrives.\n7-11In addition to the money that you made me carry by\nInnaya, send me as a deposit all the money that you will get from your next (goods) to send.\n11-2°You must not deliver tin and fabrics from the transport of Dän-Aššur, let them be sold for money, and you must not go hungry in Kaniš. Get ready to go and\ncome; If you wish, have your tablet registered now and then go on a trip. You must not be worried about your (merchant) Anatoliena.\n21-27Concerning the money from the tin of the caravan\nof Aššur-malik, son of Luzina, you did not leave me my acquisitions. The silver from the tin of Sät-Aššur and Asiya, send it in person, and as for their fabrics, you","AKT 3, 66",293,letter
2e264c10-4f59-baf5-ac5f-a08d95985e94,um-ma ša-lim-a-ḫu-um-ma a-na en-nam-a-šur qí-bi₄-ma ta-áš-pu-ra-am um-ma a-ta-ma za-ku-a-ku ki-ma dan-a-šur e-ru-ba-ni a-ta-lá-kam a-ša-me-ma KÙ.BABBAR 1 ma-na ù 2 ma-na nu-a-ú iš-ta-du KÙ.BABBAR da-ma-qám li-im-ḫu-ur i-na u₄-mì-im ša ṭup-pá-am ta-ša-me-ú al-kam-ma e-en a-šur ù e-ni-a a-mu-ur ta-aḫ-sí-is-tám a-na a-ḫi-kà e-zi-ib-ma a-ḫu-kà lá ki-ma qá-qí-dí-kà KÙ.BABBAR ma-lá qá-at-kà kà-áš-da-at-ni na-an-ší-a-ma me-eḫ-ra-at KÙ.BABBAR ša nu-a-e a-na-ku a-na-kam lá-dí-na-ku-ma ḫa-ra-nam ša ra-mì-ni-kà kà-ší-id mì-ma pá-nu-ma lá i-kà-bi₄-du a-šur ù {d}NIN.ŠUBUR li-ṭù-lá mì-ma li-bi₄ lá i-lá-mì-nu-ma as-ḫu-ru-nim-ma tù-ta-šé-er al-kam-ma e-ni-a a-mu-ur me-er-at um-mì-a-nim i-ga-ra-am tù-mì-id-ma ki-ma a-wi-lim ra-bi₄-im a-dí u₄-mì-im a-nim ta-sà-ḫu-ur ù šu-nu pá-ni-a wa-ab-lu-ma ú-lá i-ša-pu-ru-ni-kum a nu-a-e lá ta-áš-té-né-ar a qá-qí-dí-kà lá ta-ša-ḫu-ut ša-ru-um li-ší-šu-nu qá-dum KÙ.BABBAR-pì-šu-nu i ša-ḫa-at a-ḫi-kà ba-ab kà-ri-im lu kà-a-na-tí a dan-a-šur qí-bi₄-ma KÙ.BABBAR lu i-a-am lu ku-a-am ša na-ru-qí-kà ma-lá qá-at-kà i-kà-šu-du a-na en-um-a-šur dí-in-ma lu-ub-lam šu-ma ni-qí-am ḫa-bu-ul ni-qí-šu ú dá-ta-am kà-lá-ma a-na-ku-ma a-da-šu-um a-na na-ab-ri-tim a-ni-ša-am li-ik-šu-dam,"\nThus (speak) Salim-ahum: tell Ennum-Asšur.\n3-5You wrote to me thus: “I am in good standing. When Dâ.n-\nAsšur arrives, I will leave. »\nI learn that the Anatolian has taken 1 or 2 silver mines, (with) the silver, that he then agrees to act favorably!\n7-23The day you hear my tablet, come and see\nthe Eye of the god AsSur and myself! Leave a memorandum\nfor your brother, isn't your brother (reliable) like yourself?\nBring (in person) all the money you get and\nI, here, will give you the equivalent of the Ana-\ntolian's money. So undertake the journey yourself so that","AKT 3, 67",296,letter
73a1cfc8-7dc5-36f2-851c-c1cb6aa0e402,um-ma ša-lim-a-ḫu-um-ma a-na dan-a-šur ù en-nam-a-šur qí-bi₄-ma 2 GÚ 20 ma-na AN.NA ma-ší-tum ku-nu-ku 13 ma-na AN.NA qá-tim 10 TÚG 1 ANŠE ṣa-lá-mu-um mì-ma a-nim ku-nu-ki-a ku-ra i-ra-de₈-a-ku-nu-tí ša sà-ri-dim ša-bu lu-qú-tum a-ni-tum a-na-ru-uq en-um-a-šur i-lá-ak šu-ma en-um-a-šur i-ta-ṣa-am ITU.KAM 1 ù šé-na ú-ta-qí-a-ma AN.NA-ki ù TÚG.ḪI-tí-a dí-na-ma KÙ.BABBAR 1 GÍN šé-li-a-nim KÙ.BABBAR ku-un-kà-ma en-um-a-šur a-ni-ša-am li-ik-šu-dam,"\nThus (speaks) Salim-ahum: tell Dan-Assur and Ennum-\nAsšur.\n4-102 talents 20 tin-masituma mines under seal,\n13 tin mines for current expenses, 10 cloths,\n1 black donkey, Kura brings you all this under my seal.\n(The salary of) the donkey driver has been paid.\n""'This merchandise will go to Ennum-Assur under a naruqqum contract. If Ennum-Assur is gone,","AKT 3, 70",297,letter
a8e9fba9-30ac-4113-1958-fcf42cfa9139,a-na pu-šu-ke-en₆ ú a-šùr-ma-lik qí-bi-ma um-ma lá-ma-sí-ma a-na a-šùr-ma-lik qí-bi-ma TÚG kà-ab-tá-am ša i-na ILLAT a-šur-iš-ta-ki-il₅ DUMU sú-kà-li-a ša ú-šé-bi-lu-kà i-li-kam-ma pu-šu-ke-en₆ um-ma šu-ut-ma ú-lá i-dí-nam <gap>-<gap> šu-ut a-ma-kam <gap>-ta-i-na-ma KÙ.BABBAR ú ší-a-ma-tí-šu ša iš-tù ma-al-ú-šu ša-na-tim šé-bi-lá-nim,"\nTell Pušu-kén and Aššur-malik: thus (speak) Lamassi.\nTell Aššur-malik.\n4-15 Concerning the thick cloth that I sent you\nby the caravan of Aššuriš-tikal, son of Sukkalliya, it is\n403. The Prague 1651 contract, partially destroyed, which records the divorce between Pnsu-kén and Lamassi must probably be attributed to a couple of the same name. Indeed, this act which is established in Anatolia cannot concern Lamassi, mother of Ahaha, because she never left Aššur, and died there while she was still the wife of Pfisu-kén.","CCT 4, 21b",299,letter
3b924c5a-1e08-2b72-c790-8a9b1fb5a834,um-ma pu-šu-ke-en-ma a-na la-ma-sí qí-bi-ma ší-tí TÚG.ḪI.A-tí-ki pá-ni-ú-tim gám-ra-ki-im 20 TÚG.ḪI.A ša a-na PUZUR₄-a-šùr ta-dí-ni-ni 1 TÚG ni-is-ḫa-tum 2 TÚG ší-mu-um ší-tum 17 TÚG.ḪI.A al-qé 6 TÚG a-ḫu-qar ub-lam 6 TÚG i-a-šar ub-lam 2 TÚG i-dí-sú-en₆ ub-lam ŠÀ.BA 3 TÚG a-na PUZUR₄-a-šùr ú-ra-dí-ma 20 TÚG ú-pì-iq-šum-ma a qá-tí-šu a-dí-in ší-tí TÚG.ḪI-tí-ki 11 TÚG i li-bi-a ŠÀ.BA 1.5 ma-na KÙ.BABBAR ni-is-ḫa-sú DIRI ša-du-a-sú ša-bu ku-nu-ki-a ku-lu-ma-a na-áš-a-ki-im ta-áš-pu-ri-ma um-ma a-tí-ma i li-bi TÚG.ḪI.A ša ú-šé-bi₄-lá-ku-ni 2 TÚG ša šu-pu-ul-tim-ma KÙ.BABBAR ša ku-lu-ma-a na-áš-a-ki-ni 1 ma-na KÙ.BABBAR ku-wa-um 0.5 ma-na a-na šu-pu-ul-tim dí-ni ší-im 1 TÚG kab-tim ša šu-pu-ul-tim iš-tù bu-ru-uš-ḫa-dum ú-bu-lu-nim-ma 7 GÍN KÙ.BABBAR ša il₅-ba-ni ša DUMU ku-sà-ri-im iš-qú-lá-ni ù i-na ší-im ší-tí TÚG.ḪI.A-tí-ki KÙ.BABBAR uš-ta-ṣa-ba-at-ma <big_gap> i-dí-sú-en₆ ú-šé-ba-lá-ki-im a-na lá-ma-sí qí-bi-ma 5.TA TÚG.ḪI.A SIG₅-tim a ṣú-ḫa-ri dí-ni lu-ub-lu-nim li-ik-šu-du-ni mì-šu ša e-ma-am ta-aḫ-dí-ri-ni a-na-ku a-na-kam ki-ma i-qá-bi₄-ú-ni i-ṣé-er NINDA-kà a-zu-áb e-na-a e-ra-ba ú-ṣí-a,"\nThus (speak) Pušu-kén: tell [to] Lamassi.\n2-12The price[ix] of your previous fabrics is settled for you.\n(Concerning) the 20 fabrics that you gave [to] Puzur-\nAššur: (there was) one fabric (for) the entry fees\n(as well as) 2 fabrics for purchase. (There) remain 17 of your fabrics. Ahu-(wa)qar brought me 6 fabrics, Ia-šar brought me 6 fabrics, Iddin-Sîn brought me 2 fabrics. With that,\nI added 3 fabrics for Puzur-Aššur. I made him an\nupquana package of 20 fabrics and gave them to him.\n12-2 The rest of [your fabrics], i.e. 11 fabrics, (are) in my account. Thereupon, Kulum[aya] brings you\n1 2 silver mine, plus [entry] duties, consignment tax [paid] to my seal. You [wrote] this to me: “Among the fabrics that I sent [you], there are 2 fabrics from Sübultumb. » Out of 1 [2 mine] of silver that Kulumâya\nbrings you, one mine of silver returns to youc, give 2 mina to\nSübultum.\n24-310n will bring me from Burušhattum the price of\nthe thick cloth of Sübultumd4°5, and the 7 shekels of silver pro-\n404. L. 13-14: KU.BABBAR 2i si-a-ma-ti -su, sa is-tai ma-\nae-e*, these lines were written on erasure.\n405. Restitutions of 11. 12-24:\n[TUGhi-a -kà], 11\nTUG i-li-bi-a: SÀ.[BA], 1 2 ma-na KU.BABBAR ni-is-[ha-su],\nDIRT: sa-du-a-sai [sa-bu], ku-nu-ki-a: Ku-lu-m[a-a], na-ds-a-ki-\nim ta-[dä-pu-ra-am], urn-ma a-ti-ma i-l[i-bi], TUGhi-a sa ti-sé-\nbi4-l[d-ku-nil, 2 TUG sa Su-bu-ul-tim 1 [z ma-na], KU.BABBAR\nsa Ku-lu-ma-a na-d. -[a-ki-ni], 1 ma-na KU.BABBAR ku-wa-um\nm[a-na], a-na Su-bu-ul-tim dI-ni-[im], sf-itu 1 TUG kab!-tim\nsa ​​Su-b[u-ul-tim].","CCT 6, 11a",300,letter
2568e284-ffa5-518a-69a6-a32101513437,um-ma pu-šu-ke-en₆-ma a-na la-ma-sí qí-bi-ma 1 ma-na 15 GÍN KÙ.BABBAR ni-is-ḫa-sú DIRI ša-du-a-sú ša-bu ku-nu-ki-a dan-a-šùr na-áš-a-ki-im lu ší-im 1 TÚG ù 2 TÚG ša qá-bu-ul-tim ša a-na ṣé-ri-a tù-šé-bi₄-li-ni KÙ.BABBAR-ap-ki gám-ra-ki-im 21 ma-na URUDU SIG₅ ik-ri-bu ša bé-lim 2 sú-pá-na-an ša UD.KA.BAR 14 e-<gap> <gap> ma-na maš-qal-tim a-la-nu mì-iš-lúm kà-bu-tù-tum mì-iš-lúm ta-zi-ki pá-šu-ru-um ša a-na ki-ta-um 5 e-pá-da-tum tal-ḫa-dí-a-tum 0.33333 ma-na KÙ.BABBAR lu ša-wi-ru lu mu-sà-ru-um ša ṣú-ḫa-ri-im KI.LÁ.BI 0.66666 ma-na 2.5 GÍN a-ḫa-ma a-nu-qú-šu ṣú-ḫa-ra-am ú am-tám mì-ma a-nim dan-a-šùr i-ra-de₈-a-ki-im a-pu-tum ṣú-ḫa-ra-am a-na ma-ma-an lá tù-ší-ri-ma i-na qé-ra-be-tim li-ir-bi i-nu-mì dan-a-šùr a-ni-ša-am ú-ṣí-a-ni ša-wi-ri-šu ù mu-sà-ra-am a-ṣé-er 0.33333 ma-na KÙ.BABBAR ša a-dí-nu-šu-ni a-na dan-a-šur dí-ni-ma ŠU.NÍGIN ša 1 ma-na KÙ.BABBAR ší-ma-am li-iš-am lu-šé-ri-am,"\nThus (speaks) P6.šu-kén: tell Lamassi.\n3-8D5.n-Aššur brings you 1 mina 15 shekels of silver -\n<entry fees> in addition, consignment tax paid -\nto my seal, i.e. for the few fabrics of Subultuma\n406. L. 38-39:... i-sé-er NINDAka a-ku? -lu?, e-na-a e-ra-ba\na-sâ-a.","CCT 2, 36a",301,letter
cd7efda7-b436-35f0-9c9e-d9e368a07f01,a-na pu-šu-ke-en₆ qí-bi-ma um-ma ta-ri-iš-ma-tum ù be-lá-tum-ma a-bu-ni a-ta be-el-ni a-ta KÙ.BABBAR ša ik-ri-bi₄ lu ša a-ma-kam lu ša AN.NA ša i-šar-be-lí ḫa-bu-lá-ku-ni pá-ḫe-er-ma ku-nu-uk-ma šé-bi₄-lam šu-ma a-dí šé-pì-kà KÙ.BABBAR ta-kà-la KÙ.BABBAR i-nu-mì AN.NA ni-iš-ú-mu 4 ma-na a-na ṣí-ib-tim ni-il₅-qé KÙ.BABBAR a ṣí-ib-tim lá i-ma-i-dam ku-nu-uk-ma šé-bi₄-lam a-na ma-ma-an lá ni-da-gu₅-lu ni-da-ga-lá-kum,"\nTell Pusu-kén: thus (speak) Lamassi.\n2-7Kulumâya brings you 9 fabrics, Iddin-Sin brings you\n3 fabrics; Ela refused to take charge of fabrics, similarly, Iddin-Sin refused to take charge of 5 (other) fabrics. 7-20Why do you systematically write to me: “The fabrics that you send me each time are not good! »\nWho is the individual who lives in your house, and who devalues\nthe fabrics when they come before him? As for me, for my part, I am doing my best to make and send you fabrics so that on each trip, at least 10 shekels of silver can reach your house. AOATT, 113-114.\nNOTE:\na. For the eképum verb in system III/2, cf. K. R. VEEN-\nHOF, AOATT, n. 184.\n","BIN 6, 11",302,letter
7fd3748d-bb40-a9e8-6ad2-1bb3b5c1049f,i-ku-pí-a a-na en-um-a-šur DUMU a-ni-nim iṣ-ba-at-ni-a-tí-ma um-ma i-ku-pí-a-ma ša-zu-úz-tum a-na-ku mì-šu me-tum mì-šu pá-ru-um ki-ma me-ra me-tim áš-al-kà 40 ma-na KÙ.BABBAR a-na na-ab-ší-im sú-e-a e-zi-ba-kum lá e-zi-ba-kum IGI a-ni-ú-tim áp-la-ni um-ma en-nam-a-šur-ma a-ta ṭé-em-kà ṣa-áb-ta-kum a-na-ku a-dí 2 u₄-mì ù 3 u₄-mì lá-áš-ta-al-ma a-pá-al-ka a-na a-wa-tim a-ni-a-tim kà-ru-um bu-ru-uš-ḫa-dum ṣa-ḫe-er GAL i-dí-ni-a-tí-ma IGI GÍR ša a-šur ší-bu-tí-ni ni-dí-in IGI ú-ṣur-ša-a-šur DUMU a-gu₅-a IGI bu-ṣí-a DUMU ba-za-za IGI a-šur-mu-ta-bi₄-il₅ DUMU šu-be-lim,"\nTell Pusu-kén: thus (speak) Lamassi.\n2-11When you were still here, I gave a thick cloth to Asšur-malik, and on his return, I gave him (in addition) a karndurna cloth and 3 kutânurn cloths.\nWhy then, when I never stopped sending you cloths, you do not didn't let me know whether or not they brought them to you! Let your message reach me (on this subject).\n12-19As for the matters concerning which you have","BIN 4, 10",303,unknown
7eb66680-0d33-482b-8663-c92775dab0ba,um-ma PUZUR₄-a-šur-ma a-na a-ta-ta-a ù a-šur-ma-lik qí-bi-ma a-pu-tum iḫ-da-ma KÙ.BABBAR lu ša ru-ba-tim lu ša GAL ṣé-ri-im ša-áš-qí-lá lá a-kà-ša-dam KÙ.BABBAR pá-num-ma ša ta-ma-ḫa-ra-ni a-na ša ki-ma i-a-tí šu-uq-lá 12 GÍN KÙ.BABBAR ša ar-nu-ma-an ḫa-bu-lá-ni ša-áš-qí-lá-šu še-um ša du-ru-ùḫ-<gap> <big_gap>,"\nTell Pnšu-kn: thus (speak) Lamassi.\n2-8'i wrote to me this: “Ahu-waqar and Ia-šar each bring you 5 mines of wool. ""But they didn't give me anything at all. Ia-šar (said to me): “I myself will make a cloth for him!” »\n8-17Urâni brings you 8 fabrics. Those for which I will add wool lead (piece), I will send them to you by Ia-\nšar. Those that Urâni brings you were made before you wrote to me! Their production, as long as you remain there,\nby your dignity, may our... be satisfied409\n18-2 When you send the purse, place wool in it.\nThe little one has grown up, show yourself a man of honor, come\nand place her in the bosom of the god Aššur.\n24-30Kulumâya has brought you 3 kamsumb cloths (and)\n6 kutänum-cloths, Aššur-malik brought you 1 thick cloth\n(and) 5 kutânum-cloths, Ia-šar gave me 2 silver shekels\nfor wool (and) Ahu-waqar gave me a shekel.\n","BIN 4, 9",304,letter
17cff94e-a931-673b-4fe4-9bf6ea1234bd,a-na pu-šu-ke-en₆ qí-bi-ma um-ma lá-ma-sí-ma šu-ma a-ḫi a-ta šu-ma be-li a-ta a-na ma-nim ta-na-ṭá-al ku-ta-bi-id-ma ku-ur-sí-kà pá-ri-ir 1 TÚG-kà-áb-ta-am a-na a-šur-ma-lik i-na pá-ni-tim ḫa-ra-ni-šu a-dí-in-šu-um KÙ.BABBAR-pí-šu mì-ma ú-lá ub-lá-am ku-nu-kam ša NA₄.ZA.GÌN ší-a-um na-áš-a-kum i-nu-mì ki-sà-am tù-šé-ba-lá-ni SÍG.ḪI.A šu-uk-nam ša-áp-tù-um i-na a-lim{ki} wa-aq-ra-at,"\nTell Pnšu-ken: thus (speak) Lamassi.\n3-7If you (are) my brother, if you (are) my master, to whom do you look? Show yourself a man of honor and break your obligations.\n8-1 I gave a thick cloth to Aššur-malik on his previous journey, (but) he brought me nothing of his money (prize). He also brings you a lapis lazuli seal.\n16-2IWhen you send me the purse, add wool to it (because) wool is dear to the City (of Aššur).\nBIBLIOGRAPHY: 11. 6-21 are translated by P. GARELLI,\nRA 59 [1965], 156 and 11. 8-13 by K. R. VEENHOF, AOATT,\n113.\nNOTE:\na. Lamassi addresses her husband as a brother.\n","BIN 6, 7",305,letter
032d1746-937c-e948-da6e-824ca3753689,um-ma {d}EN.LÍL-ba-ni-ma a-na DUG-ṣí-lá-a-šur a-šur-<gap> ù a-šur-i-dí a-na a-šur-i-di qí-bi-ma-0.5 ma-na KÙ.BABBAR i-na ḫa-ḫi-im ni-me-ḫe-er-ma i li-mì-im a-šùr-ma-lik a-dí-na-kum um-ma a-ta-ma wa-ar-kà-at-kà a-na a-lim{ki} ù-šé-ba-lam ù-lá ší-ma-am a-dí-na-kum ù-lá qí-ip-tám a-qí-ip-kà KÙ.BABBAR ṣa-ru-pá-am a-dí-na-kum ú a-dí ḫa-am-ší-šu ni-na-me-er-ma ta-sà-li-a-ni i-nu-mì i-na wa-aḫ-šu-ša-na wa-áš-ba-ku-ni ša ki-ma i-a-tí i-ṣa-bu-tù-kà-ma mì-ma lá ta-dí-in a-na ša ki-ma i-a-tí qí-bi-ma a-ma-kam ṣa-áb-ta-šu-ma KÙ.BABBAR ù ší-a-ma-tí-šu ša-áš-qí-lá-šu pí-šu a-na ši-a-ma-tim i-dí-nam šu-ma KÙ.BABBAR ša qá-lam lá i-mu-a ni-qí-a-am KÙ.BABBAR 10 GÍN ša-dí-na-šu-ma ú ṭup-pu-šu ša-0.5 ma-na KÙ.BABBAR ki-ma a-wa-at kà-ri-im sí-ib-tám ú-dí-a-ma ṭup-pu-šu a-na a-šur-GAL dí-na-ma lu-ub-lam,"\nTell Pusu-ken: thus (speaks) Lamassi.\n3-12The eponymous Sudâyaa asked me for money by saying: u He (Pusu-ken) owes a mine of silver corresponding to his export tax. » I am therefore going to pay a mina\n(of silver) to the eponymous Sudâya on the mine and the 10 shekels\nof silver that you sent me for the eponymous Buzuzub.\n12-18Urâni did not give me the 5 shekels of silver that you\n(supposedly) sent me, and he (said) this: u He (well)\ngave me 5 shekels of silver, (but that’s) for a table! » (However) he did not (neither) give me the table!\nBIBLIOGRAPHY: 11. 1-6 were translated by M. T. LAR-\nSEN, OACP, 43, n. 67 and 11. 3-12 by M. T. LARSEN, OACC,\n196 and n. 19.\nNOTES:\nThe beginning of this letter alludes to the mine claimed by\nthe müsûm officials in Lamassi (306, 17-29).\na. The eponym Sudâya, son of Ennânum, is number 81 of KEL in the list of eponyms of Kültepe, cf. K. R. VEENHOF,\nThe Old Assyrian List of Year Eponyms from Karum Ka-\nnish and its Chronological Implications, to appear in the\nTTKY collection.\nb. The eponymous Buzuzu, son of Ibbi-Sîn, is number 86 of KEL.\nThis debt is therefore at least six years old.\n","BIN 6, 3",308,letter
161ceac9-ac62-8a59-05f2-af935e84f0b5,a-na pu-šu-ke-en₆ qí-bi₄-ma um-ma lá-ma-sí-ma ṭup-pu-um ta-aḫ-sí-is-tám ša ba-a-ba-tim ša i-na bé-tí-kà té-zi-bu mu-zi-zu-kà ú-šé-ṣí-ú-ma qá-sú-nu-ma ú-kà-al a-na-ku a mì-ma ú-lá aṭ-ḫi ù a-na DAM.GÀR-ri-kà iš-qú-lu la iš-qú-lu mì-ma ú-la i-de₈ a-ta ma-lá-kà ù ki-ma áš-pu-ra-ku-ni mì-ma šu-mì lá ta-za-kàr-šu-nu-tí 6.5 ma-na KÙ.BABBAR KI a-šùr-{d}UTU-ši DUMU lá-qé-ep ŠÀ.BA <gap>-<gap>-<gap>-<gap> ša-du-a-tám ù ni-is-ḫa-tim ú-sà-ḫu-ru 3.6666600000000003 ma-na 5 GÍN KÙ.BABBAR KI ú-ṣú-ur-ša-a-šur DUMU ì-lí-a 0.5 ma-na 5 GÍN KI ša-lim-a-šur ŠU.NÍGIN 8.5 ma-na KÙ.BABBAR a-na a-šur-i-mì-tí DUMU en-na-nim i-ša-qal i-na 4 ma-na KÙ ša a-na ì-lí-ìš-tí-kál ḫa-bu-lá-ku-ni 2 ma-na KÙ KI i-ku-pí-a 2 ma-na a-ḫu-ur 9 GÍN ur-da-na-na <gap> 1.5 ma-na KÙ.BABBAR ša DINGIR-ma-lik me-ḫe-er ṭup-pì-im ša té-zi-bu <gap> GÍN a-na wa-ṣí-im šé-bi₄-lam,"\nTell Pusu-ken: thus (speak) Lamassi.\n2-11-A tablet - the memorandum of goods sold on credit - which you had left in your house, your representatives have extracted it, and they hold it. I didn't get involved at all, and I don't even know whether or not they paid anything to your agent-tan/kt/min. It's your business! As I wrote to you, you must not mention my noma to them in any way.\n12-19 (There are) 6 silver mines near Asšur-Samsi,\n411. L. 4:... um-ma su-/utT (NU)-ma.","CCT 3, 19b",309,letter
5c48fb69-38b1-6922-f895-24d63de91e53,a-na pu-šu-ke-en₆ qí-bi-ma um-ma lá-ma-sí-ma 9 TÚG.ḪI.A ku-lu-ma-a na-áš-a-kum 3 TÚG.ḪI.A i-dí-sú-en₆ na-áš-a-kum 2 sú-pá-ni ša UD.KA.BAR dan-na-a-šùr ub-lam 1 sú-pá-nam ša UD.KA.BAR ú it-gu₅-ra-am ša UD.KA.BAR i-a-šar ub-lam 2 it-gu₅-ra-tim ša UD.KA.BAR i-dí-sú-en₆ ub-lam 1 it-gu₅-ra-am ša UD.KA.BAR a-ḫu-wa-qar ub-lam 1 sú-pá-nam ša KÙ.BABBAR i-ku-pí-a ub-lam 1 sú-pá-nam ša KÙ.BABBAR DUMU i-bi-su-a ub-lam sà-ma-lá-tim it-gu₅-ra-tim ú ṣi-ba-tim ub-lu-nim šu-ma be-lí a-ta a-šu-mì TÚG.ḪI.A ša ta-áš-pu-ra-ni lá ú-šé-bi-lá-ku-ni li-ba-kà lá i-lá-mì-in ki-ma ṣú-ḫa-ar-tum i-ir-ta-bi-ú-ni TÚG iš-té-en₆ ú šé-na kà-ab-tù-tim a-na na-ar-kà-ab-tim e-ta-pá-áš ú a-na ni-ší bé-tim ú a-na ṣú-ùḫ-ri-im e-pu-uš ú-lá ak-ta-ša-ad-ma TÚG.ḪI.A lá uš-té-bi-lá-kum TÚG.ḪI.A ma-lá qá-tí i-kà-šu-du iš-tí wa-ar-ki-ú-tim ú-šé-ba-lá-kum É a-bu-um-DINGIR i-na i-ga-ar-tim ku-a-tim i-ku-pí-a ša É a-ta-a i-ga-ar-tám šu-a-tám iš-ta-kán ú a-na-ku a-ṣa-al-ma um-ma šu-ut-ma ta-pá-ú-tum-ma ú-ta-pá-šu mì-ma-ma ú-lá ú-ta-pá-šu it-bé-a-ma i i-ta-ṣa-am a-ta a-ma-kam qí-bi-šu-um um-ma a-ta-ma mì-šu-um i-ga-ar-ta-kà i-na É-bé-tí-a ta-áš-ku-un ki-ma É lá a-ší-ri-im <gap> té-pu-uš ù a-šu-mì ba-pí-ri ša ta-áš-pu-ra-ni ba-pí-ru-um wa-dí e-pì-iš ša-ak-lu-ul ú ṣú-ḫa-ar-tum da-ni-iš ir-tí-bi tí-ib-a-ma a-tal-kam a-na sú-ni a-šur šu-ku-ší ù šé-ep ì-lí-kà ṣa-ba-at,"\nTell Püsu-kén: thus (speak) Lamassi.\n2-14Kulumâya brings you 9 fabrics. Iddin-Sîn brings you\n3 fabrics. Dan-Aššura brought me 2 bronze bowls. la-sar brought me 1 bronze bowl-snpânnm and\na bronze bowl. Iddin-Sîn brought me 2 bronze bowls, Ahu-waqar brought me a bronze bowl. Ikuppiya brought me a silver bowl-snpânnm. Ibbi's son brought me a silver bowl. They brought me 4 maltumb bowls, bowls and sibtum.\n14-25Please my master, you must not get angry because I did not send you the materials that you had (requested) from me in writing. As the little girl grew up, I had to make a pair of thick fabrics for her. Besides, I made some for the staff at home and for the children, which is why I haven't been able to send you any fabrics. I will send you by a later convoy all the fabrics that I manage (to make).\n26-35 Concerning the house of Abum-ili, Ikuppiya, of the\nhouse of Atâya, built his walls on your walls, so I","CCT 3, 20",307,letter
b2b6d8b2-a19c-ccf9-5df0-25665e52d7df,a-na pu-šu-ke-en₆ qí-bi-ma um-ma lá-ma-sí ù a-ḫa-ḫa-ma 10 GÍN KÙ.GI ša a-na ú-ṭá-tim ša-pá-ki-im tù-še-bi-lá-ni ki-ma ša-tum a-na pá-ni-ša i-lu-ku-ni a-dí-ni ša ki-ma ku-a-tí ú-ṭá-tám ú-lá iš-pu-ku-ma ù té-er-tí-ni i-li-kà-kum u₄-ma-am ú-ṭa-tám ma-lá i-ša-pu-ku-ni ù za-ku-sà ni-ša-pá-ra-kum ù ik-ri-ba-am ša a-na ta-áš-me-tim ta-ak-ru-bu-ni a-pu-tum la ta-ma-ší i-il₅-tum i-ir-tí-bi i pá-ni-kà bi-lam ú-ul i pá-nim-ma a-li-ki-im šé-bi-lam,"\nTell P1išu-kén: thus (speak) Lamassi and Ahaha.\n3-14\ngather grain, until now, your representatives\have not collected grain as the year progresses! Therefore, our report (on this subject) has not yet reached you. Today we will write to you precisely the\nquantity of grain they harvest.\n15-22As for the ikribum loan that you contracted by\nvowing to (the goddess) Tašmétuma, please don't forget it!\nThe obligations have already increased. Bring the (amount)\nyourself or send it to the next traveler.\n","TC 3, 35",311,letter
340942c3-4729-e925-bd65-173f037d3360,a-na sú-e-a a-šur-mu-ta-bi-il₅ bu-za-zu ú i-ku-pá-ša qí-bi-ma um-ma a-ḫa-ḫa-ma a-ma ḫu-bu-ul a-bi₄-ku-nu ta-al-ta-am-da lu ší-ip-kà-tim lu tám-kà-ra-am tí-šu-a ma-ma-an qá-sú lá i-lá-qé a-na ḫu-bu-li-ku-nu ku-nu-im bé-ta-ku-nu ú i ší-tí É-bé-ta-ku-nu i-ta-aq-nu i-na É li-mì-im ší-im É-ta-ku-nu i-ba-ta-aq-ma ma-lá ḫu-bu-lá-ak-nu i-ší-tù-ni a-ša-pá-ra-ku-nu-tí É a-šur ú ú-ṭù-ub-tù-šu <big_gap> a-na 30 ma-na ša qá-ta-tí-šu na-al-pu-ta-tí-ni a-wa-tum i-za-ku-ú ú a ší-a-tí za-ku-sà a-ša-pá-ra-kum i-na 2 ma-na 5 GÍN KÙ.KI ú 1 ma-na KÙ.BABBAR ša aṣ-bu-tù 7.5 ma-na KÙ.BABBAR a-na ṣí-ba-at 30 ma-na ša qá-ta-tim na-al-pu-ta-tí-ni i-na KÙ.BABBAR-pì-kà i-ší-qí-il₅ 6.5 ma-na a-na ší-im É ú-ki-da <big_gap> i-ší-qí-il₅ 5 ma-na a-na ší-im É na-gi₅-ri-im i-ší-qí-il₅ šu-ma-mì-in KÙ.BABBAR a-ni-um lá ib-ší-ma lá i-ší-qí-il₅ a-wa-tù-mì-in i-bi-ší-a ḫu-bu-lá-ak-nu ik-tí-li-<gap>,"\nTell Sue'a, Aššur-mûtappil, Buzâ,zu and Ikuppaša:\nathus (speak) Ahaha.\n4-14 Behold, you have been informed of your\nfather's debt; whatever investments or (assets with\na) tamkarum merchant you own, no one should take their share! For your own debt, already your houses and the treasures of your houses have been confiscated. The\nprice of your houses will be deducted at the eponyms office, and\nthen I will write to you the amount of your remaining debts.\nSo, regarding the City House (of Aššur)\nand its property, you have been registered as guarantor for an amount of\n30 silver minae. The [matter] will be clarified and then I will write to you in detail about what it is. Of the 2 mines, 50 shekels of gold and the silver mine that were seized, 7 mins of silver, representing the interest of the 30 mines for which you were registered as guarantor, were paid with your money, 6 mins for the purchase of Ukida's house were paid, (similarly) 5 mins for the purchase of the herald's house were paid. paid.\n33-375if this money had never been available\nand had not been paid, a case (in court) would have taken place. (The burden of) your debt has (in fact) become\nlighter414\n\n","CCT 5, 8a",312,letter
a1a9a5ae-2800-436d-f43b-f0876b095dc2,a-na PUZUR₄-a-šùr qí-bi₄-ma um-ma a-ḫa-ḫa sú-e-a bu-za-zu ù i-ku-pá-ša a-dí ša ku-lu-ma-a ša ta-áš-pu-ra-ni a ma-la na-áš-pé-er-ti-kà qá-tám la ni-ma-ḫa-aṣ ù-la nu-ba-áš-kà ù u₄-mu-šu 3 ša-na-tim lu e-ta-at-qú ù iš-tù úṣ-ú-ni e-ṭé-me ša a-bi-ni lu ú-qá-li-il₅-ma <big_gap> <gap>-<gap>-ni-a-tí a-na ṣa-ḫu-ru-tim <big_gap> <gap>-ma ma-tí-ma <big_gap> <gap>-tù-šu a-na <big_gap> <gap> ru <gap> <big_gap> le-zi-ba <big_gap> ša-at-a-šùr ù <big_gap> É a-wi-lim er-ba-ma <gap> <big_gap> a-wi-lim li-im-da-ma mì-ma <gap> i-ba-ší-ú ku-un-kà-ma šé-bi-la-nim AN.NA ù TÚG.ḪI.A a-na ma-ma-an lá tù-ša-ra KÙ.BABBAR le-ru-ub-ma AN.NA ù TÚG.ḪI.A lu-úṣ-ú i-<gap>-ma ba-lu-kà mì-ma la e-pu-šu lu ṭup-pu ḫa-ru-mu-tum ša DAM.GÀR-ru-tim lu ša nu-a-e lu na-áš-pu-ku-um a-na KÙ.BABBAR ta-e-ra-ma an-nu-ku a-na-kam wa-aq-ru 14 GÍN.TA ù ša-ap-li-iš i-za-az a-dí ITU.1.KAM ù ITU.2.KAM a-wa-tum lá i-za-ku-wa šu-ma 10 ma-na KÙ.BABBAR na-ad-am dí-šu ba-zi-a ù {d}IŠKUR.SIG₅ ḫa-bu-lu-ni <big_gap> ša IŠTAR-pì-lá-aḫ DUMU <gap> <big_gap> i-zi-iz-ma <big_gap>,"\nTell Puzur-Aššur: thus (speak) Ahaha, Sue'a,\nBuzâzu and Ikuppaša.\n4-11Regarding what you wrote about Ku-\nlumâya, in accordance with your letter, we will not reject (it) nor embarrass you! However, its deadlines have been missed for 3 years! Now since he left, he\ndiscredited the spirits [of the house of] our [father]ea, [and]\nus, [he treated us] as ""little (people)"" 6415 i\nOr never [...] (gap)\n3'-I°'Sât-Aššur and you, enter the man's house, find out what (contains) the house] of man, and [all that] there is, seal it. But you must not deliver (on credit) the tin and the fabrics to anyone. Let money come in and tin and fabrics go out, see to it! They won't do anything without you! 11'-17' Convert certified tablets (containing promissory notes drawn up) on Nassyrian or Anatollen creditors, or even jars (of cereals), into silver. Tin is expensive here, it is 14 shekels (of tin per shekel money) and even less! The matter won't be settled\nfor a month or two.\n17'-21' If you have 10 silver mines on deposit for\nme, hide it! As for what [NP] and Adad-damiq should\n[... ] assist Istar-pilah, son of [...].\n","BIN 6, 59",313,letter
b95aa30f-a108-d9f3-da18-09ee798fe886,a-na a-šur-mu-ta-bi₄-il₅ pu-za-zu ú i-ku-pá-ša qí-bi-ma um-ma a-ḫa-ḫa-ma a-na-kam É šu-{d}EN.LÍL a-na KÙ.BABBAR is-ni-qú-ni-a-tí-ma a-na ṣí-ib-tim ni-il₅-qé-ma nu-ša-bi-šu-nu li-mu-um ù-ša-aḫ-da-ra-ni DAM.GÉME.ḪI-tí-a ik-ta-na-ta KÙ.BABBAR 10 ma-na šé-bi-lá-nim-ma ša-zu-za-tù-ku-nu lu-kà-i-lá-šu-ma a ša i-ta-sí-a-ni li-iš-qú-lu a-ma-kam a-tù-nu té-ta-ki-ma a-na-kam pu-ru É a-bi-ni ša-ke-en₆ a-ḫu-ú-a a-tù-nu a-na a-wa-tim a-ni-a-tim iḫ-da a-na-ku ša-zu-za-tí-ku-nu lá a-sà-ḫu-ur,"\nTell Assur-mutappil, Buzâzu and Ikuppasa: thus\n(speak) Ahaha.\n4-7Here, Su-Enlil's firm came to us to ask for money; we borrowed it at interest and\nsatisfied them.\n7-16The eponym worries me and never ceases to bother my servants. Send me money in the amount of 10 minae, and let your representatives offer it to him,","TC 2, 46",315,letter
36dd4c9f-b2d7-bc69-8adc-60e40eb9e15a,a-na bu-za-zu qí-bi-ma um-ma wa-qur-tum-ma 4 TÚG.ḪI.A ku-nu-ki-a a-na a-sà-nim a-dí-in a-na a-wi-lim u-šé-bi-il₅-ma a-ḫi a-ta be-lí a-ta e-ni-kà lá ta-na-ší-ma lá tù-ḫa-lá-qá-ni ki ma-ṣí lu ki-iš-da-tù-kà tí-de₈-e a-ta-ma ki-ma i-na É-tim e-ri-im e-zi-bi₄-ni a-ḫi a-ta TÚG.ḪI.A a-na KÙ.BABBAR ta-er-ma šé-bi₄-lam ki-ma DINGIR ù e-ṭé-me ta-ga-mì-lu-ma lá a-ḫa-li-qú e-pu-uš,"\nSay to Buzazu: thus (speak) Waqqurtum.\n3-6I gave 4 cloths to my seal in Asanum, and I\nmade the man wear them.\n7-22n,\n(are) my brother and my master. You must not envy me and will ruin me! No matter how much your profits are, you know he left me in an empty house! You (are) my brother, sell the fabrics for money,\nthen seal the money and send it to me. Act in such a way as to make the god and the spirits propitious so that I am not ruined! BIBLIOGRAPHY: 11. 3-9 are translated by L. Oppenheim, JAOS 61 [1941], p. 260, 11. 15-18 by C. GUNBATTI, Mel.\nS. Alp, p. 230 and K. R. VEENHOF, AOATT, p. 109 and 11. 18-\n22 by K. HECKER, GKT § 154b.\nNOTE:\na. Literally: u You must not focus your eye on me and you must not lose me! »\n","BIN 4, 96",316,letter
6fdb8a25-06bc-1577-f33e-e1a686eaaf9e,a-na a-šur-mu-ta-bi₄-il₅ qí-bi₄-ma um-ma wa-qúr-tum-ma 2 ṭup-pè ṣú-ḫa-ru-um ub-lá-kum a-ta mì-ma-ša-ma lá tù-ta-e-ra-am mì-nam e-pu-uš-kà-ma a-ni-tám lá a-ni-tám úz-ni lá ta-pá-té šu-ma a-ḫi a-ta a-ma-kam ki-ma i-a-tí ú ṣú-ḫa-ar-tim a-ta i-zi-iz ú-za-ni i-na a-wa-tim pì-té i-na KÙ.BABBAR 10 ma-na e-ru-ub-ma u₄-ma-am e-ri-tum <big_gap> u-ṣa-am a-ma-kam a ṭup-pì-im ša ḫu-bu-li-šu-nu ša a-bu-ni iḫ-ri-mu ki-ma KÙ.BABBAR a-šur uš-ta-bi₄-ú a-ta ší-tám a ṭup-pì-šu-nu ḫa-ar-mì-im ṣa-ba-at be-lí a-ta iš-tù MU.1.ŠÈ KI da-tim ar-ta-na-pu-ud <gap> me-er-um KÙ.BABBAR 1 GÍN šu-mì i-za-kàr lá a-ḫu-um ša KÙ.BABBAR be-lí-a ú-sà-pu-ḫu šu-mì iz-ku-ur šu-ma a-ḫi a-ta iš-tí ba-tí-qí-im a-wa-at-kà li-li-kam-ma úz-ni pì-té šu-ma a-ta a-ma-kam lá ta-ṣa-ba-at a-wa-at-kà li-li-kam-ma a-na-kam ša e-pá-ší-im le-pu-uš,"\nTell ASSur-mütappil:, thus (speak) Waqqurtum.\n2-10J servant brought you 2 tablets, (but) you\nreturn me absolutely nothing at all! What have I done to you that you don't want to inform me one way or another? If you (are) my brother, then you, over there, act in my place and that of the young woman, (and) inform us with a word! 11-19 I arrived with 10 silver mines, and today I am leaving (handed) empty. There, regarding the tablet of their debt that our father had certified, just as he paid the money to the god ASSur, so you seize the rest for their certified tablet. 20— 2You (are) my master. For a year, I haven't stopped exploring the regions outside (the cities). An ungrateful son pronounces\nmy name for every shekel of silver, a bad associate\nwho squanders my master's money has (also) pronounced","CCT 3, 41b",317,letter
0b2c29a6-7951-dc2c-5f8f-4685195f1843,um-ma PUZUR₄-a-šùr-ma a-na wa-qá-ar-tim qí-bi-ma 1 ma-na KÙ.BABBAR ni-is-ḫa-sú DIRI ša-du-a-sú ša-bu ku-nu-ki-a a-šur-i-dí na-áš-a-ki-im ṣú-ba-tám qá-at-na-am ša tù-šé-bi-li-ni ša ki-ma šu-wa-tí ib-ší-ma iš-tí a-šur-i-dí šé-bi₄-li-ma 0.5 ma-na KÙ.BABBAR lu-šé-bi₄-lá-ki-im ša ṣú-ba-tim pá-na-am iš-té-na-ma li-im-šu-ṭù la i-qá-tu-pu-šu šu-tù-šu lu ma-da-at i-ṣé-er pá-ni-im ṣú-ba-tim ša tù-šé-bi₄-li-ni ša-áp-tám 1 ma-na.TA ra-dí-i-ma lu qá-at-nu pá-na-am ša-ni-a-am i-li-la li-im-šu-ṭù šu-ma ša-ar-tám i-ta-áš-ú ki-ma ku-ta-nim li-iq-tu-pu-šu a-ba-ar-ni-a-am ša tù-šé-bi-li-ni la ta-tù-ri-ma ša ki-ma a-mì-im lá tù-šé-bi₄-li-im šu-ma té-pí-ší ša ki-ma a-ma-kam al-ta-áp-tù ep-ší šu-ma ṣú-ba-tí qá-at-nu-tim la ta-kà-ší-dí a-ša-me-ma a-ma-kam a ší-mì-im ma-du ša-mì-ma šé-bi₄-li-im ga-am-ra-am ṣú-ba-ta-am ša té-pí-ší tí-šé i-na-mì-tim lu ú-ru-uk-šu ša-ma-né i-na a-mì-tim lu ru-pu-šu,"\nThus (speak) Puzur-Aššur: tell Waqqurtuma.\n3-22Aššur-idi brings you a mine of silver to my seal\n— entry fees extra, consignment tax paid. (Regarding) the fine material that you sent me, make some similar ones and have them carried to me by Aššur-idi, and I will send you in return a silver mine. Whether we paint only one side of the fabric, we must not peel it, its weave must be dense.\nCompared to the previous fabrics that you sent me,\nadd a touch of wool to each (of your fabrics), but\nlet them remain fine! Let the other side be lightly painted, and if it is fluffy, peel it off just as if it were a (cloth)-kutânurn! 23-28As for the Abarna-style (cloth) that you sent me, you must not send me such a copy again! If you want to make some, make some like the one I wore there!\n29-375If you can't make fine fabrics,\nI heard there are a lot of them for sale there, so\nbuy some and send them to me! A finished cloth that you\nmake must be nine cubits long and eight cubits wide!\n","TC 3, 17",318,letter
effedebb-3c32-4d36-aab5-185b66849c47,a-na a-ta-ta bu-za-zu ù a-šùr-mu-ta-bi₄-il₅ qí-bí-ma um-ma <gap> <gap>-ma a-ḫu-ú-a a-tù-nu be-lu-a a-tù-nu <big_gap><big_gap> 10 TÚG šu-ru-tim <big_gap><gap> <gap> e-zi-ib <gap> <big_gap> <gap> a-ma-kam-ma i-<big_gap>-um e-ri-im <big_gap> <gap> i-<gap> <big_gap><gap> DAM.GÀR-ri-im <big_gap><big_gap> <gap>-šu <big_gap><gap> <gap>-áb du-lam <big_gap><gap> <gap>-nu ù šu-mì a-<gap> <gap> a-na ma-nim ša-nim lá-áp-nu a-ḫu-ú-a be-lu-a KÙ.BABBAR i-na pá-ni-im-ma šé-bi-lá-nim-ma a-na DAM.GÀR-ri-im lu-ta-er a-na bu-za-zu qí-bí-ma ta-áš-pu-ra-am um-ma a-ta-ma ra-bi-ṣa-am lá ta-ḫa-za-ma lá ta-ša-pá-ra-nim a-na-ku ma-ṣa-ki-im a-tí-ik-lá-ku-ma ki-ma mu-tí-a ù bé-li-a ra-bi-ṣa-am ú-lá a-ḫu-za-am u₄-ma-am ma-lá am-tim qá-qí-dí-im ma-aḫ-ṣí-im ú-lá ad-mì-qá-ku-ma ep-re-e a-na am-tim tù-ma-da-ad a-na-ku a-na-kam ḫu-bu-lam a-kà-al ù a-dí-šu-ma KÙ.GI 1 ma-na ta-ad-mì-iq-tí ša TÚG.ḪI-tí-a ša be-li ú-šé-bi₄-lá-ni i qá-tí DUMU a-ma-a te₉-ta-aṭ-ra 4 TÚG.ḪI.A SIG₅ bu-za-zu 4 TÚG.ḪI.A SIG₅ a-sà-num 3 TÚG.ḪI.A ku-ṣú-um 2 TÚG.ḪI.A DUMU lá-li-im <gap> TÚG.ḪI.A a-mur-a-šur DUMU lá-qé-ep 2 TÚG.ḪI.A šu-be-lúm DUMU zur-zur ŠU.NÍGIN 13 <gap> TÚG.ḪI.A SIG₅ a-ni-tum e-pé-ší ta-ad-mì-iq-tí a-na bé-li-<gap> <big_gap><gap> <gap> ta-ad-mì-iq-<gap> <big_gap><gap> ta-ak-nu-kà-ma ú-lá tù-šé-bi₄-lá-nim KÙ.GI-ṣí ta-ṣa-áb-ta a-ḫu-ú-a be-lu-a a-tù-nu i-na pá-nim-ma šé-bi₄-lá-nim-ma li-ba-am dí-na-nim,"\nTell Atat[a, Buza,zu] and Aššur-mri[tappil: thus (speak)\nWaqqurturna].\n4-14[You (are) my] brothers [and my masters. I live in an empty house (...) misery (...)41714-17Who else can I turn to? (You are) my brothers and my masters. Send me the money by the next\n(convoy) so that I can return it to the creditor-taMkâruM.\n18-29Di[s] to Buzdzu. You wrote me this: “Don't take a lawyer, and don't send one here! I myself am ready to act on your (name) behalf. » I trusted you, as my husband and my master, (and) I did not take a lawyer! Today, you don't even like me as much as a servant\nhit on the headb, because for a servant you measure (at least) (regular) rations! Me, here, I only have debts to eat!\n29-32 Meanwhile, the gold mine (representing) the tadmiqtum loans from my fabrics that my master sent me, you took it from the hand of Amâya's son.\n2-38 4 good quality fabrics (for) Buzazu, 4 good quality fabrics quality (for) Asanum, 3 fabrics (for) Knsum,\n2 fabrics (for) the son of Lâlum, [2] fabrics (for) Amur-\nAššur, son of En[na]-S[în], 2 fabrics (for) Sn-Bèlum, son of\nZurzur, making a total of 15 fabrics of good quality. This represents my production, my tadmigtum loans (entrusted for profits).\n38-43[I sent them] to my master, but you did not seal me nor send [the profits from my] loans-\ntadMiqtuM. (Instead of that) you took my gold! You\nare my brothers and my masters, send (them) to me by the\nnext (convoy) and encourage me!\n417. 11. 5-14 are too fragmentary to allow any translation.",ATHE 44,319,letter
d02a5c63-2f61-5f78-2abd-66a9f6431cf9,a-na pu-šu-ke-en₆ qí-bi-ma um-ma bé-lá-tum ù ta-ri-iš-ma-tum-ma a-ṣé-er 8 ma-na KÙ.BABBAR ù ṣí-ba-ti-šu ša a-na É a-lá-ḫi-im ḫa-bu-lá-ni-ni 6 ma-na KÙ.BABBAR a-na ṣí-ib-tim ni-il₅-qé-ma a-na DUMU qá-a-tim ni-iš-qúl a-bu-ni a-ta a-na ma-nim ša-nim ni-da-gal KÙ.BABBAR ša-ak-ni-ik-ma lu-šé-bi-lam a-bu-ni a-ta a-na ma-nim ša-nim ni-da-gal šu-ma i-na ṣú-ḫa-ri KÙ.BABBAR mì-ma e-ri-iš-kà um-ma šu-ut-ma qá-tí dí-nam mì-ma lá ta-da-an ù a-na a-lá-ma qí-bi-ma ṭup-pá-am ša a-lim{ki} nu-kà-al ša a-dí er-bu-um ù ḫu-bu-lu-um <big_gap><gap> ša-bu-ú <big_gap> ḫi-ir mu-ra-šu ra-bi-im ša a-lim{ki} dí-na-ši,"\nTell Pusu-kén: thus (speak) Bèlatum and Taris-\nmâ,tum.\n3—'5In addition to the 8 silver mines and their interest that we owe to the firm of Alahum, we borrowed\n6 silver mines at interest, and we paid them to the son\nof Qayyâtum. You (are) our father, who else can we trust? Seal the money so that he can send it (here).\nYou (are) our father, who else can we trust?\n'6-25If one of the servants asks you for money421 saying, “Give me my share! "", you don't have to give him anything. To the others, tell (them): “We hold a tablet from the City (of Asšur) which means that until the gift and the debt are settled, we must not raise any demands! » Su-Nunu is the bearer of the copy of\nthe tablet of City422.\nNOTE:\na. Ana a-la-ma is perhaps to be read ana alanma.\n420. The reading of 1. 29: ku'-lu-kà is uncertain because the form nas'a-nim-su implies a feminine plural subject.\n421. L. 16-17: au-ma i-na sw-ha-ri, KÙ.BABBAR mi-ma\n422. L. 24-25 (left side collated): lâ i'-t[â ]-hi-zd-ni\nme-eh* -ra-at*, tup-pti-im sa A-limé' gv,' -nu' -nu* na-si.","TC 1, 46",322,letter
3d77efb5-919d-0477-a643-11aef589e749,a-na pu-šu-ke-en₆ qí-bi-ma um-ma ta-ri-iš-ma-tum ù bé-lá-tum-ma a-šu-mì KÙ.BABBAR ša ik-ri-bi₄ a-na-kam bé-la-tum ta-am-ra-aṣ i-na ú-tù-ki ù i-na e-ṭá-me ša-am-ṭù-a-ni a-bu-ni a-ta be-el-ni a-ta KÙ.BABBAR a-na ṣú-ḫa-ri lá tù-wa-ša-ar a-šu-mì ma-za-zi-im DINGIR lam-ni-iš É a-bi₄-ni e-pá-áš a-pu-tum šu-ma a-bu-ni a-ta ki-ma ta-le-e-ú mì-it-ḫa-aṣ-ma šu-um-kà šu-ku-un-ma ṣú-ḫa-ru a-šu-mì ik-ri-bi₄ ki-a-am i-né-pì-šu a-pu-tum ma-ma-an i-na ṣú-ḫa-re-e lá um-ta-ṣa-ma KÙ.BABBAR 1 GÍN lá i-lá-qé 1 ANŠE.ḪI.A i-šar-be-lí i-ra-de₈-a-ku-ni ni-iš-me-ma ú-ṣur-ša-a-šur i-ta-ar-dam e um-ta-ṣí-ma KÙ.BABBAR 1 GÍN e il₅-qé šu-ma i-šar-be-lí a-dí-ni lá e-ru-ba-am šu-pur-ma a-na pá-ni-šu i ANŠE.ḪI.A a-šar ku-a-tí le-ru-bu ki-ma TÚG.ḪI.A ta-dí-nu KÙ.BABBAR ku-nu-uk-ma šé-bi₄-lá-ma na-pá-tí-ni iš-té-ni-iš e-ṭé-er a-bu-ni a-ta a-lá-nu-kà ma-nam ni-šu,"\nTell Pušu-ken: thus (speak) Tariš-mâtum and Bela-\ntum.\n4-8Here, Belâtum is sick because of the money from the votive offerings! We are mistreated423 by demons and by the spirits of the dead!\n8-23You (are) our father, you (are) our master. You must\nnot deliver the money to the servants. Because of the statuette\divineb, the god is destroying our father's house! Please, if you (are) our father, strive as best you can\nand make a name for yourself so that the servants are treated like this\nin relation to the votive offerings, please, none of the\nservants should take money on their own,\neven if it is only for a century!\n24-32We have learned that Išar-beli is leading you donkeys, but Usur-ša-Aššur must not interfere with the additional package by taking money, even if it is just an article. Write (to me) if Išar-beli has not yet arrived so that the donkeys can go to where you are before he arrives! 33-36 When you have sold the fabrics, seal the money, send it to me, and save our lives at the same time. You\n(are) our father, we have no one other than you!\n","KTS 1, 24",323,letter
8ba5dbf8-88f8-330f-61c9-1d7c63529cbe,a-na pu-šu-ke-en₆ qí-bi-ma um-ma ta-ri-iš-ma-tum ù bé-lá-tum-ma ṣú-ḫa-ra-tum ša PUZUR₄.IŠTAR ú ú-ṣur-ša-a-šur im-ra-ṣa-ma mu-a-tí-iš i-li-kà a-na ša-i-lá-tim ni-li-ik-ma um-ma i-lu-um-ma ik-ri-bé lá tù-qá-i-a <gap> ek-ma-ší-na a-na ḫa-ar-pé nu-uš-té-re-sà e-kà-ma-am lá e-kà-ma-am ṣú-ḫa-ri ša-al-ma té-er-ta-kà li-li-kam-ma lu né-ki-im-ší-na lu ší-im AN.NA lu ša TÚG.ḪI.A KÙ.BABBAR ku-nu-uk-ma šé-bi-lam 10 ku-ta-ni ša a-na MAŠKIM ni-dí-nu KÙ.BABBAR ša-áš-qí-il₅-ma šé-bi-lam 1 {TÚG}ku-ta-nam a-na a-šur-i-mì-tí ù šu-IŠTAR ni-dí-in-ma i-na ILLAT i-na-a i-dí-sú-en₆ ú-šé-bi₄-lu-ni-kum šu-IŠTAR KÙ.BABBAR né-ri-iš-ma um-ma šu-ut-ma 1 TÚG šu-a-tí i-dí-sú-en₆ a pu-šu-ke-en₆ i-dí-in KÙ.BABBAR ší-im 1 TÚG šé-bi₄-lam,"\nTell Pušu=ken: thus (speak) Tariš-mâtum and Bela,-\ntum. 4-18The young women of Puzur-Ištar and Usur-ša-Aššur\nwere sick, and almost died! We went to see the oneiromancers, and the god said this: “Take the votive offerings away from them immediately! » We want them to be ready by summer! Ask the servants so that they decide whether to take them off or not, and that your instructions reach us so that we take them away. 18-30 Seal the silver (tin or cloth) and send it to me. Charge and send me the money for the 10\n424. L. 2: Puzur4-i§4-tdr 6-sur'!(ELLAT1)-sa-a-sur.","KTS 1, 25a",325,letter
8ba6e3bb-c4c3-6ca5-1c4f-96ed2fbab652,a-na pu-šu-ke-en₆ PÚZUR.IŠTAR {d}NIN.ŠUBUR-ba-ni ú i-dí-IŠTAR qí-bi₄-ma um-ma ta-ri-iš-ma-tù-ma ù be-lá-tù-ma ra-bi₄-ṣa-am ni-iš-pu-ra-am ú ṭup-pá-am ša a-lim{ki} da-na-am ra-bi₄-ṣú-um ú-kà-al ša ma-ma-an lu i-na a-lim{ki} lu i-na GÁN-lim ma-ma-an lá i-ṭá-ḫi-ú-ma KÙ.BABBAR-áp šu-nu-nu a-na a-lim{ki} i-pá-ḫu-ra-ni i-na a-lim{ki} a ma-lá ší-ma-tí-šu-nu i-zu-zu i-na GÁN-lim ša i-ṭá-ḫi-ú-ma KÙ.BABBAR 1 GÍN ša i-lá-qé-ú i-ša-ri-iq-šu-um ni-ša-me-ma ki-ma a-wi-li a-šu-tim ta-am-ta-ša-ḫa-a ú pu-šu-ke-en₆ ša i-ni-ḫu-ma a-na É a-bi₄-ni ik-ri-be ša a-bi₄-ni ú-ša-zi-ZU.ZU a-wi-lá-am me-eḫ-ra-tim <gap> ta-ta-na-pá-lá a-pu-tum i-na KÙ.BABBAR mì-ma lá ta-ṭá-ḫi-a KÙ.BABBAR a-na a-lim{ki} li-ip-ḫu-ra-ma ša ki-ma ku-nu-tí li-il₅-qé-ú-ma a-šar KÙ.BABBAR 1 GÍN i-na a-lim šu-té-bu-lá-tù-nu-ni pu-ut-ku-nu lu za-ku-a-at a-na pu-šu-ke-en₆ qí-bi₄-ma né-nu šu-ma lá ku-a-tí a-ba-am lá ni-šu šu-ma a-bu-ni a-ta ma-ma-an ša a-na KÙ.BABBAR-áp-šu iṭ-ḫi-ú ší-be šu-ku-šu-ma li-ší-ri-iq-šu-um i-ḫi-id-ma KÙ.BABBAR pá-ḫe-er-ma a qá-tí ra-bi₄-ṣí-im pì-qí-id-ma lu-ub-lam a-pu-tum lá ta-ḫa-da-ar i-ḫi-id ú a-na ṣú-ba-tí eš₁₅-ra-at ta-ad-mì-iq-tí-ni ša a-na DUMU šu-nu-nu ni-dí-nu i-ḫi-id-ma 3.33333 ma-na KÙ.BABBAR i-na dam-qí-ma šé-bi₄-lam i-ḫi-id,"\nTell PUSu-kén, Puzur-Ištar, llabrat-bâni and Iddin-\nIštar: thus (speak) Tariš-mâtum and Bélâtum.\n4-13We have sent an attorney and the attorney has an authoritative tablet from the City (of Aššur), as to which\nno one, either in the City (of Aššur), or abroad should not raise a claim, but that the money from Sn-Nunu will be collected in the City (of Aššur). They will carry out the division in the\nCity (of Aššur) according to the will which concerns them.\nWhoever issues a claim425 abroad, every item of silver he has received will be considered as stolen by\nhim! 14-25We learn that you have continued to steal from the asûtuma-men. As for PUSu-kén which (belongs\nto the category) of asûtuma, to make available the\n425. L. 12: i-na GANlim","TC 2, 21",326,letter
e55337cc-5128-4fd5-eb7e-b96c217c90f9,a-na pu-šu-ke-en₆ qí-bi-ma um-ma ta-ri-ìš-ma-tum <gap> ù bé-lá-tum-ma lá tí-de₈-e ki-ma KÙ.BABBAR 1 ma-na.TA i-šu qá-tí-ni ṣú-ḫa-ru-ni ḫa-al-DU-ni a-bu-ni be-el-ni a-ta a-na ṣú-ḫa-ri lá ta-ša-lá-aṭ AN.NA ù TÚG-ba-tù a-dí a-na KÙ.BABBAR i-tù-ru-ni i-na É-tí-kà-ma li-ib-ší-ma a-na KÙ.BABBAR ta-er-ma KÙ.BABBAR šé-bi-lam na-áš-pè-ra-tù-ni a-šar ku-a-tí li-ib-ší-a,"\nTell PUSu-kén: thus (speak) Tariš-mâtum and Bélâ,-\ntum.\n5-12Don't you know that our boys swallowed\nevery silver mine that we possess? You (are) our father and our master. Don't (still) be too ty-rannic towards the servants!\n1 -22The tin and the fabrics must remain in his\nhouse until they are negotiated, then sell them, and send me the money. Our letters should be where you\nare!\n","CCT 4, 15c",327,letter
24732ddf-e71f-552a-ddae-e48e1845ae97,um-ma a-šur-<gap>-<gap> ma a-na ḫa-tí-tim <big_gap> qí-bi₄-ma a-ma-kam lu ṭup-pì ša a-ḫi-ki a-na-kam i-a-tí ù ku-a-tí a-na ma-mi-tim <big_gap> um-ma šu-nu-ma ṭup-pì-ni <big_gap> a-ta ù a-ša-at-kà <gap> ṭup-pì ša ḫu-bu-li-<gap> <big_gap> a-na kà-ri-im ni-<gap> <big_gap> a-na ma-mì-tim <big_gap> <gap>-dí-nu-ni-šu <big_gap> li-li-kam a-ma-kam <big_gap> ù ší-ḫi-iš-tí,"\nThus (speak) Assur-r[abi]: tell Hattitum.\n2—he-Surely, your brother's tablets (are) there. Here, [they talk about making us take an oath], you and I\n(saying) this: “Regarding our tablets, we [will seize you], you and your wife, [and] we will [show] the tablets [of your] debts to the kärum. » To (take) oath,\nthey [...] (gap ending)\nBIBLIOGRAPHY: 11. 1-5 were transcribed and translated by\nJ. LEWY, Or 15 [1946], p. 389.\n","BIN 6, 126",329,letter
30e9c9a6-4468-ec6b-81d6-7e7cae194786,a-na ḫa-tí-tim ú ša-ša-ma-a qí-bi-ma um-ma šu-sú-en₆-ma a-na ḫa-tí-tim qí-bi-ma ṭup-pá-am ḫa-ar-ma-am ša 0.5 ma-na KÙ.BABBAR ša DAM.GÀR ša i-na ṣí-li-a-ni ku-nu-ki-a IGI kur-ub-IŠTAR DUMU i-dí-IŠTAR IGI a-šùr-mu-ta-bi-il₅ kà-ṣa-ar i-na-a ú i-dí-a-bi-im áp-qí-da-ki-ni a-ma-kam ṣí-li-a-ni ku-nu-ki-a a-na {d}UTU-ub-lam ú ku-ṣí dí-na-ma lu-ub-lu-nim ú té-er-tí-ki li-li-kam a-ḫa-tí a-tí šu-ma ṣí-li-a-nu ú ku-nu-ku a-pá-aṭ-ru a-tí ú ša-ša-ma-áš ku-un-kà-ma šé-bi-lá-nim a-pu-tum ṭup-pu-um ša ta-ḫi-tim,"\nTell Hattitum and Sa-Samara: thus (speaks) Sû-Sin. Tell Hattitum. 5-13 (this is) a tablet in a sealed envelope relating to 2 silver mines of the creditor-tamkcirum which (is) in containers-silidnumb with my seal (and) which I have entrusted to you before Kurub-Istar, son of Iddi(n)-Istar, before Assur-mutappil, charterer of Inndya and Iddi(n)-\nabum.\n13-26There, give the siliânum-receptacles to my seal\nto Samas-ublam and Kuzi, so that they bring (them) to me; and\nlet your report reach me. You (are) my sister. If the\nsilidnum-vessels and my seals are opened, you and Sa-\nSamasa, seal them, and send them to me. Please, (it’s)\na tablet that deserves attention!\n","BIN 4, 55",330,letter
39f642b7-9d96-1692-4ab8-bffe2ea81c2e,a-na ḫa-dí-tim qí-bi₄-ma um-ma šu-sú-en₆-ma ṭup-pá-am ša 0.5 ma-na KÙ.BABBAR ša DAM.GÀR e-zi-ba-ki-im um-ma a-na-ku-ma KÙ.BABBAR ú ṣí-ba-sú li-iš-qú-lá-ki-ma ú ṭup-pá-am ú-ši-ri-šu a-ḫa-tí a-tí a-ma-kam 0.33333 ma-na 5 GÍN KÙ.BABBAR ṣa-ru-pá-am li-iš-qú-lá-ki-ma ṭup-pá-am ú-ši-ri-šu šu-ma KÙ.BABBAR ša-qá-lam lá i-mu-a i-na na-áb-ší-i-šu ki-ma-ma i-ba-ší-ú li-ib-ší-ma ú té-er-tí-ki iš-tí a-li-ki-im pá-ni-im-ma li-li-kam šu-ma KÙ.BABBAR iš-qú-lá-ki-im ki-lá-lá-ku-nu ku-un-kà-ma KÙ.BABBAR a ḫu-ra-ma li-ik-šu-da-ni lá-ma ḫa-ra-ni iš-ni-ú iḫ-dí,"\nTell Hattitum: thus (speak) Sa-Sin.\n3-13 (Regarding) the tablet of 2 silver mine\nthat the agent-tammkdrum left you, j5 (said) this: ""Let him pay you\nthe money and its interest and deliver the tablet to him. » You (are)\nmy sister, there, so let him pay you mine 5 shekels of silver\nfinally and deliver the tablet to him.\n14-275 he refuses to pay the money, let it remain in deposit\nwith him as it was (the case until now), and let\nyour report reach me by the next traveler. If he\npaid the money, you two seal it so that the money\nreaches me in Hurrama before my course changes (direction), see to it!\n","TC 3, 116",331,letter
09fd5c7c-6a69-5b49-c949-d185224e63a9,a-na šu-pì-a-aḫ-šu-šar ù ḫa-tí-tim qí-bi₄-ma um-ma šu-lá-ba-an ù a-na sà-a-ma 1 {TÚG}ku-ta-nam qá-ab-li-am a-na šu-pì-a-aḫ-šu-šar 1 TÚG šu-ra-am ša a-ki-dí-e a-na um-me-na-ra 1 TÚG ù ša a-ki-dí-e a-na ḫa-tí-tim ku-nu-ki-a ù ku-nu-ki a-ni-ni me-er-i-tí-ki-na ma-ṣí-li kà-ṣa-ar ma-nu-ba-lu-um-a-na na-áš-a-ki-na-tí ù a-na wa-ar-dim ù me-me-e iš-tí wa-ar-ki-ú-tí-im ú-šé-ba-lam KÙ.BABBAR a-ma-kam ša ub-lá-ni a-wi-il₅-tum ta-ta-ba-al-ma ša 0.33333 ma-na KÙ.BABBAR tù-dí-tám té-pu-ša-am ri-iḫ-tám ta-ta-ba-al KÙ.KI mì-ma šu-ku-bu-um lá i-dí-nam GÉME-tù-um i-a-tù-ma en-na-ma-num mì-ma lá i-dí-nam um-ma šu-ut-ma 0.66666 ma-na KÙ.BABBAR i-na wa-ar-ki-tí-a a-da-na-ki-im 1.5 GÍN KÙ.BABBAR a-lá-ḫu-um ub-lam 1 mu-uš-ṭum 2 ší-kà-tim Ì.GIŠ ma-al-a <gap> ki-ma ší-kà-tám šu-ma na ar KÙ.GI i qé-er-bi₄-im ša-ak-nu lá i-de₈ i be-tí-ni iḫ-tí-li-iq pá-ar-ší-ak DUMU ḫa-na-na-ri-im ub-lá-ki-im na-aḫ-lá-áp-tám en-LÍL-ì-lí ni-a-ú-um ub-lá-ki-im ší-kà-tám ša KÙ.BABBAR a tù-dí-tim i-a-ú-tim <big_gap> <gap>-ma-tám mu-ša-am mì-ma ši-mu-<gap> šé-bi₄-lim,"\nTell Supiahsusar and Hattitum: thus (speak) Su-\nLabâ[n and] Ayâ.\n4-16Masi-ilia, the freighter of Mannum-balum-Ana,\nbrings you a medium-quality kutânurn cloth for Su-\npiahšušar, an Akkadian sitrumb-clothe for Umminara,\na sitrum-clothe Akkadian for Hattitum, to the seal of Ae and to the seal of Aninila, your daughter, and I send it with further transport to Wardum and Memè. rest.\n22-28 (Concerning) gold, Sa-Kubum gave me nothing,\nmy own husband, Ennam-Anum, gave me nothing, saying: ""I will give you some silver when I return!"" »\n28-39 Alâhum brought me 1 2 shekels of silver, a comb\nand 2 vials filled with oil, he did not know that the vials had been placed inside (...); he was lost\nin our house. The son of Hannân-Nârum brought you a headdress. Ennum-ili, ours, brought you a coat. A\nsilver flask, 2 tudittumm pins, earrings,\n[... ], a mussumme jewel, send me everything I left.","CCT 3, 31",332,letter
1e958dd4-f99e-7729-76d4-0269f8df2a38,a-na ḫa-tí-tim qí-bi-ma um-ma zi-ik-ri-il₅-kà-ma li-lu-tí-i ta-áš-me-i-ma a-wa-tim ḫa-am-ṭá-tim tù-lá-pí-tim ma-a um-ma a-tí-ma <big_gap> iš-tum <gap> <big_gap> ù a-ḫi iš-tù MU.5.ŠÈ lá-šu a-ni-a-tim tù-lá-pì-tí-im iš-tù a-na wa-aḫ-šu-ša-na a-li-kà-ni li-bi₄ a-di ḫa-am-ší-šu im-ra-aṣ a-ma-kam ša-il₅-tám ša-li-ma té-er-tí-ki li-li-kam,"\nTell Hattitum: thus (speak) Zikri-elka.\n4-15You heard (speak) of my impotencea and you\nwrote me incendiary words [...] (and) you (wrote) this:\n[... ] and my brother has been absent for[for] 5 years! » This is what\nyou>428 wrote to me.\n16-19Since I went to Wahsušana, I have had five\n[opportunities to] get angry!\n20-23 Over there, ask the oneiromancer and send [me\nter] instructions.\n","BIN 6, 93",333,letter
257898a7-a4d6-81ae-5d8f-f5c5efaf98a2,a-na <gap>-<gap> <big_gap> e-dí-in-a-šùr ù <big_gap> qí-bi₄-ma um-ma <big_gap>-ma a-na <gap> qí-bi₄-ma a-bi a-ta be-li a-ta 2 GÚ 10 ma-na AN.NA za-ku-a-am i-na e-ra-áb ILLAT ša-qá-lam qá-áb-a-tí i-na e-šar-tim ma-na-im ku-wa-tim-ma a-na e-dí-in-a-šùr ù i-lu-ki šu-qú-ul ù a-ta-ma e-dí-a-šùr a-šar a-na bu-ru-uš-ḫa-dum AN.NA a-ni-am i-ša-lu-ḫu-ni mì-li-ik šu-ma KÙ.BABBAR a-na a-lim{ki} li-ik-šu-da-am i-na wa-ṣa KÙ.BABBAR <big_gap> ku-nu-ku-kà i pá-ni né-pí-ší-im li-pu-<gap> ù KÙ.BABBAR-áp-kà a-na <gap> <gap>-tí-kà ra-ga-<gap> 1 ma-na KÙ.BABBAR <big_gap> a-na <big_gap> a-ṣé-<gap> <big_gap> <gap> KÙ.BABBAR a-na a-mur-{d}UTU <gap> <big_gap> dí-in ù <gap> <big_gap> tám a-na a-mur-{d}UTU dí-in,"\nThus (speak) Aššur-rabi: tell Maganika.\n3-12Why did you write to me like this: “I will open\nthe sealed room and I will sell the beer bread. ""The ground floor as well as the upper floor, are they not sealed by my seal? Please, until I arrive, do not open any seals on the house, and watch my seals carefully (that they remain intact).\n12-17The emigtumb-woman ran away from me, and\nso I have been delayed until this day. As you have certainly watched it carefully (so far), please continue to watch it carefully until you see me in person. 17-22 Just because I have sent you tin several times and it hasn't been returned to you doesn't mean I won't send you anything again! I will send you some with the servant of Iknnum.\n22-27Why do you let a stranger stay in the house while you have gone to (live) with a\nman? If you (are) my daughter, watch the house carefully, we will arrive in ten days!\n27-32 Let your report reach me with Kena-Assur\nabout everything you learn. Seal the gift\nand a pair of (shoe) buckles, and send them to me\nvia Kéna-Aššur.\n","BIN 6, 20",334,letter
c4ab6a10-65cd-b48b-5c4c-8c95ba0b3a9e,um-ma in-bi-IŠTAR-ma a-na ša ki-ma i-a-tí qí-bi-ma i-na UTU-ši ša a-šùr-e-nam ù šu-li e-ru-bu-ni-ni na-áš-pè-ra-tí-a iš-tí a-šur-ma-lik ù šu-iš-ḫa-ra ŠEŠ-šu ší-ta-me-a-ma na-áš-pè-er-tám a-na a-lim{ki} a-ṣé-er a-bi₄-ni ù ša ki-ma šu-nu-tí ša 22 ma-na KÙ.BABBAR ni-is-ḫa-sú wa-ṣí-sú DIRI ša-du-a-sú ša-bu <big_gap> <gap> ni <gap> be tù-ma <big_gap> lá i <gap> <big_gap> <gap> ù me-ḫe-er na-áš-pè-er-tí-šu-nu a-ṣé-ri-a šé-bi₄-lá-nim mì-ma KÙ.BABBAR i-na a-lim a-na a-bi₄-ni iš-qú-lu-ni té-er-tum ša a-bi₄-ni ù ša ki-ma šu-nu-tí li-ba-al-ki-tám-ma ṭup-pá-am ša KÁ DINGIR <gap> me ší <big_gap> tí ṣú-ḫa-ru a-ta-ḫi-tim <big_gap> a-bi₄-ni ša áb <big_gap> lá tù-ša-<gap> <big_gap>,"\nThus (speak) Aššur-rabi: tell Ab-šalim.\n3-17I am well, you need not worry at all.\nSn-Kubum and Hanunu, sons of Kuziya, bring you 3 mines\ndof copper. There, I (did) not give you any instructions.\nMake 5 bags of beer loaves. Pay 2 shekel to Aššur-\nSamši, the scribe. Bring out some golden rings. Watch the house carefully during the night.\nBIBLIOGRAPHY: 11. 14-17 are transcribed by H. HIRSCH,\nUAR, p. 63.\n","BIN 6, 6",335,letter
0906dd5e-6922-2f05-1090-1e602be9a183,um-ma a-šur-GAL-ma a-na ab-ša-lim qí-bi-ma 1 ma-na KÙ.BABBAR ku-nu-ki-a a-na na-an-du-im šu-a-šur DUMU kur-ub-IŠTAR IGI a-lá-ḫu-um IGI <big_gap> <gap>-sú-en₆ DUMU i-dí-ku-bi-im a-dí-in-šu-ma na-áš-a-ki-im KÙ.BABBAR i ku-nu-ki-a a-dí a-lá-kà-ni li-bi-ší 10 GÍN KÙ.BABBAR ku-nu-ki-a šé-bu-ul-tí-ki šu-ut-ma na-áš-a-ki-im ri-ik-sà-am ša lá-qé-ep šu-ma AN.NA ta-áš-a-ma ṭur₄-da-ni-šu šu-ma AN.NA lá ta-áš-a-ma ra-qá-ma ṭur₄-da-ni-šu a pá-ni-a mì-ma AN.NA lá ta-ša-a-ma a-dí a-lá-kà-ni qé-mu-um 1 DUG ù 2 DUG li-im-ḫu-ra-ni ù <gap> a ší-mì-im dí-na,"\nThus (speak) Aššur-rabi: tell Ab-šalim.\n3-14I gave a silver mine in my seal to Su-\nAššur, son of Kurub-Ištar, for transport, before\nAlâhum, before [X-x]-sin, son of Iddin-Kubum, and he brings it to you. Until I arrive, the money must remain under\n429. M. T. LARSEN, OACP, p. 16, n. 13.\n430. K. HECKER, ArOr 47 [1979], p. 413-141.","KTS 1, 2a",336,letter
4584f3b8-68e4-e23f-464c-bd17647596cd,um-ma {d}en-LÍL-ba-ni-ma a-na áb-ša-lim qí-bi-ma ḫa-ra-ni wa-ar-kà-at PÚZUR-a-šùr a-dí 10 u₄-me-e a-šùr-lá-ma-sí ma-ḫa-i a-mì-ša-am a-ṭá-ra-dam a-pu-tum iš-tí-šu ṣú-ḫa-ar-tám lu-šé-ṣí-am 3 GÍN KÙ.BABBAR ku-nu-ki-a ù 1 TÚG qám-sú-um ša ṣú-ùḫ-ri-im a-na ṣú-ḫa-ar-tim PÚZUR-a-šur na-áš-a-ki-im a-šu-mì am-tim ut-ru-wa-šu šu-ma a-ma-kam iš-tí-ki wa-áš-ba-at ù-lá-ma a-a-kam-ma wa-áš-ba-at té-er-tí-ki li-li-kam a-šu-mì ḫa-muš-tim ša a-bi-ni ša-áš-ḫu-tim a ša ki-ma i-a-tí ù um-mì-ni áš-ta-pár ù a-ma-kam šu-ma ḫa-muš-tí a-bi-ni <big_gap>,"\nThus (speaks) Enlil-bâni: say <to> Ab-salim.\n3-9My journey (will take place) after (that of) Puzur-\nAssur; In ten days I will send Assur-lamassi, my uncle, over there. Please, with him, let him take the maid.\n9-19Puzur-Asšur bring you 3 shekels of silver to my\nseal and a child's karnsurn cloth (for clothing)\nfor the maid. Concerning the servant Udruwassu, let your report reach me (to tell me) whether she is there with you, or whether she has remained anywhere. 19-25 Concerning settling our father's one-fifth share, I have written to my representatives and our mother, and there, whether [our father's one-fifth share... ]433. L. 34-36:...su-ma se-¢m ta-[sa-pd-kà], a-li-bi4 se-im-\nma su-up-kà-su AN.[NA], 3 GIN KU.BABBAR v si-it-ra-[am].","BIN 4, 68",340,letter
bdc605f8-77f0-dc76-03c7-99061c5845c8,um-ma {d}en-LÍL-ba-ni-ma a-na áb-ša-lim qí-bi₄-ma té-er-tí a-ṣé-er ša ki-ma i-a-tí i-li-kam a-ma-kam ṭup-pè-a li-ip-té-ú-ma a-la-an 2 ṭup-pè-e ša ú-šé-lu-ni mì-ma ṭup-pá-am ša-ni-am lá ú-šé-lu i-zi-zi ki-ma ṭup-pè-e ú-šé-li-ú i-na ma-aḫ-ri-ki li-ik-nu-ku-ma ku-nu-ki-šu-nu ša-ṣí-ri-i ki-ma pá-ni-ú-tí-ma ṭup-pè-e a-na kà-ri-im šé-li-i-šu-nu <big_gap> ḫa-ra-ni a-mì-ša-am 5 GÍN KÙ.BABBAR ku-nu-ki IŠTAR-pá-li-il₅ ub-lá-ki-im 5 GÍN KÙ.BABBAR a-ta-a ub-lá-ki-im 3 GÍN KÙ.BABBAR nu-ur-ki-ì-lí na-áš-a-ki-im,"\nThus (speak) Enlil-bâni: tell Ab-salim.\n3-19My instructions have gone to my representatives; there let them open my archives. Apart from the two tablets they brought out, they must not extract any other tablets. Stand (by their side). When they\nhave extracted the tablets they seal (the safe\na again) in your presence. Watch your\nsseal carefully. In the same way as before, the tablets, extract them for the kârurre, my journey (takes me) that way. 29-23Ištar-palilu has brought you 5 shekels of sealed silver,\nAtâya has brought you 5 shekels of silver (and) Mur-Id-Hi brings you\n3 shekels of silver.\nNOTE:\na. We would expect a plural since it concerns the seals of the representatives of Enlil-bâni responsible for handing over","CCT 4, 13b",342,letter
b8b63168-2bb9-9bad-34d2-263e055d501c,um-ma bu-za-zu-ma a-na pu-šu-ke-en₆ qí-bi-ma a-šu-mì ṭup-pì-im ša É i-ku-pí-a DUMU a-ta-a a-na ša iš-tí <big_gap> a-šùr-{d}UTU-ši a-li-li áš-pu-ra-ni ṭup-pá-am ša a-lim{ki} sà-ak-li-a na-ší i-na {d UTU-ši sà-ak-li-a ta-ma-ḫu-ru-ni-ma ṭup-pì ta-ša-me-ú a-ma-kam ši-it-a-al-ma šu-<gap> <big_gap> ša kà-ni-iš dam-qá-ma <gap> <big_gap> dam-qí-iš tù-ṣí a <gap> <big_gap> <gap> ta-kà-ṣa-ad <big_gap> <gap> ša kà-ri-im <big_gap> ṭup-pé-e šu-nu-tí i-na <big_gap> <gap>-tim ta-ri-a-ma ša-ṣé-er-ma <big_gap> u₄-ma-kál i-na kà-ni-iš lá i-bi-at ur-ki ḫu-ur-ší-a-ni-kà <big_gap> <gap>-du ṭup-pé-e ša a-bi₄-ni <big_gap> <gap>-ni-ma ṭup-pé-e ša É <big_gap> qá-at-kà i-ṣa-bu-tù <big_gap> <gap>-e-šu ta-ma-lá-ku <big_gap> <gap>-a ša É ú-ṣur-ší-IŠTAR <big_gap> li-dí-na-ku-nu-tí-ma ṭup-pè-a <big_gap> <gap> me-ḫa-ar-šu-nu li-ba-al-ki-ta-ma ú šu-nu-tí <gap> ṭup-pé-e ša a-bi₄-ni i-na ḫu-<gap> <big_gap> ku-un-kà-ma lu-ub-lu-nim ú-tù-ub-tí šu-<gap> <big_gap> šál-ma-at a-šar ša-zu-uz-tí-kà pì-qí-id-ma ú ma-lá ta-<gap>-<gap> <big_gap> na-an-ší-am a-pu-tum u₄-ma-kál lá i-bi₄-a-at a-bi₄ a-ta be-lí a-ta šu-ma <big_gap> a-na ṭup-pì-im i-ḫi-id,"\nThus (speak) Asšur-lamassi and Aššur-rabi: tell Ab-\nsalim and Sikri-elka.\n""We are well. You need not worry about anything. Please watch the whole house carefully.\nl9-195i Ili-taklä.ku has arrived from Timil<ki>ya431 or\nwell if whoever among the servants has arrived, you should not [retain] him, send him to me.\n17-18Tell Sikri-elka: please, whoever (... )has\nNOTE:\nThis letter probably contained a second page\nwhich has not been found.\n338 (TTC 19)\nThus (speaks) Asšur-lamassi: say to. Ab-Salim.\n3—sEnnânum, son of Sasiya, brings you 10 shekels of silver to my uncle's seal and 2 shekels of silver to my seal.\n9-19You (are) my sister, I have left for the City\n(of Asšur) In addition to the 3 mines of your silver that we had previously brought to the City. (from Asšur), subsequently, my uncle sent 1 2 silver mina Send for my further transport the price and [...] good quality (shoe) buckles that you have.","BIN 6, 5",337,letter
5c82c790-daf8-fcb8-84ed-6fd1f863c4a0,um-ma {d}en-LÍL-ba-ni-ma a-na a-šur-GAL a-lá-ḫi-im áb-ša-lim ú ša-ak-ri-il₅-kà ú i-dí-{d}UTU qí-bi-ma šu-ma ú-nu-tum i-ta-dí-ma ma ḫa-ra-nu-um wa-šu-ra-at ú-nu-tám šu-um-šu ša i be-tim i-ba-ší-ú a-na be-tim e-ší-im še-ri-ba-ma iš-tí É.GAL-lim ú du-ri-ni i ku-nu-ki-ku-nu ku-un-kà-ma ma-ma-an lá i-pá-té lu qé-mu-um lu ar-ša-tum a-šar še-um i-ba-ší-ú šé-ri-ba-ma pè-eḫ-a ma-lá té-zi-ba-ni me-eḫ-ra-am a-na am-tim dí-na ú ša-ni-am i-na É.GAL-lim ez-ba-ma am-tum iš-tí a-lá-ḫi-im lu ta-ta-al-kam 1 am-tam ki-la-ri-tám a ší-mì-im dí-na-ší i-dí-{d}UTU ú am-tám ra-bi₄-tám a-šar be-tim na-ḫi-da-ma ku-nu-ki ša É.GAL-lim ú du-ri-ni lu-ša-ṣí-ru a-na pá-ḫi-kà-ri É šu-IŠTAR ma-ma-an lá i-ṭá-ḫi 0.5 ma-na KÙ.BABBAR um-ma-ša ša am-tim ḫa-bu-lá-at ṭup-pá-am ḫe-er-ma-ma a-na áb-ša-lim dí-na a-ḫa-ma 7.5 GÍN KÙ.BABBAR ḫa-bu-lá-am ša-áš-qí-lá-ší šu-ma še-am ta-ḫa-ša-aḫ a-li-bi še-im-ma šu-up-kà-ma an-<gap> <gap> 3 GÍN KÙ.BABBAR ú ší-it-ra-am,"\nThus (speaks) Enlil-bâni: tell Asšur-rabi, Alâhum, Ab-\nšalim Sikri-elka432 and Iddin-Samas.\n5-2ISf the furniturea... b, and the road is accessible, whatever furniture is in the house,\nbring it into the new house, then seal the\nmain room and the coins around by your seal, and no one must open it. Whether it's flour or wheat, wherever there is grain, bring it in and lock it up. Give the servant a list of everything you have left, and leave another (list) in the main room, then let the servant come with Alâ, hum. 22-29 Sell her a servant from Kilarac. Leave the entire building in the care of Iddin-Samas and the oldest servant so that they can carefully monitor the seals in the room main and surrounding rooms!\nNo one] must go near the beer loaves of\nthe house of Sn-Istar.\n39-36The servant's mother owes me 2 silver mina,\nput her tablet in a sealed envelope and give it to\nAb-šalim. Besides, she owes me 7 shekels of silver, so\nmake her pay! If she [pays (her debt)] in barley, add it\n432. L. 3:\nSpa-ak-ri-el-ka. This is the same woman who wrote letter 333 to Hattitum.","CCT 3, 14",339,letter
8c809375-69ae-8d7e-18cf-4764e8d56120,a-na i-na-a qí-bi-ma um-ma ta-ra-am-ku-bi₄-ma šé-bu-lá-tim ki-a-ma tù-uš-té-né-ba-lam a-na-kam TÚG.ḪI.A ša i-kà-bu-tù lá uš-té-né-ba-lá-ku-um 1 ma-na KÙ.BABBAR ša tù-šé-ba-lá-ni a-na 15 GÍN.TA KÙ.BABBAR ša a-na É a-lim{ki} ú-ša-qú-lu lá ma-ṣí ša ki-ma ku-a-tí um-ma šu-nu-ma né-nu lu ni-iš-qúl a-na-ku-ma a-ší-i qá-tí-a ú-lá-qí-it-ma 5 ma-na KÙ.BABBAR a-na É a-lim{ki} aš-qúl a-dí ma-lá ù 2 šé-ni-šu áš-pu-ra-kum 5 ma-na KÙ.BABBAR šu-qúl a-ṣé-er 1 TÚG <big_gap>-um šé-bu-lá-tim <big_gap> a-na <big_gap> <gap>-ri be-tim <big_gap> <gap>-tám a-šu-mì <big_gap> ša i-ba-ší-ú <big_gap> ša taš-pu-ra-ni mì-ma lá i-dí-nam um-ma šu-ut-ma 1 ma-na KÙ.KI iš-tí um-mì-a-ni a-lá-pá-at-ma,"\nSay[s] to Innâya: thus (speaks) Tarâm-knb[i].\n3-6You indeed constantly send me payments (of money); but, here, I cannot send you every time (in return) fabrics which (are) heavy.\n7-19 (Regarding) the mine of silver that you make me\ncarry, (this) money is not enough for the amounts of\n15 shekels per (person) that I have to pay at the Town Hall.\nYour representatives (proposed to me) this: “Let us pay (it)! » But I gathered the iron (forming) my share, and I paid 5 silver mines at the Town Hall. I wrote to you several times: “Pay the 5 silver mines! »\n20-29In addition to a cloth [... ] the payments [... ]\nfor [... ] the house [... ] Concerning the ... ] which are [... ] and for which you wrote to me, he gave me [nothing]\n, (and) he (told me) this: ""I am going to register a gold mine with the lenders"".\n","CCT 3, 23b",343,letter
53cd3528-154a-75ac-1316-49739de9cd43,a-na i-na-a qí-bi-ma um-ma ta-ra-am-ku-bi-ma ta-áš-pu-ra-am um-ma a-ta-ma ša-wi-ru-ú ù a-nu-qú-ú ša i-ba-ší-ú-ni ša-ṣí-ri a-na a-kà-li-ki li-ib-ší-ú ke-na-tim-ma 0.5 ma-na KÙ.GI DINGIR-ba-ni tù-šé-bi-lam a-i-ú-tim ša-wi-ri ša té-zi-ba-ni i-nu-mì tù-úṣ-ú KÙ.BABBAR 1 GÍN ú-lá té-zi-ba-am É-tam tù-lá-qí-it-ma tù-šé-ṣí iš-tù tù-úṣ-ú-ni da-nu-tum bu-bu-tum i-na a-lim{ki} ù-lá še-am 1 SÌLA té-zi-ba-am še-am a-na ú-kúl-tí-ni áš-ta-na-am ù tap-ḫi-ra-am ša šu-ri-nam i-na it-<gap> <big_gap> a-dí-in-ma lu-ú qá-tí ag-da-ma-ar ù a-na É a-lim{ki} a-na še-im <gap> ÁŠ ša a-da-da i-šu-ú-ma áš-ta-qá-al mì-num ri-ib-šu ša ta-áš-ta-na-pá-ra-ni a-na a-kà-li-ni-i lá-šu né-nu ri-ib-ší né-ta-na-pá-áš ša i qá-tí-a ib-ší-ú ú-lá-qí-it-ma uš-té-bi₄-lá-kum u₄-ma-am i bé-tim e-ri-im wa-áš-ba-ku ša-tum ša-na-at i-ḫi-id-ma me-eḫ-ra-at {TÚG}ṣú-ba-tí-a KÙ.BABBAR i-na ša i-qá-tí-kà-ma i-ba-ší-ú šé-bi₄-lam-ma še-am 10 ÁŠ lá-áš-am a-šu-mì ṭup-pí-im ša a-šùr-i-mì-tí DUMU ku-ra ša ší-bi₄ ša il₅-qé-ú É-tám ú-ša-aḫ-dí-ir-ma a-ma-tim ú-kà-tí-ma ša-zu-úz-ta-kà a-wa-tám ig-mu-ru-ma 0.66666 ma-na KÙ.BABBAR áš-ta-qal a-dí ta-lá-kà-ni lá i-ra-ga-am i-na a-lá-ki-kà ta-ta-ú-wa mì-šu-um ta-ki-li ta-áš-ta-na-me-ma ḫi-im-ṭá-tim ta-áš-ta-na-pá-ra-am,"\nTell Innâya: thus (speak) Tarâm-Kubi.\n3-13You wrote this to me: a Keep the bracelets and\nrings that are (here), that they serve for your food. » In reality, you made me wear 2 gold mines (by) Ili-bâni. So what\nare these [br]acelets that you left me? When you\nsleft, you didn't leave me any money (even if it was) an\nsicle. You have stripped the house bare, [and] you have emptied (everything).\n14-38Since[s] you left, a [terrible] famine\n(has set in) in the City (of Asšur) (and) you have left me not barley (even) a liter. I constantly need to buy barley for our food, and concerning the temple collection for which I gave an emblem in..., certainly, I finished (all that) I had in hand, and I paid at the Town Hall for [x] simdum measures [of barley] that Atata possesses. So what is (this) extravagance why you keep writing to me? There is nothing for\nour food. (But) us, (you think) we could\ndo crazy things! I gathered what I had at my disposal, and sent it to you. Today, I live in an empty house! The season is here. See to it that you send me the equivalent of my silver [materials] in [what] is in your possessions, so that I can buy 10 simdum measures of barley.\n38-48 Concerning the tablet with (the list of) witnesses\nAsšur-imitt3, son of Kura, which he took, he caused a lot of trouble (at) the house and took maids en\nged, then your representatives settled the matter. I finally had to pay 3 silver mina so that, until you\ncome, there would be no objection. When you arrive, you\nwill discuss it. Why do you keep listening to slander, and sending me angry letters? BIBLIOGRAPHY: For any information or comments see the edition of this text in C. MICHEL, Innâya, n°3.","CCT 3, 24",344,letter
c84b1e2b-f03b-9d1a-e931-545d497a0dd5,a-na i-na-a qí-bi-ma um-ma ta-ra-am-ku-bi-ma a-wa-tám ša É ku-ra ša tù-wa-du-ú ta-bu-a-at KÙ.BABBAR iš-tí pá-nim-ma šé-bi-lá-ma ṭup-pu-šu a-na É-tí-kà li-ip-ḫu-ru lu-ú ṭup-pu-um ša É en-na-sú-en₆ É šu-be-lim pá-qí-id ù ṭup-pu-um ša É ku-ra PÚZUR-a-šùr ù-kà-al KÙ.BABBAR i-na pá-ni-kà šé-bi-lá-ma i-na É ku-nu-ki-kà li-ni-dí KÙ.BABBAR a-na šé-bu-li-im mì-ma lá ta-pá-lá-aḫ KÙ.BABBAR a-na É-bé-tí-kà-ma e-ra-ab ša-tum ša-na-at KÙ.BABBAR šé-bi-lá-ma ú-ṭá-tám a pá-ni-kà li-iš-pu-ku-ni-kum ba-pí-ra-am ša e-pu-ša-ku-ni il₅-té-be-er a-šu-mì ša É ku-ra PÚZUR-a-šùr a šu-mì-kà ip-lá-aḫ-ma um-ma né-nu-ma mì-ma lá ta-pá-lá-aḫ a-wa-tám ku-bu-ús-ma ú a-wi-lúm šé-ep-šu a-na a-lim{ki} li-iq-ru-ba-am ú-sá-li-šu-ma a-wa-tám ig-mu-ur a-pu-tum ki-ma ṭup-pá-am ta-áš-me-ú al-kam-ma e-en₆ a-šùr DINGIR-kà ù i-li be-tí-ka a-mu-ur ú a-dí ba-al-ṭá-ku-ni e-né-kà lá-mu-ur du-lu-um a-na li-bi₄-ni e-ta-ra-ab ki-ta-am ú iš-ra-am a-na {d}MAR.TU-im ša DUMU šu-ku-bi-im ub-lá-ni i-na É-bé-tí-šu-ma i-ba-ší ṭup-pá-am šé-bi-lá-šu-ma ki-ta-a-am ù iš-ra-am li-dí-in-ma i-na bé-tí-kà li-bi-ší a-šu-mì am-tim a-šùr-ták-lá-ku iš-pu-ra-ma i-na ṭup-pì-šu 0.33333 ma-na KÙ.BABBAR a-na e-lá-lí DUMU šu-ku-bi₄-im a-dí-in am-tám šu-ub-ri-tám li-iš-a-ma-ki-im DUMU šu-ku-bi₄-im áš-al-ma um-ma šu-ut-ma KÙ.BABBAR a-šùr-ták-lá-ku lá i-dí-nam ṭup-pá-am šé-bi₄-lá-šu-ma am-tám li-iš-a-am-ni-a-tí bé-tám ša ṭé-ḫi É-tí-ni qá-ra-be-e PÚZUR-a-šùr iš-a-ma-kum ša É na-ga-ri-im kà-lá-šu i-lá-qé-ma iš-tí pá-nim-ma ú-šé-ba-lá-kum,"\nTell Innâya: thus (speaks) Tarâm-Kubi.\n2-8(Concerning) the matter of the house of Kura which you\na negotiated, it is canceled. Have money sent by the next person (mail), and let's collect his tablets","CCT 3, 25",345,letter
fadd5c07-4d33-5a23-f874-87a93351ce89,a-na i-na-a qí-bi-ma um-ma ta-ra-am-ku-bi-ma É ku-ra É DAM.GÀR-kà ša-im É-bé-tum iš-tù mu-a-tí-šu kà-ni-ik-ma a-na ší-mì-im uk-ta-na-lu-mu-šu a-ma-tim a-na ší-mì-im i-ta-ad-nu um-ma šu-nu-ma ù ú-nu-tám ni-ta-na-dí-in ù šu-ma ša-im É-bé-tim lá-šu a-dí i-na-a i-lá-kà-ni lu kà-ni-ik lá ni-pá-té šu-ku-bu-um a-ḫu-qar ù me-er-ú-šu uš-ta-na-ḫu-zu-ší um-ma šu-nu-ma e ta-me-ša ša ku-ra a-na ší-mì-im li-dí-nu-ma šu-a-um É-bé-sú li-zi-iz ù IŠTAR.DINGIR-šu a-bu-ta-áš-nu-ma i-za-az né-nu a-na ša-zu-za-tí-kà ni-ta-na-lá-ak-ma i-zi-za-am lá i-mu-ú a ša ku-ra-ma ú-lá ni-za-az <gap> ma-na KÙ.GI i-na ša É-kà ší-ip-kà-tí-šu-nu É ku-ra a-na ší-mì-im a-na en-na-sú-en₆ DUMU ku-ra-ra i-ta-ad-nu i-ku-pí-a a-na en-na-sú-en₆ i-lik-ma iq-bi um-ma šu-ut-ma i-na-a e-ba-ar-kà e-zi-ib lá ta-ša-am-ma lu-mu-un li-bi-im lá té-pá-ší um-ma šu-ut-ma ša da-am-qí-iš e-pu-ší-ni-ma KÙ.BABBAR i-na ṣé-ri-a im-qú-tù a-ša-am-ma ù a-ša-am iš-ta-am lá-ma-sí a-na ú-ṣur-ša-a-šùr ù DUMU i-na-a ta-lik-ma um-ma ší-it-ma i-zi-za-ma KÙ.BABBAR É DAM.GÀR lu ni-il₅-qé-ma qá-áb-li-tám lu nu-ri ù-ul a-tù-nu-ma e-ri-a-ku lu gi-mì-lúm lá i-mu-ú en-na-ma-num ú-ša-ḫi-zi-ma a-na a-lim{ki} ta-lik-ma KÙ.BABBAR ša É en-na-ma-nim i-ba-ší-ú ù ša a-na i-ku-pí-a a-na na-ru-qí-im ta-dí-nu ta-ta-ba-al a-na a-ḫi-kà ù e <gap>-ru-<gap> <gap> <big_gap> i-za-zu <big_gap> iḫ-da-ma ku-uš-da-ma É-bé-et-kà <gap> pá-ru-ru a um-me-a-ni ù ša-zu-za-tí-kà tù-dí-na-tí-ni nu-lá-qí-it-ma a-na KÙ.BABBAR ší-im ḫu-sà-re-e a-na É a-lim nu-uš-ta-qí-il₅,"\nTell Innäya: [thus (speak)] Tarä[m-Knbi].\n3-42About Kura's house, [they (want)\nto sell] the house439. Since [his death], the house has been under seal, and for [sale] it is constantly being shown. They put the maids up for sale, and (said) this: ""We will sell as much (as necessary), also the furniture, and if there is no buyer for the house, until Innäya arrives, it remains under seal, we will not open it. »\n43-49S6.-Kûbum, Ahu-(wa)qar and his sons continue to give him advice, telling him this: ""It is necessary to sell the (...)440 of Kura, but his own house must remain his; Ištar-ilsu will intercede for them. ""\n20-36 We continually go to your representatives, but they refused to act (saying): ""We will do nothing for [Kura's relatives]. » Kura's family sold [x]gold from their investments [to] Enna-Sin, son of Kurära. Ikuppiya went to Enna-Sin and\n(him) said this: ""Innaya (is) your colleague, let (drop\nthe matter), don't buy, don't give me trouble"", (but)\nhe (replied) the following: ""Since he treated me well and\nso money came to me, (then) I will buy (them),\nreally I will buy (them). » And he (them) bought!\n37-50Lamassi went to Usur-sa-Asšur and the son\ndInnäya and she (said) this: ""Act so that we borrow money from the house of a creditor-tamkärum\and that we empty the cassette, or you yourselves empty it, it's a favor! » They refused. Ennam-Anum informed her of this, and when she went to the City (of Asšur), she took the money that was in the house of Ennam-\nAnum and which you had given to Ikuppiya for (her) contract-\nnarugqum [...] to your brother and [...] they stand [...]\n439. L. 3: É Ku-ra Étd[m i-du-nu].\n440. L. 15:... e-ta-me-[x].","CCT 4, 24a",346,letter
f902aa44-e727-a430-6a1f-661677e0e1fd,a-na im-dí-DINGIR qí-bi-ma um-ma ta-ra-am-ku-bi₄-ma ú ší-ma-at-a-šùr-ma a-na-kam ša-i-lá-tim ba-ri-a-tim ù e-ṭé-me nu-ša-al-ma a-šùr uš-ta-na-ad-kà KÙ.BABBAR ta-ra-am na-pá-aš-ta-kà za-ze-ar i-na a-lim{ki} a-šùr ma-ga-ra-am ú-lá ta-le-e a-pu-tum ki-ma ṭup-pá-am ta-áš-me-ú al-kam-ma e-en a-šùr ba-mu-ur-ma na-pá-áš-ta-kà <big_gap> e-ṭí-ir ší-im TÚG-tí-a mi-šu-um la tù-šé-ba-lam,"\nTell Imdilum: thus (speak) Tarâm-knbi and Simat-\nAsšur\n4 17Here (in Agšur) we consult the oneiromancers,\nthe soothsayers and the spirits; the god Agšur never ceases to warn you: you love money (too much) and despise your life! Can't you please the god Asšur in the City (of Agšur)?\nPlease, as soon as you have read (this)\nletter, come, visit the god Agšur and save your life!\n""'Why don't you send me the price of my\neclothes?\n","TC 1, 5",348,letter
50ff3567-5058-458b-b0e6-d648aa0b2620,a-na a-šùr-DÙL ù a-mur-DINGIR qí-bi-ma um-ma IŠTAR-ba-áš-tí-ma 1 TÚG kà-áb-tám ša a-na ta-ad-mì-iq-tim a-dí-na-ku-ni šu-ma be-lí a-ta KÙ.BABBAR ší-im TÚG kà-áb-tim da-mì-iq-ma a-na a-mur-DINGIR dí-in-ma a-mur-DINGIR lu-ub-lam IGI IŠTAR <big_gap> ù IŠTAR-ṣa-at lá-ak-ru-ba-kum,"\nSay to Asšur-sulûli and Amur-ili: thus (speak) Ištar-bâsti.\n4-12 (Regarding) the thick cloth that I had given you again as a loan-tadmiqtum, if you (are) my master, sell it\nat a profit, and give the money, the price of the thick cloth, to\nAmur-ili so that he brings it.\n13-15I\nBIBLIOGRAPHY: 11. 6-15 are transcribed and translated by\nH. HIRSCH, UAR, p. 19-20, and 11. 13-15 by M. T. LARSEN,\nOACC, p. 120, n. 40.\nNOTE:\nThe envelope of this tablet, ICK 1, 28a offers the following text: ((To As""sur-sulüli and Amur-ili, seal of I""star-bâsti"".\na. For this meaning of the verb damaqum in system II, cf. 67/c.\n","ICK 1, 28",349,unknown
06c83b55-5caa-67d3-fc4d-65b87ee842ff,um-ma IŠTAR-ba-áš-tí-ma a-na PUZUR₄.IŠTAR qí-bi-ma a-bu-kà iš-tù ITU.5.KAM a-na ší-ip-kà-tim a-na qá-áb-ra i-lik-ma a-dí-ni ú-lá i-li-kam i-na u₄-mì-im ša a-bu-kà i-lá-kà-ni ù a ḫa-qá i-ṭa-ra-dam mì-šu-ú ša a-ta ù a-ḫu-kà ša i-na ba-ri-ku-nu-ma a-na KÙ.BABBAR-pì-ku-nu ù KÙ.GI ku-nu tù-uš-té-ṣa-a-ni ma-nu-um iš-tí ma-nim-ma tù-uš-té-ṣa-a a-na-ku ú ki-lá-la-ku-nu-ma mì-šu-um a-ḫu-um ša a-ḫi-im lá i-ša-me-ma ša-li-um i-ṣé-er É a-bi₄-ku-nu i-ša-lá a-ṣé-er mur-ṣí-a ù a-tù-nu tù-uš-té-ṣa-a ù sí-ḫi-tám ša ma-tim aš-me-ma da-ni-ša-ma li-bi₄ im-tár-ṣa-ku-nu-tí KÙ.BABBAR ù KÙ.GI lu ku-nu-ki-ma a-tù-nu-ma a-na a-bi₄-ku-nu na-pá-áš-ta-ku-nu lu šál-ma-at a-dí ma-tum i-ša-li-mu i-<gap> <big_gap> <gap> a-i-ma lá ta-<gap>-<gap>-id iš-tù ma-tum i-ša-li-mu ù ma-lá té-er-tí a-bi₄-kà-ma e-pu-uš-ma tí-ib-a-ma a-tal-kam li-bi₄ a-bi₄-kà lá i-ma-ra-aṣ ù iš-tí a-ḫi-kà lu ta-pá-té-a lá tù-uš-té-ṣa-a,"\nThus (speak) Ištar-bâsti: tell Puzur-Ištar.\n3-8Five months ago, your father left for Qabraa\nfor investments, and until now, he has not returned; the day your father returns, he will send your brother.443.\n\n9-30Why do you and your brother quarrel with each other for your gold and your silver? Who started the argument? I will heal you! Why doesn't one listen to what the other says? (Instead, you\nact like) a troublemaker harming your father\ns house! Not only did it make me sick, and you're arguing, but I heard about a revolt in the country and I'm very worried about you! Let the gold and silver (be) yours, for your lives must be preserved (for love) for your father! Until the land returns to peace, in [...] you must not[...]\n30-36When the land is (again) at peace, act in accordance with the instructions of your father and prepare to come. Your father must not worry! Be on good terms\nwith your brother and don't argue anymore!\n443. L. 8: ù a-ha-kà (( ha-kà » i-td-ra-/dam.\nI will pray for you Ištar and Ištar-ZA.AT.","TC 3, 112",350,letter
cb1594d3-7865-1508-ac51-e565d7988f6b,a-na IŠTAR-ba-áš-tí ù a-šùr-be-lí qí-bi₄-ma um-ma ku-tal-lá-num-ma a-na PUZUR₄-a-šùr 15 GÍN KÙ.BABBAR ta-ad-mì-iq-tí-ki IGI en-na-nim a-dí-in IGI pu-pu-ra-nim a-na PUZUR₄-a-šur áp-qí-id ša a-šur-be-lí 12 GÍN KÙ.BABBAR a-na <big_gap> kà-ṣa-ri-kà áp-qí-id lá <gap> <big_gap>-nim a-ḫa-tí a-tí li-bi₄-ki lá i-lá-mì-in,"\nSay to Ištar-bâšti and Aššur-béli: thus (speaks) Ku-\ntallânum.\n4—""I gave to Puzur-Aššur 15 sides of silver (representing) your loan-tadmiqtum, in front of Ennânum. I entrusted it to Puzur-Aššur (also) in front of Puppuranum.\n10-15Regarding Aššur-béli, I entrusted 12 sides\nof money to [.. ]444\nis—lam (es) my sister, you must not get into trouble.\n","VS 26, 41",351,letter
fb05f741-db74-653a-3108-8ba36c7107ba,um-ma im-dí-lúm-ma a-na IŠTAR-ba-áš-tí qí-bi-ma a-pu-tum ba-ab-tí-ki za-ki-i KÙ.GI ša DUMU li-mì-šar ša-dí-ni-ma šé-bi-lim a-mur-DINGIR ki-ma AN.NA ù TÚG.ḪI.A i-na É.GAL-lim ú-ṣa-ni a-na bu-ru-uš-ḫa-dum li-ta-lá-ak-ma a-ma-kam lá i-sà-ḫu-ur na-ḫi-dì-šu-ma a-ma-ma-an lá ú-šar Ì.GIŠ DUG.GA šé-bi-lim a-pu-tum mì-ma ṭup-pí-a lu ša DUMU ì-lí-dí-na-šu lu ša bu-ṣí-a ša-ṣí-ri,"\nThus (speaks) Imdilum: tell Ištar-bâsti.\n3-18Please make available your goods\nsold on credit. Get the gold from Limiššar's son and send it to me. Once the tin and the fabrics have left the palace, let Amur-ili go to Burušhattum, but there he must not linger; tell him that he must not give them to anyone! Envoie-moi de l'huile de bonne qualité.\n445. This correction is proposed by CAD N/2, p. 139b.\nThe passage, 11. 21-25, is read as follows: libbi abika\nhaddi atta la tfdê kima ûmam la a-na-zu -<ru>-kà arhis al-\nkamma. Note, however, that on J. LEWY's copy we can read ki! (SU)-ma and al-k[am] rather than alkamma.","TC 3, 56",353,letter
18ac7093-f36f-ff7c-c6fe-16b7f25913f3,um-ma im-dí-DINGIR-ma a-na iš₈-tár-ba-áš-tí ù a-mur-DINGIR qí-bi-ma a ma-lá té-er-tí-a ṭup-pí-a ší-ta-me-a-ma lu AN.NA-ki lu TÚG-tí-a lu e-ma-ri dí-na-ma lu ba-áb-tí ma-lá qá-at-ku-nu ik-šu-du lu ša ki-ma i-a-tí me-eḫ-ra-tim i-na-dí-ú ù a-dí 10 ma-na KÙ.BABBAR ša ta-áš-pu-ri-ni um-ma a-tí-ma ša ki-ma ku-a-tí ú-lá i-mu-ú šé-bi-lim-ma ša KÙ.BABBAR-pí-ki ší-ma-am a-ša-a-ma a-mur-DINGIR ú-šé-ṣa-a-ki-im a-mur-DINGIR a-ma-kam lá i-sà-ḫu-ur ší-ma-am áš-a-ma lu AN.NA-kam lu TÚG.ḪI.A i-ba-ší ù a-na-ku lá kà-ṣú-da-ku a-mur-DINGIR u₄-ma-kál lá i-bi-a-at li-it-bé-a-ma li-tal-kam maš-kà-tám ú-lá a-ša-kà-nam a-mur-DINGIR ú-qá-a a-dí a-mur-DINGIR i-lá-kà-ni lá ta-ḫa-dí-ri ki-ma a-mur-DINGIR e-ru-ba-ni-ni u₄-ma-kál lá uš-bi-a-sú 1 {TÚG}a-bar-ni-am 0.33333 ma-na KÙ.BABBAR áš-qúl a-na iš₈-tár-ba-áš-tí e-lá na-ší ú-za-an a-mur-DINGIR pí-té pá-lá-ḫa-am lu i-de₈ a-na NINDA ù KAŠ lá i-da-gal lu a-wi-il₅ ta-aḫ-sí-is-tum ša ú-ṣur-ší-IŠTAR ù 10.5 ma-na 5.5 GÍN KÙ.BABBAR ša IGI e-na-be-lim ù a-šur-SIG₅ i-na li-bi ṭup-pì-a-ma li-ib-ší KÙ.BABBAR a-na-kam i-ta-aq-ra-ni i ṭup-pí ṭup-pí-ma uš-tám-ṭí-ku-nu,"\nThus (speaks) Imdilum: tell Istar-bä ti and Amur-ili.\n3-14Listen carefully to my tablet, and according to my instructions\nsell my tin, my fabrics or my donkeys, and send me either what you have obtained from my goods\nsold on credit, or what my representatives will deposit\nin return. And about the 10 silver mines for which you wrote me this: “Your representatives refuse (to pay them)! » With your money, I will make purchases\and I will send Amur-ili (with the purchases) for you.\n15-26Amur-ili must not linger there. I have already made purchases because there is tin and fabrics (at a good price), I don't want to be kept here! Amur-\nili must not stay there for a single night, as he prepares to leave. I will not make a deposit (because) I am waiting for Amur-\nili. Until Amur-ili comes back, you don't have to worry(because) when Amur-ili comes, I won't make him stay here for a single day. You yourself come as soon as she returns446\n27— 0The fabric in the style of Abarna for which I paid a mine of silver, Ela brings it to Istar-basti.\n30-33Informs Amur-ili; that he must know how to respect (people), he must not think only of eating and drinking, he must be a respectable manb.\n34-39It is necessary that the memorandum of Usur-sa-Istar where,\nrelative to the 10 2 mins 5 2 shekels, Ennum-Bélum and\nAšsur-damiq (are) the witnesses, must remain among my tablets.\nHere, Money is hard to come by, so tablet after tablet I've been warning you.\n446. 1. 27 was forgotten by Mr. ICHISAR: i-tù-a ri-su:\na-ti al-ki-im.","CCT 4, 28a",354,letter
83b9f944-3c43-5de7-c963-a940e422db88,um-ma im-dí-lúm-ma a-na IŠTAR-ba-áš-tí-ma ù zi-zi-zi qí-bi-ma me-er-i-tí a-tí ù a-bu-ki ú-lá i-dí-i i-nu-mì a-na mu-tim a-al-DUG a-dí-nu-ki-ni 5 ma-na KÙ.BABBAR ag-mur ù iš-tù a-al-DUG mu-ut-ki i-mu-tù-ú-ni nu-a-um e-ḫu-uz-ki-ma 5 ma-na-ma KÙ.BABBAR a-na šu-mì a-ḫa-zi-ki <big_gap> <gap>-a-am <big_gap> <gap> <big_gap> lá-a a-ma a-na-ku ù me-er-ú-a i-na e-ni-ki ú-lá kà-ab-tá-ni šu-ma-mì-in₄ a-na-ku ù me-er-ú-a i-na e-ni-kà kà-ab-tá-ni ù a-na-ku ki-ma me-er-ú-a-tim ú-kà-bi-it-ki-mì-in₄ iš-tù a-na a-lim{ki} a-li-kà-ni i-bi-sà-i a-mur-ma šu-mì ú-lá ta-az-ku-ri DAM e-na-ma-nim i-na É-tí-a mì-nam tal-qé-ma <big_gap> du ša ù mu <gap> <big_gap> <gap>-du-um ú ša <big_gap> iš-té-nu-ma <big_gap> lá a-wi-lam₅ tal-qé-ma lá li-bi i-li-im-ma IŠTAR-ba-áš-tí me-ta-at i-na IGI ì-lí a-bi₄-ki <big_gap> ta-ša-ki-ni-ni ta-ta <big_gap>,"\n[Thus (speaks) Imdilum: tell [Istar-ba]sti [and Kuz]izi.\n4-5Your father does not know [... ]\n5-12When I gave you as my wife_ to Al-tab,\nI had spent 5 mines of silver. And since Al-tab, your husband, died, an Anatolian married you, [I have] again\n[... ] 5 silver mines for [... ] (gap)\n2' —9' Myself, [and] my sons, we are not important in your eyes. If I and my sons were\nimportant in your eyes, then I myself would have honored you\nlike a daughter!\n10'-14'Since I left for the City (of Assur), I\nsuffered financial losses, but you ignored me.\n14'-21' Why did the [woman] of Ennam-Anum take\nmy [side... ] her acquisitions and [... ] I wait alone [... ]\nIstar-basti [... ] before the god of your father [...] you must not place [... ]\n","VS 26, 33",355,letter
04d94aa3-b37c-4993-b033-eea61a30e209,a-na a-šùr-na-da qí-bí-ma um-ma ša-ša-aḫ-šu-šar-ma ki-ma a-ta tù-ṣú-ni 0.66666 ma-na 5 GÍN KÙ.BABBAR im-ḫu-ru-ma a-na ú-ṣú-ur-ša-a-šùr DUMU a-šùr-ma-lik i-dí-nu 3 ku-ta-ni ú-ṣú-ur-ša-a-šùr il₅-qé-ma a-na É kà-ri-im i-dí-i 12 GÍN KÙ.BABBAR KI ša-ra-pu-nu-wa im-ḫu-ru-ma i-a-tí i-dí-nu-ni-šu 4 na-ru-uq še-am É ku-tù-pí-iš ub-lu-nim a-na-kam am-ḫu-ur-ma 3 na-ru-uq e-li-a-am 3 na-ru-uq GIG É kà-ú-ba-a ub-lu-nim ù mì-ma ú-lá i-dí-nu-nim ki-ma a-ta tù-ṣú-ni a-šùr-bé-el-a-wa-tim i-li-kam-ma maš-ke-e i-zu-a-áz zi-ta-kà-a i-ib-ší-ma ù a-ni-i i-ta-ab-lu-šu-nu 15 GÍN KÙ.BABBAR ša ta-ar-ḫu-nu ší-tí KÙ ḫa-bu-lu-ú ŠÀ 8.25 GÍN KÙ.BABBAR i-dí-nu-nim ú mì-ma ú-lá i-dí-nu-nim ù iš-tí ta-ar-ḫu-nu-ú 5 GÍN KÙ.BABBAR a-ḫu-ur ù ší-tí KÙ.BABBAR šu-nu-ú il₅-qé-ú i ba-áb-tí-kà mì-ma ú-lá im-ḫu-ru-ú a-na té-er-tí-kà ú-ṣú-ur-ša-a-šùr na-ḫi-id u₄-mu-um iš-tù i-ta-at-qú ITU.3.KAM e-ṣí-e ma-ma ú-lá iš-a-ma a-na-ku-ma a-áš-a-am KI ḫa-pí-i 1.66666 ma-na 5 GÍN KÙ.BABBAR ni-im-ḫu-ur-ma u-ṣú-ur-ša-a-šùr il₅-qé-e 0.66666 ma-na KI ḫa-ku-li-e ni-il₅-qé-e ù 5 GÍN KÙ.BABBAR ú-ṣú-ur-ša-a-šur,"\nTell Aššur-nâdâ, thus (speak) Sišahšušara.\n2-19When you left, they received 3 mine 5 shekels\nof silver, and they gave them to Usur-ša-Aššur, son of Aššur-\nmalik. Usur-ša-Aššur took 3 (clothes)-kutânum, and he deposited them in the kârunt office. They received 12 shekels of silver from Sarabunuwa, and they gave them to me. The house of Kudubiš brought 4 bags of barley, I received them here and 1 bag was for me. Kaubdya's house brought 3 bags of wheat, but they gave me nothing! 19-21 When you left, Aššur-bél-awâ,tim arrived to share the skins; there was a share available\nfor 11lessr\n2_95 if these money are still owed by Tarhunn\nthey owe the rest of the money. Thereupon they gave me 8 1 shekels of silver, but they gave me nothing (else), and 5 shekels of silver are overdue with Tarhunu. As for the rest of the money, they took it. They have received nothing\non your goods sold on credit.\n29-39Usur-ša-Aššur follows your instructions. Now it's been exactly three months! He didn't buy any wood from Mama, so I bought it on my own! We received 449 1 ? mine 5 shekels of silver near Habi, and Usur-ša-Aššur 3 took them. We took 3 mina from Hakulé, and 5 shekels of silver: Usur-\npa-Aššur.\n449. L. 36:... ni-im-hu-<ur>.","AKT 1, 15",357,letter
b58a5bc3-0ef8-06d6-f69c-8a06d1ad5328,um-ma a-šur-na-da a-na ší-ša-aḫ-šu-šar qí-bi₄-ma a ša áš-pu-ra-ki-ni um-ma a-na-ku-ma a-re-eš₁₅ da-áš-e a-ša-pá-ra-ki-ma ta-li-ki-im li-bi₄-ki lá tù-lá-mì-ni ku-ṣú-um is-ni-iq-ni-a-tí-ma ù bu-lá-tí-im ša a-da-gu₅-lu-ni a-na ba-áb-tim i-tù-ar-ma a ší-a-tí lá áš-pu-ra-ki mì-šu ša um-ma a-ti-ma ú-lá al-té-e bu-lá-tí ša qá-tí iṣ-bu-tù-ni e-ṣú-ma iṣ-ba-at ma-du ḫa-lá-aq a-na ku-na-na-mì-it e-ra-áb-ma ša lá-qá-e a-lá-qé-a-ma i-wa-ṣa-i-a a-ša-pá-ra-ki-im a-ṣé-ri-a ta-li-ki-im wa-dí a li-tí-a ú-lá i-ṭá-ḫi-i šu-ma i-lá-kam kà-šu-um lá tù-ṣa-bi₄-i-ma la ta-da-šu-um ú šu-ma ṣú-ḫa-ar-tum e-ri-iš-ki ki-a-ma ú-šé-ri-šu a-šar li-bi₄-šu li-it-ru-šu,"\nThus (speak) Aggsur-nâda: tell Sigahgu-gar.\n3-14For what I wrote to you about, namely: ""I will write to you\nat the beginning of spring, and you will come here"", do not get\nangry! Winter surprised us and the operating capital that I own is now converted into goods on credit, that's why I didn't write to you453.\n\n15-33Why then did you write to me like this: “I can't take it anymore! The operating capital that I took, there is little left, a lot is lost! » I will go to Kunamet, and I will take what is to be taken. When I leave, I will write to you(again), and you will come to my house. Certainly, he must not come near me! If he ever comes, you must not\nincrease the GAsuma, nor give it to him! And if he asks for the little girl, Sâma and her children, let him take them wherever he wants.","CCT 3, 7a",361,letter
b3e54e85-f0b1-9e2b-46a4-61d73edd9985,um-ma PUZUR₄.IŠTAR-ma a-na IŠTAR-lá-ma-sí qí-bi₄-ma a-ma-kam <big_gap> a-šar É-tim ša-ṣí-ri 8 GÚ 50 ma-na AN.NA ku-nu-ku-ú i-na ḫu-ur-ší-im i-na ma-ṣa-ar-tim ma-ḫi-ri-im 2 me-at 30 TÚG.ḪI.A ša qá-tim 1 me-at 20 TÚG.ḪI.A SIG₅-tum 13 ANŠE.ḪI.A ṣa-lá-mì-ú mì-ma a-nim i-na É-tim ku-nu-ke-e e-zi-ba-ki-im a-pu-tum a-na ki-dim a-e-ma lá tù-ṣí-i a-dí té-er-tí za-ku-sà ta-ša-me-i-ni,"\nThus (speak) Puzur-Ištar: tell Ištar-lamassi.\n3-18There, watch carefully the whole house. (There are) 8 talents, 50 tin mines under seal in the storehouse of the front vault, 230 ordinary cloths, 120 cloths of good quality (and) 13 black donkeys, all this I have left in the house under seal.\n19-22 I am inside until you hear specific instructions from me (on what to do with all this).\n","VS 26, 53",362,letter
1f308ac8-ff69-6cbf-45b0-12c76e7a17b7,um-ma bu-za-zu-ma a-na lá-ma-ša qí-bi-ma i ša-am-ší ṭup-pá-am ú-lá-pí-ta-ku-ni ku-ṣú-um i-pá-ṭá-ar-ma a-na u₄-me-e ú-ṣí-a-am ú-ṭá-tám lu ša tár-ma-na lu ša ḫa-tí-a-ar lu ša du-ru-ùḫ-na ma-lá i-du-nu-ni-ki-ni iš-tí ku-ma-zi úz-ni pì-té ù a-na ší-tí ú-ṭí-tim iḫ-da-ma lá-ma a-li-kà-ni ša-dí-ni-šu al-pu lá i-tal-ku ša-ak-ri-ú-ma-an qá-nu-e li-iz-bi₄-lam šu-ma KÙ.BABBAR 5 GÍN ta-ḫa-ší-ḫi ú-ul ku-lu-ma-a ú-ul be-lá-num iš-té-en₆ <gap> <big_gap> li-dí-na-ki-im šu-ma am-tám ša sí-sí-im ta-ḫa-ší-ḫi šu-up-ri-im,"\nThus (speaks) [Buzâzu]: tell Lamâša.\n2-15The day I write the tablet to you, winter is coming to an end and I will leave in about ten days. Inform me through Kuzizi about the quantity of grain, whether from Ištar-mana, from Hati ar or from Turuhna, that they have handed over, and take care of the rest of the grain; give them to them before my arrival. 15-18 The oxen must not remain unoccupied, (for) Sakriuman must transport the reeds. 19-36 If you need money (for an amount) of 5 shekels, let Kulumaya or BOdnum, one [of the two] give it. If you (need) a servant from\nZizuma, then write to me.\nNOTE:\na. For the town of Zizum, cf. TuM 19b = EL 247, 5-6: iä-tù\na-al, Zi-zi-im and K. NASHEF, RGTC 4 [1991], p. 7.\n365 (CCT 4, 36b+37a)\nThus (speaks) Buzâzu: tell Lamâša.\n3-17I have just sent servants to Nihriya. They\n456. K. HECKER, ArOr 47 [1979], p. 407, thought that\nLamâsa resided in Assur. However, according to the letters she receives from Buzâzu, it appears that she is in Kanis. As for the\nmissives that she sent to Musa and PuSu-ken, they emanate not from Assur, but probably from an Anatolian locality.\nIndeed, there is no question of trade in fabrics, but rather of all kinds of objects rare in Paleo-\nassyrian sources.\n457. This name can also be worn by a man: there is a character named Lamâsa, son of Anini, BIN 4, 212, 8.","CCT 3, 48b",364,letter
1f481842-ddd5-bc8f-a6d8-057ca0e69968,um-ma bu-za-zu-ma a-na ú-ṣur-ša-a-šùr la-ma-ša ba-zi-a ù a-bu-ša-lim qí-bi-ma 15 ma-na SÍG.ḪI.A iš-tù tí-me-el-ki-a a-bu-ša-lim na-áš-a-ki-im i-na 2-ší-ta sú-a-tim PUZUR₄-sú-en₆ ú i-a-tí ša a šé-ni-šu šar-ma-ni-ma i qá-ra-be-tim i-ba-ší-a-ni ŠÀ.BA 1 sú-am a-na ba-zi-a dí-na-ma a ṣé-ri-a li-ni-iš-am a ba-zi-a qí-bi-ma 1 a-zi-ra-am da-nam ša e-mu-qí-im lu ku-a-tí lu i-a-tí ša-ma-ma sú-am i-na pá-ni-kà na-an-ší-am šu-ma té-zi-ba-ší li-bi₄ i-la-mì-na-kum a-na ú-ṣur-ša-a-šùr qí-bi-ma i 0.5 ma-na KÙ.BABBAR ša li-bi₄-kà 15 GÍN ta-dí-nam 15 GÍN KÙ.BABBAR i li-bi₄-kà a-šé-tám KÙ.BABBAR a-na a-bu-ša-lim dí-in-ma sà-ḫe-er-tám ša ú-ša-ḫi-zu-šu-ni li-iš-tá-a-ma-am a-pu-tum a té-er-tí-a iḫ-da,"\nThus (speak) Buzazu: tell Usur-ša-Aššur, Lamâ,ša,\nBaziya and Abu-šallm.\n5-14Abu-šalim brings you 15 mines of wool from Ti-\nmilkiya. Of the two suma-stones of Puzur-Sin and myself which have been cut in two and which are in the warehouse, thereupon, give a slim-stone to Baziya so that he can bring it to my house.\n15— Tell Baziya. Buy, either on your own account or on my own account, a solid asirumb, which is powerful, and have\nthe stone-st-Lm brought under your supervision. If you leave her, you disappoint me!\n23-32Tell Usur-ša-Aššur. Of the half-mine of silver\n(which was) at your disposal, you gave me 15 shekels, 15 shekels\n[of silver] are still at your disposal; give the rest of the money to Abu-šalim, then let him buy the small goods that I had indicated to him. Please follow my instructions.\n","TC 3, 98",367,letter
a5d39fa8-e42b-d068-eea7-9efc4916bfdd,a-na mu-za ú pu-šu-ke-en₆ qí-bi-ma um-ma lá-ma-ša-ma 3 ku-sí-a-tum ší-ta sú-a-tum 2 me-at ba-pí-ri 20 na-ru-uq ú-ṭá-tum 3 ar-ḫa-lu ŠÀ.BA 2 pá-tù-tum 1 pá-áp-ru-um 15 e-ṣú ša-áp-lá-nu i-ba-ší-ú 17 e-ṣí i-dí-ku-bu-um il₅-qé a-ša-be-šu qá-áb-li-a-tum ša KÙ.BABBAR ší-ta qá-áb-li-a-tum ša URUDU 11 sà-ma-lá-tum ú iš-té-en₆ ta-az-kà-ri-num a-ša-lá-ší-šu ta-ma-lá-ku ša ṭup-pè i-na ṣí-li-a-ni kà-an-ku ku-nu-ki-a it-gu₅-ru-um a-na ki-ší-ni a-na ša-pár-tim i-ni-dí-ma ší-im ki-ší-né-e e-zi-ba-ki-ma it-gu₅-ru a-na qá-tí-ki e-zi-ib-šu a-ḫa-tí a-tí a-ma-kam i-ša-ḫa-at pu-šu-ke-en₆ i-zi-zi-ma a-na É-be-tim er-bi₄-ma mì-ma a-nim ú-nu-tim pá-qí-sú-um šu-ma ṭup-pí ša li-bi₄ ṣí-li-a-nim ša-ak-nu-ni a-na É-tí 39 tù-uš-té-ṣí ṭup-pì-ki a-na pu-šu-ke-en₆ dí-ni,"\nSay to Musa and Pušu-kén: thus (speak) Lamas-a.\n3-213 (clothes)-kusi:tum, 2 sûm-stones, 200 loaves of\nbeer461 20 bags of cereals, 7 arhâlum-objects, — on that,\n2 badutum, 2 papruma. There are 15 logs below, Iddin-\nKubum462 took 17 logs. 7 silver boxes, 2 copper boxes, 11 cups, and (a box) of boxwood, 3 tamalakkumb containers containing tablets are sealed with my seal in silicon jars. A bowl was pawned for vetches and I left you the price of the vetches; I left the bowl with him at your disposal.\n21- ITu\nP17.šu-kén463, enter the house, and entrust him with all these\nutensils. If you have obtained the tablets that are placed inside the siliânum jar, move them home and return your tablets to Pušu-kén.","BIN 4, 90",368,letter
4d531959-088f-50a6-e0fd-212bb447a4b7,a-na mu-za ú pu-šu-ke-en₆ a-na mu-za qí-bi-ma um-ma lá-ma-ša-ma 3 a-lu-na-tum ša sí-pá-ri a ša-lá-ší-šu šu-ga-ri-a-ú a ša-lá-ší-šu ma-az-lu-gu₅ ši-ta it-qú-ra-tum ša sí-pá-ri 2 sú-pá-nu ma-me-ri 3 ḫa-ṣí-nu kà-lá-pu 4 ar-za-lu ù 1 sí-ru ša 20 ma-na mì-ma a-nim a-dí-na-ki-im a-ḫa-tí a-tí-i a-na pu-šu-ke-en₆ pí-qí-sú-nu a-šu-mì ú-nu-tim a-mì-tim iš-tù 8 MU.ŠÈ iš-tí-a za-ni a-ḫa-ma 7 ú-kà-pu ša-pí-ú-tum ŠÀ.BA 3 ú-kà-pu a-na pé-ru-a ta-dí-ni ší-tí ú-kà-pì a-na ar-na ú a šé-ni-šu ta-ma-lá-ki ku-nu-ki-a a-na pu-šu-ke-en₆ dí-in ú sí-ru sà-ḫe-er-tum e-lá-nu-ma e-zi-ba-ki-šu ú šu-a-tí dí-i-ni a-ḫa-tí a-tí-i mì-ma ú-tù-ub-tim ša ta-du-nu-šu-ni i na-áš-pè-er-tí-ki lu-up-tí-im,"\nTo Musa and Pušu-kén, say to Musa: thus (speak) Lamas-a.\n4-143 bronze tongs, 3 knives, 3 forks, 2 bronze bowls, 2 supânum bowls, a mamiruma, 3 hassinnum axes, a kalappumb-axe, 4 arzallumc tools and a 20-mine cauldron; I gave you all this. You (are) my sister, over there entrust them (to) Pušu-kèn464. 15-25 Concerning these utensils465, they have been with me for 8 years. Now, (there are) in addition, 7 thick saddlecloths, including 3 saddlecloths (which) you gave to Peruwa,\n(give) the rest of the saddlecloths to Arna-[... ] And for the two tamalakkum containers to my seal, give them to Pušu-kén. As for the cauldron (and) the small goods (that) I left you, give (them) to her too.\n26-29 You (are) my sister, write down in your report all the supplies that you will give her.\n","CCT 4, 20a",369,letter
0f8985d5-65b3-1d61-963e-170781cc3bf7,7 GÍN KÙ.BABBAR ma-áš-ku-nu it-bu-lu 0.5 ma-na AN.NA a-na qá-tí {d}IŠKUR.ILLAT ù ḫu-zi-a a-dí-in 20 ku-ta-nu 4 TÚG ša a-ki-dí-e i-a-ú-tum 5 ku-ta-nu ša i-ší-im-sú-in mì-ma a-nim i-nu-mì ì-lí-a-lúm i-li-ku ú-pá-zu-ru 1 GÚ 10 ma-na AN.NA 5 ku-ta-nu i-a-ú-tum 20 ma-na AN.NA 6 GÍN KÙ.BABBAR i-ší-im-sú-en₆ i šé-pì-šu ú-pá-ze-er,"\nTell Musa: thus (speak) Lamaša.\n2-11 If you (are) my sister (and) if you (are) my mistress,\nthen you and I must love each other! Let your report reach me regarding all the utensils that you entrusted to Pûšu-kén and thus inform me.\n12-15Regarding the tablet that my mother gave me back, and for [...] (gap)\n16-24You, entrust (it) to an honest employee. Let him bring it to me now. Let him bring it to me with your mail\n(which tells me) where you left it. When you have sent me the tablet over there, then I will prepare to leave, and I will go to your house.\n25-32You must not give lliš-takki1466 the tamalakkum containers that are in the safe. If\nPušu-kén asks for them, give them to him; otherwise until\nyou see me personally, don't give them to anyone!\n","BIN 6, 14",370,unknown
df37ba45-8e9f-73c8-2c08-d5f4177a918e,a-na pu-šu-ke-en₆ qí-bi-ma um-ma šu-bu-ul-tum-ma 7 {TÚG}ku-ta-ni KIŠIB-ku-nu-ki-a dan-a-šur na-áš-a-kum da-tám ù ni-is-ḫa-tim ú-lá i-lá-mu-du šu-ma a-bi a-ta iš-tí pá-ni-ú-tim ṣú-ḫa-ra-am ṭù-ur-da-šu,"\nTell Pûšu-kén: thus (speak) Sûbultum.\n4-10Dan-Aššur brings you 7 kutdnum-cloths to my\nsseal. (Fabrics) are not subject to the tax-ddtum\and entry duties.\n11-14If you (are) my father, send me the servant by the\nnext caravan.\nBIBLIOGRAPHY: This text was edited by K. LYCKOWSKA,\n0 Some Data about Sübultum”, Mél. L. Matouš, p. 132-133.\n11. 8-10 are transcribed and translated by K. R. VEENHOF,\nAOATT, p. 417.\n","BIN 4, 85",371,letter
1033b400-652a-2a91-0d76-38757521a3e2,a-na pu-šu-ke-en₆ qí-bi-ma um-ma šu-pu-ul-tum-ma ì-lí-ba-ni iš-tù iš-tí ú-ṣú-ur-ša-a-šùr uš₁₀-bu ar-bi-i-šu ḫa-ra-nam i-li-kam 5 GÍN KÙ.BABBAR i-na bé-ú-lá-tí-šu ú-lá al-qé ú-lá šu-ut i-na lá ma-ṣí um-mì-a-ni-šu KÙ.BABBAR 1 GÍN ú-lá ir-ší ú-lá a-na-ku KÙ.BABBAR 5 GÍN ú-lá áb-lá-aṭ šu-ma a-bi a-ta bé-ú-lá-tí-šu ta-e-er-ma a-na ṣé-ri-kà ṭá-ḫi-šu ṣú-ḫa-ru-um li-il₅-qé-šu-ma ṣú-ḫa-ri-kà sí-ni-iq-šu bé-ú-lá-tí-šu a-na qá-tí-šu lá tù-ša-ar i-ga-ma-ar a-dí qá-sú ta-mu-ru-ni šu-ma da-mì-iq ú da-mì-iq-ma a-na ḫu-bu-li-a bé-ú-lá-tù-šu li-tù-ra-am,"\nTell Pušu-ken: thus (speak) Subultum.\n4-16Since Ili-bani has been staying with Usur-ša-Aššur, he has come with the caravan four times. (But) I did not receive 5 shekels of silver from his operating capital. And he himself, through negligence, did not get any money from his backer, even for a century. Finally, I didn't even have 5 shekels of silver to live on.\n17-32If you (are) my father, return his operating capital and make him come to you. Let a servant take it (the money) but, control him as (if he were one of) servants, until you observe his actions, don't give him his operating capital, it would be spent! If this is truly correct, then may its operating capital be returned for my debts.\n","TC 3, 27",372,letter
8e1f9ae8-8327-f3d2-9de1-57d48f542a77,a-na ša-at-a-šùr qí-bi-ma um-ma a-šùr-ma-lik šál-ma-ku mì-ma li-bi-ki lá i-pá-ri-id 2 pá-ni-ri ša al-pè-e ì-lí-ma-lik na-áš-a-ki-im a-pu-tum i-na {d}UTU-ši na-áš-pár-tí ta-ša-me-i-ni šu-lu-um-ki ú šu-lu-um É-be-tim šé-bi₄-lam,"\nTell Sât-Aššur: thus (speak) Aššur-malik.\n4-I0I am well, so don't worry! lli-malik\nbrings two pannaruma for beef.\n11-17Please, as soon as you hear my message, send me your news and news from the house.\nNOTE:\nSee quasi-duplicate 374, following text.\n. The word pannarum was translated as curry by E. BILGIç,\nDie Einheimischen Appellativa der Kappadokischen Texte\nund ihre Bedeutung far die Anatolischen Sprachen, DTCFY\n96, 1954, p. 73. However, it seems strange to find such objects in written documentation. In any case,\nthis is a cattle utensil.\n","CCT 4, 15b",373,letter
78b27bcc-a569-4c29-6474-2dd51e37b15b,a-na ša-at-a-šùr qí-bi-ma um-ma a-šur-ma-lik-ma šál-ma-ku li-bi-ki lá i-pá-ri-id a-pu-tum i-na {d}UTU-ši na-áš-pè-er-tí ta-ša-me-i-ni šu-lu-um-ki ù šu-lu-um É-bé-tim še-bi₄-lam-ma <big_gap> ù li-bi-i lá pá-ri-id ší-it-ra-am ku-nu-ki-a i-dí-sú-en₆ na-áš-a-ki-im 2 pá-na-re-e ša GU₄ ì-a-ma-lik ṣú-ḫa-ru-um ša i-ku-pì-a na-áš-a-ki-im,"\nTell Sât-Aššur: thus (speak) Aur-malik.\n3-13I am well, so don't worry! Please, as soon as you hear my message, send me 468. For the genealogical tree of this family, cf. above\nchapter 6.3.1, p. 404.","BIN 4, 75",374,letter
443f7caf-888c-b9e0-7e33-178bc367ea25,um-ma ša-at-a-šur-ma a-na pu-šu-ke-en₆ qí-bi₄-ma a-šu-mì me-eḫ-ṣí-im ku-lu É-tim ma-sú-uḫ šu-ma pá-nu-kà a-na a-wi-lim ša-ak-nu a-na i-li ša-qí-i ú a-bu-ú lá e-ta-áš-ru-ni u a-ta a-ma-nu-ḫi lá ta-ša-ra-ni ú-lá ku-a-tí ma-ma-an ša-ni-a-am lá i-šu a-šu-mì iš-tù be-el-té-e-gal-lim a-di kán-bar-ta ku-ta-a DA <gap>-ma tù-ni a-ni ur-ta-i-bu 20 SÌLA ma-da-dam iš-tí a-ma-tí-kà-ma ú-uš-ta-am-ḫi-ru-ni GÉME 20 SÌLA e-kà-lá ú a-na-ku 20 SÌLA a-kál a-ni šu-mì ṣú-ḫa-ri-im lá i-za-ku-ru a-na-nu-um a-ta lá ta-za-kàr-šu-nu a-li-ku i-li-ku-nim-ma šu-mì lá ta-az-ku-ur ma-nu-ba šu-mì-i li-iz-ku-ur a-lá-ku-a-tí ma-ma-an ša-ni-a-am lá i-šu ú-lá iš-<big_gap>-tù i-na-ar ma <gap> a <gap> ni-qí-a-am i-dí-nu-nim ni-ki-is-tù-um <gap>,"\nThus (speak) Sat-Aššur: tell P1išu-kén.\n3-12About the illness, the whole household is\naffected. If you intend to go to the City (of Aššur)469\nmake an offering to the gods! The father? didn't care about me; you too, over there, you don't take care of me although\nI have no one other than you!\n13-17As you have not stopped waiting since the month\nBélet-ekallim (i) until the month Kanwarta (ix) [...] then they\nmade me tremble!\n18-25By measuring (me) (a ration of only)\n20 liters, they made me the equal of your servants! The servants\nconsume 20 liters, and I should be satisfied with 20\nliters? (Like) they have no consideration for children,\nso over here, you must not have any consideration for themb!\n2\n35Travelers came but you had no\nconsideration for me! Who then should have full respect for me? I have no one but you! Everything that (I have obtained) since the month of Narmak-Asšur (ii or\niii), (it is) a votive offering (that) they gave to me! From tin [...]","BIN 4, 22",375,letter
c1e6273e-f270-d632-623e-2b88f18d912f,a-na šu-be-lim ú ku-zu KIŠIB sú-li a-na ku-zu qí-bi₄-ma a-na-kam um-mì-i za-ak-ra-am ta-ar-ší-i,"\nThus (speak) Aššur-mutappil: tell Kunnaniya.\n3-9Concerning the tablets that Nazi and Ili-bâ.ni\nbrought to you to entrust to you, wherever you sleep,\nplace them in a safe place!\n","BIN 6, 1",377,letter
e3b0c5fd-47c2-4e3d-91b6-20cce60e5384,um-ma a-šùr-mu-ta-bi₄-il₅-ma a-na ku-na-ni-a qí-bi₄-ma 0.5 SÌLA kà-mu-ni 2 ri-ik-sí ṣú-um-lá-le-e ša 1 GÍN KÙ.BABBAR ṣí-pá-ra-tim 30 i-lá-tim 3 {TÚG}me-nu-ni-a-ni ša 1 GÍN.TA KÙ.BABBAR <gap> a ṣú-ḫa-ri ša-a-mì-ma tí-ib-e-ma a-tal-ki-im šu-ma i-nu-mì ku-du-du i-li-kà-ni ma-kà-ru-um a-na iš-ri-šu i-tù-a-ar ú-ma-am iš-té-en₆ ki-il₅-i-šu-ma tí-ib-e-ma a-tal-ki-im ša-at-a-šur i-na ša-ḫa-at wa-lá-wa-lá ÌR-dí-im ez-bi₄-i-ší lá ú-šu-ru-ší šu-ma a-wa-tum da-na-a Ì.GIŠ SIG₅ ú ṭup-pá-am iš-tí ku-du-du šé-bi₄-lim ú a-dí-i nu-a-aḫ kà-ri-im tí-ib-e-ma a-tal-ki-im {d}UTU-ta-ak-lá-ku a-šar da-al-tim lu na-al,"\nThus (speak) Aššur-mutappil: <say> in Kunnaniya.\n2-16Buy for the children â liter of cumin, 2 fa-\ngots of sumlâlûma for an amount of a shekel of silver,\ndnails', 30 bags and 3 cloths-menunianum of a shekel of silver each, then set out road. If, when Kududu arrives, the kârum has returned to normal, wait a day with him, then set off. 17-2° Leave Sât-Aššur in the care of the slave Wa-lawala. We must not leave her to her own devices!\n2°-28The situation is difficult, so send me the fine oil\nand a tablet by Kududu, and as soon as the kârum has calmed down, set off. Samaš-takldku must sleep at\ndoor471!\nBIBLIOGRAPHY: 11. 10-16 and 1. 24 are translated by\nK. R. VEENHOF, NABU 1992/5, and 1. 20 by J. HUEHNER-\nGARD, ZA 76 [1986], p. 223, n. 20. 11. 2-24 are transcribed\net translated by C. MICHEL, Mél. E. Bilgiç, 1998, text n°2,\nn. 28 30, 31 and 35.\nNOTES:\na. Sumlâlûm is a condiment, but is not yet identified.\nb. There is conflict within the kärum, that is to say in the merchant district and perhaps even throughout the city, and it is dangerous to leave until the political climate has calmed down.\n",KTH 6,378,letter
1eff8f83-e13a-4ed5-a975-b73d4270b76e,um-ma a-šùr-mu-ta-bi₄-il₅-ma a-na ku-na-ni-a qí-bi₄-ma 1 TÚG ša ṣú-ùḫ-ri-im ša lu-bu-ší-im ù 15.33333 ma-na AN.NA ki-ma 2 GÍN KÙ.BABBAR a-dí-šu-um 5 kà-sà-tim ša ḫa-bu-ra kà-ru-nu-wa a-ḫu-ú a-li-li ub-lá-ki-im 1 {TÚG}ku-sí-tam lá-be-er-tám en-um-a-šur ù zu-li-a na-áš-ú-ni-ki-im a-dí ma-áš-ke-e ša-pá-tí-im ša ta-áš-pu-ri-ni a-ša-a-ma ú-šé-ba-lam 0.5 SÌLA Ì.GIŠ ša kà-ni-i i-na ša-am-ni-im ša wa-al-ḫi-iš-na šu-pá-i-li-ma le-e šé-bi₄-lim ṣú-ḫa-ru ú-ma-kál lá i-bi₄-tù li-tal-ku-ni-im,"\nThus (speak) Aššur-mutappil: tell Kunnaniya.\n3-18I gave him a cloth to clothe the child and\n15 shekels of tin instead of 2 shekels of silver. Karunuwa, brother of Alili, brought you 5 cups of Haburda. Ennum-\nAsur and Sulliya bring you an old kusitum-cloth472.\nAs for the sheepskins you wrote to me about,\nI will buy them and send them.\n471. L. 27: dUTU-ta-ak-ld-<ku>...\n472. L. 12-13: <1> Tf3G ku-sa'-tam! (IM) ld-be-er-tam...","KTS 2, 31",379,letter
ee433616-1eb3-fe7d-4a71-f15ebf48f544,ša-a-mì-ma ma-áš-e-er-tum a ṣú-ḫa-ar-tim li-bi-ší a-dí e-ni-a ta-me-ri-ni li-ba-am a li-bi₄-ki dí-ni-i,"\nTell Walhišna and Kunnaniya: thus (speak) Aššur-\nmntappil. Tell Walhišna.\na)5—a)19I took a silver mine in the City of Aššur\nfrom your sister's property—from her rings or her\ntudittum pins—, and there I gave her the following instructions: ""For your money that I took, let the two\nservants be yours!"" »That's what I keep hearing\nthat Buzâzu has seized your servants. Turn to them so that they may kindly deliver the servants to you! If he speaks violently and refuses to release the maids, sue him! The maids belong to you!\na)20—a)26I left you at least 5 shekels of silver. I have sent you 5 shekels of silver (with) Nišašar, a servant from your father's house. In all, I left you penniless. May Galgalliya sell you barley for the sum of\n7 shekels of silver.\na)27—b)7Watch carefully the seals of the house! Never go out! Watch the house! Don't let Sat-\nAššur starve! Buy a sheep and let it serve as\n473. L. 22: su-pd-i-li-ma.","CTMMA 1, 78",380,letter
3ae0f53b-5679-6112-ab8f-2aea764c8ea7,um-ma en-nam-a-šùr-ma a-na ku-na-ni-a ù a-lá-ḫi-im a-na ku-na-ni-a qí-bi₄-ma ta-ma-lá-ki ku-nu-ki ú 2 ṭup-pè-e ḫa-ru-mu-tim ša e-zi-ba-ku-ni a-ma-kam ta-ma-lá-ki ku-nu-ki a-na a-lá-ḫi-im dí-ni ù ṭup-pu-ú li-ib-ší-ú a-dí té-er-tí i-lá-kà-ni,"\nThus (speak) Ennum-Aššur: (say) to Kunnaniya and\nAlâhum; tell Kunnaniya.\n5-15(Concerning) the sealed tamalakkum boxes and the\ntwo tablets (sealed) in envelopes that I left you,\nover there, give the sealed boxes to Alâhum. As for the tablets, let them stay (where they are) until my instructions reach you.","CCT 4, 21a",382,letter
f39b873d-18f6-4aa0-88f3-efb1a8a960e0,a-na šé-zu-ur qí-bi₄-ma um-ma ku-na-ni-a-ma a-ḫi a-ta i-li a-ta mì-na-am e-pu-uš-kà ma-tí-ma a-na a-ḫi-i-a ú-na-ke-er-kà a-ma ḫu-lu-kà-ni-kà i-na pu-zu-ri-im ú-šé-bi₄-lá-ku-um mì-šu-um a-ta a-na a-ḫi-i-a tù-kà-li-im mì-šu-um i-na e-ni-šu tù-ba-a-ša-ni mì-na-am e-pu-uš-kà i-lu-um lu i-de₈-e ú e-ṭá-mu lu i-de-ú a-na a-du-e qí-bi₄-ma ma-num iq-bi₄-a-ki-im-ma a pá-ni še-zu-ur a-ḫi-ki ta-zi-zi a-ma ig-ri É-tim ki-ma DUMU-e a-šur-mu-ta-bi₄-il₅ pu-šu-ke-en₆ il₅-qé ki-a-am da-mì-iq ki-ma a-na-ku ig-ri be-tim lá-qá-im a-ni pu-šu-ke-en₆ il₅-té-qé a-na a-du-e qí-bi₄-ma a-ma me-er-at-ki i-ra-de₈-ú-nim ra-mì-i-ší a-na še-zu-ir qí-bi₄-ma a-ma me-er-at-kà i-ra-de₈-ú-nim a-ma-kam ra-a-am-ší ší-im ḫi-lu-kà-ni-im a-ḫi lá té-ri-iš a-na a-du-e qí-bi₄-ma a-ma É-tum ù ú-tù-ip-tum a-ma-kam mì-ma lá-šu-ma ku-a-um ar-nu-um,"\nTell Sésur: thus (speak) Kunnaniya\n3-14You1 (are) my brother, you (are) my goda! So what have I done to you? I never reported you to my brother! Well,\nI sent you your cart secretly474. Why did you show it to my brother! Why do you shame me in his eyes? So what have I done to you? God is my witness, and the spirits are my witness (that I have done nothing wrong)!\n14-26Tell Adueb. Who told you to confront my brother Sésur! Well, Pušu-ken took the rent of the house instead of Aššur-mutappil's sons. It's pretty! Instead of me taking the house rent myself,\nnow Pušu-ken just took it. Tell Adue. Well\nwe'll bring your daughter, treat her with love!\n27-31Tell Sesur. Well, let's take your daughter there, treat her with love! You must not ask my brother\nfor the price of the cart.\n32-36Tell Adue. Well, there's nothing left of the house and furniture there, and it's your fault!","AKT 1, 14",383,letter
03e24c18-5246-4026-bb2f-5f58628e0369,a-na a-zu-e-el-kà qí-bi-ma um-ma ku-na-ni-a-ma šu-ma a-ḫa-tí a-tí ma ke-na-tí-ma ta-ra-i-mì-ni lá al-té-e a-mu-wa-at-ma qá-qí-ri-i lá-šu i-na pá-ni-tim té-er-tí lá i-li-kà-kum u₄-ma-am na-áš-pè-er-tí i-li-kà-kum ù a-tí a-wa-tám iš-té-en₆ kà-ri-ba-ma ú lá-tal-kam a-ni a-tí me-ra-ki-ma ú šu-ma-am ta-áš-ku-ni lá tù-lá-bi₄-iš šé-ṣú-ur ša i-na É-be-tí-a wa-áš-bu-ni ú-lá ú-lá-bi₄-iš a-na-ku u₄-ma-am ša i-na É wa-áš-ba-ku-ni-ni ig-re-e lá a-ta-na-dí-in ṭá-ba ša iš-tù MU.10.ŠÈ wa-áš-bu mì-nam i-dí-nam a-na a-zu-e-el-kà qí-bi₄-ma um-ma a-šur-ma-lik-ma šál-ma-lúm i-na wa-aḫ-šu-ša-na wa-áš-ba-at-ma um-mì a-tí li-bi lá tù-lá-mì-ni mì-ma lá ú-šé-bi₄-lá-ki-im,"\nTell Azu-elka: thus (speak) Kunnaniya.\n3-24If you (are) my sister and if you truly love me\n(listen to me)! I can't take it anymore, I'm going to die! I have no way out! Previously, my message had not reached you,\nbut today my letter has (necessarily) reached you!\nSo, you, intercede on my behalf so that I can\ngo! Now you have a son of your own, and you have made a reputation for yourself, (yet) you haven't given him anything to wear! (Similarly) I have not provided clothing for Sésur who lives in my house'. For my part,\ntoday, while I live in house477, I will\nnever pay rent! And Taba who has lived (here) for 10 years, what did he give me? 24-30 Tell Azu-elka: thus (speaks) Aššur-malik. Salim-\naLUM lives in Wahšušana. You (are) my mother. Don't get angry (because) I didn't send you anything!\n",KTH 5,385,letter
779b2ade-34c1-c95c-6616-088626c7194d,a-na a-du-e qí-bi₄-ma um-ma wa-lá-wa-lá-ma 2 GÍN KÙ.BABBAR ku-nu-ki-a pu-šu-ke-en₆ ub-lá-ki-im a-na iš-ta-ar ú iš-ḫa-ra 3 ri-mu kà-sú-um a-na iš-ḫa-ra ku-nu-ki-a pu-šu-ke-en₆ ub-lá-ki-im lá ub-lá-ki-im té-er-tí-ki li-li-kam 2 GÍN KÙ.BABBAR i ŠÀ.BA KÙ.BABBAR ša-ma-ma i-dí-na-ki-im lá i-dí-na-ki-im té-er-tí-ki ar-ḫi-ìš li-li-kam pu-šu-ke-en₆ ṭup-pá-am lá ub-lam,\nTell Adue: thus (speak) Walawala.\n3-11Pušu-kén brought you 2 silver shekels to my seal.\nLet your report reach me (to tell me whether) Pušu-\nken479 brought you or not to my seal two (representations of) wild bulls for the goddesses Ištar and Išhara\and a cup for Išhara.\n12-20Let your report reach me quickly (to tell me whether) he gave you 2 shekels of silver from Zuppa's money or not. Pušu-kén didn't bring me any tablets.\n,"TC 3, 106",386,letter
387e7404-e15e-9b0f-6c99-83d09adeb6c1,um-ma lá-qé-pu-um-ma a-na ḫa-ta-lá qí-bi₄-ma 3 GÍN KÙ.BABBAR ú a-lá-num KIŠIB-ku-nu-ki-a i-dí-ku-bu-um na-áš-a-ki-im ša-al-ma-ku a-na-kam ša-am-nim ší-mu-um lá-šu-um-ma a-dí ki-a-am <gap> <gap>-a-ku a-ma-kam KÙ.BABBAR ša DAM.GÀR-ru-um ḫa-bu-lu-ni KÙ.BABBAR ša-áš-qí-lá-šu lá a-ga-ša-áš ú li-bi₄-i lá i-ma-ra-aṣ KÙ.BABBAR ša-áš-qí-li-šu,"\nAin<si> (speaks) Lagépum: tell Hatala.\n3-18Iddin-Kubum brings you 3 shekels of silver and\nwalnuts, (as well as a) tablet with my seal. I'm doing well! There is no good quality oil here481. Until now, I stay (here). There, (concerning) the money that\nthe agent-tamkdrum owes me, make him pay the money, for I must not be enslaved for (this) debt, and be unhappy.\nMake him pay the money.\n","BIN 4, 228",388,letter
d0ca08ac-8d97-4979-9856-6dea8b2bb3cb,um-ma lá-qé-pu-ma a-na ḫu-ta-lá qí-bi₄-ma a-na-kam 9 GÍN KÙ.BABBAR ša a-ša-at a-bu-kà ḫa-bu-lá-at-ni ša-dí-ni-ší-ma nu-a-am ša-bi₄-i šál-ma ip šu-ma am-tum i-ṣé-ri-ki lá ṭá-ba-at a-na ší-mì-im dí-ni-ší-ma ší-im-ša li-qí a-ma-kam a-šùr-ma-lik DUMU a-šùr-{d}UTU-ší ṭup-pá-am ša {d}IŠKUR.GAL ku-ší-ni-ma KÙ.BABBAR {d}IŠKUR.GAL ša ṭup-pè-šu li-iš-qú-ul-ma KÙ.BABBAR a-tí li-qí-šu a-pu-tum KÙ.BABBAR ú ṣí-sú li-iš-qú-ul a-pu-tum be-tám ša-ṣí-ri,"\nThus (speaks) Lagépum: tell Hatala.\n3 12Here (with respect to) 9 shekels of silver that Abu-(wa)qar's wife owes, make her pay and thus satisfy (the\ndemands) of the Anatolian (creditor). I'm doing well. If you don't like the servant, (then) sell her and get her price (in money)!\n480. For an explanation of this marriage contract, cf.\nJ. LEWY, HUCA 27 [1956], p. 9-10.\n481. This translation corresponds to the text of the copy, 1. 7-\n8: a-na-kam sa-am-nu[m], DUio-bu-um ld-su-“um”-ma. K. R. Veenhof's translation of these lines is as follows: a-na-\nkam ia-am ni-q[â4]m, DUlo?-bu-um la BA um-ma.","ICK 1, 69",389,letter
da2e7e02-ac52-0492-2e9a-99a26bc53dd2,a-na a-šur-ma-lik ú ḫa-ta-lá a-na ḫa-ta-lá qí-bi₄-ma um-ma lá-qé-pu-ma ta-ma-lá-ke-en₆ ša ṭup-pè-a pì-té-a-ma ṭup-pá-am ša ḫu-bu-ul {d}IŠKUR.GAL DUMU a-šur-ma-lik šé-li-a-ma 0.33333 ma-na 3.5 GÍN KÙ.BABBAR li-iš-qú-lá-ku-nu-tí-ma ú ṭup-pu-šu ú-ší-ra-šu-um ḫa-mu-uš-tí lá-al-qí-i,"\n(Say) to Aššur-mallk and HataIa; tell HataIa: thus\n(speak) Laqepum.\n4-16Open the two tamalakkum boxes containing\nmy tablets; extract from it the tablet of the debt of Aššur-\nrabi, son of Aššur-malik, and let him pay you 23 z shekels of silver, then deliver him his tablet.\n1 —17You do not owe (...) my share of a fifth.\nBIBLIOGRAPHY: 11. 5-12 are transcribed and translated\nby J. LEwY, Or 19 [1950], p. 3, n. 2, and 11. 8-18 by\nMr. T. LARSEN, OACC, p. 384.\nNOTE:\na. The number of containers is imposed by the use of the duel.\n7.5.5. Lamassâtum\nLamassatum lives in Aššur, where she receives money\nin the company of other women (VS 26, 162) and maintains\na correspondence with Pušu-kén. However, her letters\nshow that she owns a house in Kaniš where archives are stored. We can imagine that she was married to a merchant who died in Kaniš after having lived there for a few years, and that Lamassatum is seeking to regain possession of the latter's property there. It also maintains a commercial relationship with Sat-Ea (AKT 1, 1\net KTH 23 = EL 180).","CCT 3, 50a",390,letter
5e93a10f-a4b4-40d9-b9e2-61eec83dd81a,a-na pu-šu-ke-en₆ qí-bi-ma um-ma lá-ma-sú-tum-ma {d}IŠKUR-ba-ni ur-du-um wa-ra-ad-kà šu-ma a-bi a-ta i-na a-ḫi-a ma-ma-an lá ú-pá-ra-sú ma-áš-kà-na-tù-kà kà-a-na wa-ar-dam 1 GÍN.TA KÙ.BABBAR i ma-áš-kà-na-tí-kà ša-dí-šu-ma šé-bi-lam a-bi a-ta IGI a-šur lá-ak-ru-ba-kum,"\nTell Pušu-kén: thus (speak) Lamassatum.\n4-16The slave Adad-bani is your slave. If you (are) my father, no one close to me should frighten him. Your",KUG 39,391,letter
9040b8ed-eb35-3372-948d-0ea8b20fa9e1,a-na pu-šu-ke-en₆ zu-pá PUZUR₄-a-šur a-šur-tù-ku-ul-tí ù a-šur-ša-du-ni qí-bi-ma um-ma la-ma-sà-tum-ma šu-ma a-ba-ú-a a-tù-nu a-na ma-lá ṭup-pí-im ša a-lim{ki} É-bé-tám ša kà-ni-iš{ki} tù-ub-ta-am lu a-ma-tim lu ṭup-pé-e lu a-li KÙ.BABBAR 1 GÍN i-ba-ší-ú iḫ-da-ma ku-un-kà-ma šé-bi-lá-nim a-pu-tum {d}IŠKUR-ba-ni ù TÚG-tù a-na ší-mì-im lá ta-da-na a-na ma-lá ṭup-pí-im ša a-lim{ki} i-na ša-ḫa-at ra-bi-ṣí-im i-zi-za-ma ṭup-pá-am ša kà-ri-im kà-ni-ìš a-na ṣé-er ṭup-pí-im ša a-lim{ki} li-qé-a-ma a-na wa-aḫ-šu-ša-na a-na ṣé-er am-ri-a ṭur₄-da-šu lá i-sà-ḫu-ur,"\nTell Pušu-kén, Zuppa, Puzur-Aššur, Aššur-tukulti 82\net Aššur-šaduni: thus (speak) Lamassâ,tum.\n6-17If you (are) my fathers, according to the tablet of the\nCity, concerning the house of Kaniš, be sure to seal\nsup what it contains, to know) the furniture, the servants, the tablets, the places where there is money483, even if it is only a century, and make me carry it. Please sell neither Adad-bania nor the fabrics.\n18-27According to the City tablet, stand with the attorney and take a tablet of the Kaniš kdrum in addition to the City tablet, then send it to Wahšušana484\nAmriya: he must not linger.\n","CCT 4, 40b",392,letter
ec09d408-96be-47c7-8e9c-ac7a31bf3427,KIŠIB a-šùr-ták-lá-ku DUMU a-šùr-i-dí a-na IŠTAR-um-mì am-tí-šu ù ša-a-šùr-ma-da a-pu-tum lá ta-sá-ḫi-i,"\nThus (speak) Aššur-taklà.ku: (say) to Ištar-ummi and Sa-\nAššur-md'da; tell Ištar-ummi.\n""'Why do you keep writing inflammatory (words) to me? Who do I have besides you, and all that is\nat your disposal, namely, every mine I have borrowed,\has brought my many deadlines closer! What do you think\nthat you keep attributing everything to me? Not only are matters as vast as the heavens placed on my back\nbut what's more, you never stop writing me (words) that are incendiary!\n16-29I sent you 10 or 20 shekels of silver\nHow much is my money and what is this cloth that your father would have given me? Aššur-taklaku and Sa-Aššur-md'da, and come! Don't leave the little one, and if you need a little money, ask Aššur-tak1äku to give you one or two shekels of silver, I","RA 51, 6",396,unknown
24de000d-ced7-a545-4e53-c3245671bef2,um-ma PÚZUR-a-šùr-ma a-na nu-ùḫ-ša-tim qí-bi-ma a-bu-ki a-su-mì-ki a-na ṣé-ri-a a-na a-ḫa-zi-ki iš-pu-ra-am ù a-na-ku ṣú-ḫa-ri-a ù na-áš-pè-er-tí a-ṣé-er a-bi₄-ki a-šu-mì-ki a-na šé-ṣú-i-ki áš-ta-áp-ra-am a-pu-tum i-na {d}UTU-ši ṭup-pí ta-áš-me-i-ni a-ma-kam a-na a-bi-ki pu-nu-i-ma iš-tí ṣú-ḫa-ri-a tí-ib-e-ma a-tal-ki-im we-da-ku ma-ma-an ša i-na re-šé-e-a i-za-zu-ma pá-šu-ra-am i-ša-kà-na-ni lá-šu šu-ma iš-tí ṣú-ḫa-ri-a lá ta-li-ki-im i-na wa-aḫ-šu-ša-na DUMU.SAL wa-aḫ-šu-ša-na a-ḫa-az aḫ-<gap> <big_gap> ù ṣú-ḫa-ru-a <gap> <big_gap> lá ta-<gap>-<gap> <gap> <big_gap> lá-tal-kà-am <gap> <big_gap>,\nThus (speak) Puzur-Aššur: tell Nuhšâtum.\n3-14Your father wrote to me about you so that\nI should marry you. And I then sent my servants and my,"BIN 6, 104",397,letter
579d14c4-4c8a-7115-e47a-d8728ecba8fe,a-na a-šur-ma-lik nu-ùḫ-ša-tim ú dan-a-šur a-na nu-ùḫ-ša-tim qí-bi₄-ma um-ma šál-maḫ-ma um-mì a-tí i-nu-mì a-na a-lim{ki} a-ta-al-ku i-na ba-áb ḫa-ra-ni-a ta-ma-lá-ki ša ṭup-pì ra-bi₄-ú-tim ša ḫa-ra-nim IGI a-mur-DINGIR ša e-zi-ba-ki-ni a-ṣé-er ku-nu-ki-a ú a-tù-nu ku-un-kà-ma a-na a-bu-qar ṣú-ḫa-ri-a pì-iq-da-ma a-ṣé-ri-a a-na ša-mu-ḫa lu-ub-lam pá-na-ra-am ku-nu-ki-a a-bu-qar na-áš-a-ki-im a-na a-šur-ma-lik ú dan-a-šur qí-bi₄-ma a-na na-áš-pè-ra-tí-a ša a-ṣé-er ša-zu-za-tí-a ú a-ṣé-ri-ku-nu lá-pu-ta-ni iḫ-da lá ta-ša-lá-ta a-ḫa-ma 5 gu₅-ur-šu ša a-šar ú-ṭù-up-tí i-ba-ší-ú i ku-nu-ki-a-ma li-bi₄-ší-ú,"\nTell Aššur-malik, Nuhšâ,tum and Dan-Aššur: (say) to\nNuhšdtum: thus (speak) Salim-ahum.\n5-21 You (are) my mother. When I left for the City (of Aššur), the tamalakknm boxes containing the large tablets of the caravan that before my departure I had left for you in the presence of Amur-ili, in addition to my seal, you yourselves, seal (them), then entrust (them) to Abu-waqar, my servant, so that he can bring (them) to me in Samuha. Abu-(wa)qar brings you a pannaruma with my seal.\n22-32Tell Aššur-malik and Dân-Aššur. (Relatively) to\n492. L. 21: a[m'-tdm] Wa-ah-su-sa-[na-i-tdm].\n493. These are the texts in Kt v/k published by C. GÜN-\nBATTI, AKT 3 and Mél. S. Alp, p. 231-234. See also the review of AKT 3, C. MICHEL, AfO 44-45 [1997/98], p. 329-\n333.","AKT 3, 77",398,letter
e3d0ba08-2eb4-64b4-329f-7f4972b11b37,um-ma en-um-a-šùr-ma a-na lá-li-a ú nu-ùḫ-ša-tim qí-bi-ma mì-šu ša ta-ki-li ta-áš-ta-na-me-i-ni-ma um-ma a-tí-ma ṣú-ḫa-ra-am ù ṣú-ḫa-ar-tám ú-lá-ma-nu um-ma šu-nu-ma a-lá-nu-šu-nu ma-nam tí-šu ez-bi ta-ki-li lá ta-áš-ta-na-me-i ù ší-it lá ta-ša-me-ma li-ba-ša lá i-ma-ra-aṣ iš-tù u₄-mì-im ša a-na a-lim{ki} e-ru-bu KÙ.BABBAR 1 GÚ ù 2 GÚ ša-qú-ul a-wa-tum ša ki-li-ma gám-ra ša DUMU.SAL a-ḫi-i-a lá da-mì-iq-tim ša a-na-ku áš-pu-ra-ma ir-de₈-ú-ni-ší-ma ù DIRI-tám a-wa-sà ú-ṭá-ba-ma ki-ma a-na wa-ar-ki-tí-a ṣa-al-tum mì-ma lá i-ba-ší-ú e-pá-áš lá-li-a ú-qá-a lá-li-a i-na ma-qá-tim pu-sú-nam i-na qá-qá-ad ṣú-ḫa-ar-tim a-ša-kán-ma ḫa-ra-ni e-pá-ša-am lá ta-áš-ta-na-me-i ki-ma KÙ.BABBAR ma-dam-ma ag-tá-am-ru mì-šu-um a-wa-tim li-la-tim ta-áš-ta-na-pì-ri-im lá-li-a i-na ma-ḫu-ra-at É-tim lu wa-ša-áb e-er-šu-šu áš-ra-kam lu na-ad-a-at ú-ku-ul-tù-šu ga-ma-ar-šu ša a-na-nim ù a-lá-nim ša-bu ù ša a-dí a-ma-kam wa-áš-bu lu a-li-ku i-lu-ku ša-bu-ma pá-ší na-ki-pí ṣí-pá-ra-tim sí-sí-ni mì-ma sà-ḫe-er-tum a-ḫu-ra-at-ni ki-ta-am GAL na-áb-ri-a-tim ša i-lá-tim iš-ra-tim šé-na-tim šé-bi₄-lá ta-as-kà-ri-nam a-na-kam im-ší-im,"\nThus (speak) Ennum-Aššur: tell Laliya <and> Nuhšâ,-\ntum.\n3-14Why do you keep listening to the slanders and\nsay this: ""They mistreat the boy and the girl\nand they (say): 'Besides them, who else does she have?' »\nLeave (that), stop listening to slander! Likewise, she herself should not listen to (them) and not get angry!\nSince I came to the City (of Aššur), money\nin the amount of one or two talents has been spent, everyone's\nbusiness is over.\n14-41-Regarding my bad niece\nabout whom I wrote, she was brought to me here and, I will also\nget rid of his stuff; I will do my best\nso that there are no arguments behind my back! I'm waiting for Laliya. When Laliya arrives, I will place the veil on the young girl's head and then I will make my journey. Haven't you heard that I spent a lot of money? For what","AKT 3, 80",399,letter
580181c7-d386-dd6d-ef77-2dfd7a96898a,um-ma en-um-a-šùr-ma a-na nu-ùḫ-ša-tim qí-bi-ma mì-šu-um a-wa-tim li-lá-tim ta-áš-ta-na-pí-ri-im a-ḫa-at-ki iš-tí ma-ḫa-tí-a ta-pá-tum-ma a-wa-tù-ší-na sà-ra ù ta-ki-li ta-áš-ta-na-me-i a-na-ku-ú ša-al-ma-ku-ma ṣú-ḫa-ra-am ú ṣú-ḫa-ar-tám ma-ma-an ú-lá-ma-an ú ší-it šu-ma lá šu-nu-tí ma-nam ša-ni-a-am tí-šu mì-šu-um a-na sà-ḫe-er-tim ša ki-ma áš-ta-na-pá-ra-ki-ni mì-iš-la tù-na-ší-ri i-na {d}UTU-ši ṭup-pí-i ta-ša-me-i-ni pa-ší na-ki-pí iš-ra-tim šé-na-tim sí-sí-ni a-ni-ki mì-ma šé-na-tim ša za-ak-ri-im <big_gap> a-na ḫa-ra-ni-a <big_gap> a-na wa-ṣa-i-a šé-bi₄-lim na-áb-ri-a-tim ša i-lá-tim ù ki-ta-a-am ra-bi-tám šé-bi₄-lim a-na a-wa-tim a-ni-a-tim ṭup-pu-ú 10 i-li-ku-ni-im a-wa-tí lá tù-uš-ta-ki-<gap>,"\nThus (speak) Ennum-Aššur: tell Nuhšdtum.\n3-14Why do you keep sending me crazy things? Your sister (is) friends with my niece, and you never stop listening to their false and slanderous comments! I\nwould be fine myself, but if someone were to mistreat the\nboy and girl, then herself, who else does she have (to help her then)? did she?\n14-31-Why did you put aside half of the me-\nmerchandise for which I never stopped writing to you? The day you read my tablet, send me pasum axes, hammers, a belt, shoes, sissinnum brooms, rings and different pairs","AKT 3, 79",400,letter
